elec_demand_AZ,elec_demand_CA,elec_demand_CO,elec_demand_ID,elec_demand_MT,elec_demand_NM,elec_demand_NV,elec_demand_OR,elec_demand_UT,elec_demand_WA,elec_demand_WY
19479.36821614585,33881.06349140854,16493.882261086503,6831.293998311312,3617.7346623754365,4104.553972440501,9782.093274834471,13238.730089571754,10080.577635814017,23170.575229206937,3236.6278777422885
18171.389792156064,33436.02682820581,15599.042066621127,6522.76726505917,3435.599816397845,3915.243329230531,9691.051247388443,13028.25728844731,9658.33314225711,22872.433813628228,3116.0552860937055
16626.993301054048,31256.384931717275,14331.831303911897,6081.264093668653,3191.0357878983286,3630.248623561482,9264.681647186828,12402.64262026753,9023.841305795373,21766.604435698126,2968.315607713223
15013.905825446713,29288.706019725632,12860.75702606393,5565.029596599355,2874.875599799061,3290.9972625465384,8806.101999650762,11653.60096663228,8202.797385602495,20527.975216308907,2788.7708079696654
13512.317927412822,26603.020961518298,11530.77096866675,5050.391434391104,2619.0332346548444,3030.519734115861,8213.003747542301,10663.944248299993,7462.115277446422,18821.80451597458,2576.5387017714957
12608.35104580588,23464.374053705793,10914.786720478949,4635.434196618431,2442.3600550530855,2860.308129679715,7469.46368837478,9655.131729699464,7019.711135052856,16924.8674757594,2505.414833794753
12037.515273876113,20519.31398611018,10411.53690841193,4418.592734269588,2332.3031811931664,2784.177242359608,6748.172750389573,8801.137854988958,6723.272263373692,15214.136576212924,2483.3559926492594
11749.39982214592,18765.045856388213,10132.665601908675,4295.202116578441,2245.8006636309024,2741.1085536452047,6388.600227866166,8258.862516317447,6531.32574691056,14234.386779788212,2423.204115110429
11853.458992354841,17549.92490960463,10073.934313899263,4237.564267193511,2248.7995560795357,2791.0781757935697,6117.692259299712,7971.515498727489,6485.983712404459,13730.688352193918,2377.2574725832433
12626.64301014414,16735.735411635866,10487.474386121825,4366.420860585655,2347.065380829975,2901.1340935291723,5953.864069607679,7766.030213981889,6740.184969596537,13370.253947142668,2426.252170244124
14250.511075820905,16518.12789183387,11712.61222212299,4826.089256926512,2681.5851555865534,3226.3720713827997,5920.416630211336,7892.511259363129,7509.813526819204,13638.668573970725,2545.474253115365
15839.565420350009,17308.057831589143,13341.969883356502,5527.526407717094,3112.210343755182,3522.6999739760345,6290.004110103108,8670.760775651224,8631.986276017073,15020.05062782428,2807.88439898137
16948.40585068213,19919.258408203666,15095.425119215226,6154.882868950044,3432.4362808540877,3826.9305223891483,6898.510032794721,10033.489853278561,9610.986035293257,17459.177843143436,3094.3644581598887
16816.006184466147,23345.802409756398,15200.359467878405,6373.945218969868,3505.038574351743,3827.519366168238,7554.93885685683,11371.189660676266,9693.341907735508,19857.164016669194,3070.8062609491735
16104.502063178217,26533.467714500388,14543.684399817288,6267.757303052448,3416.7931134859837,3685.2380813953882,8291.217003298292,12160.179030122263,9390.345666379453,21385.281217708733,2966.2969058194058
15470.705637547171,27341.01119916874,13695.676320141372,6121.217395890839,3262.2876798012744,3502.0431199446252,8535.808015435217,12300.903965121428,9073.575997548398,21533.32541158848,2891.075445245196
15399.198317652012,26051.526451815367,13348.855205001413,5989.669352372333,3229.4928852688436,3430.007016175518,8242.457890775802,11996.128311996716,8881.477860407003,21047.146568829514,2827.137650540733
15626.039366653587,24828.849314673334,13229.63711696753,5930.740175966571,3210.344364536642,3397.015962160277,7844.4848060336535,11571.003240326576,8742.500640877766,20145.655796142488,2816.138195460005
15640.615494334525,24616.92603096989,13175.9489468253,5865.000928878003,3182.208041459285,3356.0161579856144,7776.583287263303,11453.957924102873,8580.640817897332,19943.534564161168,2852.309011300744
16464.5002659549,24732.9562533185,13715.473945792042,5943.635883499997,3262.124515603034,3467.1418975387182,7677.129280498416,11424.139585963803,8795.566305898463,19741.5631073831,2917.3019908403694
17428.157321784754,24514.374204714342,14788.51333394796,6218.587687533343,3469.562283722332,3672.233830752598,7603.04397121782,11413.149938315844,9242.413376638913,19616.52402226245,3072.7260253879144
19164.022628224495,25714.92092773473,16456.481099839402,6700.4584206309455,3752.7548461410042,4057.888123734503,7784.187479752962,11780.534677283475,9960.362705051522,20374.190519026302,3265.3938530176774
20610.338371954917,27929.28019345409,17403.453387497168,7123.288161071436,3975.70421864233,4299.103033494713,8449.225902330652,12657.279001891238,10496.85487238122,22102.00104520265,3432.7544960125247
20315.549743032734,31444.120743695417,17349.82650463243,7192.37971347421,3942.3901639642904,4259.123652178448,9367.482638239006,13508.078432055849,10535.503563084803,23744.288713939855,3394.7750196262996
19296.40541163876,33417.82577708003,16480.66919223878,6997.861208332371,3754.0908467810195,4064.5698543823914,9750.225271242865,13906.952603772828,10151.659408356878,24656.027853231502,3304.5929338690394
17986.617588551166,33263.01205591748,15491.03852270546,6681.70130733941,3589.5987582223875,3863.2606557801446,9722.052039759821,13806.526219940792,9744.381183963198,24389.64183689909,3182.4317204175372
16499.875506737655,31253.523756368584,14254.995182072624,6276.917869599164,3316.9136690521714,3588.360955220076,9290.961385632003,13185.584929050285,9165.763912171611,23322.456114203414,3021.1884233536043
14884.371211615842,29303.679609286915,12758.729546244083,5738.941737670453,2970.4688138224137,3262.0064327521422,8902.143706999139,12397.960721673337,8396.611116215725,21974.025445857387,2827.877928749537
13427.638978156914,26564.30290419496,11624.055465206842,5264.659732138813,2725.949198783813,2964.4664789130097,8285.65406282283,11353.21720489194,7839.500544922563,20103.70827912356,2700.743109555624
12396.88837590917,23403.107453952376,10836.464677116379,4908.425349438819,2526.5570472666545,2785.316597793505,7511.810129720616,10294.98259604601,7465.972205065323,18146.945220063437,2629.946480411124
11811.719012440164,20696.607907811533,10432.040277489936,4712.756222872223,2436.2450745416363,2681.14525243701,6816.462580494388,9290.074017551984,7168.984812828627,16294.843195770707,2580.2871063271336
11565.098441862954,18781.116745622603,10036.09232277451,4573.212005946356,2356.955288773148,2665.146136882188,6396.142924376769,8730.568979979531,6947.669830102499,15391.469889487564,2507.1971595158147
11684.635160793916,17431.904486185213,10032.12989390056,4514.428472399081,2347.9590956803686,2679.081478571594,6103.060978214055,8410.510923273361,6941.269397681368,14809.651568219715,2494.245163672533
12555.87215149838,16652.44016134624,10498.620418676099,4692.569056407547,2447.020098697576,2803.1061242256596,5957.192312870934,8268.510649787308,7217.4399565151425,14538.724136554105,2565.1926271454076
14203.238975574994,16505.879305043003,11882.631482896995,5169.888710059546,2796.400090863565,3088.334946540443,5891.6040654741,8398.036349314232,8000.036852085228,14830.178946215568,2703.5127185316746
15672.230248806705,17246.829731263075,13509.91369552998,5903.5971464229915,3224.1296584444244,3415.7976999437146,6176.958113862788,9186.547150886761,9167.313408449958,16178.490074444442,2934.932990118675
16747.52810643364,19882.346150336965,15395.424900697286,6533.710094325329,3554.6364547631965,3684.88740832036,6862.552042498888,10562.961975555414,10293.893733197667,18598.82883068982,3248.5094326862195
16821.028609301015,23442.3764219986,15657.738127654835,6715.834068990568,3573.955417332626,3681.4814408096845,7532.35790514047,11825.076298428994,10362.28686108262,20890.029168990706,3244.9244357043385
16052.796010831942,26805.60966859868,15015.677305118896,6555.871128055078,3479.0708230660566,3572.2062103873527,8300.413531983731,12642.773617441851,10051.5355328537,22249.15292139005,3138.382727244695
15429.0005379161,27476.49051393502,14215.11106829525,6274.384164874289,3359.861830456302,3435.043966754458,8454.149744636086,12767.147786179237,9615.542272259529,22360.047161225808,3047.1999771650844
15365.089895734653,26321.414264774994,14010.045119638853,6098.246496645849,3278.437304274507,3380.028560083979,8244.851102417406,12329.61936854452,9495.533092571364,21494.858942894843,3012.129089835423
15420.393473102256,25126.862630287516,13898.59858309734,5989.844944904478,3210.1783041690105,3367.016104977037,7909.972297403167,11849.903454609419,9320.790880616394,20566.441743085412,2970.130938579768
15449.735853808716,24836.024529603153,13874.427363781018,5917.115634022011,3182.208041459285,3342.0162259578788,7774.586211782342,11582.992271771127,9188.275523544231,20191.76457732776,3042.3950703714195
15902.027921502688,24763.75321728852,14484.793364842846,5999.747038036856,3274.613094148338,3495.1110573884766,7724.256828319337,11500.068633543007,9327.114571448215,19895.877198081136,3057.393089541193
16730.205512730823,24528.67733383989,15697.507372113725,6275.097167121624,3482.8890969546205,3705.045330720408,7609.236439095329,11446.273839952191,9668.393536350899,19733.57020870773,3212.5270727017464
18431.01392299777,25572.378035249305,17414.08560056639,6822.881075665523,3798.2124665056876,4066.775541058754,7940.5519981682555,11779.706651595287,10452.948606308719,20540.68064043428,3430.641798801875
19891.670450710575,27771.2972855839,18512.825950354385,7272.015690831571,4011.839284612618,4265.898397096438,8630.548952817666,12669.440557774735,11153.532636918326,22199.233082235427,3583.7898192761145
19914.621792189217,31448.27071259809,18492.382398510297,7372.268035439019,4020.012393064483,4230.807784677375,9394.654294705575,13589.337175078053,11237.082959350628,23832.253164244175,3580.0284103910417
19017.897617773666,33681.77357352089,17522.50310143608,7186.95232101719,3813.854802153463,4038.580352890541,9817.319438999406,14106.432736925453,10852.021459220774,24764.0065486369,3443.635335320315
18011.11757426943,33572.199732631365,16666.144320734435,6882.9890854327805,3629.721526309965,3813.18663463158,9807.88004488497,13989.407015667486,10372.912456910437,24548.549439912284,3321.4748850676656
16629.621983254172,31630.71312421758,15505.205801604101,6478.995353787871,3361.3470865511636,3516.290623621116,9424.153912291848,13327.129254093212,9819.250533578168,23377.927407988987,3160.232583608448
14999.039609303127,29771.713879459723,13988.30023460439,5980.163339260606,3038.5584939709684,3230.9285739738852,8910.909325830651,12526.261438738433,8951.085245209708,22080.249659252593,2948.8407172430275
13507.738053671192,27159.69541845236,12910.041270726893,5498.698669250063,2795.1771364093906,2981.597581926658,8351.75156139776,11507.028408542867,8273.005745736637,20278.202404881307,2796.638275306183
12559.230068715471,23999.523211054326,12085.375927225092,5116.5148852520215,2602.635654256475,2800.314867138761,7600.660911617505,10396.209047375005,7827.181301476063,18231.52925465605,2703.5127185316746
11905.503975125508,21118.186179915545,11644.690732335703,4916.856998854916,2495.329854267872,2721.2243541110997,6917.5083181720365,9393.129846300044,7552.950430182129,16437.019588769563,2663.3896476253235
11549.456667675327,19134.840179485476,11210.82404709292,4772.979524104606,2412.9322640175105,2687.1449235238565,6450.069914705368,8830.478308372987,7343.052246424427,15443.279211473204,2608.2839620398327
11673.482944185442,17831.45318028569,11106.819269558633,4734.853690528035,2387.9424042917803,2689.110678667689,6214.751958204593,8512.287518238913,7358.422221162846,14891.452750150955,2565.2382517730257
12377.89169559147,17076.343697491106,11632.563872454719,4908.512113314471,2515.9910343608844,2813.138344823934,6009.968937151647,8354.717298497371,7639.39531271082,14611.058758906012,2620.3369714375613
14097.510960861815,16747.51991108178,13140.230754686672,5408.129498797082,2850.7304215901268,3120.384982486105,6024.4729244149075,8524.209149220314,8443.144494748674,14844.931663422105,2800.637336916222
15621.681737483106,17684.326262571645,14848.240395759974,6165.983975639703,3286.4954155249256,3487.8580614947396,6311.822972219019,9271.493852111596,9665.503658772252,16141.510415732853,3022.9049118815215
16894.953355760896,20488.655100701464,16897.67977274142,6817.880969054463,3651.5338652702303,3833.009318086521,6974.594135246144,10690.874443372255,10852.67779445265,18609.576091215196,3360.4375322217065
17163.70561082232,24049.198714784918,17194.377080563296,7015.951663739072,3707.5036287644657,3920.5653345932606,7707.685125846515,11961.657810385781,10925.76064512165,20843.92333007552,3351.0673093339456
16593.54238850834,27435.48486792749,16530.589165063393,6868.6233007838855,3577.950701520907,3858.267028627822,8447.582626955922,12788.267981435023,10592.081094002351,22191.217343747416,3247.484182787878
16067.252802006913,28193.279600203736,15545.90718900277,6589.1794268456015,3400.4706797037047,3739.079323601728,8652.443005074118,12944.113515489824,10109.381959161477,22422.318938085813,3165.7040775320543
15864.53067175109,26775.749832948015,15184.613418196142,6302.822188169533,3305.407427286706,3673.041099622403,8413.191120048416,12468.799588358153,9658.88444083665,21463.048852880802,3052.199644463321
15971.760223333806,25443.185404010073,14947.389295319343,6156.994873027093,3262.2876798012744,3615.0266938456903,8097.281895275242,11880.727396829787,9408.678190202267,20342.781453672425,3022.1630868362763
15822.65185531739,24956.877990140714,14859.116716835526,6058.297669519341,3215.338829287712,3622.0266419890395,7959.095431381511,11522.04827962784,9356.839426908233,19784.28348144126,3053.393615817814
16328.591503209254,24843.51116567876,15308.56457697646,6112.779773830739,3315.565487118151,3783.1299115798997,7879.2166430752395,11422.296716738298,9498.901972475862,19595.15170243082,3124.569515566555
17358.63531333576,24571.309022211644,16525.280368654006,6346.389026955011,3536.000785456164,4021.0403429041667,7753.616461465593,11349.366930762462,9822.540114722486,19441.295628350563,3244.9244357043385
19064.12541144436,25621.22498768192,18173.47835150243,6961.85444843495,3853.679222588679,4368.748440145779,7998.245974462212,11776.584264221921,10749.496286011872,20224.04289892622,3519.7092487821246
20361.9274087316,27831.444744647644,19392.232082294853,7432.160897850618,4093.7357507286956,4573.971439965921,8693.006185106982,12726.725205116236,11439.104485427266,22011.15703326853,3684.088802536538
20300.59145407084,31703.73158645256,19235.103322512616,7577.5478062042885,4057.9621649643536,4520.889831111748,9559.342775648978,13742.685867666238,11447.085264709109,23732.01940441387,3687.1847471103556
19393.93888683476,33962.23841923447,18324.103588252572,7439.363672361495,3907.257891239173,4318.569514002144,10028.126430746743,14287.748964056933,11095.930641257934,24674.131754050704,3551.6931876633835
18415.352249252704,33792.670878015444,17378.925627036602,7113.809382674685,3722.7870304498388,4098.273687522903,10025.5879882816,14141.818901709306,10680.198606495036,24432.5211153515,3428.5329292440747
17135.992721023507,31854.959846821097,16086.017785282727,6714.227514306252,3486.3797534898895,3794.1927828147304,9668.8005321883,13518.06571659776,10065.670608046608,23450.19785091776,3281.284062129634
15404.297082882154,30088.590944665488,14502.979883686385,6185.834965944982,3173.739407399949,3451.0353357412578,9212.232455377201,12751.694374312956,9206.487494438576,22161.504784589466,3058.8939065030468
13990.368058355882,27495.964474864373,13220.765814573935,5676.023704119334,2927.073781181476,3166.561766349149,8682.811638212372,11716.952573088134,8481.604919357418,20428.02059095084,2875.6965165439683
13048.312672313063,24321.819468067933,12390.896622631997,5284.475577569697,2737.4316260941273,2977.34769496845,7897.589651774642,10667.073416102889,7959.159489045618,18455.276921668883,2804.5627694493905
12388.253122455095,21238.444333428328,11935.21669600032,5058.681567739248,2607.1600285778095,2859.258576605418,7236.434745292224,9643.411678252958,7712.099905621919,16673.948444522033,2765.0911618108494
12059.071849442797,19278.300429226656,11481.194090628556,4902.839218715566,2540.883586122306,2837.1371588753536,6806.7942620408785,9067.83845306838,7543.935225635708,15741.321549090044,2666.3310325472744
12058.896847366785,17980.457120605417,11313.089408574044,4873.706687018918,2555.8782124130694,2841.1046882470455,6535.242699034781,8785.08195595178,7499.2117245624095,15180.377781717432,2628.2817579583007
12818.770825370859,17109.157478381785,11803.869269684572,4998.273076404809,2664.13420423764,2955.1316117445854,6402.541050796812,8605.157746105595,7764.407355495435,14957.714191854126,2665.389348399214
14483.591712748745,16840.295318933662,13252.445280194726,5496.201048447022,2985.4168285436235,3248.369499488371,6385.90838271245,8799.676844049105,8552.176063681743,15340.011426200856,2840.6281025741637
16255.123359163308,17676.474888119497,15049.729035877288,6262.360120658118,3431.2506178870094,3619.8258513435094,6630.143068493848,9614.28879276689,9791.498019421111,16736.53771508439,3076.976666863677
17704.435057210896,20238.02343515646,17183.797371670556,6942.70971038164,3824.6797910121745,4023.0398094992147,7264.605357714648,10992.42569482071,10926.758680735647,19237.45261371441,3395.4414416456702
17756.148680140857,23755.5310059604,17459.529033756906,7183.319205050276,3881.288309861641,4066.6041239760953,8017.009178211126,12331.069926336715,11022.796645501434,21575.631032417965,3412.0475748820554
16984.154214140446,27272.766989474923,16973.85586278728,7024.785394747399,3800.210101976665,3970.301177005608,8906.061907010217,13250.775689331213,10694.903385265385,23112.072872243298,3321.4731460159715
16204.627286644083,27974.01621143483,16105.415976707596,6734.529454870008,3631.7193459441264,3825.1013815519923,9171.034241674493,13392.944607742333,10227.39489592151,23162.82459906341,3201.274720673558
15761.295811541775,26876.95662820058,15585.191998167622,6476.138552634882,3519.8455141757463,3718.0585365424404,8924.60086260453,12856.891395333914,9915.671251354894,22016.980856642233,3122.1951002307937
15650.831974828274,25736.078062212895,15397.667543513255,6288.838376539591,3434.6009322761192,3677.0410546269695,8617.491982281765,12258.845718332512,9628.72702034002,20752.5772783418,3085.1974760943885
15371.463247839709,25358.65745583262,15285.649836725115,6176.693457302896,3392.3145936468036,3636.041520553689,8480.691491216538,11850.605472295678,9518.547829244908,20107.838637770536,3084.389573654143
15781.99801243978,25410.729579542305,15703.150982174062,6217.824122131736,3476.723373062007,3721.132100895336,8374.850673547435,11614.811918358655,9581.521847509628,19733.48488042244,3102.573660623281
16548.660719908337,25203.110560350564,16814.616785906703,6451.224577631559,3664.023067608838,3928.065765370957,8376.847629999267,11486.081629020919,10011.387295961478,19551.5017153046,3235.9270917741082
18459.87808137168,26313.289461175984,18408.921918836175,6999.001206378972,3898.4430613538534,4312.772045910949,8628.060743251343,11962.839293196796,10809.359848713219,20386.719660095503,3512.039960923459
19755.723898974815,28423.848593770195,19471.54268997623,7423.610240254963,4114.25820348422,4536.988178338247,9345.57539370231,12902.51086668363,11352.062485364997,22231.242511397228,3676.3496548905373
19745.273763007892,31648.518106264608,19335.86261542455,7522.430641620122,4116.255465414146,4488.010787792856,10054.316035737565,13753.12900116824,11267.269843185868,23938.660493250925,3620.1274968380926
18896.455079489908,33694.74941568088,18339.268428049436,7301.397279035688,3936.0553122085144,4281.583588162639,10485.588453548275,14259.033601043953,10876.941077085316,24827.487051108998,3526.8764346312505
18040.835880652226,33378.34431430986,17463.918399100425,7065.522601256087,3748.75910574104,4098.273687522903,10342.641105387447,14029.5976173226,10448.46969815442,24482.452108706068,3413.5399464218613
16867.743440322633,31276.131903870817,16339.58839263587,6652.916529662662,3573.615893494129,3789.160327464038,9906.797719207945,13439.16672027759,9892.331018988063,23473.350097593055,3246.73908574208
15361.059306226973,29525.359839881934,14789.769148927904,6207.204561215588,3273.954224876543,3437.0157756320446,9453.663529127869,13071.58795144215,9040.60119393027,22865.850358081265,3013.907705697924
14022.68919866833,27241.6106446195,13351.59043156359,5668.837279064963,2985.0314072375636,3107.093640384288,8865.919976537305,12162.995710927255,8024.913759511395,21348.818195962405,2773.3179960756897
12791.639963577405,24119.94506459274,12581.330162301483,5219.561955376445,2792.519251131027,2936.243025191781,8093.886266269871,11027.96052983299,7585.318991044155,19490.579288450106,2688.1448688497644
12176.064948089728,21036.08304040316,12112.575693319355,4957.805243667875,2671.351022763512,2808.4690721902807,7074.904055118004,9896.634308293873,7184.107494417149,17509.85750177866,2643.0826002618755
11791.098045737035,18976.22795360397,11706.998043597503,4772.648689330791,2569.0712337208506,2716.6203131709576,6568.032023956131,9290.426031791423,6965.030101145947,16436.635262458523,2539.0094874143497
11446.021085039536,17556.932112249102,11269.398137537466,4675.425222289364,2518.8915875949383,2693.7786597062905,6206.254662628012,8837.061676697569,6822.065964538805,15701.475948150148,2495.009655355647
11590.680277705997,16607.28978206735,11285.8696065414,4676.957313533976,2529.707842000024,2709.6218704101225,5965.373329174045,8631.660936936845,6820.876780009207,15316.135138503867,2471.0
12130.847809297253,15903.665136606967,11631.544376051585,4841.6712277062325,2626.7647415822285,2810.8266250839097,5835.880623893986,8560.821350762619,7058.114732470637,15121.249491298646,2512.0023929804847
12922.369144016411,15828.39433786498,12518.773892674639,5148.289707841062,2835.164035852758,3099.0480409607108,5821.59749085175,8659.453852044942,7611.436401229228,15418.883112247311,2610.0579896306435
13988.460520326325,16569.65220813863,13770.21357256739,5547.5366846406505,3153.5568916842844,3409.028315788887,5967.766614288622,9120.796565413682,8319.39321988073,16188.271316653298,2766.019622086553
14784.432786882708,17872.898973221265,14268.853603375645,5904.432194793009,3266.2335030204654,3580.2881216622327,6210.452050180548,9951.988368027643,8732.953289950025,17700.45561865844,2909.051981012514
15048.555081853328,19882.126714146372,14673.669612183725,6100.247482441311,3431.664379769167,3650.3280625912516,6665.4276557840585,10795.803770828838,9022.57709522655,19393.809908898,2939.0506357199656
15148.96804812838,21357.533402213234,14611.865322716665,6167.338602047262,3489.0611810396535,3630.284085620934,6954.299997543263,11392.169760709667,9035.382696674564,20417.77119364069,2952.072483139701
15473.284172678308,22377.639529316108,14994.614150996302,6187.320339443493,3526.5010869391976,3704.423215946473,7159.891060649585,11642.869381721966,9256.73764727279,20847.072122448837,3000.0496140747073
15690.755706890774,22736.649536664296,14957.895955202643,6270.351490784772,3505.523386951111,3734.532599158247,7303.562137200658,11657.336807146345,9269.674471952058,20703.53078480405,2999.0179223316018
15658.397909361964,23851.109027892664,15109.106696699146,6260.7665889398095,3546.987545909891,3682.280006364777,7442.611129885109,11749.741230165839,9372.593037058554,20999.866508264684,3041.071689267345
15849.702637891427,24468.615493067053,15268.541049118185,6246.971592584801,3579.9483478291013,3631.041578098512,7535.15933626913,11657.37557951364,9427.148340990836,20958.3203679257,3044.0496578744246
16358.110365046738,24889.780560378247,16134.08167980933,6426.064156872826,3728.4765016409556,3652.001645037436,7573.888604509974,11755.45574080284,9681.675098450833,21170.53886922367,3211.527568589424
17784.334192532016,25398.747781903803,17475.424708616203,6784.113771516005,3938.222182127867,3912.075786149136,7699.499295702852,11863.30489032717,10193.870058677889,21405.02806315127,3279.1861878961117
18568.522487775033,26876.64103701392,17811.05634198823,6947.669830102499,3973.182578468147,3990.1521552656077,8321.165525371478,12570.838573837204,10420.569324388305,22569.625302910856,3351.813393652972
18418.94192683589,29184.556314227575,17884.592119011784,6943.884834216574,3910.254409143312,3991.123068954238,8859.568990863085,13203.609559894596,10393.866353371106,23611.580320794346,3339.5755264489567
17875.36495862705,29789.682719165103,17177.913191721054,6800.499202298124,3795.0437688383295,3856.03913722278,8939.856974479022,13247.518901940712,10064.672738104844,23660.02159928178,3251.6849304528214
17146.891512921506,29463.900945887766,16629.635597571825,6540.101454893953,3649.6998370118663,3705.014630178841,8857.572550214629,13118.116888648694,9753.682932456526,23508.050651117006,3124.569515566555
16221.317205641584,28565.840167070197,15677.234706260884,6251.750633215732,3476.2296377158927,3512.0429963446954,8688.801333047646,12727.319961437055,9265.36635160408,22750.62948066535,3073.268867373532
14821.905185994989,27463.288126885924,14375.77623042026,5824.595331273584,3217.6997917153835,3232.0,8349.328459033097,12174.393155154612,8625.362718009126,21866.037266610936,2923.8107116026476
13390.153735329557,25650.06386795014,12754.337856261158,5346.5333802294135,2970.042199127991,2918.0996383436604,7885.226350046408,11473.89987837927,7759.087611228688,20532.782149555565,2696.3272708569325
12468.640224738607,23402.687239418276,11928.36915572151,4950.556736040009,2785.7728100174936,2722.3643964394846,7300.915618217037,10675.550654132207,7337.898823006748,19150.550409271826,2608.08372080473
11813.785718270008,20817.412140893146,11419.8365272463,4710.398473918267,2652.479639444124,2613.644043834085,6708.231526518801,9776.605859437112,7014.35606957114,17410.625354049043,2559.037790290243
11408.24518822719,18816.439447879486,10945.183939504333,4599.006688529814,2563.9717734948326,2527.7445324282567,6255.773235338378,9181.206581127795,6775.524160477575,16335.578262723458,2503.0
11054.151204096643,17292.416335529975,10523.596988593537,4491.290243018067,2496.998871044781,2488.9297364497656,5925.398248489176,8752.820238442528,6645.1294118911665,15678.498469941947,2450.0024536531027
11108.112491606413,16299.451268460998,10458.257237816126,4465.844996835997,2495.806292040801,2496.926864033958,5656.360233748451,8512.932262873312,6691.489730834712,15291.854663195421,2435.0
11615.301862036473,15576.81410924152,10757.829497572926,4559.91148840217,2594.774491001645,2578.9887721983923,5528.703046860669,8412.653916724195,6849.836488707352,15070.148733376227,2440.0024637283277
12296.274314149225,15497.526495758477,11348.298876880812,4863.556406856022,2792.0802032442793,2855.101812138642,5532.549685193013,8550.258076627799,7202.868052583212,15435.197619316838,2513.0216086348173
13331.216759380504,16124.021922181511,12477.95094170132,5238.820432560642,3082.5943565745315,3140.00766609794,5664.883204140343,9053.84960407461,7804.598106292383,16238.831266310159,2651.002267287982
14250.227059239753,17309.199318690735,12935.471370962128,5568.288692987218,3229.2604342839904,3311.222721457415,5946.236373294651,9781.693548284415,8170.221713308679,17629.530018486235,2781.034753207732
14540.116019018635,19289.179492526382,13232.525776419507,5734.820165326701,3358.350264864598,3366.219025880704,6426.515071021089,10596.682457770637,8431.703981298066,19242.864089083425,2778.0343265597294
14728.14805637797,20634.031258287527,13093.252646011919,5822.04445760115,3386.159961308303,3374.26039688709,6758.333812755258,11118.119761691785,8478.297201553016,20109.29064820001,2775.4140331042163
15233.662346946132,21665.166422093014,13493.335429640481,5942.553042183425,3465.401513950281,3450.2991726606174,7089.801240696553,11284.116883148985,8769.719694758483,20302.34375970804,2863.1323982943436
15597.908533175569,22350.04788729344,13498.960806020952,6054.760238828143,3456.576541670649,3511.5052904033146,7190.185810836531,11298.895473097904,8798.051798727327,20098.17908055321,2904.032846698216
15643.015325676759,23520.85332986765,13658.595155648703,6115.224964836475,3500.224689739144,3488.2112506130234,7482.919743619865,11571.431433476566,8952.40537953382,20563.511165792595,2992.0505276943586
16088.592405926858,24162.018385575877,14019.897035759115,6186.680143054366,3573.955417332626,3425.0281827859667,7555.324029803575,11755.968752230589,9045.10051207848,20639.903979049748,3050.0495594338545
16660.93515382486,24786.12010809537,14928.633927166587,6393.915136558854,3719.3080379429657,3504.0017146122677,7632.798066253462,11947.566399821711,9349.96721589331,20886.134981381616,3204.4214843065483
18071.733811171292,25412.11897653428,16152.513652283538,6739.980725469929,3989.3350336899243,3762.057846771643,7816.13361566485,12195.788963573319,9804.28264132943,21315.715554724473,3274.9156910123
18973.142540735567,26859.67626808168,16515.07270027622,6923.5028777352745,4043.2733774308454,3848.100769645941,8405.232544568089,12876.436068290217,9984.84465033351,22665.86884466778,3347.3583587698645
18694.14573653092,29224.4889957239,16560.129732523408,6936.109207002154,3993.1602795831745,3826.0775043204862,8881.104676410547,13472.045473169608,9976.103393746407,23944.25400182245,3337.2616943757703
18081.443519711847,29953.036266431023,15997.373436890844,6803.494205810556,3905.9215871355646,3733.0258458141716,9029.696820297688,13511.745867557236,9681.310560076869,24168.440598458565,3238.616354630762
17141.295579348134,29813.280181798607,15477.250340148858,6541.687268584319,3733.7751656784417,3550.001692365514,8985.774684254402,13474.377678177483,9314.962494765892,24007.477548396037,3182.5588694499957
16081.988645775467,28921.428948534507,14383.56189419472,6204.209357617095,3514.3511689516554,3414.137609618498,8651.07972735398,12994.33265953842,8793.420019164723,23185.961773917592,3024.9940510856804
14576.406304706094,27547.92875259858,13168.838989947875,5759.29450964699,3222.84738024595,3148.867529632517,8358.31295054915,12000.124012867362,8236.5383444211,21553.408855774134,2846.7038295453904
13003.893061623538,25709.538894150726,11836.501626426229,5284.233433015017,2970.042199127991,2896.477703286335,7906.191302085245,11197.837392390193,7710.301865112525,20085.502310078242,2679.66700071599
12274.059162200745,23370.53203152493,11048.167168341392,4998.301411898389,2788.7708079696654,2721.2719427853767,7372.59985517831,10364.912538539871,7287.643293701793,18456.95046114503,2625.5283707027556
11667.900034334738,20649.4820153218,10592.670950932012,4790.023336088429,2654.246796634619,2632.187644160292,6772.332173645418,9499.546799007692,6973.471136563988,16826.34665944594,2570.2882462291022
11425.427979406692,18742.799740758746,10178.941705407002,4653.775159842202,2572.176476616739,2616.1138062200853,6347.652734271015,8904.116881186827,6849.418184148422,15786.713942324333,2523.1958880409115
11422.769962257053,17432.7318123178,9470.051039204705,4603.4987478309795,2550.879996372334,2611.083623568314,6074.918069109242,8607.076600110391,6880.760696443404,15245.465809721021,2332.212226167001
12020.61105877024,16573.677715673082,10294.662847809384,4708.552568122261,2644.0396661452987,2733.108875244736,5898.922200837505,8473.242043093749,7109.008387064981,15022.551857246084,2519.2426846232656
13429.930797718014,16391.981433841196,11516.193958492282,5123.099213770321,2968.7819379813222,2988.2946780338125,5913.58194088933,8613.027918319482,7914.969947786019,15250.596578525803,2677.590233366235
15058.949956104958,17058.69591992498,13131.705136893152,5806.714852838408,3409.265881616073,3318.744255066097,6179.955042604104,9308.225034404886,8929.3131254443,16478.44409143778,2920.9376185612505
16658.88330149725,19433.614352893193,14961.921850171391,6464.4260109096285,3767.4185327138784,3659.9743322033346,6741.52111442612,10506.868725816077,10056.220357518398,18613.451831778588,3223.1303527788014
16986.73510615326,22967.586402972112,15166.361791135789,6787.310013434973,3837.340789715172,3722.476022022743,7470.450338392655,11727.711973234886,10215.664766439302,20764.701774553512,3240.0135027466363
16377.905041124532,26842.556994856648,14602.679569604235,6777.559833677089,3759.085046966171,3637.2024722806063,8328.577815150828,12812.578981714867,10040.914458785956,22687.008304380157,3169.3789045369376
15753.930252830944,27809.048533900524,13937.530210779662,6553.572755626295,3614.5723070803974,3509.062051083605,8494.08291709491,13169.716527838473,9778.281196057118,23267.2131672406,3110.195864492709
15533.482116769168,26868.965488246566,13671.143315769372,6348.76953326124,3483.5470555914712,3435.015784854859,8353.0839607492,12905.686723191788,9688.221229459503,22601.89243807753,3055.0972756908122
15512.263744611691,25924.20942321896,13533.172608605486,6248.542890418576,3444.423556421566,3438.0157710246776,8087.522737111108,12450.68548815659,9512.095506361624,21723.643301319942,3044.1618916688894
15511.075698934428,25707.473692113148,13445.114161690051,6150.181035077256,3407.2990966875986,3386.0071076004924,7987.664147162298,12274.398019310049,9406.89132694456,21368.6453280194,3038.2897371321474
15979.901494324444,25751.864484073427,13951.691183084435,6213.644423684508,3481.8902885816074,3489.111250437926,7945.116453970647,12118.96593569977,9588.853092745101,21050.32963507104,3104.4449541450617
16770.798267277307,25564.058754515565,15079.913019178619,6428.4766392655165,3718.309275508737,3669.0559269899195,7934.935146793712,11948.816729977807,9970.562887137532,20788.401351723325,3241.6871031823357
18631.686920423082,26589.964209440088,16712.159452891305,6918.511064835585,4026.464788682387,4046.7846780344785,8172.762593477055,12213.558544613112,10636.294282635201,21379.93842406895,3440.7502355797187
20084.15715758626,28595.78306939846,17835.423553940418,7348.529571614508,4246.553960869553,4254.903508841668,8802.817166025945,12959.923297069203,11208.900611472507,22788.901967803507,3583.0266323930014
19928.54001395749,31806.258155924184,17792.276083959863,7415.845013643492,4265.241277933334,4229.9152294510795,9513.771751432787,13847.833435379245,11119.613354347628,24383.395021133216,3565.916079632738
33231.813875471766,42732.40291848359,17058.677078857683,8188.109578220647,3789.0546606494095,4557.777698089892,14946.35433745897,13399.848803128494,11503.680364213773,22362.0127570263,3436.518512699001
30485.70314878508,41808.24368651942,15860.174634076933,7804.802495966845,3479.8563304140844,4199.329543167242,14733.123013066106,13351.71832550672,10611.390203802663,22220.29778088503,3293.2142519796103
27711.155693449913,39788.83617004348,14553.724879042944,7173.318193554182,3144.9478649178354,3894.99509932944,14269.921619774279,12751.766663161265,9646.337515375406,21520.689144510976,3110.9450668627646
25498.106082481492,36462.8365010848,13067.005254910147,6468.215594871141,2850.3985551461333,3594.6554327617755,13136.574869513563,11790.250385043068,8771.29566898288,20078.42279865085,2971.7760255060653
22789.666938341175,32784.24710437802,11587.951343535104,5791.921057359127,2533.2919158816117,3317.736445010496,12090.560602082855,10810.916179372047,7748.47356149757,18376.335248321713,2763.41755586474
21098.490750208282,28813.4368951643,10743.820135704005,5316.825801043432,2340.4566533660304,3140.0881772709954,11055.294709933816,9768.703724778235,7210.181312303324,16389.919753254057,2657.0343826588487
19793.703497054787,24964.212645583895,10047.67390415361,4936.575613963757,2238.7569267948484,3005.5882239873113,9654.051462531635,8870.89802774744,6782.414339601006,14758.780644674462,2558.8771455050814
18753.37799698541,22510.229366912085,9551.714223811789,4705.723626844948,2150.16309893077,2956.3334823733976,8960.475586881477,8234.321542217604,6485.611888795959,13634.013441597004,2520.8277672143618
18341.966089439855,20561.822634512308,9316.747255001557,4575.327552619661,2141.8532995681567,2981.171204156042,8331.787286335242,7829.6713451342575,6464.1725136199375,12907.330197705247,2518.6930020719133
18612.917703275463,19187.005436857115,9763.087007958136,4647.416341410954,2233.6301312539986,3114.2088493716583,7911.974842524649,7669.830293578724,6682.936258446377,12474.608281021669,2557.6998429176847
19559.533761205636,18599.950312451536,10757.578761923844,4929.780445209097,2462.490231689022,3331.602288479146,7586.473362835618,7845.482197447399,7263.299158908738,12581.687180391951,2674.1297917417146
21523.580464443585,19312.85230369192,12235.273511113975,5467.745624366566,2773.341536390165,3693.1792713088676,7741.432076792944,8350.617420756746,8049.6558425363255,13288.101428056398,2794.079400248204
23769.907310910712,21435.236038374613,13770.075776123227,6054.66600564057,3102.8096539363087,4118.190596785172,8022.206455949374,9211.1567355282,8944.80151649172,14749.638319477735,3022.51084463961
25177.859248999222,25735.014938671484,14208.530996364258,6389.359607709015,3183.882469714285,4264.199998317467,9032.341937566025,10579.848347014798,9326.90493958075,17082.424681921,3039.6179362141515
26042.087257186577,29830.191910982718,14087.120209760436,6459.238312964129,3158.937832047398,4308.993584227038,10416.870312368183,11607.463140560565,9463.30113412041,18873.3708902363,3086.516449461871
26695.821061080573,31282.337790464346,13968.484549013425,6485.777459403037,3168.3044149477523,4352.950796116694,11229.44715542982,11950.044018119886,9573.779816060895,19298.67471210686,3039.2836345230626
27550.77996231533,31360.99921551888,14266.265120694945,6634.152781443659,3239.5908464023514,4450.171484006433,11888.410845959963,11751.105243566444,9971.343879562506,18934.494585517456,3108.49763741172
28442.897156005543,31115.692862006323,14807.943480275513,6784.113771516005,3352.236047528727,4596.344628196698,12286.621224472057,11700.721016597534,10398.104353978548,18625.472468219457,3128.569881038809
29539.207823008823,32051.838755881592,15365.881510099405,6953.454021700639,3413.5294194377184,4673.588792032113,12740.317189483349,11795.56719203548,10654.010585867225,18627.049675186114,3252.819582164335
31294.981890906885,33206.45706158698,16285.865302117953,7214.687869064776,3563.4973613348993,4819.097129585012,13068.254247362158,12009.835003053768,11153.47957939476,18909.4649786565,3256.617442009702
32587.552202087085,34105.464744088276,17212.412217393743,7479.292131417945,3627.808242681611,4913.681418544767,13215.09766405997,12050.384879335406,11224.380051493978,18911.461495569023,3291.714242904248
33386.19942306518,35950.48745338245,18372.02076506681,7801.577371009311,3737.2585382343245,5017.462873388742,13681.853230669636,12067.161943113528,11518.17523228835,19150.39947238665,3467.779666829504
33457.16486599714,37322.507826306304,19204.289503212967,8047.4177888213135,3846.9391399416904,5126.473517580439,13911.242697919499,12357.492603216782,11631.853408024683,19812.98600908858,3599.1128107371383
32101.15698899751,39352.254871469595,18991.794291226848,8057.881943388258,3817.996423517867,5089.330464435778,14228.484030714562,12735.737460316586,11668.621561076985,20722.33635455779,3583.1275272833627
29812.183018562504,40959.03439924534,18222.886230185144,7840.154529181354,3640.4395085319234,4803.383048134268,14589.446529569865,13124.700566938993,11251.729751236111,21497.769601829263,3488.6184825496553
27416.085295989335,40290.28741626486,16902.157185198554,7487.296024487528,3361.636131686846,4391.629589860796,14323.564760381236,13098.749428255569,10392.628214130233,21503.757537186033,3331.187713367325
24700.03694750378,38611.07938522414,15341.099861056826,6947.086611784736,3074.289311976694,4042.169127583468,13857.638292008127,12514.974901018686,9569.997907617226,20761.016659715726,3146.921730026024
21987.622387730138,35374.56742268625,13772.093426152609,6321.5917487423,2802.2709836871218,3728.659998589798,12758.972153984752,11586.183447928295,8796.50488819349,19419.57016729901,2974.773055703276
18864.605443170425,31848.463673490725,12074.357255396559,5696.658229353936,2512.5155240969552,3415.7942979661284,11679.034132953266,10575.896704360655,7936.585814987322,17778.463362613264,2814.279498270904
16977.96217565638,28058.19991406935,11050.55973001097,5190.405496637632,2348.6191792139193,3204.0227168014258,10346.78277969473,9577.194922266282,7331.4599286838475,16024.860480453313,2677.0263582615385
15962.54824380951,24211.001585573602,10433.866426708979,4873.267421803027,2237.5774207599043,3089.6638147356807,8954.190364637961,8698.760672665767,6902.884572326128,14412.725806625898,2556.877856488811
15402.403755911804,21793.721646338752,9847.431394181758,4638.429723507349,2142.171690340363,3014.580047497999,8636.32121521888,8097.320468183915,6583.127308952642,13357.641012976603,2506.802630214829
15321.310187985857,19964.502926301255,9694.34963609271,4526.011466545854,2135.0161461718526,3052.256134951137,8031.398502547357,7762.576619723282,6617.047901847775,12698.229810680297,2462.9126243227693
15744.454750427592,18671.56988345143,10063.78355410601,4557.966195318947,2233.6301312539986,3182.295595286495,7427.736880945491,7592.747408649881,6956.012198289969,12352.243788225853,2557.6998429176847
16789.2910576334,18207.048168087873,11136.58228236192,4828.539681511506,2464.325474854209,3398.691694765613,7302.343349972185,7791.21731940726,7582.761669721605,12378.255091811452,2688.1236716126987
18479.67258946153,18906.136641857476,12679.210690523129,5331.359179202415,2757.3622834559,3711.3161867409895,7382.993129727042,8320.33502835183,8356.169491471655,13046.707897178518,2848.0581617439607
20591.48818728478,21028.844118849825,14294.83629218385,5923.050691984379,3056.274864966789,4086.896260864662,7518.989927908644,9193.341099605106,9169.789160032478,14585.64782303083,3007.518713243849
21526.27719125672,25251.363658353577,14809.853866754875,6239.1961613588965,3171.4961249983544,4200.268065266993,8146.415191443824,10559.67659151485,9475.831635478327,16909.29781015761,3034.74135312714
22007.500986273935,29281.886847930382,14873.514963762733,6313.855115030209,3138.1549972702783,4210.093330608426,8872.419808140174,11632.533529366654,9513.207832733557,18794.851128411043,3036.5035738168904
22319.32750940557,30624.707226218696,14967.3739442323,6322.224734872422,3103.0140298774845,4201.783255014302,9125.828860895506,11854.999492373045,9534.636091896626,19146.741322512586,3018.400682602982
22572.53879879462,30597.117735501626,15185.79277381339,6459.819907014858,3160.3161207775984,4307.9945674575865,8994.97421566119,11629.890758970269,9706.976038008268,18655.69847776769,3043.388693718263
23433.416598305175,30202.298566612004,15443.90203914396,6604.789876942599,3245.581717702915,4395.2269105473915,8875.114979804805,11509.04027570468,9860.878423273016,18434.746338677494,3109.6456888716393
23726.48663803164,30725.090177351234,15369.638221383917,6783.115378598707,3298.1227183027945,4427.356140205594,8687.384556357632,11558.541761034981,9977.584068750934,18434.746338677494,3143.56206154699
24090.590879594187,31846.15800433791,16064.635568208972,7037.146637842542,3433.8902880102637,4518.588756396788,8705.562591741327,11725.303078801107,10358.467634953924,18612.917703275463,3247.7385258590148
25150.132806797898,32832.63293355858,16676.949046722024,7357.295115426985,3556.5090406974887,4614.338999393834,8760.678859807973,11793.189179909921,10891.576442267587,18666.402546059933,3305.947535728863
26087.378684473762,34851.20163190519,17400.434273883613,7634.225817639484,3703.5421659387544,4706.949097216473,9069.414886100129,11850.51238864884,11315.080849406419,18842.07399472411,3465.7813611009415
26352.26986246588,36020.316124196375,17960.616640844823,7962.36578197166,3846.9391399416904,4817.950122157952,9346.522826613394,12168.790525510005,11635.730828446853,19494.68321644022,3572.2934696849543
26680.384047136264,38133.1192042716,17908.21166273691,7995.534452685478,3810.012392686069,4850.899252120506,9831.98750723909,12631.703491011243,11575.334852924292,20503.515596466164,3566.14331684623
26064.993436070374,39664.59379770012,17506.60779886042,7739.412911339558,3617.4839644755166,4576.131929597831,10237.46048477188,12968.330561245586,11179.37547581849,21196.459097441195,3470.6328046502804
24691.93406325602,39168.949074471544,16427.06386239478,7376.530559873363,3330.914744237381,4217.305177368664,10300.05673570702,12990.289571840265,10339.505606493381,21263.24796203293,3272.229196139698
22939.094965876353,37371.296938670974,15246.078453685832,6793.477022391913,3028.1550004002597,3892.997850096581,10167.164735710143,12426.700494558581,9455.070804541938,20536.221335181366,3123.106044521796
21030.59817807412,34341.07675647829,13717.19868417502,6172.663517632017,2739.0389696063207,3583.29961863096,9664.635326956979,11448.355490490807,8636.84986611562,19234.690452051258,2957.4802902775255
18844.837196744364,31099.437991732746,12033.887681842838,5521.324141132667,2429.248166679561,3283.4317320363584,9016.718954152573,10474.074677003158,7739.498537973251,17540.595514590037,2727.5571623150704
17551.80264194355,27346.006214919144,10967.703403121734,5070.976233754024,2274.710277878474,3105.9612392201775,8160.547680010738,9526.482081825165,7204.728024201266,15868.497027886804,2657.1470333713232
16454.063182474754,23560.775780389624,10249.750979374923,4766.2361250539025,2147.5107208624286,2980.767135118798,7299.752301577862,8658.625459705463,6811.857051738881,14274.930838112226,2536.085738965588
15603.020852001748,21191.081981643256,9672.483211082168,4564.343945600762,2111.0404877875644,2908.2286961911936,6800.088127460323,8069.801327573433,6552.451406545313,13237.063495768192,2445.8233667240934
15198.742945604461,19437.35986699127,9542.361532561887,4451.925349030185,2108.7322619626384,2947.1976077632335,6413.885255788254,7746.595514130213,6476.388016567994,12588.011556728157,2442.733905994658
15027.575379474216,18302.27886551249,9828.720369047716,4480.695412343504,2237.7693567023125,3081.0970981158366,6159.903088851531,7567.608527325561,6808.142285239249,12213.391991606824,2536.8850302359738
16142.440076894014,17964.485069880116,10970.438094576064,4788.213730949287,2461.328482955948,3301.6272578917556,5989.387662235188,7793.596716165056,7350.5866126451065,12379.09813077851,2661.1355347151825
17842.564410277904,18644.280328736877,12478.923548074967,5273.055869653058,2780.5165454287726,3663.206840241315,6085.629783251579,8330.480401912484,8163.885061063222,13105.497868042754,2815.8817994780793
19879.69588646464,20964.958351494864,14144.689502336714,5865.147327660886,3102.4029302758463,4048.1001658644664,6621.776241475168,9202.166254881085,8955.773450711746,14596.636087130952,2986.5298679917337
21073.115469789976,25025.104309763025,14408.806465893069,6209.035310961621,3162.711311446096,4186.2832500381755,7429.739658455249,10559.08789201842,9394.990410040504,16893.907252305504,3026.5087600963557
21558.107442759498,28954.955780110988,14260.221581091751,6283.905935893714,3121.3741106299503,4201.783255014302,8427.155895482543,11659.702023937649,9562.566593858133,18869.3785671402,3034.5046082184795
22049.266780813577,29952.968775571415,14014.389959278811,6319.637451373656,3078.2420317397896,4233.752966329975,8949.718082990108,11935.071299253206,9623.41672237021,19178.903359037024,3037.391552295193
22691.877332021642,29746.450691528196,14241.850079297885,6414.281865086094,3130.3605904857263,4304.8408380312485,9068.62848738258,11753.675420931168,9925.457496482022,18706.822703859933,3100.359631994006
23691.533265975322,29506.974531421114,14657.850807027553,6617.769156677392,3245.581717702915,4334.455587311786,9268.28781363696,11592.692091515348,10238.959293594564,18323.724573432275,3130.4565110228186
24750.168231660562,30063.317589196176,15054.892057083993,6766.142777352741,3286.138845202727,4376.410119221264,9523.487002694561,11672.154171807932,10459.947506325707,18373.06116974126,3231.540249752006
26129.534015838184,31288.420399319893,15660.597911403176,7018.967358216484,3474.231066393298,4393.39197819454,9863.959624830408,11785.993705026318,10835.849758396753,18535.053848509964,3289.7153319497274
27288.988435977488,32391.91394350668,16083.333827745646,7320.928707426939,3593.8676794277008,4475.1548415198085,10107.77184267352,11806.959183815006,11284.930138776184,18493.912476025165,3334.0559490820615
28366.072836614385,34492.75995019366,16887.53805145173,7653.18741472901,3766.8701244022313,4583.92991143438,10659.336229805716,11760.258841651295,11710.599813027411,18555.309126347795,3467.779666829504
28996.94329636296,35774.099334711296,17551.917810739877,7897.785115385329,3883.094898760446,4727.88977938764,11272.320799695603,12031.602551076301,11935.125529544326,19220.308468934312,3588.1229134373793
29113.887498986096,37960.90030028473,17386.563309940815,7902.74728861454,3868.1248072062713,4717.508103749029,12024.295813835812,12409.24196283106,11753.835761478651,20003.122715495,3566.321544113346
27794.464358558427,39627.86182106258,17016.200168117775,7664.337473168069,3678.3673801136515,4457.916790241875,12389.099459405435,12720.690390064947,11324.675888605021,20824.831030732865,3451.6480933746852
26004.10856448485,39262.183362785305,15997.052740430181,7311.671507298303,3399.784681995475,4108.266434838429,12003.76981153643,12755.845025711182,10511.711552720564,20803.1064198586,3298.3461633707147
23839.98419571239,37645.04827162612,14743.012388312187,6757.549304887226,3076.067959307151,3821.7211641067415,11853.63022897926,12200.242354058082,9541.671761498888,20040.493551672746,3126.0653757738382
21579.072330468727,34385.785008612394,13275.78098199766,6124.530524555467,2802.2709836871218,3504.591542143195,11157.550425897203,11255.266644743635,8674.308620845668,18853.079193850263,2954.63555419499
19319.197256043764,30938.96929997164,11796.54877415303,5512.560463686105,2474.376239613592,3240.653548156727,10478.681801831162,10324.0634747865,7638.783287001088,17211.32054910654,2738.316541117352
17895.36357441157,27406.21141749651,10816.490583962579,5018.854785348453,2312.662719859709,3053.8536053720136,9447.153926284846,9382.306194610293,7098.2132808546785,15621.49468643429,2605.0558454861107
16858.529982539236,23770.487573842332,10113.966462327822,4723.896062399604,2160.152454786321,2952.6374455782275,8394.992984924158,8500.275499452413,6725.557824954239,14047.094475512413,2540.083959867153
16091.656162369884,21476.603937472693,9576.865341671906,4477.277732878401,2099.8925821487173,2877.4012260346135,7597.085828023874,7941.2416492292205,6433.981122708147,12996.382590588626,2441.9207713088636
15887.673343347284,19870.893093434654,9354.700643216354,4368.852159488858,2112.03946182504,2916.082017832647,7112.811021872705,7636.377880122728,6479.381244157752,12455.64617246377,2408.83647497375
16289.424473020128,18694.198138715565,9742.289905711987,4396.622728150423,2222.2513249387307,3051.118793289879,6805.479023660124,7483.046004846223,6741.0487476502585,12032.089729238898,2499.8049566082645
17288.33366320232,18141.789359639184,10836.657479400892,4709.134450424837,2453.4999483597926,3282.498622765401,6609.602686489626,7696.994090767895,7262.539374502016,12188.812675963005,2604.056266965053
19158.167879206943,18896.98501228208,12282.628864287011,5228.121108140396,2775.3389609949063,3659.210552264359,6703.851036371289,8202.685384390119,8106.017155999827,12970.469822736786,2806.890062281136
21338.967597232102,21065.807135655923,13810.476701670685,5814.024380193512,3082.2361161697468,4029.1207350398213,7142.762061199716,9092.470369972001,9036.8264681124,14515.904653745782,3007.7577304790307
22560.005860998743,24971.793429598143,14139.4447666404,6119.978104454832,3156.321997598919,4181.288699387805,8046.219532460784,10513.750531970869,9403.230893975078,16854.1489558069,3041.8620141439824
23381.838914794487,28851.586197455283,14020.027364642521,6133.741309867133,3099.4075154956136,4185.95671496485,9235.197000983086,11569.213959374478,9480.771396494549,18765.4627564544,3043.6157133781644
24095.912693143393,29949.067422657892,13877.440344010716,6087.400396857365,3063.070287527358,4179.649398022933,9907.367153220936,11816.29038961964,9570.5468191971,19023.307486883594,3001.5218836818945
24831.138263516954,29649.86605429028,13981.690224104881,6094.97707566128,3093.2199330929684,4260.882883838459,10273.777157128145,11536.8407561941,9940.676333059902,18530.706424086213,3039.738353716564
25942.955741603822,29379.991403717035,14457.800655182253,6211.198173779359,3149.529929578311,4380.082004928582,10588.732827210093,11372.435028386108,10162.927079607836,18108.670384642526,3114.794389660636
26932.374408648622,29943.717515768785,14811.465113710463,6294.2689440987015,3171.300041613725,4403.2187571465265,10964.922186778767,11377.426761351504,10319.569338525298,18105.88655665495,3124.5719794757674
28278.39066630453,31084.557201490265,15427.39585169316,6476.20928308115,3262.5560490880985,4515.759758900093,11474.168824963943,11514.61408063374,10728.94171209494,18300.255645861427,3147.796357944751
29680.947904096854,32108.793020022185,16089.335554288702,6692.894934402378,3327.6552874845943,4530.264853472102,11982.984259876552,11559.165120899419,11118.410599728017,18241.714514543248,3237.150146398715
30790.191143468677,33995.61124133682,17159.561221850803,6956.068190066978,3433.941386999397,4670.382394439583,12643.279310615751,11523.79006181147,11525.903620065292,18293.31332999683,3325.7541547302726
30849.581069752705,35455.856445540674,17833.415530222675,7229.611811831276,3553.610961304902,4799.182487838034,13340.690625706447,11779.592912060647,11675.336034954962,18877.255660805753,3430.5053399120206
30366.637782004214,37587.320731091226,17524.36103390071,7292.445589834556,3554.840818326257,4793.987592229032,13925.951510887147,12147.47808145501,11503.709132625856,19777.323962572144,3418.148543607288
29232.025695229753,39217.7343980305,16903.189454849737,7072.966562525238,3379.6036416600564,4506.040111586254,14255.740803477249,12534.489686610095,11057.974765107676,20530.672872191477,3271.507485335257
26921.406486971675,38562.004555741536,15767.678683007263,6753.0234913699205,3161.131888622635,4205.509850571834,14056.003668198435,12494.024616367677,10264.634559073927,20539.126492079395,3133.1947528623596
24577.684854469855,36860.93748815408,14501.415180814116,6322.589756135856,2888.9357728237965,3839.4967754399254,13359.090931445899,11999.390451201367,9377.02806752444,19868.397510056002,2954.926456769345
22357.44191161458,33884.78029522227,13070.619185136049,5770.865971734976,2641.3315954057357,3550.924544937432,12468.161265214914,11098.475621915042,8470.08122757875,18604.86626410458,2742.9061020344748
20185.65434595549,30894.958154597065,11573.77562235629,5306.063578252436,2418.3724703748253,3249.2972034203644,11487.489543096388,10199.33450418417,7511.047536521024,17064.516325598266,2559.699278466969
18350.94569155214,27286.99282470077,10581.447772012947,4838.53122390948,2230.7752196739516,3037.0837512016296,10427.760795484639,9203.665221296236,6881.46293244335,15500.708870382896,2455.566031552824
17053.04280479193,23950.228168248395,9838.52770875314,4494.2522048950195,2094.200166992877,2878.861850313752,9218.231498257663,8308.65825426294,6449.196143518444,13956.670067752691,2359.314601518765
16183.707115595773,21464.817652565936,9291.735867075991,4290.5806795209455,2035.3666913172515,2777.9876652356015,8403.09214491712,7706.792100598077,6163.124674809601,12826.539301821118,2280.2171572050706
15563.551934088018,19454.256044521582,8941.461527092508,4148.212040877072,1994.90562100011,2739.732194100186,7774.415002551082,7254.6275113288,5968.859202288217,12098.281416881113,2222.2229347283965
15202.692432624533,18190.44353697155,8829.630834576104,4058.779395153464,2004.7961148319278,2735.4405010838987,7170.91538210858,7009.663957454341,5903.058202393013,11647.893478356727,2254.2197096625755
15199.697039769588,17212.963461450745,8968.434496983324,4106.544170472303,2078.9749028912784,2852.625384225588,6906.330158199234,6935.247070947512,6046.459165283383,11461.270015184205,2267.2702281789952
16400.440288907685,16896.36002538634,9477.698664019525,4291.11674835123,2268.219885533021,3074.6501607154946,6767.145093109592,6973.228628012465,6384.3481828300455,11490.557148608374,2278.023560198198
18187.909285227848,17226.445223823517,10244.386449558671,4608.020050633119,2412.634408355831,3324.901478460662,6531.902628714731,7369.04820395174,6824.8469123213235,12164.55905722914,2391.009998609374
20436.855561579883,18408.841495338624,10808.46553468592,4874.545499435761,2535.9572085535005,3548.8428697671206,7060.372622333307,7978.732570281901,7344.674499163457,13137.990404875576,2442.0024523159627
22587.825188108614,20124.96593153394,11356.754814798855,5104.28575574319,2604.9025889832383,3790.716678316993,7799.240441332649,8635.014499355038,7791.811701403511,14275.151990594464,2533.021201405248
24361.86615168771,21734.236333343553,11835.343716259018,5319.385098767287,2664.2904236810045,3990.891171594364,8815.97775625313,9052.762300738075,8266.345398447518,15034.176872234348,2579.057640519754
26066.237473360794,23457.830088002138,12455.939612784035,5507.372433847587,2776.6519289965186,4226.14889015995,9779.078781545866,9396.58647089077,8915.925104341643,15526.920873231893,2668.002244948778
27584.707730290436,24889.22733002257,13093.809122388357,5753.961968325092,2841.9111241162113,4416.533417488884,10556.277279336937,9646.089366469505,9349.5988405849,15901.364761429499,2731.008758057334
28794.240042880676,27021.302070564754,13610.681419245233,5954.809840107022,2940.1393463575814,4537.882468424625,11390.405303704116,9992.39885373028,9626.671994176264,16448.292887168926,2822.0
30121.7663334941,28635.819798859866,14312.475591982675,6207.409201057075,3037.9152824169446,4688.473332185129,12042.236077111816,10366.434320169674,10128.467315393105,16882.163800006307,2878.3599126935396
31646.756018455075,29825.814581286613,15216.407909433503,6539.488400522574,3183.0920294906336,4764.178393094086,12605.811047107965,10591.165619063086,10551.492007770996,17206.69646519509,2934.1325658878573
32290.460613984545,31392.771880205146,16100.308321074264,6847.699867753991,3294.9069472097817,4832.587429490224,13092.207982139656,10917.301198569237,10917.881258711135,17753.52640637163,3069.579992588394
31831.206278475252,33042.90755110296,16523.796904288465,7040.307727590585,3358.215762455172,4788.961818284107,13724.997842118048,11303.571061584516,11011.227390746242,18486.26866604953,3137.0577668525875
31091.740891735102,34542.76801489715,16428.518420428947,7053.520639899581,3341.83265000422,4687.947492479152,13999.527243220147,11579.014324117008,10819.074193877184,19094.076047007035,3177.5858642641265
29693.46409763938,34737.39615478283,16002.852307425483,6863.734724747091,3267.1646390837127,4443.5656302318785,14003.045741698515,11725.09473774177,10464.276366891982,19371.980699718202,3131.931385313856
27450.11743935894,34239.329054718095,15200.446937537487,6622.362891738451,3067.457025369083,4145.949869116122,13505.237229369435,11724.096403468226,9841.881814865063,19433.310165740666,3023.8736429684704
25068.821174458106,33193.50402927173,14166.006903060244,6200.376910910767,2869.770694543159,3868.4771223377475,12494.895145731776,11361.453243498348,9098.582414827108,19006.581227480423,2883.860305638295
22956.77655789607,31108.67196113869,13069.16087311291,5747.682294645582,2647.1403673354234,3615.888392011476,11823.544976385328,10623.517239429815,8381.779140968025,17989.634304368752,2750.9977203061944
20584.94036800836,28794.38417951203,11767.07715207765,5259.374483533636,2412.5451900514176,3297.3797831403162,11316.44227158004,9827.009967503644,7581.793548862583,16663.938606386368,2641.486089309531
18752.668485200986,26092.369192696395,10719.225399003339,4888.082600382354,2233.0778159057536,3076.267580685264,10442.286085865611,9041.173194387711,7087.327753564584,15330.279753807054,2486.4180835409243
17452.50434840113,22770.7176407684,9876.659488807172,4568.1503670924785,2084.606486485263,2947.9287330079806,9297.843035530464,8249.558275855761,6617.104669694182,13928.361596102563,2403.3087153537417
16563.322398368837,20413.036138056847,9445.072492654339,4340.288834615378,2043.1088448402563,2831.064757237224,8684.235580061088,7639.8456828031485,6311.536991633321,12850.120713371565,2349.3159707232408
15778.069657350046,18504.115101138945,9044.67839340092,4186.729618094762,1957.8159922522077,2747.814784753009,7887.223003466352,7184.41620350268,6136.187884673177,12091.975357524352,2260.2710828066924
15260.406252865127,17207.69524306122,8903.181713252347,4109.26506115697,1961.8142619960045,2743.505046110205,7332.2638887651565,6960.690919885746,6093.7915104527265,11622.03543536897,2293.215903087496
15142.798910279675,16284.633494085008,8945.45751170564,4128.053884766618,2034.9968996833272,2822.5590823612542,6930.103919620159,6814.307226752194,6213.009205299269,11316.233207562427,2252.1733888980284
16261.857700758215,15904.909524358982,9353.006617383899,4253.889657964025,2200.2593656597173,3048.5840953140823,6708.466683394829,6801.7741855302365,6520.720894489503,11246.798649041692,2253.0238200148647
18192.07960888476,16060.913754067327,10230.932897638882,4545.236173425468,2340.4222138522296,3338.897577664263,6602.992326857,7093.0647968037465,7050.335706743744,11692.457065959825,2375.0025213614117
20403.543838126632,17114.548067082444,11054.784414728103,4832.913770204173,2448.7439561325036,3600.908750334164,6943.80449027124,7736.969477953819,7518.654442646342,12669.384764767052,2453.0024413399124
22917.611243619565,18687.806929376493,12020.465058544038,5140.584967379374,2565.0784575860803,3866.77164904764,7777.450140513634,8398.162940133254,8113.190973249808,13839.455228970317,2531.002366241517
24936.785917700287,20161.487317846997,12830.962557973173,5451.263738151711,2655.4538907601413,4085.9449707434146,8722.966740031456,8891.871937387055,8637.87580039021,14699.159074117804,2605.020618549178
26939.483095397598,21838.416670625847,13976.828542952217,5746.971040196298,2774.986018605871,4328.203801194447,9625.931064075125,9252.419876190537,9334.871020018358,15351.065149144883,2701.0198894960104
28235.10790033249,23327.601954368212,14959.233440606045,6068.840248632841,2890.026003212971,4486.603177873888,10476.80079470922,9519.90736019641,9907.989065147265,15748.200377635158,2831.0084497113107
29582.353626575386,25299.668585924337,15647.256365940608,6348.7860612493505,2988.255624535021,4552.876019414191,11246.437087334829,9926.457936910821,10240.198246083242,16414.32875874567,2911.0020644568644
30941.57200135964,26961.505693492032,16531.956039464814,6651.514865726141,3136.9674193290966,4604.641928698654,12015.282801305613,10252.23125673553,10738.793174600041,16901.313481732366,3028.0719999201483
32377.100918414635,28174.487490148793,17422.68263237649,6992.3911842387,3293.944574449079,4687.2333205686655,12551.907968850403,10512.08498462149,11158.382018823831,17259.8086915242,3099.158979009845
33412.75260909122,29859.501345910074,18216.274950684663,7321.57965427716,3380.388258566595,4724.37654325785,13089.438245487689,10738.828346039709,11444.971603471056,17665.275835131815,3236.7636741066854
32930.3655184031,31679.814705282744,18493.026677228725,7456.8332181660035,3450.479057843452,4628.312763383922,13504.522202143518,11120.265580997977,11357.76683207211,18354.505019377433,3285.355939424285
32257.305801129944,33487.94347750429,18168.032482570474,7401.6862651812435,3455.856807911628,4631.554765658699,14101.544318063266,11303.641151523238,11087.27194505554,18948.721563604406,3314.199506845333
30659.661927332418,33920.31383932722,17631.18787201301,7169.745381992965,3338.6387993284093,4399.456755587963,13930.230190086253,11526.979141149226,10532.350659167372,19352.25769807802,3274.9668624243186
28247.245104038746,33781.89638805203,16615.069669379533,6898.897560441197,3153.3264157274107,4109.9770851611165,13546.912265214287,11512.598326039346,9863.52507296393,19428.553830430672,3185.65510855792
25473.023923615772,32991.75677116013,15387.483155035543,6392.848251353908,2937.8837661005196,3874.024134273871,12934.55736744208,11151.955898828937,9192.741425847056,19046.651520309155,3046.9879848876803
23249.791943883567,30787.171458460856,14154.933735658979,5886.325673230793,2735.3840563927756,3621.6182380158493,11905.512711319747,10454.641419357053,8587.171107045386,18059.04045980653,2908.572774723704
20634.03285608804,28234.673454872438,12466.396860054776,5324.698969427761,2464.5892552410683,3326.9027639546475,11064.247941605037,9722.985541951712,7766.37134877342,16762.613096815658,2800.2861645134467
19180.734430129014,25587.45236420564,11402.012243664361,4917.687389779047,2234.949873311342,3151.4110940847663,10072.856370914205,9055.81063982862,7239.557297899994,15455.206792747227,2674.1297917417146
17914.32268135284,21924.368373443453,10596.016115764469,4640.879330324905,2148.509472303207,3029.8775970604074,8874.546645920193,8063.136465659927,6826.1485028809675,13318.637388576692,2553.8789251281246
17111.166807671212,19804.9776000051,9951.47736621902,4390.6150330763785,2057.4443411133407,2965.6251998845864,8133.930591712264,7592.269997168688,6504.084238503992,12418.400206682763,2506.838522550158
16978.071529678968,18208.76806770025,9784.41618937067,4297.155365700198,2078.91285457642,3000.2973833545743,7432.525290911435,7260.660172945701,6486.35886701365,11807.81810523567,2514.6958333906814
17511.512824385612,17072.4597593187,10115.897675594111,4372.239306896758,2214.259977481482,3158.3139750992677,7036.321191411985,7160.723064999085,6829.297065501048,11502.510921786556,2559.699278466969
18412.79753529333,16804.573639544407,11192.303207795047,4715.708286401331,2451.5021179259265,3391.6975610106065,6790.918849126338,7450.079131925015,7408.424698377902,11734.74664220928,2686.0227877592442
20191.893870664015,17632.694324655895,12661.022779941091,5248.48440530099,2765.351877820743,3778.2539495841133,6918.929697247666,8035.452009943571,8308.78232439675,12520.069328522719,2819.972420630158
23246.09060414271,19880.43903770688,14364.168456225396,5877.763934726535,3096.4121102748013,4208.259436494068,7419.527617916076,8972.915696351361,9222.91327376507,14120.162892678667,3045.3877434673072
25285.992384609854,23912.637924628496,15000.152688096443,6267.578020812407,3234.7995167128342,4429.35405029286,8275.457356276012,10383.963315762137,9588.797750953941,16532.520420131405,3098.655627457524
26721.838664008257,27843.160706517738,15243.104991311558,6428.720092753853,3196.458317936767,4493.28821583953,9397.648524766983,11530.164422452073,9776.316542567465,18519.157385000388,3124.5719794757674
27831.710489923513,28875.54152824434,15330.720364439721,6488.9787315364965,3177.291321550035,4512.11072058577,10156.554361862887,11869.411784626733,9862.847157167273,19017.217002781203,3108.467259699668
29092.708070654404,28593.66990363065,15802.840855437476,6624.961718015226,3303.9318103121796,4643.297987095826,10520.198927525782,11705.546877219538,10319.307209819479,18644.151827740778,3139.56413911827
30591.401483883892,28546.863767593295,16376.98061796419,6831.447800220397,3422.90720174109,4765.655943047885,11185.383627002951,11623.436005277803,10738.577941629326,18469.31818201862,3188.539063561438
31889.83359818032,29405.54220351087,16358.49546289013,7018.759336111184,3499.791204326605,4842.738695257788,11585.72963098082,11783.383120686474,11042.891406151291,18677.174381312467,3242.6247329105836
33542.74639148307,30788.627903069973,17175.492670816107,7271.378566891682,3637.5818570455694,4975.260753857119,12149.11441020861,11939.54069370692,11489.448037495938,18885.08268172437,3342.0507869272546
35101.661900377185,31984.76271427108,17813.48197664551,7593.9536686615575,3757.008733416743,5079.012281374272,12632.205440671407,11974.687710235998,11931.339686833766,18958.80538305477,3447.1104967302917
36337.498470375984,34102.42606723806,18668.090621995627,7877.197677126097,3882.8693210364504,5148.658978565521,13227.991489638605,11989.319640471522,12346.250280961845,19182.338900663624,3561.14799122044
36463.40262629141,35839.04956144177,19329.58728722855,8185.116015368557,4012.522758061615,5231.510581662273,14027.71329424934,12287.809960549364,12582.36907386692,19816.393618382343,3688.528457195739
35506.3219333942,38269.877472521744,19139.923112081535,8246.941130543251,3987.1170189355175,5191.37284514034,14663.993319713336,12688.988123818735,12462.56294617619,20732.407961192104,3713.495844669197
26911.511786955092,37238.26602943417,15074.02453713206,6643.484108878484,3260.1742233175914,4083.062807898993,12884.750346467701,13210.495045391102,9782.629510785197,21220.91291298304,3106.0793553111366
24790.181033441655,37279.986157510815,14087.171870738679,6287.839760628597,3006.770342325865,3717.0084097778995,12784.486384776677,13103.251162691995,8882.675969108579,21288.51746349243,2926.335282421406
22773.205190261775,35109.673329312114,12814.014333701987,5779.554422938366,2774.1610815015943,3336.262086964409,11994.561863712855,12270.482285082704,8150.912211498326,20231.83689759407,2705.0088419488065
20385.417418343917,32009.494455988573,11588.283079968762,5210.929967097459,2532.749854539937,3077.069149155246,10711.338309370925,11181.613131235217,7445.510055928532,18545.114262847772,2607.5321194178155
18065.91540219483,28819.979762482402,10228.23164913853,4720.394846100866,2283.8771237322103,2867.6985187014247,9733.67568315264,10123.983105686506,6701.146114307129,16845.680340442013,2390.0100812077703
16516.406552823802,25388.259519011946,9395.33496682234,4331.574733728313,2155.550760496713,2665.5202264114528,8723.624933009041,9233.726623432274,6288.337405809196,15225.07597674972,2312.0
15360.679884460982,21890.177829313445,8855.441856543619,4104.2597827009195,2054.3534097380552,2604.3390874019274,7719.161097368338,8351.912432792924,6002.006199842601,13725.400105477247,2208.024302417922
14564.87851273962,19876.697119064105,8489.979166034429,3945.901205456736,1992.138570459337,2556.406355487155,7017.180968588282,7780.90563261717,5814.717243272395,12797.994048732431,2176.0437423654007
14287.939852304122,18260.96407242715,8435.765518334661,3886.197928046793,2033.9974111523172,2576.403124508015,6603.589335578786,7430.780732840236,5856.921354149142,12160.118307867819,2210.024280563252
14853.667365970528,17243.950727897056,8992.934139275929,3995.2343580432425,2215.2504386928595,2764.89863811999,6330.012120181204,7326.110607766661,6227.323318251341,11826.774347552977,2305.002608317498
15480.063618179502,16891.974473264538,10274.333379962221,4418.9728684897855,2437.487047590148,2953.2168774578536,6241.360022411564,7629.997834964906,6951.846314342941,12123.261657965313,2426.2038582561913
17185.936166343807,17582.39419471189,11680.341623132548,4969.970381328975,2717.713129498769,3258.293480323938,6330.233972395909,8389.119347555232,7628.3313921329645,13124.725848135793,2547.085748177988
18933.065420892257,19900.63706406304,13077.692888800224,5475.536785149021,2959.2896558965476,3528.190937104903,6861.202212093616,9310.73087441579,8315.075419204839,14926.498875327054,2779.140060459918
20303.575255091004,23344.517734976733,13063.4399609992,5649.468616894044,2963.284919679942,3608.753838699991,7460.4786120914005,10197.442446323972,8380.370640133147,16591.678620307885,2763.0349811527108
21348.416679434707,26799.565638211872,12552.94342418692,5594.948801389069,2866.225837593915,3517.172893656654,8360.170665126272,10948.008067075025,8271.931402580325,17935.57736539057,2682.1083003888807
22560.322815563813,27717.18763760616,12434.485793665124,5514.4795364627535,2811.9441892153372,3524.061784846555,8849.022496251813,11151.47330286139,8260.03140550419,18097.917682586456,2738.2602761181124
24022.898586057865,27334.474999089838,12460.458097484585,5555.854362098161,2821.9330843768125,3598.1078448219473,9030.69506019853,10989.072716048926,8419.944668370808,17611.442517940737,2728.363612426083
25381.468525209446,27118.385438548416,12777.618602809624,5646.482122185682,2872.218647653877,3700.132859263169,9462.970593900816,10825.913821916214,8697.215388544115,17278.105824438873,2771.680903120298
26583.48346963909,27808.35371636774,12905.218615692782,5761.701483161893,2935.4966397016083,3758.1958628315297,10141.376873334775,11041.836435866817,8924.906528445761,17505.1413660561,2818.103133596738
28333.250712240166,28849.445722889224,13660.877432415773,5982.5492922444855,3085.6671468205604,3964.8971866431,10812.196845778004,11328.715958102037,9378.01659697501,17839.597355055288,2955.0020272552574
30019.014673851532,29857.77353489054,14454.207451392353,6280.702041018699,3225.4152505604466,4119.699226223912,11235.732197420075,11497.04050415765,9788.270853127546,18000.305029215833,3054.582917195951
30994.670807187922,31849.609241164802,15414.235831742995,6567.786959637825,3385.9649620487558,4216.465392375993,11882.732277193787,11844.768538925706,10165.791685119832,18579.48486717391,3108.1539027758377
31382.009515905345,33393.96335060636,16307.246664232249,6853.487543013912,3557.1525076306675,4366.095892542937,12449.754457715284,12210.51902674955,10548.885745401632,19348.13498168984,3283.7224290433405
30625.93057488776,35360.08695839224,16517.08885944909,6927.31227092148,3588.8765228709995,4332.2922368634345,12818.333538906807,12594.97618995066,10539.328271301392,20258.5283358247,3272.6518547166265
28093.856775935044,36812.240742062815,15584.319454680712,6800.873654362082,3360.6061709165315,4064.918653039778,13026.904358870925,13035.45967630315,10021.897024927337,21193.220535493383,3123.8108147555317
25312.979001831325,37027.53005049686,14360.535949568291,6387.859226213157,3082.433679857062,3689.603620365841,12819.657776578286,12988.258884804085,9078.220044302809,21322.683492506974,2931.6828164879985
22947.292644034806,34880.36767355368,13007.5064681454,5864.6083075138595,2812.2920221346403,3357.2538935753346,12046.688501267106,12200.928119213313,8214.72345616994,20259.540648970826,2713.002207776196
20654.999431328044,31696.200946326084,11757.620312738087,5290.997007077027,2546.9076077659197,3081.0677105627956,10764.218146024397,11059.54429100716,7500.352069979838,18536.91182617055,2600.083981210804
18582.85740111053,28458.00627899233,10362.420978982795,4755.327821463382,2329.1416558549736,2831.7076727176923,9733.436082729708,10063.457829353203,6763.246381450695,16787.354276686536,2440.009873832484
16731.20361946194,25046.01523787722,9492.092709814497,4388.250909575263,2167.8297885820884,2683.588875669094,8826.113133142395,9161.638424687559,6309.030540612334,15126.824914049319,2309.0
15494.500718580908,21909.3526334583,8903.267688660793,4147.395628135123,2052.103759521953,2580.342311647807,7650.849161690029,8307.784288168097,6007.991978952287,13712.418834539301,2205.0431718993705
14687.289847444616,19657.213726810813,8545.94499020431,3995.2343580432425,1991.801515300514,2536.348384841194,6982.819212060887,7759.9313697526795,5837.666880003543,12718.735098314026,2188.043504491947
14310.71664237147,18097.731314645447,8495.852079391194,3926.333160611819,2052.103759521953,2581.467466517284,6590.409388903685,7458.071072547969,5866.1341214992335,12104.525528999118,2219.0241827016976
14804.975880537644,16978.267644274445,8970.083505725008,4035.1787395344754,2211.1338303946236,2748.8144783747657,6248.15891518818,7294.841368439089,6243.291797212372,11753.541189556598,2311.0104272244616
15511.816587829191,16720.66507153664,10200.247327626641,4420.778324649387,2436.4876876937606,2934.3314896186416,6139.375176935793,7613.3063712338,6967.045744939,12016.906123268753,2424.204029420463
17106.077515097826,17504.97393646963,11531.369672065675,4944.188096080191,2678.2777571161337,3235.4073066427272,6289.545640984493,8362.843186781443,7653.284170400802,13076.472453802862,2554.1166047219
19163.383867043365,19801.575533050975,12878.278325496223,5459.36593912475,2949.3015564021944,3553.1822587671154,6733.6197836877045,9225.340946330218,8288.3689223565,14793.627569048318,2774.17789111985
20695.696760103692,23207.513854091612,13089.605483713634,5641.278096880093,2952.4751230846737,3617.8263213237014,7377.409140431972,10182.285767990936,8478.392892905333,16483.633046406063,2793.019431443878
21844.715003009103,26674.95353937688,12705.292584487453,5558.411405031435,2858.0620994426545,3573.206151832897,8367.72311446053,10936.204737966087,8374.185802605818,17891.63685167297,2753.105540080091
23185.798391110107,27716.575458941,12591.318887730824,5433.210910061131,2821.9330843768125,3608.082230007698,8875.97300188977,11131.866843845213,8327.126000416883,18036.190004698583,2739.2153875236345
24806.193738249556,27380.416679620874,12703.362510108345,5460.6120696005955,2803.953133809845,3730.103989754569,9191.417077664724,10831.91036199208,8543.835614165135,17526.191641323814,2705.5525791296054
26406.798933871854,27401.91841239548,13016.724805334448,5582.191940334067,2846.741726995082,3880.2259408063555,9548.652374744619,10555.835237478404,8848.066785825513,17009.758133538977,2760.3594873521156
28006.076668912956,28097.708166741617,13202.109063656464,5692.608227471063,2896.0193296975735,3973.300945787166,10129.185472213305,10670.08574402805,9101.4727270151,17094.420008999263,2823.134249794925
30047.857222467905,29316.653808392835,14042.689892869728,5855.14830825368,3027.5603980669366,4155.005774536418,10812.41519629938,10865.395720080714,9537.872626465612,17407.69863215399,2942.0
31564.446366855376,30378.376603904075,14830.064427508943,6124.546725581102,3136.7831123085152,4314.0992497131665,11335.768496326386,10950.468855664794,9957.124408641128,17460.993131302126,3053.2775125042153
32247.38670104296,32352.65868580652,15657.913371918003,6381.473392621668,3292.511446231849,4417.88923791237,12084.787360590995,11206.767519880757,10381.278849538401,18054.30995892575,3103.2561168549832
32364.110878072894,33909.56609374935,16374.329201559318,6688.8826574003,3451.690381863606,4548.892606398642,12634.070199447575,11559.525701441042,10703.860183948233,18712.491581702758,3208.7078014363974
31320.188942201337,35825.30058031914,16438.58710313939,6799.117666986433,3490.411279023645,4454.658940650657,12997.657203855599,11973.512490695248,10655.13009568291,19639.697799996728,3207.41635042809
28582.376515293967,37219.78577971092,15589.306656167206,6666.181033658822,3278.5321517282996,4136.171204419833,13189.795868151807,12620.155112827713,10085.56454873625,20670.963057677927,3102.950330003848
25649.678425011316,37427.61791363122,14344.870535178561,6316.775419330407,2999.9685002968763,3772.961275437397,12996.720353444049,12604.422816430859,9177.338379100573,20888.71507093164,2917.765812498849
23231.868853431803,35170.699444027035,12968.369965221855,5778.849606231408,2748.560445299217,3428.5329292440747,12072.85478891163,11845.267655611548,8302.58816168118,19845.532559450916,2671.020111724862
20915.1417239329,31918.89355075196,11712.29362487793,5245.857884851882,2492.7969360139587,3152.2358331860823,10864.47897875063,10871.445518016188,7564.279751999267,18261.32558630119,2560.059132656405
18475.07919835657,28625.13181661142,10354.430389255838,4731.373665264606,2249.907131743435,2865.780155601147,9929.207291242694,9945.65591896635,6758.525198514456,16605.46277821984,2417.022471900395
16950.125448737326,25198.613175696864,9497.240206467586,4364.512651117922,2127.7159211425783,2710.6591409045404,8897.433691977933,9017.057346944735,6338.21336446996,14988.844872937327,2315.00259702771
15829.914980016993,21932.145806050536,8896.549873804024,4111.248286513025,2020.377362339863,2619.460510468033,7757.6574674675085,8224.901075613643,6030.189769119993,13579.418340329978,2219.0241827016976
14959.101578114269,19778.819198347668,8452.002627070982,3971.461655834979,1964.0345667301249,2576.468397462277,7152.371156855704,7700.826445482992,5865.8450902003615,12594.890160588777,2171.0247139458525
14762.574809930522,18112.273559479516,8415.900398180804,3905.5609632480628,1985.9098978414302,2604.532749381293,6605.188846588135,7392.976424562627,5837.429293427896,11993.99906857685,2181.024601353961
15313.326305909744,17006.765144131852,8966.221353423387,4019.3916313349673,2156.048209177707,2771.8962889576655,6293.285910688608,7256.022781136444,6218.341126286417,11660.770985527222,2315.00259702771
16185.183662821655,16631.595644034103,10205.407698023928,4397.810751304759,2412.634408355831,2991.305077185901,6179.875679526435,7581.1857136902545,6956.836276841497,11949.668056602184,2423.204115110429
17882.24605375832,17448.868131588177,11553.336141651245,4923.848097378861,2667.4421864739825,3282.493142830697,6317.875664094796,8372.983299758045,7691.213030581175,12995.838424328442,2605.4630490054424
19514.37838820118,19705.136749897698,12869.853579142617,5415.43024489494,2929.1519085284194,3584.0818192651964,6776.011317032227,9307.418489589347,8341.49217159805,14698.093646245965,2761.140986078429
20625.828132290808,23168.749672934184,12986.360834688117,5633.494552308395,2975.4464303543723,3681.8115425289943,7488.4323098284485,10167.303528375332,8389.350279226186,16448.32474194427,2769.0196007195027
21502.166406814315,26873.44600123066,12553.942151578245,5566.194529130747,2869.2222386132976,3677.2002385259616,8496.576973842977,10971.341794907707,8242.468581191126,17835.339992289348,2679.1413666973513
22732.848947622268,27864.941331236798,12462.95510136881,5453.569467546427,2821.767534718516,3718.104328789289,8903.14186410907,11057.966258059267,8275.458692712244,17898.38178268854,2698.3137238288928
24708.459965441434,27739.772350894924,12517.727807212008,5457.799768857688,2835.7530228528713,3833.128198164286,9139.295665175778,10828.913880418984,8499.467069762288,17372.025966974736,2729.4823112455015
26450.15411047325,27844.612285099254,12928.65521437309,5507.107027677032,2878.8713526462507,3962.259910342332,9590.769914790406,10542.713643632558,8838.851972212666,16897.70409230838,2767.758482502364
27954.6156112446,28743.161387405456,13054.570751595422,5560.413120247529,2911.0027739765587,4061.338259764794,10474.074677003158,10598.483250502024,8964.291763476158,16849.353404090998,2821.134343730231
30003.008602216898,30409.615267573892,13825.63006563625,5736.330319427964,3024.386854931167,4236.146091019123,10947.16939298373,10686.08403752431,9419.408808495918,17099.187462783637,2919.0
31802.876449474483,31466.703844090356,14641.514720966901,5949.424255664363,3128.793460424886,4369.922686667842,11340.975834986459,10723.03954649797,9833.917794482397,17156.83960786257,3006.523989317608
32644.361461490545,33432.80471748622,15617.755589037835,6219.113090972898,3294.508503736739,4448.015868636139,11958.582267230355,10906.611555097066,10174.316457553263,17662.91035877807,3104.356425480187
32728.43837979581,35107.11463267862,16343.420094420428,6491.600357187337,3466.2440865236345,4572.6966315803775,12439.742286340303,11225.042915333099,10587.056753391047,18379.630082453437,3213.555274730173
31518.34073920679,36900.58413063708,16489.716564450984,6536.4901807769775,3460.849262628061,4517.7575151943365,12748.792196170454,11677.594931993912,10473.540678272726,19282.262297185844,3192.722158906906
28882.276886217678,38126.91602163474,15656.65497104393,6414.028878465594,3260.1742233175914,4204.099536219681,12898.510625256571,12269.25163206425,9858.828474555265,20424.545603265007,3115.114524371146
26156.757763585098,38277.405605821616,14350.323606292332,6062.134159758665,3017.1369651111518,3820.0676290269403,12659.500358957303,12267.255758071864,8947.898486943284,20651.27667429266,2857.701037643101
23529.412081344333,36001.0911678944,13042.456034881274,5631.922006830292,2751.1893095904074,3488.505488585341,11960.875368,11586.640138104804,8105.333841266017,19625.05723385288,2664.0
20776.23982174288,32842.02945590045,11687.33109936738,5165.262979576751,2494.622518037065,3198.318712513153,10787.409683155329,10694.116208188836,7402.6353802385875,18134.689388058345,2534.059745021929
18491.437767398787,29357.292601146324,10427.345091048832,4659.514275636488,2273.0390721385656,2896.771540945265,9897.521608799952,9773.318643975412,6608.396540603589,16550.48924625502,2384.022784799997
16904.658927305343,25772.210948096315,9576.62910499261,4323.151644855498,2133.5676098560552,2707.511940815511,8735.600073810252,8879.669576721453,6180.612865054642,14946.297782879468,2265.002654475597
15730.729133245353,22360.263495779756,8957.502888698555,4122.862881842607,2038.3645769229333,2642.5248784270784,7720.939270456717,8091.517158668838,5916.213507830509,13493.581072365523,2221.010760720954
15026.169879844612,20213.74433367129,8498.225866899436,3962.080710250496,1979.8065657881511,2584.3417700221935,7075.461848275002,7595.778017110834,5780.792494832014,12589.361341393882,2157.044124364811
14692.289558805425,18621.14416156202,8437.88701484376,3906.1693690736192,2032.2385668270963,2600.463962421852,6570.045029755782,7348.860998040813,5849.403742147763,12035.116651131357,2191.010907435762
15029.572437794437,17450.40269370826,8891.140370623421,4011.2119679024954,2171.155668724394,2778.8939520451945,6259.953853844531,7276.710794496785,6202.3729236945655,11748.693623285073,2261.010658768946
15698.32632138856,17108.404846645804,10089.200910967542,4382.832095905948,2428.6230901395656,2973.3133040376742,6088.441285142737,7585.330986350588,6929.890666467797,12034.742616890197,2416.161434471934
17422.805106233012,17840.778192112757,11389.58945130284,4930.484736808875,2694.4162557043574,3279.494566014574,6304.893055430041,8319.335962115832,7568.446105703502,13029.80852438302,2549.085680151086
19625.9443523823,20093.764868594804,12680.764547588073,5417.42729755841,2938.1416229355646,3578.0836950178464,6705.102058483535,9210.512515507673,8141.450412208535,14857.408886622805,2708.1098926397713
20875.582110067964,23416.606835251227,12823.218037634279,5632.496178546942,2953.4738656444188,3681.8881532595274,7418.930269851466,10089.396790851053,8350.19508267184,16643.616358346106,2757.0350578003086
22168.375331004343,26982.677028972517,12335.677486325452,5538.239179500733,2841.9111241162113,3647.2406007597588,8330.225966842088,10912.419001739549,8201.081743227182,17951.555811451126,2706.0790050147893
23400.44366665357,28048.25623282633,12285.64691962698,5439.395030499056,2799.7906507507255,3688.133296538479,8875.97300188977,11025.823245629392,8167.448485754529,18107.658675925275,2701.2637750151725
25198.726562143533,28026.583670876425,12299.299877394898,5394.88486805578,2841.9111241162113,3835.1583806884814,9090.590220178916,10741.193527220692,8287.434348509483,17547.165836783457,2687.489658630039
27008.66356725862,28271.805182251668,12685.245371160021,5474.53826458913,2885.2031788681024,3993.2194558741803,9436.631176970372,10461.033339972999,8553.512748978179,17040.735632579832,2721.3645274372043
28652.629584054182,29429.267721151522,12756.591450947635,5548.624123110312,2911.0027739765587,4074.3371615273363,10133.819902757796,10544.213742712174,8753.268741619913,17063.2874211178,2743.1381126176175
30439.676654092324,30957.723724105534,13481.163526778419,5707.375913987554,3050.7121608747793,4253.141363653039,10838.586504603012,10561.882136936278,9128.339098996532,17206.59318574544,2808.0
31999.197185942074,31923.02659352542,14221.50045224861,5918.690766064313,3154.324942014677,4390.180085580741,11298.835031936109,10532.452153436921,9536.148991586222,17117.525882943624,2917.765812498849
32610.457398736628,33677.41335613153,15202.32737960668,6203.600118389624,3297.700856716108,4438.183452743991,12028.22200576826,10691.528927955724,9919.783079476918,17564.28134804161,2969.424791619364
32404.96205615269,34898.637646334675,15957.015523514317,6392.081787989021,3432.510115357134,4573.530109570008,12702.639012787386,10956.060790106852,10247.596936737329,18190.08281785369,3086.1456558257037
31053.970687834448,36564.11263938368,16042.626091186472,6463.189417200883,3417.1186806546693,4476.803938066532,13062.031532495517,11381.259583107083,10213.108623483273,19104.056040503063,3117.807781864167
28261.5521108991,37900.45313341451,15137.4349602172,6322.745119637927,3225.232981910776,4180.12454796164,13100.036444802057,11925.035009276522,9694.354973812402,20042.215602147764,2973.2731385864786
25511.02958661789,38100.0213202444,13983.15637062351,5974.820910109588,2958.8359290647545,3802.082973082017,12932.154199982315,11892.816320310149,8797.081893687831,20114.29655685999,2788.6401604003913
23380.77119098639,35688.49148853752,12990.438730116644,5573.287358955167,2720.2281634940086,3428.873285357716,11894.041508805296,11213.714634711021,8101.920249955419,19022.451200161675,2724.949951997099
20783.19679945262,32837.61689071331,11696.252549438517,5119.36364143025,2482.808959358846,3161.6317782324777,10819.337269883159,10689.704341761979,7367.738583096759,18179.93888409448,2607.3434827360084
18748.676769174952,29796.811660298026,10561.740624354294,4703.654578209057,2265.892891710169,2900.2548550212236,9965.127614311781,9884.82366214648,6642.304091229854,16758.350564084936,2427.9016671245704
17215.065084901347,26138.945168910384,9637.859148453843,4286.218505464727,2108.4488128077355,2713.1819537521756,9003.444265768932,8999.52428863489,6154.4188895915695,15253.252323025165,2315.706553360045
16042.400009071393,23021.918397228474,9040.044630276941,4017.406276420626,1965.9195480887033,2585.1507257430203,7902.0459176776985,8180.411023017552,5770.5555873957455,13890.916794631936,2255.3498217119068
15264.262460632852,20571.397799472426,8580.33235143814,3844.455539386615,1938.9329053343347,2546.189000311634,7183.900632979352,7576.086363475656,5574.28514864452,12825.588040330604,2182.5305703195154
14529.539326639062,18743.438876021915,8265.280091677987,3746.208675634841,1877.7470804421457,2506.0992706716647,6641.747887394289,7231.02201552914,5447.3715979353365,12156.034980924493,2154.9391108685923
14331.241109136145,17609.08612000813,8251.570405947019,3703.8825432747853,1931.6303278900723,2547.080860434097,6294.906485732102,7013.800152305801,5492.050020137891,11750.895118570796,2175.038659115353
14125.368987249676,16725.045711932482,8540.747675785875,3816.106108056956,1996.6091071851583,2599.274327673981,6059.296381391182,7030.230680776476,5641.2095244621005,11593.994930297244,2149.8378004916754
14945.891894324548,16595.46663585191,9039.44345482834,3983.171399226785,2176.9292353451183,2759.1410896806856,5939.7292753042875,7147.738035075582,5984.156730879456,11745.74585486568,2152.0111042539884
16354.060173195941,17223.465793954878,9772.75370393387,4286.6795719997135,2311.3155786512875,2876.52055605201,5909.2458786412735,7516.00119156924,6519.772626672969,12489.60657300537,2322.0
18156.273629748568,18722.595825520282,10213.07657865596,4531.443582976419,2415.632274182668,3043.378335660668,6227.443755427639,8129.752599936674,6790.255838461504,13466.503611339354,2467.489655361502
20509.442228315223,20493.234042531727,10781.780686291579,4725.112178201049,2492.84940520839,3246.355142179689,6797.53285845539,8643.411341547606,7128.876355081849,14529.572796816014,2519.1962043697167
22772.815803398207,22170.076918692426,11217.854919621795,4865.679812402437,2500.7058180193026,3434.20830087566,7399.5863485261525,9000.007893207654,7393.458907614709,15182.635792763676,2641.392969726433
25101.58822353338,24054.31613215701,11789.613819875018,5014.850133992432,2615.183494435804,3655.13145772197,8051.351223160524,9252.002092299492,7772.3089946962855,15680.060385875948,2716.5101995511145
27159.96583214004,25634.281810952052,12240.821905978875,5153.046884012745,2726.7036118965693,3870.024687117716,8710.731896950618,9393.820654652676,8155.66106611175,15937.85997162429,2764.501109292701
28865.560130632195,27970.630793870976,12545.920911530515,5319.039578479843,2800.7895916481984,3997.0014993752347,9561.120415546662,9657.008295642414,8434.559520486742,16257.908713033941,2796.4952269639703
30336.778025023104,30150.494276911824,13158.840883163057,5444.467146134453,2935.8873675540544,4129.023355763873,10340.972026250798,9834.674717509248,9033.514220193638,16520.419552345265,2823.6319942709215
31729.509330078115,31928.637442438634,13796.085641370082,5632.45539854564,3004.7661105051434,4229.640518299661,10856.44411170158,10016.377573068927,9556.892811311345,16711.69927981495,2896.38457652112
31959.390140261152,33628.5250373457,14345.235108775512,5774.092322371295,3115.657710753119,4312.649508704499,11203.03670180867,10261.240495920942,9701.307744433503,16991.495471717935,2865.264008822139
31406.870289876562,34495.59122604211,14503.62622238519,5866.330925857709,3144.3790699695983,4359.767170785895,11796.515629103544,10537.712275165144,9842.256536987132,17539.827054783083,2932.3219860766135
29934.154587930825,35400.31461343552,14638.766797844968,5901.496243001375,3162.345905466107,4256.542563848109,11909.260763124747,10828.1843937385,9814.554030067688,18080.155741540828,2910.003872041031
27426.25767832705,35318.89365414923,14041.933118693296,5823.184249141726,3034.9261917664526,3986.338511243297,11812.767100185114,11168.245891955883,9177.205244057945,18585.68408507145,2857.8937912492365
25223.431213665455,35268.88829467036,13569.982735719159,5633.6372380643015,2824.8352118519797,3709.6362598623377,11587.011795431263,11101.40622530855,8592.276321723795,18786.926569871284,2784.974596611334
23427.652063995403,33500.80559812218,12697.121864332788,5335.60905330655,2637.153100521698,3379.730437893406,10880.180833143377,10688.636714653818,8042.24134842226,18188.090451504075,2701.2524485913254
21525.670385733094,31397.6550215222,11830.68648115301,4972.492495647227,2481.637150704806,3142.5661684489314,10361.422633551205,10112.871535003245,7483.5229109476,17339.946156778737,2585.364625084027
19309.25958346638,29079.50272679036,10525.05845594538,4598.107984348688,2251.9053400338107,2876.3063814437455,9571.072587407527,9475.095517550168,6743.108136842424,16239.095859523175,2445.034226851909
17536.689240148393,26303.085560154894,9639.85535442018,4213.133982897646,2077.4715713382434,2683.1840206123466,8861.115624700542,8808.991409531787,6275.156064805037,15084.596832908903,2315.706553360045
16321.761312698203,23074.67974599063,8969.95359008787,3972.4847722489208,1962.0356690365757,2567.1924745705214,7803.007718444711,8114.189076216944,5960.359650856998,13775.035099695342,2274.33800547963
15533.283208176945,20537.65566871397,8598.106002562083,3792.73964296335,1922.9410054382793,2523.2003033314036,7075.461848275002,7567.71579778473,5795.24863372949,12702.171814457179,2234.0768293770293
14722.84077347693,18757.80742604565,8199.36874477332,3684.1049929669184,1870.6516330711852,2485.2194562183518,6583.221866696267,7150.556553497244,5689.001048160415,12007.862653265081,2176.2739169803144
14199.454875798834,17532.816943127775,8173.4888314644695,3626.9939338261674,1898.5518791682848,2502.2108128011564,6233.618178353609,6966.053465489276,5706.474786848507,11605.163234759564,2169.8297822761083
13944.238942239392,16577.04956966209,8329.651984934977,3684.9095649285473,1948.7188371960308,2547.301499013742,5957.246126571958,6887.597826857501,5799.510966526758,11431.29876506422,2168.042157245777
14566.683571585687,16290.163663503165,8795.359140772167,3848.327549705025,2134.9482725400544,2697.1443786330283,5899.601918664964,6954.967311488486,6106.218593511487,11581.249698701859,2155.011088862299
15878.418784227704,16744.801313909556,9573.788606163727,4137.859643867794,2267.3423346824025,2838.527347353669,5769.730010774504,7299.906231328278,6606.16577719801,12196.085840881098,2271.0
17689.950925607616,18096.658149882667,10090.873821955232,4419.591378512343,2378.5257806952604,3000.33129870344,6093.073357262745,7880.842804499492,6984.948734546558,13165.921000174481,2398.06316668261
20022.610432347148,19780.246933766495,10771.794398530634,4620.2613633488145,2443.6126207557973,3207.2647860076318,6650.358700036225,8451.555242413287,7377.008845490796,14222.818541133636,2547.194011282718
22143.182065468885,21550.646979442387,11248.407952840076,4782.607283792715,2487.853323159651,3354.213194368455,7326.498689615622,8837.160719080328,7679.277525782805,14866.14496097808,2619.460510468033
24109.754951831543,23640.964641784292,11923.44372817135,4910.4121447074895,2574.3753399559378,3582.134105729982,8016.20667218364,9156.938846842397,8246.996329697062,15425.733941703073,2680.3871187683685
25691.41716426537,25724.71733759902,12725.248154591307,5017.443822079777,2667.4421864739825,3788.025218906443,8589.925268707328,9340.20629998849,8487.683581753197,15682.76993131348,2724.5797626544168
27263.157936999803,28451.75741253822,13263.68726315458,5105.557024110515,2718.550235155697,3904.001535050288,9132.160097395114,9597.441461086035,8599.454065614287,16099.751298382163,2797.49504536562
28983.376843139242,30725.468987796372,14128.750069970698,5163.240089032041,2855.3902436415237,4031.0134428657298,9729.90703163311,9794.254753627722,8837.970542823654,16367.255850040305,2924.447675361786
30665.748896131063,32243.291073038174,14825.654357475787,5295.52957713667,2963.6259047152225,4169.588856797193,10267.336590714212,9962.57702027252,9144.026818738848,16595.496420778403,2990.6075136285676
31507.37210015792,33989.793733022474,15245.494058286726,5402.771898711605,3101.4599868288724,4272.524446789824,10797.786729142756,10191.150421561295,9416.624754009057,16989.27443478943,2978.9033605617847
30955.580969808187,35134.95546669924,15476.344391175962,5583.0265272466895,3194.506036581154,4311.480886028544,11565.30894855708,10522.295294979001,9724.148983602627,17563.548521631303,3016.7456338341794
29798.16261701153,36250.88489316922,15581.627782583655,5700.729331734059,3182.0952836858355,4203.6036268020725,11880.07648455636,10942.953905345294,9714.290097246267,18310.72111373357,3009.231417387957
27230.907289802588,36289.899887743406,14958.456485710885,5675.066279364714,3065.08764562025,3968.188190587907,11793.555406335796,11390.22089101381,9301.104938651542,19029.34946479895,2938.9723507880885
24726.87647844579,36138.88261470868,14257.333178078135,5495.739454993368,2846.613779802371,3671.513428382725,11547.110655617365,11388.731647199987,8833.965334991964,19243.084624703657,2858.729509484092
22595.87601535921,34178.73838383503,12988.533968426262,5184.221970169349,2637.337009034367,3341.2601264605387,10772.688905517174,10877.693482049508,8218.715088510551,18568.43736842863,2575.0370132128837
20271.466198827173,31663.924588666516,12198.738116789807,4793.400298602897,2436.689087917337,3164.1327240350856,10137.22983349069,9953.019906796462,7683.21148917844,17158.134848465153,2499.0605896716143
17975.96083367709,28961.156304306412,10617.167891710973,4373.1730556791745,2211.0997591515857,2877.696017796664,9441.637838863466,9212.760350131812,6860.15332920627,15852.153615943975,2369.0101709260693
16632.50384456409,26119.868651661403,9679.160775025182,4097.908227816944,2072.6163030172693,2706.5837285206258,8669.272366996262,8585.125720584727,6416.576279995522,14678.737222223195,2240.0026841632875
15481.312793096271,22125.447458413764,9122.936696012539,3909.597954215341,1983.2706985402426,2643.392665378248,7733.135283540086,7937.7362869936105,6071.85100351931,13206.991477160964,2191.010907435762
14843.05561078815,19971.53028576894,8714.469424117206,3787.7478147784436,1932.93592647895,2603.3392205323744,7132.194954884828,7464.584028057684,5823.679545851039,12369.276505119524,2153.0442056374714
14623.001156957087,18383.904835653866,8662.24781935166,3734.4257398619566,1970.8103956204047,2617.3966590494915,6731.993507129792,7166.723709181893,5865.088931341146,11772.059319552955,2157.044124364811
15049.737999117384,17187.71971458883,9085.270297398883,3833.2751580107433,2164.1595772125743,2803.8857044888246,6421.486554398673,7090.721157378624,6299.865874399604,11605.669840184555,2271.0026474480105
15874.257005364574,16776.602291367217,10351.582159010277,4268.001098029192,2422.496707355644,3013.4031052629593,6364.376328663499,7479.578848238207,6994.454565061086,12024.04919761887,2424.204029420463
17474.712366416854,17666.46963178863,11664.963458638418,4857.933116247765,2701.2572491505607,3303.4832559312636,6504.370461765772,8282.764278463359,7670.474003669095,13106.447139580705,2544.0858504211205
19309.99020128539,20044.50291308578,12852.772398897241,5364.704626889645,2942.3099381138118,3615.1612725702375,7090.070641090204,9264.303741579526,8287.60941720719,14984.828281596123,2751.573913875534
20626.38494644592,23567.229179164977,13093.022447827341,5563.81927651538,2978.4427227159563,3693.885180981773,7904.403250522777,10187.106714777285,8406.311949666111,16688.87150614149,2762.0196506485227
21473.213240323486,27167.997128700557,12579.091281968986,5478.1317519198965,2879.387333278788,3675.2387392565383,8880.305463535098,10931.211198716457,8199.086019271932,18098.80907480433,2681.108340297978
22221.441938086435,28246.774286136646,12389.867759377239,5339.743465657929,2791.799152609047,3675.13377351319,9228.856754021617,11046.795104895222,8056.751766452314,18136.864891658264,2664.3176453343517
23428.80995408513,28142.61646018401,12465.951783001623,5267.497948341568,2776.8152340132124,3781.1025731049435,9698.190599111304,10687.906520424904,8015.930700138022,17473.07930929592,2660.431503671085
24343.783585352172,28092.66836655217,12672.086171214536,5280.045828716929,2827.761296656991,3866.190317632193,9643.970261024462,10435.785949978139,8077.483903699354,17019.750865743805,2710.312362785417
25697.559343092744,28668.07608932186,12743.243822264023,5296.831552516119,2865.054130002114,3939.3035872336523,9869.430142300607,10483.276884658115,8156.781021142498,17002.68806662665,2705.1400264093
27758.483890745036,29793.416119794158,13578.00833844553,5419.620537953601,3006.408498928664,4085.023540997582,10347.519197740501,10551.428189513907,8370.194228914166,17114.711602430634,2799.002140054615
29352.889547325773,30603.9099417517,14268.407632713235,5611.530473963327,3082.043369832655,4243.014784998796,10681.438789362466,10559.598354455953,8631.535213103447,17148.85000910168,2918.2320607055635
30292.95891762475,32323.128656650424,15202.73675909387,5865.225862302333,3266.162019655082,4309.836117642518,11157.439221367404,10770.17575991649,9052.569722995877,17579.644149273565,2990.201228262737
30644.705004144085,33595.861203049724,15942.082662118852,6180.583358484626,3438.932022234971,4462.319853964298,11623.208226201954,11104.433587325031,9514.307047384102,18175.13847014821,3147.142249168892
29813.472861978134,35311.13944494785,16153.924056998558,6337.471528277701,3457.4670742584594,4361.1008753327715,12130.254007780502,11633.67095177728,9584.663759814655,19223.930059459708,3146.465797882259
31690.759642492976,37500.38396798563,19230.619329384088,6887.068586881414,3543.741962607079,5127.066978317924,14353.228237185987,12538.257267638566,10862.929743172876,21020.286328593214,3360.039266323554
28574.1073209676,37275.96384932625,18172.67283000969,6711.29409114926,3350.0224814019834,4669.367198126302,14021.776295563099,12457.41443230875,10339.924663084206,20853.93218268783,3230.0167493217814
25838.181917544596,35881.35814155755,16348.152349870068,6428.08099598447,3086.0501943895456,4191.158795753819,13537.896166577413,12066.051054104446,9438.83826751149,20110.147148630112,3057.1993128667477
22926.159164037887,33926.99240066366,14562.569177222724,5947.011299406794,2831.2238303430604,3814.856285858693,12812.098330400124,11434.5191669384,8501.004162379226,19283.6179765948,2882.2116146015564
19843.865062466437,30634.82295867877,12911.45231532782,5453.7670181533795,2552.0807181186724,3475.451717653531,11628.165016491204,10626.368854608489,7608.979667246208,17928.686732279963,2724.0801185843616
18255.552951395654,27134.89133058578,11831.235127443702,5053.601997535881,2422.8833275622646,3228.228540689304,10553.521652010504,9560.640130292677,7127.350755585264,16272.447554345032,2658.082129159083
16863.00863841005,23956.499492647567,11018.860471196225,4794.832279957845,2307.3255888869367,3055.127250387337,9534.284603725744,9018.582108289516,6746.489580655037,14841.998933402394,2553.009435196914
15941.96292044171,21598.256341096887,10359.976018841491,4600.179361426696,2261.896431745785,2957.0737452197695,8766.176715468859,8432.667943732165,6455.192569251726,13796.848294741729,2486.0218446512677
15284.369813876312,19970.18382388582,10094.309149578467,4491.786849373366,2268.890245344149,2962.1312967417166,8221.126235478943,8030.456931353357,6373.17962905267,13193.879153586106,2471.039146362306
14944.30827473119,18837.165533244603,10344.144298727766,4570.040569162046,2384.0893397453024,3055.1994453731068,7747.2208474398585,7921.33683647166,6641.096111694543,12805.706809156896,2496.087520115959
15728.299139335912,18329.063999898237,11449.400214609293,4844.41252359264,2597.5120804248736,3356.4680993198695,7547.141992743351,8098.190739638554,7258.376320177223,12979.262101915872,2655.146695150857
17895.77252367138,18857.241643825782,13085.171796345472,5384.9495046754,2909.350032033225,3793.020302587062,7560.316694897417,8601.49974231419,8090.774115658349,13606.75675385389,2726.2614006810413
20818.15607548775,21402.433992161405,15044.079097722695,5991.824568309604,3206.443372534561,4268.688243989594,7925.083573947117,9570.479638732175,9113.550427023449,15100.180425571556,2927.0730963628307
22681.666391009745,25681.71372150053,15590.3378202354,6317.330475488086,3248.004373019203,4512.499631997701,9042.817701071117,10766.613952999925,9470.509344806314,17166.56497758265,3002.1596579555217
23990.124073781342,29698.840670347596,15580.548789651735,6351.596951621286,3174.104469910459,4600.645711707238,10438.78920832819,11600.068350975198,9514.76995737233,18716.07432074034,2944.714215073094
25116.010933725312,31055.39972075966,15430.514186758295,6337.487965732085,3145.7715379509405,4691.332730498464,11184.824700329404,11748.83293300584,9693.826460336619,18935.925290323943,2930.431719905037
25925.461495783282,31111.325841036985,15748.565412363274,6373.156296854498,3145.9552618695316,4839.408831185934,11587.117721739138,11678.183726540174,9876.530513169686,18696.4909452063,2923.7635057769126
27354.645967972578,31144.98142467908,16114.562790152902,6495.199386728222,3178.7296978148806,4981.541877218977,11750.829849728545,11642.234088494453,10102.39345654883,18514.191217239568,2963.740766740497
28875.996573017233,31889.028661351593,16565.638401845008,6580.571177194753,3227.4123110446913,5102.814342681122,12398.434725473433,11600.103059402947,10332.469836468126,18404.158029663085,2957.5239389509447
30546.976807304694,32967.93556535682,17612.17519921625,6736.040639260894,3321.664330519995,5346.182511509298,12892.684185610824,11657.64798018128,10817.405973942954,18493.027999714446,3080.0830289288983
32516.085922696366,33800.859256484604,18543.993687719692,7026.0307802514635,3458.0533180305333,5466.818727111377,13315.817006833322,11596.918259459335,11248.943144142717,18299.313183668542,3218.3092707061933
33910.193679563745,36007.33153737963,20018.780140445786,7372.519658627672,3589.662481481481,5657.654771748935,14040.77617927898,11627.235369369459,11819.699985557727,18488.696895892397,3396.144901320923
34978.64168993162,36747.91938183554,21045.77637745777,7756.611618168642,3700.893823633197,5756.68153072942,14603.267456426493,11894.973202010859,12279.874023845576,19016.047043988397,3566.917683476875
34070.604325175955,39530.760210017535,20724.17913891697,7911.905713678617,3650.9811428943326,5618.77658821771,15460.565611926202,12370.07916206791,12166.548003451124,19999.299020596074,3555.4759847697273
32159.643221416725,41446.39221685371,19739.67922922985,7759.203709836729,3547.1713175185346,5349.305471824413,16118.813289436095,12881.494143275317,11741.974430073245,20990.115493485027,3507.3936136997936
29288.58919068092,40752.80849409803,18972.759691016323,7471.960909889462,3343.829538292719,4894.478460471744,15706.575620404406,12788.671677774997,11102.037578014404,20892.790770397474,3384.968654173819
26108.880495485824,38961.78753672764,17425.3335258466,7051.33396894472,3096.4121102748013,4377.4536047782285,15141.16049836861,12353.832978181492,10122.588781426019,20192.664724411487,3175.155122530785
23070.00090301561,36738.10340579612,15671.467798426096,6431.286488443381,2828.2286599402833,3972.89532722855,14336.271520825412,11745.03937258768,9112.120117384338,19413.026074533365,3032.659423331911
20322.70338758321,33050.93669092597,13806.059566435313,5849.758831781286,2553.0794274661203,3630.5482194448477,13043.819326703648,10874.385865560997,8141.283326830223,18129.38596427395,2821.0773360986977
18151.182901138345,29181.82868960657,12595.43551319745,5333.9693201392065,2398.9141891787376,3372.4088407916934,11858.110944608878,9802.255704861236,7533.179306292251,16540.02995520276,2702.110139650261
16764.543540947285,25583.297971954682,11638.017685497853,4957.357274182963,2289.515002758508,3228.272382275301,10009.163811705197,9178.561892405929,6997.903248254146,14979.186211203416,2586.0209953264443
15773.825789653947,22993.903562160966,10918.842000280694,4715.392362193625,2225.4169246412193,3082.2395503802054,9382.677414506215,8557.035380184998,6665.183361365072,13891.910626495837,2498.0217391216356
15108.650996072978,21197.78036164287,10696.278419691942,4600.005528353452,2211.9418260917023,3110.2373574761714,8500.916402561279,8101.866074198313,6543.759967534214,13249.615713451336,2511.038518094724
14918.385572023795,19936.81655626655,10782.973649846605,4634.138830627705,2345.1261683665202,3201.274720673558,7931.738276660737,7976.885858516898,6755.019291491214,12924.901398941382,2543.059531619088
15959.722031394615,19455.117213967205,11747.916128388828,4910.6851258197485,2564.0793140265087,3486.5714241496976,7683.525235872459,8164.5706059464555,7470.331452168277,13035.507248953396,2681.2277607010697
18191.588780050686,19933.391188506328,13237.930403483128,5467.3112614401725,2893.369823198841,3945.145610172195,7700.093496729152,8676.725119029177,8363.706895328394,13595.912015206814,2763.840226549313
21380.3180479051,22369.380359656738,15419.357343500342,6136.000407469115,3205.444862564502,4501.898128451106,8036.12503149133,9666.2384397465,9452.88196635973,15146.44539157961,3047.0702438280164
23422.092389759022,26646.79869074082,16221.425112513043,6540.588833607374,3238.204634455078,4742.605595608069,9137.285475583076,10953.549030718934,10081.168472675126,17354.24564967628,3037.62287149668
24859.392267073104,30953.596607938827,16339.543765613073,6612.482390700671,3207.2482463765064,4861.855749265642,10713.940296796782,11803.550660825227,10316.466365517581,18852.450324573478,3068.9158833824076
26397.901636557748,32807.67201754927,16269.103867421936,6658.958368756193,3201.0673735115433,5001.539666850965,11666.350899206087,12063.947686049627,10500.458512476194,19093.487606582006,2996.1999704951986
27611.37704484963,33211.1189734882,16524.695996997794,6800.8267201600665,3271.7925586238766,5205.736975100485,12252.933310158876,12077.386841754515,10886.062960818153,18865.432615105517,3073.5732335594744
29086.140421080512,33622.85317107533,16847.004323330006,6972.974255015334,3322.907784628914,5355.9667201526545,12596.34590346785,12177.625287904804,11244.153206754556,18847.869666752184,3117.4488404602043
30876.826574122042,34435.25377813183,17202.031298722963,7144.971044622392,3385.7651056083796,5443.018474581147,13154.667998362826,12290.47140111445,11401.520786098667,18801.96840473657,3116.44928683378
33264.14863769535,35614.6452894375,18094.237747802672,7438.930662071666,3545.11828459229,5617.427295569689,13759.15072984193,12374.174767222521,11917.662935466364,18950.332542699278,3248.649144971088
34826.87322217863,36749.83369818325,18975.622293529505,7753.905580670428,3649.3578106998657,5700.018035318432,14373.20664800207,12443.637468551831,12292.904784296828,18862.459455621298,3367.2958268795214
36834.1669523151,38842.20064249947,20225.80776028829,8131.903437242382,3773.6314570830664,5836.901564368944,15096.341299594651,12492.302882365724,12884.678861504195,19044.876148974097,3528.2088201305323
37769.253588605905,39633.58531552144,21169.056767388236,8498.86815081388,3905.8254453096774,5930.09164390023,15773.358210322032,12871.261589293003,13315.426057466619,19712.590945263677,3685.88716028492
37036.94535644946,42182.62636221411,20866.858916198624,8622.451924286044,3863.249198543987,5863.005010744074,16674.448752540044,13370.754644967776,13159.215714695087,20763.904139862767,3679.5262557942087
35107.25760336268,44095.6250811538,20027.987567774533,8440.584610750888,3721.732101733589,5578.540949469116,17376.31587756512,13806.414002608492,12691.193175393533,21726.687175712857,3643.113427144824
31608.085054631374,43453.63212762267,18925.35369121599,8056.076888645872,3490.836350347289,5120.8246084944785,16961.08124458093,13660.355843658077,11931.355861641418,21636.338255127706,3499.0206592107183
27673.41863330797,41392.83628923073,17161.8402438204,7588.528123278181,3189.296918404766,4658.635607975616,16140.237880631888,13171.956162531167,10826.434957080457,20866.380031045752,3249.187362874829
24571.93667967561,38825.26342922072,15807.655932365988,6884.567077394056,2886.5468030131783,4245.228118764076,15255.80070504225,12470.916388227723,9727.946253620023,20083.196819048215,3067.286946596531
21890.081189348235,34689.39954232459,13851.99156021686,6201.810443385336,2581.60874999668,3808.7132012330744,13648.112137696908,11462.676290227566,8586.48987933832,18694.903920788656,2843.1046137449316
19941.56482732022,30556.427673644626,12676.330008148456,5668.450968371098,2407.723656435599,3500.448420805095,12298.57428300152,10166.694458779082,7930.979230670517,16947.796803443223,2719.0355511448843
17939.915638822436,26629.090988761145,11788.187902536121,5278.483455527249,2268.3681525079296,3347.3583526902007,10836.168187592026,9596.935830567898,7448.831338777612,15404.913122873259,2618.0207373195517
16412.22725408367,23876.118782366422,11056.338216724896,5000.113932552731,2200.110905491631,3275.268405304847,9845.579581754379,8893.999915839753,7060.748545825245,14310.63087640629,2509.0096012784647
15822.940122500113,21912.30647836375,10794.961892210751,4825.435266164375,2184.814735875937,3286.314384696562,8996.755141025278,8413.556980444657,6875.471100953919,13558.785106631043,2494.038782627446
15780.399639349627,20402.912884406538,10850.224884317382,4834.25087978319,2286.874521239538,3391.46315914559,8340.104241709707,8193.992522303677,7049.573341337229,13176.585574580615,2503.087272585123
16574.578102863623,19815.55961722046,11899.085514826462,5085.004698958118,2555.5559705647734,3634.6778324723014,8027.1901616490295,8293.607920607305,7702.254955802021,13145.560541076067,2648.1864920932526
18941.266206414224,20252.89587085852,13459.188422467596,5646.599194917593,2866.403756356651,4069.194700564469,7933.74210036384,8756.095896528856,8658.433592204636,13662.002690170179,2757.7611478306085
22322.365500917647,22627.254812308678,15141.554677764429,6392.386207166559,3181.2855277947174,4571.8679138243715,8264.377306621325,9791.428575111999,9863.877076868454,15304.233414840151,2982.09752307344
25107.215440934022,27227.099088001676,15661.011281031519,6825.422451369753,3279.530666463814,4788.589622341548,9389.5006136801,11156.285448177969,10487.1912795157,17533.188689169798,3063.1565213728536
26730.346640950815,31813.075172538618,15544.219007659769,7027.533115245402,3232.4049793497034,4836.794597594187,11139.907082493839,12143.438099071962,10801.009307731469,19331.907611916624,3055.762299503388
28413.866737355387,33911.96290591172,15567.701341515762,7089.641154742428,3226.2214098505815,4889.3605226978325,12093.21884978094,12502.274557984627,10926.42437559733,19731.298990475978,3045.4816980830687
30346.996119868625,34590.60431427856,15836.900721309792,7250.484909717592,3351.052968955739,5016.538020872696,12732.374214453777,12598.176211545628,11217.764741526167,19703.341233039675,3093.563484570421
32369.55650947371,35136.35507957061,16119.182829424133,7508.5519463122455,3433.3129955165296,5078.638542356037,13396.507745549705,12797.905543121879,11607.797660797618,19842.939740183247,3119.550990070101
35011.96269446901,36154.40668940275,16429.25973850078,7667.865886427567,3499.5985798884453,5111.750845762691,14271.378049832387,12965.053202733498,11785.5695759701,19941.79614615806,3117.3491409842413
37177.80948843726,37568.77912496554,17433.055062317475,7996.812303520865,3644.165273946327,5254.128732401018,15104.32736194151,13130.654725094946,12237.852718323571,20231.765129646832,3207.8774189148858
39189.21679199785,38734.1199431845,18276.832074818823,8275.015754309146,3751.807345818203,5282.607937573574,15665.69249347331,13277.562590315943,12596.912360587317,20488.744108660823,3296.3498594737566
40519.728277707756,40793.75710202654,19280.54566731758,8589.773749842014,3889.4174353359435,5367.575700353114,16583.375083822215,13400.141666130003,13030.339601297917,20796.172198837652,3463.175626473577
41711.40082153889,41515.78331339362,20052.728229364035,8952.982198693499,4014.6249101786398,5431.509623953536,17094.052857884144,13787.086505321426,13424.498022807276,21529.558192102402,3625.5499109273337
40499.144890112104,44155.22116641024,19613.154526238402,9079.28530569052,3957.511366713685,5394.667954396246,17765.594015046037,14218.232930201377,13269.046281421233,22456.105506660755,3634.374371238643
38697.4999402559,45971.6721426297,18754.517665119914,8848.369578273836,3816.772443503196,5108.831551040275,18136.32128683889,14639.077144461284,12763.443824806702,23335.106295285794,3533.2841820937692
35471.00114051345,45132.64486198122,17883.5906981385,8470.98411558543,3612.8343156875826,4656.934897945493,17809.661793660704,14395.959567980191,12046.572088569408,23098.365105677374,3391.145602750437
31593.026211894165,42951.86634886606,16710.12316372479,7975.915037096499,3340.246117965989,4364.07036877933,17062.135024197552,13824.5997566671,10988.514134438994,22230.817866184316,3402.0128817561895
28224.198485204568,40133.37165213408,14960.996009837723,7320.715865145772,3018.9417117498097,4012.4913090267137,16087.632527451513,13403.691502506066,10053.66671146101,21846.412486618556,3224.6935946164135
25085.748050001726,36013.295496262,13156.444179979773,6615.570609051806,2710.2408997415173,3641.898206643097,14640.754993123453,12361.168056121334,8952.569515979481,20314.04128917132,2958.113794477581
22516.833432214287,31759.977334535768,11895.279342448073,6013.91717715547,2506.7802752116972,3407.4609353429005,12997.712624892416,10895.409114762495,8198.553679986127,18439.015305335295,2829.9688600700306
20911.462832810732,27950.431008346317,11182.310139354946,5639.301768403268,2379.413828151923,3223.3724248723074,11558.782215218509,10286.751372578972,7669.3007446690635,16667.604798828725,2712.825655140181
20042.76928221412,24884.999334564833,10519.766199217842,5361.121933719736,2277.035277078043,3116.7939912856145,10916.466237097338,9436.131650119827,7290.9478695420785,15335.735207077369,2674.0275539750796
19128.697634859695,22679.134503462792,9944.753594484084,5127.688227750231,2228.7769019518855,3010.523275285272,10075.034619696647,8726.320023564136,7054.01066590939,14368.843427777441,2606.1604921369053
18321.93087050386,21057.466923750253,9692.474047247299,4930.660501640403,2183.669503545275,2992.5265038499715,8935.18645319858,8382.038962584184,6895.904158859752,13754.950584650285,2547.702678895039
17938.562528788705,19809.155764227184,9973.32718052951,4926.48948738568,2322.433777626732,3201.216194173576,8871.909810106701,8124.241595792723,7055.795757609203,13275.474900088591,2559.471590599149
18836.574366916226,19302.91568186086,10746.329952476015,5180.564204706645,2527.822436596179,3416.5834286675286,8162.989978239307,8154.430071871725,7575.290795916677,13154.487722711994,2616.0022894936747
21005.20007671661,20443.34515867252,11662.498373102238,5636.706870388312,2680.7132257887583,3669.0411447165748,8071.982241975779,8690.388430083634,8358.17433852849,13909.298114670226,2775.034828858599
24310.405793350244,22189.295977889815,12586.192744875963,6025.454835633543,2874.2565255195154,3987.0972232837926,8725.339440747126,9276.134623299267,9206.95564465694,14737.706384361389,3033.3962684809576
27757.25676682503,24757.970382006195,13543.859848195023,6490.651313456101,2999.5937038314128,4320.17007621366,9654.698004021908,9781.194395247527,9981.066612993338,15686.896025922362,3290.9110944829613
31531.235484841072,27761.203888800614,14266.235035869824,6853.094058233561,3141.0871326552883,4587.224021875569,10938.289071107456,10358.320592151116,10513.302360877617,16654.610005888946,3437.1297272518163
34286.89236274453,30810.52152265693,15117.70496971342,7209.283174570491,3284.6013658399597,4881.501285611252,12211.327654113134,11069.655532470513,11294.713865127225,17669.8683265841,3531.0986165530385
37266.941273097975,33304.86273059644,15695.6597754478,7561.739531549241,3403.5437044720497,5111.691333861097,13481.050280391886,11652.701458491712,11709.73171238873,18474.935496666116,3632.247911103378
38743.28073885631,36406.626721310764,15754.420745269925,7847.4805034667015,3512.2092541816855,5211.860170287987,14896.234967614477,12145.134218440557,12008.569707837525,19042.702271481605,3625.7681858652386
39985.27241164273,38531.153821761334,15927.705138629242,8095.284891918392,3624.8134386247075,5285.049756854157,15974.246844586403,12462.621192199005,12316.606820889085,19529.061909120755,3628.982922512558
40732.27150058472,39923.342241021775,16352.307655409215,8343.917375223178,3653.555489990964,5316.16957961674,16479.064376478495,12765.80334726772,12698.787175527628,19889.72319353298,3669.859374310973
41182.80466346415,41400.585740716306,16918.805377705517,8502.912861608253,3701.1071158637587,5305.012311166888,16871.347811451273,13169.889651549616,13048.366398898946,20476.467756658545,3685.8274923655795
40990.028853798074,42418.66283191744,17373.32657292078,8540.63351972122,3742.249485117169,5245.50435227439,17276.768212116564,13510.997327205157,12848.006151001715,21024.347890909627,3517.323200658532
39713.97862346282,43489.38031362249,17373.166018185922,8552.138413984692,3652.977600480323,5119.315410325855,17706.731069189056,13794.545613460617,12644.587438216924,21736.454578905865,3505.7478633567457
38200.64640500573,43752.84552076568,17009.218358296323,8351.62836196864,3533.1978453991683,4862.514355002272,17672.82752359762,13922.11595634006,12277.712330901526,22145.9437994555,3420.646805583012
34898.366373099314,42829.73090615553,16562.952940690102,8086.79816759461,3420.3202282423354,4542.203599010144,17301.986245379347,13644.93262460522,11672.559504683537,21871.595377168203,3321.815824709069
31918.940427935253,41360.32802101556,15559.347967985528,7726.498397087974,3213.6308280808807,4230.025434409433,16805.65645000075,13225.995602361945,10787.984838050541,21267.78656710688,3226.843642208864
28839.677558764233,39273.03969319765,14367.4075200563,7159.940052716029,2956.6519218988687,3923.526445361741,15916.740433845069,12766.978898587151,9835.908590244137,20824.33074626208,3085.478667893281
26428.79258634256,36159.68883122861,12711.199013469371,6505.54181622091,2693.083095043004,3579.835353691571,14039.225123349457,11974.600371974357,8830.099536750173,19702.492604159914,2933.2086674234565
24367.18440891715,32612.0660035718,11541.264425638468,5951.007171239099,2507.442759673091,3355.468242016704,12990.490594777604,10800.870438774933,8252.193031183831,18173.884428292407,2734.908847018585
22381.057122347225,28267.295788309595,10787.922198656897,5570.208553137479,2354.1175546874997,3191.376237647582,11764.668123096035,10243.836931409742,7798.499238263906,16536.58665019723,2668.8397393032346
20611.524493106997,25285.369964726357,10142.53642561732,5266.873287882019,2264.7471005758566,3072.8057196056607,10927.675021944937,9515.869201243588,7547.356273939165,15254.114833134005,2612.157716326199
19397.53059633053,23021.604701838653,9596.473569377707,5034.253165296134,2169.5402254776513,2982.6708003063527,9351.741634542417,8789.63014214336,7415.43395197154,14269.016509303226,2553.185602393859
18529.637496557174,21399.327345218084,9385.313502868114,4856.752693885468,2178.6735456286247,2948.5345661851406,8907.028492087937,8442.346935229143,7253.548744877102,13705.824889907346,2506.896013417677
18417.348560354996,20040.142332446318,9587.42344993064,4810.453356270958,2249.482668592886,3137.2419725551126,8650.624644802647,8145.4066627613165,7398.699821218383,13202.388150264576,2517.628899331347
19415.49898527227,19287.826326927647,10156.964584036057,5084.655569643665,2432.6202850355953,3346.5308123525874,8070.357479068951,8122.854959322861,7858.125003638444,13083.206163473413,2565.0
21599.6020859732,20191.061407675636,10965.755297357107,5557.461689431413,2621.031597492248,3576.0269864972784,7863.45923962023,8685.58666851303,8554.813476103986,13817.239244000673,2746.0351991967923
24446.27461801958,21819.236128231103,11845.14148766354,6042.4354913317975,2770.054720927618,3834.0567524569383,8366.784532305508,9260.145762948188,9272.254172055013,14741.703324223372,2970.3485315305425
27739.162090059785,24206.01586686616,12642.452613021698,6524.7885652845835,2945.6440868505133,4125.11902996459,9533.87106450973,9801.301776018412,10025.211211683183,15723.001518953699,3227.8456270693423
29541.832553091084,27166.48771745925,13105.427881962401,6900.214811602914,3086.1456558257037,4362.13903887848,11032.754435898836,10516.346598598722,10580.889689844966,16779.790718208642,3388.055251540797
32482.948153060825,30421.310588184286,13790.233468303088,7282.996810618373,3267.6213495173906,4621.381796684385,12342.204318708857,11293.759989305481,11174.987334980138,17963.746589818675,3482.025809321565
34239.41430675938,33077.550324883014,14309.642852817915,7616.852114451188,3399.471765767882,4816.560827786923,13451.535453070097,11907.08431744878,11683.797021499407,18877.330692334985,3565.2722296714783
35550.25028606634,35874.088011124986,14489.157593011128,7909.583804479587,3509.3967190918056,4937.657184090019,14632.071213103089,12487.42946581316,12014.031375346027,19629.57879403436,3576.1743856559387
37518.46246268178,37780.83787305923,15126.124643764064,8176.3601724782775,3644.165273946327,5050.8882948121145,15797.682028368865,12913.298092077506,12353.24654128226,20279.276921625595,3654.975707566976
39036.097487820734,38648.262217058174,15675.606151296217,8484.68597982085,3760.00355229785,5145.936490253711,16489.581164917177,13290.573675633728,12744.660721613232,20806.72008477761,3719.833290047883
39450.96900200449,39743.54639160481,16424.62720085674,8718.175538796118,3883.428166093341,5131.725748741412,16961.9272170331,13763.560670369756,13129.408712900622,21520.361423549908,3700.4608187187737
38804.375277953935,40857.997385552066,16692.869728387992,8816.217104043395,3940.759742872851,5022.102110597409,17408.23107823092,14200.922385955348,13002.843274394643,22188.673558977443,3547.2789253884007
37750.1805325101,42001.65413175731,16509.218409829886,8793.126201476236,3854.700043730607,4891.918805987866,17874.588612697564,14528.821537615904,12838.847243096865,23039.630862684196,3537.590071820671
36333.978209780194,42270.43890800722,16251.215613251536,8579.86285297183,3776.9743605628823,4703.221751374403,17917.73490126146,14595.05385117765,12477.09606755749,23359.322024520923,3461.7391497624594
33628.201058287406,41285.23135685593,15772.07011575083,8078.812974651454,3564.495696895565,4313.962593944883,17563.332107189315,14325.37552414232,11834.50126061849,23143.83378832125,3456.628922529309
30947.400767051306,40015.55570505127,14555.976214883389,7700.417072981516,3265.376496738943,3991.865227139102,16771.48440843555,14029.215874708603,10949.065790887189,22478.675680512333,3157.6704497769024
28717.785109155262,37408.39864977916,13409.252348945618,7092.905564565056,2979.19371679902,3712.316715859919,15960.699601418028,12501.070032967746,9994.27198097425,20440.977088097865,3023.3982682945325
25552.11397652322,34231.40904913013,11890.5931189098,6499.593434577049,2665.4867635008136,3366.678469832657,14836.074312960032,11565.9174766358,8884.950656018182,19173.498125781844,2848.263592935832
22896.43711120931,30742.227421175045,10874.601544562769,5985.003879210064,2472.1875969968146,3165.901735428651,13350.320237258891,10270.530122444008,8188.694470299249,17379.81059519276,2708.1150427063644
21314.546293224947,26234.327391338145,10229.990308990977,5606.538680383697,2338.6311303593448,3017.5773334692212,11877.372710617,9830.831070565851,7684.838940077453,15721.890788519406,2646.736348471655
20058.023116368626,23591.72053512609,9667.745853205608,5324.5668685682385,2238.5761912116463,2927.2134414270536,11048.830255535697,9112.005885923476,7297.439290324049,14578.292950659845,2518.7986732418467
19382.737739485565,21513.630036256123,9478.903091193999,5151.039578359299,2229.243808128921,2925.0752739037443,9502.111492597196,8562.897982129532,7160.506867604265,13698.560483754221,2501.716026050289
19088.21972370865,20058.117640537785,9757.094285810595,5126.076476212594,2339.45777143783,3028.1357326734296,8540.653839295735,8340.60147379862,7294.195508830545,13187.176712202287,2560.78512586992
19994.80084843489,19481.49710075973,10778.742215985985,5381.285744025691,2597.67663762203,3312.618047000432,8281.53338246537,8375.909419433756,8074.338410136979,13075.794061391425,2716.11162813685
22353.718161378165,20061.528403390104,12295.82745474586,5987.343757607199,2943.669191817761,3684.187492090319,8314.670586484817,8881.046115494975,9152.031418547866,13670.832739944763,2969.1095118033754
25433.42582621601,22083.672871733634,13895.27453860438,6799.7097556087765,3339.6373061944055,4081.064924292309,9650.957725183815,9943.3754780379,10288.126253141945,15338.996596963387,3138.8017521173656
27734.688363775345,27844.21282517887,14294.825930930134,7383.248252466645,3453.859832603219,4259.205237772607,10981.56442595356,12086.324060368139,10987.77270758344,18914.36431851483,3241.6252562051477
29329.153800309978,32311.833225921015,13948.943292609349,7680.579374893151,3464.8432432587542,4255.732422635074,12459.454724798894,13321.389200069047,11305.254359294871,20926.701705387382,3237.514779300735
30981.013838070674,34107.05829734076,13749.774499789137,7830.319104520013,3463.649895595955,4283.5557235108245,13325.671350373344,13832.425622711944,11507.986236707664,21732.493891222115,3241.512830700561
32074.881577712236,34487.227457037865,14053.310291242173,8054.360299408061,3540.5414993096515,4367.936418055534,14163.432478366172,13894.54685784923,11955.709064871411,21539.892067012934,3283.385903605949
33389.26476987043,34801.45994233414,14465.318437432272,8317.960968721694,3616.8148818446375,4496.126231368249,14808.417652339385,13920.527319174205,12307.895802393257,21441.365869838897,3370.5705291112968
34983.98323886131,36033.564316440876,14567.572187920427,8554.82142510962,3673.734792264691,4557.224342516493,15374.100319799698,14073.201315948218,12368.267419336891,21614.957542459113,3318.699674982923
36725.725680377494,37054.71066236424,15292.75374538855,8833.400606172858,3831.4754585303563,4672.922263535103,15521.858897685584,14321.852478311816,12878.37423712744,21961.388857080245,3448.8630872557337
38161.91023055229,38178.88314147244,15937.427693044083,9053.522392804492,3943.701997722341,4698.413198733227,16269.033432538192,14552.835870578441,13202.751762256143,22202.065750990783,3544.9279520398513
39715.7238790661,40405.43973985005,17102.50041817327,9348.658843562722,4117.445948921181,4767.054475768281,16888.970197211096,14073.354042828181,13703.215444072366,21597.004825541393,3693.9882495590446
40068.30195424598,40934.721205207585,17930.764911564584,9677.558840281317,4243.51980514565,4807.766480236949,17388.235640176717,14458.27239558364,14138.526628023095,22313.926296654554,3848.1541390045086
39041.85717191742,43246.212214700216,17883.897690797494,9690.015688379364,4157.91981811801,4749.461003173329,17986.136985191108,14897.765718162937,13942.286479119348,23294.231800992227,3814.0223176800864
37433.137964993584,45271.453127259185,17046.976728895683,9429.66370275128,4004.084227314727,4556.967599721906,18416.04302184577,15238.307197182829,13400.904364802022,24072.99274090829,3629.511463219432
34811.62168576212,44432.81127288025,16301.347267182586,9078.756212308415,3772.858254186631,4206.320041032487,18053.964790538786,14957.37165923983,12548.771376504945,23836.468493777535,3538.3270499682726
31718.77191528465,42416.1015667337,15024.344765931979,8549.82353118159,3472.4415708277575,3851.86645860852,17331.278540935233,14320.714861079625,11516.63810672279,22898.86283582818,3373.861594593508
28622.908898897702,39576.616461044105,13549.140825654458,7852.246783978589,3112.7929794234497,3548.3450043700286,16368.001876487455,13400.708429951434,10402.596601676592,21767.44556884943,3139.56413911827
25450.890150551673,35479.47676548825,12050.734998170738,7152.234165793267,2775.523333289918,3242.477964866414,15087.988838097475,12185.575533537234,9148.293497846804,20014.446682466772,2932.0700587534984
23266.285019932206,31289.325113080326,11019.570259285243,6570.682199283881,2576.421802078842,3066.0022829213804,13939.946772838497,10665.913932800135,8456.30846589709,17947.52471231731,2794.079400248204
21885.335712599735,26912.612759106327,10288.904155748643,6110.570345518351,2424.5317799865957,2934.65459097641,12361.415218073229,10041.357665980657,7952.187939848105,15945.953179668148,2665.9332313556565
20663.628111743386,24159.453988367357,9744.82845332026,5723.150480017106,2342.454420271258,2855.1289079577855,11224.92672688438,9301.126208684165,7486.992701356428,14729.331288719643,2595.959343520317
20064.011418812857,22116.93116311797,9574.78643273786,5487.3255935980815,2299.3341946951014,2857.988151275798,10485.959975289325,8668.594166778543,7347.064662212489,13903.765366478385,2560.78512586992
19980.722607881748,20683.240471194782,9791.053170507541,5433.020740096496,2396.2339603080727,2941.2023340264695,9501.012121716289,8421.513494305558,7467.779982175907,13351.323538757302,2591.6903695048504
20477.238424209205,20008.08791217044,10783.541016877882,5578.387451239673,2669.7650433693484,3206.5611658864236,8931.192816400126,8434.850733270538,8201.289998342378,13265.28122546046,2786.904327765075
22141.996258706113,20558.163913827175,12442.769501829756,6128.525733947754,3033.5528734217573,3598.268244501037,8690.362435375988,8986.101627207656,9135.32289125381,13835.986907292272,2951.927430932524
24491.145578291816,22398.833851183215,14040.683205251038,6897.753336427424,3376.185756188794,4025.1250917164607,9165.044154880128,9954.364484730304,10344.980232644019,15398.59677273085,3229.2604342839904
25996.833279121085,28177.952557536028,14442.72712455531,7491.486327003701,3484.0127264858625,4187.282161829534,10364.48807446549,12039.186590691372,11119.68651572589,18727.80626545518,3265.612789455508
27138.91338160391,32781.204827101414,14163.716792550507,7796.589012115806,3484.6198231603016,4200.941724982482,11963.488491688253,13260.537421908517,11401.999410837316,20718.930076478395,3284.4921955462482
28074.50238338478,34611.12272091546,13813.107980646666,7921.166390589197,3487.4264382138726,4209.775637103489,13218.18842545996,13685.77154725539,11568.092330959582,21331.95932334272,3277.4955163119753
29031.678726869894,35152.01365650932,13922.813412188012,8109.684600530705,3585.0568613832475,4317.984756884301,14009.101465673926,13662.584979350217,11877.860252728473,21147.074979704772,3315.587421661243
30552.03377391083,35529.58432041136,14290.918324171282,8314.758057332647,3670.125930616579,4425.037997109388,14747.365189207118,13695.823311638476,12269.203353612205,20973.97594196745,3386.664059443939
31697.076631857275,36462.146959024576,14552.542623128069,8498.494557681772,3746.208675634841,4503.119431022373,15334.244093983456,13893.348156032049,12397.921270314917,21113.64976549262,3396.658947364675
32823.60436226585,37591.46325460538,15552.599771002147,8772.081213115642,3886.792124460015,4593.841572153418,15937.790442720916,14109.36020524403,12780.375583712716,21407.204041470002,3508.745383522335
35051.90710102588,38353.375318278355,16458.446798007342,9004.740960207759,4009.4200920575413,4641.665816309847,16358.081666104039,14276.712468899565,13200.757582449918,21525.670385733094,3534.3114610837765
36374.81896838006,39855.84440755522,17669.17542931811,9281.104344167952,4145.040364762268,4713.1288671665625,16925.65048465381,13782.558925084815,13685.272719897395,20943.616793099052,3710.726143373505
37230.18888587806,39508.37164275739,18558.826709606885,9530.921072003746,4330.0302406092,4761.83683245246,17251.810278310142,14081.044961660245,14054.509179000719,21625.581239483083,3842.904394514972
36703.519691741436,41296.70955691865,18445.8743312665,9520.94274800693,4233.995138991578,4727.689970011379,17884.401251325995,14465.642053171397,13852.592710481873,22527.016261564375,3835.169148214201
