elec_demand_AZ,elec_demand_CA,elec_demand_CO,elec_demand_ID,elec_demand_MT,elec_demand_NM,elec_demand_NV,elec_demand_OR,elec_demand_UT,elec_demand_WA,elec_demand_WY
18771.31566145171,32712.893335444038,15881.575725869736,6603.861058897243,3522.6169096209915,4039.2576100628926,9428.143061516454,12831.089096172404,9698.549887471869,22459.372714745063,3177.269637704392
17533.4985813926,32275.886538708437,15029.109392265194,6305.774278215223,3344.594594594595,3858.206207259337,9339.135999999999,12629.011272667864,9295.345517549744,22167.34914354869,3069.1749917300695
16039.103477249226,30208.631456363884,13814.581631120458,5876.691142806832,3110.5016490765174,3575.2070434535644,8942.747451343837,12030.74558697515,8686.100227245544,21120.719478871866,2917.2179979072203
14493.431491673218,28320.861822165418,12417.748457047539,5381.488086087625,2800.475073313783,3244.1654158849283,8507.48801557367,11304.57377348167,7898.764265053906,19930.286511627906,2731.2930841121492
13083.349857909694,25727.09003215434,11170.76557013491,4892.2188225364,2559.336265493803,2998.086311530681,7935.307160558236,10348.300736905,7196.324063400576,18273.92830571525,2546.089427662957
12236.69796227686,22707.996041135786,10597.27514821654,4494.061280697728,2395.2252022137077,2836.051209103841,7229.889825664476,9375.002087223993,6775.093439363816,16450.279817374445,2479.06889523033
11695.395934172313,19906.506265534386,10127.9050954121,4289.922929171669,2287.21578243424,2766.0294759825324,6544.513155821647,8556.673758865249,6497.857324840765,14808.665186624117,2459.059137577002
11437.048055330997,18238.639420093645,9876.597174613067,4172.858658115441,2211.13275149288,2727.018061186878,6208.2545997016405,8037.463692150346,6318.701946671029,13877.212210806416,2405.033933808127
11551.893409131284,17090.96106705119,9828.476796329127,4123.753800149514,2214.1325688073393,2779.013010480665,5952.105163184252,7771.241948257656,6277.64581961817,13402.932354964456,2357.042789901583
12312.924210876987,16329.435762254441,10229.565945079174,4252.730323515209,2306.176522506619,2885.0223074241894,5800.968860580326,7588.997303128371,6525.679170623615,13082.53113038044,2406.0419111483657
13878.39715892276,16137.170948303203,11398.082942661376,4697.840586048545,2628.262422360249,3198.061829652997,5773.89522287338,7721.911846459298,7265.947226173543,13357.434719461857,2517.078746484532
15372.393323949325,16919.1598040994,12930.128561168303,5372.077379812296,3044.365681665547,3482.116211504939,6130.992135207496,8487.953303646647,8337.468769402707,14718.49823199057,2767.1466813347997
16411.188786105344,19453.68835201853,14568.51664295875,5963.464866735894,3343.567700337734,3778.154423592493,6712.240238860817,9809.238894681961,9261.125168086059,17097.849976110847,3024.391069012179
16285.123073996574,22723.096441651218,14662.669753959275,6178.475371514443,3407.6667672804106,3791.086284953395,7330.639814424293,11092.684225117826,9348.01996672213,19393.67277334882,3030.133779264214
15611.71144442976,25750.68720739466,14053.066941601002,6087.280277401894,3323.6263532322923,3661.0395930712125,8020.178396493942,11820.340818102699,9079.528875726164,20807.844759458658,2942.0493488690886
15007.415922516831,26563.448891816493,13249.5727882665,5949.191456243515,3177.5431340872374,3492.0071797817345,8265.111708109458,11950.460034453057,8786.238363892808,20941.016498895162,2879.012556679456
14931.496684624948,25358.546467347267,12906.601570638672,5826.10128815952,3142.576847612819,3426.0011689070716,7990.889892861754,11684.00360281195,8598.222008649689,20514.329032258065,2811.0228980322004
15145.634945504089,24186.105305602716,12791.565653298834,5767.11287446505,3125.55241537956,3391.002658788774,7609.729748035763,11292.65366119227,8461.22554646477,19671.753917434537,2800.022988505747
15153.72946465059,23988.953287419256,12735.616653127538,5699.155651859877,3099.529976813514,3350.00269138756,7541.745829915232,11177.646131279795,8290.412109862671,19473.73384170392,2828.0513552068473
15913.531304856642,24077.287256282267,13241.031056872409,5769.259999999999,3179.5162955792193,3449.0236082774704,7437.835276158756,11145.676016185398,8492.564024390244,19273.73842801722,2893.0501917044267
16777.949727587915,23856.35578911096,14256.694121071012,6029.416524119056,3378.588449848024,3617.204602862756,7365.821188340807,11134.677713338857,8913.867162963825,19150.73192126658,3034.1204939919894
18428.912312380093,24985.103971000168,15848.510057000589,6483.723940070131,3655.6203313675937,3986.3128192032686,7532.008918770582,11466.070250896057,9582.51448096323,19836.500233003677,3210.230988593156
19827.294170074445,27029.134490404464,16733.324880353037,6881.024371897097,3863.7765645805594,4221.348371531966,8165.343936129769,12309.357697769612,10086.922934076138,21505.96368154449,3369.290595706078
19554.00116890707,30416.26079124465,16686.222333001,6948.039481525626,3834.7249329758715,4181.351766138855,9045.715054378936,13126.654123549702,10127.865653245684,23085.505413232346,3331.293973692261
18609.994205482504,32279.52613855035,15870.540862396127,6761.95423936333,3652.6755768148564,3999.260228716645,9405.000992063493,13497.962292954735,9767.563417748457,23940.120456012042,3245.2638845309066
17359.37185149815,32115.720104489163,14923.108583750696,6462.763717805151,3496.5945390487373,3806.209066666667,9378.972590627764,13403.892184738339,9379.353566681435,23682.056794955424,3127.237227465018
15924.920299284318,30214.490380006846,13737.60827857089,6072.634723404256,3236.4816339455347,3531.2256115107916,8975.62956983047,12814.572747711578,8826.087892693258,22667.532522354864,2972.196990424077
14381.179992803167,28335.857518248173,12317.743777329299,5553.473948641608,2900.4081920903955,3215.1669296307987,8601.495006617735,12045.469452277195,8090.734222678297,21367.131924724454,2787.1456133964325
13007.238412698413,25686.13616781415,11248.97629983465,5100.263104634689,2666.3224693251536,2934.077479338843,8010.25,11036.182046979868,7563.387830615321,19550.74948719297,2664.123287671233
12033.621778957282,22640.11615377591,10512.386350264758,4763.060147122458,2475.2577319587626,2761.0526123492873,7267.9466723549485,10019.81388433142,7211.136970567121,17667.129302325582,2589.1569242840333
11482.264916681599,20066.718801398027,10141.987829614605,4577.950078704745,2391.206220707286,2665.0241600604,6608.560792882785,9052.499263122094,6928.974764820068,15892.453225806454,2558.047712933754
11258.998357814067,18241.815329043908,9775.667296786389,4446.860545790934,2318.1583333333333,2649.0243068742875,6209.343729263436,8520.251232711968,6724.7589491473345,15033.061976435334,2489.032780250911
11382.922265307961,16962.122023629203,9784.508959446715,4398.731684554363,2309.158960810216,2667.0135593220334,5933.165742024966,8219.076817729083,6722.693288281371,14484.76212324416,2474.040749796251
12239.961867247735,16237.551695825174,10238.589984977465,4572.754937163376,2406.1690617075237,2789.0176576576578,5800.022843987958,8093.911902057302,6992.721623616236,14247.44420570119,2547.0320284697514
13822.516800475767,16114.294685990339,11553.250600908039,5039.807856706697,2745.231910946197,3062.0556653491435,5742.926045016077,8229.833725976441,7745.984533333333,14545.354338987803,2673.0851305334845
15211.338119750746,16847.286929574042,13085.283572668457,5742.089346463742,3156.3524271844663,3373.132392674873,6019.984489517641,9001.91826323546,8860.523236805231,15875.4060855052,2892.1547368421047
16212.208551038613,19401.867427243436,14853.68083176331,6338.436981623028,3461.6007119549095,3638.147271714922,6676.247113163972,10341.152113789016,9923.275036587915,18231.79280438675,3191.2500797448165
16279.290701364647,22811.190881650677,15098.896222527474,6516.457535979756,3476.6531638083975,3647.079988928868,7303.708556904829,11542.665838288807,9996.175878875867,20416.651097524307,3200.153358681876
15568.59553612822,26005.874950455804,14497.394084446667,6358.463434408951,3381.672041375114,3550.034297052154,8027.2106144531745,12301.27462611747,9717.724853645555,21661.824371740164,3110.063595068138
14974.300144498728,26679.69196325176,13745.808681913933,6098.218997806647,3266.6375944584383,3425.0073206442166,8181.1676139952,12419.3362304445,9309.397536891156,21759.97147714394,3027.0332557366146
14910.314741861914,25613.692637913744,13544.797556319207,5926.196214620593,3191.5677502413905,3372.0047562425684,7988.954398656505,12019.920122887866,9191.395863774305,20960.282009883067,2996.021476510067
14961.364632130064,24480.107714884696,13439.724222837796,5824.130143033727,3127.525106662291,3361.0026825633386,7668.809818426361,11569.637393767705,9027.27393343246,20090.7188933048,2954.0217835262083
14986.420857123201,24203.9696455825,13417.696131319359,5749.174543501611,3099.529976813514,3336.0027027027027,7539.746307439826,11304.651862594037,8881.51706464764,19715.771856007483,3014.065639651708
15395.96142492956,24110.253897929626,13994.084689349114,5823.27830856334,3185.596644078735,3479.0184810857636,7482.856256035316,11221.664383561643,9009.654716764335,19421.7902315523,3029.0653115628124
16157.811022108299,23879.241235428228,15149.694890910336,6079.500169779287,3387.6421851289833,3654.1734184239735,7369.852759876717,11165.698127065736,9323.028364849833,19265.739592748152,3155.252984833817
17782.60121233316,24851.014658385095,16792.447353794847,6599.79338972431,3694.6956037840846,3997.2942224484605,7682.068891280947,11463.09852084267,10060.611380770422,19994.580948466322,3369.2719854941074
19173.36594340133,26883.973141210376,17818.388396501457,7029.97998822837,3897.7987853181935,4192.3145631067955,8340.397146401985,12319.38425578095,10725.035295258413,21599.00190340233,3518.2964678633466
19196.358030696065,30429.121488978704,17802.31584782355,7126.021486643438,3903.8272223687686,4159.299584250428,9070.743206211464,13203.69670278276,10810.962022882415,23160.663941709616,3510.335851249274
18350.746936239906,32539.518036645884,16885.679449360865,6946.969471332836,3714.6368159203976,3973.2619595804554,9470.016529830324,13689.041327913279,10451.624180409297,24035.28125,3382.270921131849
17388.290045868827,32427.587638081863,16076.128264654673,6657.811180124224,3534.614758861127,3758.1968142548594,9464.944602583753,13574.03697517273,9991.441812136327,23828.20597518267,3264.2443890274317
16054.879032258066,30583.52199790335,14963.645176926804,6270.647717910694,3274.5529780564266,3461.213971235691,9104.661323328786,12947.662294300022,9463.168859649124,22716.609993657697,3109.204315135665
14487.289644822411,28795.86385178802,13520.83931440814,5788.510619311083,2966.4229972375692,3186.1540420114575,8612.456631427198,12180.354694360014,8630.812905551551,21469.168862275452,2908.139470013947
13074.418727775583,26278.037522123894,12504.139707703742,5330.269789045868,2731.3600599475462,2947.0992104359766,8074.266077376377,11190.151167064878,7984.471321048533,19716.830838245267,2762.1059384164228
12189.678049192798,23233.02125294562,11732.537313432837,4967.07507258399,2549.270724869844,2776.052325581395,7356.922342367646,10116.851193499237,7564.171819425444,17743.225388000927,2673.0851305334845
11565.393947485536,20486.650095602297,11330.095791001451,4777.966831789791,2448.220233139051,2701.0372995151065,6707.568419434194,9153.508520179374,7306.969726976941,16030.482346168606,2637.06472615856
11239.05723690226,18593.770256807617,10925.788504883545,4646.822502210433,2374.154537671233,2671.024105461394,6263.331798750411,8620.236363636364,7109.822196397443,15087.030599090847,2586.047191887675
11373.897220718281,17362.048151434486,10836.623096566726,4610.801781737194,2349.1562094331457,2675.0184141300265,6047.115057783822,8323.040058982551,7131.718894675925,14568.729390303795,2545.039603960396
12063.964960027217,16657.536094528896,11345.745978673413,4786.745715509855,2475.164271047228,2797.023013304567,5854.986150070126,8175.946006749156,7408.714822546974,14313.499429467978,2596.0559875583203
13727.39702251814,16358.235636500189,12786.35018485774,5271.8476357267955,2793.2864450127877,3092.0639686684076,5875.904554179027,8351.8622754491,8181.00277532484,14564.313527888586,2766.105783308931
15156.412172730363,17287.204213267058,14388.502904683353,5996.153146973075,3212.412738853503,3443.1423948220063,6154.962345884705,9086.909499214013,9348.555186905553,15838.409433112412,2980.1501021102795
16342.442370951418,20010.75399099468,16308.052671707224,6616.465348076623,3558.583910034602,3782.1674705251876,6786.25412691201,10469.137729223567,10474.240775546543,18246.75110390699,3286.4032358431864
16609.40216512163,23412.162162162163,16583.330999124675,6799.641274658574,3601.7433552443554,3882.093912591051,7472.762456866805,11683.597003154573,10545.25447042641,20372.63363800723,3302.177012907191
16081.882715257283,26627.85516947841,15957.873482635508,6669.423100679432,3480.65239220319,3832.0444035733053,8170.238547203239,12451.191619236162,10243.81508024629,21603.834918219858,3215.080427269871
15600.342245989306,27388.658059909045,15026.268865326356,6411.18563642193,3311.5733333333337,3725.0132039881432,8373.215969394052,12594.330749143137,9786.535887692633,21818.016203485633,3127.1168662997734
15397.387647216274,26057.748176189914,14684.05633802817,6133.126675603217,3218.562858966178,3663.006843690118,8151.010383690008,12154.949869187274,9348.453691423518,20926.313238249277,3032.0332005312084
15500.425447051783,24788.16103519669,14453.019248658316,5987.154929577465,3177.5431340872374,3607.0044456793557,7849.8608409986855,11602.60841938046,9104.419523269013,19864.7747190432,3004.0271265907572
15366.243315687196,24312.110116534368,14368.974451241455,5886.204581220492,3130.5515091863517,3614.004437049362,7715.830080213904,11243.661046299672,9041.60970584869,19305.8570518605,3025.065398732065
15842.562292628976,24179.378574767346,14786.376137795827,5934.283804894984,3226.5888535031845,3765.021617293835,7635.849864864865,11141.701877070298,9170.78393946239,19120.835244935148,3090.0945680628274
16791.554823616327,23913.345120955615,15945.986612075127,6146.548126994792,3438.6605861244016,3968.1726251276814,7507.915268225585,11068.713385826773,9473.052648861645,18966.858841331603,3200.153358681876
18403.620623663177,24889.15381752006,17515.8403032816,6736.789231477221,3743.7723398405283,4297.289803643246,7742.018815052042,11449.24274548558,10346.7015764635,19677.640238169854,3456.2831467295227
19642.245302934345,26931.161320030697,18659.783681425786,7186.004029936673,3979.781855776686,4496.326696832579,8407.308326159144,12372.431077485866,11000.129419550009,21402.15358000961,3612.3458498023715
19585.190209050015,30665.361282492162,18506.762271144555,7325.067645812738,3941.819012797075,4445.313200640586,9235.692480107587,13350.754124903622,11008.12629888532,23064.62544610992,3598.5264806378136
18729.590667846085,32800.75838883803,17657.94287729196,7191.03726082578,3801.7031630170313,4251.260215053763,9678.985335046029,13864.093436408235,10682.77335926106,23945.301704105343,3488.280502043199
17793.165425779433,32639.665165260423,16759.42111124861,6886.782060896956,3625.6256018125177,4039.2112534539065,9672.060872360948,13730.940594059406,10290.48925869894,23714.201199113697,3369.2540018121417
16548.940620698286,30801.562770708122,15516.94281133084,6499.6861093452,3397.5584415584412,3739.1978290366346,9338.767627494457,13136.652044493185,9701.238074866309,22784.654485500047,3228.212846347607
14893.168692270297,29108.844181669683,14010.115265257868,5994.457049406094,3097.452861395964,3402.171735241503,8905.510047624579,12397.42603501203,8877.879219717322,21546.210855451594,3016.1482851378614
13553.358720487433,26606.082113031658,12802.25893361297,5501.323330832709,2863.3430917529454,3132.093285990962,8399.27643076923,11398.138888888889,8193.406064434617,19866.801097251693,2839.1155904388156
12670.692132639791,23547.070272404264,12027.623126338329,5133.068792619334,2686.2371016691955,2951.057777777778,7649.911066126855,10385.82911392405,7694.168459263243,17967.184084152756,2772.0934306569343
12044.353202391118,20613.528465037238,11610.182486275899,4919.938140020899,2562.19221604448,2837.0429840142097,7022.556713132796,9410.390504192528,7461.994459833795,16265.470788428815,2720.18086696562
11734.158784375548,18741.6817233809,11187.849568886442,4776.7995272883545,2502.1465097402597,2821.022816399287,6618.28686868687,8864.131102135025,7308.803276373394,15381.037727061015,2642.0550038197093
11748.965580501443,17509.048914956013,11036.667688306863,4749.777705767984,2517.145623235175,2827.0174191254887,6357.195989650711,8596.006301272144,7272.684531405076,14855.71715504196,2606.046826625387
12500.945369534902,16692.505464816408,11510.796347438752,4878.706425871483,2619.1879611650484,2939.0218953130347,6235.080533596839,8432.853823814134,7531.7169449767325,14662.44270507201,2639.0646766169157
14107.410596026491,16453.19869362364,12894.385541208352,5357.859467738847,2932.2347222222224,3220.0614035087715,6226.976449275362,8633.774524849487,8288.008092629481,15053.326834551855,2806.104256854257
15775.485369039845,17277.228696630544,14581.583309739526,6099.050673400674,3359.372453633323,3575.1370716510905,6465.015228426397,9429.87577035355,9472.554452204276,16427.414103200197,3032.161981258367
17144.358571256475,19757.81450567681,16588.072441141576,6741.437366330583,3727.608037434627,3970.172537008678,7072.256209150327,10775.063813671653,10546.254150702427,18870.730916752203,3338.2388787324803
17198.31168207468,23118.21655258245,16842.356373484337,6971.53768844221,3775.7081404846176,4026.1003512293028,7773.81599893871,12057.50033927057,10640.260539382727,21100.58582089552,3363.1737556561084
16470.819507919616,26475.737141078516,16390.917930250187,6821.449879227052,3696.695216907676,3942.0500766479304,8616.31777831094,12914.110996345145,10346.786113886114,22527.647372256124,3289.0785999385935
15731.403876375065,27175.614583333336,15571.353105280636,6550.243289907392,3536.6144018583045,3809.016873187451,8877.313627371117,13039.303347774714,9902.538172715895,22554.935527933343,3177.045670789724
15298.348979729275,26167.61785139538,15072.151756311745,6300.178821993801,3424.6350540216085,3706.0097455332975,8650.07824427481,12536.965235173826,9603.419094720997,21474.30241107663,3102.0324464633354
15183.43686354379,25091.979071288424,14893.06553280111,6119.129324823648,3343.594777265745,3667.0068362045395,8359.895930949446,11974.628109771736,9320.427843050322,20272.741314885883,3065.032840722496
14912.376028202114,24724.909611316216,14783.06246065608,5998.269699570816,3305.547656007451,3626.0069137168143,8222.92850871692,11574.588323750553,9203.562197999774,19631.784003756457,3056.0647291941877
15288.79238403889,24762.086033982596,15168.472836472838,6037.291197543501,3383.6149407834796,3703.0219810040708,8116.954493453667,11338.622188092872,9255.721843194273,19252.890172487223,3068.095253790376
15984.721502590675,24552.1485492098,16227.042209450832,6251.521294156487,3564.6643598615915,3875.1768244833897,8118.953996695895,11207.666514264813,9660.028001287415,19072.892830269804,3191.1537972672386
17802.742675752812,25594.83647975578,17742.913338401264,6771.813339438339,3790.733586543679,4241.29369455766,8363.989269856931,11642.120476610766,10406.679409122667,19829.75160721692,3427.502541106129
19039.37440732465,27541.73646344662,18734.834627759905,7173.077622276727,3993.867681196802,4459.329454711385,9043.402582561992,12548.396017699115,10915.12234397332,21618.167824184187,3585.5536173863316
19033.30075761705,30633.99841494672,18598.88658468418,7272.0483641536275,3995.8672338231504,4410.333179510845,9722.688895979578,13367.66266451166,10830.15600384246,23260.730953013008,3548.3522139160436
18235.674281168314,32552.51410219721,17662.133392122283,7055.042540707057,3832.66988210075,4214.262536162007,10124.061790281328,13843.975969049923,10467.774568195355,24092.360195046836,3444.475624256837
17420.243980738363,32235.610979056917,16833.583692838652,6831.898879806236,3651.6210289569863,4039.2112534539065,9983.070153590701,13622.904142727548,10060.53308557861,23764.189925001083,3354.25515776699
16328.244021257751,30230.59004106776,15751.200276606955,6442.635037666292,3480.597345132743,3769.0266737796746,9572.767567567567,13057.668558366833,9534.182174338883,22805.67951437469,3185.288
14895.473829964,28546.96931270606,14284.244998550304,6011.517691514943,3193.488282504013,3431.0026277372262,9138.581050486755,12668.0655697646,8713.897487796166,22167.25342019544,2971.1505633321954
13626.754946382724,26349.187632425645,12954.902227525854,5496.292737849503,2921.3361315145157,3121.015629984051,8578.294457831325,11790.803237095364,7751.292106317618,20706.754082852025,2749.0528440366975
12475.923816568049,23347.090579229167,12246.201677852348,5068.0829099776465,2739.251581689617,2958.040604026846,7839.959968396101,10695.467945628074,7335.030170590724,18924.05622074671,2672.024096385542
11889.664168819982,20395.79716814159,11819.74822264609,4818.958368915457,2622.223776223776,2838.078451882845,6869.469415292355,9618.920633222806,6952.831029870709,17027.278717236382,2631.0137457044675
11538.339916747853,18432.83378944429,11441.488195313897,4650.768093556929,2526.177536231884,2750.103807471264,6392.161388844237,9035.721552116522,6748.6540755467195,16008.748140071832,2535.0015804030027
11214.162191681078,17085.126669072535,11033.224310312906,4557.731262660364,2480.1478296478294,2731.1303719754424,6045.033288043478,8605.496897374702,6618.495717178011,15311.392405063292,2491.00160836349
11363.106014362656,16181.691444155516,11058.137148131058,4565.654251738838,2495.117431938236,2743.104069139359,5818.8881254404505,8421.266309639728,6619.464663760896,14949.171475567131,2471.0
11895.13383058985,15522.25907590759,11389.24856527977,4732.607220060528,2590.126859827721,2850.138408304498,5697.80693870214,8363.128029375766,6850.503985561739,14783.86079977861,2510.000398724083
12653.385068603711,15466.049761778719,12232.6164142893,5026.709250203749,2788.192924872356,3109.0080153895483,5687.760302321396,8466.06753654706,7380.721531367891,15083.800555706155,2600.009652509653
13660.894985383406,16195.092614820896,13421.183395764849,5417.750141750142,3096.2578947368424,3401.004715590923,5829.788235294118,8917.124225739848,8078.715232632249,15838.864877072983,2760.0032679738565
14393.549132947976,17480.13389096865,13879.617880157024,5757.897773820125,3196.3695652173915,3554.047902494331,6059.901234567901,9721.320977253581,8479.807626912801,17301.225533676305,2899.008653513327
14627.898164427877,19433.501921558305,14256.91661853884,5953.867492686284,3353.4406469331707,3622.0545353366724,6496.062075501501,10529.620350535539,8769.746128578132,18912.94345044459,2949.0084488002703
14721.96610051024,20856.899106441477,14182.112895023609,6018.882533197139,3404.5060204695965,3604.047233091112,6783.041263603386,11113.68096292197,8784.714202084064,19924.937718576424,2964.012096774193
15003.510860599396,21835.246456397257,14528.564395822972,6038.879538513743,3435.5784284433817,3672.0703296703296,6978.138656079988,11351.79625948681,8986.936962750717,20331.152108129918,3010.0082781456954
15190.91650234582,22162.577466092673,14478.774527292186,6107.049260255548,3414.58208057727,3698.0884762424903,7111.249133448873,11359.873170731707,8989.09074222783,20183.22748526123,3005.002989040186
15162.857794728596,23205.311644594058,14614.973190917452,6080.281795088907,3449.6584202682566,3656.046556473829,7235.421666192778,11433.10417977528,9059.56937307297,20432.776268799356,3029.0119323831623
15347.908020454852,23771.888330807535,14757.208441421863,6064.315440801767,3482.652007083825,3621.0069232899473,7308.6759768655675,11334.20834845735,9107.66041595636,20374.015146925176,3034.008267195767
15843.975563664799,24150.40844108736,15554.11697232411,6228.494947821765,3622.738920454545,3650.0002741228072,7338.795668682324,11406.550054210336,9342.910825199646,20545.543908922216,3154.2530664945125
17213.506092071304,24629.731870708427,16849.502954573432,6569.667557371896,3832.697319034852,3898.0126158599387,7455.895983379502,11514.525411596278,9825.27096092925,20782.460303300624,3228.1966645689113
17972.702000459878,26042.37239438852,17192.27966254896,6724.7589491473345,3867.6908366533867,3970.025316455696,8050.170005136107,12205.613787866005,10041.385799917321,21911.723781319044,3309.134986225896
17831.60661530441,28240.50938632122,17259.367495196926,6718.7941855099225,3804.702593192869,3973.020480404551,8565.400797005193,12808.905198776758,10012.434318299638,22916.045861247247,3280.261018001241
17313.347307531752,28813.858772874057,16590.92767099351,6581.730769230769,3693.6678720445066,3846.0065172054224,8641.448102478153,12842.0544622058,9700.23842122152,22936.446548234762,3213.1137007874013
16622.940676388458,28481.05786204642,16074.553739219979,6329.665197518772,3554.6112073945696,3699.0024370430547,8563.401376977896,12708.152384046789,9404.075879563252,22775.615154536394,3090.0945680628274
15717.845305318451,27618.71883308991,15122.813888127228,6049.6072770755045,3389.5337367624807,3502.0071592210766,8405.274750953142,12332.021173319941,8936.85951276102,22056.217041575084,3022.210296096904
14377.283808977485,26560.298983921828,13887.081699590011,5641.417276720351,3141.4463645255955,3232.0,8076.19674859191,11808.704382748385,8317.694053110585,21213.790632136435,2864.2997148966497
13021.502092711047,24809.767887652626,12380.695956065902,5182.242484570974,2906.3379043600567,2932.0166327223355,7631.015436696005,11135.45849912094,7498.156362130831,19937.25481688104,2672.0543806646524
12156.923648021597,22644.047284345048,11614.043155288291,4803.081759656652,2728.293413173653,2748.060922855083,7069.7997370727435,10364.236135957066,7095.960944331099,18600.88692090552,2596.013931888545
11535.617986505682,20176.850889752506,11145.626126126126,4579.891309229733,2601.2450019600155,2647.107795598657,6504.522752497225,9500.915845337377,6793.7075987841945,16932.240480961922,2551.0062917813607
11157.364002932552,18272.868357283744,10700.353694675463,4474.826825907212,2523.161095449054,2563.1246633320507,6075.282881355932,8930.685391965006,6567.570845114672,15909.738689899968,2503.0
10824.183507878102,16818.206028000244,10308.09190848767,4377.708928989922,2456.1655629139073,2528.1557632398753,5766.056674389592,8525.457129094413,6443.505921895006,15288.396096055809,2448.000408830744
10895.012165450122,15875.717777921489,10249.035842293906,4358.635637047485,2459.133718530747,2536.1552795031057,5513.885767441861,8300.310885950821,6496.400983034724,14929.12528301887,2435.0
11394.04357162029,15197.283401901934,10536.130342087412,4450.646639042357,2558.1284694686756,2620.165664913599,5396.777524677296,8219.100373599003,6648.4580815124755,14734.84417297147,2438.0004105090316
12035.369185059422,15137.071356104161,11082.537558902339,4741.752974259139,2747.1790603033664,2869.01699618453,5402.752274450341,8361.035225048923,6984.627786800532,15110.687554924627,2507.003598560576
13001.01908667876,15749.15328609504,12161.974776446768,5108.796668004817,3025.2640619737285,3136.0012771392085,5528.807264640475,8850.132932608947,7580.584136900719,15895.792352185092,2649.000377786173
13856.679234080451,16918.18311562651,12581.38955626379,5427.873936873937,3159.3739890003235,3289.0370370370374,5801.865571453807,9557.272328121653,7933.68691588785,17245.07297409449,2773.0057866184447
14131.825555151074,18846.510318236127,12861.563074954003,5598.796926454445,3271.553498588014,3344.0364238410593,6259.07627952756,10334.600257962098,8197.602132998745,18776.78768693374,2786.0057265569076
14304.995249748094,20134.98065960912,12715.682322455259,5681.833904418395,3301.5222118670395,3350.0432952495494,6589.046699875466,10843.672560514371,8248.535327102803,19626.85842555857,2803.0692334864007
14774.408542117384,21124.33271835704,13075.188713496449,5793.917684545938,3376.562006079027,3424.049735138317,6910.123830734966,11007.672192214564,8518.769305135951,19803.031890660593,2879.0221070811745
15097.941426029834,21775.642722473603,13063.455228603068,5901.951851208065,3365.5907842538904,3477.0839384257915,7004.187161072842,11011.800316809542,8542.823869801085,19590.169206598588,2912.0054794520547
15151.795039520304,22870.433672092815,13203.723284236916,5943.192693905817,3400.697336561743,3466.035133565621,7271.472403056891,11261.053107035314,8658.374134224981,20006.717492936037,2982.008411843876
15563.218133510461,23464.9541864139,13545.937117970661,6008.267523564695,3476.6531638083975,3417.004693458492,7326.703026038001,11424.305890830481,8742.488165680474,20053.110711902686,3040.0082508250825
16112.43903221666,24044.464051446947,14383.877696803522,6198.470460975203,3615.7112375533425,3502.0002857142854,7397.780892608089,11594.568432278706,9023.79435067172,20258.641424936388,3149.235541195477
17481.735911536867,24638.79279166143,15568.187670776408,6527.645681746282,3881.71591209955,3750.00963081862,7564.000136612022,11836.605240250698,9448.174080175728,20686.57307232516,3230.151914626491
18353.96812165587,26014.54214954755,15937.952603861908,6702.731545692711,3935.7058209344823,3832.016771488469,8132.181113370615,12511.547997038742,9620.266371776892,22003.763868732738,3292.2251389746757
18089.804341616684,28280.498410494394,15972.125673482635,6708.830944675606,3887.687186261559,3812.0129015271195,8591.324750330887,13079.812898653438,9609.308664649958,23236.156814049402,3284.2091584158416
17515.360464430953,28970.916955140783,15445.673506336754,6584.729954495528,3804.6478683216405,3725.0043045466773,8731.422006395831,13110.927920138343,9327.178388604496,23432.515911791892,3202.102337334176
16613.006956089685,28830.956708869842,14955.324960210364,6335.597294654498,3636.623658949746,3548.000282007896,8687.4346946065,13067.031565656565,8979.957144507334,23262.685816955767,3148.092806679512
15532.610651913077,27972.652005174645,13877.374038389724,6008.518473964599,3425.553758610362,3363.1886507696954,8365.320311534182,12605.85951426936,8472.867344439,22481.27208918249,2980.16485013624
14088.021445358401,26647.240223463687,12719.762412502036,5580.367856482338,3144.470664928292,3106.1439295039168,8085.194220687892,11688.00289880534,7943.558412739851,20984.70148304048,2810.116798846431
12598.115526423597,24873.681944733016,11463.88579663154,5124.193197826524,2906.3379043600567,2866.0793370944994,7652.009721847152,10912.790691114245,7438.355072463769,19560.38684445378,2645.110685561088
11910.64967987541,22614.02179873869,10724.337752161384,4853.039898132428,2731.2930841121492,2699.045199850579,7143.748049696619,10102.637960800244,7039.082806295042,17985.965938266672,2595.0877192982452
11338.294518061353,20021.698088909496,10304.927281795512,4650.99402125775,2607.206559937524,2614.0312018489985,6566.53934348987,9266.412656267286,6741.890303774163,16424.371818862273,2548.0479018210613
11117.052417490986,18207.763229308006,9918.642628039317,4531.788805801042,2527.1949254933547,2602.0189335394125,6167.26318424566,8698.17688595975,6630.717557251908,15434.937644953947,2505.0325693606756
11135.779753131908,16965.09364021805,9230.49560964766,4485.743308167467,2512.1459175424416,2599.013915732509,5907.1422353760445,8420.005341750639,6668.609778740522,14918.73169395164,2314.0352787456445
11714.918542524307,16156.59073015873,10036.596831885538,4588.752236135957,2601.172332942556,2719.018114602588,5745.978381275683,8300.867683226757,6890.6506962120075,14729.41593962055,2499.040338846309
13063.465491461398,16000.311435523116,11197.178377881879,4990.842451665981,2909.294984216064,2964.048979591837,5764.9224199288265,8442.832406959884,7662.97344655614,14972.258316892305,2645.097971680061
14610.291428571429,16663.264790809117,12715.248862897985,5645.10860058309,3337.3749617385984,3278.12353304509,6022.9839863713805,9127.865154731315,8626.522798176145,16173.39857628827,2878.1555007052184
16121.266649573745,18954.9112938122,14432.597687113921,6273.390275952694,3674.565011160714,3611.1616615211897,6557.241925368454,10287.136715647339,9696.164402609906,18252.73059947483,3155.352541275494
16456.078848325178,22340.224988495167,14619.833676293196,6581.535725477907,3731.7167263709016,3688.0790914066774,7241.723646723647,11451.605795027723,9858.073793755912,20297.59709692052,3193.1680965999367
15887.61380742279,26042.866347409665,14101.230006609385,6580.4125841289715,3657.6746277044113,3615.0336765933757,8053.237575446256,12471.242771233217,9713.623071192933,22095.800929368026,3141.0629617732093
15295.288956228957,27012.619726361525,13478.713080168776,6371.250242169842,3521.590206936753,3497.010329985653,8221.156717355787,12809.430050565856,9472.354947689624,22652.99950124688,3090.0325732899023
15083.21514406664,26159.619301896422,13220.649276495895,6179.118057864981,3392.585956416465,3429.002629272568,8092.992730519067,12587.931584948688,9384.34499449945,22053.288223812622,3041.0161876445327
15053.343441949617,25276.000811556565,13084.653861354835,6083.0807159743335,3355.5656163964513,3432.002626970228,7848.736247866615,12166.60181680545,9212.324142568932,21231.752686617514,3026.0269281914893
15054.312572719184,25071.879600850647,12998.644147370098,5978.185510239201,3320.5451174289246,3382.001184132623,7748.759345483571,11996.554371002132,9100.454452521582,20880.752842579885,3014.048160535117
15473.940803523757,25097.10846723088,13471.06704082417,6035.261685431593,3386.642380085003,3473.018513161701,7701.833511920707,11834.647832482478,9269.612320053566,20570.700676549597,3074.0739159001314
16191.908143030769,24909.140290882126,14548.596466229694,6237.398545935228,3614.7114399544676,3618.1751681614355,7693.803753351206,11668.623168056165,9627.892976228892,20310.712356379765,3203.1140600315957
17963.875346420322,25871.783259841894,16102.458008378988,6697.732880937693,3916.7372703412075,3977.2957278076237,7918.939788870063,11893.074518608064,10246.504812075776,20832.45953002611,3377.289894419306
19348.609495708155,27711.72593557997,17157.321054225995,7100.064285714287,4132.752113376429,4181.31540520808,8517.2775148647,12612.299494867199,10784.932157656356,22184.94795573459,3513.335558780842
19201.50824279769,30791.95602146931,17116.296854123648,7163.116057233704,4142.865059642148,4156.317335945152,9196.598875140608,13464.614191872899,10699.885003885003,23714.523456468956,3498.3173076923076
31848.099207129286,41195.565896157525,16367.850302451448,7890.651762230405,3655.161656267725,4424.953445065177,14350.812395674577,12946.764409625068,10993.528364743956,21577.753998367036,3360.416615946439
29249.278409293376,40289.53796425076,15231.112053052573,7526.4371727748685,3362.964923076923,4076.8794845881753,14143.774046251288,12900.74296028881,10145.98917637357,21435.800377194257,3223.366402535658
26601.875553119004,38385.15848883368,13988.382000743772,6920.193079688436,3042.815557065217,3780.824250681199,13708.413395094542,12330.422293047053,9225.488382636293,20783.208410143987,3047.3219430485765
24483.88192258613,35213.51559972947,12580.443857331573,6238.011303191489,2758.7250936329588,3488.7681630242173,12634.700543120474,11400.172366869272,8392.989665047939,19397.671077908217,2897.4587610619474
21918.170066413662,31662.4302953007,11184.450578971746,5595.634480207176,2458.5431684828163,3226.6169534735504,11635.205501473609,10460.788381742737,7430.200140350877,17764.99877722138,2712.234785875282
20322.99325704945,27836.14457831325,10395.772542002187,5139.454307568438,2278.405770964833,3059.510231465951,10648.669299015308,9458.424219261848,6921.824529721595,15856.27222946545,2614.171461897356
19086.207563573134,24175.13562000769,9744.25566137566,4778.248864864865,2174.455018939394,2933.4278728606355,9321.808687923565,8604.96286090811,6517.534887434136,14305.42737631617,2520.145447219984
18105.49771167048,21834.98701605288,9277.93342210386,4560.108848155692,2094.3573529411765,2888.3858965272852,8655.549455806722,7995.703374549201,6242.239680426099,13239.807808975655,2465.302364164247
17734.938243526944,19977.097274460302,9057.774358392006,4436.043710764939,2090.3063725490197,2915.359172220273,8054.271898278962,7616.431907139965,6225.167806505422,12555.366330958814,2465.2801491918776
18001.930733444373,18667.468836031276,9493.830589254767,4506.058365758755,2184.2696629213483,3046.365436241611,7659.974244875944,7469.293511135551,6442.1296296296305,12150.082896738213,2523.116110887907
18906.360820793434,18114.13049146874,10433.40498072932,4780.118446601942,2398.4113869863017,3255.430367808865,7355.727565900169,7647.236383149987,6999.353743513713,12267.93144959037,2629.1872340425534
20777.354340130627,18819.114898025957,11817.504468196952,5299.277453271028,2694.551566080978,3604.5255827174533,7497.885017901405,8144.2589701624065,7749.740785417504,12960.000079113923,2749.1789279112754
22895.884692119344,20896.34401845761,13251.783893985728,5856.593115622241,3002.7928423950448,4010.692268305171,7766.012370311252,8973.512811713568,8591.420261754727,14369.418458461318,2967.250257466529
24260.206878850102,24925.268215898264,13669.022737642585,6178.707280334728,3081.804894401609,4154.693922924901,8727.527688841456,10244.613004032257,8956.601441692826,16532.356,2982.2679425837323
25097.409517509404,28828.269921033738,13571.628374760994,6248.687510339124,3067.6498825109097,4201.659995118379,10044.271450696953,11208.370692044718,9095.50320292839,18223.496760627415,3014.416100543478
25732.530882115785,30234.623776606666,13470.360585065435,6279.612006578947,3072.7100671140943,4245.652982371408,10827.53103448276,11549.30263393657,9208.4183131986,18638.547247375147,2988.212729748128
26553.853045754702,30346.076862825226,13755.48887883586,6421.6737451737445,3139.7571475517584,4338.689361702127,11465.689998191356,11363.14852566436,9584.674807337458,18302.189587926066,3036.413014160485
27410.201173575624,30139.53445913544,14271.764521992003,6569.667557371896,3254.6990506329116,4480.717948717948,11864.561490791657,11327.92158293061,9987.963414634145,18018.85779027077,3071.260033167496
28446.90841394415,31059.55960528939,14810.919094984589,6732.723577235773,3311.7472766884534,4553.75816993464,12303.676232957414,11422.896492496835,10231.112061068703,18024.78849902534,3174.466107165914
30100.183067942384,32167.99053334189,15677.572488735754,6976.926189417518,3448.9062312762135,4690.841874726238,12616.830227403334,11630.940696022726,10691.679578495461,18288.020862780573,3197.2679197196558
31293.58610362384,33042.15697238535,16546.31767886332,7231.025604348449,3508.957277548615,4776.937984496124,12752.96855448119,11665.030906836699,10753.826652431331,18290.02029509865,3230.283911671924
31996.16256848422,34794.146993318485,17635.236531190923,7525.400330624052,3612.0312231452303,4870.066426909245,13185.420319508932,11705.666314398943,11019.28324796054,18568.354587869362,3387.4596554850405
32018.135308899837,36144.15224409337,18407.098622683217,7749.701862521774,3713.142857142857,4966.232384119726,13388.811500853639,11976.8849931082,11117.557029926596,19181.943675623283,3512.5145857642938
30770.49927106289,38000.40779397738,18203.01719493323,7755.777762893503,3684.1521800281294,4931.208874005861,13689.01511009871,12325.253604963113,11147.682253521127,20031.65797355918,3496.5169988276666
28618.701998325632,39476.17486266986,17490.214153809495,7548.6583654375345,3515.060695344726,4660.053085600531,14008.663222065274,12677.739670096358,10754.372604338943,20740.54892553723,3410.4331133773244
26321.700011871315,38817.21485106155,16244.27523699718,7219.353684815399,3248.9286624203824,4262.928951184147,13755.518546555639,12651.747626841245,9937.864253393664,20746.546962430053,3261.3620419668023
23710.70519748693,37244.868761655576,14748.608576063192,6700.154750851129,2969.871383757407,3923.8529797847204,13315.202751289668,12095.45603079555,9153.432781267846,20052.933243843254,3083.3181065872227
21123.32410190706,34156.30591267435,13262.623316630128,6099.908936459395,2712.704112718964,3620.7690557451647,12269.601152640053,11200.16107878452,8416.02384500745,18768.366558244667,2900.458274398869
18184.026072569603,30760.136658924905,11658.51789997335,5504.591276555743,2435.5798390512496,3322.626547029703,11236.118501387604,10229.7848408287,7605.382135016464,17185.85499307771,2765.211998527788
16403.771594422364,27105.94073168869,10689.89420752345,5019.385249278946,2284.432493249325,3123.4995073891623,9976.256991371243,9275.34053211622,7030.033526183059,15508.098081023454,2634.1701388888887
15450.046810218002,23436.099973551973,10111.451780793957,4719.198249452955,2175.425531914894,3015.4403669724775,8662.33890214797,8436.940119760478,6631.6119918380155,13976.253892127204,2518.1455645161286
14910.858399722896,21134.902859094458,9561.051491974576,4497.060550458716,2086.3587598425197,2942.426532033426,8348.359851301115,7860.703053335081,6333.324142458559,12971.746368182901,2470.1331142152835
14842.678976284862,19392.04417073689,9422.87367616552,4390.991784037558,2081.333169048792,2984.373200822481,7773.043865479196,7551.416280969235,6367.311245307656,12350.34965034965,2424.151299245599
15257.703232787771,18164.39680833003,9781.945309213294,4422.984389561975,2184.2696629213483,3112.3797634691196,7207.606519874178,7394.27982224691,6700.306166718314,12034.022859092462,2523.116110887907
16245.333672625484,17737.981829755223,10795.570090778787,4683.078819903127,2402.3842869342443,3320.44512946979,7088.541781717774,7597.192764578834,7299.593567667567,12072.860212314225,2643.186225471335
17853.217996289422,18426.99688195991,12244.65868921776,5169.213886671987,2678.554957724827,3620.548131370328,7160.648524118071,8118.21247317258,8036.988874514876,12726.935159081755,2803.175425878942
19843.664696961772,20500.279259444582,13759.9093997735,5733.492072072072,2962.70508356546,3983.643832088592,7294.648155998305,8953.543119266056,8803.582110743018,14207.419900281813,2952.2515527950313
20744.959233693477,24456.160770075152,14247.240332701007,6032.680267443854,3073.741524001343,4090.705070281125,7886.046764474718,10226.584814216478,9094.75312177798,16363.334954215345,2975.2883099074393
21224.833219345386,28292.219051799824,14330.858125724217,6109.624492557509,3044.6855111712935,4102.676338169084,8569.540171559744,11242.218499769904,9136.651396011395,18151.411523103252,2981.2490604714726
21532.805429864253,29604.355615346987,14433.671671815504,6124.521152873756,3011.662333219295,4098.625312656328,8814.607587502936,11456.295185620087,9162.558091993185,18488.55788943035,2965.232063165122
21751.331297709923,29624.603423630724,14634.904211571187,6253.6189296333005,3064.7119784656797,4200.66015625,8694.467396477869,11246.113195402299,9328.614054657,18036.05872569823,2990.2300884955753
22560.967220662034,29266.1405902888,14878.08616479453,6396.614205004035,3145.7556575926533,4283.698443113773,8585.326429861529,11135.973642691415,9471.761815783688,17838.738500753097,3035.4373945325683
22847.97932006181,29772.271101251343,14816.87930551666,6568.6678195252325,3202.68038585209,4313.719724006662,8408.206438928484,11189.89199667682,9588.714053174172,17838.738500753097,3086.2587458745875
23186.324117225307,30853.61170212766,15462.534435261708,6807.837230488915,3327.806511627907,4400.758049463369,8424.235647693818,11346.017032516624,9946.022617801047,18001.930733444373,3186.287907869482
24159.558815925542,31808.854885290588,16025.240664978246,7111.025898443183,3441.9081356949864,4485.881449208897,8477.254784834817,11413.998461120666,10442.531462245306,18059.846391575575,3240.3224181360206
25025.580913900114,33725.934644728375,16688.138019368947,7364.342483108108,3576.0776136692725,4569.981744421906,8773.37586897608,11499.559458732861,10829.104206869935,18268.30081300813,3385.459933474448
25277.727100259828,34885.79110308699,17202.82187291376,7666.693172581957,3713.142857142857,4668.14614194119,9024.721597429425,11798.769580419581,11114.69991523029,18871.893590234824,3483.5443037974687
25606.58349609375,36823.05599302548,17154.755674557295,7697.720820402105,3676.154778686214,4701.137840210711,9478.125861880268,12223.247886371322,11058.635210601042,19814.686981043396,3479.519587628866
25032.02832778702,38227.77300979833,16799.00347394541,7456.53688752784,3492.067932364284,4439.011611704598,9853.531105018978,12527.67881341927,10686.314635340186,20447.49754119138,3392.4354644149576
23729.198561655852,37737.83008333562,15779.258758329483,7108.391824817519,3215.9742351046702,4094.8755030181087,9909.628697293896,12549.672137908281,9886.844087158875,20505.62675094817,3202.368857689853
22043.567058490302,36053.4110746938,14655.604840999433,6555.054703557313,2925.8493102228513,3778.824700109051,9796.319101599745,12011.410938845824,9040.444238778342,19829.96636724462,3042.5131578947367
20219.66440329218,33164.8963127166,13198.803858267716,5952.920397143355,2642.829803921569,3481.7097250960683,9317.067913604988,11073.025210084033,8264.916550764952,18585.385956119837,2887.4100744945017
18153.22748327329,30033.96741941045,11613.604657387581,5335.536268425136,2356.5358705161857,3196.566838046273,8698.753098188752,10127.81384662514,7421.204187745925,16960.712439024388,2674.2578184591916
16930.40132263793,26427.580266249024,10606.917625268085,4906.31472508953,2210.44739292365,3027.489325652321,7878.396134630555,9222.387544802868,6911.91373850098,15358.03828040904,2595.355029585799
15887.787236816373,22819.734141706635,9931.432609373376,4614.19297067383,2087.4144898965005,2906.457304163726,7059.9368775629755,8398.917883883638,6542.607256524507,13838.287364890048,2493.1799265605873
15081.287576318857,20559.633077655788,9388.059811237928,4425.0463869463865,2057.3371571072316,2842.3686105111587,6585.663374098463,7839.617778361345,6300.377022119511,12859.65140478668,2409.1365360303416
14706.913709507413,18885.855912806543,9272.875485517701,4318.977565632458,2059.286424664346,2881.3635072772454,6218.465583015425,7535.419372442019,6235.203065134099,12244.313685978172,2408.121735467565
14572.394027315831,17816.18428184282,9550.934705311929,4349.93985318494,2186.2926029962546,3015.3470010166047,5979.304100620262,7371.256963788301,6563.163584637269,11895.047129909366,2498.1467479674798
15638.865355422085,17505.889032182426,10633.54623071699,4647.0252771618625,2399.384779820436,3225.4344652491272,5817.219292035398,7608.090615322472,7082.400937866354,12075.834380305603,2616.1881804043546
17247.871648773467,18179.855813166356,12050.611325943111,5115.164046755341,2699.580312857688,3574.530103211009,5909.259149529454,8126.236407215844,7859.778511959826,12787.900625100177,2775.146252285192
19161.370079592834,20449.133460342924,13613.885064489048,5675.507829570283,3006.726149622512,3942.6773437499996,6424.447938392427,8964.514370777511,8602.415708580418,14218.41797833935,2931.25338894682
20310.768287699226,24246.953943727916,13863.068226120859,6004.653866023764,3062.7768037761293,4076.7075566750627,7187.935001438021,10221.65224861041,9022.615579919215,16352.270912307302,2971.249914295509
20796.604326587578,27980.066018196612,13740.645317220542,6079.632777966678,3025.7214456188203,4098.625312656328,8134.4961793173725,11267.246142542248,9190.546813087287,18219.4980104593,2979.2492307692305
21277.63132518385,28951.23357038202,13516.345197913472,6117.58882134414,2984.6997235659987,4130.620347394541,8642.589144500358,11534.307078137615,9251.522487069933,18518.58447514121,2984.2305593451565
21884.059748874675,28794.4928784128,13735.420925492564,6214.530642750374,3034.7192386131883,4199.634854771784,8770.410870077812,11370.07809800891,9538.693247518273,18085.079158087396,3030.390276839973
22850.33263759699,28595.922527333743,14134.585473220837,6409.610824742268,3145.7556575926533,4220.73600973236,8970.35533287261,11221.916689680565,9841.776004228332,17729.734771203734,3075.241310824231
23855.929416369487,29139.9795007966,14514.756609975704,6551.672288776796,3190.683021304067,4262.728564547207,9219.388347338936,11305.828600127841,10049.937966031483,17774.790009304492,3157.420097244733
25160.809806835066,30323.32598339458,15075.363905733184,6791.807821059039,3363.862450107461,4279.7255936675465,9549.466306111412,11408.966407098877,10402.249549369117,17923.952922171582,3228.284090909091
26249.70396039604,31382.73639204078,15465.811995696613,7078.965814463112,3474.9669642857143,4350.851063829788,9791.435846072747,11429.960777225486,10816.75347222222,17884.929694727103,3266.3403125
27236.02707353447,33377.86172946531,16209.663924416738,7383.336234732557,3635.1314139110605,4448.978462251042,10317.69310103134,11413.517739460143,11196.516020551144,17983.339032646738,3387.4596554850405
27797.149998123616,34645.7552230799,16824.38047994047,7608.598090040928,3747.168418141593,4580.136128014424,10890.183062446536,11665.738573070461,11396.92814481301,18605.83176947421,3501.5162423178226
27912.14125560538,36646.18356559347,16665.322148491297,7604.755397649631,3732.173285198556,4574.073506200676,11590.835048778303,12009.171915332989,11221.880250140002,19326.62180688695,3464.7133095662507
26680.92616742152,38179.98031806443,16338.609127995922,7383.524391958386,3553.048951048951,4324.9761677788365,11914.457671495898,12290.573557894735,10818.52694726657,20088.394055114048,3373.437973915681
24979.88368894816,37818.032119032585,15374.92921431955,7043.414738393515,3284.953056080655,3987.8690260914486,11539.402866672677,12323.59894171006,10046.041141547756,20064.43907606449,3226.388149556401
22902.041225398847,36305.69817787171,14180.266075225454,6519.066465256798,2973.8351304347825,3711.7791955617195,11411.05289030496,11793.33552631579,9120.542440926818,19359.68260079136,3060.341789052069
20736.06990866205,33192.17606117353,12787.407647966227,5906.898543092855,2712.704112718964,3400.7575757575755,10746.711332238432,10884.010356294537,8297.991433610481,18216.285211067552,2882.4356330014225
18606.45089285714,29871.054126213592,11393.385041802982,5324.574956251216,2399.556940266438,3151.6032626427404,10097.404316546763,9990.647910633017,7320.250320741268,16639.666873873313,2689.2180992048466
17243.82095570534,26474.77775171065,10470.718626677191,4856.29474356246,2248.439615736505,2977.471581122976,9107.988725657671,9082.358507734305,6811.8294324613735,15115.03753846154,2562.1749999999997
16271.02808201732,23008.01508756174,9806.303744215398,4576.137153169411,2104.3556097560977,2880.435943060498,8104.469452965235,8246.860267466567,6460.558169513374,13623.149863760216,2497.179633401222
15555.392432001063,20823.883165766925,9300.95826414259,4340.035417161873,2048.312812812813,2809.3970105723656,7348.991981994654,7719.525719616204,6188.299899193549,12618.703558602678,2403.1526427061312
15375.067208817794,19306.94392025161,9095.76673450927,4237.965458525906,2058.3369890329013,2852.3444444444444,6885.782328232824,7429.383508577753,6238.201964701965,12118.253519932146,2372.138698630137
15773.026975708766,18191.33572477686,9470.863907896168,4267.927830074825,2164.3719165085386,2985.350564875043,6597.563477173233,7295.16437007874,6498.148148148149,11719.997284512965,2463.1334981458594
16725.50528397503,17676.93921272643,10510.417990975082,4570.012175873731,2389.412978083369,3208.4132653061224,6414.419437751005,7507.155968314668,6996.3930267062315,11891.787278055506,2561.1750694720126
18495.62774417563,18419.97192982456,11860.562734654675,5070.174700020338,2696.5511450381678,3570.530711825488,6504.460307399778,8011.105444785276,7801.799973365294,12654.895926135903,2747.3127556712534
20563.908210122623,20537.27319948057,13287.849511145876,5626.487603305784,2988.698757763975,3923.6807118555353,6915.774342891279,8865.39981490051,8681.42458033573,14148.297606961565,2948.291003460208
21725.571169104292,24187.066888632773,13602.008482995798,5917.6443551205875,3060.7129380053907,4071.708448928121,7779.17843371892,10180.596875634003,9028.654862152498,16321.146535906359,2980.308219178082
22524.709157104015,27872.169093069897,13506.613049492775,5933.605574912892,3003.726897973205,4080.653846153846,8908.831743076566,11183.166049953748,9108.580047994516,18126.34787823405,2986.2675767918086
23215.886266094418,28936.413513126834,13381.35317368054,5891.5496317081725,2971.6715227193895,4078.6032663316587,9558.024509272313,11415.342763873776,9198.543603664744,18371.48664186676,2946.2520746887967
23917.25176889352,28684.72473064034,13481.394261097008,5903.4802378454015,2999.6961155036097,4155.641746854182,9914.092296435663,11155.104858149454,9551.729025931576,17913.05982905983,2980.2878165639972
24973.878332848053,28449.253121823724,13938.576871558269,6015.516649502231,3051.747040919851,4270.6745917387125,10233.921848144779,11007.87423744721,9758.933838437733,17518.725572338917,3038.461875843455
25932.11245944972,28996.37294775455,14279.686278782596,6096.528365791702,3075.7093530003353,4291.697107339231,10601.953467954345,11012.872889305816,9907.039112606457,17513.760994038134,3067.2603786117566
27199.09884943236,30099.676147670347,14848.330347771325,6265.6827779610685,3162.751467710372,4395.786164991821,11090.158503591754,11145.903790898137,10288.427427528886,17690.98561571746,3086.2974223397227
28500.50001827018,31084.04413133059,15462.975640939372,6471.795461808885,3225.7678285897027,4403.86918944172,11582.292898615455,11183.994177987246,10649.831291049895,17638.89686913696,3154.520494469746
29518.848374558303,32880.00050312883,16451.158001521682,6709.151753979292,3316.9787765293386,4529.052823315119,12208.669861735516,11174.60465116279,11013.564804256936,17725.339388646287,3247.455376852728
29533.727417415295,34314.042849829864,17064.11464968153,6963.404800954227,3428.088599939522,4647.184222222222,12861.229453988224,11406.900688031868,11134.124034658127,18268.82262443439,3328.743343653251
29076.409037031714,36265.41537582166,16769.941737288136,7017.541240929957,3427.126210653753,4644.152256056902,13396.927374301675,11749.210225272791,10971.021313198891,19102.65438187632,3320.6847489150655
28010.49035022355,37760.285612124215,16203.096574813288,6806.462442748091,3266.9233692210255,4370.99646226415,13687.547100897884,12099.704109589042,10555.574533545057,19791.53121232769,3197.4147199999998
25825.914228052476,37114.328294280676,15136.194081211286,6510.144040790313,3056.8457374830855,4080.909090909091,13489.589448478295,12054.791591436679,9805.027653213752,19795.605430053984,3065.363121040347
23627.994232885758,35518.00563931744,13975.67748162447,6100.9086121963655,2801.6492454913505,3759.4132029339853,12831.112057773451,11594.359457288227,8964.43698949825,19171.994,2912.153658536585
21504.968866328258,32690.338036654193,12606.053627241323,5565.78912071535,2564.5497991967873,3483.318700614574,11991.467961501778,10770.388442403368,8099.95365349858,18048.102353209964,2702.1502629601805
19443.691013935608,29818.215921331528,11192.094243740183,5126.4932364223705,2356.3919860627175,3196.2150127226464,11053.029055007053,9909.035940583775,7201.129924681344,16568.55075526823,2525.1160176635885
17704.5898952052,26359.741753063146,10261.383278062507,4682.241447804016,2179.293565054016,2990.1796875,10037.580625129374,8959.596422838798,6605.706355464438,15071.923848515866,2425.0939457202503
16476.784924623116,23177.136742610015,9562.903066164605,4357.03125,2053.1987083954295,2838.142959256612,8891.837355718782,8102.2656625743575,6201.335066241824,13599.258621990793,2337.0522678185744
15645.400925619837,20809.918215613383,9045.608108108108,4163.920811680277,1992.226153846154,2735.1637578908276,8121.321951840999,7533.958044806517,5930.159305993691,12525.742642249837,2262.0360962566842
15067.88291746641,18892.003106944296,8716.39825820878,4027.860138072104,1960.1500519210797,2703.121484814398,7520.0461919164145,7104.765881000288,5750.95199422487,11839.370274469185,2204.0370539798723
14732.57750227639,17691.375624782053,8617.261474435196,3944.7889932185703,1972.1319587628866,2707.073161627473,6952.635514018691,6878.606814814814,5693.820830298616,11416.141210117079,2236.036519386835
14729.578254168417,16770.80269277846,8743.393829188175,3994.7503860010293,2042.1615154536391,2818.103807471264,6698.539171925504,6812.537955768082,5830.886715276542,11242.038269701641,2247.0449034575663
15892.865723005,16479.538667330304,9229.602136181575,4196.515594541911,2225.202015574897,3038.1079280479676,6563.508639648131,6850.534918276374,6195.377411842981,11283.920584784766,2284.0039301310044
17604.600938967134,16896.56404996078,9964.880222841226,4496.6645396536005,2361.270445694505,3280.1495673671197,6358.140087251575,7246.505192253719,6612.623848915249,11951.921059354509,2395.0016673614005
19776.25103203219,18026.95978020733,10508.058046202037,4752.7511868795855,2478.3236994219656,3504.1398843930638,6861.382123575285,7837.61839199896,7104.924196129783,12890.157665849607,2444.000408830744
21841.068658553908,19691.310738568536,11033.27036104114,4969.87311427981,2547.31473303894,3748.118996222342,7579.525386912844,8464.830200048204,7533.111217904709,13979.514682249817,2539.003536345776
23534.897255453907,21263.520838340624,11486.531754574813,5180.8896155370585,2600.378644602049,3942.1479198767333,8549.97588036662,8865.953702637338,7984.363200207469,14698.848792707537,2589.0096190842632
25147.943327013436,22914.11379171693,12068.958440225757,5354.0520653218055,2706.438210765732,4169.190615122781,9475.321751443198,9193.089726484322,8597.786636111445,15174.971613512238,2670.000374251497
26587.8413001912,24280.673956178496,12666.42977230066,5590.1491438040875,2767.4808905380337,4349.254261031987,10227.519325865374,9432.17272037298,9008.06129738449,15524.209619952493,2735.0014603870027
27733.585055405812,26305.67476277871,13155.737338785782,5778.288567861601,2861.518491921005,4462.311987237922,11025.869390049658,9755.388597228057,9270.237369777082,16024.691839610558,2822.0
28977.65484090828,27842.418676812824,13808.359780813693,6020.387223839698,2948.6460517120895,4600.409614532566,11648.170409159493,10110.559273907313,9737.695364238412,16428.999812359267,2852.059801840057
30395.127051005376,28979.911783507352,14650.16838000709,6335.564679048551,3089.6752250750255,4663.525958378971,12186.42933537051,10322.679753503628,10135.027118644066,16730.251982541344,2918.0220537560303
30978.0599616407,30466.727408008657,15473.971221086604,6615.927565707133,3190.809061488673,4710.758057491289,12640.82269561655,10629.866763285023,10457.744334631127,17247.55311530198,3035.0963012329225
30497.669541409996,32023.736177342445,15842.86826859776,6780.354670750382,3249.8597774244836,4662.819603524229,13226.444060881846,10995.075829827023,10515.452698665606,17938.004136504656,3071.340538742933
29785.42822597603,33298.99177570093,15751.822551810897,6791.38950909925,3237.796939751355,4576.652641002685,13464.021623291374,11249.313203403788,10336.264202531647,18505.465514357402,3103.427581656219
28450.726375641967,33456.58554448686,15365.223073273233,6612.26059654631,3171.6872361156215,4340.58962264151,13454.269668136458,11347.982882636803,10002.970089939345,18707.597475921622,3068.3196939454424
26338.031775553005,32977.40998677665,14607.664909531271,6388.035702693931,2971.734977422716,4055.488026216284,12973.136334456749,11346.983154252413,9412.577760497667,18764.651526022408,2962.3101309441763
24082.50771558245,32004.455116987494,13659.44643535039,5982.873549281136,2784.622131754256,3788.409973045822,12038.097603035007,10996.87720781661,8703.200480480482,18372.2038966158,2843.1427042454516
22072.351757610028,30021.33314924755,12608.978627209206,5544.759020377641,2572.5184,3548.31275129236,11400.71181661057,10325.066367713003,8015.904122097574,17455.899456842602,2708.165416354089
19823.90215284689,27788.627078827656,11379.143947655399,5077.544063647491,2348.4203849518813,3242.228670012547,10903.693984389873,9557.817986230637,7256.414830813535,16180.455477054293,2590.246062992126
18082.872569822794,25191.637570923445,10388.511025029797,4725.331873905429,2177.3433820065943,3025.2100840336134,10065.339517625232,8805.515391791045,6792.011215240436,14897.017477203646,2460.0694330320457
16855.024941639025,22022.05131937271,9598.924750777147,4420.178629880757,2037.2656956303365,2905.154034229829,8973.773929107494,8045.249171552383,6349.647136057771,13562.372330758746,2381.0512929207293
16012.502325581396,19782.788702274152,9192.663574382475,4205.03706431026,2004.1836215666326,2786.1765134938,8396.345898004436,7466.9668402302,6063.3903862660945,12540.838385489009,2327.0524945770067
15263.132001354554,17968.814774485643,8815.434008379889,4059.945135890272,1925.135235076598,2709.13515537252,7633.0148910247735,7038.731003480278,5903.169572107765,11822.484644000346,2240.045045045045
14781.694650090796,16731.251782640767,8682.352190858628,3988.868801652893,1929.1349499209277,2713.083861349236,7107.692888243831,6829.611252051933,5865.104694419841,11388.164620485706,2275.0358883473637
14661.758875739646,15858.747733747734,8720.39760028232,4009.8341463414636,1998.1651376146788,2790.0928208846994,6724.5020689655175,6691.547861817075,5980.140548992355,11099.032151387102,2236.028828828829
15751.934001835103,15506.463884111654,9102.652669601535,4148.642857142857,2157.208510638298,3014.0969798657716,6513.397216951297,6689.459796321629,6314.602780049059,11037.9603987815,2259.0039735099335
17617.464919992966,15751.475983946142,9944.970001034446,4431.700069428373,2293.235425011126,3294.1489230769234,6427.154891304347,6972.50787861103,6818.868233510235,11485.90410351857,2377.000420344683
19736.363783981982,16750.910887465692,10735.274916067146,4706.811736474694,2395.2885189927447,3554.150798175599,6753.288672350791,7593.657453374481,7266.085018513244,12419.222605552817,2455.000407000407
22147.361771714244,18272.28389118997,11667.55187637969,5001.9223340867065,2505.3436861463015,3822.12811011117,7555.559809264306,8227.854608609354,7835.337650323775,13543.564508827525,2533.0003944773175
24071.37631261835,19719.39669207238,12437.962677282905,5300.034154861246,2589.4055445544554,4035.1568381430366,8469.809824902723,8704.971720253461,8334.614399403134,14367.84569923099,2611.00343905235
25965.63966915731,21333.88014010844,13524.598150836708,5583.150626843657,2700.4931506849316,4269.199715032059,9337.133267086232,9053.06220365771,8991.105773672056,14998.995291709316,2707.0033173608554
27204.23520659265,22760.40545773855,14456.157551896922,5890.293685499387,2813.499817451625,4417.265808231778,10154.441068888436,9310.142668863262,9534.453297002725,15375.182466191462,2835.0014089468123
28487.932346723042,24640.24039503292,15112.489997259521,6155.44922922252,2907.537645811241,4477.310924369748,10883.874394759328,9689.398287164304,9849.651678277392,15990.697714725897,2909.000343997248
29757.115242155283,26207.201224778204,15946.097197841493,6445.569164265129,3045.6547176192084,4514.437415273385,11621.178024911032,10000.525781650436,10316.076791120082,16446.024432918828,3016.0119840213047
31082.675100536195,27367.69218326813,16776.872113896625,6771.713327233912,3200.651125401929,4586.534982174689,12132.445126630852,10245.666433006209,10705.500535488267,16781.270470703606,3081.026444662096
32033.926673612925,28970.517148142877,17514.624465558198,7073.072442558173,3269.88808093582,4606.723285841495,12635.86038694868,10459.78886925795,10957.086844613917,17163.511873350923,3196.126742712294
31532.514274359142,30693.555181922122,17745.40104533709,7184.441490898585,3337.9030659646946,4512.7127272727275,13014.365810875457,10818.025465602432,10842.704666215825,17816.878635443773,3213.389755011136
30898.013245033115,32270.854749501577,17435.237867559168,7122.58082871316,3349.8010471204193,4526.587929475587,13555.18802762855,10982.251640112465,10589.460253114496,18377.243112831733,3244.3639798488666
29379.08784455811,32664.406803369893,16941.608759751827,6903.426508199188,3236.7651370299554,4298.571666666667,13381.299595456667,11164.799704087294,10068.982443382505,18705.315265486723,3209.3255961844197
27101.381278363202,32532.338248906763,15980.933511157375,6645.287298859554,3057.7136593591904,4019.4924955482065,13008.246657593469,11154.737231680236,9436.51971643775,18777.363896848135,3126.274119947849
24443.194883820077,31813.332464061026,14799.507938738232,6158.114632501686,2839.8047358834247,3759.8289942449983,12436.69719016558,10806.631398013751,8786.389616575376,18421.0516389762,2983.3289969188636
22308.334688156974,29710.250636531684,13630.761541977754,5674.864558581612,2645.722547870262,3515.7620861412247,11463.03379541542,10123.578904417014,8206.131599081868,17455.949979256802,2853.2604501607716
19844.40770238407,27245.5097181545,12033.688791322315,5138.597297842307,2387.5918720276695,3233.6442888959596,10648.825153673528,9410.470355731226,7432.509630254463,16205.550264887981,2751.2130965593788
18456.701858108107,24694.650274829022,11030.968890554721,4748.430970556162,2168.486692015209,3066.5633378016087,9697.431983718938,8766.276808861654,6931.212176009645,14944.153979238754,2629.1872340425534
17262.81430718365,21213.665058949628,10269.476539736763,4484.29817678283,2088.4142857142856,2953.4755123306704,8560.724630661178,7817.836939313985,6545.818065955074,12889.401956068623,2515.145740815503
16513.132781124496,19195.61429723193,9663.059149525738,4251.0906219630715,1999.4034997426659,2893.433935529579,7858.295047418334,7363.694203304396,6247.480253291118,12037.869911731941,2451.304130162703
16392.953247409652,17681.757483983693,9510.884694429422,4164.0151177199505,2027.3161355589275,2932.379972086532,7192.899870708232,7055.429550758459,6236.361741160774,11465.445432497978,2461.280614362806
16922.862663568547,16613.048620561673,9831.964106320636,4237.0289819775935,2156.3733333333334,3088.3827814569536,6815.701908512572,6968.27547559357,6573.352457720879,11192.066115702479,2525.1160176635885
17786.23834468308,16372.738277331997,10853.524370546318,4570.106344547302,2387.4133333333334,3313.44609206055,6589.471535814826,7262.169797994066,7131.538091769847,11430.940637629097,2643.1695501730105
19485.075838961868,17188.758713296727,12228.627889255778,5086.234327449786,2686.553256704981,3687.5379272020004,6715.473458115986,7835.231544502618,7993.925497334548,12201.994281870164,2777.161243144424
22371.0769659529,19385.047296582372,13824.963850894334,5681.608885651857,3000.7276478679505,4098.70365731463,7190.73626058258,8741.47299201503,8854.602517350899,13741.50422493083,2992.229931972789
24320.04621435595,23156.875986622075,14431.289613944107,6056.74286690586,3132.791364535267,4315.7193816884665,8002.217756526235,10050.631578947368,9205.747906766235,15990.37087805509,3024.439024390244
25712.3513196718,26894.933946649213,14679.11891624222,6213.7664002664,3098.7353528628496,4379.708596861092,9073.742266864512,11135.321647758972,9393.669842676713,17877.46117742496,3067.2603786117566
26784.659813011596,27896.161818181816,14777.892664092666,6280.645007402533,3081.7079290732686,4400.679403541472,9801.055614294777,11466.362733592126,9482.593396950753,18356.63553247926,3053.243081027009
27986.316061213878,27668.363239084152,15231.07690735695,6414.64240862985,3210.649038461538,4527.710305775765,10152.16178421966,11324.056960292104,9908.996321597479,18020.132973531607,3082.259087904825
29423.92314759196,27651.903117416463,15784.26451061592,6612.722387127012,3316.809271935283,4643.769281767956,10794.356916578668,11254.874747660122,10309.204910578965,17866.832272622076,3131.2549593495933
30658.650415606444,28479.17950112392,15761.348676412485,6793.773722627738,3393.7903372835003,4718.7829491083085,11184.414281744928,11412.866292744706,10596.42014162077,18072.80901189387,3183.26912
32219.783644059586,29807.68733106937,16527.003961516697,7035.875587544067,3520.920187793427,4842.868901145524,11724.641979673,11564.892340653454,11012.838575217886,18267.95818006904,3274.3394638403993
33664.406368085234,30972.875037508747,17126.493926879633,7337.134151502328,3633.9903271692747,4935.992495309569,12188.821443754783,11597.916496038457,11422.311476909008,18333.076714801446,3377.349350256875
34787.17740143531,32986.97032092266,17916.41198022681,7603.338329472681,3749.1314917127074,4997.098762886599,12757.114850036576,11638.527969552131,11797.950062089763,18589.508742714403,3474.5203539823005
34879.81405664619,34689.075053609726,18519.310657724174,7887.652808840942,3870.238682025181,5069.238599348534,13498.88868360277,11915.77291215924,12005.458664338717,19181.010503070127,3582.7474137931035
33982.982813220595,36940.34408391059,18347.038664922955,7940.787862934868,3849.172228202368,5031.215955701395,14085.589430894308,12287.130694234325,11894.32699083862,20030.833514183847,3607.742082738944
25840.44176205062,35876.22370096054,14478.75889839649,6389.382587469488,3164.688802083333,3977.6712258064517,12369.055162540002,12735.197198012545,9364.373493975903,20430.226040978192,3040.3440860215055
23832.075815110646,35929.01446847836,13580.473266116715,6055.113016635226,2919.6222222222223,3630.497461928934,12273.011797657444,12632.157086549514,8506.889038910029,20500.161541968493,2875.221238938053
21906.094580485955,33875.6501453266,12431.80706409087,5567.901752423564,2697.5219214639724,3283.2092231507277,11523.5322012465,11830.866047164021,7804.59909005754,19496.557430274643,2709.0014743826023
19632.81621535858,30908.305712849724,11232.68561719324,5024.63488132095,2464.454128440367,3030.1772788203752,10310.675667506297,10808.067004881785,7133.205150717004,17923.12665973906,2577.088339222615
17434.42074294205,27827.397223566193,9950.854767069517,4557.382727272728,2230.3103764921943,2831.1159212880143,9375.238205980068,9794.634444913467,6431.654138992387,16286.561412422203,2386.001679261125
15965.516037063437,24530.127167630057,9166.377725595437,4183.247772277227,2108.256547041707,2635.0863723608445,8411.737147084206,8942.263279445728,6042.357733379263,14739.804414856342,2312.0
14866.903606921955,21192.469854267194,8660.065651198489,3973.0319812792513,2011.2239715591672,2580.056338028169,7458.1683319456015,8104.800508582326,5773.139564199532,13314.035540069686,2214.004054054054
14113.443185141854,19280.40428831141,8321.824322667646,3820.9729729729734,1953.1885117493473,2530.0674920127794,6787.842826682911,7565.47036432844,5600.92845227062,12439.475312215698,2184.007299270073
13862.124767640715,17742.62550031904,8271.78905190482,3769.8575334974025,1997.165221825599,2550.0669572107768,6397.5813165537265,7247.120684776458,5649.798348623854,11846.002079722704,2216.0040504050407
14411.244814761836,16776.129465106304,8803.98201647523,3876.8636363636365,2172.207042253521,2724.149031296572,6134.486291000841,7153.01030927835,6009.864827586207,11548.61612130886,2303.000434593655
15001.638739854176,16453.804267798092,10007.707119409108,4285.985325956219,2388.246153846154,2904.2016806722686,6054.379192916737,7454.991900054914,6707.115438108484,11834.696529040077,2408.0338912133893
16618.60385812072,17129.873809095814,11322.695335276969,4828.985507246377,2647.4482357502907,3205.214398985094,6143.358604495135,8189.177007755818,7367.196064652144,12817.773526122384,2535.0142687277053
18305.11927901458,19415.915324922134,12641.574549918168,5309.243201243202,2878.5432142857144,3475.197487583991,6655.51812267658,9077.442824858757,8015.646434580045,14559.231110485178,2763.023298143429
19627.532623590178,22676.706918467404,12640.369225737879,5470.396262035114,2882.5424393723256,3566.1251418842226,7220.892259264558,9917.889384200706,8067.858375177031,16136.08417765883,2755.0058245358573
20667.34431227509,25978.195893892465,12198.466762274338,5422.310941960038,2787.532644780524,3497.028760425654,8078.334742505765,10639.147306315892,7974.622788761707,17414.72588562304,2696.018081180812
21850.494542361666,26886.13496932515,12112.062722495337,5348.233853865433,2737.486303939962,3512.010285714286,8550.475066569838,10834.22392171765,7971.475497205252,17570.781933290345,2760.043493889288
23252.08282235848,26563.3608119625,12138.058186738837,5396.13127265789,2747.4844859813084,3582.017947279866,8732.421719564189,10690.9936544563,8129.461587463371,17120.374932404015,2754.0607913669064
24551.669922944126,26387.852942321922,12436.24925644415,5478.234430856067,2793.5314685314684,3682.0221069869,9165.303593556382,10602.144274294518,8389.670085258866,16904.00290240658,2807.113964122406
25703.165781426043,27044.177027489448,12542.512305168171,5589.270564367392,2852.5772005772005,3736.0325794291866,9807.698998418557,10758.790422588954,8606.783614457832,17043.996625489603,2832.0172171468726
27346.44070622111,28045.521713615024,13234.277825442634,5797.40993236027,2998.6053534660264,3916.1489141675283,10448.998217468807,11018.099664053752,9032.12967007702,17331.564853307995,2957.000337952011
28865.858558201537,29011.905072720823,13912.970430107525,6078.5993540710515,3127.7283217936038,4033.4466953659157,10860.086596170333,11180.153145695365,9414.499061292105,17481.681234538813,3020.096784996651
29748.274586718966,30896.02949517867,14801.957577036725,6339.9413398692805,3279.818696883853,4117.572991793087,11466.578942611839,11502.43733213966,9746.23812071918,18016.203835145963,3059.191298571903
30067.472958900307,32357.909804171715,15619.104010695186,6595.383645816922,3436.0135583006927,4256.67686746988,11995.074500302846,11831.889140863499,10081.069649159226,18722.967435699302,3181.7787868958803
29351.96846894885,34117.7183085756,15833.915870610712,6660.518582136166,3469.9684053651267,4220.709143968871,12324.660337552743,12184.292525663868,10075.978822796636,19573.688663282574,3196.4385009609223
26954.31746645528,35458.21865667272,14967.971688925989,6549.283177421912,3258.7598101265826,3961.6475006475002,12507.080696202533,12573.027459388144,9588.580880749945,20400.27626419514,3062.2998001332444
24320.534129327683,35676.10289753884,13845.533373286387,6153.116416399528,2986.731167933656,3609.430756159728,12306.039871328197,12519.158117179082,8693.978380975259,20532.18876131708,2895.1133263378806
22076.10928524343,33643.76333549043,12616.888053603529,5650.910743801654,2733.5434700790365,3304.207872078721,11573.553017357675,11767.775242290749,7868.568528592278,19526.509032943675,2715.000368053
19883.075444096135,30603.257107080008,11395.741149841557,5102.646006909165,2476.4800664451823,3034.177041499331,10363.656143515735,10698.891690821256,7188.179561619973,17917.09348654579,2588.0139751552792
17923.739530310042,27471.400920095024,10080.885999796063,4592.3718151071025,2271.3539503386005,2795.117433852845,9377.199025902148,9740.548260500636,6491.670678863746,16232.507900101939,2436.001644736842
16158.810713828014,24196.086588235295,9265.337903582487,4242.19483052914,2116.302516940949,2651.097747231768,8507.817217412512,8872.248719739291,6065.307665923512,14645.763117066292,2309.0
14990.038339539373,21209.49853886616,8710.036967492078,4014.0543114543116,2013.1827848101268,2556.0568720379147,7394.117128463476,8062.779424920129,5779.137254901961,13301.038598666875,2213.007203962179
14229.510808066154,19058.488797488906,8377.818702057713,3876.8636363636365,1959.1328489880646,2512.057877813505,6757.783486238532,7544.474573960463,5623.920265780731,12364.432695507488,2196.007259528131
13887.088156723063,17572.75133329426,8329.803354965103,3807.879772542648,2013.1827848101268,2553.0776237623763,6386.551785425755,7270.168477494002,5656.8331805682865,11798.904530040865,2225.0040340654414
14371.131254480286,16510.181314232326,8779.006634078212,3916.8545502367174,2170.1877934272297,2710.135104790419,6063.346193065942,7125.965953167648,6025.85969738652,11479.577684623619,2307.0017368649587
15035.598257170303,16275.917692356245,9935.692911758628,4289.953398991112,2387.246259085079,2883.2206141899046,5965.217391304348,7434.042705606833,6720.14810243752,11734.63792652064,2406.03391959799
16538.62689180738,17045.969094523763,11175.699750715537,4801.021235521235,2614.3765673981193,3180.23320537428,6111.245537217918,8167.131519558675,7392.18837535014,12773.731767911526,2540.0193982581154
18518.33562447611,19318.90513582343,12439.670106524634,5295.215147975077,2868.5451612903225,3500.1960556844547,6536.422379826635,8998.378603167368,7986.694386694387,14426.252203582597,2756.0295836376918
19991.880747721625,22541.706142955012,12664.39639272015,5464.365010391082,2869.5736823234133,3573.1371493340894,7139.880752532561,9904.863622210689,8163.862231268287,16030.07659246905,2787.0032362459547
21131.721749339595,25851.259370135314,12344.524262131064,5381.386756238004,2781.505725895826,3551.034287333522,8090.261442086422,10625.179598953793,8072.6646106399385,17370.735606285205,2767.017619561309
22439.9012800442,26881.198611484026,12256.199832355407,5271.18967540086,2747.4844859813084,3594.0136871508375,8577.467004463748,10810.28853114879,8036.491103661681,17506.826575648796,2759.0359841669665
23988.62401931201,26609.351276102087,12366.207094201694,5305.091385331781,2729.4877681595785,3714.0173066522448,8893.376409064498,10537.966835739368,8242.607645875252,17039.333635156345,2737.0924521487905
25526.21718338399,26660.940786430223,12658.431275385867,5418.186727514737,2774.453032544379,3856.0375782881,9242.415492957745,10336.131212330798,8529.80968016539,16643.945474640794,2786.0600995732575
27055.920460632027,27325.23553097012,12824.658853748595,5522.255180138137,2819.4987249544624,3945.050038294613,9797.667616334282,10401.666666666666,8774.87659574468,16647.877690741996,2839.0224168126097
28958.688630907593,28491.720621162873,13601.411568240474,5676.343994184989,2942.587762237762,4102.166913580248,10447.033980582524,10565.046627080696,9181.26997058158,16916.416813674798,2942.0
30317.07627322367,29518.004637054597,14274.111361816727,5926.573670444637,3047.6244511989194,4219.512721104919,10958.092702728218,10648.058721267143,9572.638922090622,16965.465239019653,3002.2117208672084
30928.210936183124,31391.03818372841,15035.068850869297,6159.889673730239,3192.744186046512,4310.642891107941,11664.588329336531,10885.272297361204,9953.318243738868,17512.010420346167,3052.208194536975
30996.14484942397,32859.00932759649,15684.117686214473,6439.284400709792,3336.937693738376,4426.808031569174,12173.12652400034,11201.725380009211,10225.22891072891,18114.69713731752,3132.447678221059
30005.50201767202,34572.7541361947,15752.996886592475,6536.486473583705,3377.8920159070053,4336.769540502132,12497.71365565449,11588.051716451182,10183.10984381422,18973.55160938352,3135.399673735726
27403.893164344983,35853.30865448649,14972.969612683402,6414.333117303953,3178.7475665152497,4028.689092762487,12659.226666666667,12167.976815547223,9645.689864498645,19899.06953434955,3039.3228081961706
24644.649225051733,36068.11810230739,13836.424471751836,6084.102559726963,2910.654745042493,3686.4897279289285,12479.050575863797,12150.020577185793,8782.1609947644,20115.029478575118,2879.1270679338263
22341.36751221783,33925.81818181818,12579.865606817995,5573.786458333334,2667.5874855156435,3369.2540018121417,11606.416920595088,11424.666485161992,7947.709779179811,19129.343294104885,2677.003354453969
20137.09928821952,30815.3708907563,11354.6875,5059.623155737705,2424.461832061069,3101.204850868568,10459.69900695134,10514.875221238939,7243.331026528259,17651.9970110766,2550.009842519685
17815.775611175784,27634.42177074743,10072.887539544852,4568.379279075039,2196.3152985074626,2827.1294370742203,9562.325551091324,9622.580558539206,6484.7161684345865,16052.525389869828,2411.003742203742
16364.962025316458,24340.184764578284,9268.362189054726,4216.237662656518,2078.2837438423644,2676.1093868281605,8574.869796708615,8736.153237240076,6092.337602459016,14509.766196782004,2313.000432713111
15295.434400162392,21223.628590904664,8699.083470491418,3980.0301064105893,1977.227906976744,2591.0764728833396,7501.085895491521,7979.798501679152,5799.169625246549,13170.038362170202,2225.0040340654414
14477.808235797887,19171.588279610398,8283.828180810446,3850.900910551687,1927.1713379164464,2548.0777777777776,6918.874196922157,7487.45728021978,5649.949467107681,12240.4580531271,2177.004122766835
14300.5576409442,17580.840375036623,8249.811302089773,3784.917121046892,1951.150756390193,2574.0884433962265,6403.515625,7207.152860802733,5625.881409074142,11696.817831156306,2187.0041039671682
14845.517579210671,16532.26308257109,8773.02935694315,3898.889476467478,2117.173641173641,2731.1486436269042,6106.367088607595,7084.995808037004,6000.867725781384,11384.615474583896,2313.000432713111
15672.987349278512,16188.906206371368,9938.719289182767,4266.958695652174,2361.270445694505,2940.2162629757786,5999.299622252747,7404.022818420688,6712.113804817789,11671.598684210527,2405.033933808127
17270.14713112297,16991.95165286759,11197.694278079794,4784.965376344086,2601.4036263303115,3225.2473966550965,6135.299765021819,8175.154597845151,7430.176790192254,12688.791992896924,2577.076892899176
18843.662837986372,19215.997438497252,12435.60053262317,5251.225648075412,2850.5205479452056,3533.1794430089,6585.3225,9078.391417278375,8037.714654615882,14339.164271927943,2745.0234518138514
19921.902141149567,22500.74482884862,12565.356144102647,5454.4004923309985,2892.568990042674,3637.1347063735043,7248.884708564913,9889.866528066528,8076.855066872428,15999.025896414343,2763.0032644178455
20821.303491717088,26041.340400237765,12199.466554196542,5391.351206434317,2790.5320560058954,3655.033305807872,8208.401513240859,10658.2021440989,7940.710588235294,17318.686805018733,2695.0236075248986
22025.417057169638,27023.25882397833,12134.139918740477,5287.248536870854,2749.457260171706,3702.017362995117,8602.494706448508,10736.304777436686,7982.545454545454,17368.857905665973,2722.0524399126
23910.339744143832,26947.574299029722,12191.102585698645,5300.122207110938,2763.4548830300782,3815.021332631024,8843.356433329436,10534.967411454776,8202.547246083881,16889.306272838003,2759.0806740767302
25565.27543504654,27089.05520983532,12572.41976116473,5345.172706245182,2804.4743777452413,3936.043222506394,9293.27084952804,10325.111155063292,8522.774519347773,16533.936518729137,2805.1269785437917
27000.008627962266,27956.31058070685,12685.570292853088,5394.223007834893,2834.496014492753,4031.0562359410146,10127.81384662514,10325.732007952287,8641.846717080782,16406.866549824736,2837.0224325271647
28922.54972920627,29557.879603202226,13388.401465483996,5557.373699851411,2941.5592450192244,4179.190152801359,10581.993938801446,10391.99525034633,9069.193884562528,16618.332549068167,2919.0
30547.14713199959,30575.223703254902,14094.02108056313,5755.553340517242,3039.62614290552,4277.483639837592,10961.126675476684,10428.987972000394,9453.604863556337,16667.43972332016,2974.0870156356223
31292.697403073642,32442.22750230298,14997.04298312617,6003.830400276053,3194.7437056165268,4338.663752362949,11542.554528318822,10591.24637822071,9750.323737157534,17130.944387601565,3034.3897505057316
31350.199433899434,34021.264854863664,15653.132403948772,6239.4012006002995,3355.8645737149895,4452.775830258302,11976.23599306158,10877.645764158999,10117.097641704593,17785.71936552205,3139.422562764917
30206.36433037411,35616.966199313516,15802.018160206035,6284.383316782522,3354.7998154981547,4397.785797710815,12243.89837571222,11296.064793630456,10010.013170272814,18626.479686544768,3116.4500328731096
27706.714661951166,36733.49540843717,15036.026662049862,6168.30765340526,3164.688802083333,4096.677354709419,12376.179284210526,11831.828308501315,9429.569131832797,19661.00073972313,3034.5145466847093
25123.990096137906,36895.24868543149,13837.49861350521,5839.997156061145,2925.6824109975328,3731.507270233196,12158.850488097276,11829.828979663393,8561.088511781223,19885.957282364612,2821.116337522442
22628.45698924731,34737.88385691697,12651.879817485536,5428.798012612268,2674.5265384615386,3429.249480866212,11496.42,11176.563305815787,7756.667654587094,18917.2650945983,2664.0
20008.95153087701,31711.55849118223,11329.693617408722,4976.689259645464,2428.4331641285953,3145.218558034271,10384.687506251876,10343.820989505248,7090.225445442497,17533.89258538312,2524.009944311854
17847.507024265644,28352.44938280622,10145.87358184765,4496.402166397787,2217.3370319001388,2858.128014184397,9528.376866891966,9456.525027322405,6338.694736842106,16008.365796951692,2378.0037942664417
16334.721806893056,24908.119843808417,9341.426251097455,4179.178465346534,2086.2593137254903,2677.085001888931,8423.733103533177,8605.089459167766,5934.402421902422,14473.676441210044,2263.000442282176
15220.076123862556,21643.64849642005,8760.075755807167,3985.1308411214955,1995.225806451613,2612.0871417505805,7462.132002218525,7852.735336570004,5687.173221145053,13094.900849858355,2225.0017945266936
14553.655576049943,19589.74058467211,8325.865023905848,3835.0024245689656,1947.1336814621409,2560.056782334385,6852.725026367335,7384.449226911826,5566.94068270845,12241.371166932706,2165.007363092499
14245.346727483347,18083.819667463846,8271.80910099889,3789.852869186837,1991.2050230650948,2572.077044025157,6370.491986401165,7165.133839106784,5637.877254324622,11735.837207270184,2195.0018190086403
14574.393547017618,16974.203924656293,8700.01597556678,3892.859978824775,2130.191387559809,2738.148257968866,6077.312542372882,7109.9444364473875,5984.872900432901,11472.602784968312,2257.0017754105634
15213.682107976127,16661.87520798669,9826.685194859472,4251.962181818182,2377.268586162441,2922.2176183844012,5914.22819843342,7406.046743189047,6685.122654675143,11754.611009493947,2400.026845637584
16842.74659132785,17379.937156694818,11033.735616053887,4795.905680600214,2628.3993759750388,3222.2476310802276,6122.3026072329685,8117.212626262626,7307.214741318214,12722.787088464944,2537.0142574257425
18957.591961555263,19604.93648055207,12250.58563582594,5253.225166862976,2859.518864534675,3527.179752660339,6514.33733607205,8981.406828042931,7841.707401032702,14492.216256366724,2694.018283582089
20169.86227422003,22746.721623823316,12406.332500208282,5453.400757575758,2870.5734767025087,3635.147394817498,7185.8022988505745,9811.881785789143,8039.829608577704,16188.07399174341,2749.0058372856624
21453.666554281863,26146.37843384907,11987.422868915786,5363.358490566038,2767.4808905380337,3623.0400111141985,8048.34375,10599.214764448763,7903.647236444795,17430.7223633678,2718.0131868131866
22654.843432271005,27200.310713473347,11963.089106361062,5275.219898358093,2727.4610462928117,3670.022179627601,8577.467004463748,10706.281262023856,7876.543575566087,17571.903589021815,2723.0440801457194
24379.548056132615,27232.543592456823,11981.032045240338,5237.136113296617,2767.4808905380337,3815.0263504611326,8792.404633113827,10445.01329132618,7994.541493775933,17060.329414601794,2717.0819075354934
26109.35978605388,27508.087278161776,12337.352196016336,5308.243442782203,2806.5289377289378,3969.0365019011406,9132.4118578864,10239.163839552984,8245.718455151591,16674.941778513206,2747.0609448250993
27666.33959721494,28619.492993676344,12391.57339868738,5380.257619321448,2834.496014492753,4044.0560538116592,9795.77157038758,10275.687637307768,8434.842519685038,16618.85586309156,2759.023063063063
29335.823464912282,30085.062215685604,13054.324499644015,5528.381139122315,2963.612712747482,4196.189371980677,10471.062079873467,10271.96196196196,8784.181828936471,16719.399298288812,2808.0
30728.36329131083,31021.27716039144,13682.017777102486,5722.59696367251,3058.713418745786,4293.526077637533,10921.103543008716,10236.055589063128,9159.64185042055,16632.38815667347,2879.1270679338263
31258.71294596669,32676.327677022553,14585.13513899807,5983.910083160083,3195.775266386826,4326.691322901849,11614.495675434686,10380.232585830521,9497.398988232706,17040.841045182362,2916.2360335195535
31021.44674546251,33821.18635018458,15270.228153014437,6146.316243654822,3319.908128308938,4455.748445058743,12235.219686041577,10612.648346303502,9781.184233076265,17615.46544346093,3005.5196446873933
29738.62860353243,35290.888409371146,15365.001970644198,6206.4973154362415,3308.843945068664,4356.793396226415,12548.938287989384,11008.009392317084,9751.104618689582,18463.28183142793,3028.628484024473
27104.594575879975,36515.4192319718,14528.989315166726,6081.261070268422,3118.862400530504,4072.6814516129034,12569.265671641793,11495.792185526077,9264.654280551164,19297.782465959852,2892.540511727079
24505.706202209007,36715.349029139936,13478.470520320197,5748.109222423146,2871.6329386437033,3713.5097877033363,12412.121212121212,11456.919905771494,8412.117851815017,19367.79586036785,2754.1062500000003
22479.51529172257,34426.94878048781,12483.841293656747,5367.857640232108,2643.5328921759437,3384.144910179641,11429.446963489028,10809.574760076775,7748.763189852921,18331.164732521935,2665.322593018796
20007.107995846312,31691.818348263914,11242.317601332592,4930.70562223626,2414.463798977854,3125.1048883133703,10416.675740352975,10304.408436524714,7055.242155121374,17517.915639810428,2543.3873438129785
18078.873917283312,28759.86256709536,10178.414109491285,4538.425211235442,2212.312962962963,2878.0423669467787,9598.312601406167,9522.262727570042,6372.679751390252,16155.325799409271,2372.31449525453
16625.952606339913,25251.404484709357,9307.777172099233,4142.189357981513,2063.2397226349676,2695.030257751214,8678.871742768348,8683.721207781358,5910.370683579986,14715.652320912868,2264.2822944896116
15499.514190317195,22267.08459859776,8748.31514292464,3886.0558659217872,1931.1523458091724,2569.0250685468077,7639.149763033175,7909.210017000131,5550.065380292244,13418.940137313892,2210.2234533702676
14765.998949873985,19924.012229880293,8314.033763654419,3725.899750761562,1904.1545454545453,2501.1969881969885,6954.797118669241,7338.828105218737,5368.857280990137,12415.229239474122,2135.2532312111057
14071.551511593778,18178.19648326716,8026.696600384862,3631.859130928714,1847.1238304898184,2463.1821561338293,6444.4433072125385,7010.653082242165,5252.7076011846,11794.645578469066,2118.155619596542
13890.338334695089,17098.6448834548,8021.580020518081,3593.8055635216515,1903.1045333333334,2504.1791226645005,6112.304802021904,6810.452290942083,5299.655064528744,11408.458017334777,2136.1720686367967
13697.195000752898,16263.144618692299,8304.609411764706,3701.8423837371206,1968.101030927835,2552.211093375898,5887.204370629371,6833.358777476664,5444.681446241675,11264.310032894737,2115.1388755406056
14477.609883057614,16154.88496756963,8827.230742459396,3877.689006622516,2140.1539923954374,2743.023469013568,5776.111091329891,6955.277925531915,5792.509541644373,11429.10493660642,2156.001851851852
15921.817947229212,16787.720833587973,9533.44688172043,4170.77279448004,2266.2178217821784,2908.0870748299317,5752.031612787998,7315.321488764044,6302.7751518135565,12152.24703991881,2322.0
17672.18330329632,18414.25895864392,9937.829265770424,4402.898550724638,2364.2700950734657,3071.0632462084545,6051.228741496599,8007.456447318371,6554.018495099589,13243.912168905948,2439.081294068851
19918.1989764268,20137.530018192843,10466.274015748033,4586.008537407324,2437.3059169114563,3274.0593579648694,6600.408176002496,8525.40004756808,6871.284312245207,14296.923798692069,2501.032621828433
22087.083558958082,21764.834791968926,10872.61491744164,4718.101857923497,2447.2822546972857,3456.034790109258,7181.5817790530855,8865.498797664033,7116.543649635036,14923.099604581403,2615.065276168405
24317.033408328734,23574.369979224375,11406.068056184866,4863.1299830364715,2553.361010830325,3673.0219452722836,7803.8721575885775,9094.663199105145,7471.846860643185,15389.335010593222,2686.0847138554213
26265.245708661416,25089.859673412873,11827.430521526076,4986.326424870467,2656.4466769706337,3878.004117344313,8438.099461707854,9219.79843076583,7836.068667817771,15613.632060669455,2734.0832100591715
27886.16484780995,27319.742167591063,12106.774715398442,5139.4893274265005,2728.4608728367193,3999.0002499375155,9239.656064508903,9459.994496600842,8093.379345866598,15897.969960118358,2766.082236842105
29252.512674158894,29405.54412636424,12681.25366172981,5258.559558968301,2837.805322639446,4121.003890104547,9987.96060951591,9625.104458598727,8655.863154087292,16135.218985976268,2789.104900181488
30486.9237019083,31106.226992245505,13217.928300694884,5433.721671117894,2906.785561877667,4187.106393244874,10480.202530394385,9779.385106828655,9149.252654412603,16292.594371694788,2828.394279507603
30621.69993183367,32709.19632248939,13730.443539796075,5566.826159865847,3006.9317711922813,4196.767874632713,10805.463826520821,9916.840671953256,9287.320773816218,16402.022674161562,2799.374405850091
30061.1024224099,33341.48951157451,13866.83368532207,5646.028892160471,3037.886201022147,4241.787254664405,11356.034028540067,10174.082154128067,9394.964429081178,16918.405294442062,2851.5485034258927
28680.839737991268,34136.082905489566,14013.531196421915,5679.055992680695,3055.8807991872677,4142.750248015873,11442.482808804803,10445.323640333465,9380.687151461074,17417.950893921337,2833.4961942732875
26305.21775663892,34041.341054556535,13459.904200899087,5605.004819277108,2934.811839323467,3878.7164811870693,11343.565225374094,10741.988482384824,8775.302228578239,17856.018886621976,2783.4780523791956
24237.44443967368,34011.01289712787,13013.584615384614,5423.914975105324,2739.6326684230335,3614.600795002839,11137.278000934144,10675.014515343399,8217.985877862595,18059.89568573239,2710.491281273692
22535.332564469252,32332.014132803484,12207.625457953482,5140.746214415505,2562.520481927711,3339.121248863292,10468.813759555245,10285.724388765406,7695.652362846279,17488.59425547098,2624.536862745098
20713.513997591814,30315.16720191322,11370.388817715959,4794.562837983994,2415.4355593364526,3108.0940143135977,9975.525197834235,9755.107438894793,7162.3703865791385,16711.587979634918,2521.3908092720617
18605.297540023428,28067.647004540257,10139.466011466011,4430.499180135863,2198.315004659832,2852.050919377652,9221.139239081496,9135.979225791805,6464.8112294288485,15657.119501854797,2387.3363363363364
16926.219073269265,25391.75522193211,9309.77655433211,4071.175394001017,2032.2434607645876,2665.030600680015,8551.654065188417,8501.633638025594,6022.49134948097,14546.708368976333,2264.2822944896116
15770.57382858643,22311.209428452235,8680.300119047619,3841.0686591276253,1925.171519322393,2549.0320031608057,7542.143347050754,7836.337341437633,5729.197203559107,13313.79553932235,2229.221510297483
15020.166620765629,19888.05446804092,8333.996657588512,3671.946272855134,1888.1558791801513,2478.1988496302383,6852.725026367335,7323.931292325056,5577.015278554128,12298.160829764003,2178.343220338983
14258.601202114565,18188.256974370608,7960.711088109717,3571.842044470113,1842.1080485115767,2440.202003338898,6381.521015195603,6936.576608708575,5474.974568229265,11650.617126680821,2133.2109038737444
13769.209182144996,17026.60060477774,7945.566545831176,3516.8237536656893,1872.0915492957747,2457.2005801906344,6055.257395443726,6760.493827160493,5496.888574126535,11273.337686056067,2135.1375535459306
13509.337484718826,16117.145118059989,8097.593495934959,3574.8099769319488,1918.1191737288134,2500.215566422168,5787.196015652792,6688.418937644342,5587.894687964338,11112.195519348268,2129.172644667623
14106.57521411317,15844.999286270438,8587.216722328245,3742.71456043956,2098.1571290009697,2681.024015009381,5738.090127217345,6762.315437262358,5901.683730715288,11273.02323885902,2159.0018492834024
15473.547649048345,16310.775679758308,9336.452498627128,4021.8022512151447,2222.222222222222,2870.0882150241214,5620.946676406135,7103.305700231482,6374.003414634147,11869.16119816466,2271.0
17216.129871680092,17792.26913622592,9819.795835077439,4290.922707633222,2329.2525208241996,3026.055373525557,5923.1677665856205,7758.4713275726635,6729.295850686411,12957.815808045165,2388.010513036165
19448.061884595023,19430.531985120764,10456.276256157635,4481.032903819604,2392.2668659265582,3231.0442396313365,6457.379425837321,8331.423840253257,7104.470038000585,14008.79902884476,2529.032258064516
21473.97882352941,21140.9287333044,10896.705665024629,4637.089857651245,2432.306560134567,3376.0356091818717,7110.56730908564,8700.524048564092,7389.67810434538,14619.018433500278,2591.0764728833396
23339.05939892887,23154.47680571479,11529.204251883744,4754.222029111448,2510.392565359477,3600.0223880597014,7770.848400371697,9001.652729121935,7914.2868992758395,15143.281043993005,2654.064307458143
24846.825842696628,25157.096333631413,12279.828607594936,4859.227369315767,2601.4036263303115,3796.0042060988435,8317.131007078107,9159.862072804186,8144.399744081895,15362.61711741644,2692.0962406015037
26344.604980948265,27765.09260011072,12795.065138134974,4934.409939190607,2650.421439628483,3906.0002558853635,8827.498066330716,9394.06590538336,8247.525790139065,15743.943946479605,2767.0822067957615
27964.78989696835,29946.86943264355,13606.731456043955,4994.358103912233,2763.723738317757,4025.0022393630256,9397.785171312107,9576.20004272135,8468.773875539124,15986.191943127962,2871.2398013479956
29476.3068153743,31408.334727896716,14205.350451840424,5111.569517632753,2867.762522522523,4129.097823428711,9912.020169296686,9723.417913593255,8759.947092469018,16180.560915314403,2905.5954658165074
30195.36941046375,33062.240796019905,14601.651769753307,5214.60937810451,2994.899377593361,4158.747282608695,10419.258504077978,9848.825803740281,9022.04546506247,16401.986485633093,2917.3150157507876
29653.401710906146,33966.55020251546,14812.9541543236,5379.81500771605,3085.9070781616906,4197.740151700514,11130.999719966396,10163.013854930725,9287.783677150264,16944.359760200645,2918.782223796034
28555.677544308426,34966.17786936282,14929.674659210066,5488.93017975402,3077.8397715821293,4089.76024126665,11415.452639256086,10560.286134824846,9284.643790849672,17657.716701902747,2928.533684210526
26124.996848068942,34985.50761978178,14345.155484480629,5469.821699544765,2962.838337988827,3862.691755319149,11326.530612244898,10959.98492319363,8897.28633533075,18293.965372149883,2862.491032998565
23755.352554552624,34856.17728070437,13675.806982771765,5296.767874632713,2763.596347372344,3578.5805619266057,11097.294045944678,10962.904955936701,8449.098997648805,18514.759234310095,2786.451030927835
21735.04036925432,32989.16805376715,12597.89254439807,4995.682592438719,2560.5506838294446,3288.2088998763907,10367.733112848266,10470.73410060522,7856.893090134469,17867.488454603616,2583.006175221922
19529.660430507574,30584.048068785756,11817.925058957113,4619.54739442947,2370.444058976583,3115.187805673296,9766.329684344775,9636.476312968916,7344.64620424441,16599.47250762812,2489.010084711577
17355.2643232275,27964.426375824012,10323.008966822756,4218.34578520521,2155.3469776297,2841.1155080213903,9098.067868141896,8921.268781108925,6570.98204639339,15335.145871250423,2365.001694197374
16068.695954650862,25223.555669595207,9435.513807349424,3960.1382283773187,2025.2673067205662,2674.0968962906886,8361.679355238686,8320.99987600744,6157.560331697411,14205.748108815827,2238.0004472271917
14979.007520872143,21410.678314590474,8917.14731528224,3778.087099424815,1942.210304942166,2617.0652257815514,7472.164127423823,7698.771126289006,5834.277738137709,12807.96787698253,2195.0018190086403
14374.636592198838,19364.541116318702,8535.905274488698,3666.9476056338026,1898.1550429184551,2579.056360078278,6900.845289800808,7257.4172335600915,5601.0857620196775,12025.357026772732,2161.007376671277
14180.299323685551,17852.780123435427,8487.868702657208,3617.8947218259627,1938.134312696747,2591.065886939571,6519.64776686728,6987.111127422196,5646.9893323524,11476.827598534275,2165.007363092499
14592.420736447804,16711.255785327427,8890.037475571906,3716.8701442841284,2123.192030724916,2763.1468968049944,6230.400165425972,6925.946045824094,6075.953754266212,11331.598788864787,2269.000441111601
15387.67095736122,16331.907415560727,10080.748090047875,4136.989775561097,2373.2477419354836,2960.232462173315,6175.382009345793,7298.0874877124,6743.215043839409,11739.661490141336,2406.03391959799
16894.73148034774,17211.886278251535,11300.797314578003,4718.97927574171,2637.3732038834955,3246.245768025078,6313.381201044386,8089.118481012659,7407.2194883265765,12803.727614326832,2532.0142857142855
18656.43517337032,19559.89333053911,12409.750959772993,5198.270597577924,2861.5465325188648,3562.192592592592,6882.496781918874,9037.372504537207,7983.733714731504,14626.12076211824,2719.095273539263
19926.829567295204,22899.659745629408,12663.464728935336,5382.453620126753,2895.5683836589697,3647.1469036378785,7648.04445945946,9911.834197428452,8093.8488387013995,16241.951603719872,2756.0032727272724
20792.31113097899,26336.267136701917,12222.491074435837,5305.340794083301,2798.559191176471,3651.039702233251,8568.685171746492,10620.18065516573,7901.647931713723,17584.59988293825,2695.0180878552974
21526.349637941785,27401.23185734171,12063.125500212856,5173.2769353551475,2719.4624386560968,3657.0222588623246,8915.612330198537,10727.27666314678,7774.429352172753,17609.773306819512,2688.0530973451328
22678.90352115884,27346.54909118278,12137.139375476008,5116.072449184946,2704.4650721336375,3765.0170712189915,9363.831545183055,10395.966079905063,7742.294864937148,16988.315129866198,2688.0721649484535
23569.064420000876,27333.064638640295,12326.326021684737,5122.162406922922,2755.4562383612665,3844.0316588173728,9322.631602308034,10218.12303848076,7797.385545370002,16653.944280805106,2734.0522117476435
24861.68527834366,27883.296497050145,12382.516289893616,5141.127254509018,2788.504421518054,3911.0504764357456,9539.70729855764,10214.69798050839,7872.434324822322,16553.9216975864,2721.02338326635
26779.477801432164,28964.682019958094,13151.299183545296,5253.256873527102,2923.562785789659,4032.1698492462315,9998.88646243014,10255.05167051269,8068.665980971971,16627.418657917544,2801.0003567606136
28204.999778614125,29745.928195904817,13737.839268163605,5432.406351017304,2990.667126119917,4150.498768472907,10318.037624159726,10261.079630929697,8312.885835623281,16659.441423628272,2869.2041829138607
29058.31958097151,31367.951151407637,14598.875526071759,5664.684518369586,3159.8508341511288,4204.634080936129,10766.365964000386,10450.33885601578,8690.545966678654,17051.900604594925,2941.199101278949
29364.094821764935,32568.72926234441,15270.913043478262,5943.234295713037,3321.9772514802116,4348.713780084946,11197.819892473119,10754.709677419354,9104.320018365474,17589.63848910298,3053.6834289571384
28584.401992264466,34088.399446942996,15487.724762610278,6089.379764142882,3344.9011124845492,4251.677683956574,11650.645576407507,11252.077184599835,9170.378390699796,18572.42517973583,3074.407789613848
30388.106970040153,36017.36779117162,18489.009957245726,6650.988011832477,3426.9462884731443,5024.507717303006,13787.46368166717,12105.666067761806,10380.240850892225,20266.63254861822,3292.3375697458155
27431.196514012303,35792.46185405028,17504.035646500593,6485.8608806636885,3243.8280802292265,4583.392087130474,13466.38900487126,12024.69165158956,9891.74944520765,20106.574280408542,3183.168632451386
24851.241904443144,34499.05287910763,15792.637912952281,6219.661681621802,2983.8322357019065,4134.192251103482,13008.080726458116,11663.303973744898,9042.08035095821,19411.953463550006,3037.033145508784
22083.597028958255,32646.844660194176,14082.884279315664,5757.485647649803,2741.696421845574,3768.142127888232,12329.458491361147,11078.724147568473,8146.615217112848,18664.882597143805,2862.0351864883887
19162.743096460417,29489.501849438122,12522.879054832867,5285.280944943382,2479.508509755085,3443.0750513046028,11193.976336302896,10295.534436090225,7305.955951532431,17362.400142738195,2712.013333333333
17644.034246173695,26126.197416020674,11495.34971796938,4904.08930447573,2354.4759615384614,3206.038002512563,10172.378276389598,9276.085444444445,6847.688706490348,15777.70270623611,2646.0136674259684
16310.451381845842,23082.818398453306,10735.794359464628,4657.962651933702,2247.3841936957515,3039.0211710221633,9201.846638892017,8765.746948356807,6490.383728379244,14418.970873786408,2549.001571709234
15435.950822962666,20834.628769031744,10110.483835005572,4473.85520569984,2208.313543599258,2945.0122741220594,8467.500183396503,8211.43184092046,6216.171065820247,13426.45224246135,2480.003637833468
14816.52468147323,19293.63175965665,9857.373883232913,4371.790599294947,2215.312528895053,2946.0218430034133,7952.163416536662,7830.232351015063,6145.0052320675095,12869.963437948065,2463.006517311609
14493.350099601596,18219.971684730182,10092.511526353204,4445.832369942196,2326.345374449339,3035.033167495854,7505.850385038504,7738.04788993253,6408.992077607114,12502.770213811747,2484.0145631067962
15254.513619466037,17752.46254507386,11141.04787381238,4711.89373772638,2531.4150790433723,3324.077764277035,7320.673144627517,7915.023914167528,7003.202752700902,12680.697069981436,2639.0243995425085
17318.578102625295,18270.49237374308,12685.997316855028,5265.653330743834,2828.5530909090908,3742.1692849404117,7331.701828410689,8408.075069959848,7860.61332984156,13293.778872805668,2748.0436823104696
20088.2835843995,20822.869884989388,14541.132408395588,5838.962390158173,3108.7329130723288,4199.279835390947,7705.499733048585,9337.401646542261,8815.398147062273,14735.178802420194,2939.01219925449
21876.025214465142,24865.38272066459,15086.011782435951,6141.210217755444,3154.66090078329,4445.248686914821,8764.11396279727,10453.246625283278,9146.719606067467,16668.558850787766,3020.026662277814
23166.938852136598,28722.88451708125,15117.390305426781,6184.089686098655,3080.677257525084,4556.1072695035455,10085.930836326323,11246.650403521644,9197.598582836576,18122.628732619105,2982.119536423841
24274.922214644957,30072.650286734657,14993.056081823173,6184.907223326706,3056.622558922559,4659.055327425978,10809.101665709362,11384.776015228426,9383.444236485742,18340.60459356001,2983.240039512677
25046.324916311936,30171.98212637982,15294.229044637448,6224.852631578948,3054.6527309507755,4803.067967275016,11211.986450364087,11333.505318665333,9566.395963738398,18120.36903541738,2982.2958579881656
26410.012550003925,30231.59737604362,15643.393191097064,6344.859793481769,3089.615717615718,4939.090055135797,11386.775512053653,11297.513545562346,9779.537762754831,17955.155573422155,3022.2920181700197
27872.5637823372,30952.770103847688,16075.570256410256,6423.9210652208585,3129.72784184514,5050.135254101641,12007.039559683522,11257.491990846682,9994.714522134878,17847.149997110995,3012.2555410691
29447.709208116103,31994.084318335535,17056.315837268434,6570.998439937597,3219.7693047100292,5281.19628138777,12480.245095604669,11319.417341461196,10452.032478463214,17936.128765233385,3127.1814173228345
31270.69317992884,32804.23686276973,17913.270688858065,6844.161541922904,3349.8332819722655,5385.301602262018,12895.267456758487,11256.461651107451,10851.448605273214,17742.17532845018,3244.0516819571867
32559.184185272854,34905.30156337737,19234.528218170013,7167.406572904708,3472.933333333333,5557.4398241436165,13577.753541507998,11306.185282881572,11368.227638558625,17946.910280695713,3378.0241071428577
33527.72894171826,35720.08551020996,20190.509860609192,7510.914478207067,3579.9714120704593,5637.609309907625,14086.489917574329,11561.306754471834,11767.23669741043,18451.132491761156,3520.1522740356936
32630.883015487012,38067.29052321458,19897.08506517301,7640.290593656817,3529.985643129212,5499.624930336244,14879.35817039106,11993.817181184968,11619.997837448189,19361.995252067216,3496.2446189645143
30815.741838255217,39860.869183013354,18970.347704459436,7487.339100346021,3426.0166213357506,5240.547136735489,15479.217019845273,12440.705451518934,11216.739990667289,20238.60454033002,3450.2309958750734
28093.929976250554,39176.93547873187,18270.378594975562,7217.13513125807,3239.7964319847083,4804.410517387617,15077.17708837145,12347.734356651568,10613.259314015377,20136.714808326462,3338.1606925880924
25076.010006643413,37481.78404237617,16829.99692402338,6819.867950272892,3000.7276478679505,4312.241054613936,14534.944528058482,11938.432521452716,9689.530997304582,19488.03833475117,3157.0258043963045
22190.22530922039,35368.52302496329,15154.197079295755,6220.695363137776,2738.6972096530917,3924.148606811146,13770.470703863311,11378.809869375908,8727.962200956938,18787.949678270914,2996.1094594594597
19596.372195173582,31841.85272353881,13386.143847754063,5664.444120328168,2480.5082987551864,3594.0910623946033,12532.903587443945,10539.537542829172,7808.333422352784,17552.515064140283,2809.0128709331425
17535.137249114523,28108.682142197595,12234.547627061595,5176.149910412104,2330.481007067138,3342.0679347826085,11402.294874133528,9507.186747641254,7229.988326848248,16034.798584753938,2688.01832460733
16218.375015933714,24672.952300903547,11331.985136849737,4812.049025904517,2227.415320719889,3204.045283018868,9659.991419071113,8923.74377593361,6724.615289384092,14552.001768409138,2580.0034965034965
15271.928107669419,22199.737274296647,10650.626720569833,4584.890309555854,2165.3991457047937,3060.0398288347596,9058.746970043449,8329.492353231375,6413.333495381623,13519.462567454586,2492.0036202735314
14651.406531531533,20494.73146606106,10438.53381761068,4475.826636050517,2158.320987654321,3088.039465101109,8219.293318233294,7895.299714062907,6307.1005099522945,12915.084677099056,2503.0064128256518
14478.198633549213,19295.080004284035,10514.648298059104,4507.848574686431,2287.351411922905,3177.045670789724,7681.935483870968,7785.13832587523,6512.143357757248,12617.802321805488,2533.009908838684
15466.747348055242,18849.636751902755,11429.132925622807,4773.938590820943,2504.3438266557646,3450.0949033391917,7450.736193771627,7975.086521181001,7202.359447004607,12732.73747688349,2661.037864445286
17590.876190476192,19328.518247785723,12828.121953181562,5341.7129718336855,2812.5563277249453,3890.1900417101147,7460.829436989901,8479.112237509053,8118.766780865372,13280.80443999075,2803.1406964474145
20629.47480532529,21765.026254899185,14897.342388661154,5978.991417782356,3107.733156322602,4426.314568014706,7814.5066456112645,9435.361997828448,9135.616830898178,14777.222445723797,3059.0117225659396
22580.423583995587,25814.397952655152,15685.354783411352,6358.2528717036075,3142.6937704918037,4671.26624646816,8863.02675351867,10638.236159504451,9721.155963302752,16845.67080479452,3073.1042135734965
23989.475421166306,29959.84636871508,15842.71857300957,6443.071041733036,3111.700894335873,4809.142106369561,10354.956035171863,11441.729780903435,9959.041501976284,18263.526592437687,3112.1533586818755
25486.725281423984,31783.861262665632,15789.482184808143,6495.984850875808,3107.6711965528666,4959.089688834655,11267.35241683514,11693.795235994707,10149.876770971357,18489.69701200782,3062.3693290734823
26664.968972078754,32220.27883169647,16034.57966450286,6637.963265936101,3180.6261319534283,5155.122428991185,11848.284978615693,11724.539096819539,10522.976405819898,18287.359677328368,3130.2638017565873
28087.423994395904,32651.90731338106,16348.630633469902,6805.987656179437,3229.645109907614,5297.160526818095,12192.189221252436,11820.578351054559,10864.155568257598,18276.26729488771,3172.2428748451057
29782.52166950952,33447.97392963772,16686.799592265397,6975.987226545294,3281.7859163784974,5382.1691093573845,12738.242805026346,11933.553206179338,11015.216030821275,18241.1193422614,3171.24295010846
32040.051359320823,34594.20364253192,17519.490715085776,7253.14536199095,3434.8440504807695,5544.236842105263,13317.486733902251,12019.504582441114,11501.567657657657,18383.179274378963,3286.108604091456
33477.80768155123,35687.564173591876,18321.53810062182,7551.305955942345,3534.8834696261683,5612.334600072385,13910.660699695462,12082.580634162972,11848.935207074688,18295.2,3393.0494296577945
35316.30964826792,37676.61164012477,19428.696565396775,7899.634610372687,3644.0923557828924,5730.480625666548,14600.011614730876,12146.361473327688,12386.716912999666,18492.940301832154,3506.034730195178
36150.95728570603,38533.52618513773,20300.719128826793,8228.121516444891,3772.1243480647818,5802.6769989432905,15225.67061305028,12508.51933201711,12760.656145228555,19131.222545376204,3639.1472307264125
35421.23036958319,40653.60132720776,20031.196422070832,8323.544990665838,3736.029892056463,5737.662689225289,16053.668737060041,12971.929201430274,12570.436042638243,20108.09551686951,3618.2529510961217
33600.80798532292,42440.24031140598,19250.39880019456,8143.566373934072,3592.108739544274,5463.586058680621,16690.62899201597,13340.857652625864,12128.104918032786,20956.699515187494,3571.3499000285633
30296.322910568546,41810.23997613662,18218.475595849013,7780.318871439979,3373.9616681999387,5022.467722289891,16285.589563215452,13188.01162425385,11406.63998165979,20861.805866268955,3450.169312169312
26579.59187590583,39857.9610213653,16566.079419673566,7336.0644388042865,3082.8728187919464,4587.271197697587,15505.123128566634,12731.617828701446,10363.834290898094,20143.156646952946,3229.031162355874
23637.708606359116,37406.71723085461,15286.228115275333,6663.742015503876,2792.749444855662,4186.203730620155,14667.559495107078,12083.954650269025,9316.261936785475,19435.142545725226,3043.0476979132163
21076.41851870103,33437.09537697797,13432.132744721688,6010.453047210301,2502.5952184666116,3766.118421052632,13131.789552829441,11104.74995352296,8234.531594276308,18103.600764360275,2829.017406749556
19223.34876693109,29452.78297932298,12315.530380275804,5500.229342327149,2341.4497145366713,3468.0745052386496,11839.20821268755,9861.259174072138,7613.1200054734545,16427.924893242904,2711.005919348872
17330.093124664,25683.247709014573,11478.013242662848,5127.070080321285,2208.3911627906978,3319.059556365846,10453.321003570012,9331.805598413048,7158.768023255814,14963.12157699188,2612.0034535686877
15895.994803845155,23054.93778636241,10779.708468125595,4857.009114031369,2144.3488038277515,3251.044623489309,9504.895488230166,8662.48678440204,6796.426780800978,13923.58130951502,2505.001599360256
15340.618906743763,21181.982613791755,10526.64637116415,4692.897458369851,2133.300048007681,3260.052257266543,8698.431510107015,8207.249063202598,6626.217507046666,13218.112758031973,2486.0064568200164
15293.694238294427,19742.260377951105,10577.68968192397,4703.867161896439,2233.30994956442,3359.076946197776,8079.996039856925,7998.156013833739,6796.234584859584,12856.91510561977,2491.0145219846713
16052.052553711565,19199.709777992797,11576.160895045285,4941.991255465335,2489.4222680412367,3594.112549240293,7781.845705196183,8102.092735312698,7421.510977485666,12840.746312684365,2630.031010719755
18311.152186193653,19637.601439000053,13043.164556962027,5514.760490159673,2785.56187661618,4012.1981799797773,7694.772075572826,8552.173350891895,8400.886394307447,13344.8194092827,2795.127426756089
21507.302432197663,22021.005832672297,14632.210466760962,6227.0550609957145,3085.7069829602406,4496.309588421528,8036.548304542546,9556.393374075264,9529.780493103073,14922.352233676975,2996.0162790697673
24178.4284916681,26382.44797371303,15158.958358890477,6641.225781491798,3179.747324035031,4717.263610931785,9109.062351476745,10841.193070716658,10110.324099722991,17022.661644581593,3081.026137463698
25780.289736164737,30790.089966442953,15085.336133879782,6839.244140625,3134.726644736842,4786.131967905406,10764.115085087971,11777.711721964459,10420.294936834774,18730.602215120125,3095.127591706539
27429.37799765852,32857.0744149521,15126.08695652174,6912.0974922095265,3130.6965108624095,4855.059946069281,11688.3315039391,12121.849400153153,10559.03567228538,19108.83091970172,3100.248415716096
29289.05745012028,33562.52418240442,15389.119967901564,7073.071884057971,3255.668985140689,4974.089416058394,12315.357958361315,12228.669250210614,10842.091898081879,19102.509773218146,3150.2621571072323
31222.97124547598,34126.1554985669,15652.330811237583,7327.083076923077,3333.711770157553,5032.106097071802,12967.380815806247,12428.62502071251,11215.261720191953,19244.444063437637,3176.260049474335
33711.842267406035,35117.329228965114,15945.507947790125,7480.134849938331,3395.7587253414263,5061.124725603672,13808.688646059427,12591.649439856079,11382.388429000273,19343.42061504024,3170.22611662531
35731.78323918235,36483.72026531188,16881.2958952713,7792.290794152508,3531.8518843120073,5191.187365958276,14608.009343148356,12759.584160012906,11804.762975322736,19629.415857180364,3251.1468892261
37589.977396272465,37605.105836916926,17652.24376796293,8051.488894562164,3630.9573136027316,5207.266705630235,15146.233884184649,12893.73340787477,12138.10063269494,19871.57681730919,3324.058472553699
38807.69589431769,39559.19753923153,18521.324696492808,8340.777997283616,3760.0574965612104,5271.4266949971025,16021.674785192841,13031.500118361873,12523.825205616016,20192.319136998874,3443.0292141396435
39874.7650515491,40351.05334149264,19226.335901052404,8663.304783490397,3881.091684434968,5318.580837173579,16478.44135977337,13401.655715053352,12858.831290086873,20887.711621021466,3564.2568493150684
38706.39310139757,42557.193358851204,18816.914695618456,8754.845889599621,3826.07299270073,5279.606928585253,17096.185327011914,13790.172785046729,12671.571688290223,21739.622731160314,3558.3929391504016
36987.46700421464,44244.90608928446,18022.992147806006,8536.695604662458,3685.1155143338956,5010.468864468864,17410.12170166936,14152.967624059052,12189.308822266128,22504.262083582915,3478.2129088785045
33943.09337766694,43421.899679241666,17221.021588373635,8169.631806066759,3493.9615270790177,4579.320675105485,17087.17634500427,13905.111756384482,11517.675626589174,22269.303959012574,3340.189969604863
30249.965474381992,41351.623320187886,16056.269185895773,7713.128435447111,3231.864726574992,4286.34299287411,16375.761850225868,13356.88810538551,10521.847741935484,21450.721857184268,3334.333231334149
27062.699911364598,38699.574027922936,14394.263917972417,7080.930938823185,2929.6503693281747,3949.24723437098,15450.187424181157,12895.720238574997,9629.380461888755,21003.962810735862,3148.445348080677
24108.332513272046,34747.91732036866,12692.025155178047,6409.578260869565,2633.534974599453,3595.149056072133,14082.22377260982,11895.305407530357,8592.545652964713,19539.24491859104,2911.1846422338567
21675.706364420592,30658.384321675956,11503.17727436174,5835.3062522077,2438.45910623946,3375.0765779240205,12524.232350016573,10490.687654687654,7879.051241415742,17753.255718715263,2787.160655737705
20148.824765633046,27017.650827079182,10832.689536878217,5473.204819277108,2317.398759415153,3195.061888222292,11157.422841225627,9927.08810020877,7379.681875792142,16073.203612903226,2674.1369499241277
19311.545977320362,24078.428405871746,10208.271350696548,5201.174990091161,2221.3364097831104,3076.1317523056655,10529.369929105947,9116.657697547684,7011.623313065402,14811.404124432018,2631.17033603708
18433.20525812081,21969.463819189925,9664.940274672628,4976.103541105818,2177.293841090738,2978.086897488119,9725.970390882949,8447.195915372387,6787.4696064921145,13899.765060240963,2561.192292411601
17666.75104197241,20423.696097733355,9431.729788624974,4793.934563398412,2134.2761265580057,2960.087431693989,8654.174302075877,8121.985387547648,6642.288371366052,13315.45391776571,2513.116579265833
17293.69001919386,19242.987000481466,9710.705869910102,4791.9064578416655,2275.2373261552266,3150.201612903226,8584.292800385263,7876.8542621448205,6800.270979554471,12859.211303789338,2531.078306032761
18175.693693693695,18770.618528461076,10473.706896551725,5054.754460665045,2472.3014888337466,3380.0968899521527,7917.813020833333,7915.721108797501,7335.861627252252,12761.88514659559,2618.000381679389
20321.472227873855,19854.182968571724,11350.064186130725,5489.942771647652,2625.2835472578763,3659.006851192107,7839.6474914630935,8432.879017475252,8076.335340850846,13485.183111519047,2767.00579920261
23478.985535367792,21668.025142965165,12216.671951425198,5864.066059225513,2808.3731778425654,3971.0161820480407,8467.871014845461,9081.0151856018,8873.95580498071,14412.77112451224,3005.065838092039
26780.440630079727,24168.466960539143,13119.274787535413,6308.263089218724,2927.428771438572,4298.028297474275,9368.09504950495,9596.860237892948,9605.466140199049,15364.637916140608,3246.1511555277953
30365.571282016208,27063.330212636927,13794.829072644126,6660.336165611,3060.5100603621727,4561.037265711135,10603.521743360248,10149.046259050685,10116.66933744222,16294.92090572665,3386.1873501199043
32965.482757532736,29991.371514694798,14597.398793898545,6997.531802120142,3195.594724991959,4841.083315975839,11824.021748624335,10816.43145046835,10853.228593345479,17236.6228143214,3480.1822157434403
35792.29488596695,32398.087193806325,15136.883477188658,7339.6071027512635,3301.749609740868,5063.114855433699,13034.63373799889,11363.768633820611,11251.39589307187,17978.292369248356,3577.206925915413
37194.170582798884,35363.36561863173,15178.171647404772,7612.729045362221,3412.694813027744,5157.142857142858,14384.321454283658,11831.004685466378,11528.696783520058,18516.58322688142,3560.2929061784894
38361.15197130669,37393.275345145914,15327.545491525423,7847.861330178759,3505.9581244470655,5224.174283501161,15404.980075390413,12138.085010996447,11821.866925178461,18979.807058440856,3580.163080407701
39027.45905760283,38728.80023955284,15695.461599734484,8075.129366602688,3536.9158878504677,5228.359587709062,15893.114822546973,12422.279616148246,12178.223820532581,19304.24444918873,3602.307975113122
39416.52557917616,40125.66235536127,16205.36013400335,8221.292741225312,3578.0063602197165,5185.663641743934,16266.325575463878,12740.443083164299,12499.645565391682,19759.170294225627,3588.6322266742986
39187.37604099936,41021.31585581044,16654.28349514563,8261.247027906395,3617.0297482837523,5119.744646788073,16632.885780303506,13064.625108841921,12314.42311276794,20279.47901436532,3443.384455651142
37955.03735457904,41958.236431906334,16671.930995687228,8257.493540699863,3531.9850658857977,4997.713465874154,17037.207588604895,13318.042930471302,12094.843201659607,20931.315737249453,3425.454436809083
36554.348723519826,42193.64032931924,16331.612078311333,8065.409680318398,3412.0209408194232,4755.581380348312,16985.550015313936,13428.30018529957,11742.699314397649,21301.886969253294,3359.272809942407
33427.1729964395,41297.4561526871,15922.077681954788,7813.2732812293025,3309.876990321574,4443.530020703934,16620.574971815106,13148.433228097869,11167.346405840508,21035.829379201263,3258.3006883604503
30610.137148696987,39895.732895044566,14951.812987193764,7472.059784112926,3113.7636725223733,4154.335539215686,16145.356521178517,12755.11551906349,10329.760792639774,20468.368952738718,3148.4700520833335
27695.12708677997,37886.02716974937,13826.002931228863,6930.8035474735425,2871.602724991036,3860.253027909426,15298.87800068004,12295.275399037244,9422.256148903169,20028.456834345638,3030.244959677419
25407.66985998526,34887.98196726182,12256.984178018445,6301.573394495413,2618.509033778476,3535.1386422228584,13523.645428724956,11530.048279589262,8476.468600221213,18952.990401491883,2867.3653228683556
23452.421761474394,31465.891436100133,11155.174271934706,5772.320950169673,2443.403611927761,3323.0777879064117,12519.196021549938,10393.762847430515,7926.15578615526,17494.233729216154,2694.1507159005273
21577.088549177966,27330.629176915798,10448.625395256919,5406.189441585668,2296.35,3163.0625199362044,11341.731845619172,9884.10202369718,7495.878001387926,15935.363961969262,2630.139274691358
19901.01613322925,24468.489737308893,9839.233211105291,5111.134072580645,2213.2889505316693,3032.133689839572,10538.404112958773,9187.778604441439,7250.854005167958,14727.466136859131,2567.1918351169243
18757.196217885103,22301.5413812257,9324.893941066108,4889.03201347936,2122.254816955684,2946.1113402061856,9058.265899247779,8506.24684159378,7120.866335185726,13799.793271392178,2508.1964285714284
17922.884690816798,20750.837690090448,9130.703140830801,4719.949640287769,2129.2767900048057,2916.0887656033287,8628.14836085188,8178.035975763696,6969.721367776616,13268.433242506811,2468.1485596707817
17795.16482493893,19459.149245832232,9328.721383717086,4677.900417674214,2202.245361781076,3086.205862977602,8380.081793545209,7895.881369218709,7110.746414983903,12788.19698070558,2485.1043620057076
18775.191066314164,18744.76812867102,9896.64637560925,4958.769437551696,2381.2681252681255,3312.0881635143382,7833.709100473435,7879.790816326531,7595.162648140579,12694.838853710018,2565.0
20934.047069840803,19597.300299668786,10671.941459657231,5414.902388172859,2561.3359968038353,3568.004494382022,7652.397072646704,8425.91154881331,8253.604043702122,13395.173340520561,2738.0058608058607
23654.308982873124,21289.179713075293,11498.498566565133,5881.062893081761,2708.339879154079,3822.009448818898,8132.615306767869,9065.017016001802,8926.168276504131,14416.770622029931,2944.057916381083
26812.606435930084,23622.474124842756,12247.042818610924,6340.285667911054,2873.4370317516946,4107.019809244314,9247.123313635857,9614.877968617473,9647.489875053856,15398.655327896027,3185.1403118040093
28528.538112522685,26472.376492479456,12671.531178583089,6705.3560466543895,3005.5196446873933,4342.023137436372,10680.762185686654,10305.050604080016,10177.765474974465,16415.950747198007,3339.175022789426
31321.199165590548,29597.500902903183,13307.155517483063,7073.484861717612,3178.5979948253557,4587.06347463211,11933.329519847459,11036.448771441817,10742.109626186326,17528.60295837231,3433.170162481536
32995.096867530505,32153.364293713006,13794.550759512707,7392.625644599303,3310.573511166253,4774.093195266272,13000.71317150816,11609.831802120141,11225.40649049606,18370.357666275104,3510.2109375
34246.72695583644,34821.604999999996,13956.798869384113,7672.746070133011,3407.7255968570566,4891.109184726522,14126.29417803197,12165.053497595141,11538.60891535824,19084.727782268932,3523.1947565543073
36086.40067417672,36646.38676644348,14564.12187121158,7926.873780091087,3531.8518843120073,4996.147511129097,15236.887316276538,12574.196667755637,11860.808219178083,19705.007364077923,3606.161888701518
37440.95747821002,37473.785606164856,15055.018742651635,8216.091628959275,3636.9894826606023,5064.321027287319,15908.035772463674,12930.406677265502,12224.203326226014,20196.409100183635,3652.303680981595
37767.56856400044,38505.489760360266,15739.003381514387,8430.336113837096,3754.0592449710666,5018.616340668297,16359.256940043098,13317.553934502563,12578.652725914862,20776.318476418386,3622.4072194021437
37123.79550061944,39493.204379944465,16007.88065924044,8526.343075430512,3807.113648722132,4904.678288100208,16766.798253761845,13733.777744315616,12467.397021917348,21410.698160697,3492.2120418848167
36109.43416328894,40494.278348402964,15841.610683507663,8494.491957104558,3723.103726362625,4778.648029134533,17203.184695295044,14027.253119692828,12282.886222449155,22190.674402283257,3476.2634660421545
34803.766542684025,40741.57084649078,15614.119784028797,8287.448469706433,3653.9847241867046,4602.533081705151,17226.535502958577,14080.454946996466,11942.599597585513,22480.115050383654,3398.2880695443646
32274.34782889427,39785.37130933751,15171.604769083184,7805.275692878928,3449.905959868224,4221.490196078432,16882.468819324626,13812.507058116835,11334.17448180562,22273.0347562398,3395.269865067466
29687.55676112223,38572.76749502448,14014.932859048467,7437.210218571627,3156.8859764089125,3877.80302628086,16113.328337962666,13542.153075275397,10471.100459356901,21639.68049155146,3098.276644736842
27566.307546955893,36108.100450463375,12923.321477318346,6854.9616603773575,2887.691675598428,3608.712656784493,15325.198029221883,12111.97988922028,9558.641872675564,19758.59867008744,2970.2316655243317
24571.230108346033,33044.11423913725,11485.392464395169,6284.745762711864,2586.575298804781,3275.607467838092,14253.603110851469,11203.789643416567,8506.933824432166,18537.190547929917,2799.209378407852
22042.80589981622,29684.93231928551,10526.736898920512,5784.648363441244,2399.5259768140836,3087.4795748920624,12846.65944022003,9943.560403033136,7851.400637619554,16810.583579335795,2663.1848033600613
20543.839250542904,25381.811947713482,9920.307796257795,5427.407689379521,2274.4344484629296,2945.426086956522,11445.847325475974,9540.117087923956,7373.096409386486,15230.77472043375,2591.2873472605443
19361.933065810594,22861.56111763113,9391.938733011835,5160.247950409917,2176.4253308128546,2861.366106542724,10646.593332683498,8852.816649226834,7013.703604806408,14144.183050353422,2482.1324611610794
18720.5577125159,20882.559250123333,9215.800111607143,4995.161230388109,2171.370685579196,2861.343336906038,9202.326750448834,8324.63412825899,6887.550943396227,13308.733488012376,2467.1187833949857
18456.14480246568,19500.816709742077,9487.831779752873,4970.16725461714,2277.405953991881,2962.3533471359556,8293.758256766823,8121.420839656044,7021.5003698772,12833.341340379533,2524.130225080386
19311.73284366288,18964.385515410864,10452.431827150749,5219.201896483603,2529.4421437271617,3236.432953826692,8051.573965252938,8165.307035175879,7767.852401980464,12741.113894482482,2671.1842405786065
21562.869423076925,19536.391116951378,11871.595271331356,5804.376221787808,2858.6055475504318,3595.5269307495014,8082.596538118874,8662.329861522074,8801.295014177695,13328.12067107896,2922.183936022253
24487.62709420198,21517.58084517791,13363.980082471018,6578.765278868814,3237.7648932781144,3975.6715724244773,9329.629559818162,9693.549312169313,9879.966694772345,14933.642272508427,3077.2983095790523
26689.655972589942,26810.415030021308,13751.071136982158,7137.018263516452,3347.8015408320493,4149.694781103141,10592.386121170599,11633.166830401,10543.40061282989,18189.80415023152,3182.2692061459666
28223.226039250345,31063.814760246452,13437.59915025106,7426.0729805013925,3358.7988329238333,4152.616979269496,11998.189025445732,12808.834037025008,10850.480122911466,20091.170926434756,3180.2509603072986
29827.533830135464,32805.182676766075,13262.243980612882,7576.030559345158,3359.7671064743786,4182.5879040156715,12837.389827767447,13301.004612978892,11051.436916988598,20874.302443890272,3184.250639386189
30857.33194098228,33212.55741753947,13555.33223709369,7796.037635833554,3436.749400479616,4260.65062560154,13643.67960130868,13378.697717745692,11475.719382660009,20707.877034358047,3228.229678638941
32125.724490456163,33555.9418946067,13950.497993161885,8049.136474515343,3508.794359576968,4384.681945743686,14267.842074634465,13413.531063829785,11810.914063878594,20624.62745098039,3294.425155279503
33639.66268896652,34746.28861363975,14048.539710658399,8273.277840269966,3565.7812770875466,4443.698130625433,14816.954901960784,13566.478054748432,11866.97488143334,20798.56113526208,3257.2815139192994
35272.0949639863,35738.47816878935,14731.061592670894,8541.373168664488,3712.903001667593,4548.8130081300815,14973.752094150226,13804.585074402527,12349.320131734505,21134.63243030631,3383.3085266646585
36602.59802888313,36831.672182821116,15330.663592595105,8746.55727810651,3820.9403025391675,4567.893717631164,15687.109348142272,14031.582822085888,12647.708897325849,21364.74361593463,3477.3192612137204
38012.85548195586,38956.74930777423,16420.6583787898,9015.907533064981,3984.0625162127108,4627.999109726241,16268.59096420139,13668.864191021392,13102.438058748403,20927.11312752737,3594.6586620926246
38299.09134615385,39644.011981038704,17188.519815500393,9321.218979728224,4097.23862487361,4660.116006198805,16729.125877601742,14026.179539942677,13502.978908188587,21601.59315225708,3744.686059275521
37321.52647363848,41769.389980913664,17141.541326841143,9329.293698508127,4009.3039317123644,4606.065815983881,17272.927959971064,14431.589127324749,13312.939033983637,22511.464031257183,3712.6643608190375
35822.937284872525,43651.23355270973,16353.899165020077,9086.072073101086,3866.166889900884,4421.984618969937,17661.566654858896,14740.006242109694,12801.549104587457,23230.244903421513,3551.4155395683456
33340.214337164514,42824.29044919319,15662.141414141413,8749.922921854619,3641.129482071713,4083.8779319041614,17307.552796528445,14463.016374687164,11992.035689354276,22993.322317403065,3449.54980672019
30407.27217838765,40916.02513364919,14453.321058688147,8248.605679819051,3359.8969547831434,3739.8030845497115,16629.94923857868,13853.743918818087,11006.521532465062,22106.73043763471,3293.473094867807
27455.653857837184,38207.63110665293,13052.467074916494,7578.346322121957,3012.79012345679,3446.7171445639187,15713.411733510111,12969.413718929256,9947.859140124041,21028.168947523875,3082.259087904825
24456.51997787328,34270.127514953776,11641.41597012271,6910.015578190533,2694.581422018349,3155.574405731032,14492.75310681704,11796.062352219984,8761.990586272641,19344.511098037117,2868.3424803991447
22380.272203641773,30241.621711314107,10669.731971735553,6353.760416666666,2499.564536082474,2987.496049467537,13393.25334162263,10328.623875224954,8108.501607717042,17361.701458767493,2749.1789279112754
21069.46011634786,26056.69577453623,9979.29372869098,5912.5775214123405,2360.4181897302,2862.438753581662,11893.345800926329,9753.039586192335,7632.154129692833,15461.621197972252,2625.154738878143
19922.524156601416,23423.51809775429,9466.95237577471,5546.344186046512,2280.4054054054054,2791.35214364236,10818.609475400404,9037.83659758597,7194.794474978305,14304.025340148297,2555.1590457256466
19367.93116174583,21473.609333780998,9311.781029151944,5323.20855925639,2239.3856029344333,2796.3289473684213,10111.286256410256,8432.584298427404,7065.642531272995,13520.60305749924,2524.130225080386
19288.883733419258,20115.837456552854,9521.825053995679,5273.158460336069,2336.3691834942933,2875.364283173248,9181.638228333146,8202.40643384654,7186.596298438404,13006.201183898973,2557.114546175188
19762.132760067114,19489.318636746735,10459.398817151305,5412.218815463721,2599.456736467799,3132.423529411765,8650.175340176653,8224.297418630751,7892.844786729857,12935.029651946406,2727.3150992881233
21361.750885535443,20031.331540116815,12016.586040499786,5941.40625,2948.5865317515704,3509.5401694420098,8422.038838519971,8765.339064327487,8791.179196217494,13489.146148581856,2909.1538193233346
23574.415697161996,21826.607550895667,13511.883796047065,6674.7725654126025,3267.854884603225,3919.6814252030395,8871.315243973448,9704.54751083395,9936.943006809848,14997.576572876018,3159.3739890003235
25027.858435360034,27140.37320683983,13897.055339515404,7241.057436776683,3375.826658514216,4077.707378494082,10015.881392705858,11588.144253182714,10673.386920448998,18011.712520925936,3206.267153748411
26139.03753574833,31529.713249356988,13650.562557008208,7540.0747394404825,3380.7621951219508,4095.651389932382,11538.702848414052,12747.85809873521,10947.438778422606,19894.044393257253,3227.247240618102
27052.13584225266,33308.03097897299,13321.29866894995,7667.005659614608,3385.7304533008823,4106.624063904143,12736.310625814864,13162.897393364929,11109.454400599869,20486.214089661484,3220.2477876106195
27962.657297738835,33876.360339388,13422.41429675425,7847.0908731726595,3474.8340261282665,4210.65854846566,13504.46159164234,13150.703428661716,11406.580609822897,20329.742580843224,3256.262976860538
29415.372656332755,34269.96366661625,13773.595781544256,8048.1032092426185,3557.8454624528845,4315.667379425042,14217.669803749908,13199.415454759846,11778.80093738946,20178.399217019523,3325.2756508422667
30520.709167006942,35171.22115781406,14024.698431488607,8221.224192128757,3631.859130928714,4391.680831193089,14785.814757662904,13388.50170516199,11898.918476357268,20318.346238428883,3335.2748091603053
31576.615235210847,36258.60235038458,14969.363964464186,8484.320740921277,3763.9550068587105,4471.799678382724,15364.068935250827,13600.504118993134,12253.320054477357,20601.43750630485,3428.4540298507463
33672.303737595445,36988.91668769097,15823.99474168529,8706.42919933476,3878.058117835244,4508.935159817352,15774.117415028599,13761.5620806634,12645.709839854713,20713.513997591814,3460.3825265643445
34869.25148088315,38403.97794892582,16961.93336608733,8954.816666666666,4005.1599483204136,4574.011263798153,16307.538760183299,13379.897528678113,13084.447322142285,20298.8846192945,3628.450958286359
35623.94487634582,38243.95270124257,17786.858039537747,9183.1143761302,4177.322332506204,4614.127488257661,16590.219443399776,13657.141778650159,13420.975733458177,20938.371676614217,3756.4803921568628
35113.83398327033,39858.304237067845,17675.86545046641,9173.117899977371,4083.3164042661247,4582.103355100203,17170.970823729225,14007.568268947214,13222.988512121692,21769.263678281124,3731.6885155604514
