elec_demand_AZ,elec_demand_CA,elec_demand_CO,elec_demand_ID,elec_demand_MT,elec_demand_NM,elec_demand_NV,elec_demand_OR,elec_demand_UT,elec_demand_WA,elec_demand_WY
19843.347786993178,34480.69985334292,16808.832144701286,6947.931066891503,3666.252386710501,4137.596922658889,9964.020617571021,13447.381673485881,10277.198054817141,23534.577835012577,3266.7215643259774
18498.986073430897,34031.642275941536,15892.062746325613,6634.048071418447,3482.026840943762,3944.0773148219178,9871.950870673025,13232.58872116924,9845.108419879565,23233.34216695256,3139.763281985255
16928.97010544884,31793.811470822704,14597.674074418523,6186.205787836558,3232.081432927365,3658.0863721659007,9429.969063042572,12592.880240578403,9197.605024277978,22096.916428452212,2994.1990713312316
15281.110639293918,29784.961619256494,13088.153230361306,5659.134632052995,2912.813840852127,3314.6660983934953,8959.316817262401,11832.135068619717,8359.174669445823,20833.507870691177,2817.96167997832
13732.047757934373,27052.107328232032,11715.10134914904,5131.385261994759,2649.401872721614,3046.8677839290276,8355.475313790263,10825.358262016543,7598.669836558194,19101.87194874525,2591.8996240793545
12798.38934466065,23851.959045583077,11077.092325322305,4707.779738360467,2466.2741807517746,2872.514281015475,7592.211376880511,9798.319995491996,7145.3123283241775,17167.271294131337,2518.692613182984
12212.30978414537,20832.75628239759,10556.31772006971,4484.367704143469,2355.1790929124045,2793.295726777816,6852.367004295067,8925.976689811498,6838.8954169476365,15421.016746112866,2495.594297335827
11908.760225733815,19033.919419175072,10263.17879757053,4357.712458186267,2263.337921913734,2748.181078479527,6480.728227174032,8371.838518522252,6640.305826443501,14416.406804394861,2432.340619943271
12007.181235460526,17784.00826276086,10198.95237452644,4295.64202316053,2266.3360663792387,2797.130387233671,6202.205362519186,8073.579517124607,6592.731304774512,13897.559822651674,2387.429733912226
12786.487245801829,16942.660653341274,10618.856857385126,4424.400857527279,2367.780874041184,2909.2236971360853,6031.816288494971,7856.08935616129,6850.067693855549,13516.47967580449,2436.4208717120373
14440.29296348351,16711.965738962903,11873.116825238993,4891.520600449241,2708.650844268716,3240.6210332122514,5995.065818764881,7979.219192457392,7634.799043552895,13781.49823263408,2559.7919066081795
16078.448872295767,17505.846266813176,13552.783867627875,5606.9296792318955,3146.697563816941,3543.168887247249,6371.050013128198,8763.635695501142,8783.123748377486,15173.135800277318,2828.4776105617243
17223.573474461376,20156.20521594376,15365.983236572429,6252.883773059321,3477.7524491306385,3851.5542040345476,6993.574479732635,10147.530561725627,9790.842004353539,17642.69524044356,3129.955930276749
17087.902803389414,23663.52572328611,15476.553782304645,6473.987104189965,3554.7629368614116,3845.86699561991,7669.64902085803,11513.0536847213,9870.757483417856,20093.047122299864,3091.3467710558566
16356.700225526121,26933.736504399418,14795.379357763904,6359.992567830115,3464.351322612761,3697.397239211375,8430.152065225177,12333.744683815914,9549.721620849272,21679.981082360555,2978.4955222929607
15707.686497361228,27738.286431642715,13924.329365274016,6209.086825821477,3305.5037686128585,3507.0719009899212,8674.462900104289,12479.96105126316,9220.749656182823,21835.733026010985,2897.1258298533135
15638.514495402513,26405.085897665234,13575.632775596836,6073.167478159771,3273.84824863748,3432.0116959044335,8371.19642243759,12155.30365251618,9026.586100317545,21318.722653588604,2835.2296366603487
15871.925953417687,25156.59855647569,13454.267113293788,6014.286622810607,3253.599086503781,3400.026611462044,7964.564294394776,11712.740418209172,8886.625391948532,20386.87089495621,2824.2305465963836
15889.893796042346,24937.05032037464,13401.791776051952,5949.724669273497,3224.370453403098,3359.0269380316545,7896.730116831357,11594.664777955986,8729.5433239757,20182.6681892271,2864.515754573072
16747.09750086889,25067.45632295893,13959.03278062696,6032.790421752498,3304.2300272597367,3476.236702865984,7799.6479964652935,11565.969533003083,8951.097661307642,19979.716629484177,2929.5040207776583
17762.650187668438,24850.158620509446,15061.816767215043,6315.3874616636085,3515.9637245988615,3700.0615920297023,7724.505155735593,11554.98693009276,9411.200034790863,19853.651452142167,3092.2126056557286
19542.50180212578,26087.785162640095,16769.157475319545,6811.527543319123,3802.285730097373,4094.156276015072,7913.42549910671,11940.986404070847,10154.837733461249,20648.476727018166,3293.329731988361
21013.38210754992,28390.532928509223,17748.515332342195,7247.600095279995,4032.878127512286,4338.515799543639,8594.846827779515,12834.91018327272,10708.026511720365,22406.18609256088,3464.9333255790166
20707.375074137395,31971.003740318425,17691.46067558606,7317.753436131613,3997.351099225992,4298.550375389844,9532.633448346483,13702.926850956621,10745.434509185712,24080.696992444326,3426.9677469460958
19649.047543074994,34001.9410769039,16794.473728975117,7118.883295345158,3805.849555698371,4097.6235355362,9927.560717644437,14116.0717292551,10349.33483629147,25021.97018962061,3334.6629668411765
18308.68905068351,33851.937288718655,15783.057960633478,6793.935931762805,3637.024461134897,3892.1063353433024,9898.269605467227,14012.356242738651,9932.18826482381,24751.323414041188,3210.3932096629887
16795.091236363733,31786.363702642862,14520.950602419474,6381.62220172184,3357.876187447686,3617.274367233361,9452.757622424811,13375.099920402461,9340.473143113113,23656.980018342507,3045.986139550761
15142.531230471504,29799.917103400392,12985.107946366647,5833.985618327818,3006.1312218979647,3285.6814557730636,9056.386119922718,12578.05585306567,8553.859092481438,22283.906056900185,2848.4667742446195
13642.9074760607,27014.581582081424,11816.259211646051,5348.834619578392,2756.260750457406,2979.778805766899,8426.88680253004,11515.133893216742,7981.3141768164605,20386.025120785896,2719.241350032032
12582.613524936143,23794.192164396467,11002.23134603481,4982.763249581769,2552.604027135383,2797.5284352701296,7636.793318739005,10435.387916521204,7596.747310451966,18391.717969543366,2650.581603835299
11979.974103192539,21018.928641573195,10580.16255323523,4781.64067407229,2459.0816282868072,2689.2423313420672,6922.85344330841,9411.189368648058,7292.089673732807,16499.842835975567,2591.479203397165
11721.255231334328,19056.71728484045,10168.895056724266,4637.727716483527,2376.596582846257,2673.243808395692,6491.639417939128,8837.666759409229,7061.881025650352,15573.865568897143,2516.328998623724
11838.477412888416,17671.652581814662,10158.280537017825,4573.413072131781,2367.602963059465,2685.1358999920944,6189.824327765642,8507.893582121023,7053.208160813997,14974.818854715002,2504.4091618945067
12716.871853072234,16863.842957558616,10631.101757960345,4753.64827662111,2467.704968509052,2810.17702255704,6037.367027901604,8357.21737769743,7332.492873903132,14686.58968786414,2574.3214265302668
14397.514620200762,16705.225673461395,12050.826836389437,5236.182825413454,2822.340722504229,3101.559042161334,5967.380323550938,8483.422459747433,8130.170784879148,14974.675993287203,2718.8561505324215
15907.886921472318,17450.140478535664,13727.36851594091,5986.04666789497,3258.5621111074233,3437.3322996731713,6256.973252204968,9280.27680099217,9324.669208431525,16332.195077077502,2956.558812151128
17021.780350817062,20127.029330658548,15673.661942723704,6633.591172365104,3602.0878461794955,3708.4821773602744,6957.645142394947,10675.644699119222,10484.361973922732,18785.10850619863,3277.5232330419494
17098.620957026706,23764.488635753147,15944.868352935318,6817.798337632526,3623.6230414055517,3698.803661815432,7649.353015217489,11968.862173363295,10550.340392212916,21130.81831948023,3267.5443145337094
16300.51450017056,27214.65286013298,15281.726313597102,6656.861521628164,3528.8171962586653,3583.3440415421883,8440.482342068732,12817.0619996691,10222.716553104538,22548.762187851637,3152.6388460576177
15661.502507076193,27883.7696136552,14455.737007985772,6364.366053521888,3407.46692566113,3440.073313704317,8594.03778512457,12944.689448961963,9772.36960100935,22666.26238963323,3057.3336651503355
15597.652939978618,26682.5746932024,14248.627789488375,6186.1357932635965,3322.7547702479637,3384.0476190139243,8375.857004186859,12487.448597532544,9651.355036093384,21767.23863202884,3020.215342425585
15655.162483680626,25456.619779272005,14133.87802971795,6074.46221412439,3252.320454535522,3370.0268496312633,8033.382759608785,11992.572263907123,9471.109022463233,20808.51083727948,2978.2184292225993
15686.737373750884,25158.214774899854,14108.590402673437,6002.916988543276,3224.370453403098,3345.0270513866694,7894.735041368148,11724.721987776666,9345.605343225187,20434.053165835514,3056.659481284078
16161.265328246627,25097.115491151657,14736.563071998029,6089.976779408606,3320.0498037476855,3503.1852382891716,7847.86198655979,11641.850301627785,9490.014883393538,20137.242869032067,3071.6561695990326
17023.962405424718,24859.98910236167,15978.797771641377,6375.243030230186,3531.512131388585,3730.7462556005444,7731.828508371873,11589.194629727577,9845.844585683257,19971.72856042109,3241.552809402504
18764.03335041103,25940.87441439079,17733.481847300674,6937.237008481344,3851.05348579486,4101.967795677231,8073.036988449858,11941.275017143833,10654.818005191268,20819.298514815135,3461.744625626915
20260.851932480702,28225.88220945167,18870.128888521573,7396.140737938172,4070.1047086035583,4303.173237459417,8779.388444683877,12848.181308610692,11374.159094586448,22505.57510430767,3616.9922727262688
20283.769829085068,31970.574974339776,18847.382620771343,7498.564148705831,4079.3953247478416,4267.021595502444,9560.921869001002,13786.360849141854,11456.401086525722,24175.315632042963,3615.391851981192
19360.51405986266,34267.85100527798,17849.865499594667,7310.0348998581385,3864.4532074888325,4071.641128355492,9995.718456719593,14319.876954037922,11057.93603290557,25136.613128651108,3474.7337880775726
18330.84790352018,34159.56852943495,16969.22374927942,6998.418094940038,3678.2302974343866,3840.9825415254923,9983.979489527092,14201.83442460633,10569.075182093073,24916.846670905823,3350.46531423908
16924.663663602234,32167.679002556397,15783.292381661953,6585.750920665247,3405.6030670010537,3544.1567365761402,9588.080191120936,13521.013080589677,10002.28480887513,23715.770972505994,3186.059917570596
15261.654109716139,30271.971027800493,14228.05685351566,6078.3562764749495,3075.281403946447,3253.5512438107485,9063.991982437305,12702.881301983056,9115.650979710681,22392.28192988634,2969.404460041096
13729.753819389374,27611.555837803597,13117.906686282318,5584.8985129135535,2827.6426632841344,2998.99791110371,8494.050172423369,11668.816255125026,8421.159754679235,20564.853745537654,2814.0660064939416
12748.186450444095,24392.205819282855,12265.754672407558,5192.9124530119025,2629.735584977608,2812.5255424315174,7725.541873091913,10538.767525932204,7962.095780817511,18480.69771099719,2718.8561505324215
12079.291483084617,21441.217708480224,11805.24887741145,4987.808844412375,2519.223520649288,2731.3743890014807,7024.929649681165,9515.28265596045,7679.028821858672,16644.13823140661,2676.6504922898694
11707.856457393833,19411.251142892925,11356.11834822917,4837.336675070651,2432.557997329297,2695.241782050482,6545.516526399461,8937.51440908054,7462.520847760791,15624.545735903954,2619.473947836415
11826.222073124882,18070.893574957376,11244.433317067585,4798.125677483867,2407.574990047533,2696.184626337991,6300.305137778791,8608.518834493272,7474.462154916715,15055.485450759506,2575.3976111859884
12537.90526403252,17289.679765593184,11778.680479925459,4970.552005063733,2536.6562584624107,2821.230796013647,6088.992021002694,8445.563493344174,7757.415198543931,14762.150152433425,2632.562493854844
14286.293369928491,16945.622380927474,13320.827078352595,5477.5859196806405,2879.8939041639383,3134.642616218091,6100.159898862277,8611.711723891523,8577.348633305295,14987.261822137814,2818.0644360112346
15859.64547153249,17886.295312141225,15083.588680021821,6252.694777560893,3324.1749807984593,3510.433194578847,6391.746088828258,9365.187367347398,9827.985029722637,16295.229194545575,3044.5117883789726
17178.17467656534,20731.868771565296,17200.440157512563,6920.876523329231,3698.9153600617988,3858.685961428473,7070.7153023379815,10803.497779295412,11046.9932243464,18793.685138677327,3398.0777783822487
17447.75623562657,24374.187886606334,17508.29218044604,7126.6738144263045,3761.5426928019015,3939.9437792751733,7827.9016088307335,12103.16007154965,11121.131880866604,21083.641009996536,3375.783232943046
16855.44482836289,27848.439658734787,16824.60938130665,6970.443535014159,3627.615108777695,3871.445554999908,8589.765427434932,12960.21285324678,10770.629347025304,22490.870525833012,3263.8083257110975
16305.922629725377,28604.41172651933,15812.426804126819,6680.020951486306,3445.8102887664213,3746.1322891811437,8795.529190768299,13122.631157412281,10274.77716748637,22730.718237658166,3185.1758734119862
16103.390374718432,27142.135936186824,15441.254771743119,6389.42262708205,3349.7045274609377,3678.0685306374903,8547.427169323595,12628.750431250419,9817.94431944901,21736.55729290183,3062.3331094183786
16212.775284870517,25777.16013581426,15200.879904477888,6243.713110675361,3305.5037686128585,3619.0445062311815,8223.901677868902,12022.276968674461,9564.599531379286,20586.08103596194,3031.2720847537335
16055.914832478136,25285.646185248122,15110.422397185028,6146.2219056742815,3258.5897781068707,3626.044419739443,8083.589303770766,11663.816099327967,9518.55200027016,20027.92453286089,3067.6570494586035
16577.169371386404,25182.387088178348,15576.534129157117,6204.031129593532,3360.9697278653102,3792.2166927926614,8003.7934467562945,11565.233076093871,9667.33743776598,19836.704113812484,3141.950955934563
17649.31737977837,24907.04898994521,16822.771930499533,6448.732945414222,3585.6993610890713,4047.7377506966864,7879.466082160633,11492.351081071283,10002.089611127767,19682.9459739256,3267.5443145337094
19403.214887410613,25995.296144132066,18511.499451038726,7077.191199536498,3909.836769687167,4404.922131985169,8129.522229447381,11943.748069248159,10956.73629875555,20502.907796310352,3551.857447577718
20731.59719069295,28292.810213937275,19769.16825587998,7558.383549829085,4151.930495182062,4613.295176327619,8839.47548130175,12907.65886075931,11665.118177756089,22322.126767424266,3720.492842087294
20668.032696584323,32236.02848574973,19609.953420957623,7707.032806140838,4117.310788949208,4559.158630871788,9725.396583810536,13942.945515236699,11673.08572005808,24072.923680298114,3732.3296628637
19734.89822816677,34558.31167158127,18666.549811869423,7566.724379743313,3961.129249025925,4352.622750313272,10207.39180367917,14504.407017180221,11308.4632942796,25046.8239068036,3583.8305165651823
18734.55740108363,34384.35882842667,17697.21309056852,7230.114350833008,3772.339845638495,4128.127979645024,10207.168137249511,14351.84591510103,10880.553315603262,24799.799748792502,3458.5623629342226
17437.282544237598,32395.091959860238,16378.334516816458,6824.139376031227,3531.6574126261207,3821.9928384825726,9838.16533086743,13712.905454327196,10252.988970164266,23790.224660482516,3308.1459593636932
15666.4022836118,30590.761952228884,14755.876533054643,6283.803087285477,3212.584381952975,3475.7296851920005,9369.53274239549,12932.606988434545,9375.325076102734,22475.709812325917,3080.493359104447
14214.128705138422,27952.005524806773,13435.122024038268,5765.443432391282,2959.4690997165085,3183.9379929559714,8828.148546864297,11879.688025492134,8629.483817509195,20714.547871119965,2894.163351113283
13241.32249890287,24718.701375429482,12576.62740712541,5361.845556944464,2763.393610408373,2990.580351390532,8024.420038894909,10810.538802237184,8095.058017562532,18704.273340232452,2820.939778322088
12563.867983115002,21557.971086282923,12101.13036885954,5129.513681644897,2629.9390280332154,2870.4315230859365,7345.804191919531,9762.077203641456,7840.27885142173,16882.018135832008,2787.8236003608645
12224.886727736939,19552.344326656388,11630.738170693612,4967.100755531562,2560.476438450359,2845.2288156564605,6903.051958675799,9171.440992809148,7664.322837625093,15924.615931357042,2678.5525651639923
12216.915064113971,18220.899597056912,11453.885728881363,4936.8785170515675,2575.467436308127,2848.174625260103,6626.127380813078,8881.173685823089,7615.1076664279,15345.359188342232,2639.4702638938816
12980.70099575123,17321.367340265188,11953.192159332253,5059.15082492045,2686.8957391864665,2963.2195532067667,6487.950442284714,8692.62546762942,7883.434678766102,15107.572317758739,2678.6499919235885
14675.427364573234,17037.245584561002,13435.186634688083,5566.705637810596,3012.368508245753,3262.616734135249,6466.889104956991,8883.819663594375,8687.400959110973,15485.394691816084,2858.0489819911054
16500.38354831855,17879.544475867187,15289.408327572673,6345.647401724109,3467.764382443423,3642.3792834391083,6714.281939921435,9707.843338269,9954.974579544576,16893.274082919772,3099.6317828847614
17991.29766595621,20482.48709114648,17489.635269061808,7045.58823801791,3874.1595460844487,4049.736857750103,7362.732924638028,11102.745437639398,11122.128567747524,19423.477356724237,3424.409254066779
18041.816097974795,24080.746738462658,17776.545163809118,7291.610449347515,3935.1804154437104,4087.008560122488,8141.444051367228,12470.173598957816,11219.191522935642,21817.14929024354,3436.7501817590296
17246.790293204664,27680.234989006418,17273.053852787132,7128.714888812199,3853.0495082889106,3984.502560878393,9054.567497830085,13422.38513135894,10873.329845339244,23409.94684176898,3337.7898700983337
16446.5507427307,28381.970614518257,16379.277583485222,6828.6077975922535,3680.2266310525556,3833.1690881305362,9321.519034887122,13573.345830895065,10393.798066944011,23472.88563044003,3213.4584493916304
15997.996529837537,27238.80441732303,15848.224190233292,6565.952841584788,3568.4388195935385,3724.0976137539337,9065.112231147443,13019.903106276799,10075.58423788357,22293.441394493602,3132.325519115384
15889.897636358239,26064.30142533464,15656.344082599004,6375.44985569247,3481.0287175357657,3682.0684555766916,8749.251415796307,12403.47431618922,9786.679979662822,20996.737574537197,3095.3294875101333
15606.279960203885,25681.597176201834,15543.315193838547,6267.885841393547,3436.5484380842977,3641.069232833216,8612.587357880382,11991.072622520147,9680.060439899586,20350.17759145786,3098.6502916300874
16034.535554060754,25741.395517709574,15977.516710500337,6310.1050328491465,3524.2340173947705,3730.2203475460983,8506.855438199766,11755.419452649021,9748.697488736727,19978.262455866352,3119.957890099416
16838.047921616577,25535.03546320659,17116.335005372846,6553.455934424664,3714.736189651867,3954.7803115126367,8508.850312185048,11627.872139254807,10191.830710372113,19795.291266951954,3258.5487619422142
18797.486661810308,26680.043616181927,18751.243255026453,7115.437581759818,3953.440087721299,4348.9616938627305,8763.206736639715,12126.496847516784,11016.505980158765,20671.042948594342,3555.087386453463
20123.943288230326,28875.443445336823,19850.690115039015,7552.1390569957775,4175.8075911040505,4576.3232344132775,9500.42723144506,13083.298260833326,11577.048573688571,22544.269234990297,3722.6062705082627
20111.186069075517,32168.308620150718,19715.230294463898,7650.83628557381,4177.802982040602,4527.361136186056,10224.347544957123,13950.010552327887,11492.39876992772,24284.998958045777,3656.5577620449158
19235.770899760326,34280.81027390777,18687.509680386884,7427.782034635838,3988.7891722327436,4315.646331270009,10671.164597022836,14471.20581443647,11087.483414789467,25203.419743529226,3568.8131342106944
18359.373913857966,33964.81336030522,17787.882372854227,7185.313477934967,3798.292892069359,4128.127979645024,10527.254458451649,14237.47493309182,10648.012063609007,24849.68358352344,3443.574126775694
17144.14136206397,31812.385910846842,16641.97408404332,6760.61721398642,3621.0532726113074,3799.267450236681,10078.158544621272,13634.07542024851,10076.419451270898,23814.48015723221,3277.9077809652044
15599.281217373113,30027.05882777747,15049.201167921856,6307.423940939783,3314.944341977726,3440.0263003990217,9615.255468554891,13278.143955562029,9208.51806334962,23223.36202491771,3035.5164669883497
14224.949705913887,27699.09355115239,13554.46662666531,5757.1302972977255,3017.3979597469606,3100.1559512351046,9013.329248436361,12353.47482136085,8165.3256337595585,21677.27790630658,2785.53077257217
12952.481590338364,24515.913895911115,12752.318038668333,5296.9909378479915,2819.540278495897,2925.4045442263077,8223.917096462777,11198.063073434,7713.648087184758,19780.16936931148,2696.24169074389
12321.842125332143,21363.724687758113,12261.698785780889,5028.7217576144485,2696.2587246074604,2793.7804264152273,7179.913875426352,10038.48359670027,7302.614840513197,17756.25180048107,2649.137772312876
11919.545929859401,19253.903001012193,11842.054629863294,4834.781582682626,2590.790434972114,2700.0317552241518,6657.773660676315,9420.458166737979,7075.805927804331,16654.848673138928,2541.01581652333
11563.742062795927,17797.698413319282,11389.374140668071,4735.407044857559,2538.489843190476,2675.2948046920546,6288.47067208538,8955.17037691119,6926.187201811007,15900.228808253318,2497.0160965742684
11706.17089806734,16824.268388974553,11401.488575284005,4733.622266401563,2547.1824593563833,2693.0343400547135,6039.99304488429,8738.821284498623,6923.869471114576,15502.981280279871,2471.0
12250.450646923213,16097.868308242098,11754.618464679104,4897.142169139097,2645.277570614522,2791.3745377130867,5906.167160259418,8661.413621224456,7164.267758977941,15292.820330967457,2513.003988830955
13058.99790574895,16012.737734070924,12664.353209254725,5210.178276048606,2858.9454993190643,3094.0800255054996,5889.692476798368,8757.797293157935,7729.4843878907395,15589.20555378271,2615.0967116183474
14155.177050026641,16760.168141039077,13948.117868398282,5613.591269999252,3182.602810423482,3413.047211533997,6037.975633280252,9224.370648916316,8442.40782963295,16365.854469768808,2769.0327153568005
14983.837468016001,18072.578647056383,14467.545883757437,5979.091978556197,3301.7360410967754,3593.4807933123484,6287.124297713642,10069.366495367482,8862.346088270879,17903.51211384026,2914.0866850294965
15263.398367711421,20110.30800520633,14886.592481953354,6174.781568012354,3471.4578635748517,3664.5474818667885,6751.759209689332,10931.408316733114,9151.712994524723,19638.80870030839,2934.08434535883
15367.09116393983,21612.339009869254,14831.600602179242,6242.934172246002,3532.123043900167,3643.474050157846,7041.544087597086,11534.020241958126,9163.386596252787,20668.740506296526,2946.1207241011125
15713.65826004601,22653.867784089885,15233.215669062874,6262.903485768557,3572.8608263551896,3720.706394917667,7252.534850288926,11791.192889385755,9394.660385856798,21109.92102453741,2995.082644514981
15946.809379948076,23029.23799989592,15203.369809622664,6353.632890880937,3551.898320512702,3752.8891220377795,7401.660242163058,11808.97696073524,9413.23373015024,20968.690866008084,2996.029860635489
15912.208350172978,24180.71641668225,15362.40359753509,6353.008196600734,3596.677088281804,3695.4672350377077,7548.420216178614,11911.333176971713,9533.13762488073,21289.286729745723,3047.1195613706273
16106.71907819097,24824.59968036606,15530.81354137325,6340.352516679835,3629.6111495846994,3636.069328829748,7651.0194530209055,11822.398319114742,9591.07079765314,21256.727231691988,3049.082808763767
16621.40068566231,25267.912335204124,16432.123735515044,6527.1865843869755,3782.497041863594,3653.002741979606,7694.244308673893,11933.890558697209,9855.63598642211,21490.130232864594,3240.553640868475
18076.808087781625,25792.21356147609,17797.051692973968,6893.9477417244525,3992.069187835245,3919.126386175666,7824.269575148453,12041.636603066518,10383.323187540329,21723.271120884714,3304.9821774170064
18873.79941531606,27303.744669249892,18128.746771468708,7061.881025650352,4027.0025815230942,4000.2538062915964,8460.065309436488,12757.528945029117,10615.4972954212,22905.946988663818,3373.3585669822382
18719.824833825853,29668.34904706854,18205.647176863884,7059.242404143569,3964.1233920893715,4000.205270628217,9010.420244058556,13405.499614327235,10589.997372169815,23967.224374904596,3369.633779169943
18163.178694617825,30289.9185107894,17479.148439279317,6912.595342995344,3846.7703737543457,3861.0652570575335,9092.903729818481,13455.026829154018,10251.992564442444,24030.324613293473,3271.1438323988377
17415.02782451047,29967.96899083757,16914.323657100344,6647.928788707907,3698.1938267584133,3708.0243902358516,9008.426243846741,13328.03233232214,9933.330561189321,23883.054450137814,3141.950955934563
16479.068930117304,29051.511868221743,15962.021325205162,6355.341308210936,3520.405627060542,3517.0716947930696,8834.13117947422,12929.69595881533,9434.120703947681,23105.991695814875,3099.1207252753943
15049.345865028614,27926.230617598798,14626.535204547608,5918.402869551782,3256.5178198515005,3232.0,8489.338959306184,12361.462580273106,8783.438808215751,22199.642810642606,2954.028284887208
13578.375117694608,26080.82503554542,12945.366381317492,5430.621800901946,3002.4160768259408,2911.1659324820157,8015.490075802083,11646.958606997374,7892.938832785904,20837.183641209187,2708.546276616103
12627.483106197777,23791.485877261646,12088.708040729438,5025.983673434611,2814.965040062587,2709.6063801620107,7419.291550677173,10834.697205326785,7461.943746275297,19431.443521490626,2614.1396427570635
11955.374946960213,21145.278930594264,11559.461298171447,4777.040087180529,2678.474147866744,2597.0711423998514,6812.4659786511675,9917.436421476008,7127.353295008001,17654.862583464557,2563.0630168577463
11535.793384063309,19094.25895395694,11069.691815309803,4662.382986488424,2584.6239827054233,2510.2380293179417,6348.019383045909,9309.090315019412,6881.957150745837,16552.753423880025,2503.0
11170.960802630354,17534.51227860244,10633.033225476009,4549.1812585713815,2517.6693915004494,2469.5455484711847,6006.712749493216,8868.765593238855,6748.294833298568,15877.266662242657,2451.004089979208
11216.220642376307,16515.5404820699,10564.46415122286,4520.434545457406,2514.3471559519585,2477.5407858970484,5728.972113958432,8621.27676096746,6791.220194557316,15476.511021392498,2435.0
11727.537041521124,15770.119147084672,10870.422344335006,4615.545767611497,2613.2938965678736,2558.6436316213203,5595.870282054116,8511.133302548862,6952.801642806937,15240.651561414006,2441.004106775835
12428.840259641327,15680.960187794846,11483.559946373342,4925.626454012522,2814.805236345047,2848.1695496742054,5598.613110167834,8646.469395493963,7314.532181554308,15600.0567570071,2516.036028797114
13499.447272946312,16314.789132077958,12639.004298718388,5305.068061474998,3111.6656405031563,3142.01277955011,5734.171990551253,9157.45971976105,7919.0754382874375,16413.116923217218,2652.003779289224
14451.172817088616,17508.08344245411,13116.231819146695,5639.8524108332085,3264.781254331113,3322.3716195094607,6019.763408470525,9895.87266552183,8291.120632742373,17824.960815418886,2785.0579499573996
14748.663733306708,19514.39799968904,13422.000387568944,5804.066072921206,3402.6084108088444,3377.365446496203,6511.906757496272,10730.205493005966,8551.250097971426,19480.22285363603,2774.0571836441104
14944.395515964921,20888.175983679706,13286.221467906338,5893.441936972994,3429.2890568080356,3386.43451738097,6844.601461050079,11257.937266259201,8595.567106770757,20354.935564240874,2761.688919553012
15468.615196319784,21940.753818441433,13707.39702564346,6018.294557325434,3510.693995743551,3463.499257782628,7181.384419306886,11424.931901061256,8897.953662500568,20556.70114166338,2855.2204607515614
15854.066877774045,22642.90767767181,13722.128248550485,6132.641736772394,3502.9877006067213,3528.8435390053637,7285.029240849031,11445.237857626473,8928.511156321476,20357.102990153428,2900.054719510958
15894.565585751692,23852.967186580412,13891.874201710394,6203.099561803482,3551.0754116239746,3499.3524596016246,7590.93811523736,11729.814015374684,9103.144471785343,20847.692234562088,2997.084260076078
16357.893321655427,24518.277740392165,14263.059980985076,6277.863432223634,3623.6230414055517,3429.0469896886193,7672.295971151693,11925.393630663024,9200.312296013555,20939.708569003607,3055.082644515429
16942.14590632492,25165.483232579405,15208.70065788766,6493.936441740503,3772.214268923662,3505.002857959299,7753.091815414779,12128.075312723391,9517.448543907934,21207.133086438982,3232.3760497593034
18374.158308159138,25807.83701660589,16452.850294002106,6848.724482824869,4044.258364839481,3768.0964628980832,7945.3347314429175,12379.447693613203,9987.338989382806,21637.426145134985,3297.5296725572684
19290.519242205493,27292.4841965164,16811.422746780103,7036.600628550492,4098.154665769766,3856.1680668569384,8545.177316217607,13062.851528355948,10172.282666209878,23004.35543993247,3375.2702413167412
19003.845951532006,29708.235607156028,16862.20025864084,7052.61959435972,4046.9650812367395,3833.129253275264,9029.639575943824,13672.55075661154,10164.718140278996,24306.35390047079,3364.1084778082486
18371.309296653064,30456.511520043987,16280.56974798447,6915.586923778563,3957.5649108726507,3737.0430918145094,9182.6337675087,13716.726763048397,9863.387288838609,24545.025306053718,3257.0292081946777
17411.706676618764,30316.92262524135,15745.00430769693,6647.232744397528,3783.3198954319387,3551.0028208743593,9138.765014037519,13682.78819150788,9487.123058374824,24388.768394513143,3199.933147157333
16363.9219222612,29407.81779242965,14643.53814174085,6304.432021239024,3559.609360106169,3439.900797134485,8797.59943592704,13193.035759328564,8958.21586224804,23546.547196495718,3047.6609002423174
14826.911524690026,28009.625882530392,13399.28831298538,5850.897862306439,3262.765307380678,3170.449193510547,8498.312822243555,12159.296423789969,8387.055948939955,21843.516409752792,2865.1755919577245
13211.657022870284,26137.94218093878,12027.32697012886,5366.118314146463,3002.4160768259408,2911.797578303717,8036.431018376686,11343.140783095398,7849.981246726884,20353.323066378307,2697.114085745546
12459.90103392467,23758.225255519246,11213.730480374174,5072.55461623474,2817.96167997832,2732.4538596216257,7489.760500088684,10498.592227012969,7415.19580906442,18697.04772280653,2640.882337782889
11836.278697019363,20970.717453874688,10739.541899777852,4861.088784165915,2678.0842336992796,2641.313102094592,6877.634652864972,9618.30427088377,7092.227702406056,17031.00843580522,2581.4811087423723
11582.808839990179,19016.18521865991,10311.641824898083,4715.99422497492,2594.966602466746,2623.1898481998146,6439.816584050984,9008.908182601286,6961.458830563063,15965.597255831557,2532.326874366753
11569.026873159202,17671.362786853468,9592.150174532899,4663.530646395693,2570.470424800416,2617.1394804455504,6160.584566950093,8702.165099638138,6989.353856127332,15411.506570303642,2341.3541730465754
12176.435744475591,16786.24170923283,10426.173614899437,4769.620557601485,2665.737529759622,2740.181615402486,5976.914025540378,8560.766924011097,7220.768512928407,15171.300293445103,2529.405018970274
13617.000739576526,16591.39726636968,11679.094102664949,5190.5361429519935,2998.980000486218,3000.491799168645,5989.343133014603,8699.407971149412,8044.058957582771,15391.700132147105,2693.9857342211376
15288.419669721796,17259.916637294617,13345.020684925852,5889.244692219128,3445.7900033964715,3339.242984251188,6259.968089152301,9399.737022230562,9084.670745217449,16633.117656363083,2942.566564255815
16934.37794233991,19677.480565023827,15233.82001337304,6562.1144460285,3814.721499781994,3684.627541289183,6835.593767167407,10618.488558387793,10241.231578129496,18796.47700203352,3257.5632765864093
17258.446149439485,23287.843130082125,15447.240271763507,6892.597335799447,3891.2686983058234,3739.7946023112995,7587.508677028437,11868.251537213915,10399.295448144454,21002.269805541044,3263.693296379675
16628.69569708777,27251.56417588407,14860.052199163243,6878.337448984542,3810.8398003523303,3648.3377985247157,8469.758278949457,12986.734639675406,10208.672633738533,22988.517801362155,3183.6324556655977
15988.382682856241,28216.025729564153,14172.762788176786,6646.681312696865,3661.9799881700555,3515.10347785735,8633.925177009378,13353.642258301907,9934.929772323507,23580.537234829368,3120.326795647408
15763.631346547876,27230.81931691941,13902.114528613032,6435.334066305374,3529.9381180751348,3438.026315779359,8486.247523444474,13067.559646743795,9843.829623243999,22881.291238548234,3062.162251220986
15746.94407645446,26254.52113231208,13763.164870944445,6332.9541418933295,3489.7310550223997,3441.0262927155927,8209.626598837218,12595.205178405193,9665.619576403775,21973.845737299675,3053.2700888181644
15744.628272595748,26031.28777264525,13674.067327171208,6238.025644595653,3451.5223853343473,3388.011848339155,8109.86467621959,12415.723710790378,9563.957776860603,21616.85003997493,3050.483542097226
16239.05232608638,26085.62060825885,14198.39595529243,6304.803314922458,3530.514135963136,3497.1855605343985,8069.624708071177,12263.676267025077,9752.573048463211,21294.32161621578,3119.742810357997
17067.958832750082,25897.947206791185,15352.804007128987,6526.199681369355,3771.216351142042,3694.7639982272367,8058.320197333669,12091.42656545626,10146.444603120166,21031.44252858282,3261.147468098754
18974.845588299235,26956.496509153105,17025.613426516273,7031.614422773984,4082.4759786561835,4081.9831121744564,8302.708773120507,12377.024702493693,10836.714780717473,21659.04989174609,3472.9261804674925
20462.351318654542,29048.332233594858,18184.459713160213,7476.004064183332,4304.624688827739,4292.181806801828,8949.156924762208,13137.311851241242,11427.09449443651,23097.016954820163,3618.3888691132815
20302.314587485584,32325.87062563016,18140.21200640825,7545.533877157129,4327.778364264862,4267.2014557635775,9676.436915236813,14043.513941455105,11335.612059754536,24724.87250083431,3600.2037342445906
33946.055075337754,43522.18948599548,17414.948717308198,8341.017463558277,3857.829334013437,4625.677552065161,15253.330045238987,13632.302811464802,11767.566426252182,22764.767417411724,3475.2133346618316
31123.379368303194,42588.931284333434,16184.38275710893,7947.822436992414,3539.8169317996803,4261.926926453464,15036.943490578147,13583.083841616584,10852.036100600579,22623.248197628192,3328.703724108709
28283.02314265883,40509.80803334987,14844.90762299702,7303.331899578755,3197.2924455499597,3953.3669604910533,14559.242682305963,12967.807665086835,9863.907635012685,21899.185645333673,3143.25303908144
26020.86606256469,37104.02144029286,13317.297957943434,6586.48416459119,2897.3714152309385,3648.798205080396,13394.939039511402,11990.266426229955,8966.79584638892,20427.705927378713,3009.6464456541075
23238.32499239296,33359.973606063846,11795.128241108267,5892.631486399407,2571.5142582838484,3364.256650103059,12324.877977330865,10990.350472805605,7912.6868257482565,18689.847896962583,2789.3700122496457
21497.266883104538,29314.87555599045,10922.189552411686,5407.794036367242,2372.1129651789165,3181.1695053198277,11264.393586186829,9927.639830368096,7358.833658395959,16663.44123023144,2678.728675829858
20157.226197663596,25368.357560054716,10202.907807857991,5017.69555918781,2271.617468807462,3042.331356309894,9824.587423262947,9006.931925860732,6918.86399739914,14990.816861358368,2578.4656490363454
19085.960787549793,22855.641290625324,9691.619492070016,4780.2655263423785,2178.6211399460303,2990.90435583843,9116.94364520999,8356.287922608513,6610.83342326672,13835.49610115238,2549.057692438247
18653.22758535932,20860.572388901117,9448.997244426406,4646.600964855307,2168.1015017687473,3014.63226291893,8474.110393075876,7938.519522830146,6587.09422613915,13086.994992072714,2545.831840884126
18926.14410538101,19452.17107746119,9900.565486189782,4719.749669681941,2258.7270990208976,3148.6950547506062,8041.0672044374705,7772.108756388338,6806.694337306495,12640.107140251044,2575.169066432993
19894.534257361986,18847.724719992268,10923.423438953205,5006.359558921084,2495.1688263732517,3370.354028395439,7704.546630260569,7946.524093202021,7398.981248459886,12741.561486646722,2696.888343160793
21906.684529149494,19564.557598739495,12449.66414561746,5553.977593909731,2813.59630277016,3738.320461947379,7866.156333607152,8455.749202460845,8203.938215607322,13455.253969754258,2816.8038907492983
24219.351917270087,21709.871383032005,14036.774491460987,6156.200563546281,3154.0604672153668,4173.015458800745,8153.455643776158,9332.328438180428,9126.90605536358,14943.504556407794,3050.525878215054
25649.620985440946,26149.70036227213,14486.218636369247,6497.363845429286,3236.1822488011103,4320.03068011362,9188.718306934536,10751.557579259697,9517.758941367314,17364.284689172695,3068.7051891922774
26527.677919649515,30344.136351660094,14352.16277737811,6567.159416290742,3205.5955240950934,4363.684252125453,10608.321310365243,11812.307034106447,9652.740358379282,19206.947745593396,3123.2107686640334
27190.905631637623,31819.731999307452,14224.412133514206,6591.384691061081,3217.2111273932546,4407.612337144965,11435.96572380554,12155.599335399853,9761.86129827774,19637.454847045243,3065.145476205525
28063.192390012835,31881.119315571927,14528.722233674633,6743.0143618341435,3290.6918521950934,4506.98218380226,12105.580224770232,11950.022751329763,10170.48935593714,19258.792356102036,3145.1791671856276
28973.745094597667,31615.564751856324,15083.540247338438,6893.9477417244525,3402.0952545647556,4655.272123429989,12503.248394529086,11891.696585301006,10609.447938409005,18936.39562610449,3157.6245930351893
30100.986515317185,32559.803640144855,15651.112569231958,7066.518314736422,3465.587602304961,4734.681455980244,12964.414672449348,11986.437425932998,10871.970497089545,18935.685001188227,3292.718595760928
31910.050271823806,33738.19514238192,16598.805995042298,7336.590109627009,3622.212866090267,4884.53384049922,13299.987513713872,12203.885959246574,11391.806443272937,19228.061719971563,3286.7040638059048
33254.46327340862,34649.882227664086,17555.44847244931,7606.603784062592,3688.7348984956507,4983.514100203673,13452.404610005955,12247.809711311766,11467.322568380629,19230.055849443157,3322.8661127109126
34103.702208735675,36542.989919206564,18751.877054514665,7943.443773127126,3801.4909966399555,5092.825654012943,13937.035351994002,12252.074860603774,11776.028519598165,19448.228391086286,3508.6510500287636
34200.75447709809,37926.01436659398,19615.740017990185,8200.53762347395,3915.634481726363,5208.522667622778,14180.053766659368,12552.308346358464,11897.855702222878,20136.249956143332,3643.209292082225
32787.91169522085,40046.107137496045,19398.90904246883,8213.318647989452,3886.7310989342227,5170.2825605632615,14506.139337919853,12946.07785935099,11938.150284459609,21076.55517987067,3627.234020878292
30427.460118679894,41721.223175092746,18600.65262132736,7990.096945190738,3704.7961291895294,4876.692809320127,14888.806223433612,13354.055941863451,11508.96844094722,21886.68477403627,3528.380780791073
27980.224600089467,41047.65604703747,17241.02313440219,7624.973641372228,3419.4477084738182,4457.429743212987,14616.324978799323,13328.138329863315,10627.755549291549,21892.66442310037,3366.659176647778
25210.076812418625,39312.86452839087,15646.212362701373,7073.944584578081,3127.8670274172077,4102.658400429952,14137.087305556517,12730.159670488727,9785.336524156415,21124.38000566253,3179.213876212984
22432.944065222724,35999.8971015045,14034.12119804073,6435.436248464809,2848.157370701039,3783.805140775995,13010.929142871815,11784.155548959676,8993.148067512273,19753.59662367463,3012.6414538664017
19214.388462854953,32406.982963062525,12287.806406486896,5795.190388989311,2551.8899732251157,3463.3533151098395,11906.996778841623,10753.319529315064,8107.557820057711,18082.387012464715,2839.138794538295
17272.551083366994,28546.802188598318,11235.430326016376,5278.0884901943455,2381.3856934153737,3245.059460957503,10537.174769715102,9731.786179499792,7486.985632555942,16289.663612059949,2698.7152292196765
16225.139314290796,24608.00822358089,10598.908706139524,4952.178097779706,2269.316107579194,3127.457867515323,9103.783043760792,8832.702239909551,7042.654170478706,14636.047021072252,2576.4668400667497
15654.219986351374,22130.792770552715,9993.822165742364,4710.772205433611,2170.635585832091,3051.317617714722,8784.005518527454,8218.286859662485,6711.699793732779,13554.87219725966,2525.341022714363
15566.382956831867,20257.03864554415,9833.006673141312,4595.070326950896,2162.3746576555723,3086.7744531325584,8163.778326329872,7870.360830887421,6745.56572465174,12875.82743041009,2482.5250886405115
15993.6230455446,18930.44230841015,10207.733339903065,4626.994108342183,2258.7270990208976,3217.8402898462,7540.310531128536,7693.96998207446,7087.501737830003,12514.496052247245,2575.169066432993
17068.062287739784,18446.212564485995,11311.106839868597,4902.955748817937,2495.8924109112654,3438.503742978034,7411.650335155608,7890.079958179437,7728.438747480594,12533.837406341225,2710.878085146934
18801.09546613352,19150.35845148503,12902.236130153475,5414.329254217936,2797.6312176493375,3757.550023721907,7496.741188025214,8423.275671298237,8520.482268018059,13209.594705399435,2870.7683029394548
20975.90283367189,21298.21535199596,14570.048315929182,6020.167379006107,3104.162180051576,4139.521759974432,7633.7350052315405,9315.637839003524,9358.566173028887,14778.521119628465,3035.5390739262452
21927.902911161622,25658.60932741932,15099.43805151267,6345.0902844472785,3221.533156846264,4256.1451253722025,8279.805537125048,10730.269105109595,9672.31754749821,17189.072740770887,3064.9119048037555
22409.592113233703,29789.6280816851,15152.501085982789,6418.516448127801,3185.96033744535,4264.851923202632,9027.850625124627,11832.743724487831,9707.266431258833,19125.074411214842,3064.5136853621775
22723.2972380826,31147.996129483116,15241.58045014359,6423.457054072301,3149.7237860576447,4254.331819984465,9285.536225268708,12059.525271710345,9726.303393232878,19484.568215280833,3045.3414370649384
22994.696967169024,31095.28229229413,15468.965171680162,6565.456208764855,3209.2308386631203,4362.685904739763,9149.100380232252,11826.663163535834,9901.873493316856,18973.456259949093,3070.321337025504
23882.212754324464,30681.547988487793,15734.82882003902,6711.404725642237,3296.6764774437283,4452.075354420341,9023.656940333747,11700.234541073696,10061.3908994552,18740.1766163314,3147.4274117198943
24178.32728439721,31212.874547735893,15653.703223515347,6892.950449184413,3346.905240824314,4485.292040208285,8830.430701669984,11747.396361949148,10177.8936783786,18740.1766163314,3172.611479937523
24555.864435298838,32354.341376747554,16374.421929028433,7154.681732006325,3488.1936693090306,4578.681980641916,8849.729783827328,11919.674620867036,10571.060269137271,18926.14410538101,3278.906841846145
25660.547859883114,33356.81294469889,17012.675665624796,7483.609799498043,3615.232546322935,4679.940700371228,8905.924785071156,11987.482692243007,11123.288965460053,18977.277790202523,3339.2568307991787
26635.053898243692,35427.837011420124,17767.903613750696,7772.854073618579,3768.968193196867,4776.964567222396,9221.159544262755,12029.985154459544,11566.18742942991,19135.683548842437,3506.653896051935
26906.551119110314,36601.34055038654,18351.941601339044,8114.4510671596845,3915.634481726363,4894.645326401899,9511.701219463805,12358.13009837196,11905.335216107953,19813.74338840998,3617.5123743645113
27234.054126239433,38805.52670022408,18297.260014443666,8148.734546098153,3878.758034956131,4927.559644164554,10013.84215194998,12841.02154006757,11842.668663062817,20856.858337436126,3610.260553755668
26597.352495018396,40403.13059831956,17871.509797645598,7884.850097173472,3681.871101191189,4646.272363260965,10434.998998976145,13194.435151265652,11434.372488629622,21581.16542732124,3510.4048331716044
25187.851700555228,39904.733672999115,16760.872377906922,7514.369379094355,3389.9164546828106,4279.8859131495365,10501.00183250181,13216.366039974404,10573.549841715467,21652.491742677987,3307.7288109031797
23400.410853874437,38048.19640021323,15550.177548339845,6915.92071892198,3080.6415922006177,3951.3715910331425,10357.81927095971,12639.69906462035,9669.461581692587,20898.726182230206,3164.199545107608
21448.181043132587,34944.71802576229,13983.981997166458,6285.558426071551,2788.4490843521603,3635.2007954896403,9843.251388443825,11640.764826465442,8829.046803330988,19567.800415888432,2993.150503072643
19200.4611616855,31646.264862126947,12249.698836736701,5616.6301629637,2466.441380080167,3327.7453993710396,9180.034168765444,10651.619494360713,7903.729043767793,17837.929999532476,2754.603877120636
17871.004490247833,27817.119869365677,11152.672470068514,5155.367875310074,2307.5389643841686,3145.956673679807,8305.390427420869,9682.269087195515,7355.754595663182,16130.053928575197,2688.5925603934693
16744.72553319835,23940.272485566475,10412.71594870303,4844.126260968147,2178.204565566721,3018.6315023962416,7422.6977489535875,8791.475365494487,6950.6090731619515,14498.392297374512,2557.814747744975
15870.617422832538,21514.042272535098,9817.910142592073,4635.628571324596,2138.4155764072534,2941.72881076215,6909.904539678639,8187.4152912499885,6682.245755965162,13429.903130462006,2464.3757563579043
15450.79152512541,19719.12214081251,9680.027385323296,4519.926118084584,2133.898634059656,2980.6766008226664,6513.886120615604,7854.39261405399,6600.456752517571,12763.46159185972,2460.22610329959
15260.470362709999,18550.27722412377,9970.628410148072,4547.539790978987,2263.9604774502327,3114.507842656571,6252.237955965604,7667.737052408558,6934.039653245096,12375.745238625163,2556.4788577052764
16400.27589622002,18198.268743337725,11142.865665287361,4860.408527779567,2492.8974673461485,3340.3959689491962,6077.373357096342,7888.039116118585,7488.463969974909,12533.57414310656,2683.8979693045035
18147.55636475096,18880.922912025973,12698.755061983653,5353.8201272293645,2821.8901224114975,3708.3667869530063,6175.779405345756,8434.519453229419,8320.32266299981,13267.24227192788,2836.4732568782847
20248.894851706802,21227.72981383687,14417.803021690388,5962.330213097364,3151.377032812802,4101.863996192354,6722.701757749857,9323.344443282704,9137.858642496758,14789.501387054775,3014.5577812471306
21464.9531297309,25423.494852131018,14689.67988628085,6313.820132810122,3213.8947716448183,4242.170658665888,7553.675494000375,10731.960275899874,9586.901927937464,17171.416469237483,3054.522382490117
21949.252448699306,29455.065416523143,14527.33147173456,6388.602090554982,3170.3284949084973,4254.331819984465,8577.410840129456,11861.026783351708,9754.186008226172,19202.96069165024,3062.5154199866497
22445.515718724273,30466.760185079846,14270.25255595788,6423.15059436306,3126.1068871054736,4286.28091876583,9107.3515071693,12140.645327194055,9814.932886060284,19517.84041297448,3064.326129498356
23106.900532692594,30234.167405410033,14502.024286227008,6516.552427957421,3179.3057254831238,4358.428068380184,9221.518592746377,11950.300230227587,10124.681253365703,19025.664683141007,3135.9478249338426
24123.676120593143,29973.328042219746,14926.703536430112,6724.369819639334,3296.6764774437283,4392.459250888951,9420.944477694791,11782.64875102835,10443.52201098245,18628.140866258167,3158.4347717966075
25209.780384175087,30535.900807804886,15332.451164610624,6875.996608700051,3334.9323851895983,4434.382796619428,9679.277378312869,11859.744267163442,10671.1829831001,18679.70623578661,3269.2502818398743
26627.79407508027,31782.42567580296,15961.680244457299,7135.380541729204,3530.7659901018787,4451.35229452956,10025.069187118068,11979.154232064508,11059.381207448398,18848.373572597742,3320.867939259858
27823.960684524372,32908.607851173205,16401.280314119856,7444.994117224092,3654.8350775608496,4538.632215158388,10269.751950220845,12000.096066984508,11526.563480868035,18806.136252794324,3368.4384010569697
28948.558443790476,35064.09734681131,17237.032701015807,7791.789292659663,3834.5191602737655,4652.933024969173,10834.376896841677,11937.559846125048,11976.42660000225,18848.08037023704,3508.6510500287636
29616.122218404107,36351.97796968919,17927.400643548535,8046.474657803224,3952.89610684104,4803.54454033795,11468.389111295668,12218.81518028587,12213.681248050643,19535.115586714313,3632.226267948462
29734.026358269435,38635.84182412449,17758.80599505411,8056.093847098177,3937.946554628767,4790.903382026072,12247.067605965409,12614.247508938748,12029.196296865166,20350.202015008752,3618.2376925570634
28368.541808413076,40372.26449928345,17365.461798289496,7808.723979762266,3742.674502143611,4525.911707919539,12633.464660821533,12941.360892831546,11586.562442777888,21203.112614117013,3491.430509980156
26531.863226549533,40004.809555910164,16317.491774819255,7449.607240965834,3458.697144979013,4169.8214472953205,12242.914599091606,12977.620594359107,10752.579852022569,21182.576064660687,3334.9247805183627
24323.263726246812,38333.13963204883,15032.705717740126,6880.042645761316,3128.494856700559,3877.9073559784915,12081.314887906397,12408.930710114339,9759.47317014058,20389.82522196712,3159.4545920704873
22013.339519293277,34998.59035317911,13526.91818820091,6236.335189212965,2848.157370701039,3557.6914139938494,11368.822755476554,11445.616997500347,8868.81944655876,19179.775924383997,2991.410890040234
19685.744525410664,31487.15977543231,12003.449347890904,5609.027592158154,2512.6562330068405,3286.1178556838845,10674.685921865414,10494.92095885413,7803.210411211659,17504.470411135208,2763.2009019605234
18230.309293696715,27884.145739772306,10993.635161403166,5102.164143351684,2345.4589432428975,3092.7763003078603,9621.44374931846,9535.97453992693,7245.889126991476,15881.051828916585,2626.764644198495
17160.188599776473,24161.147585159182,10271.398838897501,4799.555124080265,2188.6032432152133,2989.4140685658567,8544.137159886384,8629.888499194094,6862.106372479895,14263.988758967189,2561.811765633838
16366.681475512734,21810.59698568063,9717.873101047791,4547.517887470742,2126.1675143577854,2912.0181565702105,7724.256064841265,8054.476304941844,6560.455550019447,13189.440183756038,2461.538739450457
16150.350112112885,20159.015217290627,9486.918822818574,4435.803676406346,2139.4138516592625,2948.4829291418987,7229.117112689406,7742.027823123872,6603.445320594339,12627.848914288332,2427.3977149350203
16553.9289756921,18950.818302974287,9880.906173513473,4462.418192583281,2251.7688947197007,3084.5442644933287,6911.881134724227,7578.793640735004,6865.882983717856,12191.23877874092,2518.344919203629
17576.810895083207,18378.778595932657,11003.555186313382,4780.275827691684,2486.1851646894675,3320.1803671593916,6709.41034151453,7793.705843888715,7399.38544283462,12340.095991368857,2625.765350572145
19498.285442922705,19140.104117703253,12499.261277679658,5308.929976193817,2815.5919688261297,3704.373024637313,6805.826903823618,8300.186629373284,8262.545653485508,13131.195657585635,2837.161468679854
21737.384007938865,21335.153186336567,14079.448832974243,5910.123956725636,3130.0969254270412,4082.8985831128466,7259.03462163442,9208.17742002949,9219.94681261012,14703.274561531622,3037.9393824457757
22989.165708655637,25373.65308396953,14416.074331811202,6223.724674907842,3205.240734758471,4237.179821977352,8183.158250736942,10684.39367308624,9596.306808051391,17127.142447277107,3073.1140211386123
23822.558400307687,29354.12626752164,14284.007283512596,6236.326530380591,3148.3847555206216,4239.622826695168,9402.836136676984,11767.206982731028,9672.531942395535,19093.421612098642,3072.7014608097643
24548.357405729235,30468.607364713447,14132.338690250393,6187.753893403242,3109.818498644667,4231.107393124221,10086.797834772598,12022.014705434565,9762.152608926532,19357.839779517326,3029.5443908946922
25301.094259648973,30144.54689401269,14238.757995745858,6193.042464076956,3141.0696742374116,4314.498730637315,10458.483927382771,11732.579849313286,10141.049521294388,18847.470636463757,3069.906872627508
26441.50594969088,29856.71770535277,14724.621206044376,6311.41318035939,3199.590094167482,4435.832328238192,10770.724999955592,11559.218334811972,10371.152669116394,18411.05141596503,3153.6767757663865
27446.882101905278,30428.933921968248,15084.735407811026,6395.531526603253,3220.2037633415935,4460.061648106583,11151.040268965822,11564.20440518232,10532.232106935662,18409.414788877963,3153.628112131138
28833.99224126269,31589.01735232759,15725.342899140316,6584.1104935053,3313.6332475082645,4576.968935346976,11671.13188717062,11703.518213757496,10956.222151769362,18612.714694428352,3179.0038565364052
30289.381849147405,32633.76730441175,16411.966736253446,6806.261323511782,3379.799550064302,4594.816630174228,12188.498594659606,11751.443997321367,11360.375814230476,18550.80547928897,3279.273115122185
31446.250693274746,34567.531998989565,17525.12123773603,7082.913507085662,3493.960337583656,4742.692504371708,12866.351844045907,11702.4534736225,11790.9424528338,18584.08914013302,3365.608666833631
31529.332396287893,36040.93306128208,18230.9757490493,7366.507696742946,3618.0853059309356,4877.03589264074,13587.082927770063,11970.480756643197,11955.728829164183,19189.029340271547,3482.5470617868473
31033.065557041195,38266.234326462756,17914.203811137908,7433.910179241978,3620.4719593425707,4870.708442782598,14198.246652161477,12351.646359663204,11779.675011655685,20123.542359402167,3467.9479799214682
29862.62714372223,39967.42016436523,17264.498938432665,7210.106524882599,3437.3929376225774,4575.118556693118,14548.622405740136,12757.70662623466,11318.072027843931,20910.531749694677,3309.195251566319
27486.45719830267,39306.88244671496,16093.232957260681,6877.840369158148,3214.6016431663193,4269.2296967926195,14348.068011373574,12719.606696106068,10502.454941234835,20921.29483972278,3167.6713873553426
25066.749946004977,37551.32613150105,14771.654635145123,6436.432887467673,2933.593594854933,3880.176040379387,13631.172384204168,12207.181377518698,9590.391016552123,20226.02866523701,2976.547869867657
22796.268182637807,34498.26908806175,13309.283230135243,5876.220827403758,2680.5802978274273,3585.2179338701026,12713.56771689304,11266.248215510772,8661.439892028311,18889.656312012972,2763.513961553893
20567.186816373996,31447.823210701088,11769.470063721086,5398.193896792656,2449.971413803067,3276.167981820151,11711.082428420408,10347.657640216767,7670.972795482292,17318.03900862294,2577.1681213950856
18682.91935929347,27762.779221738434,10745.204475549273,4918.621676744,2256.9703255883946,3060.8109680078924,10628.502205954537,9328.181673499052,7023.628465348267,15719.654399974792,2470.9453595166196
17348.686009196612,24346.390932991373,9979.304920723465,4564.474895596504,2115.006924737466,2899.439847814207,9385.894330684874,8413.817832218427,6576.817331667896,14138.883026904547,2370.5251676598905
16459.766384079983,21799.95606944615,9417.29986527972,4355.348168125443,2057.286024916053,2799.650398607286,8547.622332146553,7794.6903404419645,6283.017215802218,12979.63566693442,2289.3624131831657
15817.467848559703,19741.62677318534,9056.163104879148,4209.72988755845,2012.5138222238904,2758.223075050244,7904.80799544512,7330.739584960161,6080.889766633638,12229.85257677469,2231.372068494433
15443.345825478296,18445.232383444298,8937.770189625015,4117.003930034382,2021.3305157789948,2749.735449577805,7282.611883387529,7076.125956458352,6010.542874687132,11765.527937473209,2263.366678727933
15440.353585306082,17438.39639784918,9083.11766922302,4163.608860437693,2097.629712588209,2870.0444329079996,7012.630453076857,6997.428007028931,6157.215931071075,11572.483934801936,2277.451055427217
16660.2745484034,17108.70773428499,9604.236696916982,4339.21406083275,2290.0396828743833,3093.085771272749,6871.320433845493,7035.397085320154,6480.984191585457,11595.290139494526,2275.0392498573274
18486.771644374778,17393.793180200493,10387.065926572024,4664.727681155952,2438.733871881965,3347.505876645499,6620.556663423413,7431.094638450352,6933.499071687139,12272.292527547785,2389.016659719329
20775.387369753622,18602.805383523806,10961.874648089353,4936.6081201666,2565.2746329298416,3571.4077666269113,7162.021658287716,8050.2395903298875,7467.566623040047,13263.687948877308,2441.0040866363565
22970.724066717587,20345.36183185852,11522.036440986803,5172.849213921183,2634.182907125161,3812.1967242545693,7911.474963024378,8721.38545662745,7924.474704420677,14425.306985966676,2530.035321796519
24786.184369319144,21973.487408685363,12013.701963866797,5390.015063416,2696.832978107369,4015.4883436843133,8952.066173136922,9147.6375016326,8411.04931815582,15204.698814352098,2574.0960059670037
26537.883596961703,23734.50734946095,12654.058713859615,5585.671292657332,2812.4389515840408,4254.919171931036,9934.58967383491,9500.017876340868,9079.381938964718,15705.944773799802,2667.0037411145904
28097.070507034423,25199.19997587712,13312.87636062304,5837.659813196695,2879.8735732695263,4450.562276414201,10724.598180551511,9754.860188773837,9525.193334307141,16093.36461306196,2729.014593210268
29339.683493827724,27386.38350741959,13844.019619103323,6045.08250577656,2980.2561489290674,4576.1462905148055,11577.168250218521,10113.054656773013,9809.996093986947,16664.27418628945,2822.0
30710.65188975031,29040.958840009553,14571.39366867295,6303.087712462305,3083.5583142631813,4733.135351078341,12244.24039224221,10496.790050389838,10329.69514285125,17113.411853058682,2891.6007757031
32291.76748801903,30257.98065661742,15507.682644318087,6643.898609589244,3230.854330700063,4815.3163429871,12820.883453564862,10728.015984879428,10766.098624878203,17449.982884755853,2942.2211463589474
32967.36619501057,31866.296510162243,16422.920739019406,6966.613304130819,3348.222593604761,4894.678600731496,13323.909491696573,11063.920026260168,11155.487140152587,18012.052333988882,3086.968483049575
32519.68411447787,33564.59284237891,16875.158747612044,7173.998104041003,3413.741110514844,4853.306899983519,13981.278203519594,11461.049517701962,11267.812454422265,18766.653299384998,3170.441820241108
31766.227035002223,35181.970637976556,16777.691062484013,7188.3562539059185,3395.097435627494,4744.60576566489,14275.214898407508,11747.471024412973,11068.871552480121,19395.365342870038,3215.3269038924705
30335.043347584706,35396.073157252256,16331.522018613034,6993.0358498600635,3315.9758029024356,4495.966168324235,14285.771427362884,11918.324469830566,10702.84698475252,19712.96873594705,3164.2300789082437
28023.64686075032,34888.28302773429,15505.798557168884,6742.7304094071815,3116.4681483864424,4191.934692469061,13779.416736593834,11917.327276626827,10063.821606957665,19776.52222231316,3055.133535900605
25577.024205831385,33804.49340929073,14426.28886119103,6312.076061912796,2913.3164378726447,3909.1430543515403,12729.753495599816,11548.249026814037,9302.958980781783,19331.937423952866,2904.4372610834484
23412.19088882031,31667.02172711246,13305.51232334594,5851.912091351625,2685.259188625054,3650.1572940609813,12040.806514203017,10775.962329861093,8570.93225750696,18262.590734657027,2772.6672447347128
20976.346441738755,29310.832042527367,11965.975402739816,5352.717115126338,2445.2612446846615,3325.306148932282,11528.639028433387,9964.435881420974,7749.9139529698305,16911.071041959403,2667.4849681413175
19096.813344710325,26554.741165480384,10888.509947914892,4971.548108882754,2261.4777692875036,3102.1185687582497,10636.02052159596,9161.356700003405,7239.766820318163,15551.613580039828,2499.698048654331
17759.140068000757,23154.541832384315,10018.525966618316,4643.983585718517,2108.687827112667,2969.5516821498486,9464.240180260545,8353.650331592406,6755.028893073659,14115.043407590536,2414.5153265741283
16845.79766407745,20735.649842930165,9573.864137239545,4409.53742917846,2062.8540473081935,2853.7793541224246,8831.861166418374,7727.780327549034,6439.393019961687,13007.610549714871,2360.527456917582
16042.01704680927,18777.715977756165,9161.526543036338,4251.59893653616,1974.36382948202,2767.3612021660783,8017.484436581676,7258.385685876328,6256.123939471333,12229.015652691382,2270.4524840805966
15505.544780463884,17450.98082862208,9015.693871433285,4170.81913490364,1978.360929466714,2758.8433150970313,7447.196327079617,7027.171179380252,6211.457280982284,11740.765791102645,2302.3603174108403
15389.20540142328,16501.846295158663,9060.156355227098,4188.464429421738,2053.666596010697,2838.9336093075126,7035.250323917843,6876.528872408125,6332.822273712788,11426.422507580946,2260.2893290382012
16522.976794786642,16107.95539935576,9480.753970437681,4307.510115837522,2222.1059125527922,3065.9753468645317,6808.181400067681,6858.63656282225,6626.289393026618,11352.694842358618,2250.039682504911
18486.37736236065,16217.904819374435,10376.983248303426,4603.090371420933,2364.378471492907,3361.4993458822987,6692.706896515382,7154.122693362168,7168.999431300006,11797.1223290691,2374.0042016803013
20745.544468172226,17299.3162895816,11218.087704883319,4897.226104406278,2475.917384582972,3624.517901205797,7041.068499574674,7809.636573547105,7648.21257246124,12796.34919234234,2452.004068347914
23312.7240104698,18899.098600692625,12200.904710636973,5211.351187394664,2595.4778344843216,3889.2885829489232,7890.8271384748,8484.63453472835,8255.79099960665,13989.815991983121,2530.0039432173585
25381.08912694146,20386.23558213574,13032.094839921994,5528.489092874218,2689.1071677915565,4111.578251613825,8852.368727176865,8986.821520384265,8793.619644092842,14867.6697983369,2602.0343511224883
27440.016904458203,22095.141975760118,14208.583092797147,5830.675080051664,2812.999525710062,4358.010951570756,9773.66258863143,9353.738992016963,9511.651487372057,15530.187096637463,2698.0331369458854
28765.101913798724,23616.478909267626,15217.298956653724,6160.132930350948,2929.0661500252672,4521.678944267935,10641.798165485478,9626.555416290867,10100.209452460203,15938.089410234717,2829.014079545963
30145.231391140245,25635.971372777818,15921.694405792674,6447.7198922976395,3029.451089136246,4591.13548176221,11432.222718512676,10047.153925782119,10441.24077023054,16630.334497322052,2912.003441156024
31551.364670615592,27346.760779950037,16832.90836317915,6756.942334779436,3183.6453247908753,4650.417853882283,12217.319140224365,10380.449833190858,10956.603207707469,17133.662976575903,3034.120079813464
33044.39036428679,28586.760873900974,17754.85138822743,7105.412450711603,3341.6061518928755,4738.408550672913,12767.046836569249,10647.880995338108,11391.957340997633,17504.171023452494,3108.265224785585
34124.264077128006,30314.171424750595,18577.57161538352,7449.088505273645,3437.0308692855424,4784.325221567222,13322.296755019648,10881.127308222214,11697.001006750541,17921.632080760377,3257.2754844622414
33652.36001973392,32184.765682830126,18878.56957542089,7596.877759969178,3508.182950418103,4687.2185621906265,13756.480278630646,11274.537604451576,11624.40168282986,18629.371558840794,3321.941194874444
32959.2150096692,34113.59448915874,18545.89976107481,7545.31396772999,3510.137281334324,4684.947463002412,14382.92586239914,11467.84587303084,11344.886035137411,19241.090885828,3349.6789725987155
31320.73093805602,34566.26100161483,17986.432642700416,7306.733145422047,3390.7717824919187,4450.783751069824,14213.083004744143,11712.451156181587,10771.970936993845,19684.0718510871,3308.2892597526425
28838.218926690733,34424.56006219672,16941.512388796134,7029.30946558311,3202.248174622338,4155.980390108227,13824.552929684296,11695.811400806071,10084.219807649211,19762.569082529764,3215.7672331173007
26004.096560522532,33597.23837177829,15690.173564155255,6513.549364663355,2988.1863296730967,3932.4158381338502,13190.912117072769,11328.734420525423,9402.911270305576,19367.37421092954,3079.325070656773
23735.31668104386,31340.18297885105,14424.53098035765,5994.992990539568,2781.3479150973044,3675.7355922903316,12133.116515078782,10624.210733411704,8784.275264054846,18368.35490850469,2936.6297468271478
21040.55087305891,28742.641981902772,12688.551142943148,5420.262229818782,2504.0141590214057,3374.5357974824738,11277.997682305377,9883.113762339586,7938.884588349717,17048.284744026343,2825.149970635653
19553.333156389963,26045.885719616876,11592.188234984847,5004.564746065221,2268.9415063655065,3194.711313541025,10265.984186937518,9204.144092448958,7398.836286069585,15717.250091309375,2696.888343160793
18249.240286035783,22288.599573645355,10763.159141000582,4721.208420972116,2179.202464764681,3068.816628352952,9035.745725223658,8188.65758742086,6970.784117168551,13538.58602590608,2573.4686302461846
17418.25727623258,20116.87539289956,10098.898804341627,4462.085200038507,2087.0935647629412,3002.39348964582,8275.352988723067,7709.204987323903,6636.311913407757,12613.152733705041,2535.0757524662417
17278.416489769323,18478.134817216607,9924.117967304355,4365.313468154922,2105.201585666158,3034.8437244748466,7555.3151786365925,7365.503428068458,6615.090805835302,11982.819451446385,2541.836593734458
17813.47238268797,17306.9077406727,10260.9246724083,4441.4540061048165,2243.783443847902,3193.871152302372,7149.29453983514,7258.930887598246,6960.982578697053,11660.947711342846,2577.1681213950856
18734.306135525447,17024.743893472743,11365.637689777997,4790.239688534564,2484.188812831606,3431.513596635693,6893.94029553942,7545.849325597167,7550.873651063391,11889.664267391567,2707.709246253264
20554.86042537786,17858.943386472616,12882.920308977395,5331.540153650245,2805.613705926946,3824.4454399374617,7022.957790271641,8137.472801169294,8470.831128019105,12682.202752386871,2841.624859691669
23696.34931480867,20132.86234577214,14641.606551314071,5978.366594934892,3145.3924944125733,4264.1306163874015,7536.638830137453,9090.92492110375,9412.77444573412,14313.387285811112,3072.3197439197393
25783.258704857835,24299.718752572317,15292.93872803264,6375.732023905189,3287.042488472534,4487.288526574931,8415.556207874895,10554.752186087173,9786.258849695012,16810.449768976236,3136.444110719201
27241.348966639034,28329.738132929797,15533.17256648578,6538.969538233981,3246.4694833638737,4551.177850852688,9563.912138662528,11732.805400306215,9973.44590338591,18848.591926499696,3153.628112131138
28370.48627975444,29378.050952242353,15614.84182293127,6595.722912019084,3226.1890802624143,4568.880053976178,10339.110318885165,12076.218363522908,10058.654477058386,19356.36935747836,3136.4527935482474
29662.199830302085,29067.863659922885,16096.722023934371,6732.693344729046,3351.5846729609125,4702.193726003497,10709.190967052631,11901.084538427314,10530.790647120037,18964.218509516886,3168.6149639349624
31192.398594411417,29005.14830819681,16681.633580225665,6943.508731172302,3477.222157338102,4827.793777443426,11386.177208480301,11812.218183010798,10959.924804324324,18778.13749205121,3217.5729151971195
32523.843521455423,29879.962705307775,16665.500020174717,7134.0309310473185,3554.0268018412376,4905.932327644797,11791.755387130523,11973.12820802881,11273.132651047443,18986.894221807695,3272.7162904319935
34224.46106660159,31291.138255220016,17509.2175802849,7392.069779885037,3697.3543288749556,5042.807781486916,12367.07907881421,12131.391909995727,11735.43280980307,19201.41930521995,3376.4297382890372
35843.139117005354,32503.036800862472,18167.241760828863,7725.7150315118015,3820.070899923596,5152.068743207673,12859.909509493984,12167.638700670674,12194.298339282503,19279.63354274094,3482.529583127641
37138.378987964665,34674.21991034864,19055.674707604958,8017.804421328785,3951.5167344470406,5226.154258036712,13469.90793970515,12168.660675985744,12629.883314735935,19485.806377027166,3605.2684088107817
37281.95765602593,36428.25480798441,19747.92474528501,8338.028326141133,4085.6145200622013,5314.584243178897,14299.844452844478,12478.16201446008,12881.138553403525,20141.934933345536,3742.5844776891245
36293.410576406575,38952.48234877391,19549.12371992498,8404.416072350643,4057.9323373557936,5273.353097206748,14962.041964422955,12894.818911169301,12756.781310303675,21092.356758534144,3767.5295930509747
27463.581732931238,37938.557457484516,15380.772861285966,6774.299662527679,3308.9919362969563,4136.801182919083,13150.605478258552,13454.755237237954,9998.711688734267,21627.658765247757,3139.4780580564175
25283.582567693735,37974.40355063164,14347.567195572072,6407.536247239774,3051.3150881381002,3761.0338900967577,13048.162347389201,13345.346047862442,9076.749409945862,21693.992493443962,2952.232054832215
23219.54790778162,35743.441334950614,13009.502157050065,5888.378993541792,2813.293357527351,3363.1091356369793,12237.248329025082,12496.378776699026,8329.78944991472,20609.81085709244,2703.0147329610077
20772.46865872818,32574.7148807936,11770.28128043484,5306.651900445587,2567.6042103363584,3100.786505197663,10917.470865248997,11373.20007011634,7606.753176835384,18864.156177772642,2622.8886101093226
18390.189188314464,29329.469895616465,10369.806180796886,4804.074572918108,2311.1410379732743,2886.166702363903,9918.001103066164,10292.787382881364,6840.097467398221,17132.397114939566,2392.0168067167606
16798.93952307881,25828.518354601743,9511.949322331373,4407.698943157696,2179.594246186055,2680.868711400386,8883.878923271444,9383.001649677137,6415.057260524951,15473.670419817881,2312.0
15613.684341519656,22247.598971430714,8954.776722097007,4171.490247160139,2076.2637305123058,2616.566031474237,7853.062726173645,8478.279575768429,6119.819755719216,13935.824357965399,2205.040485793033
14795.982537108186,20181.723965025572,8575.326510844385,4009.8887925722506,2011.9039139782549,2569.6784332113293,7134.7395897495235,7890.912998820567,5924.65258318227,12981.109834889961,2172.072859623858
14505.727618660158,18525.78459670969,8518.968728970436,3945.7076584188526,2052.667453682017,2589.6730296659407,6709.067771239046,7524.348854688395,5963.313136545613,12320.286243985314,2207.040449401375
15079.94623515603,17482.73100266605,9088.925546726141,4055.768211952988,2237.0909359757466,2785.501459566487,6430.09978028163,7414.2253401624785,6338.985667406193,11968.355844131824,2306.0043478256757
15724.967637451844,17115.41607732844,10410.298604214902,4487.006128913973,2462.4869147449185,2978.0338260079197,6337.004906119557,7719.035426394343,7077.54033671632,12270.172125559458,2435.340190776821
17476.824444952734,17813.117684953482,11863.37904652712,5041.99893758012,2753.541840783359,3285.16174245157,6425.792687175451,8490.913765457766,7762.349863533755,13280.947620892804,2553.143027008375
19255.070884316858,20147.51716278314,13301.362104328806,5560.626711880164,3000.5083332465356,3554.9899334136176,6966.415814788361,9429.613652812286,8468.958657841606,15113.592516606415,2787.2336609272206
20650.27908046517,23685.76227422962,13280.25610948116,5741.1911581537925,3004.5003661376877,3630.2588984652293,7583.236523150281,10340.160125180879,8541.137374442384,16824.277186322528,2767.0583302333844
21697.32372932351,27219.938461144673,12734.026039804936,5683.318116425279,2906.4016331780426,3527.2884326087874,8504.754708143446,11105.784757470055,8424.716816103532,18201.81605003857,2675.1803453694265
22923.837916452496,28142.297877446745,12598.901778053305,5599.530310111688,2849.9291763867263,3530.1030336205777,9002.182774267307,11313.564830064295,8408.203033472419,18367.386648608906,2727.433222546114
24417.8364904763,27728.38623716458,12624.855210408097,5637.480156008019,2859.910501587117,3606.1798758815594,9183.630800796396,11141.214478486292,8569.055677276854,17862.233353532396,2715.6050775478316
25806.82641282717,27491.201190381093,12951.801275435499,5732.533872307419,2912.389537830854,3709.2216135572103,9615.410021064028,10939.563499908012,8855.190263388546,17468.25065815806,2754.132448580669
27034.884967473783,28198.501715354083,13090.48631526179,5849.901634969793,2977.855898571762,3769.3267606482086,10312.449124229195,11186.139745197519,9088.35059981007,17740.371647745193,2811.1717485176173
28839.930046034868,29260.008550811795,13879.306562253167,6077.324459031556,3130.1414159236715,3989.4984101383,10998.503267957187,11487.292609251283,9555.895978340786,18099.171018910176,2954.003378378186
30612.7545973283,30289.911583923367,14732.67112541111,6384.259426362709,3275.3969573775717,4163.514715588663,11428.399797261518,11658.836603967817,9980.685233233202,18265.35840754685,3071.9733758671937
31637.317385986433,32337.379774069766,15729.807987859303,6684.762250258825,3440.3194515245145,4266.798727077324,12096.438894741152,12019.736024057553,10382.293455811061,18867.69553683642,3132.9282945614973
32060.67488415059,33924.36437594928,16662.605114268325,6986.302883771863,3619.314256784804,4421.8556714115575,12683.517260979472,12404.353694247884,10790.872848342648,19668.50370309987,3335.9126330728977
31283.499167089678,35998.13464068165,16869.650740367564,7064.690262552809,3649.849983915305,4389.185179662711,13072.53677786403,12805.480161225818,10778.933056042906,20609.881830650767,3311.4372866911667
28681.56709323835,37508.51958259022,15901.946444122941,6930.270330836389,3412.7168362250486,4117.5594022373925,13294.862834607195,13273.015262059149,10245.843928144046,21601.176809996436,3155.0281113720093
25824.28666173051,37722.32137191917,14625.176884738998,6508.567887143791,3131.42882473385,3730.355402069117,13084.450504715516,13229.360234783046,9276.662999871283,21729.271509131075,2950.140420789078
23395.692985275717,35515.611496396436,13207.327616700011,5974.4687386188025,2852.51298443841,3384.095406869603,12290.46086503949,12423.447248788394,8393.470258188232,20636.31212756486,2712.0036791756156
21052.127947040102,32257.224132156884,11942.846744102182,5387.763869632796,2582.8689278091256,3104.7840952157226,10970.268022341364,11244.404306692593,7661.486067128482,18854.815903568207,2606.1400774403323
18921.450649684677,28964.517797665143,10506.123360255526,4838.961546395545,2358.5845300599126,2850.1820250587284,9916.597930644703,10228.905004103917,6903.265444716163,17071.849449826103,2442.01646089978
17024.959212934486,25482.110562019087,9607.542753830376,4463.153997522172,2194.061998027661,2699.983462156572,8989.699183165274,9309.853943895145,6434.540323275862,15373.24921271966,2309.0
15753.062928889593,22267.892594730554,9001.484701069445,4215.718233077375,2071.8455172084937,2592.57142212955,7782.538840795524,8433.064613536,6125.795743245469,13922.855893075868,2201.0719099959047
14921.67282774621,19963.59307269898,8631.26917006511,4055.768211952988,2008.3395662838082,2548.581576407952,7098.13182290226,7869.956299875963,5947.56758538567,12899.67550611866,2184.0724636489485
14527.352602229275,18366.07369421559,8580.113621993214,3986.9345660152508,2071.8455172084937,2595.78055346035,6694.765524000237,7553.835778008934,5973.670952324151,12260.291964812688,2216.040286445263
15026.785196597311,17217.264124349564,9067.175890039769,4095.6745807110833,2231.895650398329,2768.360689111712,6342.66709728399,7380.773991943185,6354.932503352345,11892.96510841238,2313.0173837396364
15755.552418665811,16947.57556767881,10335.154504516104,4487.679365834329,2461.4879888928413,2960.2256961984035,6228.351628775442,7704.552776289226,7093.875642795032,12160.576263672612,2433.3404767675247
17397.062698594174,17739.090703377045,11713.427119570359,5017.364625172755,2710.8116953883127,3263.352283379565,6380.637073305924,8462.450772381271,7787.270237809781,13230.522898642503,2561.1945208870043
19494.285549911,20047.414278527096,13103.34810315553,5543.339831101162,2990.528352351902,3579.9753964492347,6834.438362009269,9340.95989404542,8443.452748346537,14980.808810681141,2783.2968104113315
21056.84266980517,23547.75646414703,13307.534114961294,5731.871075953361,2994.8196927954614,3640.3800699972976,7499.12037661276,10323.89721510155,8640.173701191276,16715.20118016467,2796.032397389341
22210.182791436317,27096.590932167892,12889.611486413483,5649.095660199894,2897.1268566201124,3584.3439437484994,8510.002221367107,11095.115007334964,8529.143751150566,18157.91617866792,2746.1757526724823
23567.993612770362,28143.949297094277,12762.29907715349,5516.079594258387,2859.910501587117,3615.1371393959807,9029.099330671317,11296.225708466667,8476.361497329975,18306.844300655634,2729.3585491374397
25225.369009626127,27774.288102854396,12875.371821384942,5540.073828471384,2841.9442187993654,3738.173441327862,9344.162300454505,10981.942674848387,8698.552959290862,17774.8126141423,2689.9191947792724
26858.416731241414,27780.094464501784,13199.656843622253,5666.046886766163,2883.589345502785,3892.3769614978164,9705.55511329676,10667.432349464394,9011.620981550366,17195.66854418431,2747.5982237192643
28493.59541114095,28492.095355203823,13394.979817355736,5779.745407731028,2935.0549272199087,3987.5021745951867,10299.127488682852,10806.881715105332,9269.30130212318,17322.162852516427,2815.2235408638007
30607.708372838155,29738.034386787214,14268.669113857159,5946.651625446087,3070.962487689574,4181.67988568159,10999.870383475167,11018.757189895927,9721.334761167938,17658.664297694508,2942.0
32207.2471737356,30817.92148538446,15116.109050355577,6225.999548411129,3182.335855918534,4362.184678714089,11529.459999945291,11104.879561954835,10155.120036890756,17714.158464860797,3079.13521501526
32927.92690516436,32844.45988652647,15978.945605629144,6495.236624982565,3343.558135320714,4472.508886122414,12300.52963428127,11371.058540932634,10602.110831772114,18331.725177298507,3129.0993556695653
33070.56994460228,34447.37366503617,16730.743076877825,6817.286760679964,3510.538172006972,4611.191739123228,12871.046535356725,11742.689075061293,10951.51296871198,19018.746433661512,3247.5312771241497
31998.978259358206,36468.489497943265,16792.49150221996,6934.364278758124,3548.0687305584497,4514.800001668442,13255.079390301273,12171.024734188662,10899.282788997469,19981.49068587774,3244.042638279635
29190.489039920954,37922.4322263731,15906.92482251565,6795.789219666448,3329.5930028908424,4190.982851369331,13463.362004676435,12852.507099221408,10312.968063764667,21068.066545108784,3135.261871901773
26167.459846826227,38126.464913629694,14606.057672901352,6436.427649969601,3045.647907348139,3816.9547161837518,13263.553370214808,12837.957631250318,9381.546170258569,21286.64671064118,2937.2792058242553
23690.342783795084,35810.16670664571,13167.098571588851,5884.193218845002,2789.9640209526237,3458.5623629342226,12313.056775211897,12061.339785457987,8485.926070614203,20213.62042404944,2668.0335070527876
21315.3644173298,32485.386854778742,11895.298212766647,5341.530292997746,2527.683407128658,3178.0653631204164,11072.705835046447,11054.239734690796,7730.048281743197,18573.832593931736,2565.098619138012
18813.82482975833,29133.7273815366,10498.139189433286,4815.038853632467,2277.191453303756,2885.3032186905775,10117.893497776246,10111.238804835286,6899.735143195729,16889.03331799483,2420.0374687468407
17250.50741871495,25639.114643742098,9613.790086281615,4440.5942612896315,2152.871183264461,2728.100929472056,9063.237756421859,9160.878559354653,6464.847750337955,15234.283739573779,2316.004329003923
16104.118798603118,22295.225442532043,8996.957678634166,4178.470877234625,2042.3039383652572,2633.7689174701995,7889.215701094766,8350.261231506489,6149.128423343268,13788.855857987928,2216.040286445263
15205.715370902193,20089.60944781856,8537.365875675468,4033.1501336170963,1982.7297662019082,2590.7821107815116,7272.058228358444,7809.780446016611,5976.867149055679,12775.936412897172,2168.0411710499125
14999.151118874763,18383.984197113663,8500.1946892965,3967.317379787972,2003.520992397145,2619.889664177173,6708.394922316074,7487.677232733796,5946.167832460765,12145.40924354617,2178.040983568251
15552.730031509362,17249.09911326919,9064.406908784737,4081.0322221909773,2175.7523534655265,2792.4975248473547,6388.880127053499,7343.07827272857,6330.015703584601,11801.350680719364,2316.004329003923
16447.525046563773,16857.459425467237,10341.423566713367,4464.733958389831,2438.733871881965,3017.181418684049,6272.191816909471,7671.350555534725,7082.523405376156,12091.17728358826,2432.340619943271
18196.38347768968,17681.91338795374,11735.370646416966,4994.793865663674,2701.087495881616,3311.4959222561497,6411.191048190187,8473.685679710032,7825.150287313223,13152.136747455805,2619.773163829325
19858.63621753799,19954.35588697683,13092.63400061912,5499.44811397324,2969.2772771383984,3609.807356296959,6873.416479714565,9424.089686917909,8497.659552473679,14880.913597239374,2769.235206631242
20987.064182627673,23510.152628942098,13202.123697708927,5725.2348536714935,3017.7714151389296,3704.3553371116936,7611.158505585933,10308.927091036694,8550.103004483994,16677.6838518917,2772.032679719198
21850.902068704414,27299.41700977008,12735.023898345002,5655.731170350009,2909.3955787265268,3688.3340680398032,8644.436699238984,11131.344944514727,8397.620930954721,18099.417988250578,2671.235379632217
23095.04054285149,28295.56296817162,12630.689133967222,5538.6817495214,2858.6327320739283,3726.174007202288,9057.383012861681,11222.393039525037,8425.921578034284,18169.167149320732,2686.522112508446
25117.45556431619,28144.56236686413,12684.307525357339,5538.389001893083,2872.608335069675,3842.2138325555093,9290.958629351886,10978.948593173349,8651.933507850494,17618.53522704204,2714.8024135514597
26904.013493024468,28230.257101220577,13110.540434140155,5589.904704654444,2916.8066998992763,3975.433664519941,9743.071980066921,10653.228640292473,9001.259692802118,17082.578219168223,2749.2613276773395
28444.502080081886,29144.8531724525,13243.076762286102,5645.418480388901,2950.027086526244,4076.564471685932,10651.619494360713,10737.548835896285,9129.99827308789,17075.052053845346,2813.223697130217
30558.281097419505,30844.643178293452,14049.570082125538,5827.958181142452,3066.6711870518407,4264.914485525195,11134.455994193246,10836.234832431144,9599.555541319882,17344.807640566174,2919.0
32449.968138249107,31922.144372312738,14923.186081044469,6048.795027175999,3174.3532703802766,4416.888657744998,11535.808532925626,10873.159985776556,10029.773771683243,17406.90224048705,3022.874901564067
33341.93240847909,33939.37845562164,15937.680448336923,6329.632181443949,3345.5531803601607,4503.721171338812,12172.185881912954,11067.798230485958,10393.177502926572,17935.05631435118,3139.9424397978964
33440.11571119796,35662.967519883525,16699.896773374232,6621.497312808893,3522.787926654676,4633.862776560004,12678.179671013435,11402.880138258877,10830.160456251286,18683.981635152246,3251.2755192330374
32195.545752844107,37559.63813774079,16844.70881169466,6666.311236998963,3515.1245739423384,4578.965161978096,13008.993754728232,11873.165525254171,10713.292471786028,19618.761511397835,3231.555400155938
29488.63192224272,38843.3241241011,15976.510456948221,6540.536191139307,3308.9919362969563,4258.862355829757,13167.885836630352,12493.99077238865,10080.731366265512,20817.366833297154,3156.2138026020243
26688.954351597702,38987.78121248703,14613.81976784083,6176.351404858989,3063.930770703288,3865.132898724651,12917.503534623667,12491.997733303018,9147.808805965456,21044.911641451094,2876.1709186763414
23993.253538145025,36649.817533997455,13242.242699474906,5736.316509918873,2790.3408497653486,3518.5163634500627,12200.09287536,11797.28678192899,8285.500900919646,19988.823032868087,2664.0
21170.84821690416,33422.2886961239,11870.361323267154,5262.212649683509,2528.39067394958,3225.2040298508005,10994.590103197925,10873.687574803103,7563.965086655215,18442.764097181265,2539.099641093969
18822.06373003427,29872.991152791616,10570.995712238324,4743.275998037881,2301.412652789393,2916.2887960083713,10087.422819216263,9935.673226913583,6747.520678300506,16828.397228948532,2387.0379906829653
17197.041839568035,26215.433451835437,9696.442067895283,4396.987650671099,2157.622538790707,2722.8548494336574,8895.836982710623,9020.227963113972,6307.522606228982,15188.364677622163,2266.004424778329
15992.445053226687,22727.420089696145,9057.87878193015,4193.503834646764,2060.282475599524,2657.8764946844008,7853.689751535008,8213.617207644946,6034.1698408017055,13697.450097066041,2219.0179291725276
15268.14920466901,20533.160888851766,8585.7397779966,4027.1903339911423,1996.348030567582,2596.57051656804,7189.530616960467,7703.69964376431,5890.7795932227755,12767.048706373651,2153.0734955118614
14920.992299548485,18895.76415574518,8522.172234747859,3965.6595743137937,2053.071355825836,2614.7746917748022,6672.153548916629,7442.483761972338,5958.124717112232,12187.606332572639,2189.018173549963
15262.465409129396,17693.488673936772,8988.271353175749,4071.730517974079,2191.9322779944837,2799.493610696382,6353.322657088314,7361.555126489623,6314.069336519543,11889.220709379888,2263.0177698730463
15946.40757701007,17336.137357083684,10223.077048852076,4449.769895188875,2454.7148723714045,2999.195209539395,6177.462880956834,7676.594130564736,7055.615152120879,12177.302062574116,2424.269358748686
17720.28329193089,18075.760977349375,11571.797309490956,4999.183881051656,2728.043915681947,3308.4983082282215,6398.220320169796,8422.277240434943,7702.543308143324,13186.086514412245,2555.142913450455
19968.905372083173,20342.73090131422,12901.485924588762,5501.443150818543,2978.2599778301214,3603.8104975417014,6802.569176413775,9327.24771637789,8295.591469926769,15043.441807741387,2715.1833140011436
21237.648343298824,23758.91150613221,13036.88492154054,5724.237593576305,2995.8175769798218,3705.4834242333272,7538.315354653672,10231.08398116483,8509.842269370643,16876.172445919055,2761.0584581035564
22534.609448070838,27410.804443151825,12513.580638330146,5627.806389950881,2879.8735732695263,3659.401447441926,8474.847945433097,11072.474880249765,8353.9704930681,18217.7797706047,2700.131578630142
23782.395922736272,28482.090812513692,12450.172708918923,5523.3888161537525,2836.6715964700616,3697.222343545282,9029.099330671317,11189.153062850144,8316.90548147858,18381.6309922746,2690.4390385761317
25618.580699546445,28432.244135180328,12461.590356455716,5475.532242165191,2879.8735732695263,3845.264199873431,9243.454096176749,10892.418364711346,8437.880511475161,17795.769199154234,2672.814614989904
27469.86538966307,28661.578995524625,12862.853607042587,5559.629203226614,2925.363516156376,4005.366131025129,9592.520309334897,10573.764491511323,8711.69193807112,17226.630769099975,2708.606597809839
29158.882528715163,29842.70706000501,12943.113017398311,5634.7729737854,2950.027086526244,4089.56263671989,10307.193946927904,10681.096884968276,8916.961759425796,17289.94050375343,2735.229966707368
31007.082907512908,31403.50139239737,13699.788518708612,5799.034985622087,3095.2171663477698,4281.906570943446,11027.15819546997,10709.896501217667,9305.441620259448,17455.4882613733,2808.0
32654.189564290624,32383.68396848589,14499.167064436402,6019.243256939071,3203.2456929697264,4439.319991277881,11492.572161604585,10683.853506265781,9730.167026309333,17365.375710095956,2937.2792058242553
33308.09459102679,34189.39926490477,15520.649535129067,6316.451471894632,3349.8762981042537,4495.002302067883,12240.579380457704,10850.660634563521,10137.968124665014,17832.000388730325,2996.3818602583665
33119.68913790439,35450.16750876263,16311.90706153814,6518.625539121798,3490.2352932547624,4633.583372929946,12943.002907556296,11131.911960376076,10489.078441244852,18484.382768479612,3127.2661479942053
31733.30014949114,37217.84831542691,16392.56377637748,6595.489603257679,3472.5775356465683,4538.043237219328,13326.392489191678,11572.60413700735,10452.255527878478,19432.734879576947,3163.3773721497405
28858.420435918666,38612.54771631968,15451.147308980393,6447.059650114652,3279.771072785262,4234.904405949041,13373.768549618817,12145.629863716305,9916.622204406925,20425.1329122367,3014.4805488227516
26029.05304211506,38811.81901088858,14242.542199234986,6091.508190090028,3003.4254909666993,3847.1586741690107,13200.284988817672,12116.944778643438,8996.12079282398,20498.268328764232,2806.069161402894
23844.859972781287,36336.4939085191,13251.395280417395,5678.931877558186,2759.4062257942337,3451.4586782552815,12133.373492183788,11421.415875066032,8284.489495906377,19377.809756405848,2755.262015137842
21182.458627894855,33425.95842135187,11930.047714224629,5216.382535456091,2517.7036338302437,3180.0550129389153,11026.467866734045,10887.721617397154,7529.139605935467,18520.27423287255,2639.922139714975
19092.827320780296,30329.223439667163,10758.784006376605,4788.511557354642,2293.167528369643,2911.4253043928043,10153.759018584855,10071.248440686906,6781.364432034141,17068.251999968874,2456.181798708851
17517.40352632516,26594.346156726526,9807.264170753955,4360.100363290624,2131.423490312327,2722.3035964805163,9170.254433255686,9161.706907990885,6280.1963017114795,15529.373041981102,2341.855001342882
16320.932496708023,23408.877326503523,9189.537454307034,4084.7371078690153,1983.5371718723131,2593.251472239669,8036.86755418784,8319.479080163137,5884.064080591053,14133.094314927146,2278.257345293468
15519.664219810342,20902.93662497048,8716.66335205682,3905.1406586735266,1956.5595681101015,2568.987599419024,7301.2671961202595,7697.576565393821,5679.928147013725,13035.826086922809,2206.5603468237514
14764.093087415451,19032.617286360994,8387.218155891325,3804.7265617921585,1893.2485698238918,2527.8374303924847,6742.6540203388695,7343.790638987443,5547.392438726647,12340.86109825068,2173.569708368897
14556.913181864127,17869.99289502,8369.026717188377,3760.1790086586575,1946.0531676716512,2568.806570454047,6388.242925621643,7117.739728130082,5590.85107642508,11925.94908160476,2194.7363400129657
14344.44939768285,16960.892758458405,8661.322937091089,3874.553848503387,2011.0176265153602,2623.130396922386,6147.219737974306,7130.783513458464,5742.117934604714,11762.438387343775,2167.4001467715207
15185.682658459104,16820.2430820834,9147.455366179538,4036.9837810441536,2195.5531546589073,2767.235379639411,6023.268284161158,7245.95606658593,6082.345141659,11907.340955647482,2150.0185013796795
16574.561984446696,17445.561453829254,9894.650416800141,4345.8353275521995,2334.199891311201,2860.866022413632,5989.45711042851,7618.39615162292,6631.057109386573,12661.782306378162,2322.0
18403.26903869928,18878.694990097254,10353.545987648851,4597.1166783818735,2441.7302892451435,3029.629611330481,6317.466326722086,8191.599329491156,6911.548742310089,13579.198344056125,2481.8176749280974
20811.61298074853,20673.43531215981,10943.082917031374,4796.238333208793,2521.0940270886367,3232.5910682879517,6898.292044218108,8703.028163739278,7261.2713107930185,14647.313150728229,2528.3274028551486
23123.62474818027,22375.518732232053,11394.564344242905,4941.190908944638,2527.8533550833954,3423.3468025117636,7511.05787888415,9068.025816138113,7535.931400432978,15314.091665798924,2654.656047596825
25503.30740510455,24297.94104450659,11986.196415512262,5092.476100867209,2646.653813261746,3646.218918269383,8178.018435687773,9331.689358642565,7927.041026749964,15827.476207830023,2731.8519363708688
27618.69123930492,25910.9069964349,12452.904749642144,5238.486003333164,2762.5258386370965,3866.0411310836266,8850.333790576815,9482.059659586423,8320.312478257982,16102.490062858378,2779.8367293516476
29368.082317019227,28301.86746494215,12771.43177273238,5411.15343344345,2837.669815766966,3996.0024987505467,9726.02270516411,9757.04852402071,8610.505778833232,16440.922608877307,2811.826889392501
30893.889770935886,30530.016869539366,13404.337628221661,5539.871276082468,2986.1924008296796,4133.03893889615,10522.129305450173,9941.164825915399,9228.474317301747,16716.454735814303,2841.0554947800338
32369.66704741932,32347.960910582195,14094.579597918993,5734.531564677237,3054.9880191800157,4251.0693363658365,11049.600179716435,10137.018903284985,9767.473963564236,16925.277405841294,2930.9901851471864
32649.991822228618,34097.83401476458,14662.878041103448,5880.601571470375,3171.486174212513,4371.784761517293,11407.275520974248,10437.899999450465,9915.170787725481,17294.129320200504,2898.7881215396196
32102.181045607675,35087.537541067286,14832.906015184853,5979.684762297728,3199.0173434171115,4419.98203115294,12023.122680156579,10724.37235211503,10073.82613213703,17859.045673281187,2973.5627208248966
30581.202907626273,36049.8814034381,14961.76903207248,6015.962592819882,3216.961429062034,4314.60552044822,12149.742470366305,11024.845543406438,10038.955499637605,18420.640200082365,2949.028933028896
28004.56798688313,35975.53873580211,14342.31860472332,5935.438403342047,3086.256867314299,4041.264214100915,12054.596445943058,11387.676197421142,9385.00753179135,18961.623017016642,2895.8444280935646
25731.365487568808,35915.165563561655,13857.040062820908,5741.519988697476,2868.425066457147,3758.0869321944406,11818.643792089113,11320.946942672175,8785.766513701545,19161.344897915493,2822.9803151397678
23886.97540796358,34100.951423316066,12949.18196439154,5435.793111848346,2675.2806152280355,3400.219861584788,11091.886923016911,10895.973373495353,8221.346125872185,18548.261367319417,2740.4470919630426
21943.613112969633,31953.308772842618,12067.776556132194,5063.918379733322,2515.415282913463,3159.9453567585056,10559.933854352268,10296.644227084602,7649.4595239985165,17662.930376760956,2617.9576724112353
19671.166830637947,29599.02874354008,10723.319180340746,4684.275386257306,2279.1884429419556,2888.5113590170567,9750.988067157308,9649.345202400109,6886.717409843908,16538.146511944175,2474.404007354635
17850.131932082248,26770.94396845399,9809.257773060863,4285.9588712649675,2100.4616993912823,2692.3070490163927,9020.020884903583,8966.812462207128,6405.436121513792,15360.954217144548,2341.855001342882
16604.537594792462,23466.15672123898,9118.384964971467,4039.8694089348883,1980.7316150623346,2576.321171635371,7936.804147087451,8256.787800732915,6079.415318478983,14011.612870680163,2297.2375185782803
15796.37792514276,20870.37016939618,8733.282960017566,3854.6183769413733,1940.573150579839,2546.0065509375213,7189.530616960467,7692.634357087891,5907.54709803131,12909.127498676939,2262.476111106398
14960.598286148765,19049.23627809467,8321.36737404605,3741.5527751269574,1885.0888562591656,2508.0386665842966,6686.450531595964,7260.0092693555025,5799.131643512923,12190.572523785393,2198.13032647653
14419.59321906504,17791.541305639003,8289.89014832893,3683.366566815255,1911.9219628243995,2525.024172884714,6324.759144579112,7071.165383349881,5814.2457932101415,11774.720911461374,2187.3867105477375
14166.912073269958,16811.899920936183,8448.163293663727,3741.2245034929097,1964.201243211889,2571.175962940929,6044.135877973397,6989.400658478489,5908.305655906253,11594.270437885909,2187.742205542128
14802.335212704233,16517.41419475499,8901.314683856373,3902.246424714628,2153.58506638376,2705.2408720773296,5982.05469588336,7053.341754069237,6211.129081268172,11738.508990154203,2153.018475742685
16084.809797007641,16966.12610469008,9694.7096044843,4197.138267571196,2290.2447825074773,2822.877299952684,5845.592056204702,7400.2376971813155,6725.399013176706,12362.909627813764,2271.0
17931.72942527721,18250.799924554394,10229.206227844323,4485.365422071577,2403.5519178003397,2987.55138163819,6179.845155681562,7942.750446325884,7116.394630831407,13271.22359109566,2403.105351641993
20316.218854250812,19957.45771731939,10933.105999375624,4691.48950677826,2469.697298603319,3195.440768363364,6749.000384103748,8512.268959605832,7517.174169944729,14331.05132463987,2556.323738921724
22485.564040262692,21758.474232245724,11428.493301838747,4857.069585809059,2516.1006064755934,3343.3549409434836,7436.911073867184,8906.2816352814,7828.305833834841,14991.270415922318,2633.7689174701995
24504.594474346377,23888.02825498223,12125.590379106441,4990.421032574764,2606.975681270739,3573.2233243724445,8141.775819577461,9235.583592278042,8418.559913645993,15568.929911295096,2693.646263572017
26124.418577146247,26013.31265445039,12953.98046319282,5098.473514064065,2701.087495881616,3784.042016783513,8729.659555333512,9431.705593587398,8664.713962281126,15845.339677428496,2740.9682123545936
27734.375656773536,28801.432083819825,13504.39583861813,5193.343913600358,2753.2685624622522,3903.002558198945,9288.411752641767,9700.774436034104,8781.010175469863,16280.659129937121,2812.8265856215517
29506.499833377504,31122.327347683968,14397.222198131773,5249.810663905068,2902.357410265908,4034.022410352318,9900.343873985172,9905.137056723368,9028.561404806911,16561.180682386756,2951.420232850047
31278.34953408717,32669.056380882845,15145.891105774801,5389.977611751187,3012.752676469061,4189.9830307115835,10449.743030302614,10084.353514935494,9342.336265951724,16806.937519952877,3034.0417708226064
32184.598772571295,34463.283396965075,15577.984275503564,5499.384152016601,3156.153783277099,4330.575050686423,10992.176961684514,10366.749147043121,9620.339333948865,17290.757612318692,3010.1834098501477
31627.95981436116,35734.14464541081,15819.098809205956,5687.492880090619,3250.2303954883055,4369.5017934744865,11788.777533673418,10706.671292405283,9949.960582139673,17881.576928213723,3066.9535108845357
30439.53363040162,36910.83221503022,15918.204013609058,5809.674206380254,3235.539947503199,4261.708225815421,12119.432570169178,11139.456757340015,9936.512419732293,18646.22410806554,3050.410373625897
27801.29614741296,36960.221508653754,15274.870735717563,5780.558786075211,3117.528041791825,4022.012019768753,12034.24021054673,11611.63140520477,9509.836115162227,19408.05375277755,2977.975929331546
25227.43808273297,36797.829491261116,14557.304511905668,5598.01080626161,2889.0530459939832,3718.881004150277,11778.810766287981,11607.807978516352,9032.92359399067,19617.92185187173,2895.5688072867215
23038.995983135424,34789.51386640159,13188.373921455492,5281.143444476627,2676.589410214685,3368.105850591556,10981.060218281738,11087.066687279947,8405.827361195321,18929.15731730638,2571.0616569593712
20652.869283301516,32218.078104537366,12393.721877412789,4882.765128967686,2470.5026398745595,3188.892810561608,10327.929129965114,10115.169855974711,7858.302478819312,17444.477717846104,2504.1010507237957
18294.584632173275,29472.765502038215,10767.375906119956,4452.704834032642,2239.5146537242144,2896.1625163065887,9618.257960407165,9362.05846901345,7009.476653976091,16117.157599547221,2371.016956331344
16921.783414135873,26579.89918173624,9803.333526868299,4168.580279825284,2096.704314623837,2722.9748487539077,8827.286382860917,8720.31616900559,6550.141838032323,14921.105082962551,2241.0044742724835
15738.747167148307,22491.730989387073,9227.605542914931,3977.0602032198785,2004.1252800180578,2656.6555386510836,7867.019204654006,8059.986142759551,6194.241150397243,13411.141091814767,2189.018173549963
15082.958456304084,20282.12289566692,8805.147433912467,3849.6321452734146,1950.5646339629318,2615.5662540534663,7250.76222162022,7570.374618024489,5938.272089355813,12544.907323685073,2149.0736307999655
14849.508265271526,18655.363544653545,8750.776262858322,3794.0913151636028,1987.3544493087186,2630.6622171655317,6840.7460154806395,7258.254091257469,5977.277500195198,11922.511056320858,2153.0734955118614
15283.743395951493,17431.02200006122,9184.48867632208,3892.8377020863813,2184.9388338348745,2824.479797066781,6519.216374581415,7174.57299663809,6414.8975550413725,11745.18123649191,2272.0044130622355
16123.289999414945,17003.46998698606,10489.715729635756,4335.054481863565,2447.50312497996,3040.345498913866,6461.031576645539,7572.010099276679,7123.563094180811,12168.816148349233,2433.3404767675247
17772.1269640576,17898.243936696108,11851.423871979827,4928.936937973028,2733.7772393345094,3332.479347205895,6602.020932144761,8381.318688865329,7805.589301371082,13260.480376670437,2550.143197684028
19645.303762062216,20291.291731893092,13080.179154744863,5449.909385704647,2983.54245251785,3641.9402449596464,7196.193536481464,9379.897368119198,8443.857416881488,15167.467684860181,2767.958425457971
20985.318973616424,23908.276673465956,13313.234941642855,5656.781111940162,3020.7651770351886,3717.4784492857384,8035.787250497685,10327.596676729316,8567.038304150936,16916.922132150637,2765.032762994684
21821.98097139117,27593.66100850785,12761.274146611848,5566.626289757451,2920.672666366241,3687.398338063012,9040.339995957296,11090.125879837553,8351.977708666103,18361.525179606873,2674.1804117700767
22577.360108484983,28679.280103617468,12556.542864186229,5424.974805891895,2828.68589112974,3684.223139812068,9389.582228664978,11210.105697787018,8201.734636149868,18406.297789218286,2652.528629204554
23813.01127433615,28549.29860825576,12633.683553628453,5344.883206990981,2813.712930744595,3789.1710768619027,9869.821004581694,10836.936862531302,8156.354198629341,17720.624296786096,2646.717939219172
24740.6409188791,28480.35014780075,12848.586453999595,5360.80322114649,2864.6222446581064,3877.3175006499728,9808.769575294076,10546.349999023383,8221.28393599585,17205.65634279967,2698.5198506920797
26125.976642247948,29068.710338505225,12927.529429401153,5376.443249197221,2904.1134530714135,3953.5065875481696,10038.540863749855,10620.20303707503,8302.782892539624,17231.613009882716,2697.233150190347
28261.32772511193,30216.633082325414,13796.527078387542,5504.76775771721,3048.707598456327,4111.709624431235,10526.367852886711,10702.813183102799,8525.157968816922,17363.687535733297,2798.003566333582
29944.23622627345,31042.136931094716,14541.327201101869,5703.295376180639,3128.7731797129572,4290.043273995088,10867.911183197026,10712.098822116335,8795.411474956021,17398.919744775678,2943.059274267043
30929.813116007765,32811.56987678312,15513.97047404215,5968.143369664977,3320.6514743500147,4363.4201356824415,11358.270979418776,10933.746476585835,9239.198272960553,17849.609664020572,3015.00759863201
31305.803768671765,34121.511455933716,16288.64967651274,6302.7891186786355,3498.9445473970645,4520.231036590075,11841.924510028335,11283.537354862532,9726.172929752389,18475.156910500184,3194.938874620326
30447.68634364394,35938.859652049294,16497.694007972463,6465.282439290651,3515.162754731253,4416.864046959463,12377.411998287558,11829.293646271008,9798.772957093397,19558.203379336624,3183.1256856738296
32362.879120136706,38264.63600445051,19612.505503060536,7008.23295716284,3603.624144232304,5179.128990689146,14644.757865380116,12760.315725407321,11112.6270898251,21407.558748157884,3394.4104057496784
29163.29773166425,38040.61569155667,18516.509285097065,6826.932215246918,3404.416351682627,4712.95764540821,14308.001374201362,12679.580779124286,10571.57044439815,21237.964669493747,3253.698733776483
26346.254275558404,36593.1439014956,16633.194859378815,6534.895236529244,3138.464911729264,4219.935756587832,13810.841988961405,12272.610203779996,9643.698760964753,20468.605316398414,3067.33255553452
23359.419599537287,34585.76895213286,14808.504334779167,6044.101006662988,2877.0779262770534,3838.4300888073094,13060.457590070757,11616.678918899128,8683.938541690062,19600.635276442503,2892.353105152583
20193.4516612432,31224.05793720551,13110.237230770459,5540.013626601334,2589.159516430899,3491.7540417468917,11851.53455606189,10795.751576200744,7765.1725499380755,18218.719014377035,2730.133629958993
18569.214888577317,27653.74971778561,12002.840471757956,5130.059098570254,2457.828760171336,3239.381340295956,10749.415679615391,9706.174318942687,7271.436125777213,16525.60760911913,2664.136985945322
17146.267847916813,24405.663661904073,11163.180154231972,4864.767955201429,2337.8931732075034,3063.2122712285864,9704.980612282483,9147.721429558453,6878.307602570461,15058.144548937384,2555.015729448542
16201.155814170292,21990.50251307919,10487.021432673437,4664.672797659064,2289.1734759134056,2963.122992567645,8919.442795712415,8545.511299157295,6578.128077586958,13985.86068145218,2489.036422474208
15523.80330326726,20317.305044858942,10214.903950347376,4553.014496203837,2296.163082320084,2970.2190272447656,8359.000037400003,8132.481073113838,6490.424621384608,13358.881465766528,2475.0652793910026
15175.022197299251,19153.55893946604,10472.303697980817,4633.439975901866,2413.496609134231,3065.3327768668814,7870.801378009581,8014.603006394398,6760.281506746783,12959.91659869946,2502.145984970609
15970.68184996576,18624.350188567063,11606.762139890798,4912.063058506437,2631.204981346477,3372.781431515835,7662.9902503421445,8191.357618623538,7389.428845123443,13131.170488773392,2663.2447407327118
18191.54394306619,19157.64510917201,13289.44474413784,5445.607316147758,2950.6099052147874,3818.704351223215,7677.283619853635,8699.874359150486,8208.369496938703,13765.998132556215,2715.4350918696728
21192.977395666512,21698.237413742198,15302.038760657673,6069.749879039818,3256.4443143093204,4303.82148056564,8037.211024406059,9689.191405930498,9266.387029704854,15286.057881258748,2921.121744760602
23095.545795746406,26099.87495841967,15848.788412953376,6407.27571676388,3295.706787113806,4546.505680834404,9185.475762284153,10926.80300678877,9636.677439491052,17421.120157973124,2993.265834084027
24412.621342021543,30199.1847228233,15817.42241796455,6437.044444243994,3221.8752729693124,4623.077938138434,10619.821058118589,11780.920480438312,9677.433890959168,19020.04521095068,2926.187867362369
25547.42140198426,31558.752925258083,15654.006669831197,6415.184140262268,3191.3163783993887,4707.555190772503,11377.555740541855,11935.204013795907,9852.846623563542,19240.793261109386,2904.379149461364
26376.534739975734,31591.90816153692,15980.770073058593,6448.627884580406,3192.624861169012,4857.682244016088,11779.364121399292,11854.434158270846,10035.348023040426,18991.384920369845,2894.929546153866
27839.558509251252,31611.970411793027,16355.44292668423,6571.699798995269,3224.245973874168,5002.904421515811,11937.198820519054,11818.518942885592,10267.796539443629,18800.202670604147,2934.891894903308
29391.17938431103,32367.72497097313,16816.24677766779,6660.322956730202,3277.3920074595517,5129.359595364136,12598.891014464576,11775.299123915669,10505.603898684494,18689.147591802663,2930.532195049176
31111.904340904635,33465.92138712732,17896.861649040122,6820.109789204868,3373.814779797625,5378.974890341634,13103.98717946489,11830.534580196705,11004.85483476482,18777.928638017696,3056.8005115448686
33157.260363296205,34310.46796468929,18867.63481657379,7118.769749602316,3513.4674235891125,5508.038849464715,13531.207384426236,11770.988787974009,11453.117694905719,18584.408866334692,3205.5147690183703
34606.57728721136,36571.32615022389,20422.81698868919,7477.266995912996,3649.4901895061716,5708.437897562399,14278.175441411498,11791.163101064223,12052.11588979176,18765.693043635234,3405.24171802089
35727.47653707581,37272.87453904272,21486.901065596536,7882.457922437018,3762.8781845256963,5817.157446103864,14868.722789200803,12065.400423290894,12544.507704919935,19304.957550382012,3590.532855244281
34814.113609374406,40283.4600470679,21150.531146538517,8051.313106302391,3713.025358038743,5679.317001020352,15759.628228860805,12562.613716056585,12449.38900046774,20325.77464077758,3585.466910761095
32853.41498828351,42262.64915872883,20135.967013657366,7898.815679702303,3609.345973431521,5404.528142258128,16448.454677931793,13107.710977585019,12013.743880251328,21376.271661475243,3536.329094307806
29904.836410182037,41564.35876680191,19334.0120779943,7602.728264789264,3397.0921942069067,4940.143653911261,16031.06025458536,13015.010356185543,11354.804252617336,21281.408735572324,3408.61819215863
26641.16169143681,39723.56190617113,17730.8530616735,7169.996502382085,3145.3924944125733,4410.428773175805,15453.684989412126,12566.922408939756,10346.322549640825,20554.47501854838,3184.258784876365
23522.883698103862,37442.65499240361,15936.687125163484,6539.240607661061,2874.086062797535,3997.4952982949803,14627.830985488754,11932.55088651869,9310.494024246056,19733.320185645942,3051.101271176498
20695.90290470278,33672.58778036316,14020.93159297202,5944.67743452122,2590.157344462516,3648.9152424774516,13307.035411771656,11045.778535590887,8313.04494595683,18424.892608507438,2827.128985729227
18467.274929227828,29733.669734447885,12779.852021048033,5414.674410390168,2433.8806945863785,3387.682431556149,12092.807230178023,9953.206828393422,7689.509875553827,16798.58429930789,2709.1837264032724
17044.48684290574,26050.990118111447,11794.11942715579,5031.648648448176,2321.2111033966044,3240.454542208415,10188.454850700666,9308.68673251265,7138.68434114691,15197.45828869566,2589.035005810508
16030.926561688751,23401.57786597383,11055.47203782391,4782.029804727989,2256.04677315313,3093.3997330840175,9548.960858280336,8673.1273747361,6794.79314962691,14081.964887556054,2501.0362464496184
15342.596887059466,21558.29774654691,10827.527541362844,4663.3810350586655,2239.249749870612,3121.39606945668,8645.326080973986,8207.167166922492,6665.399197067257,13420.11676560632,2515.064231149786
15143.472593678413,20265.6448469022,10919.693300142133,4698.604615956846,2374.558500376499,3213.4584493916304,8059.669539187523,8074.523445361077,6879.83328285996,13081.242550787643,2548.099284951666
16212.070695177423,19765.112237198027,11910.626721407252,4980.520337693074,2594.4792731870843,3504.95405028757,7802.633170324737,8260.994289611035,7608.033414420226,13189.581347658559,2691.3800808854735
18499.594516009223,20242.889472353054,13447.718215363602,5531.213539069576,2934.643203997947,3972.9138404836262,7822.58772167366,8777.251984999102,8488.93433012712,13756.258468481048,2744.3971014944464
21765.926396520917,22677.821548919608,15687.184713463175,6216.04435373888,3255.446823580278,4540.172538090971,8149.2801016807725,9783.786616212472,9615.62271377016,15334.502111083853,3041.116996852123
23854.619430077048,27073.011081827524,16496.292011300928,6633.708364000101,3287.0431305812863,4778.682795313847,9277.581123224925,11114.69299632765,10266.144040981091,17614.262172680847,3020.0361195870823
25306.109639993298,31462.76501893223,16593.76881346032,6698.851227278795,3256.11655354223,4888.4288519524,10898.072763927981,11988.729437760005,10499.960826564335,19153.995762987215,3047.522933624989
26865.63379056023,33331.87878010559,16514.350734648146,6741.972052065604,3248.812826547015,5022.90072705106,11871.117763913711,12253.394769253584,10680.264549587191,19402.737056786347,2963.653389346049
28097.103960360364,33717.90753839282,16775.343741408844,6883.750830500035,3318.3510555771268,5231.23030014995,12460.410752959855,12257.773044803036,11072.277565142016,19161.285848421885,3045.6141294900817
29598.73766774484,34119.100144617965,17101.859730679465,7057.997725534112,3370.5442453833907,5385.614178615037,12803.42082129454,12360.172921643662,11439.107563583111,19140.340277200037,3090.4077724512563
31438.966035195797,34939.76856154748,17465.582528851046,7230.991838288379,3438.9836706132273,5473.700653130083,13367.958115887963,12472.913886744182,11599.724257760785,19088.826712318583,3089.4085121107105
33893.62476628528,36136.098894246694,18388.643785555047,7533.600311334456,3601.5759976582126,5654.384054093173,13985.44552850186,12555.415356960853,12131.32193764274,19240.437448444634,3230.079850821133
35521.65749266864,37292.767529366014,19311.369595840115,7857.234754848522,3707.977752168468,5744.372138742011,14610.21562637661,12628.191928109283,12521.089340313898,19152.651139553935,3354.4924206936676
37617.3865915953,39438.44850985682,20636.544573295272,8250.586416779932,3840.117717480665,5890.850885617998,15350.798043879602,12668.951026426272,13141.117297024559,19326.99103763184,3539.3484002170526
38605.36850245112,40195.33616440414,21617.05611956432,8637.564216543957,3974.4427465723224,5994.844317715275,16054.546197741529,13056.558625993091,13601.791013972766,20009.86705150991,3709.481762201578
37872.233650590664,42968.57116171428,21297.673986651113,8775.906886970912,3928.4742749655707,5926.699277111908,16993.78343361871,13574.742320123421,13463.86777737707,21099.786120248773,3710.5509291145645
35885.62368039237,44947.37547136681,20428.482374026305,8593.131768028046,3788.2874493850113,5636.922241408991,17729.65164204156,14045.249649383897,12982.466461386171,22122.225954809637,3679.5341554938873
32285.113495830472,44299.39498416717,19289.012272236618,8197.599666034912,3550.783248727985,5170.72302124473,17309.262294623175,13902.834670289143,12202.697104528816,22034.32210570674,3523.7051083056795
28237.098279565955,42182.29840918167,17467.707573536412,7717.9996267915285,3243.8788455318277,4694.733072283597,16467.485402615832,13397.803940061971,11065.421879326259,21237.671750806196,3259.312596165184
25052.80707074187,39554.58372171746,16075.002298425487,6997.708799906269,2934.6203063942266,4275.05166901702,15558.709809950196,12669.019595009717,9940.561084314475,20415.28285747463,3079.478878812218
22308.61721169423,35333.03159092248,14066.817072321564,6299.761784293741,2622.0461500378483,3830.190907255066,13913.837154386532,11645.942726546506,8768.070708748159,18997.759018244815,2850.1745008839066
20310.673711663796,31123.662778227765,12860.674464597918,5754.481421516696,2441.560791703908,3516.748529865887,12534.898558510631,10322.94161878332,8094.851406892637,17213.869976066988,2723.0592811502784
18252.827374473603,27114.995842296332,11946.404454556558,5355.858815417508,2298.9647461929208,3361.598102595294,11032.818205276411,9732.312487644458,7598.241037142628,15630.676608161,2621.0345754668883
16676.596724011753,24297.613467546103,11197.303899031378,5073.239803969886,2228.5333908735806,3287.447897360521,10020.473813644741,9012.066526077286,7196.739728456549,14508.171879867425,2511.01600639744
16069.757987653074,22286.85752678274,10931.673538191011,4893.101317223648,2211.036708222023,3299.5246775231103,9149.732071485041,8518.647624717012,7003.5921565463905,13732.399846860293,2498.064672510622
16029.530223319925,20741.48396666361,10989.114496878463,4900.791802970069,2314.136665921898,3407.773171332645,8473.281685528525,8293.701666612484,7179.762348404049,13339.389142859613,2509.145571752332
16842.18514672177,20130.853153031738,12063.910354136791,5158.055984452207,2589.278771001092,3655.131843909962,8152.748014124453,8391.056503881653,7846.584722838445,13300.67039996782,2657.3111775560546
19264.408359523313,20567.735279386125,13672.150264595251,5713.695806219993,2907.700301054807,4097.99587640264,8055.995931469542,8859.873400869375,8790.153107041266,13823.410316889487,2739.265750086598
22741.408073056293,22936.60974954942,15402.837516616939,6476.690674125564,3230.179324747125,4610.121896821092,8380.702515031862,9911.105090343342,10035.2923405047,15498.823324238461,2975.162412554664
25584.90382954138,27659.51194317804,15918.23909529776,6919.427805466303,3330.5905016860856,4824.656038692303,9532.940987432145,11317.249414777212,10680.860555222363,17794.16554023386,3054.2606166641235
27218.4248815795,32337.243625884807,15778.86876180545,7123.612669555398,3282.379661596228,4862.326663671015,11332.694629349802,12330.53825712472,10996.551304549046,19639.760890506215,3036.267803174818
28919.283529277072,34452.040342484586,15793.320201537728,7180.115874924628,3275.0713719483847,4906.601578264284,12300.892077793465,12696.9411319752,11114.884850911436,20050.096050788972,3018.4622153370847
30890.210356342857,35116.39424627819,16065.653600526248,7340.853272360449,3399.7878524751713,5037.897975949404,12946.148126717946,12787.095787422215,11410.454659788858,20010.806979062814,3065.5979792547914
32958.54335966436,35652.61409069599,16357.804853019137,7600.964893343781,3484.2240315946246,5102.065876185598,13616.367576300441,12986.640189905282,11809.188022575945,20149.13169502534,3091.5772798932203
35680.706282595034,36684.37453885163,16676.61160714065,7763.490909815934,3552.7032624360695,5137.253494165019,14508.504457067082,13155.887251019703,11992.484424342903,20247.889909953483,3091.2423088482074
37922.62146584233,38123.350716338864,17715.66102007817,8101.077339481427,3701.654296672913,5285.885018364058,15358.774552778292,13320.217366904128,12460.320050605382,20539.836113505993,3186.4591174835878
40014.172847720234,39311.27519939783,18597.365407587364,8389.095624294518,3813.732452835122,5320.686350527056,15932.064893833514,13473.74093703014,12832.781359131146,20804.478919031408,3282.5822884616346
41403.86246930324,41425.41060597847,19671.748285679863,8717.045369792753,3955.7568799001338,5416.305864138433,16871.567337685396,13588.354813496147,13291.227849525285,21104.837204951174,3473.2929961097825
42661.20265036692,42110.695733958324,20479.15057209544,9101.433173955147,4083.1046527829662,5488.870036648898,17410.430040145264,13983.939049267827,13716.595568484989,21857.840130486788,3656.590577972944
41426.42236752472,44976.59849166491,20023.821584949867,9245.986232293462,4024.9142367063764,5453.135422065337,18110.064261265325,14437.220293462797,13578.266267485262,22823.153890880618,3672.9713436082843
39581.93916611303,46860.16487854272,19131.34053737521,9008.448143980831,3884.354417629307,5158.734667533952,18510.70235809836,14888.357636653016,13060.57407792264,23761.961439700324,3561.145944043691
36260.556074924076,46013.12900509006,18224.374311514355,8625.803472438369,3673.7788424689356,4696.233926620137,18182.280678327388,14647.843306977684,12320.059467986619,23524.39922686266,3416.9141863579625
32286.755139900124,43775.06280271512,17046.968399913436,8110.646944144918,3395.7922638355863,4403.4610276899275,17416.035642501836,14064.561813660004,11229.55250900088,22631.440876334414,3436.3661330101527
28823.50995637293,40870.06966059435,15252.675475694912,7443.636338863359,3064.602806932801,4044.4921401509305,16416.15070077796,13665.132087950287,10272.769715798391,22280.22507486923,3263.5074082145943
25589.21703197121,36663.16109041712,13394.988006176725,6721.03622745698,2749.427657572872,3665.500251938333,14928.273695830789,12600.897182395374,9138.19936771132,20712.885666935723,2981.861304869548
22949.558928539314,32325.52922016848,12096.314268408181,6105.262439825086,2541.6553802209664,3423.769453130961,13241.123550748041,11103.587904897051,8363.13109141744,18791.765437251554,2851.618895065102
21303.539296761646,28428.82902721332,11361.329398304026,5724.231011903317,2411.0409503692727,3237.6216240981403,11764.844070865858,10471.440436888324,7818.345034595038,16972.998331916944,2732.3794060687333
20418.699119344918,25298.360770845906,10679.060054445248,5442.930572026596,2305.4062749927207,3137.326231017404,11115.318763078336,9600.042656303789,7434.755680108458,15604.820809102986,2695.717232860161
19486.223256363573,23042.520692057882,10087.683620594522,5205.203498122101,2254.9731513871448,3026.8737071944925,10254.236960892656,8869.321965982821,7191.1809850902955,14609.285921548817,2628.9398051392936
18658.57685597305,21381.689621097106,9825.536994507394,5000.478908228746,2208.7932178717783,3008.8791076961465,9079.096041743296,8515.17172882599,7026.320602001677,13980.109201668221,2565.1738146518824
18269.961116772563,20098.456546532536,10107.289375339373,4995.191872427532,2346.3978767229255,3227.032453804008,9019.312116125811,8250.833811309201,7187.136478150602,13488.632814348202,2573.787452472256
19175.972103257056,19574.69836581628,10885.291115654583,5244.6384983982725,2556.048741719461,3434.974128941456,8288.410918009131,8276.470605222226,7697.920081042017,13355.295264880848,2615.0038153373794
21355.642885727953,20744.45033578397,11821.925971720602,5711.553735508486,2708.8654066896906,3674.0686058630754,8190.719044064206,8822.077073042252,8502.760901278536,14126.331678643972,2779.05807616394
24737.09222419137,22454.61531634655,12775.123619271977,6107.807293523751,2907.775552056186,3995.162148134936,8856.994599015883,9375.26092129853,9378.112659447128,14902.910897219077,3047.6614843891653
28258.94570985883,25058.092432158945,13761.277806098058,6583.813491825721,3036.340564046359,4331.283703631422,9801.27097702026,9874.684995881797,10174.339105823912,15850.550931635024,3313.5219764562985
32130.741928419768,28116.86044470459,14507.944992996037,6951.555011024495,3182.1677490783454,4600.373726899688,11109.615517303419,10464.570461459183,10717.412699470928,16837.421067234398,3462.887593912877
34967.32950728362,31228.448717387764,15384.771911001724,7317.549794683299,3330.030075628032,4901.836637769599,12409.712398952424,11198.482065774882,11522.146016980396,17890.55777279456,3556.8354869360783
38026.893735061014,33767.72381309426,15982.736166737332,7675.314226927648,3455.611653744335,5136.154064072994,13709.959648003078,11799.911186355712,11945.85432022341,18728.3784528936,3660.0851786593794
39541.86517954855,36939.74268174219,16050.69823312804,7967.557050100652,3563.049436389382,5239.436150024961,15158.983532558002,12305.312995117607,12255.945375834179,19311.34133712761,3658.9559953468424
40822.93904287867,39113.01257494618,16236.540641656222,8221.906724481258,3685.7436556703005,5315.7529893688015,16266.720938671451,12628.128849716788,12571.687688335012,19809.621456226738,3653.641923118532
41612.40401843444,40534.359589666645,16690.96812593611,8481.648065102103,3713.3099022104434,5360.626073573083,16780.091126570744,12941.111368085594,12967.354726889505,20189.088156202513,3704.1086275214543
42095.40670711192,42053.15861443857,17287.221575209987,8647.320112371506,3764.2367255301256,5365.712787404348,17182.246205732303,13390.011133758071,13331.694882589754,20844.822948379,3735.4078850791398
41922.217210178496,43135.0859248689,17744.407334672484,8683.850249998111,3806.4757348617427,5309.537925516082,17607.997078732427,13739.870392037095,13123.406096456549,21406.980059467667,3554.88583347482
40623.78499265557,44275.77952287057,17734.767636040528,8703.380294879194,3715.0193869599298,5181.2214585343445,18051.295652308152,14039.152581874758,12928.760031694008,22150.564449827663,3546.5976293175804
39051.39409789288,44553.9236705069,17358.49253158702,8498.524380146802,3595.3907058037657,4916.879168259661,18026.825355157587,14175.79255962112,12554.29155089245,22580.432301523884,3451.753020850515
35658.069082889124,43617.05795345101,16893.000023331584,8227.130736140762,3476.9162232772537,4592.359056280097,17653.09757843101,13900.169328001548,11933.67348087404,22301.84918104883,3354.036190968763
32594.180148791937,42112.66618630181,15872.31091082711,7856.948549931141,3264.7591939237323,4268.385959182263,17145.8650842152,13467.914878073792,11024.663910930632,21679.12859878705,3266.759025803896
29429.570196452896,39985.47335076004,14646.00888346664,7277.333614468714,3000.1165073409106,3955.5510161374677,16234.9670021926,13009.574139882829,10049.495792070846,21234.04996719513,3113.4719219366675
26954.641812452544,36812.821263699036,12944.580025900443,6609.988588499686,2731.1628245879956,3602.395186914491,14304.339837431286,12203.263250632124,9012.409567741206,20088.286255963612,2966.6951737943273
24837.860131152127,33200.71594329371,11739.292056759145,6042.413961152756,2540.0890114789986,3371.781670115236,13232.7500546885,11010.365426289663,8420.206944205438,18523.548237957893,2755.518559505537
22794.206143353927,28747.599130180966,10961.680234070047,5654.074853060837,2383.544024121093,3205.6279975605216,11982.014287433462,10428.584750661337,7954.360985704574,16845.651534842098,2688.4029935651024
20976.235309014173,25703.980701535747,10297.67632275091,5346.513508968945,2290.9230957281434,3093.3458647901903,11127.669861468872,9684.282172114428,7700.123605926737,15524.459930394694,2634.935151823296
19725.84914815948,23390.308424613882,9735.215213521673,5108.4734099403495,2193.5765574554866,3001.1203104113406,9502.026062451067,8934.842690653015,7567.256232357035,14509.577629833215,2575.981902415233
18840.673751258262,21731.132838295707,9515.26887389736,4926.634027610438,2203.8000065104548,2964.892594291577,9049.830815363815,8577.688775771192,7399.7678102135815,13929.898321349972,2526.4972579670325
18736.551181675557,20337.11189333994,9719.452526854879,4878.131750379847,2273.4799326826987,3163.075651512253,8789.153987476253,8273.110974171212,7547.020259542485,13414.487548173887,2534.050449428902
19743.79586721094,19565.2271337375,10289.680288442212,5148.792043950586,2458.7101636824805,3363.8862192500837,8191.349161422167,8247.184371965559,7993.00087211119,13281.822785698572,2565.0
21940.273024290094,20494.65446601091,11115.681857363337,5630.142670585842,2651.399122992557,3580.0449943472745,7971.163394641213,8818.410051625842,8709.515616071207,14033.233358164554,2750.05869399415
24852.14600716881,22089.1929780749,12022.36229293498,6124.774759033384,2801.4375161042904,3840.0946371064774,8486.385626821706,9359.27962000026,9450.2969904408,14906.905758809324,2983.58174979987
28214.37866481714,24503.170358269585,12844.919403014459,6619.043748259804,2982.425229568947,4134.198528930029,9680.562357508094,9895.864802059305,10219.581959001469,15887.727614039875,3249.4125243548833
30061.897481884153,27520.33869718736,13327.916373592192,6999.757505324625,3127.2661479942053,4372.231910324288,11213.07701807165,10623.61375047589,10788.400498879717,16964.723654517664,3412.763038243009
33079.883228884435,30841.77459756397,14038.309469485084,7390.068525010287,3313.063690406539,4638.6371207660095,12551.865615854544,11424.656604851443,11397.924328104864,18185.352677894665,3506.713732341865
34879.0611836689,33549.557601955414,14574.357256622487,7731.502989484042,3444.812115001138,4837.936097732723,13682.775537261354,12058.552527847422,11919.964638623827,19136.03998470071,3593.1259189657867
36220.50143571119,36412.199331291864,14762.903950391732,8030.730190844048,3561.364213572162,4961.097042755461,14891.71054684491,12651.807070797287,12259.038692692011,19907.809956676836,3602.962208769467
38255.66582202804,38361.165827785226,15415.206965986752,8304.032680051134,3701.654296672913,5078.483192416307,16085.772582506243,13086.262881941988,12607.080374322308,20572.657592607487,3679.6298438743424
39858.974205213184,39249.23285563359,15995.42797954384,8622.258188392605,3823.0621678707816,5187.236141058315,16788.278210844524,13474.40196017747,13013.140994384108,21118.75720500433,3754.064884741575
40320.60121504237,40377.423250635664,16778.55929476195,8865.759962784572,3949.77496860031,5189.232862877675,17271.537753128014,13992.134470110494,13413.764838870837,21902.31618807198,3740.1160671991215
39672.983182728494,41557.97984193996,17046.278800222146,8964.82905862283,4009.331962433445,5081.864077257961,17738.09167083348,14440.41994765193,13279.129219826818,22588.198562072295,3575.1371368443306
38598.302712395096,42776.254961010294,16853.499854203026,8946.357623217778,3922.232330369935,4949.557095261503,18220.05387549054,14786.291608429447,13126.194432692177,23476.212086629697,3568.6579003202673
37124.13161436628,43056.2548498134,16579.44640453371,8729.916669263652,3840.012970824046,4754.389128332074,18273.666237000805,14859.363571980777,12753.249099233812,23811.737478356292,3493.907589103778
34326.27800035291,42056.23359085461,16081.156867368256,8219.15570103779,3623.210061474557,4360.955650523804,17913.99266934912,14588.907361010833,12092.886962946135,23591.918277341705,3487.7230357754497
31597.232069368685,40757.06282894941,14834.280784576584,7835.493301743269,3321.012007168309,4050.148366903543,17110.575850838515,14279.277632573281,11196.168733641385,22910.293877142754,3187.792963935958
29311.43721809702,38076.00327377602,13659.027262229873,7214.957071638325,3026.026344001291,3765.2288697347753,16288.265437614307,12700.27754009727,10219.476534472466,20790.953500884294,3050.33738925946
26057.143485031615,34840.95950182014,12098.523086916694,6609.756035163101,2705.8407463745316,3413.159126460406,15136.176006014652,11751.347278620007,9080.212309477636,19499.796358588643,2873.112130278784
23335.57051228665,31284.913964403986,11052.821216588482,6087.769104107965,2509.3394071706616,3205.85665603519,13609.507816691197,10438.025004465791,8362.736860741315,17671.611843193226,2730.8636226756425
21710.675429930507,26671.263495221243,10388.438183839176,5698.309203130747,2371.405798099462,3054.313057528847,12099.19852914711,9979.493454437013,7845.618719994255,15973.355798759363,2674.9042165870414
20415.397203995744,23965.499261668894,9808.672003849659,5408.678202824764,2270.3140389131345,2960.703191203838,11255.61214549211,9244.43243350404,7443.582934322528,14800.318981898488,2537.334395285327
19722.560086889855,21836.281419138304,9613.258079205343,5230.793494209207,2258.7562557069873,2957.4716059834223,9655.646507737903,8684.575143620315,7301.0149268931045,13897.735222419791,2519.196162689358
19412.329030309033,20342.712484427477,9894.577730115318,5205.855628674918,2371.114845476231,3061.5727041867317,8666.84427968265,8452.400127848021,7434.489252897413,13367.7361819586,2579.311706362548
20345.342338754337,19745.316735405195,10945.697871857117,5464.2055954745265,2632.4810749105095,3351.380497265776,8398.96442557391,8483.23891199434,8232.086758575359,13246.416585591622,2738.857899860874
22759.954001041675,20329.366942914996,12513.595119491403,6080.97913181538,2987.1455739735707,3729.3342752649805,8433.194591281343,8992.466507049297,9332.60670764256,13845.479364142917,2992.8541289005516
25919.937046796385,22372.279490395038,14168.790796152573,6912.949226794093,3391.769267966794,4134.80474126595,9815.748443631346,10070.692772518598,10498.486338840674,15545.781336835786,3170.012906430764
28272.4501923519,28375.96556284353,14574.71404070568,7509.530799762059,3508.142375426875,4315.039488972693,11181.483285034245,12319.479905419448,11216.93353009012,19287.396713752216,3271.7171679945036
29898.26400513208,32954.52104189333,14211.866596077612,7811.08504115178,3519.114436565326,4308.246396260875,12696.69551062681,13585.307596043132,11539.740142049595,21357.408355656382,3266.5321972970287
31574.375178424434,34777.244211337886,14000.219892100806,7960.646380202338,3516.789660793807,4334.95000129046,13576.733162020228,14106.045926273016,11743.285682045038,22174.731173397606,3270.5289302081105
32701.55513814722,35142.79207463609,14309.11815734662,8186.7139539437885,3593.607169263333,4422.588173045642,14430.687386274169,14159.882871436475,12203.180845787494,21968.352849539413,3311.3164075118593
34039.55067706752,35441.44970174347,14729.809914733323,8455.721523987468,3672.0658729891497,4552.906122971122,15086.33805346716,14181.166979618316,12564.174557410443,21861.784808463184,3409.3006873650606
35676.15714286696,36694.977301207655,14834.23574730958,8699.165993587285,3728.931038782392,4615.070485797915,15660.480619874395,14333.61687784296,12626.799620795013,22035.09537706745,3349.8416800656532
37474.85416205009,37730.89543728162,15581.580947908926,8983.137388454516,3892.17420815132,4736.240993393302,15803.390710160047,14587.70980298813,13151.340960106581,22386.81720703303,3482.1151567923976
38966.30290354084,38870.856594785175,16249.756750024466,9211.02153975624,4006.5540825050575,4765.06486086342,16568.04118701695,14820.679475558412,13489.341702291911,22632.95364605598,3579.2236490252853
40595.554389099016,41149.863709497986,17453.966239274887,9519.6118919959,4185.803028228822,4838.141199533354,17207.97569643734,14280.06570585556,14013.856662632117,21939.94966989608,3744.6776251962183
40983.323272912654,41595.74967703205,18313.821854507514,9860.805109255234,4318.607364892919,4883.3368632559495,17727.46558680707,14679.285158006027,14467.431558885915,22678.85374469663,3900.9553758185107
39931.53483205614,44004.09021177016,18267.0463205699,9875.573771033702,4234.280994291414,4822.824067695146,18353.7099558916,15136.470977166406,14268.030585813687,23695.76418092199,3865.734297084161
38265.179594108726,46103.97717678515,17404.45364544911,9606.301606492141,4074.8770371199157,4625.996472707672,18805.28280232875,15493.739615483202,13711.024238482534,24505.763230919714,3669.2010849755006
35571.50080996669,45259.58839788805,16630.667413994353,9247.778473109129,3840.4991392218494,4268.910931933096,18439.156662275207,15210.850177884082,12836.758014552133,24269.565734669883,3583.568817184637
32395.584132482152,43186.63907270923,15318.26175214699,8704.532577234639,3530.1197759414763,3909.1511704688505,17692.957788546402,14560.070190797715,11780.494916659114,23305.510245385805,3414.788687031812
29225.015958815282,40279.394853441874,13804.520686930118,7992.887244561196,3164.0323700312424,3600.2771743861967,16705.452892966583,13621.704816583044,10637.702064659927,22146.77390060943,3168.6149639349624
25963.135205707236,36100.06213939973,12260.760256897527,7276.509055432573,2816.9015481210754,3286.8231535751047,15394.712553432695,12385.129139349607,9347.785598669727,20358.065304976895,2964.46284985163
23722.359540482717,31826.710627698223,11198.76760741804,6681.904684428008,2615.732155347674,3106.025672392701,14221.605628988482,10838.667187860483,8635.767102150854,18247.807799198003,2816.8038907492983
22305.04561164338,27351.057496857742,10447.293113203603,6212.039351430646,2457.238692597381,2971.442882768736,12602.313198815194,10188.697338267293,8117.202624743247,16193.779159581614,2686.5594072268796
21044.4550771514,24536.047855028828,9886.810296610998,5813.656115515051,2374.109209734383,2887.5616657982737,11433.772587152487,9435.633499563564,7637.512224857808,14946.703178013971,2616.603155397218
20421.377475855254,22445.783801640995,9709.061816677537,5571.271899154675,2329.9076434095246,2889.3257406538223,10678.471445604891,8789.064694026227,7491.951588590189,14099.399424342584,2579.311706362548
20335.892533407165,20972.915787546623,9928.508560590259,5514.760208050274,2426.7391336394753,2974.684537757828,9664.841137226556,8533.252188810053,7612.470918788338,13527.303888478886,2609.1532059224414
20844.437225650036,20272.628054709145,10949.3598831798,5663.375262342162,2705.629133244717,3244.2854148968518,9075.106761281246,8542.140267476,8360.003746335575,13433.555624578328,2817.1854163769854
22542.741787576862,20826.753513070227,12661.49634184469,6224.283948540688,3076.9498266005057,3643.46997821811,8827.713177125988,9098.559273302537,9312.414256994429,14012.73740538558,2973.5495014067424
24962.793322770645,22690.54841118969,14312.79365420307,7012.021738192052,3431.6905488924986,4078.9059090278415,9315.535738184903,10081.67429369895,10555.239652773189,15603.110209706943,3264.781254331113
26495.299225373583,28711.523825505134,14723.545928951386,7619.930156013624,3539.3990492548214,4243.168828809379,10543.315381876973,12271.249089974017,11349.786422151845,19096.459612826893,3295.696261785307
27653.103947342115,33425.457220326774,14427.483181587819,7928.100318820449,3537.7390277816476,4254.5976298094565,12181.710089658662,13524.557914029747,11636.309359723327,21144.111763735204,3313.4943341382677
28600.084811861085,35281.663284017995,14065.780229066684,8051.389042475989,3539.414237262391,4262.319017496693,13465.921748296973,13954.946674843586,11804.463511777763,21767.836503783088,3306.499901412081
29581.419051033692,35807.74240085993,14179.965839198285,8244.258584419402,3641.472542396702,4372.669415276405,14268.449557026472,13925.94970797729,12120.752410534862,21567.98227437859,3345.6537241090778
31136.730723363875,36176.65162523326,14556.82090993929,8451.380526053903,3727.588035647977,4480.758361530105,15019.56796099302,13950.984865357392,12522.008834810618,21383.450875362887,3417.7819527925817
32302.155575319637,37125.27095459489,14823.86851400024,8640.616999046248,3804.7265617921585,4559.894693519504,15616.040541526676,14152.865820394452,12655.216133805692,21522.900175205792,3427.7733804703057
33465.4459197332,38276.15607744539,15852.684636100606,8919.600980043495,3949.705906447159,4656.105907728206,16232.635799638447,14370.883815455645,13052.344761098499,21821.829601437945,3549.593464106625
35762.76285451996,39054.364882024536,16785.149238719732,9157.708168251203,4076.7603921907394,4709.489243762777,16658.121425807087,14541.474720490165,13487.351543501949,21943.613112969633,3571.8661283207944
37151.807562391405,40602.232738170955,18033.779184415507,9448.679839270982,4216.802045495879,4784.2664283515505,17243.437328656662,13988.411294895152,13995.953571412252,21273.62193724161,3752.560710942541
38060.26907930275,40156.17233392848,18957.285709766213,9709.733560470364,4408.465031568126,4837.455355177606,17592.43458805489,14297.90538534881,14382.403861001438,21977.598297098113,3886.859183341123
37525.150591279715,42035.26261579985,18843.36778568333,9699.770140648834,4311.406934321032,4802.20883916265,18252.156439012488,14700.266150170639,14178.548980091531,22915.726957145867,3887.980620924394
