elec_demand_AZ,elec_demand_CA,elec_demand_CO,elec_demand_ID,elec_demand_MT,elec_demand_NM,elec_demand_NV,elec_demand_OR,elec_demand_UT,elec_demand_WA,elec_demand_WY
18580.489326771687,31564.007387687292,16398.76578679504,6624.901232425098,3677.0079054316097,4081.6642569452315,9769.055087979616,13115.493346677174,10082.326279050516,22052.45971324411,3491.0230763354166
17590.687044338938,31507.775614607413,15486.563952221994,6339.88320401154,3480.5503077925496,3882.164830253494,9674.462153268041,12947.165863605336,9661.073005974338,21825.207082301917,3365.809908115311
16189.348228517112,29496.626250878053,14414.817707911823,5917.128471704218,3217.1709557848417,3603.8296262224812,9155.993880291388,12225.744358226291,9043.538099018913,20646.992843772492,3256.920917861582
14633.445575981523,27596.12373916142,13156.338058026906,5453.797661614819,2926.214239101433,3306.5373925708886,8682.671875724296,11469.549298354748,8301.798733938624,19348.037402615915,3018.8205957451055
13246.318794762868,25298.976532315246,12073.960154067916,4970.726727606511,2676.98680371671,3029.243814146653,8104.331272768048,10532.054940147136,7497.982651704661,17718.434295881845,2857.6242585122004
12338.780091349228,22474.076045751623,11347.868687075417,4620.2613633488145,2525.5576940218493,2863.172278847928,7437.309858974476,9499.861230057788,7075.519035905791,15980.131645176161,2772.373983361318
11747.978921861242,20077.79308657344,10943.451541242417,4423.7741217461235,2432.134136710555,2778.0544529996228,6844.420981436277,8575.520526329276,6843.378000325849,14431.966552688551,2751.2689208536594
11410.102997002392,18392.436630206972,10553.801555081362,4265.42679784415,2341.068225937125,2736.035328732444,6436.088717140122,8120.173050041943,6640.205875140584,13560.505443226331,2700.2261297641744
11529.982458581091,17172.66858447105,10463.999234077999,4227.926179269965,2352.857127970549,2760.019664960712,6134.84588840598,7862.533392430609,6575.67341549398,13059.073664627167,2680.145307401076
12356.433805154667,16392.59388083121,10878.237095286568,4361.764840467427,2439.1307441440345,2895.052234430838,6002.310853808842,7732.827594060028,6774.964433537663,12783.201997531263,2694.226642267788
14087.355066654016,16151.561615302819,12266.843778000497,4829.25667484578,2785.6455514716563,3205.274371713929,6082.8928604292105,7781.831186463261,7504.462914446436,12947.283680193019,2792.4312927002284
15742.085850282212,17099.797860376013,14014.142779890783,5550.677921989813,3216.270051453759,3521.7729980993367,6315.977878996679,8567.5696263922,8709.73325247082,14089.289876991093,3054.8106180259847
16972.60962981989,19651.343167720013,15696.164110561647,6142.9015517915705,3527.6660789179873,3884.34641554919,7034.696856331465,9929.835208775627,9651.137357421876,16468.775481096232,3306.1761431538457
16925.270973452225,23379.449312912435,15863.292924398567,6283.883821177248,3546.987545909891,3912.6937540198264,7705.688106923405,11210.974214452925,9721.28442666513,18567.35377357856,3331.5987014138304
16200.390830983184,26643.265880327515,15350.904753922285,6151.914106071872,3448.5853726593505,3830.3123770580946,8379.067129841667,11882.25213189054,9465.6420397311,19735.40319722329,3300.149170955329
15589.156429473876,27365.8274070813,14613.204531425275,5922.749895133023,3329.3813026235293,3737.196978803109,8584.729236346795,11906.562324305922,9185.427248476786,19698.966273406513,3221.067647913721
15331.757297289607,26527.438708627233,14299.688974384591,5765.587817224828,3248.138817231043,3653.1062043363736,8379.450421058624,11513.158150738194,9009.306905410707,18997.78460648878,3175.068636727768
15181.399304679555,25592.38207486192,13948.633324991959,5648.202814652226,3223.1646841600777,3591.0826228621645,8109.873640122112,11119.773162145,8824.571805091786,18263.575871938356,3086.0078006491385
14993.09378729903,25410.13350308598,13866.758247499378,5561.663798165821,3188.540791924698,3513.0429840236634,8011.250551214605,10923.78176571455,8724.739823530039,17887.16689264401,3074.007831193332
15507.429277727078,25193.61704077433,14378.989440479652,5589.994015406415,3244.982219961959,3572.1701962923094,7950.717436916207,10840.125500160913,8834.050134757204,17695.74621363463,3207.1535541583794
16399.32687792758,24812.235130725487,15299.252224593838,5772.475312421357,3400.4706797037047,3703.2231351291407,7869.44905887693,10739.494415079282,9136.868698250624,17523.627735473474,3350.6641393161885
17939.398206776175,25760.3204803612,16714.815913772,6214.897100553365,3654.694454130053,3969.1647505054443,8108.862584491572,11003.713185898123,9711.480603559543,18082.01773420175,3454.217388258892
19384.687934630474,27384.465186688776,17810.07194253501,6682.471280730478,3904.7957647137014,4237.13516571835,8683.23735368064,11599.57072110941,10253.216799269978,19277.946021438383,3649.3641208252457
19315.830614270148,30380.853582264936,17693.610405851057,6813.984944021764,3863.8502705379565,4242.248833894705,9460.436151159634,12543.065192409804,10242.245397141036,20913.279719619284,3588.2637753806393
18419.12690369109,32809.27476293863,16925.62464205097,6650.406368961644,3685.3505178611967,4051.6770715625735,9896.931206595606,13070.370284405524,9918.219814684015,21841.120853123743,3514.068331152198
17617.082755059528,32543.179596622766,16012.455646825603,6351.426664680688,3487.542728580006,3874.167317143326,9866.538968499268,12906.579188946394,9541.856152144672,21593.087056725708,3356.8121453794397
16192.780700600271,30485.387766489643,14927.951948999498,5947.073123986267,3222.84738024595,3583.9131950596457,9380.236068581566,12296.486141446007,8955.247818835885,20491.549284436474,3234.015448198997
14596.08680918107,28497.83243168979,13576.458711105994,5472.97792153069,2945.19918092885,3287.54057566384,8910.909325830651,11493.009949589226,8206.525232746699,19175.249784572,3050.731418971154
13347.361787411784,25955.124188072718,12302.5941424533,5000.471100533245,2704.697271215094,3036.2899315848586,8382.271770473642,10586.993814018408,7545.878741014491,17661.026897857366,2900.038485076285
12452.811817088725,23156.79561407521,11526.181736806258,4650.411893081417,2545.544860158917,2891.1705856991084,7641.185755645278,9615.905287904445,7076.284940325477,15954.32586670554,2784.3723354749845
11924.935642780523,20453.077291470396,11076.800063793957,4451.925349030185,2455.2350141746915,2811.0776139855097,7070.098148065416,8695.854002432852,6796.471036415424,14468.38567716616,2769.31846491851
11632.856202335777,18685.55344964489,10770.363215124695,4323.3488592137255,2372.053687552834,2756.0350706075747,6642.001354288168,8253.790928759308,6662.165806529596,13677.697817939663,2750.221947371364
11828.162880175709,17376.283407447925,10598.034204546047,4274.8683609078125,2373.8492646796053,2774.019565210978,6434.8422679483265,8014.289923158876,6655.7465047648875,13180.121113394378,2703.2258743805733
12663.450253953164,16485.661022011776,11056.958367089122,4426.690325878783,2459.9137793402288,2871.052674659402,6295.160719681299,7845.882025836593,6875.790494701742,12888.875043231194,2738.2229369731153
14546.524533665475,16379.66295806513,12388.205980749242,4894.353574200046,2807.5107630782986,3175.2770107278484,6313.979888634447,7934.75415336837,7652.6291814744745,13056.007850255624,2845.4230693436602
16336.448787472664,17268.665892761208,14107.591258006782,5635.7503166640645,3253.2428919251397,3564.8389736917366,6596.861960409568,8688.049585684064,8774.831872358749,14278.73714091251,3064.807889353057
17671.898903748654,19796.216655612407,15884.69559525998,6232.566959027239,3542.4842850026084,3932.424401676585,7360.667161806075,10090.495830633507,9769.596574070525,16671.80622242976,3370.1611297940967
17342.40827403174,23488.495179987473,16179.027362503826,6387.123714229925,3561.969632556115,3942.827703874918,7987.664147162298,11380.266557875562,9739.712178872955,18994.130171696033,3377.806944200249
16608.344317504656,26658.627967735956,15870.911005843336,6217.012831657813,3456.7463331827953,3866.4051325209402,8692.376248002583,12068.051391171066,9461.085467091909,20153.428737946037,3290.1496302235646
15929.629439606912,27365.01632235579,15257.008461356307,6008.000491047892,3325.0617386027156,3767.232820667754,8836.345768168541,12119.49426570776,9225.569191330133,19987.945501906637,3254.0669559184166
15535.852905046315,26422.567904648986,14947.287496594912,5845.026548422808,3256.1306288832584,3678.1054750465146,8603.09843577096,11746.400229633991,9083.602374374028,19107.07522210575,3200.0680957710265
15279.211235159131,25335.97049132371,14758.387256725313,5720.291609045961,3192.8757318806583,3627.081795332694,8307.167826786077,11324.759488591242,8989.920082416602,18277.28511646947,3161.0171591949106
14973.498327014018,25050.966251488753,14553.300755865252,5624.406249968092,3150.916386064073,3565.061068653553,8174.59089726424,11198.447435261545,8866.918281100398,17932.13207910308,3135.0308054196544
15397.990397031013,25106.379059893363,14953.696216077087,5668.075086153603,3225.4975019494063,3616.2036650697123,8062.137950256292,11046.8272365164,8925.88220157016,17704.02928468293,3235.1200873555467
16057.934035832177,25035.14826766822,15665.444341408805,5872.1229538689395,3373.8447229746544,3753.117134393781,8082.720266631419,10934.051888766899,9271.291798971202,17552.305007067353,3351.6639357419895
17594.34922657637,26102.429880647844,17004.151685791116,6320.6991404073715,3645.0454352089846,4013.259916281272,8381.241249901857,11235.320446124533,9853.637669682981,18126.799168666454,3500.3965097688983
19321.47170212948,27958.967528434583,18076.685928901225,6788.810136976579,3906.4333490444956,4289.341211736084,8977.94016768153,11887.913378126612,10527.036476685062,19437.9285101878,3666.330921039469
19342.426147306043,30674.38003126697,17983.411529737266,6928.437499692293,3879.2906677668407,4274.115872967584,9685.895340003344,12795.598197413061,10488.874840573422,21142.806127541084,3656.3346972854233
18433.699942716015,32925.64576923137,17104.18066737498,6735.910979580704,3704.9756334584526,4102.6554026126205,10100.760605312082,13274.65253307103,10111.508727440743,22052.58372682152,3523.0134758819204
17562.297221135872,32639.789921130967,16277.285513627552,6460.879167530789,3523.3420834660155,3907.15712656661,10036.883543416126,13073.546559065848,9620.918039148706,21783.01247730553,3410.8780380551457
16229.712070436302,30602.767311150976,15181.582849788634,6021.93736526796,3273.800444249133,3652.8954193447034,9564.114939111892,12430.849283508445,9047.033791978904,20683.84732229559,3294.909952551925
14623.105651101183,28596.45605899324,13738.026588588968,5525.673858824241,2973.466180475316,3332.598517087699,9080.037516000448,11679.4789930716,8213.508890923034,19436.461142609194,3062.808433617046
13285.057481193533,26127.837590097595,12405.255464703478,5064.572139078013,2739.0792460447124,3080.239708567726,8432.396875504335,10704.864924706575,7530.9110579538155,17761.557072299795,2913.1316643069254
12465.17156170489,23299.973960154963,11688.16165737429,4705.723626844948,2563.293015996976,2921.1331635121383,7722.666746459577,9705.661973710334,7103.001168856276,16070.200555770445,2796.370702047048
12054.95260133169,20702.925427770824,11273.599811114653,4488.684536791591,2455.3525210549133,2849.0530847716477,7067.677132585234,8801.483505202932,6862.340782778703,14505.352251502803,2784.2656733634503
11709.939084462983,18942.945154916913,10930.919016225083,4339.14572696226,2378.050919259656,2816.053712055381,6671.783028936526,8312.884049168726,6654.180343739126,13688.833741533917,2755.7278081728477
11786.528192213875,17689.28242278133,10816.286903051492,4272.695921512312,2380.2757030291136,2804.019354832499,6422.028680416429,8029.412395117451,6639.774508808632,13181.25648712662,2701.2260445721663
12659.768699803166,16801.521264372863,11222.67415727608,4427.689197698562,2500.2118233090287,2952.032727255845,6246.212089043592,7882.731287476826,6841.8484289132175,12959.08510833339,2691.18346487226
14376.04374456227,16522.547373531164,12671.237796482865,4867.560526604564,2799.398524451736,3280.2679890467075,6303.830809508446,7891.447949081938,7569.562159947461,13041.125225397576,2813.4921577991295
16108.33021743124,17435.676882890573,14277.730092187407,5579.8228132614695,3245.115181259488,3591.7575074670476,6582.190602988258,8679.943896343013,8744.664878886784,14316.718497429056,3058.8939065030468
17477.853030507875,20219.149573783838,16054.377817052116,6208.7997575174695,3570.6191245391447,3964.318275740107,7269.769405092796,10043.765847246488,9667.102820175489,16665.692214088354,3358.2535060666
17823.639582040585,23820.456787862007,16182.579705132372,6364.958822384613,3595.9296187724303,4005.744163619052,8016.8150391295285,11335.441433626283,9695.570446638725,18957.15924457817,3379.6582859017376
17221.240722604965,27086.593431253492,15579.356375713976,6168.081114172023,3523.84086095899,3948.3965557868014,8718.540760543237,12033.2543509861,9343.084657362102,20146.602587237656,3237.12001229339
16738.28686262438,27941.168045927498,14864.616105098483,5948.895336018047,3359.861830456302,3807.19330743092,8972.330544518754,12005.620588223424,9111.766298311115,20087.003913321132,3234.0918366129736
16331.537034467725,27163.548750880127,14503.773010442119,5778.571996525263,3272.2769984589763,3705.1326779106976,8859.109073249232,11608.81728272034,8935.012618291408,19212.282591622796,3206.092646933854
16297.399475774475,26191.58033300136,14202.842114707804,5636.216898006572,3222.84738024595,3682.105359288587,8552.201957610614,11115.913090197973,8812.384971377434,18255.301983007368,3170.030463282343
16124.077728207229,25925.42031484153,13983.97684417496,5543.686941090351,3201.187802283609,3635.081613683406,8472.559396884613,10878.54167652237,8699.99400268729,17816.36325449175,3113.048548891265
16501.1603073895,25814.61415868287,14339.472392938698,5568.023618931709,3225.4975019494063,3702.13278666272,8541.6525036646,10693.81797161122,8767.174838565048,17529.03046895636,3206.092646933854
17106.559536727455,25576.872976750747,15281.287074489679,5726.54869491812,3398.1746758015006,3861.084864264433,8526.672573358794,10578.779564681983,9109.166365684327,17372.37402795862,3328.1680834661292
18433.64848524613,26287.735634102697,16797.109069348695,6178.743255100356,3641.876749119958,4085.218257464411,8722.116521675525,10797.434962115867,9679.303219176443,17897.570981440324,3500.3350600854287
19625.887832921948,28008.69226675758,17893.13083526564,6678.25021728169,3912.603814910938,4293.220923252435,9219.161804691694,11413.614963775954,10215.315879075251,18990.76572256529,3660.2280150054603
19555.339056110537,30952.952168864056,17779.89944923289,6807.22260240641,3918.596282253311,4246.130440578094,9944.0823112782,12448.53513720475,10242.981528552818,20931.074800648214,3659.5349322867273
18590.019933604555,33172.91820785956,17018.123835928625,6643.419396237519,3748.097828333585,4050.6775021159674,10368.142833155469,13100.059226175916,9941.41784674422,22034.798390631273,3509.0176538187056
17563.73821539351,32988.245371896825,15980.73606797408,6409.418982896938,3565.624522464497,3834.092755745504,10263.895731767441,12984.479128356577,9557.81791413217,21878.069875972567,3420.875391300421
16352.144884982494,30955.42798646098,14801.417768973464,6015.166769129969,3324.90624631759,3547.8431144736437,9742.794778638698,12423.857607878332,9001.388206922271,20875.603079773733,3292.1813302096607
14906.39936533725,28849.865535261004,13398.767005478338,5533.87095398174,3033.7159142366067,3246.5475745855997,9282.10821560857,11680.307902529305,8234.968099009839,19729.929458409293,3080.8873117999733
13695.225691339392,26486.486933605236,11961.736876211646,5115.90051083971,2775.0508193420897,2991.2943768324712,8646.453076144708,10743.658325841194,7533.904583341,18125.308743242338,2908.475683430471
12976.038634744553,23598.31189766799,11139.243273066902,4772.819876348027,2609.5051763784277,2832.1741930463927,7960.692213436151,9719.648756703973,7102.463099790367,16348.264672590727,2798.430345742912
12150.484389445812,20876.25051501084,10710.205633606363,4571.392674569095,2512.3204493099506,2738.0797046887424,7190.1214965350455,8885.28105433551,6870.100989566757,14850.610194527151,2798.2643192151318
11688.961903358271,18866.211243950496,10372.661989244487,4466.34552514128,2433.1336508123854,2710.020029666708,6714.908390141899,8394.823577923018,6668.373006325557,14054.705044065087,2710.1436763707807
11694.504526425848,17526.61800348915,10255.597467192907,4394.899555671468,2420.9290650585795,2720.0088539091403,6455.338512567616,8126.083922892339,6557.705104938097,13582.447676755228,2639.1871383842476
12525.389391609326,16667.64489152551,10655.419100322299,4524.920267045578,2546.0813021246336,2821.034257147285,6285.335372731335,7948.815690836066,6839.85185618596,13331.479069879611,2693.2748251798666
14396.02149658962,16454.88981210801,12021.61003309359,4966.442348740465,2852.7291494510555,3111.237279900473,6337.95586179789,7991.509089879071,7575.551391564291,13473.708455854568,2799.4301883208245
16279.279488433687,17449.80560121371,13865.97095888831,5651.911914066991,3288.3536761880287,3519.8500244165925,6672.102070606066,8761.905456010785,8733.686303609138,14725.20617226141,3082.886717103179
17835.456870330752,20166.19440518707,15538.57588083306,6298.664641269337,3634.233948517176,3900.340691890253,7282.925903217244,10179.685226943071,9641.397986846105,17206.98191946261,3317.269592843723
17936.67390449607,23810.63916899833,15720.897203877448,6527.5071847022145,3706.6896307170528,3972.821278837015,8010.6312873581255,11507.872862338176,9664.635326956979,19646.047362446516,3357.6627169127596
17414.729165017106,27116.93283642382,15241.255793660559,6412.9341853163305,3621.7302733957677,3895.4020572058243,8754.480670058969,12225.37905572505,9372.593037058554,20842.35707239594,3300.538393700861
16686.171872261584,27969.503312265737,14592.835404652102,6232.0801763566915,3484.5459728480314,3793.1601562813735,8850.914943103186,12326.602169725184,9126.317656873254,20845.011010116865,3208.0925885798656
16139.969780807784,27032.239159719215,14272.132720090343,6072.920501354378,3418.287824029129,3735.103849139561,8717.32124819676,11927.686897906182,9017.873441110778,20085.116479140128,3204.0680100082627
15732.772270103651,25825.275813799675,13900.508366916216,5951.540413008644,3376.4969341958754,3680.0806067537187,8369.887265275043,11509.761562634094,8865.504099299926,19178.16347338939,3143.017257905473
15394.74290705515,25366.28977895358,13511.30771025002,5865.819963896175,3325.0617386027156,3599.0604872111107,8107.494903917215,11327.623105306155,8808.019023589246,18680.847304649742,3089.0312669486902
15844.712071119584,25272.864192749046,13732.249667085664,5908.127227941003,3411.294988606921,3694.199304035372,8019.8106949532485,11054.821273880594,8922.88761852455,18045.324487016027,3117.095320300521
16710.4253310961,24986.724560911152,14567.110405057594,6097.18214463389,3576.7802521299313,3833.0930502279602,7851.66778037137,11058.095826196446,9313.731083935867,18115.12322234259,3236.6167457116985
18221.746995449772,25890.423315044172,15990.67930940587,6489.826537939811,3812.19597035702,4048.1206007685887,8021.20809746147,11339.376623761373,9826.448168176783,18603.45059315638,3379.2454233534004
19561.720608899952,27670.02605425962,17097.95464938991,6879.083813562449,4017.8315557147566,4295.219842827409,8471.403856496852,11930.867740106092,10373.90661775399,19743.051680447184,3535.2834284917776
19507.436315337658,30610.507555110933,17022.638531449535,6934.4258148085055,3982.695381884035,4189.160724685172,9355.841260861891,12755.643626053441,10372.909148674657,21513.702711325892,3562.472968864368
18645.58796603185,32915.80742737667,16242.622709671785,6707.964953233046,3787.0528695052394,4056.6749221064965,9849.026178864244,13175.062051640523,9986.800094921251,22346.808125277217,3425.1338261135274
17925.502223712032,32631.325995240924,15435.438157066921,6399.9915583847,3600.7534313341666,3862.1710674522333,9803.661375105696,12978.947810373598,9536.868130344408,22032.486405780193,3337.897855172707
16862.95864896065,30735.01539672334,14460.477447926594,6030.496367582884,3383.4892356965124,3560.2069156442076,9345.080925907881,12371.571417198289,8961.251880610227,20871.716751296546,3268.2689902434086
15422.756792254875,28950.114817377522,13156.262049185667,5594.558440357514,3094.659260026303,3269.0666460335447,9013.725039331775,11780.877557097248,8321.062793070192,19961.237653311127,3091.159396138726
14000.582508379095,26890.238913883873,12179.62435909628,5162.417423437176,2847.995497978848,3025.001980415828,8489.091233370711,10921.129781416483,7705.407631269408,18507.897622249446,2937.0514814818093
12873.196525035362,24062.598985304652,11275.125440190352,4765.870266470524,2661.597642967421,2747.054145059816,7808.730903597082,9997.6419957106,7197.717725117854,16883.32903630771,2820.0192444700183
12272.516839966942,21455.404338748293,10800.157233964741,4547.243832688389,2536.1938884042424,2662.1797331729954,7142.44902301859,8986.19393843482,6886.563766018882,15206.235731107718,2781.0
11851.20445063828,19436.717636923957,10553.449636494874,4382.5704562752535,2463.1192650076346,2655.2220842845204,6738.179706507982,8403.417678860278,6717.612655128202,14205.699845788902,2740.0021860577285
11720.131226379224,18001.96355808623,10292.619936066498,4275.86844700978,2392.940358628171,2630.2707595448505,6406.208285138117,8046.630295461877,6551.073226740004,13572.712837455185,2672.008950769376
11941.396013206675,17121.3840698785,10247.645756348074,4295.007393651654,2414.8343210316843,2665.3175285971665,6197.619365183725,7845.027509732754,6551.87694473925,13265.888996980033,2638.002270433815
12639.391467779316,16475.020680443,10690.616133823165,4442.566477982109,2500.8982428470367,2787.1717916682983,6114.935190873572,7751.4050507146485,6792.726723999997,13102.544385198731,2648.002261874754
13565.937506608743,16432.09534529077,11517.86473487877,4725.065387183725,2704.3338164184743,2988.0080071164466,6175.739417666343,7956.210668438089,7323.081115798164,13393.850017749966,2782.0195086641615
14679.89111554858,17161.24964482822,12528.423714039795,5091.043404135059,2964.912799245682,3205.0464635725066,6351.741073915068,8438.417664775527,8000.891814763704,14221.113893830694,2896.002068489934
15503.672153916883,18322.43119863307,13180.206597696284,5493.888263771847,3102.823656693769,3436.0017485913713,6595.408439224096,9157.486048574972,8501.466397137929,15509.271108131936,3073.001949528807
15687.61832612252,20320.554820797453,13569.300373169146,5658.737535359685,3243.250168045615,3537.0,7104.785997242734,10083.450713216915,8735.76435299582,17177.036853431662,3035.8445473254033
15793.88222415264,21672.757956464546,13661.488617294108,5754.107604691309,3297.778888003797,3603.0150459708916,7501.028065869605,10631.866019978506,8808.224933777707,18131.40007597074,3154.1874604358436
15817.290537535728,22429.50897468795,14002.997939123183,5775.561029443603,3354.1919613668556,3681.0591294383753,7676.822698772576,10746.366783213742,8918.2170281809,18372.631264734657,3196.1850324045154
15715.549049456766,22746.677802994647,14124.920972356169,5799.862914706264,3385.656470798472,3737.196978803109,7589.259991805478,10704.670762817837,8891.651179792292,18298.40609831442,3172.2676569615132
15625.645504431764,23438.69080210834,14219.529610066742,5816.180998824119,3347.1990479613232,3690.0803863565534,7651.431760694694,10768.365056129629,8846.32950118767,18458.146829486013,3185.224327220978
15665.178170873502,23952.642580922347,14327.851592042696,5826.690241019839,3389.156994165731,3631.0066267826887,7616.235250343786,10700.055739581287,8903.067025639146,18305.437934266618,3169.0918270511675
16118.607843284093,24193.823171765795,14875.208008891826,5929.03908160183,3497.048442483117,3734.4744590358932,7580.4822726085695,10631.32829238504,9081.58891827048,18128.589330741444,3275.029480999019
17034.20595743663,24553.722217572733,16249.338375895533,6179.87340664418,3721.956292073124,3894.697043630513,7682.732277165671,10527.724046761961,9453.81972604215,17927.02254655795,3354.594490434723
18206.300572046526,25256.065017260746,16652.131236598114,6436.6520886282115,3789.880772429231,4063.3768263282504,7990.537308682436,10996.891015785865,9745.134814408093,18830.25452174902,3470.308382093594
18367.6611117489,27750.232119615746,16853.97260434642,6516.351428865037,3768.074648634297,4092.4610782719,8804.451923334262,11827.823018223045,9914.240676431662,20405.2243549857,3490.4497337527255
18059.257158545406,28922.926918675104,16241.96294938904,6406.700832098773,3644.380850992013,3954.3217287235525,9073.833191098853,12123.342528505591,9562.092170487089,20788.353417161106,3383.259692482188
17485.62847294597,29034.247615237007,15521.210333435632,6185.036968864831,3497.3684658911375,3797.0191933897613,9081.819058093355,12089.209315497495,9231.902669512901,20839.468775289406,3332.2212957955244
16642.46991960075,28201.1982560348,14577.059959336293,5882.70588852338,3318.9118098162944,3575.170051581887,8832.766497487219,11700.61825033461,8787.958499928884,20164.939062916073,3208.189792810182
15374.235364895554,26939.86082140797,13641.753560018415,5515.6731605529785,3089.6638147356807,3331.0653950355286,8577.740431121456,11156.717837462029,8232.315832059545,19204.299949824104,3084.126039146501
14320.215172203305,25489.61588620288,12545.06279988412,5164.82654237368,2853.130481123415,3087.0019407007526,8224.682583457985,10459.50127054111,7685.445478066802,18081.18189506647,2928.032997232925
13580.905556533742,23402.812988609414,11711.80147260263,4830.968613398341,2683.711215083268,2911.0511188954315,7886.424889712128,9802.418565756421,7206.701899998781,16846.044462321577,2841.008475572694
13028.198164255647,21210.545102930428,11169.431226805142,4599.180563189429,2564.180301871057,2795.1355769613174,7246.860354639474,9010.884082112767,6856.61365557148,15540.934070221972,2826.00212665399
12711.617402930928,19304.041794001452,10813.79237937486,4427.521040948256,2485.2194562183518,2733.175134621866,6853.390136384426,8427.401478125546,6663.69653779794,14555.154672453773,2752.002176541637
12551.361342899188,17957.008675145767,10426.783259070282,4338.964310724395,2419.8325345354233,2704.2634878201584,6598.497004966357,8067.61767408563,6533.100102308933,13931.855513168248,2718.0087998031336
12751.754955369026,17155.204488347586,10304.733351705845,4353.949834312499,2424.830755673391,2700.313496165247,6403.580121508551,7906.110920497052,6502.948823139611,13675.16469489237,2684.002239362939
13502.293497616627,16457.894622895874,10622.660581541433,4477.683989291675,2503.9959694681775,2795.2111429663023,6285.084301756695,7761.4004832286755,6722.824201358089,13470.605344753021,2673.009010134993
14619.938236054923,16291.927181215893,11490.177511093018,4776.171268918604,2693.121501890048,2983.0319822162974,6330.617167979557,7919.226263152605,7230.2205983152035,13723.09817032643,2782.0195086641615
15599.720014516199,16948.869924614584,12549.718794785082,5100.18275745771,2957.917553778334,3198.0465645383297,6557.003676520837,8319.263675153425,7868.514597604183,14499.786310515163,2880.008306413291
16011.179080341508,18012.115880922116,13120.425272691436,5468.069800981879,3085.094238947787,3393.0,6772.259269632081,9042.545617974238,8345.500553563466,15789.547984186138,3038.0
15987.79401230446,20155.24889118154,13628.715444738124,5607.091910820729,3199.422722057121,3479.0017269499735,7227.982970511574,10033.919445237978,8623.72826826442,17528.30861587797,3034.327658878726
15740.075103772042,21444.815199911107,13922.705539435214,5602.254637952148,3266.511534592626,3526.027371212323,7549.300444885661,10631.294091029,8734.138585792385,18564.18836115468,3081.322757079629
15810.483286957486,22160.57870895053,14430.537851797242,5677.828794338813,3339.048129196038,3595.06055504079,7708.954687808486,10896.528570297416,8903.435155786206,18935.204780090102,3202.1185427087635
15802.617064671354,22590.952190443346,14590.41324724839,5723.288092590138,3360.514658971673,3660.201181821036,7766.571909092842,11064.677430395765,8950.75968735351,19149.14964104675,3178.5959483361244
15595.690265710216,23482.65585251895,14674.850626883586,5704.485479377209,3360.6854719936578,3633.0816590200493,7759.4735979969955,11382.687743387041,8921.20875130231,19680.46719851355,3255.219577909333
15463.28944774702,24156.204939158808,15040.169109118466,5701.847094099935,3422.4469570224865,3605.0066747004553,7779.194629146725,11507.457615262256,9040.835361770703,19854.835577957303,3341.0641139238282
15973.308334592908,24603.364753695638,15598.480394884671,5848.9618760561625,3521.843186158947,3716.421821254841,7747.431876387307,11584.088421603841,9212.332896942748,19880.559335168047,3436.0280920689156
17252.678371419268,24901.76161771974,16957.561918536372,6115.353960254388,3734.774090748146,3892.6974110695546,7863.8477234483935,11523.742624386701,9559.579709505499,19858.30263147081,3513.6325264983825
18496.30536472645,25623.39565608483,17390.08073167451,6436.067465001922,3824.6797910121745,4124.355740773002,8215.563712078736,11942.273663417833,9828.190913676573,20598.636466615004,3608.1636045945975
18822.35619816382,28186.01049861258,17469.72125775166,6527.332582964215,3799.8699090758855,4165.434542728304,9047.452767272202,12599.355492892302,9942.420156324233,21867.73597093028,3537.389383619491
18485.141774681513,29186.886389510728,16783.882489639695,6444.8445640824575,3691.6551024052073,4027.2075816200836,9192.837668599801,12656.930698595714,9766.127369749496,21919.676498648703,3508.2502888496992
17766.78073178988,29411.994538194904,16002.256970822455,6205.005605838446,3541.863565041202,3866.0834153701385,9255.588077940816,12630.118312073448,9494.82231072132,21920.523164900795,3397.179086216092
16675.065177536984,28404.26789727994,14958.369897034481,5883.326564565782,3295.9333353388583,3675.739718983858,9009.886735276345,12183.446232115322,8968.99382742427,21079.256357064332,3260.919751189396
15213.888607995686,26834.682586446026,13770.132498711331,5463.361211257618,3038.5584939709684,3350.595218518598,8633.474948644527,11365.040515679219,8368.911165093194,19671.48724387349,3100.7192748024154
13899.774014988316,25060.541367096142,12677.634040745834,5006.461450045751,2841.284209105013,3196.323409050509,8202.3238047116,10510.990566496046,7790.067229660154,18139.145764847686,2952.4684211973586
13277.46956014825,22875.27622449007,11814.185952733933,4723.4992201568275,2616.5009593047034,3048.1999105360514,7672.13709014554,9716.894712685615,7365.849296274685,16653.967467302788,2832.4250572318374
12898.65176959352,20103.37373471078,11482.869601483952,4549.788584367094,2548.419263898569,2976.0998865931283,7010.181679106379,8899.547547192687,7075.6019285581415,15032.319718284745,2825.31202438092
12733.498416373435,18542.89766574592,11230.10492748294,4416.049931850518,2458.0153515630764,2939.0328729425974,6643.000066045065,8434.660293099985,6891.618964119352,14211.458993563861,2818.262408490564
12935.65800040465,17525.127303689434,11087.354576560434,4407.884143706315,2466.0119267585146,2971.0325166369353,6493.945659530577,8179.4400724133675,6886.982188149645,13741.472277034776,2735.180467321533
13957.339381670621,16692.014384049486,11549.98239208853,4543.898343357628,2564.180301871057,3105.0701981710354,6319.1358678777115,8077.611688058449,7171.550093499119,13501.622228086713,2811.3136099691906
15945.868857568026,16533.115566398934,13018.528643771087,4998.4052167053605,2873.4745153494114,3446.2995261504443,6312.665356936312,8183.528501128005,7904.8262112896455,13670.831510273583,2904.0370017531122
17777.951116211025,17469.374780532573,14784.765897098723,5681.513513238014,3326.4637902160844,3784.7888368392987,6708.224577381493,8938.039387378334,9037.222571431523,14913.228504272603,3130.95924609783
19081.896160829376,20109.51542526533,16520.05313848801,6306.652831454821,3649.6998370118663,4183.428147187389,7416.605569583859,10342.591522450031,10137.518446563687,17323.918548842354,3381.244659004107
18682.1168241239,23676.433431948473,16609.76721847538,6510.937008491973,3697.9836526328686,4168.85206276448,8107.494903917215,11627.776305685178,10153.252015528853,19531.134481625297,3423.649599290354
17661.952975540462,26751.54305008291,16053.231314869425,6404.132024886832,3601.7523220574008,4087.4856330569805,8734.722834726132,12275.834557393007,9869.430142300607,20700.8345967646,3350.220088247095
16670.929189467744,27425.002779962626,15262.809399719396,6208.932375510497,3473.5579195025425,3909.305956729052,8906.232725957423,12344.582623302815,9614.95797712252,20671.199175664824,3323.1481252626645
15944.42026105071,26340.78237287623,14830.268141656636,6054.122053119171,3378.6645450263454,3795.160070827045,8653.0232848479,11999.625506827011,9401.89988286986,19880.589968096872,3291.1180204968605
15896.298291099985,25100.726335245083,14570.472259753175,5927.395947891008,3335.2112698929404,3728.104046107252,8260.850111658405,11467.791454829745,9211.38327827605,18945.6089264651,3215.0168697240974
15184.154957053477,24688.01495749621,14450.456413569507,5868.292372021856,3280.268503224997,3638.106646771302,8030.794796119363,11289.920738826708,9099.574623052611,18520.101623890896,3246.06712237159
15403.382937068776,24593.94277856457,14846.082429473932,5889.151828485203,3356.690154929014,3692.2376230456316,7902.982744848963,11189.722007085718,9098.439221277848,18310.6799209784,3343.1820199627273
16043.39815836254,24360.130222199827,15666.889208925712,6092.579915523106,3538.9971659601783,3824.1831040398774,7779.77389852847,11040.25027521067,9401.486695520074,18034.33564505906,3432.647850649456
17554.871672383964,25264.071785652413,17109.856391829675,6500.591672027747,3813.854802153463,4080.34233786934,7960.309071414882,11343.530431721412,9995.539454318652,18582.968753934743,3591.3597750161816
19446.15745994865,26956.201165240334,18396.947455379122,6937.4199805953995,4074.7593440233236,4390.403272839452,8424.712096597172,11912.219303260814,10622.829826410954,19702.2695138195,3789.148601336069
19667.912832679584,30004.73491047139,18376.75422551727,7021.4819211527165,4049.159551244541,4399.280047842747,9271.220152651065,12936.609071195919,10621.572856700504,21572.630582121295,3744.6023757504995
33593.372171490846,39942.89437609916,18560.580511693897,7994.053737590191,3793.046570372317,4833.532416693087,14903.338056991644,13052.954861849363,11954.361866981264,21493.0091672634,3593.819828412942
30951.653364274287,39445.22490477076,17361.577364877772,7537.425159722554,3434.3921474150875,4398.619988147267,14533.736030460603,13076.911232020644,10970.763515454424,21439.581263978114,3428.252687184703
27956.500271894118,37702.09455413982,15940.920990701448,6916.150463812005,3137.6146393253666,4029.5712032105607,13734.267182676718,12391.117916361314,9966.53672775472,20665.095652325133,3244.985934431233
25121.101874073993,34438.13482477613,14322.772547627343,6249.737039440109,2853.8190340486344,3699.6991383063537,12642.543949268389,11426.821302427652,9088.197419778577,19199.9746751541,3046.4984230695563
22685.931581329918,31048.431825075222,12680.431786583951,5564.134633556414,2566.6314370766104,3383.8325958442697,11310.658264613832,10442.49209569696,8146.493612605635,17563.295351060675,2876.250788328652
21003.156234333303,27280.56428864475,11546.976179257026,5098.35373939495,2364.959058055288,3188.2016224335493,10103.772047195254,9491.53970078874,7574.691087759098,15726.584714930837,2742.100673788427
19489.30288651789,23763.914774310386,10678.288311454315,4742.070179689884,2242.3974044714573,3064.8427423662156,9017.887199933873,8616.493413880793,7167.828892071657,14155.715890046895,2664.9962353134897
18234.264436246318,21093.80228930363,10039.731198603718,4520.610486166812,2136.857890347256,2965.6251998845864,8046.872522016817,8039.026121477586,6837.0531106036515,13103.23936677366,2529.887568825877
18003.683493761262,19335.229859454557,9789.589385336145,4394.815007717739,2149.002213227863,2987.166610415569,7436.727722238217,7677.67795898197,6815.824986864336,12412.223695706909,2543.882506125971
18364.008879839865,18054.256161860136,10165.015711945689,4465.905416909279,2302.1683089665976,3124.201407660887,7024.340186687079,7536.641811600631,7061.50267152087,12019.436635835602,2644.737728081638
19270.28475315773,17737.22153813336,11185.313497424382,4768.43335837407,2529.753330601826,3360.578598407505,6875.768332864132,7785.909403864678,7656.837755318133,12263.525808137849,2710.114187098944
21442.575084820768,18557.6858067182,12607.12511456724,5259.076037620591,2821.461856106174,3710.1638582955256,6938.477401728199,8321.488975241378,8335.725167844239,12975.775801008967,2818.171338532978
24099.325200116982,20691.224644088405,14348.698979517338,5877.12716515082,3160.5129639898105,4132.175498308528,7312.896312739511,9140.741734293784,9542.186334634502,14513.231696074174,3100.4712077478443
26076.37127173422,24773.70285666199,15048.29246205171,6249.964170183211,3251.9769507771625,4328.296452801934,8190.825590783446,10624.187331885349,10039.785551318515,16842.578310955734,3136.565700926976
27599.768036132,28930.220273408686,15240.353881404719,6346.010458333332,3239.5908464023514,4378.08398310512,9210.247780200647,11684.439427588342,10223.823324693225,18721.21557225575,3166.550221802478
28910.643341343035,30394.560747115913,15343.16661824923,6382.740182752763,3221.2284391689905,4425.037997109388,9980.910462220447,11985.197820143798,10282.14172722197,19042.493944898215,3158.7898087684193
30165.922830887517,30396.653581140912,15924.817824898024,6533.700050988036,3367.21583769929,4544.08004623203,10366.594243982414,11800.595078299551,10730.598917251622,18678.87270557414,3187.5395672684026
31770.220689672973,30725.090177351234,16504.655545527716,6734.194756162215,3473.829754159698,4668.594013985148,10891.376286243574,11757.62840030663,11211.774036276893,18376.05604440349,3237.682160873596
32741.676710745574,31913.858761647807,16951.073864340906,6948.668173201936,3572.878582773188,4758.501800648998,11632.091236414028,11853.08985159608,11378.39605223191,18464.116222424847,3259.731835272208
33988.56985555509,33246.2045376989,17805.74794458577,7243.637287743597,3755.8006704366608,4917.156514600736,12350.316758226685,11997.854228225668,11818.988317513342,18699.193059786914,3387.8981981592956
35375.073781414576,34444.95093053994,18631.056047594262,7585.968472491882,3896.621802701655,5041.879292360728,13166.353160576533,11960.507522317523,12155.366067278737,18716.804885331152,3486.0857459387084
36677.45764988586,36725.158245340994,19344.423472607094,7922.2585697244895,4007.078471897568,5125.691026792707,13780.35422777764,11910.618273426326,12527.735271633785,18740.22338071661,3581.829802484195
37072.58078846111,38197.98352731746,19996.16090860568,8163.885061063222,4139.957319396635,5207.750088500259,14664.947979844908,12146.823212552412,12824.362469601067,19323.386503932863,3733.840477858186
36385.80754183583,40410.69924245193,19803.336207107648,8217.008713069963,4054.668006421499,5152.43292050769,15218.17604773004,12466.563773556203,12675.582429490503,20084.631794988403,3720.48679716323
34149.62285266155,41994.03185819847,19015.231010136158,7984.316537833526,3843.7208418877954,4826.737842421437,15452.528087391634,12783.23577912966,12158.179114722203,20746.922124392382,3604.9570757380566
31280.74774013967,41495.68174385982,17696.0259140049,7528.678630877433,3525.2131068277804,4386.826388695735,15176.480715085496,12788.226351337233,11147.6693291513,20713.757312790385,3432.249928965644
28097.281104302125,39796.512073859114,16263.907085903289,6885.980295781091,3195.2861540549334,4011.2119679024954,14461.315648179589,12163.30901878719,10188.589465427716,19983.942016427238,3267.971279721532
25473.365282569775,36538.80875615127,14603.868618171364,6230.775989376006,2877.151134084856,3678.5416350626315,13185.017536827658,11199.580752275542,9361.668275124988,18618.740831176776,3042.7365590246736
22537.815542799362,32960.47382688399,13006.92402391363,5569.674491186614,2585.802225275076,3364.8557031932414,12145.697000271935,10265.799698490637,8348.019602260076,17079.65493687389,2899.348244202902
20922.098310170895,28902.71132808663,11775.427819869668,5062.418043471641,2430.0575634713027,3148.079840085549,10900.881395001185,9303.023922733182,7710.131251733224,15436.455126905224,2805.027717469715
19619.95271303403,25091.23832933074,10962.450211915359,4716.706756205868,2282.5232285236625,3028.8786054715447,9475.802108576723,8427.187945185502,7293.566063074537,13879.937635137447,2702.0165011602194
18541.875622935368,22622.036817456457,10269.609186592304,4497.247721491698,2216.786233345408,2943.3443661021656,8631.660225865548,7896.845247587509,6982.461683769274,12915.062102182143,2572.872200683263
17727.09572549098,20721.714851403685,9997.508790171605,4370.849284815651,2219.0917263719957,2961.186658307383,7844.0868736202265,7610.408404501325,6955.751771249964,12367.27897091607,2562.7844922112604
17851.267633818712,19300.5671813991,10368.763376631387,4453.7324265359,2374.0986608136263,3098.220861324229,7421.130620479718,7500.351116092287,7206.398555179975,12017.438838544134,2652.732222753602
18722.22755018509,18902.28835086957,11465.102538438992,4763.059924259301,2591.518257936726,3293.4898226212013,7296.517551772194,7721.97009337239,7732.64915031846,12153.476216021782,2738.1023449993613
20699.254826196833,19487.99602942431,12844.121303628073,5287.425037579303,2886.9387019271167,3652.3729976199857,7235.819714902421,8352.001868514906,8565.179623118875,13016.892932173185,2866.051266759474
23114.190035298117,21556.594789124014,14550.220290097908,5874.923314251622,3204.6448306251987,4077.2354485724095,7661.15431000673,9179.026658197698,9638.929710328921,14563.837179575543,3113.5777792094827
24759.05670566329,25778.742852000363,15339.84960403091,6172.674843950656,3300.4996992351034,4256.208387724814,8554.252562411299,10578.849962034003,10066.712324731447,16869.36514239523,3173.904591603509
25967.24813862994,30018.72005116625,15451.366667043387,6202.417233989515,3282.332980507619,4323.139144409295,9673.616444084113,11652.37742119019,10202.613993205505,18637.153433866566,3237.8334130291732
26935.20330478167,31482.409754814165,15559.94211723595,6160.076481165263,3275.342918341326,4377.926890678043,10534.39899562121,11856.99583865496,10292.11594810308,18901.990388095255,3179.77743748174
27998.386112564287,31639.326212165644,16014.099829216177,6198.016558106782,3293.944574449079,4512.11072058577,11330.70336396302,11716.528066438865,10579.73462138518,18545.114262847772,3236.8343399126957
29457.87643472717,31853.744966262435,16544.28675912773,6322.824905909977,3364.4078804574674,4645.296024570428,11818.86022817653,11541.159881537124,10882.060155955616,18129.63451020062,3237.9890570673415
30679.964887074875,33015.74901086391,16788.47115883478,6425.8759746786545,3423.515223938209,4724.37654325785,12409.964392606185,11650.803063855108,11077.333894085905,18265.823098823505,3255.8543660805603
32227.295200412518,34466.309238740796,17744.642682767164,6607.989355270792,3510.7750794004405,4900.007495146504,12950.867607966367,11759.830260877126,11431.88914529413,18397.867451335296,3346.17741188678
33634.65364920709,35660.063603587856,18674.187233738543,6884.414759137641,3627.808242681611,5006.9232219823125,13215.719437684373,11768.439656782144,11822.385420521723,18378.687557641468,3472.2227137622435
34606.77499538028,37726.51980866723,19687.89158312136,7196.044277969017,3743.247677635509,5114.517615377179,13668.120630334755,11779.612726197662,12186.48124467632,18497.00123021703,3557.9983911749323
35386.12569389724,39212.3723695994,20475.098535819336,7471.564018793006,3871.1188053632914,5203.554097101915,14143.691797441903,12001.843897828976,12444.93017204333,19106.705338785956,3641.0748306806267
34830.391053007574,41461.703881706635,20257.61797275201,7485.01104440523,3831.199670715201,5143.247686180492,14813.96887274835,12385.282218885844,12188.602553291392,19962.198671014074,3630.2377235971885
32948.74892419902,43002.30569286893,19414.555527200122,7314.664941876107,3623.031181193446,4801.579192421445,14766.994203303822,12798.207519713924,11678.789428688398,20730.256298484575,3541.8200600783225
30084.53317653035,42306.12712103915,18099.073338267335,6980.250534328336,3349.4421906230864,4379.646126491634,13939.988289958248,12909.441235279153,10790.170116651132,20906.35795815833,3409.460935616356
27258.03271976469,40320.230890669256,16489.371709631036,6465.989143900751,3048.118372542167,4008.2161514524214,13311.666355845628,12314.90445442444,9812.154529658466,20245.660167676484,3183.294835795029
24933.47821641832,36947.47393330742,14819.35618246654,5863.229645508351,2744.160067178049,3672.549578658831,12613.31639970636,11359.297814628924,8968.70229802432,18858.50934425978,3005.0171942274255
22201.811425367316,33168.85203155468,12941.825180211441,5323.252261832322,2477.371847863331,3347.8766156421566,11545.849820929161,10362.208382182149,8007.494431020009,17203.4232966366,2802.178295840967
20343.02905282742,29142.049956953208,11877.674093197806,4894.071877743782,2296.6825393586005,3138.25591249253,10509.81852096318,9448.198448678088,7397.819405105888,15605.732022966886,2701.224195623453
18853.997879689432,25293.703340191645,11012.771101540822,4604.6800665680785,2176.302002163601,3027.8796145896636,9362.399630446705,8576.744878528742,6975.742772066392,14015.729565712534,2578.9659070813486
17975.848532722375,22554.972635856477,10349.434793838154,4413.980134974258,2112.2045251090176,2945.4909790352713,8530.733850362298,7980.734368090444,6624.782154838215,13024.344867985892,2496.8059577674385
17474.362619838426,20771.46467123963,10058.78981302958,4319.730288539697,2144.8505559740333,2978.315292167697,7950.746001948521,7664.8707244670695,6621.790780040964,12380.262958445974,2454.7301974223424
17671.522902125806,19426.418009084588,10354.957446032706,4396.622728150423,2269.743040369476,3093.22464189643,7513.781533483357,7492.359455810303,6967.747506508523,12057.228408483666,2563.7841757653305
18563.367934158192,18913.77970840049,11451.506974693119,4752.887455994577,2508.2822323220157,3301.6272578917556,7324.474284189602,7764.92920078309,7620.434141779822,12208.421364945796,2690.0212088309154
20610.30296870027,19504.81649816072,12860.870148400254,5306.396454696757,2826.455302821673,3670.2003648128184,7531.753806801182,8365.140959586755,8297.808124423027,13022.575497042828,2814.071435463749
22918.98106420385,21659.49085081382,14609.855222863182,5837.984344603751,3115.187935044779,4098.047004918432,8009.227830096603,9188.69327077647,9125.641550273183,14568.174625228039,2992.526664235887
24437.364710498878,25850.428670847457,15182.47042351724,6126.182482783907,3151.3293661677185,4260.2041888361,8976.116097485334,10512.16551189997,9445.646709716055,16842.578310955734,3011.5166069467555
25378.193657367603,29949.541929673705,15269.564675441841,6087.60940445007,3063.070287527358,4318.983778476607,10071.422748274805,11544.259005863003,9456.318431519247,18678.074454271864,2996.52453584265
26012.441599050337,31568.823005026614,15370.169539088445,6076.211810900822,3002.775722107652,4408.8976466963295,10805.92932014894,11827.614540571612,9540.366104532673,19018.987861770212,2996.52453584265
26805.060847831966,31702.80976445914,15730.58797329303,6117.940727884362,3049.090352067223,4515.107825286566,11214.782228418893,11596.523118319496,9794.759597267153,18532.919049068296,3025.3973048999155
27900.164957378274,31936.41803623934,16261.28359224092,6232.96206153132,3101.01680580226,4638.302901262562,11651.053877453805,11458.706990669902,10164.886975392063,18190.74074529435,3038.391075048741
29182.06899979506,32935.67385917213,16635.37533405598,6337.403395835939,3163.508359042293,4714.709482653133,11991.069659384686,11596.275343829122,10375.423565627258,18212.913723457234,3109.358007357533
30520.818868070954,34242.851108459814,17400.465637587822,6594.219259829844,3321.278434629741,4868.042526962049,12453.648612238912,11747.849905634868,10899.28314336776,18412.628295295217,3240.83063601219
31779.457938411346,35173.61860041159,17865.118321382113,6919.568059949127,3455.058044009765,5000.930818771105,12552.828466263489,11805.551155171202,11248.587787012602,18433.80438327958,3312.7028908611687
32607.101365060415,36584.92657661715,18444.889211072725,7274.573443068137,3620.2552569231807,5082.561610652218,12664.964636368348,11837.530663754971,11561.786280580876,18605.43133015601,3417.791929745095
32773.42563425345,37423.95718794721,19034.89294497616,7610.698319123134,3757.8880069626994,5176.395835777423,12906.878769050842,12095.098493448528,11772.076235909317,19289.60803583053,3452.7924244076157
32440.32846725678,39330.7439071709,18740.685494834976,7669.3007446690635,3732.171999005673,5132.46410971661,12988.74115829587,12483.383487868527,11621.681919993796,20165.48104494159,3477.91929342127
30820.209910798392,40990.91465562575,18063.31441551307,7448.0924465280905,3550.1656624877864,4774.424677516578,13027.234269389512,12821.38574979501,11086.382477655618,20952.194722473712,3413.624526565682
28529.909615766126,40735.9900003619,16841.82355218703,7090.487903040302,3297.754767003838,4361.483370015728,12942.65890658886,12881.494143275317,10287.671261166237,21068.419695986384,3266.1008995682673
25982.943980602657,38805.914707086245,15341.099861056826,6585.438481355754,3001.5627353906457,3992.626732537888,12328.49944857823,12279.316503932052,9451.790072161577,20290.0228407156,3123.106044521796
23541.159459012917,35634.73946544204,13862.376238069357,5967.476816983644,2741.373687002024,3654.573577042903,11724.676399607999,11398.65628104362,8638.132973055193,18981.500383647166,2905.5744730966435
20959.529247741702,32048.419863898347,12270.651816157693,5373.1589710932885,2443.42230001959,3371.847157615528,10862.973414262895,10361.63145343181,7703.151467285124,17317.431870879915,2736.317544915053
19280.845409379068,28158.793669118597,11183.54316891052,4969.728406101738,2268.5398425311996,3137.0913153639167,9988.317480818932,9388.711956470164,7127.40164604742,15612.720043357722,2617.1554132739507
18088.869932479774,24137.298070943973,10411.701512622472,4671.395105773777,2158.497054668005,3015.7330960281356,8925.67330428249,8439.979094860635,6759.730371698742,13832.810512064207,2534.983319683591
17258.205719396883,21804.31843245552,9774.157904857519,4449.320236450247,2071.42668838399,2924.509907714808,8270.337875257834,7897.659644777554,6485.858465848616,12846.212510324665,2462.9126243227693
16826.020260922847,19943.16423159833,9526.201645691961,4358.6753005585515,2092.89929171361,2943.200756348312,7844.718101385101,7547.483298036407,6469.403845546534,12176.803392128735,2413.74302583033
17197.23405614549,18641.431879085136,9834.532718959808,4422.967068003566,2212.2621510186636,3073.2398937765806,7472.25273864809,7403.61977942103,6778.442436197405,11807.000307687793,2503.897126747306
17988.51915625468,18232.51645147736,10839.653122960128,4746.272732299812,2456.4967010556365,3295.632309383269,7293.522208794101,7622.067084707799,7352.821260080408,11970.180690843517,2660.9993991089927
19849.302493094026,18817.066196634034,12310.575498672591,5256.672286433472,2741.3832897464267,3652.2170690240887,7475.840539653781,8148.187525772081,8133.448204568311,12786.33358275142,2792.768145595777
22286.20539206007,21106.766314949644,13939.424062406197,5812.237454729365,3058.2718591417874,4085.22662177392,8078.737176374195,9016.86946914353,8908.893900655521,14356.069295913185,2973.4227924707743
23768.63476207319,25151.711170022667,14346.204225432479,6126.965775446397,3127.9769219234436,4266.362875229209,8773.833832210572,10380.556517442968,9125.641550273183,16626.521082548974,3016.513982276894
24472.72649059101,29260.05273250258,14443.742480919796,6171.317801325253,3015.9459174522867,4303.998505225813,9721.462258035828,11389.543077667702,9068.745796221992,18574.379691386905,2973.7740449312932
25516.79377907592,30627.271413369803,14459.505168487523,6163.901110642896,3007.957176657878,4350.952721130932,10106.297544191648,11541.700418241833,9029.07663227029,18786.53866369372,2899.460709029857
26671.53825688281,30123.45095605542,14766.033227842123,6190.436926664809,3031.116441837513,4522.101085422498,10517.43308610546,11293.413475771056,9294.20961865504,18284.500490431357,2957.430822914804
27721.79314918181,30012.991310050813,15259.586529585395,6335.818176545309,3115.3831707301347,4637.4637253543015,10792.233372256182,11139.618026366981,9477.521960422115,17914.00784734906,2976.5352375697976
28962.802046017165,30486.260854208496,15693.314812791028,6467.224631306699,3172.4946004095373,4720.703120055807,11113.176783809598,11201.512728419926,9667.333624564342,17863.097421322298,3002.7607971859547
30700.900703320585,31448.172104592377,16624.548261931996,6586.654141908691,3319.8671453481247,4879.371123755516,11401.741130838165,11284.215889396255,10038.060034359038,18037.080126578996,3050.985247101606
31977.30556739253,32274.705379395593,17423.455297600693,6808.447149831078,3421.744407037001,4975.962682922309,11762.83631768561,11229.885418318678,10119.752198334603,17989.603176683962,3109.9571964841816
32935.45704559794,33899.71773114435,18099.835913044313,7070.002634956622,3528.432479329283,5052.6033990557535,12091.229717111431,11189.50294950542,10302.043024651648,18115.79442752485,3209.8595970258566
33088.72167837888,34981.742521060885,18722.69715098171,7328.608917914972,3661.564881860676,5124.679636151016,12824.31735414559,11444.111883860442,10297.229462165857,18612.13216865074,3316.0705518629343
32658.46737933317,37004.83235050269,18482.440282774613,7359.035971526637,3653.1037302660143,5083.541640891632,13222.183087213953,11769.936964627765,10190.690634875062,19391.294736880747,3319.9108810878292
30921.46426593423,38605.226754453455,17770.57767618627,7200.661708396488,3461.8024865078114,4777.812196798288,13274.635242592629,12121.398238309346,9993.447985882729,20107.585917630637,3258.989909026277
28871.30680887479,38150.0314679678,16586.220210199863,6904.615974515924,3248.312073507009,4378.647508930295,12824.857373849834,12134.832022571894,9453.077163846792,20253.744821209664,3128.1984449972306
26652.05409517982,36229.85621374562,15399.720001710783,6489.358718853484,3002.1591826308154,3936.2364662320274,12609.849057071227,11602.921926371551,8787.820636224056,19383.157585795812,3060.978435513111
24345.491315170464,33367.52742659541,13945.90898418454,5951.896155389597,2731.5842158693717,3607.9069327036436,11670.805177734852,11140.829483898433,8015.038803660414,18764.220071151794,2983.436561013206
22241.264687907795,30355.43433777876,12177.74433043214,5470.864630869196,2439.5152148122916,3245.4251942257597,10983.69690307149,10269.41999547079,7029.132039097867,17238.101285845634,2732.808941165123
20370.14142631913,26751.44981810075,11128.709127927405,4903.272232681532,2279.8806049838295,3003.2931781593916,10048.9441224684,9322.712451452604,6554.955421732718,15578.087715221145,2592.2779190877945
18905.202279251,23020.623914883072,10340.416808005795,4579.342196196322,2124.182428572811,2860.25848454237,8764.958429725963,8445.586104080856,6199.288282381557,14174.270188747541,2526.265002197259
17818.747977323394,20619.136307362765,9677.439759872108,4341.287274975887,2052.103759521953,2796.288081931396,8032.605480518415,7832.490254260086,5904.244202583135,13072.596004394542,2425.2509742316547
17143.296900051486,18734.549338314526,9202.624150725558,4179.739928851257,2014.1255544168448,2747.3120428904926,7605.652640358567,7384.797725673373,5766.344622350423,12327.365848947313,2383.0902681247303
16760.883144731306,17583.768327509097,9043.550854372756,4072.3163692570433,1996.6091071851583,2760.19695821589,7068.070854644826,7150.802763673733,5761.88444203562,11851.391453928609,2381.795684312717
16690.394126522795,16786.25517506856,9101.479051397482,4094.0988262751557,2064.87368068908,2852.3714178940813,6669.708498071308,7110.309715285671,5845.943709040876,11674.354783792432,2379.9421968435213
17727.19477054521,16572.001300223386,9585.312134637421,4193.44376360281,2227.125324420152,3061.241221834731,6537.51364910468,7112.606933882764,6225.7946142877,11731.420084284939,2301.0026022840916
19238.601827598635,16957.301467954632,10527.749763328333,4531.912167103825,2411.258564278886,3215.2641384160315,6385.6040453561245,7466.058293481072,6818.534442939957,12296.313753494958,2450.0024536531027
21222.246295382174,18465.798134983994,11392.814447300458,4867.9200760621825,2510.6986741950122,3457.2069353002375,6766.574742870502,8084.768475735481,7176.855615055275,13352.144962569824,2593.1148285605163
23595.225445985434,20262.28034329825,12604.356610154362,5121.508069934607,2621.889596843236,3714.1595458656084,7492.028576947148,8642.49689725638,7576.344344160586,14318.163941839353,2764.2208038826934
25668.32609206355,21828.236969278118,13406.87480794608,5342.95672994912,2711.959797008037,3908.097330067741,8264.621774058282,9043.992738835124,7817.961499395788,15024.389084802857,2914.03331191761
27367.69558526269,23533.517651026676,14508.664059757602,5555.80999300276,2845.4297990913697,4143.023067675293,9068.380500827883,9343.1743376143,8131.714133405779,15609.33363342294,2920.4736805835305
28959.308660383787,24888.34184176119,15491.554295448395,5776.468990824834,2953.6364995474114,4348.0,9728.185438075858,9629.160875035923,8467.405493709195,15940.116046651596,2999.7442358878066
30567.11934969223,26750.882024538725,15664.572629405186,5932.243390280581,3034.035946213261,4486.033612178311,10445.558062520073,9847.013031283714,8598.608783719777,16326.136315391721,3004.824542621884
31670.606221293154,28523.152136937937,16040.473185106637,6079.623064998467,3155.5206598414707,4607.131569154352,10982.42501894001,9977.976876852683,8931.09823296144,16682.723660034837,3015.9971229110965
33022.64359904745,29710.40759092622,16620.527969699502,6306.724872890489,3235.215494759343,4742.877787732136,11524.077791740574,10186.6774343851,9065.799160758736,16969.727682053253,3113.8130165059843
33800.803824324794,31326.64014761404,16793.227017223686,6447.345961195928,3279.3516697390014,4877.032624821451,11933.550015785451,10388.012479055584,9184.28040837817,17286.822339417657,3046.403789992819
33203.07046435952,32368.412445468894,16936.595222431017,6500.851999568891,3282.7832981226084,4854.4006300910405,12480.167251738929,10638.519614503477,9225.762912557431,17884.509940300268,3084.4901753591603
32364.874171524214,33402.8381533225,16727.249697281346,6442.711281114969,3243.635049177394,4767.156383529396,12772.699488000002,10900.964026430163,9017.120222104239,18444.795631080917,3074.158720597993
30894.406719545856,33559.78926688601,16212.489428839202,6307.039667469471,3144.3790699695983,4488.6213901175015,12576.453246777155,11124.3690673082,8726.188673841858,18720.63760449842,3078.1543536330223
28700.95241343704,33200.4282861838,15477.124016169882,6050.160422142116,2944.485215471372,4172.132953165982,12267.682790995023,11211.896942012694,8338.366843734455,18850.56540218267,2999.9685002968763
26561.21845517275,32154.610434837316,14498.094056323078,5688.038723169747,2746.3766971412488,3821.096596437425,11589.750602206022,10867.709521038549,7800.424809513834,18484.143175036133,2861.9852277186374
24701.130293208513,30047.874911628933,13434.368829345842,5272.036227993309,2555.723493514016,3571.8372804618666,10656.973140839182,10240.304818575447,7387.124536945096,17618.53420267939,2844.252477786345
22474.275148667642,27616.59021101374,12034.51005566682,4824.642691799605,2347.124248165357,3269.4808481723962,9897.278646573244,9598.841304306921,6754.270205210504,16399.169900095185,2681.278409719742
20586.855101182406,25156.250576480397,11026.119047006443,4456.131320972601,2150.554558014256,3039.340457075153,9117.673466707183,8957.380024886083,6314.788685022075,15300.616880165026,2537.5499682437044
19178.903359037024,22152.82030096777,10274.14790571581,4184.334637473018,2055.224038399317,2888.255933129884,8095.674566570281,8191.823762787347,6021.211368653808,13884.708094297364,2444.358890518116
18155.083996570953,19858.095134357634,9696.007371597178,3973.4587018545676,1973.8091149749478,2800.2861645134467,7187.102490293554,7632.19996409609,5760.837213637135,12802.626009836027,2340.1806943415904
17547.31395572086,18191.976965368296,9191.82662690037,3843.457066481995,1906.6388887554137,2748.0981764514436,6666.49183051076,7171.526520322735,5634.393159423039,12068.353568682056,2274.9911324983836
16956.636747208264,17085.66754838351,9028.749493356438,3780.5914256221645,1939.7222985691617,2748.2023993958737,6299.088105772814,6978.6616060940605,5584.553196050089,11704.770797429786,2255.8954229225897
16861.37865023583,16222.20802362113,9071.695036513636,3822.7198420572663,1996.7009228550387,2815.3902290980673,5965.419486526965,6874.888130862464,5678.592125125279,11431.4779050582,2240.7093489212293
17692.696512278744,15942.007044541879,9539.508831975872,3967.535675979505,2160.0461840724874,2997.246462780652,5746.434904890516,6860.554390155435,6048.676368475307,11412.44307064605,2238.0106793212913
19503.73463163156,16214.079859306967,10393.883182252703,4262.707669852229,2328.4299021983006,3197.360476333881,5682.33649365113,7235.333045434883,6559.136071142891,11984.985440494227,2382.0
21810.59917571572,17561.36363024974,11291.936830061937,4526.450014186283,2415.375973910419,3431.1725290764557,6081.822283453189,7778.78450497571,6902.179504883042,12921.624763931408,2513.118532193758
24054.670121108487,19119.047031419053,12416.430650962257,4760.064017066917,2510.6986741950122,3725.102064193347,6721.636279700024,8323.33455676014,7329.872030378111,14036.076448995213,2676.228193812536
26501.225957553335,20661.149480811928,13374.722823507385,4940.764226212838,2585.210305516733,3961.0541488754234,7380.612815258786,8726.010758541857,7611.696066017964,14699.536195228718,2780.3728831544895
28359.395444448775,22285.28949953989,14304.168290892345,5102.112263868473,2696.2616759294906,4205.00569485055,8158.995763709977,9076.082933031508,8126.464655000391,15270.167826550174,2844.42322159777
30348.33890926559,23701.245184204294,15149.64376983142,5306.000626270147,2812.4599860839253,4408.001362604068,8997.49433126945,9321.096835933087,8505.072760496385,15573.841706609084,2912.541348626676
32035.891889021586,25857.645503123862,15626.742198875058,5498.932015003109,2894.8544887500516,4548.047787587258,10019.029070918452,9603.914840788793,8735.297364917886,16099.751298382163,2956.5330819914734
33030.21251535033,27692.113290952773,16213.150166404155,5673.4824856771775,3041.2975441917633,4697.1562744217235,10735.004808105617,9859.20436258526,9267.857300851381,16441.63642417652,3010.822846463851
34170.453510770996,29283.506265169453,16759.878976044347,5947.967252051846,3140.169023269289,4825.002262873103,11441.559512085301,10127.57940359676,9634.826751640552,16755.46157530371,3132.788279300355
34480.76097051521,31235.134604080115,16814.89105245421,6172.205026179723,3211.257661843539,4958.111140930058,12105.594898159296,10379.02843899603,9816.860156227423,17128.67922201568,3057.1144184193895
33464.80217397824,32578.642668232762,16606.32601767955,6281.09866523822,3243.322677625988,4925.317666078726,12622.856417619421,10677.226242688748,9910.12860182831,17740.42287346474,3080.4950127742563
32417.182127860615,33903.765471618986,16333.612734977494,6308.032979039595,3217.2470562840267,4854.227826737196,13042.29842113839,10956.926204780393,9817.838686677014,18356.509866874625,3051.1840671678124
30912.957348852633,34237.37238032395,15796.398428073744,6203.528198979598,3139.956375817629,4572.865255001472,12965.278421803032,11198.675942112986,9460.761794039807,18731.609449982217,3074.992949203377
28702.509365616967,33782.689943175916,15204.522012469344,5944.39743949341,2935.4966397016083,4246.056487905468,12711.88751318344,11205.407950020566,8820.430987361353,18860.28196487332,2987.381220536416
26286.1209431369,32573.99219300946,13996.397139398681,5546.631926155717,2681.921535667057,3924.7335797270616,12009.78219323968,10824.312110496787,8157.7458026064205,18445.492987453636,2723.0197296243914
24263.178023211418,30304.17537884735,12985.124798280196,5124.3526043834445,2517.767323172449,3656.536242276144,10935.805793206502,10073.441272238648,7540.91886265806,17262.230039145456,2630.0367628047684
21592.268507849854,27872.993304614953,11449.276432005454,4650.305773357951,2286.3483157901887,3349.067968961302,10211.275078604369,9352.563615812422,6821.709065418196,16061.065570806877,2504.0096205220684
20126.56814154397,25226.450213082186,10497.100286667552,4302.408021915,2107.8849718860156,3146.8680988628194,9219.693520543127,8716.336511041809,6358.465586242762,14881.60824172293,2382.0
18737.200488074424,21799.741932789475,9825.657187925548,4083.717059645073,2018.5169221298788,3027.73714407061,8037.889362322777,8029.7962395353825,6087.330905870571,13444.421738780049,2338.022959173285
17859.104470131213,19618.864343782985,9224.777519385241,3870.615105781924,1932.8269751923278,2903.5430712142447,7347.881313773618,7473.751132193671,5824.677161794573,12494.656684722435,2264.010557182479
17422.10669376119,18236.104003226188,9039.6418087515,3794.532955920734,1958.0378807112368,2890.545578839295,6738.780264806194,7187.188999497652,5792.255572455157,11846.46618330413,2212.024258747853
17248.19161725085,16979.443004148365,9254.69291460042,3797.528249026059,2033.3681045573624,2999.1974823711325,6448.639792411401,6962.983335059182,5897.505514139953,11460.7992925345,2255.0026662715177
17603.129745222603,16506.2282435337,10047.097491696222,4037.756526740279,2179.272079702721,3180.5431024699574,6126.5751231325385,7006.096458633572,6370.389284321144,11410.152765354236,2341.2113953626076
19249.349234600162,16894.978260901808,11225.681633640243,4427.155979340809,2491.2987476511125,3537.590071820671,6124.577771304488,7284.250609891685,7049.287786885468,11825.165885523844,2468.1207224173636
21761.15702747417,18247.66655402892,12850.455072070006,5019.853095678763,2786.324866978107,3982.4058602340565,6418.490810845229,7959.520460693792,7889.530255831473,13041.660708809242,2681.1841600738326
23513.598446527623,21336.40812806117,13300.940551568041,5365.52622085353,2851.6069912215876,4203.155380364933,7160.783236108125,9055.018658232,8194.820411144225,14763.222837260328,2749.0197440519096
24800.417846834094,24877.06972283538,13369.186248249162,5415.441226673971,2789.1429395255564,4295.571198324893,8253.735452719297,10149.526404884416,8295.812823381595,16717.158205201067,2731.1063802224703
26168.650896736992,26124.842525119577,13524.69810224638,5387.869487295593,2738.8568127290728,4369.357679289983,8828.952062732611,10482.01130489574,8408.55116272887,17240.94735916674,2756.2586072996087
27390.27525846207,26121.85898900247,13839.021943052387,5429.026286467665,2782.808779330027,4506.543885714453,9261.795534115012,10355.497179862165,8686.65428334207,16940.39011264994,2761.4160839536416
28478.212413534744,26341.7510404686,14201.92420642334,5575.584465307229,2807.2982879608167,4629.583973577518,9621.367948896308,10179.965432392124,8962.231365164382,16570.809222680913,2774.2569597446823
29376.712093588467,27358.537523337713,14550.718122257205,5691.999448325035,2850.2451687424154,4729.748532420455,10384.669808727449,10292.81508926501,9184.458526524286,16627.77032669874,2846.0751564850325
31132.691475412266,28976.317726020374,15480.314489314034,5911.261030807653,2999.5959386916084,4885.648828461846,11258.015212864622,10426.587561210077,9705.495869329403,16832.457687279148,2998.002004454281
32485.411653090618,30374.727651100166,16165.142534779674,6237.984887261188,3165.1169861979547,5106.744966811805,11829.93128254884,10590.7399596133,10162.455430895941,16948.862350871022,3125.639257213032
33496.489971743715,32753.952976884113,16979.770920652478,6614.920772296563,3303.4953098663796,5119.4672361219855,12446.662452050121,10972.462555685417,10569.228356739988,17477.77528560494,3245.528685255603
34149.813318642264,34631.90374992106,17749.837983516525,6970.464742634747,3482.4247003113414,5157.227983684802,13122.158323160047,11405.969053580979,11005.08063808874,18360.6620721403,3315.7629373415207
33741.114241939875,36637.252114206545,17697.055628281105,7063.48791457326,3513.168507977143,5135.923070367977,14009.28837033056,11854.35146793636,10990.2092389983,19333.38750566923,3346.5899809062325
20722.82110337662,30977.48599567132,16797.313205972823,5946.806897939865,3517.3664683849897,4073.4713944694167,9518.660624046654,12515.451352145277,8932.974599462274,20637.564381126696,3522.7727723452244
18971.087229487035,31952.449569218355,16128.527425716493,5759.8979764195965,3340.441870013269,3849.1135621242706,9794.024806220155,12617.105452691912,8451.440794339276,21074.834553633456,3478.305258642978
17336.52802220672,30446.017505575182,15109.650029658647,5430.215185596777,3140.5439056779924,3549.499756505843,9439.935340633003,11979.146111430797,7946.182791203894,20136.8723714572,3256.3685730473635
15338.082992536092,28271.82765743009,13822.448703405607,5009.286591083492,2884.941635393228,3304.2232007688576,8600.741534953035,11294.77072509636,7292.928526582463,18963.285784346026,3111.4439299302794
13691.387773064747,25874.3421560779,12194.574081374645,4561.877753002392,2637.800770528027,3032.031858391506,8096.706595533877,10444.303839844544,6663.341235018713,17517.928108001157,2920.1688668115557
12678.7204462101,22897.086923559116,11357.459876614837,4199.188764465325,2494.1410707944315,2903.002070155194,7391.372181946894,9401.998500534895,6323.628050452697,15860.601452727335,2825.053539512497
11924.138358029477,19874.091977212873,10849.22596885092,4019.769863492781,2445.034226851909,2835.0189540131105,6564.382784810086,8760.323470896568,6112.862155304632,14364.720316954104,2791.0194454384277
11484.326070806912,18138.76886651355,10490.869926111573,3913.447231270592,2370.9499892602084,2812.0191082742676,6140.160055083548,8232.807706306083,5990.349570851043,13513.733772793315,2745.019772970311
11474.92125465581,16894.267614446188,10526.102202550808,3938.063642404557,2387.5197423543314,2867.0083439553046,5744.962450471801,7978.584299039396,6110.2383945444435,13039.924192908718,2749.0197440519096
12073.571982081474,16017.27091683379,10965.80571428235,4011.1410521319153,2564.6611086045623,3027.0019852210717,5588.355917472475,7962.193925765332,6533.314002651381,12879.530449982169,2823.0535777594914
13284.10529090226,15626.708672323506,12171.205028471653,4371.789762996567,2831.1479406469934,3220.1890751102273,5585.935670271248,8308.718765680978,7337.87191009989,13292.022969312713,2889.075497985539
14768.78888605881,16388.90917002249,13852.465880631045,5050.22654939689,3162.229625348927,3523.7725467229343,5776.489965296904,9069.763142041804,8322.575443441769,14600.47953299044,3097.333953734987
16251.33459346806,19112.726945134465,15337.655309621461,5671.175999125671,3433.1291581443143,3866.9855431991245,6298.995004094027,10036.893760938408,9003.68984602032,16519.8689525386,3319.535236177087
16724.66287607207,22491.704540825005,15524.445883856431,6047.467540308155,3448.6716167107497,3991.397093903912,7025.7840556050005,10860.684570771775,9212.41960273027,18132.840057332607,3700.6222111459774
16608.214970914607,26609.391083580165,14925.535562240291,5932.426981933662,3317.870305721827,3993.27176731003,7913.460253776036,11853.13053545087,8784.269224716234,19982.783164720993,3762.81143592221
16479.690163523024,26861.472416011144,14168.062072955556,5656.467929128392,3150.9485398638553,3913.0774250528857,8046.219532460784,12073.761554240256,8421.496557663711,20136.735014578804,3637.487395029769
16659.7243700119,25655.9483422855,13862.311569908778,5452.183948891814,3066.458590480395,3800.190834411773,7851.662825604768,11650.597112995118,8227.976088906496,19341.4979087602,3594.383085480326
17079.341091630737,24721.49635354256,13673.003107459572,5298.4084627310585,3027.929148258705,3837.4610124241135,7676.73152020963,11238.222647600522,8177.514855442267,18584.862872322574,3607.074688637109
17538.246621625996,24622.757954817593,13500.231253727952,5298.606831551205,2996.1681365966797,3818.185027208539,7662.556234612028,11061.502444317794,8056.076888645872,18263.762195073596,3583.3343110522737
18260.668641975426,25031.468519742986,13937.94255329094,5281.237847842319,3040.1033554847513,3912.5309033514254,7812.320214321549,10941.904828014938,8258.493312073457,18030.342022902867,3613.3810311331963
19313.937087889397,25024.029540543143,14556.454978072854,5432.206008507602,3157.925872752811,4045.1222444212553,7828.496578555131,10840.287352074914,8506.089865429822,17827.056796594174,3622.8251473747587
19872.38349828945,26207.59664867673,15517.373414741374,5506.087206586726,3334.6855792834153,3944.145910297594,8085.725266351819,10815.476189965126,8576.17605036462,17901.12299952576,3505.49789143646
20997.67846159485,26870.137276083504,16657.8943690855,5745.92997769756,3566.1356764924917,4238.881810962191,8274.890128269557,10965.718051100635,9099.912640773606,18280.23115860552,3572.269644676762
21451.34220634931,28720.20255060466,16890.45098634583,5873.556139684527,3636.2254276438216,4269.994722465225,8886.752926107883,11573.716792969824,9250.575779113195,19372.05060308069,3556.0037623164985
20403.838505521235,30922.118690856267,16222.192706472108,5817.019356244095,3435.8872253043746,4045.489337675294,9417.171157737215,12266.632278927329,8821.424068546803,20692.63677145745,3482.859331037286
18916.26187017723,31901.86106090108,15407.77840834276,5668.837279064963,3262.958853469878,3794.0254855105713,9667.864046972709,12334.527696492234,8294.514266524375,21017.31306604083,3356.6629197401116
17278.416275920805,30376.998285161462,14442.744461425431,5307.81637625123,3050.283907873785,3485.5091479066646,9367.93180412464,11759.641225025334,7748.888659360332,20218.750909359547,3227.371953702034
15405.9781095972,28233.766781858365,13139.81846823213,4847.585026781735,2794.68592597226,3236.2279665904643,8797.25030679342,11071.704423778743,7083.858775817153,19016.01200505879,3071.391258603789
13646.628002456295,25794.04765723975,11636.31053947161,4391.730157075574,2563.066580167505,2989.0505788069286,8150.824682299688,10205.068088595783,6426.915685739077,17567.468865065115,2879.1713072419416
12568.859120686357,22800.825918725364,10861.251237258712,4024.3353596723377,2407.3839912062354,2846.0021116845815,7377.001859164928,9209.245145447027,6048.773709862334,15878.39400300071,2783.0543543411472
11873.03320886683,19866.89812946367,10334.620471394315,3852.896446555351,2303.1673099900972,2767.0086444938906,6572.5493792012185,8593.49536620915,5826.834032641341,14411.175013677828,2716.035590685159
11452.631752546555,18144.372892517178,10017.761160274553,3746.4290830413815,2275.8840991713605,2737.0196292192454,6095.043305781099,8111.2222587502065,5727.289762921866,13549.548929724499,2696.0561236671597
11449.939451513668,16884.09931270252,10025.652152305362,3719.3174326415897,2321.565166540749,2804.008530804489,5754.107604691309,7756.894267598551,5813.0527255077495,12966.418166782909,2714.0356170942428
12089.836802936456,15903.88756424033,10562.594528712854,3873.345568371651,2494.578013396527,2971.002022699115,5544.539278804181,7713.235240485048,6204.304914181531,12816.050422737198,2786.0194805131487
13144.885143610818,15578.917248937181,11842.523629774798,4255.60874733439,2766.2012387825066,3142.156773827485,5508.1346127365,8048.506901534341,6954.108219144633,13257.042352479066,2821.0773360986977
14739.220041099281,16269.867376103992,13493.60137254503,4912.199309096526,3069.998127425426,3456.787960518772,5703.405755967068,8780.806545678905,7879.627074555158,14468.434364020088,3030.290516512188
16271.85376095937,18919.772253560477,14844.57785846852,5501.687101095562,3354.421979357629,3821.8943468557654,6263.03159485953,9728.961657172238,8568.167413440204,16349.97657075189,3264.4226649234256
16674.311928970197,22433.597719739304,15056.832915525341,5900.508865537999,3376.9792180286245,3962.4154929727024,6985.652314118471,10598.762051318476,8846.511258054696,17950.701254400916,3640.37026042552
16501.52795639269,26586.99404129773,14470.16158247638,5748.7178886555985,3204.2525149432504,3984.4015093487164,7933.4234966176855,11683.750475992187,8471.522630097736,19745.11665192042,3649.818865250941
16432.558254763884,26881.246162218908,13716.706952870627,5494.508785703264,3043.099011836231,3924.954913890614,8074.384882291563,11931.004547822682,8195.037082741363,19942.435072346023,3532.444270411146
16468.785486351575,25664.773327517094,13419.376524587875,5335.159196465048,2985.988473379917,3812.2781246904856,7892.396217906407,11556.545035404732,8027.6879846697875,19153.212319270955,3533.4441419489317
17269.21766133828,24773.44401147901,13350.501779588021,5266.0659392466605,2964.216549708676,3862.5514995292206,7758.805248476439,11179.92551256315,8099.441195344551,18445.082505458642,3537.4436288421116
17567.067798970238,24787.75079374456,13236.83949199197,5181.190546595445,2915.896652064617,3835.364252287014,7803.934523178947,11045.939484560267,8002.179984196047,18044.113990356833,3501.3422900736414
18445.301867284685,25265.20761132278,13649.377153147032,5240.697518879015,2992.3733360951483,3921.527253973175,7904.377595023857,10945.691108697241,8246.287558099455,17876.804390499405,3548.4422238920115
19647.675430515206,25360.327770303087,14332.985307146582,5381.289937862261,3129.3620885954188,4060.2325471565005,7950.506472969843,10777.184516321982,8458.4378208624,17570.693790548976,3552.9214130842074
20158.1739597893,26557.24543954818,15304.879514739428,5435.407701554026,3269.5864900642728,3949.144411241055,8140.8416990740725,10784.724829916988,8478.909709911444,17666.88500421525,3403.141418458237
21200.99365892651,27189.644543858045,16374.463400643222,5666.279372972676,3455.123874403802,4219.895458859053,8314.036703955791,10798.757437940154,8992.667549604083,17950.498862122688,3513.195493078075
21484.028955134127,28992.327859234098,16596.917837315737,5842.827275570412,3525.99027822536,4234.8846735013785,8875.775521210355,11349.852943441416,9169.754973454566,18922.354834034704,3516.8507714912867
20286.154904038962,31122.890600904037,15778.52257251248,5799.8402871135095,3398.7865260971985,4010.51213642321,9384.244789418142,11980.075548606887,8801.464666153239,20246.60382835075,3417.7220868504564
18831.970226562396,31988.12425665969,15015.494574723769,5571.785878967629,3179.684174626846,3767.161741909664,9656.41842145447,12155.604369932484,8205.911129164511,20641.347773605343,3319.0779621260785
17288.18411907883,30454.766367459753,13965.62514846253,5243.099228355245,2985.988473379917,3488.637178260826,9319.574786227024,11560.542277201195,7639.310573277932,19884.45296640539,3125.384353368498
15613.470616555636,28364.100333188573,12868.710424555009,4784.8453231004,2764.538359212818,3234.271868027107,8773.2924694191,10925.112126556185,6974.625273670673,18749.008769599914,3050.9852823004394
13771.83101121999,25831.65175188072,11309.820354355263,4322.6380484942965,2539.9161645952327,2975.03247264108,8173.370961395951,10020.136028068708,6382.1620689498695,17220.391592834563,2819.105514829203
12734.33488441181,22799.26904987914,10515.002690287034,3955.2467977980737,2380.412749692763,2822.0,7424.322620900353,9072.427046397568,5968.870662636601,15619.73852456255,2742.0551740532023
12018.20493276846,19979.126236504468,10054.253770214973,3744.840489232841,2268.890245344149,2740.0087293876586,6598.695249324202,8467.797041095519,5717.952410354157,14148.790508602531,2686.0563344466705
11500.46369982965,18210.66369234658,9698.447338980812,3643.36821035205,2228.9261501612477,2702.0352854480325,6129.171810450628,7964.206551207692,5619.397707353444,13279.797662380704,2627.0206658937036
11458.207301670009,16921.23303427504,9656.578012761387,3591.021906267619,2268.7438509003787,2740.0196078366675,5835.032562723842,7644.279341087304,5677.3391954919325,12800.68849315942,2643.0205401219046
11931.390923908039,15825.148802780928,10079.307812624002,3708.58958362813,2389.6509576277617,2866.0,5572.515181369325,7557.627099149917,6012.175536757208,12582.076814715452,2692.081080967073
12762.306147207037,15392.784492397537,11196.689056750438,4086.722134866075,2656.003367983408,3059.1610867756017,5532.975371344918,7796.914228969534,6710.8726097203025,12990.314976661506,2735.108794666343
14443.680327690405,16145.830610805442,12728.239935831301,4734.366740046819,3012.059531010129,3407.8788352053302,5706.403312126978,8481.23685582702,7709.487107789239,14156.487441421483,2958.249769652053
16146.758495091637,18676.705893148017,14258.187562593455,5350.686745314134,3290.514392570079,3785.0305214539967,6212.084203016873,9438.555633287591,8396.24786619142,16012.939156704912,3212.373726767086
16542.565861928466,21982.997794931976,14411.329896966852,5724.1777452454035,3304.3020412753444,3928.4374272417886,6932.538090016517,10351.448813411702,8637.254930777119,17642.97275953257,3542.587734267189
16631.753674301926,26124.41496813626,13868.07930768292,5599.345021678368,3160.3161207775984,3952.2964547046154,7918.8923786819205,11435.920687779035,8275.689923201542,19502.886669530017,3628.7666606152175
16850.200727019183,26329.289006472085,13253.026567266994,5383.477722415773,3043.099011836231,3880.9780623747074,7977.343333241398,11676.453845732498,8032.122523230465,19668.124145998238,3489.4498654704753
16997.41272444192,25137.84459406217,13058.943938112332,5234.918371323906,2956.0319571689524,3786.2872180518034,7835.688494422414,11310.538195064904,7953.0504494094175,18871.849152096365,3478.4513194743663
17612.113635914484,24356.384287303907,13028.438923632038,5196.565054859207,2933.682587917531,3830.463784643091,7812.320214321549,10963.8682225729,7963.481389885832,18179.304757194746,3460.9466967899807
18160.944765424603,24433.61081560801,12925.53399835261,5124.883748579284,2901.1141900656003,3803.376158081323,7862.443042907513,10791.948344133914,7881.9631547962135,17773.352448732945,3455.948110718417
19264.239646629772,24957.41153903867,13332.320450361609,5163.415877283263,2971.205863490719,3910.6341548027226,8003.237720352996,10727.84722893204,8122.309303580351,17668.15981347702,3458.3984630105156
20464.438445849886,25090.366097562106,13945.40566480849,5272.056291609073,3076.508160427901,4040.2441121483926,8123.042906452332,10596.07412298879,8373.386509459544,17383.23065524871,3427.873548046266
21013.388298330246,26334.938387869253,14961.494606593917,5348.137637299583,3223.452379235141,3935.2367913230123,8464.765902496909,10580.643066385643,8443.229109055934,17428.654830275525,3305.992584600675
21827.875273703907,27040.606372045502,15835.436921417859,5610.379654829304,3418.1958843494067,4166.073505502312,8903.25969038806,10630.800716843625,8866.710841592418,17653.730188579317,3373.4512247868547
21999.111950711693,28939.610828229834,16076.222068061066,5707.638068097269,3483.633863874512,4230.024540915954,9409.18895605967,11116.810531074572,8984.930738357767,18659.57889707707,3423.957260837114
20623.809928486204,31138.11654714016,15446.361372554693,5660.29001478182,3338.8373250966038,4014.5095097386957,9848.378152986576,11725.09473774177,8605.63786499108,19748.06071630482,3351.813393652972
19068.589453604087,31822.98126415888,14687.508626259763,5458.759363962783,3185.6746714068395,3777.155749051964,10072.856370914205,11915.194232279779,8141.584542411834,20099.434735711697,3242.484947115352
17652.68812851464,30127.161289649008,13565.316971065095,5146.661753176218,2971.205863490719,3567.2714900281117,9590.857489443992,11368.023115728494,7569.562159947461,19353.29647385554,3049.0316796678885
15979.641467767135,28114.374063911848,12286.240114162787,4714.393583431289,2721.5983473986325,3302.747966210982,9068.49456958277,10492.784262778887,6963.43783719781,17969.479902161103,2861.2063503458658
14240.785198116646,25858.509000383052,11143.224703778687,4344.958507445138,2496.454196028291,3029.290614229611,8513.680257864655,9682.486260750451,6264.761279998277,16655.810386647154,2709.366106788078
12860.038715999142,22832.87062382409,10299.978974837073,3944.8253161401885,2363.2670802321845,2859.0762980328595,7569.695738453304,8655.639114283995,5882.276418610745,15084.720399286958,2597.647894052915
12057.573229031133,20148.137664990587,9686.773243418933,3726.4427800198423,2220.372143803695,2737.008798727759,6673.254248369825,8069.580410994189,5565.132663196676,13681.161411177243,2526.7448176821135
11620.507945522015,18241.394086766264,9300.385024692729,3568.9143955002382,2196.387881960099,2691.0,6159.8146887133125,7488.418541756628,5468.606001707226,12712.606404680771,2511.921525816098
11331.728996267058,16793.137005092794,8926.420000299733,3516.5999651732623,2152.2888084881047,2648.009031609215,5707.547286707635,7130.756013600452,5419.06354049308,12133.606696349876,2390.998869541987
11152.162976880352,15832.189203854907,8891.02568150156,3521.2887223560715,2192.9221826087983,2647.05617270765,5507.994377601359,6958.210720652496,5538.833975758104,11929.683432710548,2318.1315101703553
11083.126918441278,14950.75448137743,9173.480441472884,3668.4287606069347,2305.977270026177,2704.313041827783,5327.068338215956,6921.7963384105005,5745.954464181068,11840.567031986913,2225.333293628273
11886.30009825554,14493.976456274562,10260.885127627073,3955.7194379538923,2531.087971067923,2888.165869871192,5217.7697150869035,7123.625122477244,6338.751325000725,12175.30746658612,2478.940845095684
13291.058575608427,15170.42286194935,10967.566068775957,4491.821450580917,2695.7032192361503,3242.091607689741,5328.192142592558,7559.633248575281,7127.786485981459,13070.46911228833,2905.16491304286
13974.033390164368,17465.43561292014,11565.628762906603,4779.851866571873,2761.7889908533903,3397.4057686832894,5766.067652721524,8197.812379654695,7301.0646843635,14200.998594014822,3164.0477605268156
14807.314766565356,19304.458410212377,12115.596627507974,4912.004694747057,2788.040744220088,3579.083381940827,6293.182497947487,8713.24282865394,7474.035153175711,15200.859355901423,3354.529515599037
15502.63031926961,20567.402594981617,12230.92952878172,4950.760436631796,2766.5033384094704,3654.2401273899604,6638.0065114119125,9274.99176377739,7532.125389270969,16027.991515181671,3382.6576862595925
16243.173349429066,21814.020367878766,12799.810740054338,4981.788138014984,2817.937516245127,3772.590003828215,6966.243916573049,9359.07519202275,7719.217521219721,16127.992329130357,3477.618668976948
17180.257428012916,22605.764130755153,13017.728635609883,5045.573898540341,2839.913305334248,3846.8815003630243,7224.630470187361,9326.839139949725,7819.81882203139,15996.413759581766,3504.0191542990915
18055.78540739738,23761.802243603022,13218.089713411096,5036.826792085126,2872.3961567313113,3911.9616966307894,7608.278727824839,9505.058818290767,7912.1057825860535,16201.155954900209,3507.853020615226
18657.739816418405,24833.202079736428,13270.430043556691,5073.224753181898,2892.9299276666593,3993.27176731003,7828.61874372923,9580.316726931282,8015.635375481627,16250.84588584514,3482.708236348087
19550.638096892144,25387.57699517038,13656.9146746874,5162.997986625919,2939.674538545929,4108.4108606123655,8066.731894286936,9670.851591449684,8221.703008136767,16345.23914609256,3466.711596170936
19950.179760162602,26159.1629751537,14298.479458996795,5096.14415518498,3112.192269813254,3914.0768702132086,8388.156379449676,9803.356291491755,8052.454231222304,16472.77663240626,3110.1900733862035
20358.68597709524,26430.111316103477,14558.318608570551,5167.2114929025065,3160.3161207775984,3949.830360533777,8650.397632577296,9811.10196362064,8218.344210788035,16595.712191401395,3084.3734103041093
20723.333518135634,27222.424796620544,14815.279509088397,5228.121108140396,3232.4049793497034,3959.51203538914,9043.36023991159,10240.204779330528,8346.315762748025,17386.83047298287,3160.187109680175
19755.54959021597,28142.471715933065,14603.92457157733,5330.36066300757,3176.2927724372776,3810.0156050953087,9168.276652622348,10581.035050137732,8185.055670957991,17830.907650499994,3095.372110609497
18413.018651856662,28742.63239878079,14195.718771164724,5230.734202587813,3072.250936136061,3648.9773631374255,9444.160206733339,10756.175378080998,7774.627536648312,18264.25296706943,3033.379556740869
17233.03102692541,28026.784016786103,13328.426337722063,4968.614298543643,2875.7622558640105,3456.033787272264,9110.081513305431,10536.563393282393,7264.600932314923,18029.71612115166,2948.032771944814
15692.859373094976,26510.719528569218,12322.1794272661,4605.998578570394,2695.0806522907665,3260.6829867113865,8626.696786815886,9897.74233076478,6761.744454207622,17082.337986813865,2806.2540820113504
13705.428935219088,24687.822077054447,11069.138362921803,4200.103683757151,2471.480590254743,3014.343339017434,8041.565448268069,9227.853502834978,6185.867493761703,15943.477751455293,2615.975287741455
12580.501708183958,22558.398360987183,10239.042137863225,3873.7409155985524,2345.1261683665202,2818.0536736164786,7390.789190103851,8361.446265217412,5789.2117129192875,14713.585922478649,2529.6647844400554
11749.40405481014,20042.475011655926,9655.65324997902,3675.6140609850886,2271.6014283996224,2705.0089031765806,6585.357667883315,7899.884002232102,5525.1720860717005,13352.466758829589,2465.848179008269
11122.498798400546,18044.698074190277,9365.473178779688,3530.8178858885894,2205.6519478945743,2623.0022915339628,6070.585379256527,7371.647236963734,5372.541163559081,12389.932054221164,2439.9477259871064
10741.920706971869,16505.15481070076,9076.361349226492,3466.515435339098,2182.149579766353,2584.0207852116923,5631.612141272389,6948.803451143791,5310.866953962868,11805.621077885638,2293.5112486616695
10722.11625670365,15543.012177443912,8952.08778367155,3490.204374935934,2214.8122906048984,2591.0367862832777,5426.917311949653,6717.325028418969,5405.6601062165555,11491.633829310424,2249.1632634523803
10964.954628749823,14808.74014624001,9080.43224594686,3610.255793141969,2306.874871660756,2606.3245661541596,5222.13301543001,6685.770416708358,5679.003570999055,11400.689390520305,2205.4777838483146
11779.574743208072,14530.633654361342,10034.776077872855,3942.9455994664745,2470.2271858896847,2785.1360573310644,5171.915918621727,6770.6100445452585,6199.863769223552,11671.259112594285,2395.4736391710376
13211.473724970536,14901.36693384894,10830.401018083818,4442.1794555412225,2615.3812599737366,3143.1236447227398,5195.024922087005,7186.619544234139,6950.664860944004,12474.5408126564,2800.2546166662746
13916.462868312094,16985.10732028758,11444.43191273053,4714.93828445819,2713.822255089669,3295.418602146552,5692.8124565939825,7819.905438693069,7250.1645265943625,13564.8527762511,3069.049250264159
14862.82100009756,18730.65853629986,11854.205592093569,4834.725856781006,2760.0625688026676,3465.1202775239967,6206.290093374909,8389.29198279894,7349.071301586879,14533.8514754806,3259.482358194856
15653.610640779616,19761.200813707583,12019.655435649893,4846.5178042937605,2729.0872827416124,3535.382148549826,6610.601290881494,8998.3412971294,7411.16232469444,15465.060208035848,3262.544821845177
16537.802086096734,20701.66863058749,12529.836153185457,4897.5029985140445,2802.9542557067793,3635.652428723095,6991.4002611933665,9176.680611347463,7619.2161840765275,15620.333826317621,3378.806698186228
17480.486536661174,21379.288182532535,12625.560965439847,4972.964775741453,2808.297032888259,3716.950274288892,7238.608324346013,9225.037849234526,7741.765130341911,15559.610268653742,3426.04314819199
18320.168337654955,22550.4643663348,12963.899511268612,4966.977910622214,2818.284534494783,3781.0327676978145,7689.778623101429,9385.442333890007,7833.055125759418,15864.008169211902,3482.025809321565
19069.065347884352,23454.767131503053,13168.838989947875,5013.358451022002,2826.2746037956153,3853.2330143975796,7973.689265565575,9461.120770513626,7971.041331059426,15955.99211271775,3503.9347088854975
20146.94960347987,23922.328721038903,13602.46862435444,5158.761246271091,2911.7124064213635,3989.3663110986226,8055.982553029304,9548.500335832005,8185.092230898035,16043.070430253067,3472.7842239750003
20586.402600701967,24580.462151603155,14175.932180159278,5015.859858722605,3049.285418745554,3796.9073699766923,8267.93979772329,9680.482591094005,8000.040600529505,16161.96694706124,3143.1881069151523
20664.709016215995,24889.552568232015,14423.254209380706,5116.898844433762,3158.5160391842546,3869.652171378071,8339.429350704859,9664.935761581437,8168.679205213329,16215.60649467102,3088.4274830595373
20788.674957474905,25595.263829839296,14811.174415658497,5214.153059204002,3254.373007232779,3925.6276611557037,8607.935960536972,10084.714452957638,8348.771502195748,17017.291468454776,3178.224813476259
19895.897661842042,26588.6538651619,14635.299807367986,5320.572989368687,3166.1155917312235,3771.0264465871246,8728.085563692624,10400.204453511597,8165.31456810149,17484.631595348543,3151.2694096127093
18632.525958428098,27411.55505925078,14131.830015053218,5124.079444756491,2972.6308884887158,3554.9208784282155,8988.092735521386,10687.560390760038,7738.906689241498,18070.95437317201,2895.2927807578185
17037.416727588537,27214.671002218067,13285.044462443057,4829.917016631076,2821.8395915902615,3286.185222808061,8850.020657293378,10223.065031338092,7152.257599267756,18030.53340966709,2809.2101078380515
15600.277608456747,26107.30815240473,12301.83875558185,4378.474261739824,2652.3167980891853,3095.0960050857293,8415.188000560665,9932.204760942259,6661.09676369381,17560.14989556876,2688.0795286106704
13809.527278444028,24356.486629434843,11359.18019348528,4044.619205033068,2490.9775021710557,2913.0082654104604,7926.559440810625,9254.111525719314,6192.781817822088,16299.152964531024,2594.082379742617
12845.03877328687,22188.362559395962,10470.296478588458,3768.0401024356606,2335.4622539202132,2755.0086820197184,7306.965184980314,8532.072609748175,5805.466302728399,15074.44891565669,2500.1513395703546
12026.04743040304,19377.429244218867,10051.45758439439,3555.5816886698904,2269.0428813777717,2685.0553845628588,6401.709864459446,8139.591927269919,5573.80865553015,13761.510164584986,2471.15308926714
11557.4092941742,17701.644387951546,9779.336893411262,3495.6099824059156,2234.493130538456,2658.109266394667,5897.282473000153,7648.147521271117,5509.587532098708,12867.806227022093,2473.117333787799
11414.829506127731,16305.5942931418,9646.016487863135,3475.511350369298,2265.7462870220975,2697.0551402496008,5611.629516879452,7353.944916951746,5609.520412581829,12396.694146003769,2417.3493709354357
11885.30083314017,15543.099215470907,10242.367713903786,3629.3450010108872,2432.6202850355953,2847.0,5383.542503206574,7250.100266765773,5911.5803119990205,12204.324805756885,2440.346151613663
12672.567522139809,15397.439812201637,11519.276439298035,4059.8871541829503,2656.863399269888,3103.237901929612,5366.554296157269,7547.973103082653,6676.339138534177,12552.473405320785,2549.0838182669913
14392.744804024698,16068.53533105484,13383.659484273772,4725.480250920396,2987.256786305519,3459.1222891336697,5546.828158642246,8239.096198491343,7631.733806466462,13608.660515882479,2829.105137497712
16104.675235044193,18825.707281198644,14900.417214624285,5394.88486805578,3272.3471913805042,3873.0233234180646,6203.613604861219,9263.89136444271,8545.6032197762,15487.475307717708,3191.774767796027
16404.753545313895,22529.360004016584,15202.756462919817,5699.79877605532,3275.967759954404,3953.682596910659,7022.548698055164,10220.496864762454,8750.733494687265,17433.818368017673,3454.217388258892
16373.326210591391,26525.148997064716,14689.293770009246,5589.361115945835,3169.1114139927686,3961.935863383253,7904.919074297712,11128.60551919431,8504.616436459753,19048.820899305098,3487.6373657548756
16206.601039436064,26924.367642887886,13991.014302595779,5394.461333736421,3016.5742763489097,3897.746087653868,8040.883744346779,11409.611154067492,8223.205108660111,19455.440307927,3406.303107541428
16383.09519741278,25749.513280982523,13829.65840189693,5282.85096577101,2964.8276062137943,3850.174841936145,7881.025656871914,11101.4624534159,8145.689938168382,18922.45042719223,3369.18059551348
16960.264621740673,24827.230632403654,13714.643881531845,5235.72730883195,2945.048139727595,3901.3403357768752,7751.815739038984,10799.763333212783,8173.078041899435,18300.7870675871,3377.1801616959774
17352.714793756175,24705.19282673065,13511.149449233204,5222.935430457649,2913.0959635412337,3921.3332530267867,7796.345231279275,10685.753239265021,8022.478833931454,17931.71492405617,3356.181304940305
18077.439296164535,24915.757091414805,13897.814534946512,5272.057306409033,2952.844288187206,4009.5922296638555,7862.645243588216,10586.332620291363,8211.227617890341,17721.605371845442,3374.115084731728
19073.869065198523,24733.621063217804,14598.158481429915,5397.45687655592,3052.685246000069,4117.752659766344,7810.323335406461,10445.991133675168,8441.9024066528,17402.09242464818,3379.354892121095
19971.44718804958,25687.288964421074,15655.183193383202,5509.294202248699,3258.829541008376,4023.8836522770407,8078.320685445006,10612.79826278287,8617.50196646797,17798.997416373066,3292.2240272630547
20998.168003739083,26615.42692093886,16813.444769360707,5737.354919725382,3456.578338060188,4246.697332812385,8272.415142258611,10860.029590004595,8961.967038364948,18193.401904637343,3326.1829635458216
21325.193996407696,28503.162293245216,17180.051071553,5849.960414103167,3545.175093305069,4282.583204462,8779.15235187288,11472.070841676925,9057.807350242903,19367.186987067897,3333.1825738293423
20226.971579312616,30732.068939685403,16506.429312098884,5811.254625287743,3376.609030628808,4041.203257183312,9308.279113041921,12095.175841417955,8777.230696414896,20569.797833592944,3230.0467775152315
18909.19489844762,31680.09136012325,15668.105630036756,5609.075691288646,3183.0935536134443,3770.9447673394548,9623.562711630962,12196.04131448832,8288.19531944504,21003.15898019787,3147.2795200245387
17260.96001249543,30471.198529688747,14549.265644465022,5216.002684785328,2945.4485893895135,3480.2965478484275,9301.721958926344,11601.444543464124,7696.556624246908,20217.09112944966,2982.031992874657
15427.156977893765,28385.51555250814,13220.661941874325,4717.383431735088,2724.787720137741,3238.1520647472657,8770.662021325006,10814.281254520965,7025.535400078573,18929.74012888536,2802.034034488172
13628.106637263678,25871.483053310567,12067.595065546158,4264.863342043639,2494.794543685166,3022.031964468177,8022.197660402957,9948.866035975574,6437.702256246084,17439.415748762553,2644.3749051504265
12466.80159735613,22979.038219537368,11261.41201862454,3915.076315669816,2365.265045034937,2846.002104770742,7270.199725238574,8987.736852464406,6031.290105909877,15795.504866258012,2573.1128307825747
11648.238441256808,20232.781749874186,10701.8562364538,3696.6240387414773,2259.0524670314016,2794.034131291537,6340.276966603881,8392.525660178217,5780.796184080944,14245.242233338093,2535.1492804063614
11274.069962275384,18342.437477602176,10345.877386170603,3586.3617431614716,2208.7939017643685,2770.077197899765,5890.9819580705425,7897.107129496666,5779.537826873567,13333.225737466957,2511.1903636180014
11178.461440764044,17013.961092986432,10131.48859862667,3557.475121823025,2252.4805937715455,2799.0340707250166,5610.482883993983,7538.960249593738,5836.628584460061,12784.481979497004,2452.2900117537074
11725.146007282043,16113.91059604648,10463.793844105376,3692.321202071191,2439.750730748048,2973.002015000497,5418.785850304749,7479.424037946956,6207.771598326867,12564.696053806902,2498.235786252292
12914.635827695252,15871.249509082067,11746.714235314466,4144.846848992351,2679.2768577200586,3217.2293348129742,5390.670816630703,7790.780057430267,6943.264009738347,12858.745397447134,2565.1131782646526
14521.745302586576,16663.90751941555,13696.397884133414,4809.555168953743,2986.9216064520306,3590.263045531867,5644.758305365438,8529.799778208424,7934.721331936368,13949.634569200245,2827.0535013200692
16147.05442646331,19376.547070231678,15407.223247793981,5416.486918119232,3249.3802328040624,4007.0578023182893,6204.6126459553825,9509.99097229873,8772.610606379549,15715.5850610038,3204.7715299847446
16357.38858726397,22982.351741061455,15891.887552704275,5702.793780657455,3243.5847565665395,4084.723535772355,7034.531203895319,10386.64964451932,8911.85312483882,17573.992530411128,3431.323825507891
16073.782471983677,26851.273035613853,15611.66014552576,5562.404882153434,3088.4244099822063,4043.123341605926,7842.8144885836855,11216.675124556148,8587.675861412114,19162.208096015736,3474.1172735941877
15856.997489050567,27158.01217303104,15021.99704673046,5365.309083326948,2943.669191817761,3934.6237896797684,7996.745500539407,11349.076005002471,8276.326605255716,19425.294825232668,3375.3059425774177
16023.282343515,25871.38028617907,14838.267710675935,5244.90421935028,2895.9255551790134,3867.352550727699,7867.0487469057625,11045.529895270734,8146.471597157079,18863.346771733046,3374.1803241330804
16533.944643672592,24932.967922761352,14866.814606359014,5226.929734740453,2905.9110502266262,3903.3396241173555,7750.417774846905,10751.649897484847,8108.7576113809455,18260.50481560438,3368.18064988761
16728.889919955905,24845.37192164093,14815.491708978643,5196.593074377816,2875.9548902424785,3879.348214228143,7776.579432439371,10584.012175520367,8045.654808687015,17955.010685918976,3358.1465618238985
17647.92376254087,25267.04296310324,15153.401555316626,5233.30922516967,2949.239632592219,3971.50729233343,7819.714276470658,10504.931581968998,8129.834363182728,17857.629439099986,3356.181304940305
18876.290750180608,25211.431851426347,15779.029281381861,5364.905834403529,3052.685246000069,4066.5690525793193,7883.611824690781,10401.19933009529,8358.750971079864,17604.562657765728,3367.4094608040136
19773.878275258114,26373.392577692226,16909.870594617652,5490.321297059816,3260.6032040040905,3977.74954163136,8111.266629001369,10599.81235032576,8531.07793412961,17992.27755347886,3231.1202377618974
21072.76908309133,27326.742435419746,18022.42548606849,5715.197757027176,3429.174299721314,4220.509680215866,8489.29973751373,10824.404589984735,8906.916575672149,18483.74347931312,3260.15102515438
21463.320906353358,29289.79607879966,18167.03515072702,5852.763295284561,3515.0105933790296,4289.484511606735,9049.529829212861,11369.197335369421,9070.838497927822,19644.27669392983,3293.1848234181334
31690.759642492976,37500.38396798563,19230.619329384088,6887.068586881414,3543.741962607079,5127.066978317924,14353.228237185987,12538.257267638566,10862.929743172876,21020.286328593214,3360.039266323554
28574.1073209676,37275.96384932625,18172.67283000969,6711.29409114926,3350.0224814019834,4669.367198126302,14021.776295563099,12457.41443230875,10339.924663084206,20853.93218268783,3230.0167493217814
25838.181917544596,35881.35814155755,16348.152349870068,6428.08099598447,3086.0501943895456,4191.158795753819,13537.896166577413,12066.051054104446,9438.83826751149,20110.147148630112,3057.1993128667477
22926.159164037887,33926.99240066366,14562.569177222724,5947.011299406794,2831.2238303430604,3814.856285858693,12812.098330400124,11434.5191669384,8501.004162379226,19283.6179765948,2882.2116146015564
19843.865062466437,30634.82295867877,12911.45231532782,5453.7670181533795,2552.0807181186724,3475.451717653531,11628.165016491204,10626.368854608489,7608.979667246208,17928.686732279963,2724.0801185843616
18255.552951395654,27134.89133058578,11831.235127443702,5053.601997535881,2422.8833275622646,3228.228540689304,10553.521652010504,9560.640130292677,7127.350755585264,16272.447554345032,2658.082129159083
16863.00863841005,23956.499492647567,11018.860471196225,4794.832279957845,2307.3255888869367,3055.127250387337,9534.284603725744,9018.582108289516,6746.489580655037,14841.998933402394,2553.009435196914
15941.96292044171,21598.256341096887,10359.976018841491,4600.179361426696,2261.896431745785,2957.0737452197695,8766.176715468859,8432.667943732165,6455.192569251726,13796.848294741729,2486.0218446512677
15284.369813876312,19970.18382388582,10094.309149578467,4491.786849373366,2268.890245344149,2962.1312967417166,8221.126235478943,8030.456931353357,6373.17962905267,13193.879153586106,2471.039146362306
14944.30827473119,18837.165533244603,10344.144298727766,4570.040569162046,2384.0893397453024,3055.1994453731068,7747.2208474398585,7921.33683647166,6641.096111694543,12805.706809156896,2496.087520115959
15728.299139335912,18329.063999898237,11449.400214609293,4844.41252359264,2597.5120804248736,3356.4680993198695,7547.141992743351,8098.190739638554,7258.376320177223,12979.262101915872,2655.146695150857
17895.77252367138,18857.241643825782,13085.171796345472,5384.9495046754,2909.350032033225,3793.020302587062,7560.316694897417,8601.49974231419,8090.774115658349,13606.75675385389,2726.2614006810413
20818.15607548775,21402.433992161405,15044.079097722695,5991.824568309604,3206.443372534561,4268.688243989594,7925.083573947117,9570.479638732175,9113.550427023449,15100.180425571556,2927.0730963628307
22681.666391009745,25681.71372150053,15590.3378202354,6317.330475488086,3248.004373019203,4512.499631997701,9042.817701071117,10766.613952999925,9470.509344806314,17166.56497758265,3002.1596579555217
23990.124073781342,29698.840670347596,15580.548789651735,6351.596951621286,3174.104469910459,4600.645711707238,10438.78920832819,11600.068350975198,9514.76995737233,18716.07432074034,2944.714215073094
25116.010933725312,31055.39972075966,15430.514186758295,6337.487965732085,3145.7715379509405,4691.332730498464,11184.824700329404,11748.83293300584,9693.826460336619,18935.925290323943,2930.431719905037
25925.461495783282,31111.325841036985,15748.565412363274,6373.156296854498,3145.9552618695316,4839.408831185934,11587.117721739138,11678.183726540174,9876.530513169686,18696.4909452063,2923.7635057769126
27354.645967972578,31144.98142467908,16114.562790152902,6495.199386728222,3178.7296978148806,4981.541877218977,11750.829849728545,11642.234088494453,10102.39345654883,18514.191217239568,2963.740766740497
28875.996573017233,31889.028661351593,16565.638401845008,6580.571177194753,3227.4123110446913,5102.814342681122,12398.434725473433,11600.103059402947,10332.469836468126,18404.158029663085,2957.5239389509447
30546.976807304694,32967.93556535682,17612.17519921625,6736.040639260894,3321.664330519995,5346.182511509298,12892.684185610824,11657.64798018128,10817.405973942954,18493.027999714446,3080.0830289288983
32516.085922696366,33800.859256484604,18543.993687719692,7026.0307802514635,3458.0533180305333,5466.818727111377,13315.817006833322,11596.918259459335,11248.943144142717,18299.313183668542,3218.3092707061933
33910.193679563745,36007.33153737963,20018.780140445786,7372.519658627672,3589.662481481481,5657.654771748935,14040.77617927898,11627.235369369459,11819.699985557727,18488.696895892397,3396.144901320923
34978.64168993162,36747.91938183554,21045.77637745777,7756.611618168642,3700.893823633197,5756.68153072942,14603.267456426493,11894.973202010859,12279.874023845576,19016.047043988397,3566.917683476875
34070.604325175955,39530.760210017535,20724.17913891697,7911.905713678617,3650.9811428943326,5618.77658821771,15460.565611926202,12370.07916206791,12166.548003451124,19999.299020596074,3555.4759847697273
32159.643221416725,41446.39221685371,19739.67922922985,7759.203709836729,3547.1713175185346,5349.305471824413,16118.813289436095,12881.494143275317,11741.974430073245,20990.115493485027,3507.3936136997936
29288.58919068092,40752.80849409803,18972.759691016323,7471.960909889462,3343.829538292719,4894.478460471744,15706.575620404406,12788.671677774997,11102.037578014404,20892.790770397474,3384.968654173819
26108.880495485824,38961.78753672764,17425.3335258466,7051.33396894472,3096.4121102748013,4377.4536047782285,15141.16049836861,12353.832978181492,10122.588781426019,20192.664724411487,3175.155122530785
23070.00090301561,36738.10340579612,15671.467798426096,6431.286488443381,2828.2286599402833,3972.89532722855,14336.271520825412,11745.03937258768,9112.120117384338,19413.026074533365,3032.659423331911
20322.70338758321,33050.93669092597,13806.059566435313,5849.758831781286,2553.0794274661203,3630.5482194448477,13043.819326703648,10874.385865560997,8141.283326830223,18129.38596427395,2821.0773360986977
18151.182901138345,29181.82868960657,12595.43551319745,5333.9693201392065,2398.9141891787376,3372.4088407916934,11858.110944608878,9802.255704861236,7533.179306292251,16540.02995520276,2702.110139650261
16764.543540947285,25583.297971954682,11638.017685497853,4957.357274182963,2289.515002758508,3228.272382275301,10009.163811705197,9178.561892405929,6997.903248254146,14979.186211203416,2586.0209953264443
15773.825789653947,22993.903562160966,10918.842000280694,4715.392362193625,2225.4169246412193,3082.2395503802054,9382.677414506215,8557.035380184998,6665.183361365072,13891.910626495837,2498.0217391216356
15108.650996072978,21197.78036164287,10696.278419691942,4600.005528353452,2211.9418260917023,3110.2373574761714,8500.916402561279,8101.866074198313,6543.759967534214,13249.615713451336,2511.038518094724
14918.385572023795,19936.81655626655,10782.973649846605,4634.138830627705,2345.1261683665202,3201.274720673558,7931.738276660737,7976.885858516898,6755.019291491214,12924.901398941382,2543.059531619088
15959.722031394615,19455.117213967205,11747.916128388828,4910.6851258197485,2564.0793140265087,3486.5714241496976,7683.525235872459,8164.5706059464555,7470.331452168277,13035.507248953396,2681.2277607010697
18191.588780050686,19933.391188506328,13237.930403483128,5467.3112614401725,2893.369823198841,3945.145610172195,7700.093496729152,8676.725119029177,8363.706895328394,13595.912015206814,2763.840226549313
21380.3180479051,22369.380359656738,15419.357343500342,6136.000407469115,3205.444862564502,4501.898128451106,8036.12503149133,9666.2384397465,9452.88196635973,15146.44539157961,3047.0702438280164
23422.092389759022,26646.79869074082,16221.425112513043,6540.588833607374,3238.204634455078,4742.605595608069,9137.285475583076,10953.549030718934,10081.168472675126,17354.24564967628,3037.62287149668
24859.392267073104,30953.596607938827,16339.543765613073,6612.482390700671,3207.2482463765064,4861.855749265642,10713.940296796782,11803.550660825227,10316.466365517581,18852.450324573478,3068.9158833824076
26397.901636557748,32807.67201754927,16269.103867421936,6658.958368756193,3201.0673735115433,5001.539666850965,11666.350899206087,12063.947686049627,10500.458512476194,19093.487606582006,2996.1999704951986
27611.37704484963,33211.1189734882,16524.695996997794,6800.8267201600665,3271.7925586238766,5205.736975100485,12252.933310158876,12077.386841754515,10886.062960818153,18865.432615105517,3073.5732335594744
29086.140421080512,33622.85317107533,16847.004323330006,6972.974255015334,3322.907784628914,5355.9667201526545,12596.34590346785,12177.625287904804,11244.153206754556,18847.869666752184,3117.4488404602043
30876.826574122042,34435.25377813183,17202.031298722963,7144.971044622392,3385.7651056083796,5443.018474581147,13154.667998362826,12290.47140111445,11401.520786098667,18801.96840473657,3116.44928683378
33264.14863769535,35614.6452894375,18094.237747802672,7438.930662071666,3545.11828459229,5617.427295569689,13759.15072984193,12374.174767222521,11917.662935466364,18950.332542699278,3248.649144971088
34826.87322217863,36749.83369818325,18975.622293529505,7753.905580670428,3649.3578106998657,5700.018035318432,14373.20664800207,12443.637468551831,12292.904784296828,18862.459455621298,3367.2958268795214
36834.1669523151,38842.20064249947,20225.80776028829,8131.903437242382,3773.6314570830664,5836.901564368944,15096.341299594651,12492.302882365724,12884.678861504195,19044.876148974097,3528.2088201305323
37769.253588605905,39633.58531552144,21169.056767388236,8498.86815081388,3905.8254453096774,5930.09164390023,15773.358210322032,12871.261589293003,13315.426057466619,19712.590945263677,3685.88716028492
37036.94535644946,42182.62636221411,20866.858916198624,8622.451924286044,3863.249198543987,5863.005010744074,16674.448752540044,13370.754644967776,13159.215714695087,20763.904139862767,3679.5262557942087
35107.25760336268,44095.6250811538,20027.987567774533,8440.584610750888,3721.732101733589,5578.540949469116,17376.31587756512,13806.414002608492,12691.193175393533,21726.687175712857,3643.113427144824
31608.085054631374,43453.63212762267,18925.35369121599,8056.076888645872,3490.836350347289,5120.8246084944785,16961.08124458093,13660.355843658077,11931.355861641418,21636.338255127706,3499.0206592107183
27673.41863330797,41392.83628923073,17161.8402438204,7588.528123278181,3189.296918404766,4658.635607975616,16140.237880631888,13171.956162531167,10826.434957080457,20866.380031045752,3249.187362874829
24571.93667967561,38825.26342922072,15807.655932365988,6884.567077394056,2886.5468030131783,4245.228118764076,15255.80070504225,12470.916388227723,9727.946253620023,20083.196819048215,3067.286946596531
21890.081189348235,34689.39954232459,13851.99156021686,6201.810443385336,2581.60874999668,3808.7132012330744,13648.112137696908,11462.676290227566,8586.48987933832,18694.903920788656,2843.1046137449316
19941.56482732022,30556.427673644626,12676.330008148456,5668.450968371098,2407.723656435599,3500.448420805095,12298.57428300152,10166.694458779082,7930.979230670517,16947.796803443223,2719.0355511448843
17939.915638822436,26629.090988761145,11788.187902536121,5278.483455527249,2268.3681525079296,3347.3583526902007,10836.168187592026,9596.935830567898,7448.831338777612,15404.913122873259,2618.0207373195517
16412.22725408367,23876.118782366422,11056.338216724896,5000.113932552731,2200.110905491631,3275.268405304847,9845.579581754379,8893.999915839753,7060.748545825245,14310.63087640629,2509.0096012784647
15822.940122500113,21912.30647836375,10794.961892210751,4825.435266164375,2184.814735875937,3286.314384696562,8996.755141025278,8413.556980444657,6875.471100953919,13558.785106631043,2494.038782627446
15780.399639349627,20402.912884406538,10850.224884317382,4834.25087978319,2286.874521239538,3391.46315914559,8340.104241709707,8193.992522303677,7049.573341337229,13176.585574580615,2503.087272585123
16574.578102863623,19815.55961722046,11899.085514826462,5085.004698958118,2555.5559705647734,3634.6778324723014,8027.1901616490295,8293.607920607305,7702.254955802021,13145.560541076067,2648.1864920932526
18941.266206414224,20252.89587085852,13459.188422467596,5646.599194917593,2866.403756356651,4069.194700564469,7933.74210036384,8756.095896528856,8658.433592204636,13662.002690170179,2757.7611478306085
22322.365500917647,22627.254812308678,15141.554677764429,6392.386207166559,3181.2855277947174,4571.8679138243715,8264.377306621325,9791.428575111999,9863.877076868454,15304.233414840151,2982.09752307344
25107.215440934022,27227.099088001676,15661.011281031519,6825.422451369753,3279.530666463814,4788.589622341548,9389.5006136801,11156.285448177969,10487.1912795157,17533.188689169798,3063.1565213728536
26730.346640950815,31813.075172538618,15544.219007659769,7027.533115245402,3232.4049793497034,4836.794597594187,11139.907082493839,12143.438099071962,10801.009307731469,19331.907611916624,3055.762299503388
28413.866737355387,33911.96290591172,15567.701341515762,7089.641154742428,3226.2214098505815,4889.3605226978325,12093.21884978094,12502.274557984627,10926.42437559733,19731.298990475978,3045.4816980830687
30346.996119868625,34590.60431427856,15836.900721309792,7250.484909717592,3351.052968955739,5016.538020872696,12732.374214453777,12598.176211545628,11217.764741526167,19703.341233039675,3093.563484570421
32369.55650947371,35136.35507957061,16119.182829424133,7508.5519463122455,3433.3129955165296,5078.638542356037,13396.507745549705,12797.905543121879,11607.797660797618,19842.939740183247,3119.550990070101
35011.96269446901,36154.40668940275,16429.25973850078,7667.865886427567,3499.5985798884453,5111.750845762691,14271.378049832387,12965.053202733498,11785.5695759701,19941.79614615806,3117.3491409842413
37177.80948843726,37568.77912496554,17433.055062317475,7996.812303520865,3644.165273946327,5254.128732401018,15104.32736194151,13130.654725094946,12237.852718323571,20231.765129646832,3207.8774189148858
39189.21679199785,38734.1199431845,18276.832074818823,8275.015754309146,3751.807345818203,5282.607937573574,15665.69249347331,13277.562590315943,12596.912360587317,20488.744108660823,3296.3498594737566
40519.728277707756,40793.75710202654,19280.54566731758,8589.773749842014,3889.4174353359435,5367.575700353114,16583.375083822215,13400.141666130003,13030.339601297917,20796.172198837652,3463.175626473577
41711.40082153889,41515.78331339362,20052.728229364035,8952.982198693499,4014.6249101786398,5431.509623953536,17094.052857884144,13787.086505321426,13424.498022807276,21529.558192102402,3625.5499109273337
40499.144890112104,44155.22116641024,19613.154526238402,9079.28530569052,3957.511366713685,5394.667954396246,17765.594015046037,14218.232930201377,13269.046281421233,22456.105506660755,3634.374371238643
38697.4999402559,45971.6721426297,18754.517665119914,8848.369578273836,3816.772443503196,5108.831551040275,18136.32128683889,14639.077144461284,12763.443824806702,23335.106295285794,3533.2841820937692
35471.00114051345,45132.64486198122,17883.5906981385,8470.98411558543,3612.8343156875826,4656.934897945493,17809.661793660704,14395.959567980191,12046.572088569408,23098.365105677374,3391.145602750437
31593.026211894165,42951.86634886606,16710.12316372479,7975.915037096499,3340.246117965989,4364.07036877933,17062.135024197552,13824.5997566671,10988.514134438994,22230.817866184316,3402.0128817561895
28224.198485204568,40133.37165213408,14960.996009837723,7320.715865145772,3018.9417117498097,4012.4913090267137,16087.632527451513,13403.691502506066,10053.66671146101,21846.412486618556,3224.6935946164135
25085.748050001726,36013.295496262,13156.444179979773,6615.570609051806,2710.2408997415173,3641.898206643097,14640.754993123453,12361.168056121334,8952.569515979481,20314.04128917132,2958.113794477581
22516.833432214287,31759.977334535768,11895.279342448073,6013.91717715547,2506.7802752116972,3407.4609353429005,12997.712624892416,10895.409114762495,8198.553679986127,18439.015305335295,2829.9688600700306
20911.462832810732,27950.431008346317,11182.310139354946,5639.301768403268,2379.413828151923,3223.3724248723074,11558.782215218509,10286.751372578972,7669.3007446690635,16667.604798828725,2712.825655140181
20042.76928221412,24884.999334564833,10519.766199217842,5361.121933719736,2277.035277078043,3116.7939912856145,10916.466237097338,9436.131650119827,7290.9478695420785,15335.735207077369,2674.0275539750796
19128.697634859695,22679.134503462792,9944.753594484084,5127.688227750231,2228.7769019518855,3010.523275285272,10075.034619696647,8726.320023564136,7054.01066590939,14368.843427777441,2606.1604921369053
18321.93087050386,21057.466923750253,9692.474047247299,4930.660501640403,2183.669503545275,2992.5265038499715,8935.18645319858,8382.038962584184,6895.904158859752,13754.950584650285,2547.702678895039
17938.562528788705,19809.155764227184,9973.32718052951,4926.48948738568,2322.433777626732,3201.216194173576,8871.909810106701,8124.241595792723,7055.795757609203,13275.474900088591,2559.471590599149
18836.574366916226,19302.91568186086,10746.329952476015,5180.564204706645,2527.822436596179,3416.5834286675286,8162.989978239307,8154.430071871725,7575.290795916677,13154.487722711994,2616.0022894936747
21005.20007671661,20443.34515867252,11662.498373102238,5636.706870388312,2680.7132257887583,3669.0411447165748,8071.982241975779,8690.388430083634,8358.17433852849,13909.298114670226,2775.034828858599
24310.405793350244,22189.295977889815,12586.192744875963,6025.454835633543,2874.2565255195154,3987.0972232837926,8725.339440747126,9276.134623299267,9206.95564465694,14737.706384361389,3033.3962684809576
27757.25676682503,24757.970382006195,13543.859848195023,6490.651313456101,2999.5937038314128,4320.17007621366,9654.698004021908,9781.194395247527,9981.066612993338,15686.896025922362,3290.9110944829613
31531.235484841072,27761.203888800614,14266.235035869824,6853.094058233561,3141.0871326552883,4587.224021875569,10938.289071107456,10358.320592151116,10513.302360877617,16654.610005888946,3437.1297272518163
34286.89236274453,30810.52152265693,15117.70496971342,7209.283174570491,3284.6013658399597,4881.501285611252,12211.327654113134,11069.655532470513,11294.713865127225,17669.8683265841,3531.0986165530385
37266.941273097975,33304.86273059644,15695.6597754478,7561.739531549241,3403.5437044720497,5111.691333861097,13481.050280391886,11652.701458491712,11709.73171238873,18474.935496666116,3632.247911103378
38743.28073885631,36406.626721310764,15754.420745269925,7847.4805034667015,3512.2092541816855,5211.860170287987,14896.234967614477,12145.134218440557,12008.569707837525,19042.702271481605,3625.7681858652386
39985.27241164273,38531.153821761334,15927.705138629242,8095.284891918392,3624.8134386247075,5285.049756854157,15974.246844586403,12462.621192199005,12316.606820889085,19529.061909120755,3628.982922512558
40732.27150058472,39923.342241021775,16352.307655409215,8343.917375223178,3653.555489990964,5316.16957961674,16479.064376478495,12765.80334726772,12698.787175527628,19889.72319353298,3669.859374310973
41182.80466346415,41400.585740716306,16918.805377705517,8502.912861608253,3701.1071158637587,5305.012311166888,16871.347811451273,13169.889651549616,13048.366398898946,20476.467756658545,3685.8274923655795
40990.028853798074,42418.66283191744,17373.32657292078,8540.63351972122,3742.249485117169,5245.50435227439,17276.768212116564,13510.997327205157,12848.006151001715,21024.347890909627,3517.323200658532
39713.97862346282,43489.38031362249,17373.166018185922,8552.138413984692,3652.977600480323,5119.315410325855,17706.731069189056,13794.545613460617,12644.587438216924,21736.454578905865,3505.7478633567457
38200.64640500573,43752.84552076568,17009.218358296323,8351.62836196864,3533.1978453991683,4862.514355002272,17672.82752359762,13922.11595634006,12277.712330901526,22145.9437994555,3420.646805583012
34898.366373099314,42829.73090615553,16562.952940690102,8086.79816759461,3420.3202282423354,4542.203599010144,17301.986245379347,13644.93262460522,11672.559504683537,21871.595377168203,3321.815824709069
31918.940427935253,41360.32802101556,15559.347967985528,7726.498397087974,3213.6308280808807,4230.025434409433,16805.65645000075,13225.995602361945,10787.984838050541,21267.78656710688,3226.843642208864
28839.677558764233,39273.03969319765,14367.4075200563,7159.940052716029,2956.6519218988687,3923.526445361741,15916.740433845069,12766.978898587151,9835.908590244137,20824.33074626208,3085.478667893281
26428.79258634256,36159.68883122861,12711.199013469371,6505.54181622091,2693.083095043004,3579.835353691571,14039.225123349457,11974.600371974357,8830.099536750173,19702.492604159914,2933.2086674234565
24367.18440891715,32612.0660035718,11541.264425638468,5951.007171239099,2507.442759673091,3355.468242016704,12990.490594777604,10800.870438774933,8252.193031183831,18173.884428292407,2734.908847018585
22381.057122347225,28267.295788309595,10787.922198656897,5570.208553137479,2354.1175546874997,3191.376237647582,11764.668123096035,10243.836931409742,7798.499238263906,16536.58665019723,2668.8397393032346
20611.524493106997,25285.369964726357,10142.53642561732,5266.873287882019,2264.7471005758566,3072.8057196056607,10927.675021944937,9515.869201243588,7547.356273939165,15254.114833134005,2612.157716326199
19397.53059633053,23021.604701838653,9596.473569377707,5034.253165296134,2169.5402254776513,2982.6708003063527,9351.741634542417,8789.63014214336,7415.43395197154,14269.016509303226,2553.185602393859
18529.637496557174,21399.327345218084,9385.313502868114,4856.752693885468,2178.6735456286247,2948.5345661851406,8907.028492087937,8442.346935229143,7253.548744877102,13705.824889907346,2506.896013417677
18417.348560354996,20040.142332446318,9587.42344993064,4810.453356270958,2249.482668592886,3137.2419725551126,8650.624644802647,8145.4066627613165,7398.699821218383,13202.388150264576,2517.628899331347
19415.49898527227,19287.826326927647,10156.964584036057,5084.655569643665,2432.6202850355953,3346.5308123525874,8070.357479068951,8122.854959322861,7858.125003638444,13083.206163473413,2565.0
21599.6020859732,20191.061407675636,10965.755297357107,5557.461689431413,2621.031597492248,3576.0269864972784,7863.45923962023,8685.58666851303,8554.813476103986,13817.239244000673,2746.0351991967923
24446.27461801958,21819.236128231103,11845.14148766354,6042.4354913317975,2770.054720927618,3834.0567524569383,8366.784532305508,9260.145762948188,9272.254172055013,14741.703324223372,2970.3485315305425
27739.162090059785,24206.01586686616,12642.452613021698,6524.7885652845835,2945.6440868505133,4125.11902996459,9533.87106450973,9801.301776018412,10025.211211683183,15723.001518953699,3227.8456270693423
29541.832553091084,27166.48771745925,13105.427881962401,6900.214811602914,3086.1456558257037,4362.13903887848,11032.754435898836,10516.346598598722,10580.889689844966,16779.790718208642,3388.055251540797
32482.948153060825,30421.310588184286,13790.233468303088,7282.996810618373,3267.6213495173906,4621.381796684385,12342.204318708857,11293.759989305481,11174.987334980138,17963.746589818675,3482.025809321565
34239.41430675938,33077.550324883014,14309.642852817915,7616.852114451188,3399.471765767882,4816.560827786923,13451.535453070097,11907.08431744878,11683.797021499407,18877.330692334985,3565.2722296714783
35550.25028606634,35874.088011124986,14489.157593011128,7909.583804479587,3509.3967190918056,4937.657184090019,14632.071213103089,12487.42946581316,12014.031375346027,19629.57879403436,3576.1743856559387
37518.46246268178,37780.83787305923,15126.124643764064,8176.3601724782775,3644.165273946327,5050.8882948121145,15797.682028368865,12913.298092077506,12353.24654128226,20279.276921625595,3654.975707566976
39036.097487820734,38648.262217058174,15675.606151296217,8484.68597982085,3760.00355229785,5145.936490253711,16489.581164917177,13290.573675633728,12744.660721613232,20806.72008477761,3719.833290047883
39450.96900200449,39743.54639160481,16424.62720085674,8718.175538796118,3883.428166093341,5131.725748741412,16961.9272170331,13763.560670369756,13129.408712900622,21520.361423549908,3700.4608187187737
38804.375277953935,40857.997385552066,16692.869728387992,8816.217104043395,3940.759742872851,5022.102110597409,17408.23107823092,14200.922385955348,13002.843274394643,22188.673558977443,3547.2789253884007
37750.1805325101,42001.65413175731,16509.218409829886,8793.126201476236,3854.700043730607,4891.918805987866,17874.588612697564,14528.821537615904,12838.847243096865,23039.630862684196,3537.590071820671
36333.978209780194,42270.43890800722,16251.215613251536,8579.86285297183,3776.9743605628823,4703.221751374403,17917.73490126146,14595.05385117765,12477.09606755749,23359.322024520923,3461.7391497624594
33628.201058287406,41285.23135685593,15772.07011575083,8078.812974651454,3564.495696895565,4313.962593944883,17563.332107189315,14325.37552414232,11834.50126061849,23143.83378832125,3456.628922529309
30947.400767051306,40015.55570505127,14555.976214883389,7700.417072981516,3265.376496738943,3991.865227139102,16771.48440843555,14029.215874708603,10949.065790887189,22478.675680512333,3157.6704497769024
28717.785109155262,37408.39864977916,13409.252348945618,7092.905564565056,2979.19371679902,3712.316715859919,15960.699601418028,12501.070032967746,9994.27198097425,20440.977088097865,3023.3982682945325
25552.11397652322,34231.40904913013,11890.5931189098,6499.593434577049,2665.4867635008136,3366.678469832657,14836.074312960032,11565.9174766358,8884.950656018182,19173.498125781844,2848.263592935832
22896.43711120931,30742.227421175045,10874.601544562769,5985.003879210064,2472.1875969968146,3165.901735428651,13350.320237258891,10270.530122444008,8188.694470299249,17379.81059519276,2708.1150427063644
21314.546293224947,26234.327391338145,10229.990308990977,5606.538680383697,2338.6311303593448,3017.5773334692212,11877.372710617,9830.831070565851,7684.838940077453,15721.890788519406,2646.736348471655
20058.023116368626,23591.72053512609,9667.745853205608,5324.5668685682385,2238.5761912116463,2927.2134414270536,11048.830255535697,9112.005885923476,7297.439290324049,14578.292950659845,2518.7986732418467
19382.737739485565,21513.630036256123,9478.903091193999,5151.039578359299,2229.243808128921,2925.0752739037443,9502.111492597196,8562.897982129532,7160.506867604265,13698.560483754221,2501.716026050289
19088.21972370865,20058.117640537785,9757.094285810595,5126.076476212594,2339.45777143783,3028.1357326734296,8540.653839295735,8340.60147379862,7294.195508830545,13187.176712202287,2560.78512586992
19994.80084843489,19481.49710075973,10778.742215985985,5381.285744025691,2597.67663762203,3312.618047000432,8281.53338246537,8375.909419433756,8074.338410136979,13075.794061391425,2716.11162813685
22353.718161378165,20061.528403390104,12295.82745474586,5987.343757607199,2943.669191817761,3684.187492090319,8314.670586484817,8881.046115494975,9152.031418547866,13670.832739944763,2969.1095118033754
25433.42582621601,22083.672871733634,13895.27453860438,6799.7097556087765,3339.6373061944055,4081.064924292309,9650.957725183815,9943.3754780379,10288.126253141945,15338.996596963387,3138.8017521173656
27734.688363775345,27844.21282517887,14294.825930930134,7383.248252466645,3453.859832603219,4259.205237772607,10981.56442595356,12086.324060368139,10987.77270758344,18914.36431851483,3241.6252562051477
29329.153800309978,32311.833225921015,13948.943292609349,7680.579374893151,3464.8432432587542,4255.732422635074,12459.454724798894,13321.389200069047,11305.254359294871,20926.701705387382,3237.514779300735
30981.013838070674,34107.05829734076,13749.774499789137,7830.319104520013,3463.649895595955,4283.5557235108245,13325.671350373344,13832.425622711944,11507.986236707664,21732.493891222115,3241.512830700561
32074.881577712236,34487.227457037865,14053.310291242173,8054.360299408061,3540.5414993096515,4367.936418055534,14163.432478366172,13894.54685784923,11955.709064871411,21539.892067012934,3283.385903605949
33389.26476987043,34801.45994233414,14465.318437432272,8317.960968721694,3616.8148818446375,4496.126231368249,14808.417652339385,13920.527319174205,12307.895802393257,21441.365869838897,3370.5705291112968
34983.98323886131,36033.564316440876,14567.572187920427,8554.82142510962,3673.734792264691,4557.224342516493,15374.100319799698,14073.201315948218,12368.267419336891,21614.957542459113,3318.699674982923
36725.725680377494,37054.71066236424,15292.75374538855,8833.400606172858,3831.4754585303563,4672.922263535103,15521.858897685584,14321.852478311816,12878.37423712744,21961.388857080245,3448.8630872557337
38161.91023055229,38178.88314147244,15937.427693044083,9053.522392804492,3943.701997722341,4698.413198733227,16269.033432538192,14552.835870578441,13202.751762256143,22202.065750990783,3544.9279520398513
39715.7238790661,40405.43973985005,17102.50041817327,9348.658843562722,4117.445948921181,4767.054475768281,16888.970197211096,14073.354042828181,13703.215444072366,21597.004825541393,3693.9882495590446
40068.30195424598,40934.721205207585,17930.764911564584,9677.558840281317,4243.51980514565,4807.766480236949,17388.235640176717,14458.27239558364,14138.526628023095,22313.926296654554,3848.1541390045086
39041.85717191742,43246.212214700216,17883.897690797494,9690.015688379364,4157.91981811801,4749.461003173329,17986.136985191108,14897.765718162937,13942.286479119348,23294.231800992227,3814.0223176800864
37433.137964993584,45271.453127259185,17046.976728895683,9429.66370275128,4004.084227314727,4556.967599721906,18416.04302184577,15238.307197182829,13400.904364802022,24072.99274090829,3629.511463219432
34811.62168576212,44432.81127288025,16301.347267182586,9078.756212308415,3772.858254186631,4206.320041032487,18053.964790538786,14957.37165923983,12548.771376504945,23836.468493777535,3538.3270499682726
31718.77191528465,42416.1015667337,15024.344765931979,8549.82353118159,3472.4415708277575,3851.86645860852,17331.278540935233,14320.714861079625,11516.63810672279,22898.86283582818,3373.861594593508
28622.908898897702,39576.616461044105,13549.140825654458,7852.246783978589,3112.7929794234497,3548.3450043700286,16368.001876487455,13400.708429951434,10402.596601676592,21767.44556884943,3139.56413911827
25450.890150551673,35479.47676548825,12050.734998170738,7152.234165793267,2775.523333289918,3242.477964866414,15087.988838097475,12185.575533537234,9148.293497846804,20014.446682466772,2932.0700587534984
23266.285019932206,31289.325113080326,11019.570259285243,6570.682199283881,2576.421802078842,3066.0022829213804,13939.946772838497,10665.913932800135,8456.30846589709,17947.52471231731,2794.079400248204
21885.335712599735,26912.612759106327,10288.904155748643,6110.570345518351,2424.5317799865957,2934.65459097641,12361.415218073229,10041.357665980657,7952.187939848105,15945.953179668148,2665.9332313556565
20663.628111743386,24159.453988367357,9744.82845332026,5723.150480017106,2342.454420271258,2855.1289079577855,11224.92672688438,9301.126208684165,7486.992701356428,14729.331288719643,2595.959343520317
20064.011418812857,22116.93116311797,9574.78643273786,5487.3255935980815,2299.3341946951014,2857.988151275798,10485.959975289325,8668.594166778543,7347.064662212489,13903.765366478385,2560.78512586992
19980.722607881748,20683.240471194782,9791.053170507541,5433.020740096496,2396.2339603080727,2941.2023340264695,9501.012121716289,8421.513494305558,7467.779982175907,13351.323538757302,2591.6903695048504
20477.238424209205,20008.08791217044,10783.541016877882,5578.387451239673,2669.7650433693484,3206.5611658864236,8931.192816400126,8434.850733270538,8201.289998342378,13265.28122546046,2786.904327765075
22141.996258706113,20558.163913827175,12442.769501829756,6128.525733947754,3033.5528734217573,3598.268244501037,8690.362435375988,8986.101627207656,9135.32289125381,13835.986907292272,2951.927430932524
24491.145578291816,22398.833851183215,14040.683205251038,6897.753336427424,3376.185756188794,4025.1250917164607,9165.044154880128,9954.364484730304,10344.980232644019,15398.59677273085,3229.2604342839904
25996.833279121085,28177.952557536028,14442.72712455531,7491.486327003701,3484.0127264858625,4187.282161829534,10364.48807446549,12039.186590691372,11119.68651572589,18727.80626545518,3265.612789455508
27138.91338160391,32781.204827101414,14163.716792550507,7796.589012115806,3484.6198231603016,4200.941724982482,11963.488491688253,13260.537421908517,11401.999410837316,20718.930076478395,3284.4921955462482
28074.50238338478,34611.12272091546,13813.107980646666,7921.166390589197,3487.4264382138726,4209.775637103489,13218.18842545996,13685.77154725539,11568.092330959582,21331.95932334272,3277.4955163119753
29031.678726869894,35152.01365650932,13922.813412188012,8109.684600530705,3585.0568613832475,4317.984756884301,14009.101465673926,13662.584979350217,11877.860252728473,21147.074979704772,3315.587421661243
30552.03377391083,35529.58432041136,14290.918324171282,8314.758057332647,3670.125930616579,4425.037997109388,14747.365189207118,13695.823311638476,12269.203353612205,20973.97594196745,3386.664059443939
31697.076631857275,36462.146959024576,14552.542623128069,8498.494557681772,3746.208675634841,4503.119431022373,15334.244093983456,13893.348156032049,12397.921270314917,21113.64976549262,3396.658947364675
32823.60436226585,37591.46325460538,15552.599771002147,8772.081213115642,3886.792124460015,4593.841572153418,15937.790442720916,14109.36020524403,12780.375583712716,21407.204041470002,3508.745383522335
35051.90710102588,38353.375318278355,16458.446798007342,9004.740960207759,4009.4200920575413,4641.665816309847,16358.081666104039,14276.712468899565,13200.757582449918,21525.670385733094,3534.3114610837765
36374.81896838006,39855.84440755522,17669.17542931811,9281.104344167952,4145.040364762268,4713.1288671665625,16925.65048465381,13782.558925084815,13685.272719897395,20943.616793099052,3710.726143373505
37230.18888587806,39508.37164275739,18558.826709606885,9530.921072003746,4330.0302406092,4761.83683245246,17251.810278310142,14081.044961660245,14054.509179000719,21625.581239483083,3842.904394514972
36703.519691741436,41296.70955691865,18445.8743312665,9520.94274800693,4233.995138991578,4727.689970011379,17884.401251325995,14465.642053171397,13852.592710481873,22527.016261564375,3835.169148214201
