AZ_small_hydroelectric_1,CA_small_hydroelectric_1,CO_small_hydroelectric_1,ID_small_hydroelectric_1,MT_small_hydroelectric_1,NM_small_hydroelectric_1,NV_small_hydroelectric_1,OR_small_hydroelectric_1,UT_small_hydroelectric_1,WA_small_hydroelectric_1,WY_small_hydroelectric_1
0.3075213730335235,0.341009110212326,0.2444134950637817,0.5618181824684143,0.5961240530014038,0.5020316243171692,0.3345265686511993,0.5656620264053345,0.3277422785758972,0.567425549030304,0.3479715585708618
0.307460606098175,0.3412715196609497,0.2443707436323166,0.5624294281005859,0.596513032913208,0.5022662281990051,0.3344295620918274,0.5657356381416321,0.328715831041336,0.5675023198127747,0.3477095365524292
0.3073998391628265,0.3415339291095733,0.2443280071020126,0.5630406141281128,0.5969021320343018,0.5025008320808411,0.334332525730133,0.5658093690872192,0.3296894431114197,0.5675789713859558,0.3474475145339966
0.307339072227478,0.341796338558197,0.2442852556705474,0.5636518001556396,0.5972911715507507,0.502735435962677,0.3342355191707611,0.5658829212188721,0.3306629955768585,0.5676556825637817,0.3471854627132416
0.3072782754898071,0.342058777809143,0.2442425191402435,0.5642630457878113,0.5976802110671997,0.5029700398445129,0.3341385424137115,0.5659565925598145,0.3316365480422973,0.5677323937416077,0.3469234406948089
0.3072175085544586,0.3423211872577667,0.2441997826099395,0.5648742318153381,0.5980693101882935,0.5032046437263489,0.3340415060520172,0.5660302042961121,0.3326101303100586,0.5678091049194336,0.3466614484786987
0.3071567416191101,0.3425835967063904,0.2441570311784744,0.5654854774475098,0.5984582901000977,0.5034392476081848,0.3339444994926452,0.5661038160324097,0.3335837125778198,0.5678858160972595,0.3463993966579437
0.3070959448814392,0.3428459763526916,0.2441142946481704,0.5660966634750366,0.5988473892211914,0.5036738514900208,0.3338474631309509,0.5661775469779968,0.334557294845581,0.5679625272750854,0.3461373746395111
0.3070351481437683,0.3431084156036377,0.2440715581178665,0.5667079091072083,0.5992364287376404,0.5039084553718567,0.3337504863739013,0.5662511587142944,0.3355308473110199,0.5680392384529114,0.3458753526210785
0.3069744110107422,0.3433708250522613,0.2440288215875625,0.5673190951347351,0.5996254682540894,0.5041430592536926,0.3336534798145294,0.5663248300552368,0.3365044295787811,0.5681158900260925,0.3456133008003235
0.3069136142730713,0.343633234500885,0.2439860850572586,0.5679303407669067,0.6000145077705383,0.5043776631355286,0.3335564434528351,0.5663983821868896,0.3374779820442199,0.5681926012039185,0.3453512787818908
0.3068528175354004,0.3438956439495086,0.2439433336257934,0.5685415267944336,0.6004035472869873,0.5046122670173645,0.3334594666957855,0.5664721131324768,0.3384515643119812,0.5682693123817444,0.3450892567634582
0.3067920804023742,0.3441580533981323,0.2439005970954895,0.5691527128219604,0.600792646408081,0.5048468708992004,0.3333624899387359,0.5665457248687744,0.3394251465797424,0.5683460235595703,0.3448272347450256
0.3067312836647033,0.3444204926490783,0.2438578456640243,0.5697639584541321,0.6011816263198853,0.5050814747810364,0.3332654535770416,0.566619336605072,0.3403987288475036,0.5684227347373962,0.3445651829242706
0.3066704869270324,0.344682902097702,0.2438151091337204,0.5703752040863037,0.601570725440979,0.5053160786628723,0.3331684470176697,0.5666930079460144,0.3413723111152649,0.5684993863105774,0.344303160905838
0.3066097199916839,0.3449453115463257,0.2437723577022552,0.5709863901138306,0.601959764957428,0.5055506825447083,0.3330714404582977,0.566766619682312,0.3423458933830261,0.5685760974884033,0.3440411686897278
0.3065489530563354,0.3452076911926269,0.2437296211719513,0.5715975761413574,0.602348804473877,0.5057852864265442,0.3329744338989258,0.5668402910232544,0.3433194756507873,0.5686528086662292,0.3437791168689728
0.3064881563186645,0.345470130443573,0.2436868846416473,0.572208821773529,0.6027378439903259,0.5060198903083801,0.3328774273395538,0.5669139623641968,0.3442930281162262,0.5687295198440552,0.3435170948505401
0.3064274191856384,0.3457325398921966,0.2436441481113433,0.5728200078010559,0.6031268835067749,0.5062544941902161,0.3327804207801819,0.5669875741004944,0.3452666103839874,0.5688062310218811,0.3432550728321075
0.3063666224479675,0.3459949493408203,0.2436014115810394,0.5734312534332275,0.6035159826278687,0.506489098072052,0.3326833844184875,0.5670612454414368,0.3462401628494262,0.568882942199707,0.3429930210113525
0.3063058257102966,0.3462573885917663,0.2435586750507354,0.5740424394607544,0.6039050221443176,0.5067236423492432,0.3325863778591156,0.5671348571777344,0.3472137451171875,0.5689595937728882,0.3427309989929199
0.3062450885772705,0.3465197682380676,0.2435159236192703,0.574653685092926,0.6042940616607666,0.5069582462310791,0.332489401102066,0.5672085285186768,0.3481873273849487,0.5690363645553589,0.3424689769744873
0.3061842918395996,0.3467821776866913,0.2434731721878051,0.5752648711204529,0.6046831607818604,0.507192850112915,0.3323923647403717,0.5672821402549744,0.3491609096527099,0.56911301612854,0.3422069549560547
0.3061234951019287,0.3470446169376373,0.2434304356575012,0.5758760571479797,0.6050721406936646,0.507427453994751,0.3322953581809997,0.5673558115959167,0.3501344621181488,0.569189727306366,0.3419449031352997
0.3060627579689026,0.347307026386261,0.2433876991271972,0.5764873027801514,0.6054612398147583,0.5076620578765869,0.3321983218193054,0.5674294233322144,0.35110804438591,0.5692664384841919,0.341682881116867
0.3060019612312317,0.3475694358348846,0.2433449476957321,0.577098548412323,0.6058502197265625,0.5078966617584229,0.3321013450622558,0.5675030946731567,0.3520816266536712,0.5693431496620178,0.3414208889007568
0.3059411644935608,0.3478318452835083,0.2433022111654281,0.5777097344398499,0.6062392592430115,0.5081312656402588,0.3320043385028839,0.5675767064094543,0.3530552089214325,0.569419801235199,0.3411588370800018
0.3058803975582123,0.3480942547321319,0.2432594746351242,0.5783209204673767,0.6066283583641052,0.5083658695220947,0.3319073021411896,0.5676504373550415,0.3540287613868713,0.5694965124130249,0.3408967852592468
0.3058196306228637,0.348356693983078,0.243216723203659,0.5789321660995483,0.6070173978805542,0.5086004734039307,0.33181032538414,0.5677239894866943,0.3550023436546325,0.5695732235908508,0.3406347930431366
0.3057588338851928,0.3486190736293793,0.2431739866733551,0.57954341173172,0.6074064373970032,0.5088350772857666,0.3317133486270904,0.5677977204322815,0.3559759259223938,0.5696499347686768,0.3403727412223816
0.3056980967521667,0.3488814830780029,0.2431312352418899,0.580154538154602,0.6077954769134521,0.5090696811676025,0.3316163122653961,0.5678712725639343,0.3569494783878326,0.5697266459465027,0.340110719203949
0.3056373000144958,0.3491438925266266,0.2430885136127472,0.5807657837867737,0.6081845760345459,0.5093042850494385,0.3315193057060241,0.5679450035095215,0.3579230606555938,0.5698033571243286,0.3398486971855163
0.3055765330791473,0.3494063019752502,0.2430457770824432,0.5813770294189453,0.6085735559463501,0.5095388889312744,0.3314222991466522,0.5680186152458191,0.3588966429233551,0.5698800683021545,0.3395866751670837
0.3055157661437988,0.3496687412261963,0.2430030107498169,0.5819882154464722,0.6089626550674438,0.5097734928131104,0.3313252925872803,0.5680922269821167,0.3598701953887939,0.5699567794799805,0.3393246233463287
0.3054549694061279,0.3499311506748199,0.2429602891206741,0.582599401473999,0.609351634979248,0.5100080966949463,0.3312282860279083,0.5681658983230591,0.3608437776565552,0.5700334310531616,0.3390626013278961
0.305394172668457,0.3501935601234436,0.2429175376892089,0.5832106471061707,0.6097407341003418,0.5102427005767822,0.3311312794685364,0.5682394504547119,0.3618173599243164,0.5701101422309875,0.3388006091117859
0.3053334057331085,0.3504559993743896,0.242874801158905,0.5838218927383423,0.6101297736167908,0.5104773044586182,0.331034243106842,0.5683131814002991,0.3627909421920776,0.5701868534088135,0.3385385870933532
0.30527263879776,0.3507184088230133,0.242832064628601,0.5844330787658691,0.6105188727378845,0.5107119083404541,0.3309372663497925,0.5683867931365967,0.3637645244598388,0.5702635049819946,0.3382765054702759
0.3052118420600891,0.3509807884693146,0.2427893131971359,0.585044264793396,0.6109079122543335,0.51094651222229,0.3308402597904205,0.5684604644775391,0.3647381067276001,0.5703402161598206,0.3380145132541656
0.3051510751247406,0.3512431979179382,0.2427465766668319,0.5856554508209229,0.6112968921661377,0.511181116104126,0.3307432234287262,0.5685340762138367,0.3657116591930389,0.5704169273376465,0.3377524614334106
0.3050903081893921,0.3515056371688843,0.2427038252353668,0.5862667560577393,0.6116859912872314,0.5114157199859619,0.3306462168693542,0.568607747554779,0.3666852414608001,0.5704936385154724,0.337490439414978
0.3050295114517212,0.3517680466175079,0.2426610887050628,0.5868779420852661,0.6120750308036804,0.5116503238677979,0.3305492103099823,0.5686813592910767,0.367658793926239,0.5705703496932983,0.3372284173965454
0.3049687445163727,0.3520304262638092,0.2426183521747589,0.587489128112793,0.6124640703201294,0.5118849277496338,0.3304522037506103,0.568755030632019,0.3686323761940002,0.5706470608711243,0.3369663953781128
0.3049079775810241,0.3522928655147552,0.2425756156444549,0.5881003141403198,0.6128531694412231,0.5121195316314697,0.3303551971912384,0.5688286423683167,0.3696059584617615,0.5707237720489502,0.3367043435573578
0.3048471808433532,0.3525552749633789,0.242532879114151,0.5887115597724915,0.6132421493530273,0.5123540759086609,0.330258160829544,0.568902313709259,0.3705795109272003,0.5708004236221313,0.3364423513412475
0.3047863841056824,0.3528177142143249,0.2424901276826858,0.5893228054046631,0.6136312484741211,0.5125886797904968,0.3301611840724945,0.5689759254455566,0.3715530931949615,0.5708771347999573,0.3361802995204925
0.3047256469726562,0.3530800938606262,0.2424473911523819,0.5899339914321899,0.6140202879905701,0.5128232836723328,0.3300642073154449,0.569049596786499,0.3725266754627228,0.570953905582428,0.3359183073043823
0.3046648502349853,0.3533425033092499,0.2424046397209167,0.5905452370643616,0.614409327507019,0.5130578875541687,0.3299671709537506,0.5691232681274414,0.3735002279281616,0.5710305571556091,0.3356562256813049
0.3046040534973144,0.3536049127578735,0.2423619031906128,0.5911564230918884,0.614798367023468,0.5132924914360046,0.3298701643943786,0.569196879863739,0.3744738399982452,0.5711072683334351,0.3353942036628723
0.3045433163642883,0.3538673520088196,0.2423191666603088,0.5917676687240601,0.615187406539917,0.5135270953178406,0.3297731578350067,0.5692705512046814,0.3754473924636841,0.571183979511261,0.3351321816444397
0.3044825196266174,0.3541297614574432,0.2422764152288437,0.5923788547515869,0.6155765056610107,0.5137616991996765,0.3296761512756347,0.569344162940979,0.3764209747314453,0.5712606906890869,0.3348701596260071
0.3044217228889465,0.3543921411037445,0.2422336786985397,0.5929901003837585,0.6159654855728149,0.5139963030815125,0.3295791447162628,0.5694178342819214,0.3773945569992065,0.5713373422622681,0.3346081078052521
0.3043609857559204,0.3546545505523681,0.2421909272670745,0.5936012268066406,0.6163545846939087,0.5142309069633484,0.3294821381568908,0.5694915056228638,0.3783681094646454,0.571414053440094,0.3343461155891418
0.3043001890182495,0.3549170196056366,0.2421482056379318,0.594212532043457,0.6167435646057129,0.5144655108451843,0.3293851017951965,0.5695650577545166,0.3793416917324066,0.5714907646179199,0.3340840637683868
0.3042393922805786,0.3551794290542602,0.2421054542064666,0.5948237180709839,0.6171326637268066,0.5147001147270203,0.329288125038147,0.5696387887001038,0.3803152740001678,0.5715674757957458,0.3338220715522766
0.3041786253452301,0.3554418087005615,0.2420627176761627,0.5954349637031555,0.6175217032432556,0.5149347186088562,0.329191118478775,0.5697123408317566,0.3812888264656067,0.5716441869735718,0.3335600197315216
0.3041178584098816,0.3557042181491852,0.2420199811458587,0.5960460901260376,0.6179107427597046,0.5151693224906921,0.3290940821170807,0.5697860717773438,0.3822624087333679,0.5717208981513977,0.3332979679107666
0.3040570616722107,0.3559666275978088,0.2419772148132324,0.5966573357582092,0.6182998418807983,0.5154039263725281,0.3289970755577087,0.5698596835136414,0.3832359910011291,0.5717976093292236,0.333035945892334
0.3039962947368622,0.3562290668487549,0.2419344782829284,0.5972685813903809,0.6186888217926025,0.515638530254364,0.3289000988006592,0.569933295249939,0.384209543466568,0.5718743205070496,0.3327739238739013
0.3039355278015136,0.3564914464950561,0.2418917566537857,0.5978797674179077,0.6190778613090515,0.5158731341362,0.3288030624389648,0.5700069665908813,0.3851831257343292,0.5719509720802307,0.3325119018554687
0.3038747310638428,0.3567538559436798,0.2418490052223205,0.5984909534454346,0.6194669604301453,0.5161077380180359,0.3287060558795929,0.570080578327179,0.3861567080020904,0.5720276832580566,0.3322498798370361
0.3038139939308166,0.3570162951946258,0.2418062686920166,0.5991021990776062,0.6198559999465942,0.5163423418998718,0.3286090493202209,0.5701542496681213,0.3871302902698517,0.5721043944358826,0.3319878280162811
0.3037531971931457,0.3572787046432495,0.2417635172605514,0.5997134447097778,0.620245099067688,0.5165769457817078,0.328512042760849,0.570227861404419,0.3881038725376129,0.5721811056137085,0.3317258358001709
0.3036924004554748,0.3575411140918731,0.2417207807302475,0.6003246307373047,0.6206340789794922,0.5168115496635437,0.3284150660037994,0.5703015327453613,0.3890774250030517,0.5722578167915344,0.3314637839794159
0.3036316335201263,0.3578035235404968,0.2416780292987823,0.6009358167648315,0.6210231781005859,0.5170461535453796,0.3283180296421051,0.5703751444816589,0.390051007270813,0.5723345279693604,0.3312017917633056
0.3035708665847778,0.3580659627914428,0.2416352927684784,0.6015470623970032,0.6214122176170349,0.5172807574272156,0.3282210230827331,0.5704488158226013,0.3910245895385742,0.5724111795425415,0.3309397399425506
0.3035100698471069,0.3583283722400665,0.2415925562381744,0.6021583080291748,0.6218012571334839,0.5175153613090515,0.3281240165233612,0.5705224275588989,0.3919981718063354,0.5724878907203674,0.3306776881217956
0.3034493029117584,0.3585907816886902,0.2415498197078704,0.6027694940567017,0.6221902370452881,0.5177499651908875,0.3280270099639892,0.5705960988998413,0.3929717540740967,0.5725646018981934,0.3304156959056854
0.3033885359764099,0.3588531613349914,0.2415070831775665,0.6033806800842285,0.6225793361663818,0.5179845690727234,0.3279300034046173,0.5706697106361389,0.3939453363418579,0.5726413130760193,0.3301536440849304
0.303327739238739,0.3591156005859375,0.2414643466472625,0.6039918661117554,0.6229683756828308,0.5182191133499146,0.3278329968452453,0.5707434415817261,0.3949188590049743,0.5727180242538452,0.3298916220664978
0.3032669723033905,0.3593780100345611,0.2414215952157974,0.604603111743927,0.6233574151992798,0.5184537172317505,0.327735960483551,0.5708169937133789,0.3958924412727356,0.5727947354316711,0.3296296000480652
0.303206205368042,0.3596404194831848,0.2413788437843322,0.6052143573760986,0.6237464547157288,0.5186883211135864,0.3276389837265014,0.5708906650543213,0.3968660235404968,0.5728714466094971,0.3293675780296325
0.3031454086303711,0.3599027991294861,0.2413361072540283,0.6058255434036255,0.6241354942321777,0.5189229249954224,0.3275419771671295,0.5709643363952637,0.397839605808258,0.5729480981826782,0.3291055560111999
0.3030846118927002,0.3601652383804321,0.2412933707237243,0.6064367294311523,0.6245245933532715,0.5191575288772583,0.3274449408054352,0.5710379481315613,0.3988131880760193,0.5730248093605042,0.3288435339927673
0.3030238449573517,0.3604276776313782,0.2412506341934204,0.6070479154586792,0.6249136328697205,0.5193921327590942,0.3273479342460632,0.5711116194725037,0.3997867703437805,0.5731015205383301,0.3285815119743347
0.3029630780220032,0.3606900870800018,0.241207867860794,0.6076592206954956,0.6253026723861694,0.5196267366409302,0.3272509574890136,0.5711852312088013,0.4007603526115417,0.573178231716156,0.3283194601535797
0.3029023110866546,0.3609524667263031,0.2411651611328125,0.6082704067230225,0.6256917715072632,0.5198613405227661,0.3271539211273193,0.5712589025497437,0.401733934879303,0.5732549428939819,0.3280574083328247
0.3028415441513061,0.3612148761749267,0.2411224097013473,0.6088815927505493,0.6260807514190674,0.520095944404602,0.3270569145679474,0.571332573890686,0.4027074575424194,0.5733315944671631,0.3277954161167145
0.3027807474136352,0.3614773154258728,0.2410796582698822,0.6094927787780762,0.6264698505401611,0.520330548286438,0.3269599080085754,0.5714061856269836,0.4036810398101806,0.5734083652496338,0.3275333642959595
0.3027199804782867,0.3617397248744964,0.2410369217395782,0.6101040840148926,0.6268588900566101,0.5205651521682739,0.3268629312515259,0.5714797973632812,0.4046546220779419,0.5734850168228149,0.3272713422775268
0.3026592135429382,0.3620021343231201,0.2409941852092743,0.6107152700424194,0.6272479295730591,0.5207997560501099,0.3267659246921539,0.5715534687042236,0.4056282043457031,0.5735617280006409,0.3270092904567718
0.3025984168052673,0.3622645139694214,0.2409514486789703,0.6113264560699463,0.6276370286941528,0.5210343599319458,0.3266688883304596,0.571627140045166,0.4066017866134643,0.5736384391784668,0.3267472982406616
0.3025376200675964,0.3625269532203674,0.240908682346344,0.6119376420974731,0.628026008605957,0.5212689638137817,0.3265718817710876,0.5717007517814636,0.4075753688812256,0.5737151503562927,0.326485276222229
0.3024768531322479,0.3627893924713135,0.24086594581604,0.6125488877296448,0.628415048122406,0.5215035676956177,0.3264748752117157,0.5717743635177612,0.408548891544342,0.5737918615341187,0.326223224401474
0.3024160861968994,0.3630518019199371,0.240823209285736,0.6131600737571716,0.628804087638855,0.5217381715774536,0.3263778686523437,0.5718480348587036,0.409522533416748,0.5738685131072998,0.3259612321853637
0.3023552894592285,0.3633141815662384,0.2407804727554321,0.6137713193893433,0.6291931867599487,0.5219727754592896,0.3262808620929718,0.5719216465950012,0.4104960560798645,0.5739452242851257,0.3256991505622864
0.30229452252388,0.3635766208171844,0.2407377362251281,0.6143825054168701,0.6295822262763977,0.5222073793411255,0.3261838555335998,0.5719953179359436,0.4114696383476257,0.5740219354629517,0.3254371285438537
0.3022337555885315,0.3638390302658081,0.2406949996948242,0.6149937510490417,0.6299712657928467,0.5224419832229614,0.3260868191719055,0.5720689296722412,0.4124432206153869,0.5740985870361328,0.3251751065254211
0.3021729588508606,0.3641014397144317,0.2406522631645202,0.6156049370765686,0.6303603053092957,0.5226765871047974,0.3259898424148559,0.5721426010131836,0.4134168028831482,0.5741753578186035,0.3249130845069885
0.3021122217178345,0.364363819360733,0.2406094968318939,0.6162161827087402,0.6307493448257446,0.5229111909866333,0.325892835855484,0.572216272354126,0.4143903851509094,0.5742520093917847,0.3246510624885559
0.3020514249801636,0.3646262586116791,0.2405667603015899,0.6168273687362671,0.6311384439468384,0.5231457948684692,0.3257957994937897,0.5722898840904236,0.4153639078140259,0.5743287801742554,0.3243890106678009
0.3019906282424927,0.3648886680603027,0.240524023771286,0.617438554763794,0.6315274238586426,0.5233803987503052,0.3256987929344177,0.5723634958267212,0.4163375198841095,0.5744054317474365,0.3241270184516907
0.3019298613071441,0.3651510775089264,0.240481287240982,0.6180498003959656,0.6319165229797363,0.5236150026321411,0.3256018161773681,0.5724371671676636,0.4173110723495483,0.5744821429252625,0.3238649666309356
0.3018690943717956,0.36541348695755,0.2404385507106781,0.6186610460281372,0.6323055624961853,0.5238495469093323,0.3255047798156738,0.5725107789039612,0.4182846546173095,0.5745588541030884,0.323602944612503
0.3018082976341247,0.3656759262084961,0.2403958141803741,0.6192722320556641,0.6326946020126343,0.5240841507911682,0.3254077732563019,0.5725845098495483,0.4192582368850708,0.5746355652809143,0.3233409225940704
0.3017475605010986,0.3659383356571197,0.240353062748909,0.6198834180831909,0.633083701133728,0.5243187546730042,0.3253107666969299,0.5726580619812012,0.420231819152832,0.5747122764587402,0.3230788707733154
0.3016867637634277,0.3662007451057434,0.2403103113174438,0.6204946637153625,0.6334726810455322,0.5245533585548401,0.3252137899398803,0.5727317929267883,0.4212054014205932,0.5747889280319214,0.3228168487548828
0.3016259670257568,0.366463154554367,0.2402675747871399,0.6211059093475342,0.6338617205619812,0.524787962436676,0.3251167833805084,0.5728053450584412,0.4221789836883545,0.5748656988143921,0.3225548267364502
0.3015652298927307,0.3667255640029907,0.2402248382568359,0.621717095375061,0.6342507600784302,0.525022566318512,0.3250197470188141,0.5728790760040283,0.4231525361537933,0.5749423503875732,0.3222928047180176
0.3015044331550598,0.3669879734516144,0.2401820868253708,0.6223282814025879,0.6346398591995239,0.5252571702003479,0.3249227404594421,0.5729526877403259,0.4241260886192322,0.5750190019607544,0.3220307826995849
0.3014436364173889,0.367250382900238,0.2401393353939056,0.6229395270347595,0.6350288987159729,0.5254917740821838,0.3248257637023926,0.5730262994766235,0.4250996708869934,0.5750957727432251,0.3217687308788299
0.3013828694820404,0.3675127923488617,0.240096628665924,0.6235507726669312,0.6354179382324219,0.5257263779640198,0.3247287273406982,0.5730999708175659,0.4260732531547546,0.5751724243164062,0.3215067386627197
0.3013221025466919,0.3677752017974853,0.2400538772344589,0.6241618990898132,0.6358069777488708,0.5259609818458557,0.3246317207813263,0.5731735229492188,0.4270468354225158,0.575249195098877,0.3212446868419647
0.301261305809021,0.3680376410484314,0.2400111258029937,0.6247731447219849,0.6361960172653198,0.5261955857276917,0.3245347142219543,0.5732472538948059,0.4280204176902771,0.5753258466720581,0.3209826946258545
0.3012005686759949,0.368300050497055,0.2399683892726898,0.6253843903541565,0.6365851163864136,0.5264301896095276,0.32443767786026,0.5733208656311035,0.4289939701557159,0.575402557849884,0.3207206428050995
0.301139771938324,0.3685624599456787,0.2399256527423858,0.6259956359863281,0.6369741559028625,0.5266647934913635,0.3243407011032104,0.5733945369720459,0.4299675524234772,0.57547926902771,0.3204585909843445
0.3010789752006531,0.36882483959198,0.2398828864097595,0.626606822013855,0.6373631954193115,0.5268993973731995,0.3242436945438385,0.5734681487083435,0.430941104888916,0.5755559802055359,0.3201965689659118
0.3010182380676269,0.369087278842926,0.2398401498794555,0.6272180080413818,0.6377522349357605,0.5271340012550354,0.3241466581821441,0.5735418200492859,0.4319147169589996,0.5756326913833618,0.3199345469474792
0.300957441329956,0.3693496882915497,0.2397974133491516,0.6278292536735535,0.6381412744522095,0.5273686051368713,0.3240496516227722,0.5736154317855835,0.4328882992267608,0.5757094025611877,0.3196725249290466
0.3008966445922851,0.3696120977401733,0.2397546768188476,0.6284404397010803,0.6385303735733032,0.5276032090187073,0.3239526748657226,0.5736891627311707,0.4338618516921997,0.5757861137390137,0.319410502910614
0.3008358776569366,0.369874507188797,0.2397119402885437,0.6290516257286072,0.6389193534851074,0.5278378129005432,0.3238556385040283,0.5737627148628235,0.4348354339599609,0.5758627653121948,0.319148451089859
0.3007751107215881,0.3701369166374206,0.2396692037582397,0.6296628713607788,0.6393084526062012,0.5280724167823792,0.3237586319446563,0.5738363862037659,0.4358090162277221,0.5759395360946655,0.3188864588737488
0.3007143139839172,0.3703993260860443,0.2396264672279358,0.6302741169929504,0.6396974921226501,0.5283070206642151,0.3236616253852844,0.5739099979400635,0.436782568693161,0.5760161876678467,0.3186244070529938
0.3006535470485687,0.3706617653369903,0.2395837008953094,0.6308853030204773,0.6400865316390991,0.528541624546051,0.3235646486282348,0.5739836692810059,0.4377561509609222,0.5760928392410278,0.3183624148368835
0.3005927801132202,0.370924174785614,0.2395409643650055,0.6314964890480042,0.6404756307601929,0.528776228427887,0.3234676420688629,0.5740573406219482,0.4387297332286834,0.5761695504188538,0.3181003630161285
0.3005319833755493,0.3711865842342376,0.2394982278347015,0.6321077346801758,0.6408646106719971,0.5290108323097229,0.3233706057071686,0.5741309523582458,0.4397032856941223,0.5762462615966797,0.3178383111953735
0.3004712164402008,0.3714489936828613,0.2394554913043975,0.6327189803123474,0.641253650188446,0.5292454361915588,0.3232735991477966,0.5742046236991882,0.4406768679618835,0.5763229727745056,0.3175762891769409
0.3004104495048523,0.371711403131485,0.2394127547740936,0.6333301663398743,0.641642689704895,0.52947998046875,0.323176622390747,0.5742782354354858,0.4416504502296448,0.5763996839523315,0.3173142671585083
0.3003496527671814,0.3719738125801086,0.2393700182437896,0.6339413523674011,0.6420317888259888,0.5297145843505859,0.3230795860290527,0.5743519067764282,0.4426240026950836,0.5764763951301575,0.3170522451400757
0.3002889156341553,0.3722361922264099,0.2393272668123245,0.6345525979995728,0.6424208283424377,0.5299491882324219,0.3229825794696808,0.5744255781173706,0.4435976147651672,0.5765531063079834,0.316790223121643
0.3002281188964844,0.3724986314773559,0.2392845153808593,0.6351637840270996,0.6428098678588867,0.5301837921142578,0.3228855729103088,0.5744991302490234,0.4445711672306061,0.5766297578811646,0.316528171300888
0.3001673221588135,0.3727610409259796,0.2392417788505554,0.6357749700546265,0.6431989073753357,0.5304183959960938,0.3227885663509369,0.5745728611946106,0.4455447494983673,0.5767065286636353,0.3162661790847778
0.3001065552234649,0.3730234503746032,0.2391990423202514,0.6363862752914429,0.6435879468917847,0.5306529998779297,0.3226915597915649,0.5746464133262634,0.4465183317661285,0.5767831802368164,0.3160041272640228
0.3000457882881164,0.3732858896255493,0.2391563057899475,0.6369974613189697,0.6439770460128784,0.5308876037597656,0.322594553232193,0.5747201442718506,0.4474918842315674,0.5768599510192871,0.3157420754432678
0.2999849915504455,0.373548299074173,0.2391135394573211,0.6376086473464966,0.6443660855293274,0.5311222076416016,0.3224975168704986,0.5747937560081482,0.4484654664993286,0.5769366025924683,0.3154800534248352
0.299924224615097,0.3738107085227966,0.2390708029270172,0.6382198333740234,0.6447551250457764,0.5313568115234375,0.3224005103111267,0.5748673677444458,0.4494390487670898,0.5770133137702942,0.3152180314064026
0.2998634576797485,0.3740731179714203,0.2390280961990356,0.6388311386108398,0.6451441645622253,0.5315914154052734,0.3223035335540771,0.5749410390853882,0.4504126012325287,0.5770900249481201,0.3149560093879699
0.2998026609420776,0.3743355572223663,0.2389853298664093,0.6394422650337219,0.6455332040786743,0.5318260192871094,0.3222064971923828,0.5750147104263306,0.4513861835002899,0.5771666765213013,0.3146939873695373
0.2997418940067291,0.3745979368686676,0.2389425933361053,0.6400534510612488,0.6459223031997681,0.5320606231689453,0.3221094906330108,0.5750883221626282,0.4523597657680511,0.577243447303772,0.3144319653511047
0.2996810972690582,0.3748603463172912,0.2388998568058014,0.6406646966934204,0.6463112831115723,0.5322952270507812,0.3220124840736389,0.5751620531082153,0.45333331823349,0.5773200988769531,0.3141699433326721
0.2996203303337097,0.3751227557659149,0.2388571202754974,0.6412758827209473,0.6467003226280212,0.5325298309326172,0.3219155073165893,0.5752356052398682,0.4543069303035736,0.577396810054779,0.3139079213142395
0.2995595335960388,0.3753851652145386,0.2388143688440323,0.6418871283531189,0.6470893621444702,0.5327644348144531,0.3218185007572174,0.5753092169761658,0.4552804827690124,0.577473521232605,0.3136458992958069
0.2994987666606903,0.3756475746631622,0.2387716174125671,0.6424983143806458,0.647478461265564,0.5329990386962891,0.321721464395523,0.5753828883171082,0.4562540650367737,0.5775502920150757,0.3133838474750519
0.2994379997253418,0.3759099841117859,0.2387288808822631,0.6431095600128174,0.6478675007820129,0.533233642578125,0.3216244578361511,0.5754565000534058,0.4572276175022125,0.5776269435882568,0.3131217956542969
0.2993772327899933,0.3761724233627319,0.2386861443519592,0.6437207460403442,0.6482565402984619,0.5334682464599609,0.3215274810791015,0.5755302309989929,0.4582011997699737,0.577703595161438,0.3128597736358642
0.2993164658546448,0.376434862613678,0.2386434078216552,0.6443319916725159,0.6486455798149109,0.5337028503417969,0.3214304447174072,0.5756037831306458,0.459174782037735,0.5777803659439087,0.3125977516174316
0.2992556691169739,0.3766972422599792,0.2386006712913513,0.6449431777000427,0.6490346193313599,0.5339374542236328,0.3213334381580353,0.5756775140762329,0.4601483345031738,0.5778570175170898,0.312335729598999
0.2991949021816253,0.3769596517086029,0.2385579347610473,0.6455544233322144,0.6494237184524536,0.5341720581054688,0.3212364315986633,0.5757510662078857,0.461121916770935,0.5779337286949158,0.3120737075805664
0.2991341352462768,0.3772220611572265,0.238515168428421,0.6461656093597412,0.6498127579689026,0.5344066619873047,0.3211394250392914,0.5758247971534729,0.4620954990386963,0.5780104398727417,0.3118116855621338
0.2990733385086059,0.3774845004081726,0.238472431898117,0.6467768549919128,0.6502017974853516,0.5346412658691406,0.3210424184799194,0.5758984088897705,0.4630690813064575,0.5780870914459229,0.3115496635437011
0.299012541770935,0.3777469098567962,0.2384296953678131,0.6473880410194397,0.6505908370018005,0.5348758697509766,0.3209454119205475,0.5759720206260681,0.4640426337718963,0.5781638622283936,0.3112876117229461
0.2989517748355865,0.3780092895030975,0.2383869290351867,0.6479992866516113,0.6509798765182495,0.5351104140281677,0.3208483755588531,0.5760456919670105,0.4650162160396576,0.5782405138015747,0.3110256195068359
0.298891007900238,0.3782716989517212,0.238344207406044,0.6486104726791382,0.6513689756393433,0.5353450179100037,0.3207513988018036,0.5761193037033081,0.4659897983074188,0.5783172249794006,0.3107635676860809
0.2988302111625671,0.3785341084003448,0.2383014857769012,0.649221658706665,0.6517580151557922,0.5355796217918396,0.3206543922424316,0.5761929750442505,0.4669634103775024,0.5783939361572266,0.3105015158653259
0.2987694442272186,0.3787965774536133,0.2382587492465973,0.6498329043388367,0.6521469950675964,0.5358142256736755,0.3205573558807373,0.5762666463851929,0.4679369330406189,0.5784707069396973,0.3102395236492157
0.2987086772918701,0.3790589570999145,0.2382159829139709,0.6504440903663635,0.6525360941886902,0.5360488295555115,0.3204603791236877,0.5763402581214905,0.4689105153083801,0.5785473585128784,0.3099774718284607
0.2986478805541992,0.3793213665485382,0.238173246383667,0.6510553359985352,0.6529251337051392,0.5362834334373474,0.3203633427619934,0.5764139294624329,0.4698840975761413,0.5786240696907043,0.3097154796123504
0.2985871434211731,0.3795837759971618,0.238130509853363,0.651666522026062,0.6533141732215881,0.5365180373191833,0.3202663660049438,0.5764875411987305,0.4708576500415802,0.5787007808685303,0.3094534277915954
0.2985263466835022,0.3798462152481079,0.2380877584218979,0.6522777676582336,0.6537032127380371,0.5367526412010193,0.3201693594455719,0.5765612125396729,0.4718312323093414,0.5787774324417114,0.3091914057731628
0.2984655499458313,0.3801085948944092,0.2380450069904327,0.6528889536857605,0.6540922522544861,0.5369872450828552,0.3200723230838775,0.5766348242759705,0.472804844379425,0.5788541436195374,0.3089293837547302
0.2984048128128052,0.3803710043430328,0.2380022704601287,0.6535001993179321,0.6544813513755798,0.5372218489646912,0.3199753165245056,0.5767084360122681,0.4737783670425415,0.5789308547973633,0.3086673319339752
0.2983440160751343,0.3806334137916565,0.2379595339298248,0.654111385345459,0.6548703908920288,0.5374564528465271,0.319878339767456,0.5767821073532104,0.4747519493103027,0.5790075659751892,0.308405339717865
0.2982832193374634,0.3808958530426025,0.2379167973995208,0.6547226309776306,0.6552594304084778,0.537691056728363,0.3197813034057617,0.5768557190895081,0.4757255315780639,0.5790842771530151,0.30814328789711
0.2982224822044372,0.3811582624912262,0.2378740608692169,0.6553338170051575,0.6556484699249268,0.537925660610199,0.3196842968463897,0.5769293904304504,0.4766991138458252,0.5791609883308411,0.3078812658786773
0.2981616854667663,0.3814206719398498,0.2378313243389129,0.6559450626373291,0.6560375094413757,0.5381602644920349,0.3195872902870178,0.5770030617713928,0.4776726961135864,0.5792376399040222,0.3076192438602447
0.2981008887290954,0.3816831111907959,0.2377885729074478,0.656556248664856,0.6564265489578247,0.5383948683738708,0.3194902837276459,0.5770766735076904,0.4786462783813476,0.5793143510818481,0.3073571920394897
0.2980401515960693,0.3819455206394195,0.2377458214759826,0.6571674346923828,0.6568156480789185,0.5386294722557068,0.3193932771682739,0.5771503448486328,0.4796198606491089,0.5793911218643188,0.3070951700210571
0.2979793548583984,0.3822079300880432,0.2377030849456787,0.6577786803245544,0.6572046875953674,0.5388640761375427,0.319296270608902,0.5772239565849304,0.4805934131145477,0.5794677734375,0.3068331480026245
0.2979185581207275,0.3824703097343445,0.2376603484153747,0.6583899259567261,0.6575937271118164,0.5390986800193787,0.3191992342472076,0.5772976279258728,0.4815669655799866,0.5795444846153259,0.3065710961818695
0.297857791185379,0.3827327191829681,0.2376176118850708,0.6590011119842529,0.6579827070236206,0.5393332839012146,0.3191022574901581,0.5773712992668152,0.4825405478477478,0.5796211957931519,0.3063091039657593
0.2977970242500305,0.3829951584339142,0.2375748753547668,0.6596122980117798,0.6583718061447144,0.5395678877830505,0.3190052509307861,0.577444851398468,0.483514130115509,0.5796979069709778,0.3060470521450043
0.2977362275123596,0.3832575678825378,0.2375321388244629,0.6602235436439514,0.6587608456611633,0.5398024916648865,0.3189082145690918,0.5775185823440552,0.4844877123832702,0.5797745585441589,0.3057850301265716
0.2976754605770111,0.3835199773311615,0.2374893724918365,0.660834789276123,0.6591499447822571,0.5400370955467224,0.3188112378120422,0.577592134475708,0.4854612946510315,0.5798512697219849,0.305523008108139
0.2976146936416626,0.3837823569774627,0.2374466359615326,0.6614459753036499,0.6595389246940613,0.5402716994285583,0.3187142312526703,0.5776658654212952,0.4864348769187927,0.5799279808998108,0.305260956287384
0.2975538969039917,0.3840448260307312,0.2374038994312286,0.6620571613311768,0.659928023815155,0.5405063033103943,0.3186172246932983,0.5777394771575928,0.4874083995819092,0.5800046920776367,0.3049989640712738
0.2974931597709656,0.3843072354793548,0.2373611629009246,0.6626683473587036,0.660317063331604,0.5407408475875854,0.3185202181339264,0.5778131484985352,0.4883820414543152,0.5800814032554626,0.3047369122505188
0.2974323630332947,0.3845696151256561,0.2373184114694595,0.66327965259552,0.660706102848053,0.5409754514694214,0.318423181772232,0.5778867602348328,0.4893555641174316,0.5801580548286438,0.3044748902320862
0.2973715662956238,0.3848320245742798,0.2372756749391555,0.6638908386230469,0.661095142364502,0.5412100553512573,0.3183261752128601,0.5779604315757751,0.4903291463851928,0.5802347660064697,0.3042128682136535
0.2734224498271942,0.1908280551433563,0.2011168450117111,0.250154435634613,0.4382044672966003,0.3154730498790741,0.0317029170691967,0.4749168157577514,0.1482604444026947,0.3927842676639557,0.0927967503666877
0.2734224498271942,0.1908280551433563,0.2011168450117111,0.250154435634613,0.4382044672966003,0.3154730498790741,0.0317029170691967,0.4749168157577514,0.1482604444026947,0.3927842676639557,0.0927967503666877
0.2734224498271942,0.1908280551433563,0.2011168450117111,0.250154435634613,0.4382044672966003,0.3154730498790741,0.0317029170691967,0.4749168157577514,0.1482604444026947,0.3927842676639557,0.0927967503666877
0.2734224498271942,0.1908280551433563,0.2011168450117111,0.250154435634613,0.4382044672966003,0.3154730498790741,0.0317029170691967,0.4749168157577514,0.1482604444026947,0.3927842676639557,0.0927967503666877
0.2734224498271942,0.1908280551433563,0.2011168450117111,0.250154435634613,0.4382044672966003,0.3154730498790741,0.0317029170691967,0.4749168157577514,0.1482604444026947,0.3927842676639557,0.0927967503666877
0.2734224498271942,0.1908280551433563,0.2011168450117111,0.250154435634613,0.4382044672966003,0.3154730498790741,0.0317029170691967,0.4749168157577514,0.1482604444026947,0.3927842676639557,0.0927967503666877
0.2734224498271942,0.1908280551433563,0.2011168450117111,0.250154435634613,0.4382044672966003,0.3154730498790741,0.0317029170691967,0.4749168157577514,0.1482604444026947,0.3927842676639557,0.0927967503666877
0.2734224498271942,0.1908280551433563,0.2011168450117111,0.250154435634613,0.4382044672966003,0.3154730498790741,0.0317029170691967,0.4749168157577514,0.1482604444026947,0.3927842676639557,0.0927967503666877
0.2734224498271942,0.1908280551433563,0.2011168450117111,0.250154435634613,0.4382044672966003,0.3154730498790741,0.0317029170691967,0.4749168157577514,0.1482604444026947,0.3927842676639557,0.0927967503666877
0.2734224498271942,0.1908280551433563,0.2011168450117111,0.250154435634613,0.4382044672966003,0.3154730498790741,0.0317029170691967,0.4749168157577514,0.1482604444026947,0.3927842676639557,0.0927967503666877
0.2734224498271942,0.1908280551433563,0.2011168450117111,0.250154435634613,0.4382044672966003,0.3154730498790741,0.0317029170691967,0.4749168157577514,0.1482604444026947,0.3927842676639557,0.0927967503666877
0.2734224498271942,0.1908280551433563,0.2011168450117111,0.250154435634613,0.4382044672966003,0.3154730498790741,0.0317029170691967,0.4749168157577514,0.1482604444026947,0.3927842676639557,0.0927967503666877
0.2734224498271942,0.1908280551433563,0.2011168450117111,0.250154435634613,0.4382044672966003,0.3154730498790741,0.0317029170691967,0.4749168157577514,0.1482604444026947,0.3927842676639557,0.0927967503666877
0.2734224498271942,0.1908280551433563,0.2011168450117111,0.250154435634613,0.4382044672966003,0.3154730498790741,0.0317029170691967,0.4749168157577514,0.1482604444026947,0.3927842676639557,0.0927967503666877
0.2734224498271942,0.1908280551433563,0.2011168450117111,0.250154435634613,0.4382044672966003,0.3154730498790741,0.0317029170691967,0.4749168157577514,0.1482604444026947,0.3927842676639557,0.0927967503666877
0.2734224498271942,0.1908280551433563,0.2011168450117111,0.250154435634613,0.4382044672966003,0.3154730498790741,0.0317029170691967,0.4749168157577514,0.1482604444026947,0.3927842676639557,0.0927967503666877
0.2734224498271942,0.1908280551433563,0.2011168450117111,0.250154435634613,0.4382044672966003,0.3154730498790741,0.0317029170691967,0.4749168157577514,0.1482604444026947,0.3927842676639557,0.0927967503666877
0.2734224498271942,0.1908280551433563,0.2011168450117111,0.250154435634613,0.4382044672966003,0.3154730498790741,0.0317029170691967,0.4749168157577514,0.1482604444026947,0.3927842676639557,0.0927967503666877
0.2734224498271942,0.1908280551433563,0.2011168450117111,0.250154435634613,0.4382044672966003,0.3154730498790741,0.0317029170691967,0.4749168157577514,0.1482604444026947,0.3927842676639557,0.0927967503666877
0.2734224498271942,0.1908280551433563,0.2011168450117111,0.250154435634613,0.4382044672966003,0.3154730498790741,0.0317029170691967,0.4749168157577514,0.1482604444026947,0.3927842676639557,0.0927967503666877
0.2734224498271942,0.1908280551433563,0.2011168450117111,0.250154435634613,0.4382044672966003,0.3154730498790741,0.0317029170691967,0.4749168157577514,0.1482604444026947,0.3927842676639557,0.0927967503666877
0.2734224498271942,0.1908280551433563,0.2011168450117111,0.250154435634613,0.4382044672966003,0.3154730498790741,0.0317029170691967,0.4749168157577514,0.1482604444026947,0.3927842676639557,0.0927967503666877
0.2734224498271942,0.1908280551433563,0.2011168450117111,0.250154435634613,0.4382044672966003,0.3154730498790741,0.0317029170691967,0.4749168157577514,0.1482604444026947,0.3927842676639557,0.0927967503666877
0.2734224498271942,0.1908280551433563,0.2011168450117111,0.250154435634613,0.4382044672966003,0.3154730498790741,0.0317029170691967,0.4749168157577514,0.1482604444026947,0.3927842676639557,0.0927967503666877
0.2734224498271942,0.1908280551433563,0.2011168450117111,0.250154435634613,0.4382044672966003,0.3154730498790741,0.0317029170691967,0.4749168157577514,0.1482604444026947,0.3927842676639557,0.0927967503666877
0.2734224498271942,0.1908280551433563,0.2011168450117111,0.250154435634613,0.4382044672966003,0.3154730498790741,0.0317029170691967,0.4749168157577514,0.1482604444026947,0.3927842676639557,0.0927967503666877
0.2734224498271942,0.1908280551433563,0.2011168450117111,0.250154435634613,0.4382044672966003,0.3154730498790741,0.0317029170691967,0.4749168157577514,0.1482604444026947,0.3927842676639557,0.0927967503666877
0.2734224498271942,0.1908280551433563,0.2011168450117111,0.250154435634613,0.4382044672966003,0.3154730498790741,0.0317029170691967,0.4749168157577514,0.1482604444026947,0.3927842676639557,0.0927967503666877
0.2734224498271942,0.1908280551433563,0.2011168450117111,0.250154435634613,0.4382044672966003,0.3154730498790741,0.0317029170691967,0.4749168157577514,0.1482604444026947,0.3927842676639557,0.0927967503666877
0.2734224498271942,0.1908280551433563,0.2011168450117111,0.250154435634613,0.4382044672966003,0.3154730498790741,0.0317029170691967,0.4749168157577514,0.1482604444026947,0.3927842676639557,0.0927967503666877
0.2734224498271942,0.1908280551433563,0.2011168450117111,0.250154435634613,0.4382044672966003,0.3154730498790741,0.0317029170691967,0.4749168157577514,0.1482604444026947,0.3927842676639557,0.0927967503666877
0.2734224498271942,0.1908280551433563,0.2011168450117111,0.250154435634613,0.4382044672966003,0.3154730498790741,0.0317029170691967,0.4749168157577514,0.1482604444026947,0.3927842676639557,0.0927967503666877
0.2734224498271942,0.1908280551433563,0.2011168450117111,0.250154435634613,0.4382044672966003,0.3154730498790741,0.0317029170691967,0.4749168157577514,0.1482604444026947,0.3927842676639557,0.0927967503666877
0.2734224498271942,0.1908280551433563,0.2011168450117111,0.250154435634613,0.4382044672966003,0.3154730498790741,0.0317029170691967,0.4749168157577514,0.1482604444026947,0.3927842676639557,0.0927967503666877
0.2734224498271942,0.1908280551433563,0.2011168450117111,0.250154435634613,0.4382044672966003,0.3154730498790741,0.0317029170691967,0.4749168157577514,0.1482604444026947,0.3927842676639557,0.0927967503666877
0.2734224498271942,0.1908280551433563,0.2011168450117111,0.250154435634613,0.4382044672966003,0.3154730498790741,0.0317029170691967,0.4749168157577514,0.1482604444026947,0.3927842676639557,0.0927967503666877
0.2734224498271942,0.1908280551433563,0.2011168450117111,0.250154435634613,0.4382044672966003,0.3154730498790741,0.0317029170691967,0.4749168157577514,0.1482604444026947,0.3927842676639557,0.0927967503666877
0.2734224498271942,0.1908280551433563,0.2011168450117111,0.250154435634613,0.4382044672966003,0.3154730498790741,0.0317029170691967,0.4749168157577514,0.1482604444026947,0.3927842676639557,0.0927967503666877
0.2734224498271942,0.1908280551433563,0.2011168450117111,0.250154435634613,0.4382044672966003,0.3154730498790741,0.0317029170691967,0.4749168157577514,0.1482604444026947,0.3927842676639557,0.0927967503666877
0.2734224498271942,0.1908280551433563,0.2011168450117111,0.250154435634613,0.4382044672966003,0.3154730498790741,0.0317029170691967,0.4749168157577514,0.1482604444026947,0.3927842676639557,0.0927967503666877
0.2734224498271942,0.1908280551433563,0.2011168450117111,0.250154435634613,0.4382044672966003,0.3154730498790741,0.0317029170691967,0.4749168157577514,0.1482604444026947,0.3927842676639557,0.0927967503666877
0.2734224498271942,0.1908280551433563,0.2011168450117111,0.250154435634613,0.4382044672966003,0.3154730498790741,0.0317029170691967,0.4749168157577514,0.1482604444026947,0.3927842676639557,0.0927967503666877
0.2734224498271942,0.1908280551433563,0.2011168450117111,0.250154435634613,0.4382044672966003,0.3154730498790741,0.0317029170691967,0.4749168157577514,0.1482604444026947,0.3927842676639557,0.0927967503666877
0.2734224498271942,0.1908280551433563,0.2011168450117111,0.250154435634613,0.4382044672966003,0.3154730498790741,0.0317029170691967,0.4749168157577514,0.1482604444026947,0.3927842676639557,0.0927967503666877
0.2734224498271942,0.1908280551433563,0.2011168450117111,0.250154435634613,0.4382044672966003,0.3154730498790741,0.0317029170691967,0.4749168157577514,0.1482604444026947,0.3927842676639557,0.0927967503666877
0.2734224498271942,0.1908280551433563,0.2011168450117111,0.250154435634613,0.4382044672966003,0.3154730498790741,0.0317029170691967,0.4749168157577514,0.1482604444026947,0.3927842676639557,0.0927967503666877
0.2734224498271942,0.1908280551433563,0.2011168450117111,0.250154435634613,0.4382044672966003,0.3154730498790741,0.0317029170691967,0.4749168157577514,0.1482604444026947,0.3927842676639557,0.0927967503666877
0.2734224498271942,0.1908280551433563,0.2011168450117111,0.250154435634613,0.4382044672966003,0.3154730498790741,0.0317029170691967,0.4749168157577514,0.1482604444026947,0.3927842676639557,0.0927967503666877
0.2734224498271942,0.1908280551433563,0.2011168450117111,0.250154435634613,0.4382044672966003,0.3154730498790741,0.0317029170691967,0.4749168157577514,0.1482604444026947,0.3927842676639557,0.0927967503666877
0.2734224498271942,0.1908280551433563,0.2011168450117111,0.250154435634613,0.4382044672966003,0.3154730498790741,0.0317029170691967,0.4749168157577514,0.1482604444026947,0.3927842676639557,0.0927967503666877
0.2734224498271942,0.1908280551433563,0.2011168450117111,0.250154435634613,0.4382044672966003,0.3154730498790741,0.0317029170691967,0.4749168157577514,0.1482604444026947,0.3927842676639557,0.0927967503666877
0.2734224498271942,0.1908280551433563,0.2011168450117111,0.250154435634613,0.4382044672966003,0.3154730498790741,0.0317029170691967,0.4749168157577514,0.1482604444026947,0.3927842676639557,0.0927967503666877
0.2734224498271942,0.1908280551433563,0.2011168450117111,0.250154435634613,0.4382044672966003,0.3154730498790741,0.0317029170691967,0.4749168157577514,0.1482604444026947,0.3927842676639557,0.0927967503666877
0.2734224498271942,0.1908280551433563,0.2011168450117111,0.250154435634613,0.4382044672966003,0.3154730498790741,0.0317029170691967,0.4749168157577514,0.1482604444026947,0.3927842676639557,0.0927967503666877
0.2734224498271942,0.1908280551433563,0.2011168450117111,0.250154435634613,0.4382044672966003,0.3154730498790741,0.0317029170691967,0.4749168157577514,0.1482604444026947,0.3927842676639557,0.0927967503666877
0.2734224498271942,0.1908280551433563,0.2011168450117111,0.250154435634613,0.4382044672966003,0.3154730498790741,0.0317029170691967,0.4749168157577514,0.1482604444026947,0.3927842676639557,0.0927967503666877
0.2734224498271942,0.1908280551433563,0.2011168450117111,0.250154435634613,0.4382044672966003,0.3154730498790741,0.0317029170691967,0.4749168157577514,0.1482604444026947,0.3927842676639557,0.0927967503666877
0.2734224498271942,0.1908280551433563,0.2011168450117111,0.250154435634613,0.4382044672966003,0.3154730498790741,0.0317029170691967,0.4749168157577514,0.1482604444026947,0.3927842676639557,0.0927967503666877
0.2734224498271942,0.1908280551433563,0.2011168450117111,0.250154435634613,0.4382044672966003,0.3154730498790741,0.0317029170691967,0.4749168157577514,0.1482604444026947,0.3927842676639557,0.0927967503666877
0.2734224498271942,0.1908280551433563,0.2011168450117111,0.250154435634613,0.4382044672966003,0.3154730498790741,0.0317029170691967,0.4749168157577514,0.1482604444026947,0.3927842676639557,0.0927967503666877
0.2734224498271942,0.1908280551433563,0.2011168450117111,0.250154435634613,0.4382044672966003,0.3154730498790741,0.0317029170691967,0.4749168157577514,0.1482604444026947,0.3927842676639557,0.0927967503666877
0.2734224498271942,0.1908280551433563,0.2011168450117111,0.250154435634613,0.4382044672966003,0.3154730498790741,0.0317029170691967,0.4749168157577514,0.1482604444026947,0.3927842676639557,0.0927967503666877
0.2734224498271942,0.1908280551433563,0.2011168450117111,0.250154435634613,0.4382044672966003,0.3154730498790741,0.0317029170691967,0.4749168157577514,0.1482604444026947,0.3927842676639557,0.0927967503666877
0.2734224498271942,0.1908280551433563,0.2011168450117111,0.250154435634613,0.4382044672966003,0.3154730498790741,0.0317029170691967,0.4749168157577514,0.1482604444026947,0.3927842676639557,0.0927967503666877
0.2734224498271942,0.1908280551433563,0.2011168450117111,0.250154435634613,0.4382044672966003,0.3154730498790741,0.0317029170691967,0.4749168157577514,0.1482604444026947,0.3927842676639557,0.0927967503666877
0.2734224498271942,0.1908280551433563,0.2011168450117111,0.250154435634613,0.4382044672966003,0.3154730498790741,0.0317029170691967,0.4749168157577514,0.1482604444026947,0.3927842676639557,0.0927967503666877
0.2734224498271942,0.1908280551433563,0.2011168450117111,0.250154435634613,0.4382044672966003,0.3154730498790741,0.0317029170691967,0.4749168157577514,0.1482604444026947,0.3927842676639557,0.0927967503666877
0.2734224498271942,0.1908280551433563,0.2011168450117111,0.250154435634613,0.4382044672966003,0.3154730498790741,0.0317029170691967,0.4749168157577514,0.1482604444026947,0.3927842676639557,0.0927967503666877
0.2734224498271942,0.1908280551433563,0.2011168450117111,0.250154435634613,0.4382044672966003,0.3154730498790741,0.0317029170691967,0.4749168157577514,0.1482604444026947,0.3927842676639557,0.0927967503666877
0.2734224498271942,0.1908280551433563,0.2011168450117111,0.250154435634613,0.4382044672966003,0.3154730498790741,0.0317029170691967,0.4749168157577514,0.1482604444026947,0.3927842676639557,0.0927967503666877
0.2734224498271942,0.1908280551433563,0.2011168450117111,0.250154435634613,0.4382044672966003,0.3154730498790741,0.0317029170691967,0.4749168157577514,0.1482604444026947,0.3927842676639557,0.0927967503666877
0.2734224498271942,0.1908280551433563,0.2011168450117111,0.250154435634613,0.4382044672966003,0.3154730498790741,0.0317029170691967,0.4749168157577514,0.1482604444026947,0.3927842676639557,0.0927967503666877
0.2734224498271942,0.1908280551433563,0.2011168450117111,0.250154435634613,0.4382044672966003,0.3154730498790741,0.0317029170691967,0.4749168157577514,0.1482604444026947,0.3927842676639557,0.0927967503666877
0.2734224498271942,0.1908280551433563,0.2011168450117111,0.250154435634613,0.4382044672966003,0.3154730498790741,0.0317029170691967,0.4749168157577514,0.1482604444026947,0.3927842676639557,0.0927967503666877
0.2734224498271942,0.1908280551433563,0.2011168450117111,0.250154435634613,0.4382044672966003,0.3154730498790741,0.0317029170691967,0.4749168157577514,0.1482604444026947,0.3927842676639557,0.0927967503666877
0.2734224498271942,0.1908280551433563,0.2011168450117111,0.250154435634613,0.4382044672966003,0.3154730498790741,0.0317029170691967,0.4749168157577514,0.1482604444026947,0.3927842676639557,0.0927967503666877
0.2734224498271942,0.1908280551433563,0.2011168450117111,0.250154435634613,0.4382044672966003,0.3154730498790741,0.0317029170691967,0.4749168157577514,0.1482604444026947,0.3927842676639557,0.0927967503666877
0.2734224498271942,0.1908280551433563,0.2011168450117111,0.250154435634613,0.4382044672966003,0.3154730498790741,0.0317029170691967,0.4749168157577514,0.1482604444026947,0.3927842676639557,0.0927967503666877
0.2734224498271942,0.1908280551433563,0.2011168450117111,0.250154435634613,0.4382044672966003,0.3154730498790741,0.0317029170691967,0.4749168157577514,0.1482604444026947,0.3927842676639557,0.0927967503666877
0.2734224498271942,0.1908280551433563,0.2011168450117111,0.250154435634613,0.4382044672966003,0.3154730498790741,0.0317029170691967,0.4749168157577514,0.1482604444026947,0.3927842676639557,0.0927967503666877
0.2734224498271942,0.1908280551433563,0.2011168450117111,0.250154435634613,0.4382044672966003,0.3154730498790741,0.0317029170691967,0.4749168157577514,0.1482604444026947,0.3927842676639557,0.0927967503666877
0.2734224498271942,0.1908280551433563,0.2011168450117111,0.250154435634613,0.4382044672966003,0.3154730498790741,0.0317029170691967,0.4749168157577514,0.1482604444026947,0.3927842676639557,0.0927967503666877
0.2734224498271942,0.1908280551433563,0.2011168450117111,0.250154435634613,0.4382044672966003,0.3154730498790741,0.0317029170691967,0.4749168157577514,0.1482604444026947,0.3927842676639557,0.0927967503666877
0.2734224498271942,0.1908280551433563,0.2011168450117111,0.250154435634613,0.4382044672966003,0.3154730498790741,0.0317029170691967,0.4749168157577514,0.1482604444026947,0.3927842676639557,0.0927967503666877
0.2734224498271942,0.1908280551433563,0.2011168450117111,0.250154435634613,0.4382044672966003,0.3154730498790741,0.0317029170691967,0.4749168157577514,0.1482604444026947,0.3927842676639557,0.0927967503666877
0.2734224498271942,0.1908280551433563,0.2011168450117111,0.250154435634613,0.4382044672966003,0.3154730498790741,0.0317029170691967,0.4749168157577514,0.1482604444026947,0.3927842676639557,0.0927967503666877
0.2734224498271942,0.1908280551433563,0.2011168450117111,0.250154435634613,0.4382044672966003,0.3154730498790741,0.0317029170691967,0.4749168157577514,0.1482604444026947,0.3927842676639557,0.0927967503666877
0.2734224498271942,0.1908280551433563,0.2011168450117111,0.250154435634613,0.4382044672966003,0.3154730498790741,0.0317029170691967,0.4749168157577514,0.1482604444026947,0.3927842676639557,0.0927967503666877
0.2734224498271942,0.1908280551433563,0.2011168450117111,0.250154435634613,0.4382044672966003,0.3154730498790741,0.0317029170691967,0.4749168157577514,0.1482604444026947,0.3927842676639557,0.0927967503666877
0.2734224498271942,0.1908280551433563,0.2011168450117111,0.250154435634613,0.4382044672966003,0.3154730498790741,0.0317029170691967,0.4749168157577514,0.1482604444026947,0.3927842676639557,0.0927967503666877
0.2734224498271942,0.1908280551433563,0.2011168450117111,0.250154435634613,0.4382044672966003,0.3154730498790741,0.0317029170691967,0.4749168157577514,0.1482604444026947,0.3927842676639557,0.0927967503666877
0.2734224498271942,0.1908280551433563,0.2011168450117111,0.250154435634613,0.4382044672966003,0.3154730498790741,0.0317029170691967,0.4749168157577514,0.1482604444026947,0.3927842676639557,0.0927967503666877
0.2734224498271942,0.1908280551433563,0.2011168450117111,0.250154435634613,0.4382044672966003,0.3154730498790741,0.0317029170691967,0.4749168157577514,0.1482604444026947,0.3927842676639557,0.0927967503666877
0.2734224498271942,0.1908280551433563,0.2011168450117111,0.250154435634613,0.4382044672966003,0.3154730498790741,0.0317029170691967,0.4749168157577514,0.1482604444026947,0.3927842676639557,0.0927967503666877
0.2734224498271942,0.1908280551433563,0.2011168450117111,0.250154435634613,0.4382044672966003,0.3154730498790741,0.0317029170691967,0.4749168157577514,0.1482604444026947,0.3927842676639557,0.0927967503666877
0.2734224498271942,0.1908280551433563,0.2011168450117111,0.250154435634613,0.4382044672966003,0.3154730498790741,0.0317029170691967,0.4749168157577514,0.1482604444026947,0.3927842676639557,0.0927967503666877
0.2734224498271942,0.1908280551433563,0.2011168450117111,0.250154435634613,0.4382044672966003,0.3154730498790741,0.0317029170691967,0.4749168157577514,0.1482604444026947,0.3927842676639557,0.0927967503666877
0.2734224498271942,0.1908280551433563,0.2011168450117111,0.250154435634613,0.4382044672966003,0.3154730498790741,0.0317029170691967,0.4749168157577514,0.1482604444026947,0.3927842676639557,0.0927967503666877
0.2734224498271942,0.1908280551433563,0.2011168450117111,0.250154435634613,0.4382044672966003,0.3154730498790741,0.0317029170691967,0.4749168157577514,0.1482604444026947,0.3927842676639557,0.0927967503666877
0.2734224498271942,0.1908280551433563,0.2011168450117111,0.250154435634613,0.4382044672966003,0.3154730498790741,0.0317029170691967,0.4749168157577514,0.1482604444026947,0.3927842676639557,0.0927967503666877
0.2734224498271942,0.1908280551433563,0.2011168450117111,0.250154435634613,0.4382044672966003,0.3154730498790741,0.0317029170691967,0.4749168157577514,0.1482604444026947,0.3927842676639557,0.0927967503666877
0.2734224498271942,0.1908280551433563,0.2011168450117111,0.250154435634613,0.4382044672966003,0.3154730498790741,0.0317029170691967,0.4749168157577514,0.1482604444026947,0.3927842676639557,0.0927967503666877
0.2734224498271942,0.1908280551433563,0.2011168450117111,0.250154435634613,0.4382044672966003,0.3154730498790741,0.0317029170691967,0.4749168157577514,0.1482604444026947,0.3927842676639557,0.0927967503666877
0.2734224498271942,0.1908280551433563,0.2011168450117111,0.250154435634613,0.4382044672966003,0.3154730498790741,0.0317029170691967,0.4749168157577514,0.1482604444026947,0.3927842676639557,0.0927967503666877
0.2734224498271942,0.1908280551433563,0.2011168450117111,0.250154435634613,0.4382044672966003,0.3154730498790741,0.0317029170691967,0.4749168157577514,0.1482604444026947,0.3927842676639557,0.0927967503666877
0.2734224498271942,0.1908280551433563,0.2011168450117111,0.250154435634613,0.4382044672966003,0.3154730498790741,0.0317029170691967,0.4749168157577514,0.1482604444026947,0.3927842676639557,0.0927967503666877
0.2734224498271942,0.1908280551433563,0.2011168450117111,0.250154435634613,0.4382044672966003,0.3154730498790741,0.0317029170691967,0.4749168157577514,0.1482604444026947,0.3927842676639557,0.0927967503666877
0.2734224498271942,0.1908280551433563,0.2011168450117111,0.250154435634613,0.4382044672966003,0.3154730498790741,0.0317029170691967,0.4749168157577514,0.1482604444026947,0.3927842676639557,0.0927967503666877
0.2734224498271942,0.1908280551433563,0.2011168450117111,0.250154435634613,0.4382044672966003,0.3154730498790741,0.0317029170691967,0.4749168157577514,0.1482604444026947,0.3927842676639557,0.0927967503666877
0.2734224498271942,0.1908280551433563,0.2011168450117111,0.250154435634613,0.4382044672966003,0.3154730498790741,0.0317029170691967,0.4749168157577514,0.1482604444026947,0.3927842676639557,0.0927967503666877
0.2734224498271942,0.1908280551433563,0.2011168450117111,0.250154435634613,0.4382044672966003,0.3154730498790741,0.0317029170691967,0.4749168157577514,0.1482604444026947,0.3927842676639557,0.0927967503666877
0.2734224498271942,0.1908280551433563,0.2011168450117111,0.250154435634613,0.4382044672966003,0.3154730498790741,0.0317029170691967,0.4749168157577514,0.1482604444026947,0.3927842676639557,0.0927967503666877
0.2734224498271942,0.1908280551433563,0.2011168450117111,0.250154435634613,0.4382044672966003,0.3154730498790741,0.0317029170691967,0.4749168157577514,0.1482604444026947,0.3927842676639557,0.0927967503666877
0.2734224498271942,0.1908280551433563,0.2011168450117111,0.250154435634613,0.4382044672966003,0.3154730498790741,0.0317029170691967,0.4749168157577514,0.1482604444026947,0.3927842676639557,0.0927967503666877
0.2734224498271942,0.1908280551433563,0.2011168450117111,0.250154435634613,0.4382044672966003,0.3154730498790741,0.0317029170691967,0.4749168157577514,0.1482604444026947,0.3927842676639557,0.0927967503666877
0.2734224498271942,0.1908280551433563,0.2011168450117111,0.250154435634613,0.4382044672966003,0.3154730498790741,0.0317029170691967,0.4749168157577514,0.1482604444026947,0.3927842676639557,0.0927967503666877
0.2734224498271942,0.1908280551433563,0.2011168450117111,0.250154435634613,0.4382044672966003,0.3154730498790741,0.0317029170691967,0.4749168157577514,0.1482604444026947,0.3927842676639557,0.0927967503666877
0.2734224498271942,0.1908280551433563,0.2011168450117111,0.250154435634613,0.4382044672966003,0.3154730498790741,0.0317029170691967,0.4749168157577514,0.1482604444026947,0.3927842676639557,0.0927967503666877
0.2734224498271942,0.1908280551433563,0.2011168450117111,0.250154435634613,0.4382044672966003,0.3154730498790741,0.0317029170691967,0.4749168157577514,0.1482604444026947,0.3927842676639557,0.0927967503666877
0.2734224498271942,0.1908280551433563,0.2011168450117111,0.250154435634613,0.4382044672966003,0.3154730498790741,0.0317029170691967,0.4749168157577514,0.1482604444026947,0.3927842676639557,0.0927967503666877
0.2734224498271942,0.1908280551433563,0.2011168450117111,0.250154435634613,0.4382044672966003,0.3154730498790741,0.0317029170691967,0.4749168157577514,0.1482604444026947,0.3927842676639557,0.0927967503666877
0.2734224498271942,0.1908280551433563,0.2011168450117111,0.250154435634613,0.4382044672966003,0.3154730498790741,0.0317029170691967,0.4749168157577514,0.1482604444026947,0.3927842676639557,0.0927967503666877
0.2734224498271942,0.1908280551433563,0.2011168450117111,0.250154435634613,0.4382044672966003,0.3154730498790741,0.0317029170691967,0.4749168157577514,0.1482604444026947,0.3927842676639557,0.0927967503666877
0.2734224498271942,0.1908280551433563,0.2011168450117111,0.250154435634613,0.4382044672966003,0.3154730498790741,0.0317029170691967,0.4749168157577514,0.1482604444026947,0.3927842676639557,0.0927967503666877
0.2734224498271942,0.1908280551433563,0.2011168450117111,0.250154435634613,0.4382044672966003,0.3154730498790741,0.0317029170691967,0.4749168157577514,0.1482604444026947,0.3927842676639557,0.0927967503666877
0.2734224498271942,0.1908280551433563,0.2011168450117111,0.250154435634613,0.4382044672966003,0.3154730498790741,0.0317029170691967,0.4749168157577514,0.1482604444026947,0.3927842676639557,0.0927967503666877
0.2734224498271942,0.1908280551433563,0.2011168450117111,0.250154435634613,0.4382044672966003,0.3154730498790741,0.0317029170691967,0.4749168157577514,0.1482604444026947,0.3927842676639557,0.0927967503666877
0.2734224498271942,0.1908280551433563,0.2011168450117111,0.250154435634613,0.4382044672966003,0.3154730498790741,0.0317029170691967,0.4749168157577514,0.1482604444026947,0.3927842676639557,0.0927967503666877
0.2734224498271942,0.1908280551433563,0.2011168450117111,0.250154435634613,0.4382044672966003,0.3154730498790741,0.0317029170691967,0.4749168157577514,0.1482604444026947,0.3927842676639557,0.0927967503666877
0.2734224498271942,0.1908280551433563,0.2011168450117111,0.250154435634613,0.4382044672966003,0.3154730498790741,0.0317029170691967,0.4749168157577514,0.1482604444026947,0.3927842676639557,0.0927967503666877
0.2734224498271942,0.1908280551433563,0.2011168450117111,0.250154435634613,0.4382044672966003,0.3154730498790741,0.0317029170691967,0.4749168157577514,0.1482604444026947,0.3927842676639557,0.0927967503666877
0.2734224498271942,0.1908280551433563,0.2011168450117111,0.250154435634613,0.4382044672966003,0.3154730498790741,0.0317029170691967,0.4749168157577514,0.1482604444026947,0.3927842676639557,0.0927967503666877
0.2734224498271942,0.1908280551433563,0.2011168450117111,0.250154435634613,0.4382044672966003,0.3154730498790741,0.0317029170691967,0.4749168157577514,0.1482604444026947,0.3927842676639557,0.0927967503666877
0.2734224498271942,0.1908280551433563,0.2011168450117111,0.250154435634613,0.4382044672966003,0.3154730498790741,0.0317029170691967,0.4749168157577514,0.1482604444026947,0.3927842676639557,0.0927967503666877
0.2734224498271942,0.1908280551433563,0.2011168450117111,0.250154435634613,0.4382044672966003,0.3154730498790741,0.0317029170691967,0.4749168157577514,0.1482604444026947,0.3927842676639557,0.0927967503666877
0.2734224498271942,0.1908280551433563,0.2011168450117111,0.250154435634613,0.4382044672966003,0.3154730498790741,0.0317029170691967,0.4749168157577514,0.1482604444026947,0.3927842676639557,0.0927967503666877
0.2734224498271942,0.1908280551433563,0.2011168450117111,0.250154435634613,0.4382044672966003,0.3154730498790741,0.0317029170691967,0.4749168157577514,0.1482604444026947,0.3927842676639557,0.0927967503666877
0.2734224498271942,0.1908280551433563,0.2011168450117111,0.250154435634613,0.4382044672966003,0.3154730498790741,0.0317029170691967,0.4749168157577514,0.1482604444026947,0.3927842676639557,0.0927967503666877
0.2734224498271942,0.1908280551433563,0.2011168450117111,0.250154435634613,0.4382044672966003,0.3154730498790741,0.0317029170691967,0.4749168157577514,0.1482604444026947,0.3927842676639557,0.0927967503666877
0.2734224498271942,0.1908280551433563,0.2011168450117111,0.250154435634613,0.4382044672966003,0.3154730498790741,0.0317029170691967,0.4749168157577514,0.1482604444026947,0.3927842676639557,0.0927967503666877
0.2734224498271942,0.1908280551433563,0.2011168450117111,0.250154435634613,0.4382044672966003,0.3154730498790741,0.0317029170691967,0.4749168157577514,0.1482604444026947,0.3927842676639557,0.0927967503666877
0.2734224498271942,0.1908280551433563,0.2011168450117111,0.250154435634613,0.4382044672966003,0.3154730498790741,0.0317029170691967,0.4749168157577514,0.1482604444026947,0.3927842676639557,0.0927967503666877
0.2734224498271942,0.1908280551433563,0.2011168450117111,0.250154435634613,0.4382044672966003,0.3154730498790741,0.0317029170691967,0.4749168157577514,0.1482604444026947,0.3927842676639557,0.0927967503666877
0.2734224498271942,0.1908280551433563,0.2011168450117111,0.250154435634613,0.4382044672966003,0.3154730498790741,0.0317029170691967,0.4749168157577514,0.1482604444026947,0.3927842676639557,0.0927967503666877
0.2734224498271942,0.1908280551433563,0.2011168450117111,0.250154435634613,0.4382044672966003,0.3154730498790741,0.0317029170691967,0.4749168157577514,0.1482604444026947,0.3927842676639557,0.0927967503666877
0.2734224498271942,0.1908280551433563,0.2011168450117111,0.250154435634613,0.4382044672966003,0.3154730498790741,0.0317029170691967,0.4749168157577514,0.1482604444026947,0.3927842676639557,0.0927967503666877
0.2734224498271942,0.1908280551433563,0.2011168450117111,0.250154435634613,0.4382044672966003,0.3154730498790741,0.0317029170691967,0.4749168157577514,0.1482604444026947,0.3927842676639557,0.0927967503666877
0.2734224498271942,0.1908280551433563,0.2011168450117111,0.250154435634613,0.4382044672966003,0.3154730498790741,0.0317029170691967,0.4749168157577514,0.1482604444026947,0.3927842676639557,0.0927967503666877
0.2734224498271942,0.1908280551433563,0.2011168450117111,0.250154435634613,0.4382044672966003,0.3154730498790741,0.0317029170691967,0.4749168157577514,0.1482604444026947,0.3927842676639557,0.0927967503666877
0.2734224498271942,0.1908280551433563,0.2011168450117111,0.250154435634613,0.4382044672966003,0.3154730498790741,0.0317029170691967,0.4749168157577514,0.1482604444026947,0.3927842676639557,0.0927967503666877
0.2734224498271942,0.1908280551433563,0.2011168450117111,0.250154435634613,0.4382044672966003,0.3154730498790741,0.0317029170691967,0.4749168157577514,0.1482604444026947,0.3927842676639557,0.0927967503666877
0.2734224498271942,0.1908280551433563,0.2011168450117111,0.250154435634613,0.4382044672966003,0.3154730498790741,0.0317029170691967,0.4749168157577514,0.1482604444026947,0.3927842676639557,0.0927967503666877
0.2734224498271942,0.1908280551433563,0.2011168450117111,0.250154435634613,0.4382044672966003,0.3154730498790741,0.0317029170691967,0.4749168157577514,0.1482604444026947,0.3927842676639557,0.0927967503666877
0.2734224498271942,0.1908280551433563,0.2011168450117111,0.250154435634613,0.4382044672966003,0.3154730498790741,0.0317029170691967,0.4749168157577514,0.1482604444026947,0.3927842676639557,0.0927967503666877
0.2734224498271942,0.1908280551433563,0.2011168450117111,0.250154435634613,0.4382044672966003,0.3154730498790741,0.0317029170691967,0.4749168157577514,0.1482604444026947,0.3927842676639557,0.0927967503666877
0.2734224498271942,0.1908280551433563,0.2011168450117111,0.250154435634613,0.4382044672966003,0.3154730498790741,0.0317029170691967,0.4749168157577514,0.1482604444026947,0.3927842676639557,0.0927967503666877
0.2734224498271942,0.1908280551433563,0.2011168450117111,0.250154435634613,0.4382044672966003,0.3154730498790741,0.0317029170691967,0.4749168157577514,0.1482604444026947,0.3927842676639557,0.0927967503666877
0.2734224498271942,0.1908280551433563,0.2011168450117111,0.250154435634613,0.4382044672966003,0.3154730498790741,0.0317029170691967,0.4749168157577514,0.1482604444026947,0.3927842676639557,0.0927967503666877
0.2734224498271942,0.1908280551433563,0.2011168450117111,0.250154435634613,0.4382044672966003,0.3154730498790741,0.0317029170691967,0.4749168157577514,0.1482604444026947,0.3927842676639557,0.0927967503666877
0.2734224498271942,0.1908280551433563,0.2011168450117111,0.250154435634613,0.4382044672966003,0.3154730498790741,0.0317029170691967,0.4749168157577514,0.1482604444026947,0.3927842676639557,0.0927967503666877
0.2734224498271942,0.1908280551433563,0.2011168450117111,0.250154435634613,0.4382044672966003,0.3154730498790741,0.0317029170691967,0.4749168157577514,0.1482604444026947,0.3927842676639557,0.0927967503666877
0.2734224498271942,0.1908280551433563,0.2011168450117111,0.250154435634613,0.4382044672966003,0.3154730498790741,0.0317029170691967,0.4749168157577514,0.1482604444026947,0.3927842676639557,0.0927967503666877
0.2734224498271942,0.1908280551433563,0.2011168450117111,0.250154435634613,0.4382044672966003,0.3154730498790741,0.0317029170691967,0.4749168157577514,0.1482604444026947,0.3927842676639557,0.0927967503666877
0.2734224498271942,0.1908280551433563,0.2011168450117111,0.250154435634613,0.4382044672966003,0.3154730498790741,0.0317029170691967,0.4749168157577514,0.1482604444026947,0.3927842676639557,0.0927967503666877
0.2734224498271942,0.1908280551433563,0.2011168450117111,0.250154435634613,0.4382044672966003,0.3154730498790741,0.0317029170691967,0.4749168157577514,0.1482604444026947,0.3927842676639557,0.0927967503666877
0.2734224498271942,0.1908280551433563,0.2011168450117111,0.250154435634613,0.4382044672966003,0.3154730498790741,0.0317029170691967,0.4749168157577514,0.1482604444026947,0.3927842676639557,0.0927967503666877
0.2734224498271942,0.1908280551433563,0.2011168450117111,0.250154435634613,0.4382044672966003,0.3154730498790741,0.0317029170691967,0.4749168157577514,0.1482604444026947,0.3927842676639557,0.0927967503666877
0.2734224498271942,0.1908280551433563,0.2011168450117111,0.250154435634613,0.4382044672966003,0.3154730498790741,0.0317029170691967,0.4749168157577514,0.1482604444026947,0.3927842676639557,0.0927967503666877
0.2531485259532928,0.1457598060369491,0.3865030109882355,0.2347849011421203,0.3010656833648681,0.3131289184093475,0.1224344074726104,0.3485443294048309,0.2007362246513366,0.2962798178195953,0.2220896780490875
0.2531485259532928,0.1457598060369491,0.3865030109882355,0.2347849011421203,0.3010656833648681,0.3131289184093475,0.1224344074726104,0.3485443294048309,0.2007362246513366,0.2962798178195953,0.2220896780490875
0.2531485259532928,0.1457598060369491,0.3865030109882355,0.2347849011421203,0.3010656833648681,0.3131289184093475,0.1224344074726104,0.3485443294048309,0.2007362246513366,0.2962798178195953,0.2220896780490875
0.2531485259532928,0.1457598060369491,0.3865030109882355,0.2347849011421203,0.3010656833648681,0.3131289184093475,0.1224344074726104,0.3485443294048309,0.2007362246513366,0.2962798178195953,0.2220896780490875
0.2531485259532928,0.1457598060369491,0.3865030109882355,0.2347849011421203,0.3010656833648681,0.3131289184093475,0.1224344074726104,0.3485443294048309,0.2007362246513366,0.2962798178195953,0.2220896780490875
0.2531485259532928,0.1457598060369491,0.3865030109882355,0.2347849011421203,0.3010656833648681,0.3131289184093475,0.1224344074726104,0.3485443294048309,0.2007362246513366,0.2962798178195953,0.2220896780490875
0.2531485259532928,0.1457598060369491,0.3865030109882355,0.2347849011421203,0.3010656833648681,0.3131289184093475,0.1224344074726104,0.3485443294048309,0.2007362246513366,0.2962798178195953,0.2220896780490875
0.2531485259532928,0.1457598060369491,0.3865030109882355,0.2347849011421203,0.3010656833648681,0.3131289184093475,0.1224344074726104,0.3485443294048309,0.2007362246513366,0.2962798178195953,0.2220896780490875
0.2531485259532928,0.1457598060369491,0.3865030109882355,0.2347849011421203,0.3010656833648681,0.3131289184093475,0.1224344074726104,0.3485443294048309,0.2007362246513366,0.2962798178195953,0.2220896780490875
0.2531485259532928,0.1457598060369491,0.3865030109882355,0.2347849011421203,0.3010656833648681,0.3131289184093475,0.1224344074726104,0.3485443294048309,0.2007362246513366,0.2962798178195953,0.2220896780490875
0.2531485259532928,0.1457598060369491,0.3865030109882355,0.2347849011421203,0.3010656833648681,0.3131289184093475,0.1224344074726104,0.3485443294048309,0.2007362246513366,0.2962798178195953,0.2220896780490875
0.2531485259532928,0.1457598060369491,0.3865030109882355,0.2347849011421203,0.3010656833648681,0.3131289184093475,0.1224344074726104,0.3485443294048309,0.2007362246513366,0.2962798178195953,0.2220896780490875
0.2531485259532928,0.1457598060369491,0.3865030109882355,0.2347849011421203,0.3010656833648681,0.3131289184093475,0.1224344074726104,0.3485443294048309,0.2007362246513366,0.2962798178195953,0.2220896780490875
0.2531485259532928,0.1457598060369491,0.3865030109882355,0.2347849011421203,0.3010656833648681,0.3131289184093475,0.1224344074726104,0.3485443294048309,0.2007362246513366,0.2962798178195953,0.2220896780490875
0.2531485259532928,0.1457598060369491,0.3865030109882355,0.2347849011421203,0.3010656833648681,0.3131289184093475,0.1224344074726104,0.3485443294048309,0.2007362246513366,0.2962798178195953,0.2220896780490875
0.2531485259532928,0.1457598060369491,0.3865030109882355,0.2347849011421203,0.3010656833648681,0.3131289184093475,0.1224344074726104,0.3485443294048309,0.2007362246513366,0.2962798178195953,0.2220896780490875
0.2531485259532928,0.1457598060369491,0.3865030109882355,0.2347849011421203,0.3010656833648681,0.3131289184093475,0.1224344074726104,0.3485443294048309,0.2007362246513366,0.2962798178195953,0.2220896780490875
0.2531485259532928,0.1457598060369491,0.3865030109882355,0.2347849011421203,0.3010656833648681,0.3131289184093475,0.1224344074726104,0.3485443294048309,0.2007362246513366,0.2962798178195953,0.2220896780490875
0.2531485259532928,0.1457598060369491,0.3865030109882355,0.2347849011421203,0.3010656833648681,0.3131289184093475,0.1224344074726104,0.3485443294048309,0.2007362246513366,0.2962798178195953,0.2220896780490875
0.2531485259532928,0.1457598060369491,0.3865030109882355,0.2347849011421203,0.3010656833648681,0.3131289184093475,0.1224344074726104,0.3485443294048309,0.2007362246513366,0.2962798178195953,0.2220896780490875
0.2531485259532928,0.1457598060369491,0.3865030109882355,0.2347849011421203,0.3010656833648681,0.3131289184093475,0.1224344074726104,0.3485443294048309,0.2007362246513366,0.2962798178195953,0.2220896780490875
0.2531485259532928,0.1457598060369491,0.3865030109882355,0.2347849011421203,0.3010656833648681,0.3131289184093475,0.1224344074726104,0.3485443294048309,0.2007362246513366,0.2962798178195953,0.2220896780490875
0.2531485259532928,0.1457598060369491,0.3865030109882355,0.2347849011421203,0.3010656833648681,0.3131289184093475,0.1224344074726104,0.3485443294048309,0.2007362246513366,0.2962798178195953,0.2220896780490875
0.2531485259532928,0.1457598060369491,0.3865030109882355,0.2347849011421203,0.3010656833648681,0.3131289184093475,0.1224344074726104,0.3485443294048309,0.2007362246513366,0.2962798178195953,0.2220896780490875
0.2531485259532928,0.1457598060369491,0.3865030109882355,0.2347849011421203,0.3010656833648681,0.3131289184093475,0.1224344074726104,0.3485443294048309,0.2007362246513366,0.2962798178195953,0.2220896780490875
0.2531485259532928,0.1457598060369491,0.3865030109882355,0.2347849011421203,0.3010656833648681,0.3131289184093475,0.1224344074726104,0.3485443294048309,0.2007362246513366,0.2962798178195953,0.2220896780490875
0.2531485259532928,0.1457598060369491,0.3865030109882355,0.2347849011421203,0.3010656833648681,0.3131289184093475,0.1224344074726104,0.3485443294048309,0.2007362246513366,0.2962798178195953,0.2220896780490875
0.2531485259532928,0.1457598060369491,0.3865030109882355,0.2347849011421203,0.3010656833648681,0.3131289184093475,0.1224344074726104,0.3485443294048309,0.2007362246513366,0.2962798178195953,0.2220896780490875
0.2531485259532928,0.1457598060369491,0.3865030109882355,0.2347849011421203,0.3010656833648681,0.3131289184093475,0.1224344074726104,0.3485443294048309,0.2007362246513366,0.2962798178195953,0.2220896780490875
0.2531485259532928,0.1457598060369491,0.3865030109882355,0.2347849011421203,0.3010656833648681,0.3131289184093475,0.1224344074726104,0.3485443294048309,0.2007362246513366,0.2962798178195953,0.2220896780490875
0.2531485259532928,0.1457598060369491,0.3865030109882355,0.2347849011421203,0.3010656833648681,0.3131289184093475,0.1224344074726104,0.3485443294048309,0.2007362246513366,0.2962798178195953,0.2220896780490875
0.2531485259532928,0.1457598060369491,0.3865030109882355,0.2347849011421203,0.3010656833648681,0.3131289184093475,0.1224344074726104,0.3485443294048309,0.2007362246513366,0.2962798178195953,0.2220896780490875
0.2531485259532928,0.1457598060369491,0.3865030109882355,0.2347849011421203,0.3010656833648681,0.3131289184093475,0.1224344074726104,0.3485443294048309,0.2007362246513366,0.2962798178195953,0.2220896780490875
0.2531485259532928,0.1457598060369491,0.3865030109882355,0.2347849011421203,0.3010656833648681,0.3131289184093475,0.1224344074726104,0.3485443294048309,0.2007362246513366,0.2962798178195953,0.2220896780490875
0.2531485259532928,0.1457598060369491,0.3865030109882355,0.2347849011421203,0.3010656833648681,0.3131289184093475,0.1224344074726104,0.3485443294048309,0.2007362246513366,0.2962798178195953,0.2220896780490875
0.2531485259532928,0.1457598060369491,0.3865030109882355,0.2347849011421203,0.3010656833648681,0.3131289184093475,0.1224344074726104,0.3485443294048309,0.2007362246513366,0.2962798178195953,0.2220896780490875
0.2531485259532928,0.1457598060369491,0.3865030109882355,0.2347849011421203,0.3010656833648681,0.3131289184093475,0.1224344074726104,0.3485443294048309,0.2007362246513366,0.2962798178195953,0.2220896780490875
0.2531485259532928,0.1457598060369491,0.3865030109882355,0.2347849011421203,0.3010656833648681,0.3131289184093475,0.1224344074726104,0.3485443294048309,0.2007362246513366,0.2962798178195953,0.2220896780490875
0.2531485259532928,0.1457598060369491,0.3865030109882355,0.2347849011421203,0.3010656833648681,0.3131289184093475,0.1224344074726104,0.3485443294048309,0.2007362246513366,0.2962798178195953,0.2220896780490875
0.2531485259532928,0.1457598060369491,0.3865030109882355,0.2347849011421203,0.3010656833648681,0.3131289184093475,0.1224344074726104,0.3485443294048309,0.2007362246513366,0.2962798178195953,0.2220896780490875
0.2531485259532928,0.1457598060369491,0.3865030109882355,0.2347849011421203,0.3010656833648681,0.3131289184093475,0.1224344074726104,0.3485443294048309,0.2007362246513366,0.2962798178195953,0.2220896780490875
0.2531485259532928,0.1457598060369491,0.3865030109882355,0.2347849011421203,0.3010656833648681,0.3131289184093475,0.1224344074726104,0.3485443294048309,0.2007362246513366,0.2962798178195953,0.2220896780490875
0.2531485259532928,0.1457598060369491,0.3865030109882355,0.2347849011421203,0.3010656833648681,0.3131289184093475,0.1224344074726104,0.3485443294048309,0.2007362246513366,0.2962798178195953,0.2220896780490875
0.2531485259532928,0.1457598060369491,0.3865030109882355,0.2347849011421203,0.3010656833648681,0.3131289184093475,0.1224344074726104,0.3485443294048309,0.2007362246513366,0.2962798178195953,0.2220896780490875
0.2531485259532928,0.1457598060369491,0.3865030109882355,0.2347849011421203,0.3010656833648681,0.3131289184093475,0.1224344074726104,0.3485443294048309,0.2007362246513366,0.2962798178195953,0.2220896780490875
0.2531485259532928,0.1457598060369491,0.3865030109882355,0.2347849011421203,0.3010656833648681,0.3131289184093475,0.1224344074726104,0.3485443294048309,0.2007362246513366,0.2962798178195953,0.2220896780490875
0.2531485259532928,0.1457598060369491,0.3865030109882355,0.2347849011421203,0.3010656833648681,0.3131289184093475,0.1224344074726104,0.3485443294048309,0.2007362246513366,0.2962798178195953,0.2220896780490875
0.2531485259532928,0.1457598060369491,0.3865030109882355,0.2347849011421203,0.3010656833648681,0.3131289184093475,0.1224344074726104,0.3485443294048309,0.2007362246513366,0.2962798178195953,0.2220896780490875
0.2531485259532928,0.1457598060369491,0.3865030109882355,0.2347849011421203,0.3010656833648681,0.3131289184093475,0.1224344074726104,0.3485443294048309,0.2007362246513366,0.2962798178195953,0.2220896780490875
0.2531485259532928,0.1457598060369491,0.3865030109882355,0.2347849011421203,0.3010656833648681,0.3131289184093475,0.1224344074726104,0.3485443294048309,0.2007362246513366,0.2962798178195953,0.2220896780490875
0.2531485259532928,0.1457598060369491,0.3865030109882355,0.2347849011421203,0.3010656833648681,0.3131289184093475,0.1224344074726104,0.3485443294048309,0.2007362246513366,0.2962798178195953,0.2220896780490875
0.2531485259532928,0.1457598060369491,0.3865030109882355,0.2347849011421203,0.3010656833648681,0.3131289184093475,0.1224344074726104,0.3485443294048309,0.2007362246513366,0.2962798178195953,0.2220896780490875
0.2531485259532928,0.1457598060369491,0.3865030109882355,0.2347849011421203,0.3010656833648681,0.3131289184093475,0.1224344074726104,0.3485443294048309,0.2007362246513366,0.2962798178195953,0.2220896780490875
0.2531485259532928,0.1457598060369491,0.3865030109882355,0.2347849011421203,0.3010656833648681,0.3131289184093475,0.1224344074726104,0.3485443294048309,0.2007362246513366,0.2962798178195953,0.2220896780490875
0.2531485259532928,0.1457598060369491,0.3865030109882355,0.2347849011421203,0.3010656833648681,0.3131289184093475,0.1224344074726104,0.3485443294048309,0.2007362246513366,0.2962798178195953,0.2220896780490875
0.2531485259532928,0.1457598060369491,0.3865030109882355,0.2347849011421203,0.3010656833648681,0.3131289184093475,0.1224344074726104,0.3485443294048309,0.2007362246513366,0.2962798178195953,0.2220896780490875
0.2531485259532928,0.1457598060369491,0.3865030109882355,0.2347849011421203,0.3010656833648681,0.3131289184093475,0.1224344074726104,0.3485443294048309,0.2007362246513366,0.2962798178195953,0.2220896780490875
0.2531485259532928,0.1457598060369491,0.3865030109882355,0.2347849011421203,0.3010656833648681,0.3131289184093475,0.1224344074726104,0.3485443294048309,0.2007362246513366,0.2962798178195953,0.2220896780490875
0.2531485259532928,0.1457598060369491,0.3865030109882355,0.2347849011421203,0.3010656833648681,0.3131289184093475,0.1224344074726104,0.3485443294048309,0.2007362246513366,0.2962798178195953,0.2220896780490875
0.2531485259532928,0.1457598060369491,0.3865030109882355,0.2347849011421203,0.3010656833648681,0.3131289184093475,0.1224344074726104,0.3485443294048309,0.2007362246513366,0.2962798178195953,0.2220896780490875
0.2531485259532928,0.1457598060369491,0.3865030109882355,0.2347849011421203,0.3010656833648681,0.3131289184093475,0.1224344074726104,0.3485443294048309,0.2007362246513366,0.2962798178195953,0.2220896780490875
0.2531485259532928,0.1457598060369491,0.3865030109882355,0.2347849011421203,0.3010656833648681,0.3131289184093475,0.1224344074726104,0.3485443294048309,0.2007362246513366,0.2962798178195953,0.2220896780490875
0.2531485259532928,0.1457598060369491,0.3865030109882355,0.2347849011421203,0.3010656833648681,0.3131289184093475,0.1224344074726104,0.3485443294048309,0.2007362246513366,0.2962798178195953,0.2220896780490875
0.2531485259532928,0.1457598060369491,0.3865030109882355,0.2347849011421203,0.3010656833648681,0.3131289184093475,0.1224344074726104,0.3485443294048309,0.2007362246513366,0.2962798178195953,0.2220896780490875
0.2531485259532928,0.1457598060369491,0.3865030109882355,0.2347849011421203,0.3010656833648681,0.3131289184093475,0.1224344074726104,0.3485443294048309,0.2007362246513366,0.2962798178195953,0.2220896780490875
0.2531485259532928,0.1457598060369491,0.3865030109882355,0.2347849011421203,0.3010656833648681,0.3131289184093475,0.1224344074726104,0.3485443294048309,0.2007362246513366,0.2962798178195953,0.2220896780490875
0.2531485259532928,0.1457598060369491,0.3865030109882355,0.2347849011421203,0.3010656833648681,0.3131289184093475,0.1224344074726104,0.3485443294048309,0.2007362246513366,0.2962798178195953,0.2220896780490875
0.2531485259532928,0.1457598060369491,0.3865030109882355,0.2347849011421203,0.3010656833648681,0.3131289184093475,0.1224344074726104,0.3485443294048309,0.2007362246513366,0.2962798178195953,0.2220896780490875
0.2531485259532928,0.1457598060369491,0.3865030109882355,0.2347849011421203,0.3010656833648681,0.3131289184093475,0.1224344074726104,0.3485443294048309,0.2007362246513366,0.2962798178195953,0.2220896780490875
0.2531485259532928,0.1457598060369491,0.3865030109882355,0.2347849011421203,0.3010656833648681,0.3131289184093475,0.1224344074726104,0.3485443294048309,0.2007362246513366,0.2962798178195953,0.2220896780490875
0.2531485259532928,0.1457598060369491,0.3865030109882355,0.2347849011421203,0.3010656833648681,0.3131289184093475,0.1224344074726104,0.3485443294048309,0.2007362246513366,0.2962798178195953,0.2220896780490875
0.2531485259532928,0.1457598060369491,0.3865030109882355,0.2347849011421203,0.3010656833648681,0.3131289184093475,0.1224344074726104,0.3485443294048309,0.2007362246513366,0.2962798178195953,0.2220896780490875
0.2531485259532928,0.1457598060369491,0.3865030109882355,0.2347849011421203,0.3010656833648681,0.3131289184093475,0.1224344074726104,0.3485443294048309,0.2007362246513366,0.2962798178195953,0.2220896780490875
0.2531485259532928,0.1457598060369491,0.3865030109882355,0.2347849011421203,0.3010656833648681,0.3131289184093475,0.1224344074726104,0.3485443294048309,0.2007362246513366,0.2962798178195953,0.2220896780490875
0.2531485259532928,0.1457598060369491,0.3865030109882355,0.2347849011421203,0.3010656833648681,0.3131289184093475,0.1224344074726104,0.3485443294048309,0.2007362246513366,0.2962798178195953,0.2220896780490875
0.2531485259532928,0.1457598060369491,0.3865030109882355,0.2347849011421203,0.3010656833648681,0.3131289184093475,0.1224344074726104,0.3485443294048309,0.2007362246513366,0.2962798178195953,0.2220896780490875
0.2531485259532928,0.1457598060369491,0.3865030109882355,0.2347849011421203,0.3010656833648681,0.3131289184093475,0.1224344074726104,0.3485443294048309,0.2007362246513366,0.2962798178195953,0.2220896780490875
0.2531485259532928,0.1457598060369491,0.3865030109882355,0.2347849011421203,0.3010656833648681,0.3131289184093475,0.1224344074726104,0.3485443294048309,0.2007362246513366,0.2962798178195953,0.2220896780490875
0.2531485259532928,0.1457598060369491,0.3865030109882355,0.2347849011421203,0.3010656833648681,0.3131289184093475,0.1224344074726104,0.3485443294048309,0.2007362246513366,0.2962798178195953,0.2220896780490875
0.2531485259532928,0.1457598060369491,0.3865030109882355,0.2347849011421203,0.3010656833648681,0.3131289184093475,0.1224344074726104,0.3485443294048309,0.2007362246513366,0.2962798178195953,0.2220896780490875
0.2531485259532928,0.1457598060369491,0.3865030109882355,0.2347849011421203,0.3010656833648681,0.3131289184093475,0.1224344074726104,0.3485443294048309,0.2007362246513366,0.2962798178195953,0.2220896780490875
0.2531485259532928,0.1457598060369491,0.3865030109882355,0.2347849011421203,0.3010656833648681,0.3131289184093475,0.1224344074726104,0.3485443294048309,0.2007362246513366,0.2962798178195953,0.2220896780490875
0.2531485259532928,0.1457598060369491,0.3865030109882355,0.2347849011421203,0.3010656833648681,0.3131289184093475,0.1224344074726104,0.3485443294048309,0.2007362246513366,0.2962798178195953,0.2220896780490875
0.2531485259532928,0.1457598060369491,0.3865030109882355,0.2347849011421203,0.3010656833648681,0.3131289184093475,0.1224344074726104,0.3485443294048309,0.2007362246513366,0.2962798178195953,0.2220896780490875
0.2531485259532928,0.1457598060369491,0.3865030109882355,0.2347849011421203,0.3010656833648681,0.3131289184093475,0.1224344074726104,0.3485443294048309,0.2007362246513366,0.2962798178195953,0.2220896780490875
0.2531485259532928,0.1457598060369491,0.3865030109882355,0.2347849011421203,0.3010656833648681,0.3131289184093475,0.1224344074726104,0.3485443294048309,0.2007362246513366,0.2962798178195953,0.2220896780490875
0.2531485259532928,0.1457598060369491,0.3865030109882355,0.2347849011421203,0.3010656833648681,0.3131289184093475,0.1224344074726104,0.3485443294048309,0.2007362246513366,0.2962798178195953,0.2220896780490875
0.2531485259532928,0.1457598060369491,0.3865030109882355,0.2347849011421203,0.3010656833648681,0.3131289184093475,0.1224344074726104,0.3485443294048309,0.2007362246513366,0.2962798178195953,0.2220896780490875
0.2531485259532928,0.1457598060369491,0.3865030109882355,0.2347849011421203,0.3010656833648681,0.3131289184093475,0.1224344074726104,0.3485443294048309,0.2007362246513366,0.2962798178195953,0.2220896780490875
0.2531485259532928,0.1457598060369491,0.3865030109882355,0.2347849011421203,0.3010656833648681,0.3131289184093475,0.1224344074726104,0.3485443294048309,0.2007362246513366,0.2962798178195953,0.2220896780490875
0.2531485259532928,0.1457598060369491,0.3865030109882355,0.2347849011421203,0.3010656833648681,0.3131289184093475,0.1224344074726104,0.3485443294048309,0.2007362246513366,0.2962798178195953,0.2220896780490875
0.2531485259532928,0.1457598060369491,0.3865030109882355,0.2347849011421203,0.3010656833648681,0.3131289184093475,0.1224344074726104,0.3485443294048309,0.2007362246513366,0.2962798178195953,0.2220896780490875
0.2531485259532928,0.1457598060369491,0.3865030109882355,0.2347849011421203,0.3010656833648681,0.3131289184093475,0.1224344074726104,0.3485443294048309,0.2007362246513366,0.2962798178195953,0.2220896780490875
0.2531485259532928,0.1457598060369491,0.3865030109882355,0.2347849011421203,0.3010656833648681,0.3131289184093475,0.1224344074726104,0.3485443294048309,0.2007362246513366,0.2962798178195953,0.2220896780490875
0.2531485259532928,0.1457598060369491,0.3865030109882355,0.2347849011421203,0.3010656833648681,0.3131289184093475,0.1224344074726104,0.3485443294048309,0.2007362246513366,0.2962798178195953,0.2220896780490875
0.2531485259532928,0.1457598060369491,0.3865030109882355,0.2347849011421203,0.3010656833648681,0.3131289184093475,0.1224344074726104,0.3485443294048309,0.2007362246513366,0.2962798178195953,0.2220896780490875
0.2531485259532928,0.1457598060369491,0.3865030109882355,0.2347849011421203,0.3010656833648681,0.3131289184093475,0.1224344074726104,0.3485443294048309,0.2007362246513366,0.2962798178195953,0.2220896780490875
0.2531485259532928,0.1457598060369491,0.3865030109882355,0.2347849011421203,0.3010656833648681,0.3131289184093475,0.1224344074726104,0.3485443294048309,0.2007362246513366,0.2962798178195953,0.2220896780490875
0.2531485259532928,0.1457598060369491,0.3865030109882355,0.2347849011421203,0.3010656833648681,0.3131289184093475,0.1224344074726104,0.3485443294048309,0.2007362246513366,0.2962798178195953,0.2220896780490875
0.2531485259532928,0.1457598060369491,0.3865030109882355,0.2347849011421203,0.3010656833648681,0.3131289184093475,0.1224344074726104,0.3485443294048309,0.2007362246513366,0.2962798178195953,0.2220896780490875
0.2531485259532928,0.1457598060369491,0.3865030109882355,0.2347849011421203,0.3010656833648681,0.3131289184093475,0.1224344074726104,0.3485443294048309,0.2007362246513366,0.2962798178195953,0.2220896780490875
0.2531485259532928,0.1457598060369491,0.3865030109882355,0.2347849011421203,0.3010656833648681,0.3131289184093475,0.1224344074726104,0.3485443294048309,0.2007362246513366,0.2962798178195953,0.2220896780490875
0.2531485259532928,0.1457598060369491,0.3865030109882355,0.2347849011421203,0.3010656833648681,0.3131289184093475,0.1224344074726104,0.3485443294048309,0.2007362246513366,0.2962798178195953,0.2220896780490875
0.2531485259532928,0.1457598060369491,0.3865030109882355,0.2347849011421203,0.3010656833648681,0.3131289184093475,0.1224344074726104,0.3485443294048309,0.2007362246513366,0.2962798178195953,0.2220896780490875
0.2531485259532928,0.1457598060369491,0.3865030109882355,0.2347849011421203,0.3010656833648681,0.3131289184093475,0.1224344074726104,0.3485443294048309,0.2007362246513366,0.2962798178195953,0.2220896780490875
0.2531485259532928,0.1457598060369491,0.3865030109882355,0.2347849011421203,0.3010656833648681,0.3131289184093475,0.1224344074726104,0.3485443294048309,0.2007362246513366,0.2962798178195953,0.2220896780490875
0.2531485259532928,0.1457598060369491,0.3865030109882355,0.2347849011421203,0.3010656833648681,0.3131289184093475,0.1224344074726104,0.3485443294048309,0.2007362246513366,0.2962798178195953,0.2220896780490875
0.2531485259532928,0.1457598060369491,0.3865030109882355,0.2347849011421203,0.3010656833648681,0.3131289184093475,0.1224344074726104,0.3485443294048309,0.2007362246513366,0.2962798178195953,0.2220896780490875
0.2531485259532928,0.1457598060369491,0.3865030109882355,0.2347849011421203,0.3010656833648681,0.3131289184093475,0.1224344074726104,0.3485443294048309,0.2007362246513366,0.2962798178195953,0.2220896780490875
0.2531485259532928,0.1457598060369491,0.3865030109882355,0.2347849011421203,0.3010656833648681,0.3131289184093475,0.1224344074726104,0.3485443294048309,0.2007362246513366,0.2962798178195953,0.2220896780490875
0.2531485259532928,0.1457598060369491,0.3865030109882355,0.2347849011421203,0.3010656833648681,0.3131289184093475,0.1224344074726104,0.3485443294048309,0.2007362246513366,0.2962798178195953,0.2220896780490875
0.2531485259532928,0.1457598060369491,0.3865030109882355,0.2347849011421203,0.3010656833648681,0.3131289184093475,0.1224344074726104,0.3485443294048309,0.2007362246513366,0.2962798178195953,0.2220896780490875
0.2531485259532928,0.1457598060369491,0.3865030109882355,0.2347849011421203,0.3010656833648681,0.3131289184093475,0.1224344074726104,0.3485443294048309,0.2007362246513366,0.2962798178195953,0.2220896780490875
0.2531485259532928,0.1457598060369491,0.3865030109882355,0.2347849011421203,0.3010656833648681,0.3131289184093475,0.1224344074726104,0.3485443294048309,0.2007362246513366,0.2962798178195953,0.2220896780490875
0.2531485259532928,0.1457598060369491,0.3865030109882355,0.2347849011421203,0.3010656833648681,0.3131289184093475,0.1224344074726104,0.3485443294048309,0.2007362246513366,0.2962798178195953,0.2220896780490875
0.2531485259532928,0.1457598060369491,0.3865030109882355,0.2347849011421203,0.3010656833648681,0.3131289184093475,0.1224344074726104,0.3485443294048309,0.2007362246513366,0.2962798178195953,0.2220896780490875
0.2531485259532928,0.1457598060369491,0.3865030109882355,0.2347849011421203,0.3010656833648681,0.3131289184093475,0.1224344074726104,0.3485443294048309,0.2007362246513366,0.2962798178195953,0.2220896780490875
0.2531485259532928,0.1457598060369491,0.3865030109882355,0.2347849011421203,0.3010656833648681,0.3131289184093475,0.1224344074726104,0.3485443294048309,0.2007362246513366,0.2962798178195953,0.2220896780490875
0.2531485259532928,0.1457598060369491,0.3865030109882355,0.2347849011421203,0.3010656833648681,0.3131289184093475,0.1224344074726104,0.3485443294048309,0.2007362246513366,0.2962798178195953,0.2220896780490875
0.2531485259532928,0.1457598060369491,0.3865030109882355,0.2347849011421203,0.3010656833648681,0.3131289184093475,0.1224344074726104,0.3485443294048309,0.2007362246513366,0.2962798178195953,0.2220896780490875
0.2531485259532928,0.1457598060369491,0.3865030109882355,0.2347849011421203,0.3010656833648681,0.3131289184093475,0.1224344074726104,0.3485443294048309,0.2007362246513366,0.2962798178195953,0.2220896780490875
0.2531485259532928,0.1457598060369491,0.3865030109882355,0.2347849011421203,0.3010656833648681,0.3131289184093475,0.1224344074726104,0.3485443294048309,0.2007362246513366,0.2962798178195953,0.2220896780490875
0.2531485259532928,0.1457598060369491,0.3865030109882355,0.2347849011421203,0.3010656833648681,0.3131289184093475,0.1224344074726104,0.3485443294048309,0.2007362246513366,0.2962798178195953,0.2220896780490875
0.2531485259532928,0.1457598060369491,0.3865030109882355,0.2347849011421203,0.3010656833648681,0.3131289184093475,0.1224344074726104,0.3485443294048309,0.2007362246513366,0.2962798178195953,0.2220896780490875
0.2531485259532928,0.1457598060369491,0.3865030109882355,0.2347849011421203,0.3010656833648681,0.3131289184093475,0.1224344074726104,0.3485443294048309,0.2007362246513366,0.2962798178195953,0.2220896780490875
0.2531485259532928,0.1457598060369491,0.3865030109882355,0.2347849011421203,0.3010656833648681,0.3131289184093475,0.1224344074726104,0.3485443294048309,0.2007362246513366,0.2962798178195953,0.2220896780490875
0.2531485259532928,0.1457598060369491,0.3865030109882355,0.2347849011421203,0.3010656833648681,0.3131289184093475,0.1224344074726104,0.3485443294048309,0.2007362246513366,0.2962798178195953,0.2220896780490875
0.2531485259532928,0.1457598060369491,0.3865030109882355,0.2347849011421203,0.3010656833648681,0.3131289184093475,0.1224344074726104,0.3485443294048309,0.2007362246513366,0.2962798178195953,0.2220896780490875
0.2531485259532928,0.1457598060369491,0.3865030109882355,0.2347849011421203,0.3010656833648681,0.3131289184093475,0.1224344074726104,0.3485443294048309,0.2007362246513366,0.2962798178195953,0.2220896780490875
0.2531485259532928,0.1457598060369491,0.3865030109882355,0.2347849011421203,0.3010656833648681,0.3131289184093475,0.1224344074726104,0.3485443294048309,0.2007362246513366,0.2962798178195953,0.2220896780490875
0.2531485259532928,0.1457598060369491,0.3865030109882355,0.2347849011421203,0.3010656833648681,0.3131289184093475,0.1224344074726104,0.3485443294048309,0.2007362246513366,0.2962798178195953,0.2220896780490875
0.2531485259532928,0.1457598060369491,0.3865030109882355,0.2347849011421203,0.3010656833648681,0.3131289184093475,0.1224344074726104,0.3485443294048309,0.2007362246513366,0.2962798178195953,0.2220896780490875
0.2531485259532928,0.1457598060369491,0.3865030109882355,0.2347849011421203,0.3010656833648681,0.3131289184093475,0.1224344074726104,0.3485443294048309,0.2007362246513366,0.2962798178195953,0.2220896780490875
0.2531485259532928,0.1457598060369491,0.3865030109882355,0.2347849011421203,0.3010656833648681,0.3131289184093475,0.1224344074726104,0.3485443294048309,0.2007362246513366,0.2962798178195953,0.2220896780490875
0.2531485259532928,0.1457598060369491,0.3865030109882355,0.2347849011421203,0.3010656833648681,0.3131289184093475,0.1224344074726104,0.3485443294048309,0.2007362246513366,0.2962798178195953,0.2220896780490875
0.2531485259532928,0.1457598060369491,0.3865030109882355,0.2347849011421203,0.3010656833648681,0.3131289184093475,0.1224344074726104,0.3485443294048309,0.2007362246513366,0.2962798178195953,0.2220896780490875
0.2531485259532928,0.1457598060369491,0.3865030109882355,0.2347849011421203,0.3010656833648681,0.3131289184093475,0.1224344074726104,0.3485443294048309,0.2007362246513366,0.2962798178195953,0.2220896780490875
0.2531485259532928,0.1457598060369491,0.3865030109882355,0.2347849011421203,0.3010656833648681,0.3131289184093475,0.1224344074726104,0.3485443294048309,0.2007362246513366,0.2962798178195953,0.2220896780490875
0.2531485259532928,0.1457598060369491,0.3865030109882355,0.2347849011421203,0.3010656833648681,0.3131289184093475,0.1224344074726104,0.3485443294048309,0.2007362246513366,0.2962798178195953,0.2220896780490875
0.2531485259532928,0.1457598060369491,0.3865030109882355,0.2347849011421203,0.3010656833648681,0.3131289184093475,0.1224344074726104,0.3485443294048309,0.2007362246513366,0.2962798178195953,0.2220896780490875
0.2531485259532928,0.1457598060369491,0.3865030109882355,0.2347849011421203,0.3010656833648681,0.3131289184093475,0.1224344074726104,0.3485443294048309,0.2007362246513366,0.2962798178195953,0.2220896780490875
0.2531485259532928,0.1457598060369491,0.3865030109882355,0.2347849011421203,0.3010656833648681,0.3131289184093475,0.1224344074726104,0.3485443294048309,0.2007362246513366,0.2962798178195953,0.2220896780490875
0.2531485259532928,0.1457598060369491,0.3865030109882355,0.2347849011421203,0.3010656833648681,0.3131289184093475,0.1224344074726104,0.3485443294048309,0.2007362246513366,0.2962798178195953,0.2220896780490875
0.2531485259532928,0.1457598060369491,0.3865030109882355,0.2347849011421203,0.3010656833648681,0.3131289184093475,0.1224344074726104,0.3485443294048309,0.2007362246513366,0.2962798178195953,0.2220896780490875
0.2531485259532928,0.1457598060369491,0.3865030109882355,0.2347849011421203,0.3010656833648681,0.3131289184093475,0.1224344074726104,0.3485443294048309,0.2007362246513366,0.2962798178195953,0.2220896780490875
0.2531485259532928,0.1457598060369491,0.3865030109882355,0.2347849011421203,0.3010656833648681,0.3131289184093475,0.1224344074726104,0.3485443294048309,0.2007362246513366,0.2962798178195953,0.2220896780490875
0.2531485259532928,0.1457598060369491,0.3865030109882355,0.2347849011421203,0.3010656833648681,0.3131289184093475,0.1224344074726104,0.3485443294048309,0.2007362246513366,0.2962798178195953,0.2220896780490875
0.2531485259532928,0.1457598060369491,0.3865030109882355,0.2347849011421203,0.3010656833648681,0.3131289184093475,0.1224344074726104,0.3485443294048309,0.2007362246513366,0.2962798178195953,0.2220896780490875
0.2531485259532928,0.1457598060369491,0.3865030109882355,0.2347849011421203,0.3010656833648681,0.3131289184093475,0.1224344074726104,0.3485443294048309,0.2007362246513366,0.2962798178195953,0.2220896780490875
0.2531485259532928,0.1457598060369491,0.3865030109882355,0.2347849011421203,0.3010656833648681,0.3131289184093475,0.1224344074726104,0.3485443294048309,0.2007362246513366,0.2962798178195953,0.2220896780490875
0.2531485259532928,0.1457598060369491,0.3865030109882355,0.2347849011421203,0.3010656833648681,0.3131289184093475,0.1224344074726104,0.3485443294048309,0.2007362246513366,0.2962798178195953,0.2220896780490875
0.2531485259532928,0.1457598060369491,0.3865030109882355,0.2347849011421203,0.3010656833648681,0.3131289184093475,0.1224344074726104,0.3485443294048309,0.2007362246513366,0.2962798178195953,0.2220896780490875
0.2531485259532928,0.1457598060369491,0.3865030109882355,0.2347849011421203,0.3010656833648681,0.3131289184093475,0.1224344074726104,0.3485443294048309,0.2007362246513366,0.2962798178195953,0.2220896780490875
0.2531485259532928,0.1457598060369491,0.3865030109882355,0.2347849011421203,0.3010656833648681,0.3131289184093475,0.1224344074726104,0.3485443294048309,0.2007362246513366,0.2962798178195953,0.2220896780490875
0.2531485259532928,0.1457598060369491,0.3865030109882355,0.2347849011421203,0.3010656833648681,0.3131289184093475,0.1224344074726104,0.3485443294048309,0.2007362246513366,0.2962798178195953,0.2220896780490875
0.2531485259532928,0.1457598060369491,0.3865030109882355,0.2347849011421203,0.3010656833648681,0.3131289184093475,0.1224344074726104,0.3485443294048309,0.2007362246513366,0.2962798178195953,0.2220896780490875
0.2531485259532928,0.1457598060369491,0.3865030109882355,0.2347849011421203,0.3010656833648681,0.3131289184093475,0.1224344074726104,0.3485443294048309,0.2007362246513366,0.2962798178195953,0.2220896780490875
0.2531485259532928,0.1457598060369491,0.3865030109882355,0.2347849011421203,0.3010656833648681,0.3131289184093475,0.1224344074726104,0.3485443294048309,0.2007362246513366,0.2962798178195953,0.2220896780490875
0.2531485259532928,0.1457598060369491,0.3865030109882355,0.2347849011421203,0.3010656833648681,0.3131289184093475,0.1224344074726104,0.3485443294048309,0.2007362246513366,0.2962798178195953,0.2220896780490875
0.2531485259532928,0.1457598060369491,0.3865030109882355,0.2347849011421203,0.3010656833648681,0.3131289184093475,0.1224344074726104,0.3485443294048309,0.2007362246513366,0.2962798178195953,0.2220896780490875
0.2531485259532928,0.1457598060369491,0.3865030109882355,0.2347849011421203,0.3010656833648681,0.3131289184093475,0.1224344074726104,0.3485443294048309,0.2007362246513366,0.2962798178195953,0.2220896780490875
0.2531485259532928,0.1457598060369491,0.3865030109882355,0.2347849011421203,0.3010656833648681,0.3131289184093475,0.1224344074726104,0.3485443294048309,0.2007362246513366,0.2962798178195953,0.2220896780490875
0.2531485259532928,0.1457598060369491,0.3865030109882355,0.2347849011421203,0.3010656833648681,0.3131289184093475,0.1224344074726104,0.3485443294048309,0.2007362246513366,0.2962798178195953,0.2220896780490875
0.2531485259532928,0.1457598060369491,0.3865030109882355,0.2347849011421203,0.3010656833648681,0.3131289184093475,0.1224344074726104,0.3485443294048309,0.2007362246513366,0.2962798178195953,0.2220896780490875
0.2531485259532928,0.1457598060369491,0.3865030109882355,0.2347849011421203,0.3010656833648681,0.3131289184093475,0.1224344074726104,0.3485443294048309,0.2007362246513366,0.2962798178195953,0.2220896780490875
0.2531485259532928,0.1457598060369491,0.3865030109882355,0.2347849011421203,0.3010656833648681,0.3131289184093475,0.1224344074726104,0.3485443294048309,0.2007362246513366,0.2962798178195953,0.2220896780490875
0.2531485259532928,0.1457598060369491,0.3865030109882355,0.2347849011421203,0.3010656833648681,0.3131289184093475,0.1224344074726104,0.3485443294048309,0.2007362246513366,0.2962798178195953,0.2220896780490875
0.2531485259532928,0.1457598060369491,0.3865030109882355,0.2347849011421203,0.3010656833648681,0.3131289184093475,0.1224344074726104,0.3485443294048309,0.2007362246513366,0.2962798178195953,0.2220896780490875
0.2810840904712677,0.2267928719520568,0.3499929904937744,0.3311367034912109,0.3328999876976013,0.325553297996521,0.2036267668008804,0.4713900089263916,0.3000545501708984,0.353369802236557,0.3071929216384887
0.2812737822532654,0.2270627170801162,0.3502030968666076,0.3310402929782867,0.3327970504760742,0.3255985975265503,0.2037802189588546,0.4714250862598419,0.3000963032245636,0.3533207476139068,0.3072356581687927
0.2814634144306183,0.2273325622081756,0.3504132032394409,0.3309438526630401,0.3326941132545471,0.325643926858902,0.2039336711168289,0.4714601933956146,0.3001380562782287,0.3532716631889343,0.307278424501419
0.2816531062126159,0.227602407336235,0.3506232798099518,0.3308474123477936,0.33259117603302,0.3256892263889313,0.2040871232748031,0.4714953005313873,0.3001798093318939,0.3532226085662842,0.307321161031723
0.2818427681922912,0.2278722524642944,0.3508333563804626,0.330750972032547,0.3324882388114929,0.3257345259189605,0.2042405754327774,0.47153040766716,0.3002215623855591,0.353173553943634,0.3073638677597046
0.2820324301719665,0.2281420975923538,0.3510434627532959,0.330654501914978,0.3323853015899658,0.3257798254489898,0.2043940275907516,0.4715654850006103,0.3002633452415466,0.3531244993209839,0.3074066638946533
0.2822220921516418,0.2284119427204132,0.3512535691261291,0.3305580914020538,0.3322823643684387,0.3258251249790191,0.2045474648475647,0.471600592136383,0.3003050684928894,0.3530754446983337,0.3074494004249573
0.2824117541313171,0.2286818027496338,0.3514636754989624,0.3304616510868072,0.3321794271469116,0.3258704245090484,0.2047009170055389,0.4716356992721557,0.3003468215465545,0.3530263900756836,0.3074921369552612
0.2826014161109924,0.2289516627788543,0.3516737520694732,0.3303652107715606,0.3320764899253845,0.3259157240390777,0.2048543691635131,0.4716707766056061,0.3003885746002197,0.3529773354530334,0.3075349032878876
0.2827910780906677,0.2292214781045913,0.3518838882446289,0.3302687704563141,0.3319735527038574,0.325961023569107,0.2050078213214874,0.4717059135437011,0.3004303276538849,0.3529283106327057,0.3075776398181915
0.282980740070343,0.2294913381338119,0.3520939350128174,0.3301723599433899,0.3318705856800079,0.3260063230991363,0.2051612585783004,0.4717410206794739,0.30047208070755,0.3528792560100555,0.3076204061508178
0.2831704020500183,0.2297611832618713,0.3523040413856506,0.3300759196281433,0.3317676484584808,0.326051652431488,0.2053147107362747,0.4717760682106018,0.3005138337612152,0.352830171585083,0.3076631426811218
0.2833600640296936,0.2300310283899307,0.3525141477584839,0.3299794793128967,0.3316647410392761,0.3260969519615173,0.2054681777954101,0.4718112051486969,0.3005556166172027,0.3527811169624328,0.3077058792114258
0.2835497260093689,0.2303008884191513,0.3527242541313171,0.3298830389976501,0.331561803817749,0.3261422514915466,0.2056216299533844,0.4718463122844696,0.3005973696708679,0.3527320623397827,0.3077486455440521
0.2837393879890442,0.2305707335472107,0.3529343605041504,0.3297865986824035,0.3314588665962219,0.3261875510215759,0.2057750672101974,0.4718813896179199,0.3006390929222107,0.3526830077171325,0.3077913820743561
0.2839290499687195,0.23084057867527,0.3531444668769836,0.329690158367157,0.3313559293746948,0.3262328505516052,0.2059285193681717,0.4719164967536926,0.3006808757781982,0.3526339530944824,0.30783411860466
0.2841187417507171,0.2311104089021682,0.3533545434474945,0.3295937180519104,0.3312529325485229,0.3262781500816345,0.2060819715261459,0.4719516038894653,0.300722599029541,0.3525848984718323,0.3078768849372864
0.2843084037303924,0.2313802689313888,0.3535646498203277,0.3294972777366638,0.3311500251293182,0.3263234496116638,0.2062354087829589,0.471986711025238,0.3007643818855285,0.3525358438491821,0.3079196214675903
0.2844980359077453,0.2316501289606094,0.3537747263908386,0.3294008672237396,0.3310471177101135,0.3263687491416931,0.2063888609409332,0.4720217883586883,0.3008061349391937,0.352486789226532,0.3079623579978943
0.284687727689743,0.2319199591875076,0.3539848327636719,0.329304426908493,0.330944150686264,0.3264140486717224,0.2065423130989074,0.472056895494461,0.3008478879928589,0.3524377346038818,0.3080051243305206
0.2848773896694183,0.232189804315567,0.3541949391365051,0.3292079865932464,0.3308412134647369,0.3264593780040741,0.2066957652568817,0.4720920026302337,0.300889641046524,0.3523886799812317,0.3080478608608246
0.2850670516490936,0.2324596494436264,0.3544050455093384,0.3291115164756775,0.3307382762432098,0.3265046775341034,0.2068492174148559,0.4721270799636841,0.3009313941001892,0.3523396253585815,0.3080906271934509
0.2852567434310913,0.2327295094728469,0.3546151518821716,0.3290150761604309,0.3306353688240051,0.3265499770641327,0.2070026695728302,0.4721621870994568,0.3009731471538543,0.352290540933609,0.3081333637237549
0.2854463756084442,0.2329993546009063,0.3548252582550049,0.3289186358451843,0.3305324018001556,0.326595276594162,0.2071561217308044,0.4721972942352295,0.3010149002075195,0.3522414863109588,0.3081761002540588
0.2856360673904419,0.2332691997289657,0.3550353050231933,0.3288222253322601,0.3304294645786285,0.3266405761241913,0.2073095738887787,0.4722323715686798,0.3010566532611847,0.3521924316883087,0.3082188367843628
0.2858257293701172,0.2335390597581863,0.355245441198349,0.3287257850170135,0.330326497554779,0.3266858756542206,0.2074630111455917,0.4722674787044525,0.3010984063148498,0.3521433770656585,0.3082616031169891
0.2860153913497925,0.2338088899850845,0.3554555177688598,0.3286293447017669,0.3302235603332519,0.3267311751842499,0.2076164782047271,0.4723025858402252,0.3011401891708374,0.3520943224430084,0.3083043694496155
0.2862050533294678,0.2340787351131439,0.3556656241416931,0.3285329341888428,0.3301206529140472,0.3267764747142792,0.2077699154615402,0.4723376631736755,0.3011819124221802,0.3520452976226806,0.3083471059799194
0.286394715309143,0.2343485951423645,0.3558757305145263,0.3284364938735962,0.3300177156925201,0.3268217742443084,0.2079233527183532,0.4723727405071258,0.3012236952781677,0.3519962430000305,0.3083898425102234
0.2865843772888183,0.2346184402704239,0.3560858070850372,0.3283400535583496,0.3299147486686706,0.3268671035766601,0.2080768048763275,0.4724078774452209,0.3012654185295105,0.3519471883773803,0.3084326088428497
0.2867740392684936,0.2348882853984832,0.3562959432601928,0.3282435834407806,0.3298118114471435,0.3269124031066894,0.2082302570343017,0.4724429845809936,0.3013071715831756,0.3518981039524078,0.3084753453731537
0.2869637310504913,0.2351581305265426,0.3565059900283813,0.3281471729278564,0.3297088742256164,0.3269577026367187,0.2083837240934372,0.4724780619144439,0.3013489246368408,0.3518490195274353,0.3085180819034576
0.2871533632278442,0.235427975654602,0.3567160964012146,0.3280507326126098,0.3296059668064117,0.327003002166748,0.2085371613502502,0.4725131690502167,0.3013907074928283,0.3517999947071075,0.308560848236084
0.2873430550098419,0.2356978207826614,0.3569262027740478,0.3279542922973633,0.3295030295848846,0.3270483016967773,0.2086906135082245,0.4725482761859894,0.3014324605464935,0.3517509400844574,0.3086035847663879
0.2875327169895172,0.2359676659107208,0.3571363091468811,0.3278578519821167,0.3294000625610351,0.3270936012268066,0.2088440656661987,0.4725833535194397,0.3014742136001587,0.3517018556594848,0.3086463510990143
0.2877223491668701,0.2362375259399414,0.3573464155197143,0.3277614116668701,0.329297125339508,0.3271389007568359,0.2089975327253341,0.4726184606552124,0.3015159666538238,0.3516528010368347,0.3086890876293182
0.2879120409488678,0.2365073710680008,0.3575564920902252,0.3276649713516235,0.3291941881179809,0.3271842002868652,0.2091509699821472,0.4726535677909851,0.301557719707489,0.3516037762165069,0.3087318241596222
0.2881017029285431,0.2367772161960601,0.3577665984630584,0.3275685310363769,0.3290912806987762,0.3272294998168945,0.2093044221401214,0.4726886451244354,0.3015994429588318,0.3515547215938568,0.3087745904922485
0.288291335105896,0.2370470762252807,0.3579766750335693,0.3274721205234527,0.3289883136749267,0.3272748291492462,0.2094578593969345,0.4727237522602081,0.3016411960124969,0.3515056669712066,0.3088173270225525
0.2884810268878937,0.2373169064521789,0.3581867814064026,0.3273756802082062,0.3288853764533996,0.3273201286792755,0.2096112966537475,0.4727588593959808,0.3016829788684845,0.3514566123485565,0.3088600635528564
0.2886706888675689,0.2375867515802383,0.3583968877792358,0.3272792398929596,0.3287824392318725,0.3273654282093048,0.209764763712883,0.4727939367294311,0.3017247319221496,0.351407527923584,0.3089028298854828
0.2888603806495666,0.2378565967082977,0.3586069941520691,0.327182799577713,0.3286795020103454,0.3274107277393341,0.2099182158708572,0.4728290438652038,0.3017664849758148,0.3513585031032562,0.3089455664157867
0.2890500128269195,0.2381264567375183,0.3588171005249023,0.3270863592624664,0.3285765647888183,0.3274560272693634,0.2100716680288314,0.4728641510009765,0.30180823802948,0.3513094484806061,0.3089883029460907
0.2892396748065948,0.2383963018655777,0.3590271770954132,0.3269899189472198,0.3284736275672912,0.3275013267993927,0.2102251052856445,0.4728992581367492,0.3018499910831451,0.3512603640556335,0.309031069278717
0.2894293665885925,0.238666146993637,0.3592372834682464,0.3268934786319732,0.3283706903457641,0.327546626329422,0.2103785723447799,0.4729343354701996,0.3018917441368103,0.3512113094329834,0.309073805809021
0.2896190285682678,0.2389359772205352,0.3594473600387573,0.3267970383167267,0.328267753124237,0.3275919258594513,0.2105320245027542,0.4729694426059723,0.3019335269927978,0.3511622846126556,0.3091165721416473
0.2898086905479431,0.2392058372497558,0.3596574664115906,0.3267006278038025,0.3281648159027099,0.3276372253894806,0.2106854617595672,0.4730045795440674,0.3019752502441406,0.3511132299900055,0.3091593086719513
0.2899983525276184,0.2394756823778152,0.3598675727844238,0.3266041874885559,0.3280618786811828,0.3276825547218323,0.2108389139175415,0.4730396270751953,0.3020170032978058,0.3510641455650329,0.3092020452022552
0.2901880145072937,0.2397455424070358,0.3600776791572571,0.3265077471733093,0.3279589414596557,0.3277278542518616,0.2109923660755157,0.473074734210968,0.3020587563514709,0.3510150909423828,0.3092448115348816
0.290377676486969,0.2400153875350952,0.3602877855300903,0.3264113068580627,0.3278560042381286,0.3277731537818908,0.21114581823349,0.4731098711490631,0.3021005392074585,0.3509660363197326,0.3092875480651855
0.2905673384666443,0.2402852177619934,0.3604978621006012,0.3263148665428161,0.3277530670166015,0.3278184533119201,0.211299255490303,0.4731449484825134,0.3021422624588012,0.3509169816970825,0.3093302845954895
0.2907570004463196,0.2405550628900528,0.3607079684734344,0.3262184262275696,0.3276501297950744,0.3278637528419494,0.2114527076482772,0.4731800556182861,0.3021840155124664,0.3508679270744324,0.3093730509281158
0.2909466624259949,0.2408249229192733,0.3609180450439453,0.326121985912323,0.3275471925735473,0.3279090523719787,0.2116061598062515,0.4732151627540588,0.302225798368454,0.3508188724517822,0.3094157874584198
0.2911363244056701,0.2410947829484939,0.3611281514167785,0.3260255455970764,0.3274442553520202,0.327954351902008,0.2117596268653869,0.4732502400875091,0.3022675514221191,0.3507698178291321,0.3094585537910461
0.2913259863853454,0.2413646280765533,0.3613382577896118,0.3259291052818298,0.3273413181304931,0.3279996514320373,0.2119130641222,0.4732853472232818,0.3023092746734619,0.3507207930088043,0.3095012903213501
0.2915156781673431,0.2416344583034515,0.361548364162445,0.3258326649665832,0.327238380908966,0.3280449509620666,0.2120665162801742,0.4733204245567322,0.3023510575294494,0.3506717085838318,0.309544026851654
0.2917053401470184,0.2419043034315109,0.3617584705352783,0.3257362246513366,0.3271354436874389,0.3280902802944183,0.2122199684381485,0.4733555316925049,0.3023928105831146,0.3506226539611816,0.3095867931842804
0.2918949723243713,0.2421741485595703,0.3619685471057892,0.3256398141384125,0.3270325064659118,0.3281355798244476,0.2123734056949615,0.4733906090259552,0.3024345636367798,0.3505735993385315,0.3096295297145843
0.2920846343040466,0.2424440085887909,0.3621786236763,0.3255433738231659,0.3269295692443847,0.3281808793544769,0.2125268727540969,0.4734257161617279,0.3024762868881225,0.3505245447158813,0.3096722662448883
0.2922743260860443,0.2427138686180114,0.3623887300491333,0.3254469335079193,0.3268266320228576,0.3282261788845062,0.2126803249120712,0.4734608232975006,0.3025180697441101,0.3504754900932312,0.3097150325775146
0.2924639880657196,0.2429836988449096,0.3625988364219665,0.3253504633903503,0.3267236948013305,0.3282714784145355,0.2128337621688842,0.4734959006309509,0.3025598227977752,0.350426435470581,0.3097577691078186
0.2926536798477173,0.2432535290718078,0.3628089427947998,0.3252540230751037,0.3266207575798034,0.3283167779445648,0.2129871994256973,0.4735310077667236,0.3026015758514404,0.3503773808479309,0.3098005354404449
0.2928433120250702,0.2435233891010284,0.363019049167633,0.3251576125621795,0.3265178203582763,0.3283620774745941,0.2131406515836715,0.4735661149024963,0.3026433289051056,0.3503283262252807,0.3098433017730713
0.2930330038070678,0.243793249130249,0.3632291555404663,0.325061172246933,0.3264148831367492,0.3284073770046234,0.213294118642807,0.4736011922359466,0.3026850819587707,0.3502792716026306,0.3098860085010528
0.2932226657867431,0.2440630942583084,0.3634392321109772,0.3249647319316864,0.3263119459152221,0.3284526765346527,0.21344755589962,0.4736363291740417,0.3027268350124359,0.3502302169799804,0.3099287748336792
0.2934123277664184,0.2443329244852066,0.3636493384838104,0.3248683214187622,0.3262089788913727,0.3284980058670044,0.2136010080575943,0.4736714363098144,0.3027686178684234,0.3501811623573303,0.3099715113639831
0.2936019897460937,0.2446027845144271,0.3638594150543213,0.3247718811035156,0.3261060416698456,0.3285433053970337,0.2137544602155685,0.4737064838409424,0.3028103709220886,0.3501320779323578,0.3100142478942871
0.293791651725769,0.2448726296424865,0.3640695214271545,0.324675440788269,0.3260031342506408,0.328588604927063,0.2139079272747039,0.4737416207790375,0.3028521239757538,0.3500830233097076,0.3100570142269134
0.2939813137054443,0.2451424747705459,0.3642796277999878,0.3245790004730224,0.3259001970291137,0.3286339044570923,0.214061364531517,0.4737767279148102,0.3028938770294189,0.3500339686870575,0.3100997805595398
0.2941709756851196,0.2454123347997665,0.364489734172821,0.3244825601577759,0.3257972598075866,0.3286792039871216,0.2142148166894912,0.4738118350505829,0.3029356300830841,0.3499849140644073,0.3101425170898437
0.2943606376647949,0.2456821650266647,0.3646998405456543,0.3243861198425293,0.3256942927837372,0.3287245035171509,0.2143682688474655,0.4738469123840332,0.3029773831367492,0.3499358594417572,0.3101852536201477
0.2945502996444702,0.2459520250558853,0.3649099171161651,0.3242896795272827,0.3255913257598877,0.3287698030471802,0.2145217061042785,0.4738820195198059,0.303019106388092,0.349886804819107,0.310228019952774
0.2947399616241455,0.2462218701839447,0.3651200234889984,0.3241932392120361,0.3254884481430053,0.3288151025772095,0.2146751582622528,0.4739171266555786,0.3030608892440796,0.3498377501964569,0.310270756483078
0.2949296236038208,0.2464917302131652,0.3653301000595093,0.3240967988967895,0.3253854811191559,0.3288604021072387,0.214828610420227,0.4739522039890289,0.3031026422977447,0.3497887253761291,0.3103135228157043
0.2951193153858185,0.2467615604400634,0.3655402064323425,0.3240003883838653,0.3252825438976288,0.3289057314395904,0.2149820625782013,0.4739873111248016,0.3031443953514099,0.3497396409511566,0.3103562593460083
0.2953089475631714,0.2470313906669616,0.3657503128051758,0.3239039480686188,0.3251795768737793,0.3289510309696197,0.2151354998350143,0.4740224182605743,0.3031861484050751,0.3496905565261841,0.3103989958763122
0.2954986095428467,0.2473012506961822,0.365960419178009,0.3238074779510498,0.3250766396522522,0.328996330499649,0.2152889519929886,0.4740574955940246,0.3032279014587402,0.3496415019035339,0.3104417324066162
0.2956883013248443,0.2475711107254028,0.3661705255508423,0.3237110376358032,0.3249737322330475,0.3290416300296783,0.215442419052124,0.4740926027297973,0.3032696545124054,0.3495924770832062,0.3104844987392425
0.2958779633045196,0.2478409558534622,0.3663806021213531,0.3236145973205566,0.3248707950115204,0.3290869295597076,0.2155958712100982,0.47412770986557,0.3033114075660705,0.3495433926582336,0.3105272650718689
0.2960676550865173,0.2481108158826828,0.366590678691864,0.3235181868076324,0.3247678279876709,0.3291322290897369,0.2157493084669113,0.4741627871990204,0.3033531904220581,0.3494943678379059,0.3105700016021728
0.2962572872638702,0.2483806312084198,0.3668007850646972,0.3234217464923858,0.3246648907661438,0.3291775286197662,0.2159027606248855,0.4741978943347931,0.3033949136734009,0.3494453132152557,0.3106127381324768
0.2964469194412231,0.2486504912376403,0.3670108914375305,0.3233253061771393,0.3245619535446167,0.3292228281497955,0.216056227684021,0.4742330014705658,0.303436666727066,0.3493962585926056,0.3106554746627807
0.2966366410255432,0.2489203363656997,0.3672209978103637,0.3232288658618927,0.3244590163230896,0.3292681276798248,0.216209664940834,0.4742680788040161,0.3034784197807312,0.3493472039699554,0.3106982111930847
0.2968262732028961,0.2491901963949203,0.367431104183197,0.3231324255466461,0.3243560791015625,0.3293134570121765,0.2163631021976471,0.4743031859397888,0.3035202026367187,0.3492981493473053,0.310740977525711
0.2970159649848938,0.2494600564241409,0.3676412105560303,0.3230359852313995,0.3242531418800354,0.3293587565422058,0.2165165543556213,0.4743382930755615,0.3035619258880615,0.3492490649223327,0.3107837438583374
0.2972056269645691,0.2497298717498779,0.3678512871265411,0.3229395449161529,0.3241502046585083,0.3294040560722351,0.2166700065135955,0.4743734002113342,0.3036036789417267,0.3492000102996826,0.3108264803886413
0.2973952889442444,0.2499997168779373,0.3680613934993744,0.3228431046009063,0.3240472674369812,0.3294493556022644,0.2168234586715698,0.4744084775447845,0.3036454617977142,0.3491509556770324,0.3108692169189453
0.2975849509239197,0.2502695918083191,0.3682714700698852,0.3227466940879822,0.3239443302154541,0.3294946551322937,0.216976910829544,0.4744435846805572,0.3036872148513794,0.3491019308567047,0.3109119534492492
0.2977746129035949,0.2505394220352173,0.3684815764427185,0.3226502537727356,0.323841392993927,0.329539954662323,0.2171303629875183,0.4744786918163299,0.3037289679050445,0.3490528464317322,0.310954749584198
0.2979642748832702,0.2508092820644378,0.3686916828155517,0.322553813457489,0.3237384557723999,0.3295852541923523,0.2172838151454925,0.4745137691497803,0.3037707209587097,0.349003791809082,0.3109974861145019
0.2981539368629455,0.251079112291336,0.368901789188385,0.3224573731422424,0.3236355185508728,0.3296305537223816,0.2174372673034668,0.474548876285553,0.3038124740123749,0.3489547371864319,0.3110401928424835
0.2983435988426208,0.2513489723205566,0.3691118657588959,0.3223609328269958,0.3235325813293457,0.3296758532524109,0.217590719461441,0.4745839834213257,0.30385422706604,0.3489056825637817,0.3110829889774322
0.2985332608222961,0.2516188025474548,0.3693219721317291,0.3222644925117492,0.3234296441078186,0.3297211825847626,0.2177441716194152,0.4746190905570984,0.3038959801197052,0.3488566279411316,0.3111257255077362
0.2987229228019714,0.2518886625766754,0.3695320785045624,0.3221680521965027,0.3233267068862915,0.3297664821147918,0.2178975939750671,0.4746541678905487,0.3039377331733703,0.3488075733184814,0.3111684322357178
0.2989126145839691,0.252158522605896,0.3697421550750732,0.3220716118812561,0.3232237696647644,0.3298117816448211,0.2180510461330413,0.4746892750263214,0.3039794862270355,0.3487585186958313,0.3112112283706665
0.299102246761322,0.2524283528327942,0.3699522614479065,0.3219751715660095,0.3231208324432373,0.3298570811748504,0.2182045131921768,0.4747243821620941,0.3040212392807007,0.3487094640731811,0.3112539649009704
0.2992919087409973,0.2526981830596924,0.3701623678207397,0.3218787610530853,0.3230178952217102,0.3299023807048797,0.218357965350151,0.4747594594955444,0.3040629923343658,0.348660409450531,0.3112967014312744
0.299481600522995,0.2529680430889129,0.370372474193573,0.3217823207378387,0.3229149580001831,0.329947680234909,0.2185114026069641,0.4747945666313171,0.304104745388031,0.3486113548278808,0.3113394677639007
0.2996712625026703,0.2532379031181335,0.3705825209617615,0.3216858804225921,0.322812020778656,0.3299929797649383,0.2186648547649383,0.4748296737670898,0.3041464984416961,0.3485623002052307,0.3113822042942047
0.2998609542846679,0.2535077631473541,0.3707926571369171,0.3215894401073456,0.3227090835571289,0.3300382792949676,0.2188183069229126,0.4748647511005401,0.3041882812976837,0.3485132455825805,0.311424970626831
0.3000505864620209,0.2537775635719299,0.3710027635097503,0.321492999792099,0.3226061463356018,0.3300835788249969,0.218971773982048,0.4748998582363128,0.3042300343513489,0.3484641909599304,0.311467707157135
0.3002402484416961,0.2540474236011505,0.3712128400802612,0.3213965594768524,0.3225032091140747,0.3301289081573486,0.219125211238861,0.4749349653720855,0.3042717576026916,0.3484151065349579,0.3115104436874389
0.3004299104213714,0.2543172836303711,0.3714229464530945,0.3213001489639282,0.3224002718925476,0.3301742076873779,0.2192786633968353,0.4749700427055359,0.3043135404586792,0.3483660817146301,0.3115531802177429
0.3006195724010467,0.2545871436595917,0.3716330230236053,0.3212037086486816,0.3222973346710205,0.3302195072174072,0.2194321155548095,0.4750051498413086,0.304355263710022,0.3483169972896576,0.3115959465503692
0.3008092641830444,0.2548570036888122,0.3718431293964386,0.321107268333435,0.3221943974494934,0.3302648067474365,0.2195855528116226,0.4750402867794037,0.3043970167636871,0.3482679724693298,0.3116387128829956
0.3009989261627197,0.2551268339157104,0.3720532059669494,0.3210108280181885,0.3220914602279663,0.3303101062774658,0.2197390049695968,0.4750753939151764,0.3044387698173523,0.3482189178466797,0.3116814494132995
0.301188588142395,0.2553966641426086,0.3722633123397827,0.3209143579006195,0.3219884932041168,0.3303554058074951,0.2198924571275711,0.4751104712486267,0.3044805526733398,0.3481698632240295,0.3117241859436035
0.3013782501220703,0.2556665241718292,0.3724734187126159,0.3208179473876953,0.3218855857849121,0.3304007053375244,0.2200459092855453,0.4751455783843994,0.304522305727005,0.348120778799057,0.3117669224739074
0.3015679121017456,0.2559363842010498,0.3726835250854492,0.3207215070724487,0.321782648563385,0.3304460048675537,0.2201993465423584,0.4751806557178497,0.3045640587806701,0.3480717241764068,0.3118096888065338
0.3017575740814209,0.256206214427948,0.3728936314582824,0.3206250667572021,0.3216797113418579,0.330491304397583,0.2203528136014938,0.4752157628536224,0.3046058118343353,0.3480226993560791,0.3118524253368377
0.3019472360610962,0.2564760446548462,0.3731037080287933,0.3205286264419555,0.3215767741203308,0.3305366337299347,0.220506265759468,0.4752508401870727,0.3046475648880005,0.3479736149311065,0.3118951916694641
0.3021368980407715,0.2567459046840668,0.373313844203949,0.320432186126709,0.3214738070964813,0.330581933259964,0.2206597030162811,0.4752859473228454,0.3046892881393432,0.3479245603084564,0.311937928199768
0.3023265600204468,0.2570157647132873,0.3735238909721374,0.3203357458114624,0.3213708996772766,0.3306272327899933,0.2208131551742553,0.4753210246562958,0.3047310709953308,0.3478755056858063,0.3119806945323944
0.302516222000122,0.2572855949401855,0.3737339973449707,0.3202393054962158,0.3212679624557495,0.3306725323200226,0.2209666222333908,0.4753561317920685,0.3047728240489959,0.3478264808654785,0.312023401260376
0.3027058839797973,0.2575554549694061,0.3739441037178039,0.3201428949832916,0.3211649954319,0.3307178318500519,0.221120074391365,0.4753912389278412,0.3048145771026611,0.3477774262428283,0.3120661675930023
0.302895575761795,0.2578252851963043,0.3741542100906372,0.320046454668045,0.3210620582103729,0.3307631313800812,0.2212734967470169,0.4754263162612915,0.3048563599586487,0.3477283418178558,0.3121089339256286
0.3030852079391479,0.2580951452255249,0.3743643164634704,0.3199499845504761,0.3209590911865234,0.3308084309101105,0.2214269489049911,0.4754614233970642,0.3048980832099914,0.3476792871952057,0.3121516704559326
0.3032748997211456,0.2583649754524231,0.3745744228363037,0.3198535442352295,0.3208561837673187,0.3308537304401397,0.2215804010629654,0.4754965305328369,0.3049398362636566,0.3476302325725555,0.3121944069862366
0.3034645617008209,0.2586348354816437,0.3747844994068146,0.3197571337223053,0.320753276348114,0.330899029970169,0.2217338681221008,0.4755316376686096,0.3049815893173218,0.3475811779499054,0.3122371733188629
0.3036542236804962,0.2589046955108642,0.3749946057796478,0.3196606934070587,0.3206503093242645,0.3309443593025207,0.2218873053789138,0.4755667448043823,0.3050233721733093,0.3475320935249328,0.3122799098491668
0.3038439154624939,0.2591745257377624,0.3752046823501587,0.3195642530918121,0.320547342300415,0.33098965883255,0.2220407575368881,0.475601851940155,0.3050650954246521,0.3474830389022827,0.3123226761817932
0.3040335476398468,0.259444385766983,0.3754147887229919,0.3194678425788879,0.3204444348812103,0.3310349583625793,0.2221942096948623,0.4756369590759277,0.3051068782806396,0.3474339842796325,0.3123654127120971
0.3042232394218445,0.2597142457962036,0.3756248950958252,0.3193714022636413,0.3203414976596832,0.3310802578926086,0.2223476469516754,0.475672036409378,0.3051486313343048,0.3473849594593048,0.3124081492424011
0.3044129014015198,0.2599840760231018,0.3758350014686584,0.3192749619483948,0.3202385604381561,0.3311255574226379,0.2225011140108108,0.4757071435451507,0.3051903843879699,0.3473359048366546,0.3124509155750274
0.3046025335788727,0.2602539360523224,0.3760450780391693,0.3191785216331482,0.320135623216629,0.3311708569526672,0.2226545661687851,0.4757422506809234,0.3052321076393127,0.3472868502140045,0.3124936521053314
0.3047922253608703,0.2605237662792206,0.3762551844120025,0.3190820515155792,0.3200326561927795,0.3312161564826965,0.2228080034255981,0.4757773280143738,0.3052738606929779,0.3472377955913543,0.3125363886356354
0.3049818873405456,0.2607936263084411,0.3764652609825134,0.318985641002655,0.3199297189712524,0.3312614560127258,0.2229614406824112,0.4758124351501465,0.3053156435489654,0.3471887111663818,0.3125791549682617
0.3051715493202209,0.2610634565353393,0.3766753673553467,0.3188892006874084,0.3198268115520477,0.3313067555427551,0.2231149077415466,0.4758475422859192,0.3053573966026306,0.3471396565437317,0.3126218914985657
0.3053612112998962,0.2613333165645599,0.3768854737281799,0.3187927603721618,0.3197238445281982,0.3313520848751068,0.2232683598995208,0.4758826196193695,0.3053991496562958,0.3470906019210815,0.3126646280288696
0.3055508732795715,0.2616031765937805,0.3770955801010132,0.3186963200569153,0.3196209073066711,0.3313973844051361,0.2234217971563339,0.4759177267551422,0.3054409027099609,0.3470415472984314,0.3127073943614959
0.3057405352592468,0.2618730068206787,0.3773056864738464,0.3185999095439911,0.319517970085144,0.3314426839351654,0.2235752493143081,0.4759528338909149,0.3054826557636261,0.3469924926757812,0.3127501308917999
0.3059301972389221,0.2621428370475769,0.3775157630443573,0.3185034394264221,0.3194150328636169,0.3314879834651947,0.2237287014722824,0.4759879410266876,0.3055244088172912,0.3469434380531311,0.3127928972244262
0.3061198592185974,0.2624126970767975,0.3777258992195129,0.3184069991111755,0.3193120956420898,0.331533282995224,0.2238821685314178,0.4760230183601379,0.305566132068634,0.3468943834304809,0.3128356337547302
0.3063095211982727,0.262682557106018,0.3779359459877014,0.3183105587959289,0.3192091584205627,0.3315785825252533,0.2240356057882309,0.4760581254959106,0.3056079149246216,0.3468453288078308,0.3128783702850342
0.306499183177948,0.2629523873329162,0.3781460523605346,0.3182141184806824,0.3191062211990356,0.3316238820552826,0.2241890579462051,0.4760932326316833,0.3056496679782867,0.3467962741851806,0.3129211366176605
0.3066888451576233,0.2632222175598144,0.3783561587333679,0.3181177079677582,0.3190032839775085,0.3316691815853119,0.2243425101041793,0.4761283099651336,0.3056914210319519,0.3467472195625305,0.3129638731479645
0.3068785369396209,0.263492077589035,0.3785662651062011,0.3180212676525116,0.3189003467559814,0.3317144811153412,0.2244959622621536,0.476163387298584,0.305733174085617,0.3466981649398803,0.3130066096782684
0.3070681989192962,0.2637619376182556,0.3787763714790344,0.317924827337265,0.3187974393367767,0.3317598104476928,0.2246493995189666,0.4761984944343567,0.3057749271392822,0.3466491103172302,0.3130493760108948
0.3072578608989715,0.2640317976474762,0.3789864778518677,0.3178283870220184,0.3186944723129272,0.3318051099777221,0.2248028516769409,0.4762336015701294,0.3058166801929474,0.3466000556945801,0.3130921125411987
0.3074475228786468,0.2643016576766968,0.3791965544223785,0.3177319467067718,0.3185915350914001,0.3318504095077514,0.2249563038349151,0.4762687087059021,0.3058584332466125,0.3465509712696075,0.3131348788738251
0.3076372146606445,0.2645714879035949,0.3794066607952118,0.3176355063915252,0.318488597869873,0.3318957090377807,0.2251097410917282,0.4763038158416748,0.3059002161026001,0.3465019166469574,0.313177615404129
0.3078268468379974,0.2648413181304931,0.3796167373657226,0.3175390660762787,0.3183856606483459,0.33194100856781,0.2252632081508636,0.4763388931751251,0.3059419691562652,0.3464528918266296,0.313220351934433
0.3080165386199951,0.2651111781597137,0.3798268437385559,0.3174426257610321,0.3182827234268188,0.3319863080978393,0.2254166603088379,0.4763740003108978,0.3059837222099304,0.3464038372039795,0.3132631182670593
0.3082062005996704,0.2653810381889343,0.3800369501113891,0.3173462152481079,0.3181797862052917,0.3320316076278686,0.2255701124668121,0.4764091074466705,0.3060254752635956,0.3463547825813293,0.3133058547973633
0.3083958625793457,0.2656508684158325,0.3802470564842224,0.3172497749328613,0.3180768489837646,0.3320769071578979,0.2257235497236251,0.4764442145824432,0.3060672283172607,0.3463056981563568,0.3133485913276672
0.308585524559021,0.2659206986427307,0.3804571628570556,0.3171533346176147,0.3179739117622375,0.3321222066879272,0.2258770167827606,0.4764792919158935,0.3061089515686035,0.346256673336029,0.3133913576602936
0.3087751567363739,0.2661905586719513,0.3806672692298889,0.3170568943023681,0.3178709745407104,0.3321675360202789,0.2260304689407348,0.4765143990516662,0.306150734424591,0.3462076187133789,0.3134340941905975
0.3089648485183716,0.2664604187011719,0.3808773159980774,0.3169604539871216,0.3177680373191833,0.3322128355503082,0.2261839061975479,0.4765495061874389,0.3061924874782562,0.3461585342884063,0.3134768605232239
0.3091545104980469,0.26673024892807,0.3810874223709106,0.316864013671875,0.3176651000976562,0.3322581350803375,0.2263373434543609,0.4765845835208893,0.3062342405319214,0.3461094796657562,0.3135195970535278
0.3093441724777221,0.2670001089572906,0.3812975287437439,0.3167675733566284,0.3175621628761291,0.3323034346103668,0.2264907956123352,0.476619690656662,0.3062760233879089,0.3460604250431061,0.3135623335838318
0.3095338344573974,0.2672699391841888,0.3815076351165771,0.3166711330413818,0.317459225654602,0.3323487341403961,0.2266442626714706,0.4766547977924347,0.3063177466392517,0.3460114002227783,0.3136050999164581
0.3097234964370727,0.2675397992134094,0.3817177414894104,0.3165746927261352,0.3173562884330749,0.3323940336704254,0.2267976999282837,0.476689875125885,0.3063594996929168,0.3459623157978058,0.3136478662490845
0.309913158416748,0.26780965924263,0.3819278180599212,0.3164782524108886,0.3172533512115478,0.3324393332004547,0.2269511520862579,0.4767249822616577,0.306401252746582,0.3459132611751556,0.313690572977066
0.3101028203964233,0.2680795192718506,0.3821379542350769,0.3163818120956421,0.3171504139900207,0.332484632730484,0.2271046042442321,0.4767600893974304,0.3064430356025696,0.3458642065525055,0.3137333393096924
0.3102924823760986,0.2683493494987488,0.3823480010032654,0.3162854015827179,0.3170474767684936,0.3325299322605133,0.2272580564022064,0.4767951667308807,0.3064847588539123,0.3458151519298553,0.3137760758399963
0.3104821741580963,0.268619179725647,0.3825581073760986,0.3161889314651489,0.3169445395469665,0.332575261592865,0.2274115085601806,0.4768302738666534,0.3065265417098999,0.3457660973072052,0.3138188421726227
0.3106718063354492,0.2688890397548675,0.3827682137489319,0.3160924911499023,0.316841572523117,0.3326205611228943,0.2275649607181549,0.4768653810024261,0.306568294763565,0.345717042684555,0.313861608505249
0.3108614981174469,0.2691588997840881,0.3829783201217651,0.3159960806369781,0.3167386651039123,0.3326658606529236,0.2277184128761291,0.4769005179405212,0.3066100478172302,0.3456679582595825,0.313904345035553
0.3110511600971222,0.2694287300109863,0.3831884264945984,0.3158996701240539,0.3166357278823852,0.3327111601829529,0.227871835231781,0.4769355654716491,0.306651771068573,0.3456189036369324,0.3139470815658569
0.3112408220767975,0.2696985900402069,0.3833985328674316,0.315803200006485,0.3165327906608581,0.3327564597129822,0.2280253022909164,0.4769706726074219,0.3066935539245605,0.3455698788166046,0.3139898180961609
0.3114304840564728,0.2699684202671051,0.3836086094379425,0.3157067596912384,0.316429853439331,0.3328017592430115,0.2281787544488906,0.4770058095455169,0.3067353069782257,0.3455208241939544,0.3140325546264648
0.3116201758384704,0.2702382802963257,0.3838187158107757,0.3156103193759918,0.3163268864154815,0.3328470587730407,0.2283322066068649,0.4770408868789673,0.3067770600318908,0.3454717397689819,0.3140753209590912
0.3118098378181457,0.2705081105232239,0.3840287923812866,0.3155139088630676,0.3162239491939544,0.33289235830307,0.2284856438636779,0.47707599401474,0.306818813085556,0.3454226851463318,0.3141180872917175
0.311999499797821,0.2707779705524444,0.3842388987541199,0.3154174387454986,0.3161210417747497,0.3329376578330993,0.2286390960216522,0.4771110713481903,0.3068605661392212,0.3453736305236816,0.3141608238220215
0.3121891617774963,0.271047830581665,0.3844490051269531,0.3153210282325744,0.3160180747509002,0.332982987165451,0.2287925630807876,0.4771461486816406,0.3069023191928863,0.3453245759010315,0.3142035603523254
0.3123788237571716,0.2713176310062408,0.3846591114997864,0.3152245879173279,0.3159151375293731,0.3330282866954803,0.2289460152387619,0.4771812558174133,0.3069440722465515,0.3452755212783813,0.3142462968826294
0.3125684857368469,0.2715874910354614,0.3848691880702972,0.3151281476020813,0.315812200307846,0.3330735862255096,0.2290994524955749,0.477216362953186,0.3069858253002167,0.3452264666557312,0.3142890632152557
0.3127581477165222,0.271857351064682,0.3850793242454529,0.3150317072868347,0.3157092332839966,0.3331188857555389,0.2292529046535492,0.4772514402866363,0.3070275783538818,0.345177412033081,0.3143317997455597
0.2904952466487884,0.4716605544090271,0.4407946467399597,0.6693141460418701,0.6031709313392639,0.5051937699317932,0.3154005110263824,0.5909948945045471,0.4656248390674591,0.5349816679954529,0.4660702645778656
0.290352314710617,0.4720314145088196,0.4412726163864136,0.6689985394477844,0.6040701270103455,0.5053256154060364,0.3151725232601166,0.591025173664093,0.4657463431358337,0.5351868271827698,0.4661918580532074
0.2902093529701233,0.4724023044109344,0.4417506456375122,0.668682873249054,0.604969322681427,0.5054574012756348,0.3149445652961731,0.5910554528236389,0.4658677875995636,0.5353921055793762,0.4663134515285492
0.2900664210319519,0.4727731645107269,0.4422286748886108,0.6683672070503235,0.6058685779571533,0.5055892467498779,0.3147165775299072,0.59108567237854,0.4659892916679382,0.5355973243713379,0.4664350748062134
0.2899234890937805,0.4731440544128418,0.4427066743373871,0.6680516004562378,0.6067677736282349,0.5057210326194763,0.3144885897636413,0.5911159515380859,0.4661107659339905,0.5358024835586548,0.4665566682815552
0.2897805273532867,0.4735149145126343,0.4431846737861633,0.6677359342575073,0.6076670289039612,0.5058528184890747,0.3142606019973755,0.5911462306976318,0.4662322998046875,0.5360077023506165,0.466678261756897
0.2896375656127929,0.4738857746124267,0.4436627030372619,0.6674202680587769,0.6085662245750427,0.5059846639633179,0.3140326142311096,0.5911765098571777,0.4663537740707397,0.5362128615379333,0.4667998850345611
0.2894946336746216,0.4742566347122192,0.4441407024860382,0.6671046614646912,0.6094654202461243,0.5061164498329163,0.3138046860694885,0.5912067294120789,0.466475248336792,0.5364181399345398,0.4669215083122253
0.2893517017364502,0.4746275246143341,0.4446187019348144,0.6667889952659607,0.6103646755218506,0.5062482953071594,0.3135766685009002,0.5912370681762695,0.4665967524051666,0.5366233587265015,0.4670431017875671
0.2892087697982788,0.4749983847141266,0.4450967311859131,0.666473388671875,0.6112638711929321,0.5063800811767578,0.3133487105369568,0.5912673473358154,0.4667182266712188,0.5368285179138184,0.4671646952629089
0.289065808057785,0.4753692746162414,0.4455747306346893,0.6661577224731445,0.6121630668640137,0.506511926651001,0.3131207227706909,0.5912975668907166,0.4668397307395935,0.53703373670578,0.4672862887382507
0.2889228761196136,0.4757401645183563,0.4460527300834656,0.6658420562744141,0.6130622625350952,0.5066437125205994,0.3128927648067474,0.5913278460502625,0.4669612050056457,0.5372389554977417,0.4674078822135925
0.2887799143791199,0.4761109948158264,0.4465307593345642,0.6655263900756836,0.6139614582061768,0.5067755579948425,0.3126647472381592,0.5913581848144531,0.467082679271698,0.5374441742897034,0.4675294756889343
0.2886369824409485,0.4764818549156189,0.4470087587833404,0.6652107834815979,0.6148607134819031,0.5069073438644409,0.3124367594718933,0.591388463973999,0.4672041535377502,0.5376493334770203,0.4676510691642761
0.2884940505027771,0.4768527448177337,0.4474867582321167,0.6648951172828674,0.6157599091529846,0.5070391297340393,0.3122088313102722,0.5914186239242554,0.4673256576061249,0.5378545522689819,0.4677727222442627
0.2883511185646057,0.4772236049175262,0.4479647874832153,0.6645795106887817,0.6166591644287109,0.5071709752082825,0.3119808435440063,0.5914489030838013,0.4674471616744995,0.5380598306655884,0.4678943157196045
0.2882081568241119,0.4775944650173187,0.4484427571296692,0.6642638444900513,0.6175583600997925,0.5073027610778809,0.3117528557777405,0.5914792418479919,0.4675686359405517,0.5382649898529053,0.4680159389972687
0.2880652248859405,0.477965384721756,0.4489207863807678,0.6639481782913208,0.618457555770874,0.507434606552124,0.3115248680114746,0.5915094614028931,0.467690110206604,0.5384702086448669,0.4681375324726105
0.2879222631454468,0.4783362150192261,0.4493988156318664,0.6636325716972351,0.6193567514419556,0.5075663924217224,0.3112969100475311,0.591539740562439,0.467811644077301,0.5386754274368286,0.4682591259479522
0.2877793312072754,0.4787070453166961,0.4498768150806427,0.6633168458938599,0.6202559471130371,0.5076982378959656,0.3110689222812652,0.5915700197219849,0.4679331183433532,0.5388805866241455,0.468380719423294
0.287636399269104,0.4790779650211334,0.4503548145294189,0.6630012392997742,0.6211552023887634,0.507830023765564,0.3108409643173218,0.5916003584861755,0.4680545926094055,0.539085865020752,0.4685023427009582
0.2874934673309326,0.4794488251209259,0.4508328437805176,0.6626856327056885,0.622054398059845,0.5079618096351624,0.3106129765510559,0.5916305780410767,0.4681760966777801,0.5392910242080688,0.4686239361763
0.2873505055904388,0.4798196852207184,0.4513108134269714,0.662369966506958,0.6229535937309265,0.5080936551094055,0.3103850185871124,0.5916608572006226,0.4682975709438324,0.5394962430000305,0.4687455296516418
0.287207543849945,0.4801905751228332,0.45178884267807,0.6620543003082275,0.6238528490066528,0.5082254409790039,0.3101570308208465,0.5916911363601685,0.468419075012207,0.5397014617919922,0.468867152929306
0.2870646119117737,0.4805614650249481,0.4522668719291687,0.6617386341094971,0.6247520446777344,0.5083572864532471,0.3099290132522583,0.5917214155197144,0.4685405492782593,0.5399066805839539,0.4689887762069702
0.2869216799736023,0.4809322953224182,0.4527448415756225,0.6614229679107666,0.6256512403488159,0.5084890723228455,0.3097010552883148,0.5917516350746155,0.4686620235443115,0.5401118993759155,0.469110369682312
0.2867787182331085,0.4813032150268554,0.4532228708267212,0.6611073613166809,0.6265504956245422,0.5086209177970886,0.3094730675220489,0.5917819142341614,0.4687834978103637,0.5403170585632324,0.4692319631576538
0.2866357564926147,0.4816740453243255,0.4537009000778198,0.6607917547225952,0.6274496912956238,0.508752703666687,0.3092451095581054,0.5918121337890625,0.468904972076416,0.5405223369598389,0.4693535566329956
0.2864928245544433,0.4820449352264404,0.4541788697242737,0.66047602891922,0.6283488869667053,0.5088845491409302,0.3090171217918396,0.5918424725532532,0.469026505947113,0.5407274961471558,0.4694751501083374
0.286349892616272,0.4824157953262329,0.4546568989753723,0.6601604223251343,0.6292481422424316,0.5090163350105286,0.3087891638278961,0.5918727517127991,0.4691479802131653,0.5409327149391174,0.4695967435836792
0.2862069606781006,0.4827866852283478,0.4551349282264709,0.6598447561264038,0.6301473379135132,0.509148120880127,0.3085611760616302,0.591903030872345,0.4692694544792175,0.5411379337310791,0.469718337059021
0.2860639989376068,0.4831575155258178,0.4556128978729248,0.6595291495323181,0.6310465335845947,0.5092799663543701,0.3083331882953644,0.5919332504272461,0.4693909287452698,0.541343092918396,0.4698399901390075
0.285921037197113,0.4835283756256103,0.4560909271240234,0.6592134833335876,0.6319457292556763,0.5094117522239685,0.3081052005290985,0.5919635891914368,0.4695124626159668,0.5415483713150024,0.4699615836143493
0.2857781052589416,0.4838992655277252,0.456568956375122,0.6588978171348572,0.6328449249267578,0.5095435976982117,0.307877242565155,0.5919938683509827,0.469633936882019,0.5417535305023193,0.4700831770896911
0.2856351733207702,0.4842701256275177,0.4570469260215759,0.6585822105407715,0.6337441802024841,0.5096753835678101,0.3076492846012115,0.5920240879058838,0.4697554409503937,0.541958749294281,0.4702048003673553
0.2854922413825989,0.4846410155296325,0.4575249552726745,0.658266544342041,0.6346433758735657,0.5098072290420532,0.3074212670326233,0.5920543670654297,0.4698769152164459,0.5421639680862427,0.4703263938426971
0.2853492796421051,0.485011875629425,0.4580029845237732,0.6579508781433105,0.6355425715446472,0.5099390149116516,0.3071933090686798,0.5920846462249756,0.4699983894824981,0.5423691868782043,0.4704479873180389
0.2852063477039337,0.4853827655315399,0.458480954170227,0.6576352715492249,0.6364418268203735,0.51007080078125,0.3069653213024139,0.5921149253845215,0.4701198935508728,0.542574405670166,0.4705696105957031
0.2850633859634399,0.48575359582901,0.4589589834213257,0.6573196053504944,0.6373410224914551,0.5102026462554932,0.3067373633384704,0.5921451449394226,0.470241367816925,0.5427795648574829,0.4706912040710449
0.2849204540252685,0.4861245155334472,0.4594369828701019,0.6570039987564087,0.6382402181625366,0.5103344321250916,0.3065093457698822,0.5921754240989685,0.4703628420829773,0.5429847836494446,0.4708127975463867
0.2847775220870971,0.4864953458309173,0.4599149823188782,0.6566882729530334,0.6391394138336182,0.5104662775993347,0.3062814176082611,0.5922057628631592,0.4704843759536743,0.5431900024414062,0.4709344208240509
0.2846345901489258,0.4868662357330322,0.4603930115699768,0.6563726663589478,0.6400386095046997,0.5105980634689331,0.3060534298419952,0.5922359824180603,0.4706058502197265,0.5433952212333679,0.4710559844970703
0.284491628408432,0.4872370958328247,0.460871011018753,0.6560570001602173,0.640937864780426,0.5107299089431763,0.3058254420757293,0.5922662615776062,0.4707273244857788,0.5436004400253296,0.4711776375770569
0.2843486666679382,0.4876079261302948,0.4613490104675293,0.6557413935661316,0.6418370604515076,0.5108616948127747,0.3055974543094635,0.5922965407371521,0.470848798751831,0.5438055992126465,0.4712992310523987
0.2842057347297668,0.4879788160324096,0.4618270397186279,0.6554257273674011,0.6427362561225891,0.510993480682373,0.3053694665431976,0.592326819896698,0.4709703028202057,0.5440108776092529,0.4714208245277405
0.2840628027915954,0.4883496761322021,0.4623050689697265,0.6551100611686707,0.6436355113983154,0.5111253261566162,0.3051415085792541,0.5923570990562439,0.4710917770862579,0.5442160367965698,0.4715424180030823
0.2839198708534241,0.488720566034317,0.4627830386161804,0.654794454574585,0.644534707069397,0.5112571120262146,0.3049135506153106,0.5923873782157898,0.4712132811546325,0.5444212555885315,0.4716640114784241
0.2837769091129303,0.4890914261341095,0.463261067867279,0.6544787883758545,0.6454339623451233,0.5113889575004578,0.3046855628490448,0.5924175977706909,0.4713347554206848,0.5446264743804932,0.4717856645584106
0.2836339771747589,0.4894623160362243,0.4637390673160553,0.6541631817817688,0.6463332176208496,0.5115207433700562,0.3044575750827789,0.5924478769302368,0.4714562594890594,0.5448316931724548,0.4719072580337524
0.2834910154342651,0.4898331761360168,0.4642170667648315,0.6538474559783936,0.6472324132919312,0.5116525888442993,0.3042296171188354,0.5924781560897827,0.4715777337551117,0.5450369119644165,0.4720288515090942
0.2833480834960937,0.4902040660381317,0.4646950960159302,0.6535317897796631,0.6481316089630127,0.5117843747138977,0.3040015995502472,0.5925084352493286,0.4716992378234863,0.5452420711517334,0.472150444984436
0.2832051515579223,0.4905748963356018,0.4651730954647064,0.6532161831855774,0.6490308046340942,0.5119162201881409,0.3037736117839813,0.5925386548042297,0.4718207120895386,0.5454473495483398,0.4722720682621002
0.283062219619751,0.490945816040039,0.4656510949134826,0.6529005169868469,0.6499300003051758,0.5120480060577393,0.3035456538200378,0.5925689935684204,0.4719421863555908,0.5456525087356567,0.472393661737442
0.2829192578792572,0.4913166463375091,0.4661291241645813,0.6525849103927612,0.6508291959762573,0.5121797919273376,0.3033176958560943,0.5925992727279663,0.4720637202262878,0.5458577275276184,0.4725152552127838
0.2827762961387634,0.491687536239624,0.4666071236133575,0.6522692441940308,0.6517284512519836,0.5123116374015808,0.3030897080898285,0.5926294922828674,0.4721851944923401,0.5460629463195801,0.472636878490448
0.282633364200592,0.4920583963394165,0.4670851230621338,0.6519535779953003,0.6526276469230652,0.5124434232711792,0.3028617203235626,0.5926597714424133,0.4723066687583923,0.546268105506897,0.4727584719657898
0.2824904322624206,0.4924292266368866,0.4675631523132324,0.6516379714012146,0.6535269021987915,0.5125752687454224,0.3026337623596191,0.592690110206604,0.4724281430244446,0.5464733839035034,0.4728800654411316
0.2823475003242492,0.4928001165390014,0.4680411517620086,0.6513223052024841,0.654426097869873,0.5127070546150208,0.3024057745933532,0.5927203297615051,0.4725496172904968,0.5466785430908203,0.4730016887187958
0.2822045385837555,0.4931709766387939,0.4685191810131073,0.6510066390037537,0.6553252935409546,0.5128389000892639,0.3021777868270874,0.5927505493164062,0.4726711213588714,0.546883761882782,0.4731232523918152
0.2820615768432617,0.4935418665409088,0.4689971804618835,0.650691032409668,0.6562244892120361,0.5129706859588623,0.3019497990608215,0.5927808284759521,0.4727926254272461,0.5470889806747437,0.4732449054718017
0.2819186449050903,0.4939126968383789,0.4694751501083374,0.6503753662109375,0.6571236848831177,0.5131024718284607,0.301721841096878,0.5928111672401428,0.4729140996932983,0.5472941398620605,0.4733664989471435
0.2817757129669189,0.4942836165428161,0.4699532091617584,0.650059700012207,0.658022940158844,0.5132343173027039,0.3014938831329345,0.592841386795044,0.473035603761673,0.547499418258667,0.4734880924224853
0.2816327810287475,0.4946544766426086,0.4704312086105346,0.6497440934181213,0.6589221358299255,0.5133661031723022,0.3012658655643463,0.5928716659545898,0.4731571078300476,0.5477045774459839,0.4736096858978271
0.2814897894859314,0.4950253665447235,0.4709092080593109,0.6494284272193909,0.6598213911056519,0.5134979486465454,0.3010379076004028,0.5929019451141357,0.4732785820960998,0.5479098558425903,0.4737313389778137
0.28134685754776,0.495396226644516,0.4713872075080871,0.6491128206253052,0.6607205867767334,0.5136297345161438,0.3008099198341369,0.5929322838783264,0.4734000563621521,0.5481150150299072,0.4738529324531555
0.2812039256095886,0.4957671165466308,0.4718652367591858,0.6487971544265747,0.6616197824478149,0.513761579990387,0.3005819618701935,0.5929625034332275,0.4735215306282043,0.5483202338218689,0.4739745259284973
0.2810609936714172,0.4961379468441009,0.472343236207962,0.6484814882278442,0.6625190377235413,0.5138933658599854,0.3003539741039276,0.5929927825927734,0.4736430644989013,0.5485254526138306,0.4740961194038391
0.2809180319309234,0.4965088665485382,0.4728212654590606,0.6481658220291138,0.6634182333946228,0.5140252113342285,0.3001260161399841,0.5930230617523193,0.4737645387649536,0.5487306118011475,0.4742177128791809
0.2809180319309234,0.4965088665485382,0.4728212654590606,0.6481658220291138,0.6634182333946228,0.5140252113342285,0.3001260161399841,0.5930230617523193,0.4737645387649536,0.5487306118011475,0.4742177128791809
0.2809180319309234,0.4965088665485382,0.4728212654590606,0.6481658220291138,0.6634182333946228,0.5140252113342285,0.3001260161399841,0.5930230617523193,0.4737645387649536,0.5487306118011475,0.4742177128791809
0.2809180319309234,0.4965088665485382,0.4728212654590606,0.6481658220291138,0.6634182333946228,0.5140252113342285,0.3001260161399841,0.5930230617523193,0.4737645387649536,0.5487306118011475,0.4742177128791809
0.2809180319309234,0.4965088665485382,0.4728212654590606,0.6481658220291138,0.6634182333946228,0.5140252113342285,0.3001260161399841,0.5930230617523193,0.4737645387649536,0.5487306118011475,0.4742177128791809
0.2809180319309234,0.4965088665485382,0.4728212654590606,0.6481658220291138,0.6634182333946228,0.5140252113342285,0.3001260161399841,0.5930230617523193,0.4737645387649536,0.5487306118011475,0.4742177128791809
0.2809180319309234,0.4965088665485382,0.4728212654590606,0.6481658220291138,0.6634182333946228,0.5140252113342285,0.3001260161399841,0.5930230617523193,0.4737645387649536,0.5487306118011475,0.4742177128791809
0.2809180319309234,0.4965088665485382,0.4728212654590606,0.6481658220291138,0.6634182333946228,0.5140252113342285,0.3001260161399841,0.5930230617523193,0.4737645387649536,0.5487306118011475,0.4742177128791809
0.2809180319309234,0.4965088665485382,0.4728212654590606,0.6481658220291138,0.6634182333946228,0.5140252113342285,0.3001260161399841,0.5930230617523193,0.4737645387649536,0.5487306118011475,0.4742177128791809
0.2809180319309234,0.4965088665485382,0.4728212654590606,0.6481658220291138,0.6634182333946228,0.5140252113342285,0.3001260161399841,0.5930230617523193,0.4737645387649536,0.5487306118011475,0.4742177128791809
0.2809180319309234,0.4965088665485382,0.4728212654590606,0.6481658220291138,0.6634182333946228,0.5140252113342285,0.3001260161399841,0.5930230617523193,0.4737645387649536,0.5487306118011475,0.4742177128791809
0.2809180319309234,0.4965088665485382,0.4728212654590606,0.6481658220291138,0.6634182333946228,0.5140252113342285,0.3001260161399841,0.5930230617523193,0.4737645387649536,0.5487306118011475,0.4742177128791809
0.2809180319309234,0.4965088665485382,0.4728212654590606,0.6481658220291138,0.6634182333946228,0.5140252113342285,0.3001260161399841,0.5930230617523193,0.4737645387649536,0.5487306118011475,0.4742177128791809
0.2809180319309234,0.4965088665485382,0.4728212654590606,0.6481658220291138,0.6634182333946228,0.5140252113342285,0.3001260161399841,0.5930230617523193,0.4737645387649536,0.5487306118011475,0.4742177128791809
0.2809180319309234,0.4965088665485382,0.4728212654590606,0.6481658220291138,0.6634182333946228,0.5140252113342285,0.3001260161399841,0.5930230617523193,0.4737645387649536,0.5487306118011475,0.4742177128791809
0.2809180319309234,0.4965088665485382,0.4728212654590606,0.6481658220291138,0.6634182333946228,0.5140252113342285,0.3001260161399841,0.5930230617523193,0.4737645387649536,0.5487306118011475,0.4742177128791809
0.2809180319309234,0.4965088665485382,0.4728212654590606,0.6481658220291138,0.6634182333946228,0.5140252113342285,0.3001260161399841,0.5930230617523193,0.4737645387649536,0.5487306118011475,0.4742177128791809
0.2809180319309234,0.4965088665485382,0.4728212654590606,0.6481658220291138,0.6634182333946228,0.5140252113342285,0.3001260161399841,0.5930230617523193,0.4737645387649536,0.5487306118011475,0.4742177128791809
0.2809180319309234,0.4965088665485382,0.4728212654590606,0.6481658220291138,0.6634182333946228,0.5140252113342285,0.3001260161399841,0.5930230617523193,0.4737645387649536,0.5487306118011475,0.4742177128791809
0.2809180319309234,0.4965088665485382,0.4728212654590606,0.6481658220291138,0.6634182333946228,0.5140252113342285,0.3001260161399841,0.5930230617523193,0.4737645387649536,0.5487306118011475,0.4742177128791809
0.2809180319309234,0.4965088665485382,0.4728212654590606,0.6481658220291138,0.6634182333946228,0.5140252113342285,0.3001260161399841,0.5930230617523193,0.4737645387649536,0.5487306118011475,0.4742177128791809
0.2809180319309234,0.4965088665485382,0.4728212654590606,0.6481658220291138,0.6634182333946228,0.5140252113342285,0.3001260161399841,0.5930230617523193,0.4737645387649536,0.5487306118011475,0.4742177128791809
0.2809180319309234,0.4965088665485382,0.4728212654590606,0.6481658220291138,0.6634182333946228,0.5140252113342285,0.3001260161399841,0.5930230617523193,0.4737645387649536,0.5487306118011475,0.4742177128791809
0.2809180319309234,0.4965088665485382,0.4728212654590606,0.6481658220291138,0.6634182333946228,0.5140252113342285,0.3001260161399841,0.5930230617523193,0.4737645387649536,0.5487306118011475,0.4742177128791809
0.2809180319309234,0.4965088665485382,0.4728212654590606,0.6481658220291138,0.6634182333946228,0.5140252113342285,0.3001260161399841,0.5930230617523193,0.4737645387649536,0.5487306118011475,0.4742177128791809
0.2809180319309234,0.4965088665485382,0.4728212654590606,0.6481658220291138,0.6634182333946228,0.5140252113342285,0.3001260161399841,0.5930230617523193,0.4737645387649536,0.5487306118011475,0.4742177128791809
0.2809180319309234,0.4965088665485382,0.4728212654590606,0.6481658220291138,0.6634182333946228,0.5140252113342285,0.3001260161399841,0.5930230617523193,0.4737645387649536,0.5487306118011475,0.4742177128791809
0.2809180319309234,0.4965088665485382,0.4728212654590606,0.6481658220291138,0.6634182333946228,0.5140252113342285,0.3001260161399841,0.5930230617523193,0.4737645387649536,0.5487306118011475,0.4742177128791809
0.2809180319309234,0.4965088665485382,0.4728212654590606,0.6481658220291138,0.6634182333946228,0.5140252113342285,0.3001260161399841,0.5930230617523193,0.4737645387649536,0.5487306118011475,0.4742177128791809
0.2809180319309234,0.4965088665485382,0.4728212654590606,0.6481658220291138,0.6634182333946228,0.5140252113342285,0.3001260161399841,0.5930230617523193,0.4737645387649536,0.5487306118011475,0.4742177128791809
0.2809180319309234,0.4965088665485382,0.4728212654590606,0.6481658220291138,0.6634182333946228,0.5140252113342285,0.3001260161399841,0.5930230617523193,0.4737645387649536,0.5487306118011475,0.4742177128791809
0.2809180319309234,0.4965088665485382,0.4728212654590606,0.6481658220291138,0.6634182333946228,0.5140252113342285,0.3001260161399841,0.5930230617523193,0.4737645387649536,0.5487306118011475,0.4742177128791809
0.2809180319309234,0.4965088665485382,0.4728212654590606,0.6481658220291138,0.6634182333946228,0.5140252113342285,0.3001260161399841,0.5930230617523193,0.4737645387649536,0.5487306118011475,0.4742177128791809
0.2809180319309234,0.4965088665485382,0.4728212654590606,0.6481658220291138,0.6634182333946228,0.5140252113342285,0.3001260161399841,0.5930230617523193,0.4737645387649536,0.5487306118011475,0.4742177128791809
0.2809180319309234,0.4965088665485382,0.4728212654590606,0.6481658220291138,0.6634182333946228,0.5140252113342285,0.3001260161399841,0.5930230617523193,0.4737645387649536,0.5487306118011475,0.4742177128791809
0.2809180319309234,0.4965088665485382,0.4728212654590606,0.6481658220291138,0.6634182333946228,0.5140252113342285,0.3001260161399841,0.5930230617523193,0.4737645387649536,0.5487306118011475,0.4742177128791809
0.2809180319309234,0.4965088665485382,0.4728212654590606,0.6481658220291138,0.6634182333946228,0.5140252113342285,0.3001260161399841,0.5930230617523193,0.4737645387649536,0.5487306118011475,0.4742177128791809
0.2809180319309234,0.4965088665485382,0.4728212654590606,0.6481658220291138,0.6634182333946228,0.5140252113342285,0.3001260161399841,0.5930230617523193,0.4737645387649536,0.5487306118011475,0.4742177128791809
0.2809180319309234,0.4965088665485382,0.4728212654590606,0.6481658220291138,0.6634182333946228,0.5140252113342285,0.3001260161399841,0.5930230617523193,0.4737645387649536,0.5487306118011475,0.4742177128791809
0.2809180319309234,0.4965088665485382,0.4728212654590606,0.6481658220291138,0.6634182333946228,0.5140252113342285,0.3001260161399841,0.5930230617523193,0.4737645387649536,0.5487306118011475,0.4742177128791809
0.2809180319309234,0.4965088665485382,0.4728212654590606,0.6481658220291138,0.6634182333946228,0.5140252113342285,0.3001260161399841,0.5930230617523193,0.4737645387649536,0.5487306118011475,0.4742177128791809
0.2809180319309234,0.4965088665485382,0.4728212654590606,0.6481658220291138,0.6634182333946228,0.5140252113342285,0.3001260161399841,0.5930230617523193,0.4737645387649536,0.5487306118011475,0.4742177128791809
0.2809180319309234,0.4965088665485382,0.4728212654590606,0.6481658220291138,0.6634182333946228,0.5140252113342285,0.3001260161399841,0.5930230617523193,0.4737645387649536,0.5487306118011475,0.4742177128791809
0.2809180319309234,0.4965088665485382,0.4728212654590606,0.6481658220291138,0.6634182333946228,0.5140252113342285,0.3001260161399841,0.5930230617523193,0.4737645387649536,0.5487306118011475,0.4742177128791809
0.2809180319309234,0.4965088665485382,0.4728212654590606,0.6481658220291138,0.6634182333946228,0.5140252113342285,0.3001260161399841,0.5930230617523193,0.4737645387649536,0.5487306118011475,0.4742177128791809
0.2809180319309234,0.4965088665485382,0.4728212654590606,0.6481658220291138,0.6634182333946228,0.5140252113342285,0.3001260161399841,0.5930230617523193,0.4737645387649536,0.5487306118011475,0.4742177128791809
0.2809180319309234,0.4965088665485382,0.4728212654590606,0.6481658220291138,0.6634182333946228,0.5140252113342285,0.3001260161399841,0.5930230617523193,0.4737645387649536,0.5487306118011475,0.4742177128791809
0.2809180319309234,0.4965088665485382,0.4728212654590606,0.6481658220291138,0.6634182333946228,0.5140252113342285,0.3001260161399841,0.5930230617523193,0.4737645387649536,0.5487306118011475,0.4742177128791809
0.2809180319309234,0.4965088665485382,0.4728212654590606,0.6481658220291138,0.6634182333946228,0.5140252113342285,0.3001260161399841,0.5930230617523193,0.4737645387649536,0.5487306118011475,0.4742177128791809
0.2809180319309234,0.4965088665485382,0.4728212654590606,0.6481658220291138,0.6634182333946228,0.5140252113342285,0.3001260161399841,0.5930230617523193,0.4737645387649536,0.5487306118011475,0.4742177128791809
0.2809180319309234,0.4965088665485382,0.4728212654590606,0.6481658220291138,0.6634182333946228,0.5140252113342285,0.3001260161399841,0.5930230617523193,0.4737645387649536,0.5487306118011475,0.4742177128791809
0.2809180319309234,0.4965088665485382,0.4728212654590606,0.6481658220291138,0.6634182333946228,0.5140252113342285,0.3001260161399841,0.5930230617523193,0.4737645387649536,0.5487306118011475,0.4742177128791809
0.2809180319309234,0.4965088665485382,0.4728212654590606,0.6481658220291138,0.6634182333946228,0.5140252113342285,0.3001260161399841,0.5930230617523193,0.4737645387649536,0.5487306118011475,0.4742177128791809
0.2809180319309234,0.4965088665485382,0.4728212654590606,0.6481658220291138,0.6634182333946228,0.5140252113342285,0.3001260161399841,0.5930230617523193,0.4737645387649536,0.5487306118011475,0.4742177128791809
0.2809180319309234,0.4965088665485382,0.4728212654590606,0.6481658220291138,0.6634182333946228,0.5140252113342285,0.3001260161399841,0.5930230617523193,0.4737645387649536,0.5487306118011475,0.4742177128791809
0.2809180319309234,0.4965088665485382,0.4728212654590606,0.6481658220291138,0.6634182333946228,0.5140252113342285,0.3001260161399841,0.5930230617523193,0.4737645387649536,0.5487306118011475,0.4742177128791809
0.2809180319309234,0.4965088665485382,0.4728212654590606,0.6481658220291138,0.6634182333946228,0.5140252113342285,0.3001260161399841,0.5930230617523193,0.4737645387649536,0.5487306118011475,0.4742177128791809
0.2809180319309234,0.4965088665485382,0.4728212654590606,0.6481658220291138,0.6634182333946228,0.5140252113342285,0.3001260161399841,0.5930230617523193,0.4737645387649536,0.5487306118011475,0.4742177128791809
0.2809180319309234,0.4965088665485382,0.4728212654590606,0.6481658220291138,0.6634182333946228,0.5140252113342285,0.3001260161399841,0.5930230617523193,0.4737645387649536,0.5487306118011475,0.4742177128791809
0.2809180319309234,0.4965088665485382,0.4728212654590606,0.6481658220291138,0.6634182333946228,0.5140252113342285,0.3001260161399841,0.5930230617523193,0.4737645387649536,0.5487306118011475,0.4742177128791809
0.2809180319309234,0.4965088665485382,0.4728212654590606,0.6481658220291138,0.6634182333946228,0.5140252113342285,0.3001260161399841,0.5930230617523193,0.4737645387649536,0.5487306118011475,0.4742177128791809
0.2809180319309234,0.4965088665485382,0.4728212654590606,0.6481658220291138,0.6634182333946228,0.5140252113342285,0.3001260161399841,0.5930230617523193,0.4737645387649536,0.5487306118011475,0.4742177128791809
0.2809180319309234,0.4965088665485382,0.4728212654590606,0.6481658220291138,0.6634182333946228,0.5140252113342285,0.3001260161399841,0.5930230617523193,0.4737645387649536,0.5487306118011475,0.4742177128791809
0.2809180319309234,0.4965088665485382,0.4728212654590606,0.6481658220291138,0.6634182333946228,0.5140252113342285,0.3001260161399841,0.5930230617523193,0.4737645387649536,0.5487306118011475,0.4742177128791809
0.2809180319309234,0.4965088665485382,0.4728212654590606,0.6481658220291138,0.6634182333946228,0.5140252113342285,0.3001260161399841,0.5930230617523193,0.4737645387649536,0.5487306118011475,0.4742177128791809
0.2809180319309234,0.4965088665485382,0.4728212654590606,0.6481658220291138,0.6634182333946228,0.5140252113342285,0.3001260161399841,0.5930230617523193,0.4737645387649536,0.5487306118011475,0.4742177128791809
0.2809180319309234,0.4965088665485382,0.4728212654590606,0.6481658220291138,0.6634182333946228,0.5140252113342285,0.3001260161399841,0.5930230617523193,0.4737645387649536,0.5487306118011475,0.4742177128791809
0.2809180319309234,0.4965088665485382,0.4728212654590606,0.6481658220291138,0.6634182333946228,0.5140252113342285,0.3001260161399841,0.5930230617523193,0.4737645387649536,0.5487306118011475,0.4742177128791809
0.2809180319309234,0.4965088665485382,0.4728212654590606,0.6481658220291138,0.6634182333946228,0.5140252113342285,0.3001260161399841,0.5930230617523193,0.4737645387649536,0.5487306118011475,0.4742177128791809
0.2809180319309234,0.4965088665485382,0.4728212654590606,0.6481658220291138,0.6634182333946228,0.5140252113342285,0.3001260161399841,0.5930230617523193,0.4737645387649536,0.5487306118011475,0.4742177128791809
0.2809180319309234,0.4965088665485382,0.4728212654590606,0.6481658220291138,0.6634182333946228,0.5140252113342285,0.3001260161399841,0.5930230617523193,0.4737645387649536,0.5487306118011475,0.4742177128791809
0.2809180319309234,0.4965088665485382,0.4728212654590606,0.6481658220291138,0.6634182333946228,0.5140252113342285,0.3001260161399841,0.5930230617523193,0.4737645387649536,0.5487306118011475,0.4742177128791809
0.2809180319309234,0.4965088665485382,0.4728212654590606,0.6481658220291138,0.6634182333946228,0.5140252113342285,0.3001260161399841,0.5930230617523193,0.4737645387649536,0.5487306118011475,0.4742177128791809
0.2809180319309234,0.4965088665485382,0.4728212654590606,0.6481658220291138,0.6634182333946228,0.5140252113342285,0.3001260161399841,0.5930230617523193,0.4737645387649536,0.5487306118011475,0.4742177128791809
0.2809180319309234,0.4965088665485382,0.4728212654590606,0.6481658220291138,0.6634182333946228,0.5140252113342285,0.3001260161399841,0.5930230617523193,0.4737645387649536,0.5487306118011475,0.4742177128791809
0.2809180319309234,0.4965088665485382,0.4728212654590606,0.6481658220291138,0.6634182333946228,0.5140252113342285,0.3001260161399841,0.5930230617523193,0.4737645387649536,0.5487306118011475,0.4742177128791809
0.2809180319309234,0.4965088665485382,0.4728212654590606,0.6481658220291138,0.6634182333946228,0.5140252113342285,0.3001260161399841,0.5930230617523193,0.4737645387649536,0.5487306118011475,0.4742177128791809
0.2809180319309234,0.4965088665485382,0.4728212654590606,0.6481658220291138,0.6634182333946228,0.5140252113342285,0.3001260161399841,0.5930230617523193,0.4737645387649536,0.5487306118011475,0.4742177128791809
0.2809180319309234,0.4965088665485382,0.4728212654590606,0.6481658220291138,0.6634182333946228,0.5140252113342285,0.3001260161399841,0.5930230617523193,0.4737645387649536,0.5487306118011475,0.4742177128791809
0.2809180319309234,0.4965088665485382,0.4728212654590606,0.6481658220291138,0.6634182333946228,0.5140252113342285,0.3001260161399841,0.5930230617523193,0.4737645387649536,0.5487306118011475,0.4742177128791809
0.2809180319309234,0.4965088665485382,0.4728212654590606,0.6481658220291138,0.6634182333946228,0.5140252113342285,0.3001260161399841,0.5930230617523193,0.4737645387649536,0.5487306118011475,0.4742177128791809
0.2809180319309234,0.4965088665485382,0.4728212654590606,0.6481658220291138,0.6634182333946228,0.5140252113342285,0.3001260161399841,0.5930230617523193,0.4737645387649536,0.5487306118011475,0.4742177128791809
0.2809180319309234,0.4965088665485382,0.4728212654590606,0.6481658220291138,0.6634182333946228,0.5140252113342285,0.3001260161399841,0.5930230617523193,0.4737645387649536,0.5487306118011475,0.4742177128791809
0.2809180319309234,0.4965088665485382,0.4728212654590606,0.6481658220291138,0.6634182333946228,0.5140252113342285,0.3001260161399841,0.5930230617523193,0.4737645387649536,0.5487306118011475,0.4742177128791809
0.2809180319309234,0.4965088665485382,0.4728212654590606,0.6481658220291138,0.6634182333946228,0.5140252113342285,0.3001260161399841,0.5930230617523193,0.4737645387649536,0.5487306118011475,0.4742177128791809
0.2809180319309234,0.4965088665485382,0.4728212654590606,0.6481658220291138,0.6634182333946228,0.5140252113342285,0.3001260161399841,0.5930230617523193,0.4737645387649536,0.5487306118011475,0.4742177128791809
0.2809180319309234,0.4965088665485382,0.4728212654590606,0.6481658220291138,0.6634182333946228,0.5140252113342285,0.3001260161399841,0.5930230617523193,0.4737645387649536,0.5487306118011475,0.4742177128791809
0.2809180319309234,0.4965088665485382,0.4728212654590606,0.6481658220291138,0.6634182333946228,0.5140252113342285,0.3001260161399841,0.5930230617523193,0.4737645387649536,0.5487306118011475,0.4742177128791809
0.2809180319309234,0.4965088665485382,0.4728212654590606,0.6481658220291138,0.6634182333946228,0.5140252113342285,0.3001260161399841,0.5930230617523193,0.4737645387649536,0.5487306118011475,0.4742177128791809
0.2809180319309234,0.4965088665485382,0.4728212654590606,0.6481658220291138,0.6634182333946228,0.5140252113342285,0.3001260161399841,0.5930230617523193,0.4737645387649536,0.5487306118011475,0.4742177128791809
0.2809180319309234,0.4965088665485382,0.4728212654590606,0.6481658220291138,0.6634182333946228,0.5140252113342285,0.3001260161399841,0.5930230617523193,0.4737645387649536,0.5487306118011475,0.4742177128791809
0.2809180319309234,0.4965088665485382,0.4728212654590606,0.6481658220291138,0.6634182333946228,0.5140252113342285,0.3001260161399841,0.5930230617523193,0.4737645387649536,0.5487306118011475,0.4742177128791809
0.2809180319309234,0.4965088665485382,0.4728212654590606,0.6481658220291138,0.6634182333946228,0.5140252113342285,0.3001260161399841,0.5930230617523193,0.4737645387649536,0.5487306118011475,0.4742177128791809
0.2809180319309234,0.4965088665485382,0.4728212654590606,0.6481658220291138,0.6634182333946228,0.5140252113342285,0.3001260161399841,0.5930230617523193,0.4737645387649536,0.5487306118011475,0.4742177128791809
0.2809180319309234,0.4965088665485382,0.4728212654590606,0.6481658220291138,0.6634182333946228,0.5140252113342285,0.3001260161399841,0.5930230617523193,0.4737645387649536,0.5487306118011475,0.4742177128791809
0.2809180319309234,0.4965088665485382,0.4728212654590606,0.6481658220291138,0.6634182333946228,0.5140252113342285,0.3001260161399841,0.5930230617523193,0.4737645387649536,0.5487306118011475,0.4742177128791809
0.2809180319309234,0.4965088665485382,0.4728212654590606,0.6481658220291138,0.6634182333946228,0.5140252113342285,0.3001260161399841,0.5930230617523193,0.4737645387649536,0.5487306118011475,0.4742177128791809
0.2809180319309234,0.4965088665485382,0.4728212654590606,0.6481658220291138,0.6634182333946228,0.5140252113342285,0.3001260161399841,0.5930230617523193,0.4737645387649536,0.5487306118011475,0.4742177128791809
0.2809180319309234,0.4965088665485382,0.4728212654590606,0.6481658220291138,0.6634182333946228,0.5140252113342285,0.3001260161399841,0.5930230617523193,0.4737645387649536,0.5487306118011475,0.4742177128791809
0.2809180319309234,0.4965088665485382,0.4728212654590606,0.6481658220291138,0.6634182333946228,0.5140252113342285,0.3001260161399841,0.5930230617523193,0.4737645387649536,0.5487306118011475,0.4742177128791809
0.2809180319309234,0.4965088665485382,0.4728212654590606,0.6481658220291138,0.6634182333946228,0.5140252113342285,0.3001260161399841,0.5930230617523193,0.4737645387649536,0.5487306118011475,0.4742177128791809
0.2589454054832458,0.3548426032066345,0.3033912777900696,0.4735920429229736,0.3286877274513244,0.3522160649299621,0.2582360208034515,0.2796041965484619,0.324629008769989,0.2663831114768982,0.3323519825935364
0.2587733268737793,0.3545641899108886,0.304364264011383,0.4730613529682159,0.3285573720932007,0.3519629836082458,0.2580036222934723,0.2797760963439941,0.3243957161903381,0.2662349343299866,0.3321131467819214
0.2586012482643127,0.3542857766151428,0.3053371906280517,0.4725306034088135,0.3284269273281097,0.3517098724842071,0.2577711939811706,0.279947966337204,0.324162483215332,0.2660867571830749,0.3318743109703064
0.2584291696548462,0.3540073335170746,0.3063101768493652,0.4719998836517334,0.3282965123653412,0.3514567911624908,0.2575387954711914,0.2801198363304138,0.3239291906356811,0.2659385800361633,0.3316355347633362
0.2582570910453796,0.3537288904190063,0.3072831034660339,0.4714691638946533,0.3281660974025726,0.3512037098407745,0.2573063671588897,0.2802917063236236,0.3236959278583526,0.2657904028892517,0.3313966989517212
0.2580850124359131,0.3534504771232605,0.3082560896873474,0.4709384441375732,0.3280357122421264,0.3509506285190582,0.2570739686489105,0.2804636061191559,0.3234626650810241,0.2656422257423401,0.3311578929424286
0.2579129338264465,0.3531720638275146,0.3092290163040161,0.4704077243804931,0.3279052972793579,0.3506975173950195,0.2568415403366089,0.2806354761123657,0.3232294023036957,0.2654939889907837,0.330919086933136
0.25774085521698,0.3528936207294464,0.3102019727230072,0.4698770046234131,0.3277748823165893,0.3504444360733032,0.2566091418266296,0.2808073461055755,0.3229961097240448,0.2653458416461944,0.330680251121521
0.2575687766075134,0.3526152074337005,0.3111749291419983,0.4693462550640106,0.3276444673538208,0.3501913547515869,0.256376713514328,0.2809792160987854,0.3227628767490387,0.2651976644992828,0.3304414451122284
0.2573966979980469,0.3523367643356323,0.3121479153633117,0.4688155055046081,0.3275140821933746,0.3499382436275482,0.2561443150043487,0.2811511158943176,0.3225295841693878,0.2650494575500488,0.3302026391029358
0.2572246193885803,0.3520583510398865,0.3131208419799804,0.4682848155498504,0.3273836672306061,0.3496851623058319,0.2559118568897247,0.2813229858875274,0.3222963213920593,0.2649012804031372,0.3299638032913208
0.2570525109767914,0.3517799377441406,0.3140937983989715,0.4677541255950928,0.3272532820701599,0.3494320809841156,0.2556794583797455,0.2814948558807373,0.3220630586147308,0.2647531032562256,0.3297250270843506
0.2568804323673248,0.3515015244483948,0.3150667548179626,0.4672233462333679,0.3271228671073913,0.3491789996623993,0.2554470598697662,0.2816667258739471,0.3218297958374023,0.2646049261093139,0.3294861912727356
0.2567083537578583,0.3512230515480041,0.3160397112369537,0.4666926264762878,0.3269924819469452,0.3489258885383606,0.255214661359787,0.2818386256694793,0.3215965330600738,0.2644567191600799,0.3292473554611206
0.2565362751483917,0.3509446382522583,0.3170126676559448,0.4661619067192077,0.3268620669841766,0.3486728072166443,0.2549822330474853,0.2820105254650116,0.3213632702827453,0.2643085420131683,0.329008549451828
0.2563641965389251,0.3506662547588348,0.3179856240749359,0.4656311869621277,0.3267316520214081,0.348419725894928,0.2547498047351837,0.2821823954582214,0.3211300075054168,0.2641603648662567,0.328769713640213
0.2561921179294586,0.3503877818584442,0.318958580493927,0.4651004672050476,0.3266012668609619,0.3481666445732116,0.2545174062252044,0.2823542356491089,0.3208967447280884,0.2640121579170227,0.3285309076309204
0.2560200095176697,0.3501093685626983,0.3199315071105957,0.4645697176456451,0.3264708518981933,0.347913533449173,0.2542849779129028,0.2825261354446411,0.3206634521484375,0.2638640105724334,0.3282921016216278
0.2558479309082031,0.3498309850692749,0.3209044933319092,0.4640390276908874,0.3263404369354248,0.3476604521274566,0.2540525496006012,0.2826980054378509,0.320430189371109,0.2637158036231994,0.3280532956123352
0.2556758522987366,0.3495525121688843,0.3218774497509002,0.4635083079338074,0.3262100219726562,0.3474073708057403,0.2538201212882995,0.2828699052333832,0.3201969265937805,0.2635676264762878,0.3278144598007202
0.25550377368927,0.3492740988731384,0.3228504061698913,0.4629775881767273,0.3260796070098877,0.3471542596817016,0.2535877227783203,0.283041775226593,0.319963663816452,0.2634194493293762,0.3275756537914276
0.2553316950798034,0.3489956855773926,0.32382333278656,0.4624468088150024,0.3259492218494415,0.3469011783599853,0.2533552944660187,0.2832136452198028,0.3197304010391235,0.2632712423801422,0.3273368179798126
0.2551596164703369,0.3487172424793243,0.3247963190078735,0.4619160890579223,0.3258188366889953,0.346648097038269,0.2531228959560394,0.2833855152130127,0.319497138261795,0.2631230652332306,0.32709801197052
0.2549875676631927,0.3484388291835785,0.3257692456245422,0.4613853693008423,0.3256883919239044,0.3463950157165527,0.2528904676437378,0.2835574150085449,0.3192638456821441,0.2629748880863189,0.3268592059612274
0.2548154592514038,0.3481603860855102,0.3267422318458557,0.4608546495437622,0.3255580067634582,0.346141904592514,0.2526580691337585,0.2837292850017547,0.319030612707138,0.2628266811370849,0.3266203999519348
0.2546433806419372,0.3478819727897644,0.3277151882648468,0.4603239297866821,0.3254275918006897,0.3458888232707977,0.2524256706237793,0.2839011549949646,0.3187973201274872,0.2626785039901733,0.3263815641403198
0.2544713020324707,0.3476035594940185,0.3286881446838379,0.459793210029602,0.3252971768379211,0.3456357419490814,0.2521932721138,0.2840730249881744,0.3185640573501587,0.2625303268432617,0.3261427581310272
0.2542992234230041,0.3473250865936279,0.329661101102829,0.459262490272522,0.3251667618751526,0.3453826308250427,0.2519608438014984,0.2842448949813843,0.3183307945728302,0.2623821496963501,0.3259039223194122
0.2541271448135376,0.3470467031002044,0.33063405752182,0.4587317705154419,0.3250363767147064,0.3451295495033264,0.2517284452915191,0.2844167947769165,0.3180975317955017,0.2622339725494385,0.3256651163101196
0.253955066204071,0.3467682600021362,0.3316069841384887,0.4582010209560394,0.3249059915542602,0.3448764681816101,0.2514960169792175,0.2845886945724487,0.3178642392158508,0.2620857357978821,0.3254262804985046
0.2537829875946045,0.346489816904068,0.3325799703598022,0.4576703310012817,0.3247755765914917,0.3446233868598938,0.2512636184692383,0.2847605347633362,0.3176310062408447,0.2619375884532928,0.325187474489212
0.2536109089851379,0.3462114334106445,0.3335529267787933,0.4571395516395569,0.3246451616287231,0.3443702757358551,0.2510311901569366,0.284932404756546,0.3173977136611938,0.2617894113063812,0.3249486684799194
0.2534388303756714,0.3459329903125763,0.3345258831977844,0.4566088616847992,0.3245147466659546,0.3441171944141388,0.2507987916469574,0.2851042747497558,0.3171644806861877,0.2616412043571472,0.3247098624706268
0.2532667219638824,0.345654547214508,0.3354988098144531,0.4560781121253967,0.324384331703186,0.3438641130924225,0.2505663633346557,0.2852762043476105,0.3169311881065368,0.2614930272102356,0.3244710564613342
0.2530946433544159,0.3453761339187622,0.3364717960357666,0.4555473923683166,0.3242539763450622,0.3436110317707062,0.2503339350223541,0.2854480743408203,0.3166979253292084,0.261344850063324,0.3242322206497192
0.2529225647449493,0.3450977206230163,0.3374447226524353,0.4550166726112366,0.3241235613822937,0.3433579206466675,0.2501015067100525,0.2856199145317077,0.3164646625518799,0.2611966729164123,0.3239934146404266
0.2527504861354828,0.3448192775249481,0.3384177088737488,0.4544859528541565,0.3239931464195251,0.3431048393249511,0.2498691082000732,0.2857917845249176,0.3162313997745514,0.2610484659671783,0.3237545788288116
0.2525784075260162,0.3445408344268799,0.3393906652927398,0.4539552330970764,0.3238627314567566,0.3428517580032348,0.2496366947889328,0.2859637141227722,0.3159981369972229,0.2609002888202667,0.323515772819519
0.2524063289165497,0.344262421131134,0.3403636217117309,0.4534244835376739,0.323732316493988,0.3425986468791961,0.2494042813777923,0.286135584115982,0.315764844417572,0.2607521414756775,0.3232769668102264
0.2522342801094055,0.3439840078353882,0.3413365483283996,0.4528937935829162,0.3236019015312195,0.3423455655574798,0.2491718679666519,0.2863074541091919,0.3155316114425659,0.2606039047241211,0.3230381608009338
0.2520621716976166,0.3437055647373199,0.3423095047473907,0.4523630738258362,0.3234714865684509,0.3420924842357635,0.2489394545555114,0.2864792943000793,0.315298318862915,0.2604557573795318,0.3227993249893188
0.25189009308815,0.3434271514415741,0.3432824611663818,0.4518322944641113,0.3233411014080047,0.3418394029140472,0.248707041144371,0.2866511940956116,0.3150650560855865,0.2603075504302978,0.3225605189800262
0.2517180144786834,0.3431487083435058,0.3442554473876953,0.4513015747070312,0.3232107162475586,0.3415862917900085,0.2484746277332306,0.2868230938911438,0.314831793308258,0.2601593732833862,0.3223217129707336
0.2515459060668945,0.34287029504776,0.3452284038066864,0.4507708847522735,0.32308030128479,0.3413332104682922,0.2482422143220901,0.2869949638843536,0.3145985305309295,0.2600111663341522,0.3220828771591186
0.251373827457428,0.3425918817520141,0.3462013602256775,0.4502401351928711,0.3229498863220215,0.3410801291465759,0.2480098009109497,0.2871668338775635,0.3143652677536011,0.259863018989563,0.321844071149826
0.2512017488479614,0.3423134386539459,0.3471742868423462,0.449709415435791,0.3228194713592529,0.3408270180225372,0.2477773874998092,0.2873387038707733,0.3141320049762726,0.259714812040329,0.3216052651405334
0.2510296702384949,0.3420350253582001,0.3481472432613373,0.4491786658763885,0.3226890563964844,0.3405739367008209,0.2475449740886688,0.2875106036663055,0.3138987421989441,0.2595666348934173,0.3213664293289184
0.2508575916290283,0.3417565822601318,0.3491202294826507,0.4486479759216308,0.3225586712360382,0.3403208553791046,0.2473125606775283,0.2876824736595154,0.3136654496192932,0.2594184577465057,0.3211276233196258
0.2506855130195617,0.341478168964386,0.3500931859016418,0.4481172561645508,0.322428286075592,0.3400677740573883,0.2470801472663879,0.2878543436527252,0.3134322166442871,0.2592702507972717,0.3208888173103332
0.2505134344100952,0.3411997556686401,0.3510661125183105,0.4475865364074707,0.3222978711128235,0.3398146629333496,0.2468477338552475,0.288026213645935,0.3131989240646362,0.2591220736503601,0.3206499814987182
0.2503413558006286,0.3409212827682495,0.352039098739624,0.4470557868480682,0.3221674561500549,0.3395615816116333,0.2466153055429458,0.2881980836391449,0.3129656612873077,0.2589738965034485,0.3204111456871032
0.2501692771911621,0.340642899274826,0.3530120253562927,0.4465250968933105,0.3220370411872864,0.339308500289917,0.2463828921318054,0.2883699834346771,0.3127323985099792,0.2588257193565368,0.320172369480133
0.2499971985816955,0.3403644561767578,0.3539849817752838,0.4459943473339081,0.3219066262245178,0.3390554189682007,0.2461504787206649,0.2885418534278869,0.3124991357326507,0.2586775422096252,0.319933533668518
0.2498251050710678,0.3400860130786896,0.3549579381942749,0.4454635977745056,0.3217762112617492,0.338802307844162,0.2459180653095245,0.2887137234210968,0.3122658431529999,0.2585293352603912,0.3196947276592254
0.2496530264616012,0.3398076295852661,0.3559309244155884,0.4449328780174255,0.3216458261013031,0.3385492265224457,0.2456856518983841,0.288885623216629,0.3120326101779938,0.2583811581134796,0.3194558918476105
0.2494809478521347,0.3395291566848755,0.3569038510322571,0.4444021582603454,0.3215154409408569,0.3382961452007293,0.2454532533884048,0.2890574932098388,0.3117993175983429,0.2582329511642456,0.3192170858383178
0.2493088543415069,0.3392507433891296,0.3578768074512481,0.4438714385032654,0.3213850259780884,0.3380430340766907,0.2452208399772644,0.2892293632030487,0.3115660548210144,0.258084774017334,0.3189782500267029
0.2491368055343628,0.3389723598957062,0.3588497638702392,0.4433407187461853,0.3212546110153198,0.3377899527549743,0.2449884265661239,0.2894012331962585,0.3113327920436859,0.2579365968704223,0.3187394440174103
0.248964712023735,0.3386938869953155,0.3598227500915527,0.4428099989891052,0.3211241960525512,0.337536871433258,0.2447560131549835,0.2895731329917907,0.3110995292663574,0.2577884197235107,0.3185006380081177
0.2487926185131073,0.3384154736995697,0.3607956767082214,0.4422792792320251,0.3209937810897827,0.3372837901115417,0.244523599743843,0.2897450029850006,0.3108662664890289,0.2576402127742767,0.3182618319988251
0.2486205399036407,0.3381370306015014,0.3617686331272125,0.4417485296726227,0.3208633959293365,0.337030678987503,0.2442911863327026,0.2899168729782104,0.3106330037117004,0.2574920654296875,0.3180229961872101
0.2484484612941742,0.3378586173057556,0.3627415895462036,0.4412177801132202,0.3207330107688904,0.3367775976657867,0.2440587729215622,0.2900887429714203,0.3103997111320495,0.2573438584804535,0.3177841901779175
0.2482763826847076,0.3375802040100097,0.3637145459651947,0.4406870603561401,0.3206025958061218,0.3365245163440704,0.2438263595104217,0.2902606427669525,0.3101664781570434,0.2571956515312195,0.3175453841686249
0.2481043040752411,0.3373017311096191,0.3646875023841858,0.44015634059906,0.3204721808433532,0.3362714052200317,0.2435939460992813,0.2904325127601623,0.3099331855773926,0.2570475041866302,0.3173065483570099
0.2479322254657745,0.3370233476161957,0.3656604588031769,0.43962562084198,0.3203417658805847,0.3360183238983154,0.2433615326881408,0.2906044125556946,0.3096999526023865,0.2568993270397186,0.3170677423477173
0.2477601468563079,0.3367449343204498,0.3666334152221679,0.4390949010848999,0.3202113807201385,0.3357652425765991,0.2431291192770004,0.290776252746582,0.3094666600227356,0.2567511200904846,0.3168289363384247
0.2475880533456802,0.3364664614200592,0.367606371641159,0.4385641813278198,0.3200809955596924,0.3355121612548828,0.2428966909646988,0.2909481525421142,0.3092334270477295,0.256602942943573,0.3165901303291321
0.2474159747362136,0.3361880779266357,0.3685793280601501,0.4380334317684173,0.3199505805969238,0.3352590501308441,0.2426642775535583,0.2911200225353241,0.3090001344680786,0.2564547657966614,0.3163512945175171
0.2472438961267471,0.3359096348285675,0.3695522546768188,0.4375027418136596,0.3198201656341553,0.3350059688091278,0.2424318641424179,0.2912918925285339,0.3087668716907501,0.2563065588474273,0.3161124587059021
0.2470718026161193,0.3356311917304992,0.3705252408981323,0.4369719922542572,0.3196897506713867,0.3347528874874115,0.2421994507312774,0.2914637923240661,0.3085335791110992,0.2561583817005157,0.3158736526966095
0.2468997240066528,0.3353528082370758,0.3714981973171234,0.4364412724971771,0.3195593357086181,0.3344998061656952,0.2419670224189758,0.291635662317276,0.3083003163337707,0.2560102045536041,0.3156348466873169
0.2467276453971862,0.3350743651390075,0.3724711537361145,0.435910552740097,0.3194289207458496,0.3342466950416565,0.2417346090078354,0.2918075323104858,0.3080670535564422,0.2558619976043701,0.3153960406780243
0.2465555667877197,0.3347959220409393,0.3734440803527832,0.4353798329830169,0.319298505783081,0.3339936137199402,0.2415021955966949,0.2919794023036957,0.3078337907791137,0.2557138204574585,0.3151572346687317
0.2463834881782531,0.3345175087451935,0.3744170665740967,0.4348491132259369,0.3191680908203125,0.3337405323982239,0.2412697821855545,0.2921513020992279,0.3076005280017853,0.2555656433105469,0.3149183988571167
0.2462114095687866,0.3342390656471252,0.3753899931907654,0.4343183636665344,0.3190377056598663,0.3334874212741852,0.241037368774414,0.2923232018947601,0.3073672652244568,0.2554174661636352,0.3146795630455017
0.24603933095932,0.3339606523513794,0.3763629794120788,0.4337876439094543,0.3189072906970978,0.3332343399524688,0.2408049553632736,0.2924950420856476,0.3071339726448059,0.2552692890167236,0.3144407570362091
0.2458672523498535,0.3336822092533111,0.3773359060287475,0.4332568943500519,0.3187769055366516,0.3329812586307525,0.2405725568532943,0.2926669120788574,0.3069007396697998,0.255121111869812,0.3142019510269165
0.2456951737403869,0.3334038257598877,0.378308892250061,0.4327262043952942,0.318646490573883,0.3327281773090362,0.2403401434421539,0.2928387820720672,0.3066674470901489,0.254972904920578,0.3139631152153015
0.2455230951309204,0.3331253826618194,0.3792818188667297,0.4321954548358917,0.3185161054134369,0.3324750661849975,0.2401077300310135,0.2930107116699219,0.3064342141151428,0.254824697971344,0.3137243390083313
0.2453510165214538,0.3328469395637512,0.3802547752857208,0.431664764881134,0.3183857202529907,0.3322219848632812,0.239875316619873,0.2931825816631317,0.3062009215354919,0.2546765506267547,0.3134855031967163
0.2451789379119873,0.3325685262680053,0.3812277317047119,0.4311340153217315,0.3182553052902221,0.3319689035415649,0.2396429032087326,0.2933544218540191,0.3059676587581634,0.2545283436775207,0.3132466971874237
0.2450068593025207,0.3322900831699371,0.3822007179260254,0.4306032955646515,0.3181248903274536,0.3317157924175262,0.2394104897975921,0.293526291847229,0.3057343959808349,0.2543801665306091,0.3130078613758087
0.2448347508907318,0.3320116698741913,0.3831736445426941,0.4300725758075714,0.317994475364685,0.3314627110958099,0.2391780614852905,0.2936981916427612,0.3055011332035064,0.2542319893836975,0.3127690553665161
0.2446626722812652,0.3317332565784454,0.3841466307640075,0.4295418262481689,0.3178640604019165,0.3312096297740936,0.23894564807415,0.2938700914382934,0.305267870426178,0.2540838122367859,0.3125302195549011
0.2444905936717987,0.3314548134803772,0.3851195573806762,0.4290111064910888,0.3177336752414703,0.3309565484523773,0.2387132346630096,0.2940419614315033,0.3050346076488495,0.2539356052875519,0.3122914433479309
0.2443185150623321,0.3311764001846313,0.3860925436019897,0.4284803867340088,0.3176032602787018,0.3307034373283386,0.2384808212518692,0.2942138016223907,0.304801344871521,0.2537874281406402,0.3120526075363159
0.2441464364528656,0.3308979868888855,0.3870654702186584,0.4279496669769287,0.3174728751182556,0.3304503560066223,0.2382484078407287,0.294385701417923,0.3045680522918701,0.2536392509937286,0.3118138015270233
0.243974357843399,0.3306195437908172,0.3880384564399719,0.4274189472198486,0.317342460155487,0.330197274684906,0.2380159944295883,0.2945576012134552,0.3043347895145416,0.2534910440444946,0.3115749955177307
0.2438022643327713,0.3303411304950714,0.3890113830566406,0.4268881976604461,0.3172120451927185,0.3299441933631897,0.2377835810184478,0.294729471206665,0.3041015267372131,0.253342866897583,0.3113361597061157
0.2436302006244659,0.3300626575946808,0.3899843692779541,0.4263575077056885,0.3170816302299499,0.329691082239151,0.2375511676073074,0.2949013411998749,0.3038682639598846,0.2531946897506714,0.3110973238945007
0.2434581220149994,0.3297842741012573,0.3909572958946228,0.425826758146286,0.3169512152671814,0.3294380009174347,0.237318754196167,0.2950732111930847,0.3036350011825561,0.2530465126037597,0.3108585178852081
0.2432860434055328,0.3295058608055115,0.3919302523136139,0.4252960085868835,0.3168208003044128,0.3291849195957184,0.2370863407850265,0.2952451109886169,0.3034017384052276,0.2528983056545257,0.3106197118759155
0.2431139498949051,0.3292273879051208,0.392903208732605,0.4247653186321258,0.3166903853416443,0.3289318084716797,0.2368539273738861,0.2954169809818268,0.3031684756278991,0.2527501285076141,0.3103809058666229
0.2429418861865997,0.3289490044116974,0.3938761949539184,0.4242345690727234,0.3165600001811981,0.3286787271499634,0.2366215139627456,0.2955888509750366,0.3029351830482483,0.2526019513607025,0.3101420700550079
0.2427698075771331,0.3286705613136291,0.3948491215705871,0.4237038791179657,0.3164296150207519,0.328425645828247,0.2363891005516052,0.2957607507705688,0.3027019500732422,0.2524537444114685,0.3099032640457153
0.2425976991653442,0.3283921182155609,0.3958220779895782,0.4231731295585632,0.3162992000579834,0.3281725645065307,0.2361566871404647,0.2959325909614563,0.3024686574935913,0.2523055672645569,0.3096644282341003
0.2424256354570388,0.3281137347221374,0.3967950344085693,0.4226424396038055,0.3161687850952148,0.327919453382492,0.2359242737293243,0.2961044907569885,0.3022353947162628,0.2521573901176452,0.3094256520271301
0.2422535568475723,0.3278352618217468,0.3977679908275604,0.4221116900444031,0.3160383701324463,0.3276663720607757,0.2356918752193451,0.2962763607501983,0.3020021319389343,0.2520091831684112,0.3091868162155151
0.2420814633369445,0.327556848526001,0.3987409472465515,0.421580970287323,0.3159079849720001,0.3274132907390594,0.2354594469070434,0.2964482605457306,0.3017688691616058,0.251861035823822,0.3089480102062225
0.241909384727478,0.3272784650325775,0.3997139036655426,0.4210502207279205,0.3157775998115539,0.3271601796150207,0.235227033495903,0.2966201305389404,0.3015355765819549,0.2517128586769104,0.3087092041969299
0.2417373061180114,0.3269999921321869,0.4006868600845337,0.4205195307731628,0.3156471848487854,0.3269070982933044,0.2349946200847625,0.2967919707298279,0.3013023436069488,0.251564621925354,0.3084703683853149
0.2415652126073837,0.326721578836441,0.4016598165035248,0.4199887812137604,0.3155167698860168,0.3266540169715881,0.2347622066736221,0.2969638705253601,0.301069051027298,0.2514164745807647,0.3082315623760223
0.2413931339979171,0.3264431655406952,0.4026327729225158,0.4194580614566803,0.3153863549232483,0.3264009356498718,0.2345297932624817,0.2971357703208923,0.3008357882499695,0.2512682974338531,0.3079927265644073
0.2412210702896118,0.3261647224426269,0.4036057293415069,0.4189273416996002,0.3152559697628021,0.3261478245258331,0.2342973798513412,0.2973076403141022,0.300602525472641,0.2511200904846191,0.3077539205551147
0.2410489916801452,0.3258863091468811,0.404578685760498,0.4183965921401977,0.3151255548000335,0.3258947432041168,0.2340649664402008,0.297479510307312,0.3003692626953125,0.2509719133377075,0.3075151145458221
0.2408768832683563,0.3256078362464905,0.4055516123771667,0.41786590218544,0.3149951696395874,0.3256416618824005,0.2338325530290603,0.2976513803005218,0.300135999917984,0.2508237361907959,0.3072763085365295
0.2407048195600509,0.325329452753067,0.4065245985984802,0.4173351526260376,0.3148647546768188,0.3253885805606842,0.2336001396179199,0.2978232800960541,0.2999027371406555,0.2506755590438843,0.3070374727249145
0.2405327260494232,0.3250510394573211,0.4074975252151489,0.4168044328689575,0.3147343397140503,0.3251354694366455,0.2333677113056183,0.2979951500892639,0.2996694445610046,0.2505273520946502,0.3067986667156219
0.2403606474399566,0.3247725963592529,0.4084705114364624,0.4162737131118774,0.3146039247512817,0.3248823881149292,0.2331352978944778,0.2981670200824737,0.2994362115859985,0.2503791749477386,0.3065598309040069
0.2401885688304901,0.3244941830635071,0.4094434380531311,0.4157429933547973,0.3144735097885132,0.3246293067932129,0.2329028844833374,0.2983388900756836,0.2992029190063476,0.250230997800827,0.3063210248947143
0.2400165051221847,0.3242157399654388,0.4104164242744446,0.4152122735977173,0.3143430948257446,0.3243761956691742,0.2326704710721969,0.2985107600688934,0.2989696860313415,0.250082790851593,0.3060821890830993
0.239844411611557,0.3239372968673706,0.4113893508911133,0.4146815240383148,0.3142126798629761,0.3241231143474579,0.2324380576610565,0.2986826598644256,0.2987363934516907,0.2499346286058426,0.3058434128761291
0.2396723330020904,0.3236588835716247,0.4123623371124267,0.4141508042812347,0.3140823245048523,0.3238700330257416,0.232205644249916,0.2988545298576355,0.2985031604766845,0.2497864365577697,0.3056045770645141
0.2395002543926239,0.3233804702758789,0.4133352637290954,0.4136200547218323,0.3139518797397613,0.3236169517040252,0.2319732308387756,0.2990263998508453,0.2982698678970337,0.2496382445096969,0.3053657710552215
0.2393281757831573,0.3231020271778106,0.4143082201480865,0.4130893647670746,0.3138214945793152,0.3233638405799866,0.231740802526474,0.2991982698440552,0.2980366051197052,0.2494900673627853,0.3051269352436065
0.2391560822725296,0.3228236138820648,0.4152811765670776,0.4125586152076721,0.3136910796165466,0.3231107592582702,0.2315083891153335,0.2993701696395874,0.2978033423423767,0.2493418753147125,0.3048881292343139
0.2389840185642242,0.3225452005863189,0.4162541627883911,0.412027895450592,0.3135606646537781,0.3228576779365539,0.2312759757041931,0.2995420396327972,0.2975700497627258,0.2491936981678009,0.3046493232250213
0.2388119399547577,0.3222667574882507,0.4172270894050598,0.4114971756935119,0.3134302794933319,0.3226045668125152,0.2310435771942138,0.2997139096260071,0.2973367869853973,0.2490455210208892,0.3044104874134063
0.2386398315429687,0.3219883143901825,0.4182000458240509,0.4109664559364319,0.3132998943328857,0.3223514854907989,0.2308111637830734,0.2998857796192169,0.2971035242080688,0.2488973140716552,0.3041716814041137
0.2384677678346634,0.321709930896759,0.419173002243042,0.4104357361793518,0.3131694793701172,0.3220984041690826,0.2305787503719329,0.3000577092170715,0.2968702614307403,0.2487491369247436,0.3039328753948211
0.2382956892251968,0.3214314877986908,0.4201459884643554,0.4099049866199493,0.3130390644073486,0.3218453228473663,0.2303463369607925,0.300229549407959,0.2966369986534118,0.248600959777832,0.3036940693855285
0.2381235957145691,0.3211530447006225,0.4211189150810241,0.4093742370605469,0.3129086494445801,0.3215922117233276,0.2301139235496521,0.3004014194011688,0.2964037358760834,0.2484527677297592,0.3034552335739136
0.2379515171051025,0.3208746314048767,0.4220918715000152,0.4088435471057892,0.3127782642841339,0.3213391304016113,0.2298815101385116,0.3005732893943786,0.2961704730987549,0.2483046054840088,0.3032163977622986
0.237779438495636,0.3205961883068084,0.4230648279190063,0.4083127975463867,0.3126478195190429,0.321086049079895,0.2296490967273712,0.3007451891899109,0.295937180519104,0.2481563985347747,0.302977591753006
0.2376073449850082,0.3203177750110626,0.424037754535675,0.407782107591629,0.3125174641609192,0.3208329677581787,0.2294166833162307,0.3009170889854431,0.2957039475440979,0.2480082213878631,0.3027387857437134
0.2374352663755417,0.3200393319129944,0.4250107407569885,0.4072513580322265,0.3123870491981506,0.32057985663414,0.2291842699050903,0.3010889291763305,0.295470654964447,0.2478600442409515,0.3024999797344208
0.2372632026672363,0.3197609186172485,0.4259836971759796,0.4067206680774688,0.3122566342353821,0.3203267753124237,0.2289518564939499,0.3012607991695404,0.2952373921871185,0.2477118521928787,0.3022611737251282
0.2370910942554474,0.3194825053215027,0.4269566535949707,0.4061899185180664,0.3121262192726135,0.3200736939907074,0.2287194430828094,0.3014326989650726,0.29500412940979,0.2475636601448059,0.3020223379135132
0.2369190454483032,0.3192040622234344,0.4279295802116394,0.4056591987609863,0.3119958043098449,0.3198205828666687,0.228487029671669,0.3016045689582824,0.2947708666324615,0.2474154829978943,0.3017835021018982
0.2367469668388366,0.3189256489276886,0.4289025664329529,0.4051284492015838,0.3118653893470764,0.3195675015449524,0.2282546162605285,0.3017764687538147,0.294537603855133,0.2472672760486602,0.3015446960926056
0.2365748882293701,0.3186472356319427,0.4298754930496216,0.4045977592468261,0.3117350041866302,0.3193144202232361,0.2280221879482269,0.3019483089447021,0.2943043410778045,0.2471191138029098,0.301305890083313
0.2364027798175811,0.3183687627315521,0.430848479270935,0.4040670096874237,0.3116045892238617,0.3190613389015198,0.2277897745370865,0.3021202087402344,0.2940710783004761,0.2469709366559982,0.3010670840740204
0.2362307012081146,0.3180903792381286,0.4318214058876037,0.403536319732666,0.3114742040634155,0.3188082277774811,0.227557361125946,0.3022920787334442,0.2938378155231476,0.2468227446079254,0.3008282780647278
0.2360586374998092,0.3178119659423828,0.4327943921089172,0.4030055701732635,0.311343789100647,0.3185551464557647,0.2273249477148056,0.3024639785289764,0.2936045229434967,0.2466745525598526,0.3005894422531128
0.2358865439891815,0.3175334930419922,0.4337673187255859,0.4024748802185058,0.3112133741378784,0.3183020651340484,0.2270925343036651,0.3026358485221863,0.2933712601661682,0.2465263754129409,0.3003506362438202
0.2357144653797149,0.3172551095485687,0.4347403049468994,0.4019441306591034,0.3110829591751098,0.3180489540100097,0.2268601208925247,0.3028077185153961,0.2931379973888397,0.2463782131671905,0.3001118004322052
0.2355423867702484,0.3169766366481781,0.4357132315635681,0.4014133810997009,0.3109525442123413,0.3177958726882934,0.2266277074813842,0.3029795885086059,0.2929047346115112,0.2462299913167953,0.2998729944229126
0.2353703081607818,0.3166982233524322,0.4366862177848816,0.4008826613426208,0.3108221590518951,0.3175427913665771,0.2263952940702438,0.3031514883041382,0.2926714718341827,0.2460818141698837,0.2996341586112976
0.2351982295513153,0.3164198100566864,0.4376591444015503,0.4003519415855407,0.3106917440891266,0.3172897100448608,0.2261628955602646,0.303323358297348,0.2924382090568542,0.2459336519241333,0.2993953824043274
0.2350261509418487,0.3161413669586181,0.4386321306228637,0.3998211920261383,0.3105613589286804,0.3170365989208221,0.2259304821491241,0.3034952282905578,0.2922049164772033,0.2457854449748993,0.2991565465927124
0.2348540425300598,0.3158629536628723,0.4396050572395324,0.3992905020713806,0.3104309439659118,0.3167835175991058,0.2256980687379837,0.3036670982837677,0.2919716835021972,0.2456372678279876,0.2989177405834198
0.2346819639205932,0.3155845403671264,0.4405780434608459,0.3987597525119781,0.3103005290031433,0.3165304362773895,0.2254656553268432,0.3038389682769775,0.2917383909225464,0.245489090681076,0.2986789345741272
0.2345098853111267,0.3153060972690582,0.4415509700775146,0.398229032754898,0.3101701438426971,0.3162773549556732,0.2252332419157028,0.3040108680725097,0.2915051579475403,0.245340883731842,0.2984400987625122
0.2343378216028213,0.3150276839733124,0.4425239562988281,0.397698312997818,0.3100397288799286,0.3160242438316345,0.2250008285045623,0.304182767868042,0.2912718653678894,0.2451927065849304,0.2982012629508972
0.2341657280921936,0.3147492408752441,0.4434968829154968,0.3971675634384155,0.3099093437194824,0.3157711625099182,0.2247684150934219,0.3043546080589294,0.2910386025905609,0.2450445294380188,0.297962486743927
0.2339936643838882,0.3144708275794983,0.4444698691368103,0.3966368436813354,0.3097789287567138,0.3155180811882019,0.2245359867811203,0.3045264780521393,0.2908053398132324,0.2448963224887848,0.297723650932312
0.2338216006755828,0.3141924142837524,0.445442795753479,0.3961061239242553,0.3096485137939453,0.3152649700641632,0.2243035584688186,0.3046983480453491,0.2905720770359039,0.2447481453418731,0.2974848449230194
0.2336494922637939,0.3139139413833618,0.4464157521724701,0.3955754041671753,0.3095180988311767,0.3150118887424469,0.2240711450576782,0.3048702776432037,0.2903388142585754,0.2445999830961227,0.2972460091114044
0.2334774136543274,0.3136355578899383,0.4473887085914612,0.3950446844100952,0.3093876838684082,0.3147588074207306,0.2238387316465377,0.3050421476364136,0.2901055514812469,0.2444517910480499,0.2970072031021118
0.2333053350448608,0.3133571147918701,0.4483616948127746,0.3945139646530151,0.3092572689056396,0.3145057260990143,0.2236063182353973,0.305213987827301,0.2898722887039184,0.2443036139011383,0.2967683672904968
0.2331332564353943,0.3130786716938019,0.4493346214294433,0.3939832150936126,0.3091268837451935,0.3142526149749756,0.2233739048242569,0.3053858578205108,0.2896389961242676,0.2441554069519043,0.2965295612812042
0.2329611778259277,0.312800258398056,0.4503075778484344,0.3934524655342102,0.3089964687824249,0.3139995336532593,0.2231414914131164,0.3055577874183655,0.2894057035446167,0.2440072298049926,0.2962907552719116
0.2327890992164611,0.3125218451023102,0.4512805342674255,0.3929217755794525,0.3088660836219787,0.3137464523315429,0.222909078001976,0.3057296574115753,0.2891724705696106,0.243859052658081,0.296051949262619
0.2326170057058334,0.3122434020042419,0.4522534906864166,0.39239102602005,0.3087356686592102,0.3134933412075043,0.2226766645908355,0.3059015274047851,0.2889391779899597,0.243710845708847,0.295813113451004
0.2324449270963668,0.3119649887084961,0.4532264471054077,0.3918603360652923,0.3086052536964416,0.3132402598857879,0.2224442511796951,0.3060733675956726,0.2887059450149536,0.2435626834630966,0.2955743074417114
0.2322728335857391,0.3116865754127502,0.4541994035243988,0.3913295865058899,0.3084748685359955,0.3129871785640716,0.2222118377685547,0.3062452673912048,0.2884726524353027,0.2434144914150238,0.2953355014324188
0.2321007549762725,0.311408132314682,0.4551723599433899,0.3907988965511322,0.3083444535732269,0.3127340972423553,0.2219794243574142,0.306417167186737,0.2882394194602966,0.243266299366951,0.2950966656208038
0.231928676366806,0.3111296892166137,0.456145316362381,0.3902681469917297,0.3082140684127807,0.3124809861183166,0.2217470109462738,0.3065890371799469,0.2880061268806457,0.2431181222200393,0.2948578596115112
0.2317565977573394,0.3108513057231903,0.457118272781372,0.3897373974323272,0.3080836534500122,0.3122279047966003,0.2215145975351333,0.3067609071731567,0.2877728939056396,0.2429699301719665,0.2946190536022186
0.2315845191478729,0.310572862625122,0.4580911993980407,0.3892066776752472,0.3079532384872436,0.311974823474884,0.2212821990251541,0.3069327771663666,0.2875396013259887,0.2428217530250549,0.294380247592926
0.2314124405384063,0.3102944195270538,0.4590641856193542,0.3886759877204895,0.3078228235244751,0.3117217421531677,0.2210497856140136,0.3071046769618988,0.2873063385486603,0.2426735758781433,0.294141411781311
0.2312403619289398,0.3100160360336303,0.4600371718406677,0.3881452083587646,0.3076924085617065,0.311468631029129,0.2208173722028732,0.3072765469551086,0.2870730757713318,0.2425253987312317,0.293902575969696
0.2310682833194732,0.3097375631332397,0.4610100984573364,0.3876145482063293,0.3075620234012604,0.3112155497074127,0.2205849438905716,0.3074484169483185,0.2868398129940033,0.2423771917819976,0.2936637699604034
0.2308961749076843,0.3094591498374939,0.4619830548763275,0.3870837688446045,0.3074316382408142,0.3109624683856964,0.2203525304794311,0.3076203167438507,0.2866065204143524,0.242229014635086,0.2934249639511108
0.2308961749076843,0.3094591498374939,0.4619830548763275,0.3870837688446045,0.3074316382408142,0.3109624683856964,0.2203525304794311,0.3076203167438507,0.2866065204143524,0.242229014635086,0.2934249639511108
0.2308961749076843,0.3094591498374939,0.4619830548763275,0.3870837688446045,0.3074316382408142,0.3109624683856964,0.2203525304794311,0.3076203167438507,0.2866065204143524,0.242229014635086,0.2934249639511108
0.2308961749076843,0.3094591498374939,0.4619830548763275,0.3870837688446045,0.3074316382408142,0.3109624683856964,0.2203525304794311,0.3076203167438507,0.2866065204143524,0.242229014635086,0.2934249639511108
0.2308961749076843,0.3094591498374939,0.4619830548763275,0.3870837688446045,0.3074316382408142,0.3109624683856964,0.2203525304794311,0.3076203167438507,0.2866065204143524,0.242229014635086,0.2934249639511108
0.2664012312889099,0.1721920818090438,0.2686188220977783,0.2616443634033203,0.4840040206909179,0.3614404499530792,0.2597518563270569,0.4744620025157928,0.3331308960914612,0.3978708982467651,0.3410561382770538
0.2664012312889099,0.1721920818090438,0.2686188220977783,0.2616443634033203,0.4840040206909179,0.3614404499530792,0.2597518563270569,0.4744620025157928,0.3331308960914612,0.3978708982467651,0.3410561382770538
0.2664012312889099,0.1721920818090438,0.2686188220977783,0.2616443634033203,0.4840040206909179,0.3614404499530792,0.2597518563270569,0.4744620025157928,0.3331308960914612,0.3978708982467651,0.3410561382770538
0.2664012312889099,0.1721920818090438,0.2686188220977783,0.2616443634033203,0.4840040206909179,0.3614404499530792,0.2597518563270569,0.4744620025157928,0.3331308960914612,0.3978708982467651,0.3410561382770538
0.2664012312889099,0.1721920818090438,0.2686188220977783,0.2616443634033203,0.4840040206909179,0.3614404499530792,0.2597518563270569,0.4744620025157928,0.3331308960914612,0.3978708982467651,0.3410561382770538
0.2664012312889099,0.1721920818090438,0.2686188220977783,0.2616443634033203,0.4840040206909179,0.3614404499530792,0.2597518563270569,0.4744620025157928,0.3331308960914612,0.3978708982467651,0.3410561382770538
0.2664012312889099,0.1721920818090438,0.2686188220977783,0.2616443634033203,0.4840040206909179,0.3614404499530792,0.2597518563270569,0.4744620025157928,0.3331308960914612,0.3978708982467651,0.3410561382770538
0.2664012312889099,0.1721920818090438,0.2686188220977783,0.2616443634033203,0.4840040206909179,0.3614404499530792,0.2597518563270569,0.4744620025157928,0.3331308960914612,0.3978708982467651,0.3410561382770538
0.2664012312889099,0.1721920818090438,0.2686188220977783,0.2616443634033203,0.4840040206909179,0.3614404499530792,0.2597518563270569,0.4744620025157928,0.3331308960914612,0.3978708982467651,0.3410561382770538
0.2664012312889099,0.1721920818090438,0.2686188220977783,0.2616443634033203,0.4840040206909179,0.3614404499530792,0.2597518563270569,0.4744620025157928,0.3331308960914612,0.3978708982467651,0.3410561382770538
0.2664012312889099,0.1721920818090438,0.2686188220977783,0.2616443634033203,0.4840040206909179,0.3614404499530792,0.2597518563270569,0.4744620025157928,0.3331308960914612,0.3978708982467651,0.3410561382770538
0.2664012312889099,0.1721920818090438,0.2686188220977783,0.2616443634033203,0.4840040206909179,0.3614404499530792,0.2597518563270569,0.4744620025157928,0.3331308960914612,0.3978708982467651,0.3410561382770538
0.2664012312889099,0.1721920818090438,0.2686188220977783,0.2616443634033203,0.4840040206909179,0.3614404499530792,0.2597518563270569,0.4744620025157928,0.3331308960914612,0.3978708982467651,0.3410561382770538
0.2664012312889099,0.1721920818090438,0.2686188220977783,0.2616443634033203,0.4840040206909179,0.3614404499530792,0.2597518563270569,0.4744620025157928,0.3331308960914612,0.3978708982467651,0.3410561382770538
0.2664012312889099,0.1721920818090438,0.2686188220977783,0.2616443634033203,0.4840040206909179,0.3614404499530792,0.2597518563270569,0.4744620025157928,0.3331308960914612,0.3978708982467651,0.3410561382770538
0.2664012312889099,0.1721920818090438,0.2686188220977783,0.2616443634033203,0.4840040206909179,0.3614404499530792,0.2597518563270569,0.4744620025157928,0.3331308960914612,0.3978708982467651,0.3410561382770538
0.2664012312889099,0.1721920818090438,0.2686188220977783,0.2616443634033203,0.4840040206909179,0.3614404499530792,0.2597518563270569,0.4744620025157928,0.3331308960914612,0.3978708982467651,0.3410561382770538
0.2664012312889099,0.1721920818090438,0.2686188220977783,0.2616443634033203,0.4840040206909179,0.3614404499530792,0.2597518563270569,0.4744620025157928,0.3331308960914612,0.3978708982467651,0.3410561382770538
0.2664012312889099,0.1721920818090438,0.2686188220977783,0.2616443634033203,0.4840040206909179,0.3614404499530792,0.2597518563270569,0.4744620025157928,0.3331308960914612,0.3978708982467651,0.3410561382770538
0.2664012312889099,0.1721920818090438,0.2686188220977783,0.2616443634033203,0.4840040206909179,0.3614404499530792,0.2597518563270569,0.4744620025157928,0.3331308960914612,0.3978708982467651,0.3410561382770538
0.2664012312889099,0.1721920818090438,0.2686188220977783,0.2616443634033203,0.4840040206909179,0.3614404499530792,0.2597518563270569,0.4744620025157928,0.3331308960914612,0.3978708982467651,0.3410561382770538
0.2664012312889099,0.1721920818090438,0.2686188220977783,0.2616443634033203,0.4840040206909179,0.3614404499530792,0.2597518563270569,0.4744620025157928,0.3331308960914612,0.3978708982467651,0.3410561382770538
0.2664012312889099,0.1721920818090438,0.2686188220977783,0.2616443634033203,0.4840040206909179,0.3614404499530792,0.2597518563270569,0.4744620025157928,0.3331308960914612,0.3978708982467651,0.3410561382770538
0.2664012312889099,0.1721920818090438,0.2686188220977783,0.2616443634033203,0.4840040206909179,0.3614404499530792,0.2597518563270569,0.4744620025157928,0.3331308960914612,0.3978708982467651,0.3410561382770538
0.2664012312889099,0.1721920818090438,0.2686188220977783,0.2616443634033203,0.4840040206909179,0.3614404499530792,0.2597518563270569,0.4744620025157928,0.3331308960914612,0.3978708982467651,0.3410561382770538
0.2664012312889099,0.1721920818090438,0.2686188220977783,0.2616443634033203,0.4840040206909179,0.3614404499530792,0.2597518563270569,0.4744620025157928,0.3331308960914612,0.3978708982467651,0.3410561382770538
0.2664012312889099,0.1721920818090438,0.2686188220977783,0.2616443634033203,0.4840040206909179,0.3614404499530792,0.2597518563270569,0.4744620025157928,0.3331308960914612,0.3978708982467651,0.3410561382770538
0.2664012312889099,0.1721920818090438,0.2686188220977783,0.2616443634033203,0.4840040206909179,0.3614404499530792,0.2597518563270569,0.4744620025157928,0.3331308960914612,0.3978708982467651,0.3410561382770538
0.2664012312889099,0.1721920818090438,0.2686188220977783,0.2616443634033203,0.4840040206909179,0.3614404499530792,0.2597518563270569,0.4744620025157928,0.3331308960914612,0.3978708982467651,0.3410561382770538
0.2664012312889099,0.1721920818090438,0.2686188220977783,0.2616443634033203,0.4840040206909179,0.3614404499530792,0.2597518563270569,0.4744620025157928,0.3331308960914612,0.3978708982467651,0.3410561382770538
0.2664012312889099,0.1721920818090438,0.2686188220977783,0.2616443634033203,0.4840040206909179,0.3614404499530792,0.2597518563270569,0.4744620025157928,0.3331308960914612,0.3978708982467651,0.3410561382770538
0.2664012312889099,0.1721920818090438,0.2686188220977783,0.2616443634033203,0.4840040206909179,0.3614404499530792,0.2597518563270569,0.4744620025157928,0.3331308960914612,0.3978708982467651,0.3410561382770538
0.2664012312889099,0.1721920818090438,0.2686188220977783,0.2616443634033203,0.4840040206909179,0.3614404499530792,0.2597518563270569,0.4744620025157928,0.3331308960914612,0.3978708982467651,0.3410561382770538
0.2664012312889099,0.1721920818090438,0.2686188220977783,0.2616443634033203,0.4840040206909179,0.3614404499530792,0.2597518563270569,0.4744620025157928,0.3331308960914612,0.3978708982467651,0.3410561382770538
0.2664012312889099,0.1721920818090438,0.2686188220977783,0.2616443634033203,0.4840040206909179,0.3614404499530792,0.2597518563270569,0.4744620025157928,0.3331308960914612,0.3978708982467651,0.3410561382770538
0.2664012312889099,0.1721920818090438,0.2686188220977783,0.2616443634033203,0.4840040206909179,0.3614404499530792,0.2597518563270569,0.4744620025157928,0.3331308960914612,0.3978708982467651,0.3410561382770538
0.2664012312889099,0.1721920818090438,0.2686188220977783,0.2616443634033203,0.4840040206909179,0.3614404499530792,0.2597518563270569,0.4744620025157928,0.3331308960914612,0.3978708982467651,0.3410561382770538
0.2664012312889099,0.1721920818090438,0.2686188220977783,0.2616443634033203,0.4840040206909179,0.3614404499530792,0.2597518563270569,0.4744620025157928,0.3331308960914612,0.3978708982467651,0.3410561382770538
0.2664012312889099,0.1721920818090438,0.2686188220977783,0.2616443634033203,0.4840040206909179,0.3614404499530792,0.2597518563270569,0.4744620025157928,0.3331308960914612,0.3978708982467651,0.3410561382770538
0.2664012312889099,0.1721920818090438,0.2686188220977783,0.2616443634033203,0.4840040206909179,0.3614404499530792,0.2597518563270569,0.4744620025157928,0.3331308960914612,0.3978708982467651,0.3410561382770538
0.2664012312889099,0.1721920818090438,0.2686188220977783,0.2616443634033203,0.4840040206909179,0.3614404499530792,0.2597518563270569,0.4744620025157928,0.3331308960914612,0.3978708982467651,0.3410561382770538
0.2664012312889099,0.1721920818090438,0.2686188220977783,0.2616443634033203,0.4840040206909179,0.3614404499530792,0.2597518563270569,0.4744620025157928,0.3331308960914612,0.3978708982467651,0.3410561382770538
0.2664012312889099,0.1721920818090438,0.2686188220977783,0.2616443634033203,0.4840040206909179,0.3614404499530792,0.2597518563270569,0.4744620025157928,0.3331308960914612,0.3978708982467651,0.3410561382770538
0.2664012312889099,0.1721920818090438,0.2686188220977783,0.2616443634033203,0.4840040206909179,0.3614404499530792,0.2597518563270569,0.4744620025157928,0.3331308960914612,0.3978708982467651,0.3410561382770538
0.2664012312889099,0.1721920818090438,0.2686188220977783,0.2616443634033203,0.4840040206909179,0.3614404499530792,0.2597518563270569,0.4744620025157928,0.3331308960914612,0.3978708982467651,0.3410561382770538
0.2664012312889099,0.1721920818090438,0.2686188220977783,0.2616443634033203,0.4840040206909179,0.3614404499530792,0.2597518563270569,0.4744620025157928,0.3331308960914612,0.3978708982467651,0.3410561382770538
0.2664012312889099,0.1721920818090438,0.2686188220977783,0.2616443634033203,0.4840040206909179,0.3614404499530792,0.2597518563270569,0.4744620025157928,0.3331308960914612,0.3978708982467651,0.3410561382770538
0.2664012312889099,0.1721920818090438,0.2686188220977783,0.2616443634033203,0.4840040206909179,0.3614404499530792,0.2597518563270569,0.4744620025157928,0.3331308960914612,0.3978708982467651,0.3410561382770538
0.2664012312889099,0.1721920818090438,0.2686188220977783,0.2616443634033203,0.4840040206909179,0.3614404499530792,0.2597518563270569,0.4744620025157928,0.3331308960914612,0.3978708982467651,0.3410561382770538
0.2664012312889099,0.1721920818090438,0.2686188220977783,0.2616443634033203,0.4840040206909179,0.3614404499530792,0.2597518563270569,0.4744620025157928,0.3331308960914612,0.3978708982467651,0.3410561382770538
0.2664012312889099,0.1721920818090438,0.2686188220977783,0.2616443634033203,0.4840040206909179,0.3614404499530792,0.2597518563270569,0.4744620025157928,0.3331308960914612,0.3978708982467651,0.3410561382770538
0.2664012312889099,0.1721920818090438,0.2686188220977783,0.2616443634033203,0.4840040206909179,0.3614404499530792,0.2597518563270569,0.4744620025157928,0.3331308960914612,0.3978708982467651,0.3410561382770538
0.2664012312889099,0.1721920818090438,0.2686188220977783,0.2616443634033203,0.4840040206909179,0.3614404499530792,0.2597518563270569,0.4744620025157928,0.3331308960914612,0.3978708982467651,0.3410561382770538
0.2664012312889099,0.1721920818090438,0.2686188220977783,0.2616443634033203,0.4840040206909179,0.3614404499530792,0.2597518563270569,0.4744620025157928,0.3331308960914612,0.3978708982467651,0.3410561382770538
0.2664012312889099,0.1721920818090438,0.2686188220977783,0.2616443634033203,0.4840040206909179,0.3614404499530792,0.2597518563270569,0.4744620025157928,0.3331308960914612,0.3978708982467651,0.3410561382770538
0.2664012312889099,0.1721920818090438,0.2686188220977783,0.2616443634033203,0.4840040206909179,0.3614404499530792,0.2597518563270569,0.4744620025157928,0.3331308960914612,0.3978708982467651,0.3410561382770538
0.2664012312889099,0.1721920818090438,0.2686188220977783,0.2616443634033203,0.4840040206909179,0.3614404499530792,0.2597518563270569,0.4744620025157928,0.3331308960914612,0.3978708982467651,0.3410561382770538
0.2664012312889099,0.1721920818090438,0.2686188220977783,0.2616443634033203,0.4840040206909179,0.3614404499530792,0.2597518563270569,0.4744620025157928,0.3331308960914612,0.3978708982467651,0.3410561382770538
0.2664012312889099,0.1721920818090438,0.2686188220977783,0.2616443634033203,0.4840040206909179,0.3614404499530792,0.2597518563270569,0.4744620025157928,0.3331308960914612,0.3978708982467651,0.3410561382770538
0.2664012312889099,0.1721920818090438,0.2686188220977783,0.2616443634033203,0.4840040206909179,0.3614404499530792,0.2597518563270569,0.4744620025157928,0.3331308960914612,0.3978708982467651,0.3410561382770538
0.2664012312889099,0.1721920818090438,0.2686188220977783,0.2616443634033203,0.4840040206909179,0.3614404499530792,0.2597518563270569,0.4744620025157928,0.3331308960914612,0.3978708982467651,0.3410561382770538
0.2664012312889099,0.1721920818090438,0.2686188220977783,0.2616443634033203,0.4840040206909179,0.3614404499530792,0.2597518563270569,0.4744620025157928,0.3331308960914612,0.3978708982467651,0.3410561382770538
0.2664012312889099,0.1721920818090438,0.2686188220977783,0.2616443634033203,0.4840040206909179,0.3614404499530792,0.2597518563270569,0.4744620025157928,0.3331308960914612,0.3978708982467651,0.3410561382770538
0.2664012312889099,0.1721920818090438,0.2686188220977783,0.2616443634033203,0.4840040206909179,0.3614404499530792,0.2597518563270569,0.4744620025157928,0.3331308960914612,0.3978708982467651,0.3410561382770538
0.2664012312889099,0.1721920818090438,0.2686188220977783,0.2616443634033203,0.4840040206909179,0.3614404499530792,0.2597518563270569,0.4744620025157928,0.3331308960914612,0.3978708982467651,0.3410561382770538
0.2664012312889099,0.1721920818090438,0.2686188220977783,0.2616443634033203,0.4840040206909179,0.3614404499530792,0.2597518563270569,0.4744620025157928,0.3331308960914612,0.3978708982467651,0.3410561382770538
0.2664012312889099,0.1721920818090438,0.2686188220977783,0.2616443634033203,0.4840040206909179,0.3614404499530792,0.2597518563270569,0.4744620025157928,0.3331308960914612,0.3978708982467651,0.3410561382770538
0.2664012312889099,0.1721920818090438,0.2686188220977783,0.2616443634033203,0.4840040206909179,0.3614404499530792,0.2597518563270569,0.4744620025157928,0.3331308960914612,0.3978708982467651,0.3410561382770538
0.2664012312889099,0.1721920818090438,0.2686188220977783,0.2616443634033203,0.4840040206909179,0.3614404499530792,0.2597518563270569,0.4744620025157928,0.3331308960914612,0.3978708982467651,0.3410561382770538
0.2664012312889099,0.1721920818090438,0.2686188220977783,0.2616443634033203,0.4840040206909179,0.3614404499530792,0.2597518563270569,0.4744620025157928,0.3331308960914612,0.3978708982467651,0.3410561382770538
0.2664012312889099,0.1721920818090438,0.2686188220977783,0.2616443634033203,0.4840040206909179,0.3614404499530792,0.2597518563270569,0.4744620025157928,0.3331308960914612,0.3978708982467651,0.3410561382770538
0.2664012312889099,0.1721920818090438,0.2686188220977783,0.2616443634033203,0.4840040206909179,0.3614404499530792,0.2597518563270569,0.4744620025157928,0.3331308960914612,0.3978708982467651,0.3410561382770538
0.2664012312889099,0.1721920818090438,0.2686188220977783,0.2616443634033203,0.4840040206909179,0.3614404499530792,0.2597518563270569,0.4744620025157928,0.3331308960914612,0.3978708982467651,0.3410561382770538
0.2664012312889099,0.1721920818090438,0.2686188220977783,0.2616443634033203,0.4840040206909179,0.3614404499530792,0.2597518563270569,0.4744620025157928,0.3331308960914612,0.3978708982467651,0.3410561382770538
0.2664012312889099,0.1721920818090438,0.2686188220977783,0.2616443634033203,0.4840040206909179,0.3614404499530792,0.2597518563270569,0.4744620025157928,0.3331308960914612,0.3978708982467651,0.3410561382770538
0.2664012312889099,0.1721920818090438,0.2686188220977783,0.2616443634033203,0.4840040206909179,0.3614404499530792,0.2597518563270569,0.4744620025157928,0.3331308960914612,0.3978708982467651,0.3410561382770538
0.2664012312889099,0.1721920818090438,0.2686188220977783,0.2616443634033203,0.4840040206909179,0.3614404499530792,0.2597518563270569,0.4744620025157928,0.3331308960914612,0.3978708982467651,0.3410561382770538
0.2664012312889099,0.1721920818090438,0.2686188220977783,0.2616443634033203,0.4840040206909179,0.3614404499530792,0.2597518563270569,0.4744620025157928,0.3331308960914612,0.3978708982467651,0.3410561382770538
0.2664012312889099,0.1721920818090438,0.2686188220977783,0.2616443634033203,0.4840040206909179,0.3614404499530792,0.2597518563270569,0.4744620025157928,0.3331308960914612,0.3978708982467651,0.3410561382770538
0.2664012312889099,0.1721920818090438,0.2686188220977783,0.2616443634033203,0.4840040206909179,0.3614404499530792,0.2597518563270569,0.4744620025157928,0.3331308960914612,0.3978708982467651,0.3410561382770538
0.2664012312889099,0.1721920818090438,0.2686188220977783,0.2616443634033203,0.4840040206909179,0.3614404499530792,0.2597518563270569,0.4744620025157928,0.3331308960914612,0.3978708982467651,0.3410561382770538
0.2664012312889099,0.1721920818090438,0.2686188220977783,0.2616443634033203,0.4840040206909179,0.3614404499530792,0.2597518563270569,0.4744620025157928,0.3331308960914612,0.3978708982467651,0.3410561382770538
0.2664012312889099,0.1721920818090438,0.2686188220977783,0.2616443634033203,0.4840040206909179,0.3614404499530792,0.2597518563270569,0.4744620025157928,0.3331308960914612,0.3978708982467651,0.3410561382770538
0.2664012312889099,0.1721920818090438,0.2686188220977783,0.2616443634033203,0.4840040206909179,0.3614404499530792,0.2597518563270569,0.4744620025157928,0.3331308960914612,0.3978708982467651,0.3410561382770538
0.2664012312889099,0.1721920818090438,0.2686188220977783,0.2616443634033203,0.4840040206909179,0.3614404499530792,0.2597518563270569,0.4744620025157928,0.3331308960914612,0.3978708982467651,0.3410561382770538
0.2664012312889099,0.1721920818090438,0.2686188220977783,0.2616443634033203,0.4840040206909179,0.3614404499530792,0.2597518563270569,0.4744620025157928,0.3331308960914612,0.3978708982467651,0.3410561382770538
0.2664012312889099,0.1721920818090438,0.2686188220977783,0.2616443634033203,0.4840040206909179,0.3614404499530792,0.2597518563270569,0.4744620025157928,0.3331308960914612,0.3978708982467651,0.3410561382770538
0.2664012312889099,0.1721920818090438,0.2686188220977783,0.2616443634033203,0.4840040206909179,0.3614404499530792,0.2597518563270569,0.4744620025157928,0.3331308960914612,0.3978708982467651,0.3410561382770538
0.2664012312889099,0.1721920818090438,0.2686188220977783,0.2616443634033203,0.4840040206909179,0.3614404499530792,0.2597518563270569,0.4744620025157928,0.3331308960914612,0.3978708982467651,0.3410561382770538
0.2664012312889099,0.1721920818090438,0.2686188220977783,0.2616443634033203,0.4840040206909179,0.3614404499530792,0.2597518563270569,0.4744620025157928,0.3331308960914612,0.3978708982467651,0.3410561382770538
0.2664012312889099,0.1721920818090438,0.2686188220977783,0.2616443634033203,0.4840040206909179,0.3614404499530792,0.2597518563270569,0.4744620025157928,0.3331308960914612,0.3978708982467651,0.3410561382770538
0.2664012312889099,0.1721920818090438,0.2686188220977783,0.2616443634033203,0.4840040206909179,0.3614404499530792,0.2597518563270569,0.4744620025157928,0.3331308960914612,0.3978708982467651,0.3410561382770538
0.2664012312889099,0.1721920818090438,0.2686188220977783,0.2616443634033203,0.4840040206909179,0.3614404499530792,0.2597518563270569,0.4744620025157928,0.3331308960914612,0.3978708982467651,0.3410561382770538
0.2664012312889099,0.1721920818090438,0.2686188220977783,0.2616443634033203,0.4840040206909179,0.3614404499530792,0.2597518563270569,0.4744620025157928,0.3331308960914612,0.3978708982467651,0.3410561382770538
0.2664012312889099,0.1721920818090438,0.2686188220977783,0.2616443634033203,0.4840040206909179,0.3614404499530792,0.2597518563270569,0.4744620025157928,0.3331308960914612,0.3978708982467651,0.3410561382770538
0.2664012312889099,0.1721920818090438,0.2686188220977783,0.2616443634033203,0.4840040206909179,0.3614404499530792,0.2597518563270569,0.4744620025157928,0.3331308960914612,0.3978708982467651,0.3410561382770538
0.2664012312889099,0.1721920818090438,0.2686188220977783,0.2616443634033203,0.4840040206909179,0.3614404499530792,0.2597518563270569,0.4744620025157928,0.3331308960914612,0.3978708982467651,0.3410561382770538
0.2664012312889099,0.1721920818090438,0.2686188220977783,0.2616443634033203,0.4840040206909179,0.3614404499530792,0.2597518563270569,0.4744620025157928,0.3331308960914612,0.3978708982467651,0.3410561382770538
0.2664012312889099,0.1721920818090438,0.2686188220977783,0.2616443634033203,0.4840040206909179,0.3614404499530792,0.2597518563270569,0.4744620025157928,0.3331308960914612,0.3978708982467651,0.3410561382770538
0.2664012312889099,0.1721920818090438,0.2686188220977783,0.2616443634033203,0.4840040206909179,0.3614404499530792,0.2597518563270569,0.4744620025157928,0.3331308960914612,0.3978708982467651,0.3410561382770538
0.2664012312889099,0.1721920818090438,0.2686188220977783,0.2616443634033203,0.4840040206909179,0.3614404499530792,0.2597518563270569,0.4744620025157928,0.3331308960914612,0.3978708982467651,0.3410561382770538
0.2664012312889099,0.1721920818090438,0.2686188220977783,0.2616443634033203,0.4840040206909179,0.3614404499530792,0.2597518563270569,0.4744620025157928,0.3331308960914612,0.3978708982467651,0.3410561382770538
0.2664012312889099,0.1721920818090438,0.2686188220977783,0.2616443634033203,0.4840040206909179,0.3614404499530792,0.2597518563270569,0.4744620025157928,0.3331308960914612,0.3978708982467651,0.3410561382770538
0.2664012312889099,0.1721920818090438,0.2686188220977783,0.2616443634033203,0.4840040206909179,0.3614404499530792,0.2597518563270569,0.4744620025157928,0.3331308960914612,0.3978708982467651,0.3410561382770538
0.2664012312889099,0.1721920818090438,0.2686188220977783,0.2616443634033203,0.4840040206909179,0.3614404499530792,0.2597518563270569,0.4744620025157928,0.3331308960914612,0.3978708982467651,0.3410561382770538
0.2664012312889099,0.1721920818090438,0.2686188220977783,0.2616443634033203,0.4840040206909179,0.3614404499530792,0.2597518563270569,0.4744620025157928,0.3331308960914612,0.3978708982467651,0.3410561382770538
0.2664012312889099,0.1721920818090438,0.2686188220977783,0.2616443634033203,0.4840040206909179,0.3614404499530792,0.2597518563270569,0.4744620025157928,0.3331308960914612,0.3978708982467651,0.3410561382770538
0.2664012312889099,0.1721920818090438,0.2686188220977783,0.2616443634033203,0.4840040206909179,0.3614404499530792,0.2597518563270569,0.4744620025157928,0.3331308960914612,0.3978708982467651,0.3410561382770538
0.2664012312889099,0.1721920818090438,0.2686188220977783,0.2616443634033203,0.4840040206909179,0.3614404499530792,0.2597518563270569,0.4744620025157928,0.3331308960914612,0.3978708982467651,0.3410561382770538
0.2664012312889099,0.1721920818090438,0.2686188220977783,0.2616443634033203,0.4840040206909179,0.3614404499530792,0.2597518563270569,0.4744620025157928,0.3331308960914612,0.3978708982467651,0.3410561382770538
0.2664012312889099,0.1721920818090438,0.2686188220977783,0.2616443634033203,0.4840040206909179,0.3614404499530792,0.2597518563270569,0.4744620025157928,0.3331308960914612,0.3978708982467651,0.3410561382770538
0.2664012312889099,0.1721920818090438,0.2686188220977783,0.2616443634033203,0.4840040206909179,0.3614404499530792,0.2597518563270569,0.4744620025157928,0.3331308960914612,0.3978708982467651,0.3410561382770538
0.2664012312889099,0.1721920818090438,0.2686188220977783,0.2616443634033203,0.4840040206909179,0.3614404499530792,0.2597518563270569,0.4744620025157928,0.3331308960914612,0.3978708982467651,0.3410561382770538
0.2664012312889099,0.1721920818090438,0.2686188220977783,0.2616443634033203,0.4840040206909179,0.3614404499530792,0.2597518563270569,0.4744620025157928,0.3331308960914612,0.3978708982467651,0.3410561382770538
0.2664012312889099,0.1721920818090438,0.2686188220977783,0.2616443634033203,0.4840040206909179,0.3614404499530792,0.2597518563270569,0.4744620025157928,0.3331308960914612,0.3978708982467651,0.3410561382770538
0.2664012312889099,0.1721920818090438,0.2686188220977783,0.2616443634033203,0.4840040206909179,0.3614404499530792,0.2597518563270569,0.4744620025157928,0.3331308960914612,0.3978708982467651,0.3410561382770538
0.2664012312889099,0.1721920818090438,0.2686188220977783,0.2616443634033203,0.4840040206909179,0.3614404499530792,0.2597518563270569,0.4744620025157928,0.3331308960914612,0.3978708982467651,0.3410561382770538
0.2664012312889099,0.1721920818090438,0.2686188220977783,0.2616443634033203,0.4840040206909179,0.3614404499530792,0.2597518563270569,0.4744620025157928,0.3331308960914612,0.3978708982467651,0.3410561382770538
0.2664012312889099,0.1721920818090438,0.2686188220977783,0.2616443634033203,0.4840040206909179,0.3614404499530792,0.2597518563270569,0.4744620025157928,0.3331308960914612,0.3978708982467651,0.3410561382770538
0.2664012312889099,0.1721920818090438,0.2686188220977783,0.2616443634033203,0.4840040206909179,0.3614404499530792,0.2597518563270569,0.4744620025157928,0.3331308960914612,0.3978708982467651,0.3410561382770538
0.2664012312889099,0.1721920818090438,0.2686188220977783,0.2616443634033203,0.4840040206909179,0.3614404499530792,0.2597518563270569,0.4744620025157928,0.3331308960914612,0.3978708982467651,0.3410561382770538
0.2664012312889099,0.1721920818090438,0.2686188220977783,0.2616443634033203,0.4840040206909179,0.3614404499530792,0.2597518563270569,0.4744620025157928,0.3331308960914612,0.3978708982467651,0.3410561382770538
0.2664012312889099,0.1721920818090438,0.2686188220977783,0.2616443634033203,0.4840040206909179,0.3614404499530792,0.2597518563270569,0.4744620025157928,0.3331308960914612,0.3978708982467651,0.3410561382770538
0.2664012312889099,0.1721920818090438,0.2686188220977783,0.2616443634033203,0.4840040206909179,0.3614404499530792,0.2597518563270569,0.4744620025157928,0.3331308960914612,0.3978708982467651,0.3410561382770538
0.2664012312889099,0.1721920818090438,0.2686188220977783,0.2616443634033203,0.4840040206909179,0.3614404499530792,0.2597518563270569,0.4744620025157928,0.3331308960914612,0.3978708982467651,0.3410561382770538
0.2664012312889099,0.1721920818090438,0.2686188220977783,0.2616443634033203,0.4840040206909179,0.3614404499530792,0.2597518563270569,0.4744620025157928,0.3331308960914612,0.3978708982467651,0.3410561382770538
0.2664012312889099,0.1721920818090438,0.2686188220977783,0.2616443634033203,0.4840040206909179,0.3614404499530792,0.2597518563270569,0.4744620025157928,0.3331308960914612,0.3978708982467651,0.3410561382770538
0.2664012312889099,0.1721920818090438,0.2686188220977783,0.2616443634033203,0.4840040206909179,0.3614404499530792,0.2597518563270569,0.4744620025157928,0.3331308960914612,0.3978708982467651,0.3410561382770538
0.2664012312889099,0.1721920818090438,0.2686188220977783,0.2616443634033203,0.4840040206909179,0.3614404499530792,0.2597518563270569,0.4744620025157928,0.3331308960914612,0.3978708982467651,0.3410561382770538
0.2664012312889099,0.1721920818090438,0.2686188220977783,0.2616443634033203,0.4840040206909179,0.3614404499530792,0.2597518563270569,0.4744620025157928,0.3331308960914612,0.3978708982467651,0.3410561382770538
0.2664012312889099,0.1721920818090438,0.2686188220977783,0.2616443634033203,0.4840040206909179,0.3614404499530792,0.2597518563270569,0.4744620025157928,0.3331308960914612,0.3978708982467651,0.3410561382770538
0.2664012312889099,0.1721920818090438,0.2686188220977783,0.2616443634033203,0.4840040206909179,0.3614404499530792,0.2597518563270569,0.4744620025157928,0.3331308960914612,0.3978708982467651,0.3410561382770538
0.2664012312889099,0.1721920818090438,0.2686188220977783,0.2616443634033203,0.4840040206909179,0.3614404499530792,0.2597518563270569,0.4744620025157928,0.3331308960914612,0.3978708982467651,0.3410561382770538
0.2664012312889099,0.1721920818090438,0.2686188220977783,0.2616443634033203,0.4840040206909179,0.3614404499530792,0.2597518563270569,0.4744620025157928,0.3331308960914612,0.3978708982467651,0.3410561382770538
0.2664012312889099,0.1721920818090438,0.2686188220977783,0.2616443634033203,0.4840040206909179,0.3614404499530792,0.2597518563270569,0.4744620025157928,0.3331308960914612,0.3978708982467651,0.3410561382770538
0.2664012312889099,0.1721920818090438,0.2686188220977783,0.2616443634033203,0.4840040206909179,0.3614404499530792,0.2597518563270569,0.4744620025157928,0.3331308960914612,0.3978708982467651,0.3410561382770538
0.2664012312889099,0.1721920818090438,0.2686188220977783,0.2616443634033203,0.4840040206909179,0.3614404499530792,0.2597518563270569,0.4744620025157928,0.3331308960914612,0.3978708982467651,0.3410561382770538
0.2664012312889099,0.1721920818090438,0.2686188220977783,0.2616443634033203,0.4840040206909179,0.3614404499530792,0.2597518563270569,0.4744620025157928,0.3331308960914612,0.3978708982467651,0.3410561382770538
0.2664012312889099,0.1721920818090438,0.2686188220977783,0.2616443634033203,0.4840040206909179,0.3614404499530792,0.2597518563270569,0.4744620025157928,0.3331308960914612,0.3978708982467651,0.3410561382770538
0.2664012312889099,0.1721920818090438,0.2686188220977783,0.2616443634033203,0.4840040206909179,0.3614404499530792,0.2597518563270569,0.4744620025157928,0.3331308960914612,0.3978708982467651,0.3410561382770538
0.2664012312889099,0.1721920818090438,0.2686188220977783,0.2616443634033203,0.4840040206909179,0.3614404499530792,0.2597518563270569,0.4744620025157928,0.3331308960914612,0.3978708982467651,0.3410561382770538
0.2664012312889099,0.1721920818090438,0.2686188220977783,0.2616443634033203,0.4840040206909179,0.3614404499530792,0.2597518563270569,0.4744620025157928,0.3331308960914612,0.3978708982467651,0.3410561382770538
0.2664012312889099,0.1721920818090438,0.2686188220977783,0.2616443634033203,0.4840040206909179,0.3614404499530792,0.2597518563270569,0.4744620025157928,0.3331308960914612,0.3978708982467651,0.3410561382770538
0.2664012312889099,0.1721920818090438,0.2686188220977783,0.2616443634033203,0.4840040206909179,0.3614404499530792,0.2597518563270569,0.4744620025157928,0.3331308960914612,0.3978708982467651,0.3410561382770538
0.2664012312889099,0.1721920818090438,0.2686188220977783,0.2616443634033203,0.4840040206909179,0.3614404499530792,0.2597518563270569,0.4744620025157928,0.3331308960914612,0.3978708982467651,0.3410561382770538
0.2664012312889099,0.1721920818090438,0.2686188220977783,0.2616443634033203,0.4840040206909179,0.3614404499530792,0.2597518563270569,0.4744620025157928,0.3331308960914612,0.3978708982467651,0.3410561382770538
0.2664012312889099,0.1721920818090438,0.2686188220977783,0.2616443634033203,0.4840040206909179,0.3614404499530792,0.2597518563270569,0.4744620025157928,0.3331308960914612,0.3978708982467651,0.3410561382770538
0.2664012312889099,0.1721920818090438,0.2686188220977783,0.2616443634033203,0.4840040206909179,0.3614404499530792,0.2597518563270569,0.4744620025157928,0.3331308960914612,0.3978708982467651,0.3410561382770538
0.2664012312889099,0.1721920818090438,0.2686188220977783,0.2616443634033203,0.4840040206909179,0.3614404499530792,0.2597518563270569,0.4744620025157928,0.3331308960914612,0.3978708982467651,0.3410561382770538
0.2664012312889099,0.1721920818090438,0.2686188220977783,0.2616443634033203,0.4840040206909179,0.3614404499530792,0.2597518563270569,0.4744620025157928,0.3331308960914612,0.3978708982467651,0.3410561382770538
0.2664012312889099,0.1721920818090438,0.2686188220977783,0.2616443634033203,0.4840040206909179,0.3614404499530792,0.2597518563270569,0.4744620025157928,0.3331308960914612,0.3978708982467651,0.3410561382770538
0.2664012312889099,0.1721920818090438,0.2686188220977783,0.2616443634033203,0.4840040206909179,0.3614404499530792,0.2597518563270569,0.4744620025157928,0.3331308960914612,0.3978708982467651,0.3410561382770538
0.2664012312889099,0.1721920818090438,0.2686188220977783,0.2616443634033203,0.4840040206909179,0.3614404499530792,0.2597518563270569,0.4744620025157928,0.3331308960914612,0.3978708982467651,0.3410561382770538
0.2664012312889099,0.1721920818090438,0.2686188220977783,0.2616443634033203,0.4840040206909179,0.3614404499530792,0.2597518563270569,0.4744620025157928,0.3331308960914612,0.3978708982467651,0.3410561382770538
0.2664012312889099,0.1721920818090438,0.2686188220977783,0.2616443634033203,0.4840040206909179,0.3614404499530792,0.2597518563270569,0.4744620025157928,0.3331308960914612,0.3978708982467651,0.3410561382770538
0.2664012312889099,0.1721920818090438,0.2686188220977783,0.2616443634033203,0.4840040206909179,0.3614404499530792,0.2597518563270569,0.4744620025157928,0.3331308960914612,0.3978708982467651,0.3410561382770538
0.2664012312889099,0.1721920818090438,0.2686188220977783,0.2616443634033203,0.4840040206909179,0.3614404499530792,0.2597518563270569,0.4744620025157928,0.3331308960914612,0.3978708982467651,0.3410561382770538
0.2664012312889099,0.1721920818090438,0.2686188220977783,0.2616443634033203,0.4840040206909179,0.3614404499530792,0.2597518563270569,0.4744620025157928,0.3331308960914612,0.3978708982467651,0.3410561382770538
0.2664012312889099,0.1721920818090438,0.2686188220977783,0.2616443634033203,0.4840040206909179,0.3614404499530792,0.2597518563270569,0.4744620025157928,0.3331308960914612,0.3978708982467651,0.3410561382770538
0.2664012312889099,0.1721920818090438,0.2686188220977783,0.2616443634033203,0.4840040206909179,0.3614404499530792,0.2597518563270569,0.4744620025157928,0.3331308960914612,0.3978708982467651,0.3410561382770538
0.2664012312889099,0.1721920818090438,0.2686188220977783,0.2616443634033203,0.4840040206909179,0.3614404499530792,0.2597518563270569,0.4744620025157928,0.3331308960914612,0.3978708982467651,0.3410561382770538
0.2664012312889099,0.1721920818090438,0.2686188220977783,0.2616443634033203,0.4840040206909179,0.3614404499530792,0.2597518563270569,0.4744620025157928,0.3331308960914612,0.3978708982467651,0.3410561382770538
0.2664012312889099,0.1721920818090438,0.2686188220977783,0.2616443634033203,0.4840040206909179,0.3614404499530792,0.2597518563270569,0.4744620025157928,0.3331308960914612,0.3978708982467651,0.3410561382770538
0.2664012312889099,0.1721920818090438,0.2686188220977783,0.2616443634033203,0.4840040206909179,0.3614404499530792,0.2597518563270569,0.4744620025157928,0.3331308960914612,0.3978708982467651,0.3410561382770538
0.2664012312889099,0.1721920818090438,0.2686188220977783,0.2616443634033203,0.4840040206909179,0.3614404499530792,0.2597518563270569,0.4744620025157928,0.3331308960914612,0.3978708982467651,0.3410561382770538
0.2664012312889099,0.1721920818090438,0.2686188220977783,0.2616443634033203,0.4840040206909179,0.3614404499530792,0.2597518563270569,0.4744620025157928,0.3331308960914612,0.3978708982467651,0.3410561382770538
0.2664012312889099,0.1721920818090438,0.2686188220977783,0.2616443634033203,0.4840040206909179,0.3614404499530792,0.2597518563270569,0.4744620025157928,0.3331308960914612,0.3978708982467651,0.3410561382770538
0.2664012312889099,0.1721920818090438,0.2686188220977783,0.2616443634033203,0.4840040206909179,0.3614404499530792,0.2597518563270569,0.4744620025157928,0.3331308960914612,0.3978708982467651,0.3410561382770538
0.3309969902038574,0.544302225112915,0.3775784969329834,0.6715880036354065,0.5676279067993164,0.4282161295413971,0.2753228843212127,0.3710209429264068,0.4147673845291137,0.4390027225017547,0.7696266174316406
0.3309391736984253,0.5440244078636169,0.3771343529224396,0.6712666749954224,0.5670517683029175,0.4279537796974182,0.2752294540405273,0.3706287443637848,0.4145132601261139,0.4385785460472107,0.7690679430961609
0.3308814167976379,0.5437465906143188,0.3766902089118957,0.670945405960083,0.566475510597229,0.4276914596557617,0.2751359939575195,0.3702365458011627,0.4142591655254364,0.438154399394989,0.7685092687606812
0.3308236300945282,0.5434687733650208,0.3762461245059967,0.6706240773200989,0.5658993721008301,0.4274291098117828,0.2750425636768341,0.369844377040863,0.4140051007270813,0.4377302527427673,0.7679506540298462
0.3307658433914184,0.5431910157203674,0.3758019804954529,0.6703028082847595,0.5653232336044312,0.4271667897701263,0.2749491035938263,0.3694521784782409,0.4137510061264038,0.4373061060905456,0.7673919200897217
0.3307080566883087,0.5429131984710693,0.3753578662872314,0.6699814796447754,0.5647470355033875,0.4269044697284698,0.2748556435108185,0.3690599799156189,0.4134968817234039,0.436881959438324,0.7668333053588867
0.330650269985199,0.5426353812217712,0.3749137222766876,0.6696600914001465,0.5641708374023438,0.4266421198844909,0.274762213230133,0.3686678111553192,0.4132428169250488,0.4364577531814575,0.766274631023407
0.3305924832820892,0.5423575639724731,0.3744696080684662,0.6693388223648071,0.5635946989059448,0.4263797998428345,0.2746687829494476,0.3682756423950195,0.4129887223243713,0.4360336065292358,0.765716016292572
0.3305346965789795,0.542079746723175,0.3740254640579223,0.669017493724823,0.5630185008049011,0.4261174499988556,0.2745753526687622,0.3678834438323974,0.4127345979213714,0.4356094598770141,0.7651572823524475
0.3304769098758697,0.541801929473877,0.3735813498497009,0.6686961650848389,0.5624423027038574,0.4258551299571991,0.2744818925857544,0.3674912452697754,0.4124805331230163,0.4351853132247925,0.7645986676216125
0.33041912317276,0.5415241718292236,0.3731372356414795,0.6683748364448547,0.5618661642074585,0.4255927801132202,0.2743884325027466,0.3670990765094757,0.4122264385223388,0.4347611367702484,0.7640399932861328
0.3303613662719726,0.5412463545799255,0.372693121433258,0.6680535078048706,0.5612900257110596,0.4253304600715637,0.2742950022220611,0.3667068779468536,0.4119723439216614,0.4343369603157043,0.7634813785552979
0.3303035795688629,0.5409685969352722,0.3722489476203918,0.6677321791648865,0.5607138276100159,0.4250681102275848,0.2742015421390533,0.3663147091865539,0.4117182493209839,0.4339128136634826,0.7629227042198181
0.3302457928657532,0.5406907796859741,0.3718048334121704,0.6674109101295471,0.5601376295089722,0.4248057901859283,0.2741081118583679,0.3659225106239319,0.4114641547203064,0.433488667011261,0.7623640894889832
0.3301880061626434,0.5404129028320312,0.371360719203949,0.6670895218849182,0.5595614910125732,0.4245434403419494,0.2740146517753601,0.3655303120613098,0.4112100601196289,0.4330644607543945,0.7618054151535034
0.3301302194595337,0.5401350855827332,0.3709166049957275,0.6667682528495789,0.5589852929115295,0.4242811203002929,0.2739212214946747,0.3651381433010101,0.4109559655189514,0.4326403439044952,0.7612468004226685
0.3300724327564239,0.5398573279380798,0.3704724609851837,0.6664469242095947,0.5584090948104858,0.4240188002586365,0.2738277614116668,0.364745944738388,0.4107018709182739,0.4322161972522735,0.7606881260871887
0.3300146460533142,0.5395795106887817,0.3700283467769623,0.6661255955696106,0.5578329563140869,0.4237564504146576,0.2737343311309814,0.3643537759780884,0.4104477763175964,0.4317920207977295,0.760129451751709
0.3299568593502044,0.5393016934394836,0.3695842027664184,0.6658042669296265,0.5572567582130432,0.4234941303730011,0.2736408710479736,0.3639615774154663,0.4101936817169189,0.4313678741455078,0.7595707774162292
0.3298990726470947,0.5390239357948303,0.369140088558197,0.6654829382896423,0.5566805601119995,0.4232317805290222,0.2735474407672882,0.3635694086551666,0.409939557313919,0.4309436678886413,0.7590121030807495
0.3298413157463074,0.5387461185455322,0.3686959743499756,0.6651616096496582,0.5561044216156006,0.4229694604873657,0.273453950881958,0.3631772100925445,0.4096854627132416,0.430519551038742,0.7584534287452698
0.3297834992408752,0.5384682416915894,0.3682518601417541,0.6648402810096741,0.5555282831192017,0.4227071106433868,0.2733605504035949,0.3627850115299225,0.4094313979148865,0.430095374584198,0.75789475440979
0.3297257423400879,0.538190484046936,0.3678076863288879,0.6645189523696899,0.554952085018158,0.4224447906017303,0.2732670903205871,0.3623928427696228,0.4091772735118866,0.4296712279319763,0.7573361396789551
0.3296679258346557,0.5379126667976379,0.3673635721206665,0.6641976833343506,0.5543758869171143,0.4221824407577514,0.2731736600399017,0.3620006740093231,0.4089231789112091,0.4292470812797546,0.7567774653434753
0.3296101689338684,0.5376349091529846,0.366919457912445,0.6638763546943665,0.5537997484207153,0.4219201207160949,0.2730801999568939,0.3616084456443786,0.408669114112854,0.4288229048252105,0.7562188506126404
0.3295523524284363,0.5373570919036865,0.3664753437042236,0.6635550260543823,0.5532235503196716,0.4216577708721161,0.2729867398738861,0.361216276884079,0.4084150195121765,0.4283987283706665,0.7556601762771606
0.3294945955276489,0.5370792746543884,0.3660311996936798,0.663233757019043,0.5526474118232727,0.4213954508304596,0.2728933095932007,0.3608240783214569,0.4081608951091766,0.4279745817184448,0.7551015615463257
0.3294367790222168,0.5368014574050903,0.3655870854854584,0.6629123687744141,0.552071213722229,0.4211331307888031,0.2727998495101928,0.3604319095611572,0.4079068303108215,0.4275504350662231,0.754542887210846
0.3293790221214294,0.5365236401557922,0.3651429414749145,0.6625910997390747,0.5514950156211853,0.4208707809448242,0.272706389427185,0.3600396811962127,0.407652735710144,0.4271262586116791,0.7539842128753662
0.3293212354183197,0.5362458229064941,0.3646988272666931,0.6622697710990906,0.5509188771247864,0.4206084609031677,0.2726129591464996,0.3596475124359131,0.4073986113071441,0.4267021119594574,0.7534255981445312
0.3292634487152099,0.535968005657196,0.3642547130584717,0.6619484424591064,0.5503426790237427,0.4203461110591888,0.2725194990634918,0.3592553436756134,0.407144546508789,0.4262779355049133,0.7528669238090515
0.3292056620121002,0.5356902480125427,0.3638105988502502,0.6616271138191223,0.5497665405273438,0.4200837910175323,0.2724260985851288,0.3588631451129913,0.4068904519081116,0.4258537590503692,0.7523082494735718
0.3291478753089905,0.5354124307632446,0.363366425037384,0.6613057851791382,0.5491903424263,0.4198214411735534,0.2723326086997986,0.3584709465503692,0.4066363573074341,0.4254296123981476,0.7517495155334473
0.3290901184082031,0.5351346731185913,0.3629223108291626,0.660984456539154,0.5486141443252563,0.419559121131897,0.2722391784191131,0.3580787777900696,0.4063822627067566,0.4250054657459259,0.7511909008026123
0.329032301902771,0.5348567962646484,0.3624781966209411,0.6606631278991699,0.5480380058288574,0.4192967712879181,0.2721457183361053,0.3576865792274475,0.4061281383037567,0.4245812892913818,0.7506322860717773
0.3289745151996612,0.5345789790153503,0.3620340824127197,0.6603417992591858,0.5474618673324585,0.4190344512462616,0.2720522880554199,0.3572943806648254,0.4058740735054016,0.4241571426391601,0.7500736117362976
0.3289167284965515,0.534301221370697,0.3615899384021759,0.6600205302238464,0.5468856692314148,0.4187721014022827,0.2719588279724121,0.3569022119045257,0.4056199789047241,0.4237329959869385,0.7495149374008179
0.3288589715957641,0.5340234041213989,0.3611458241939544,0.6596992015838623,0.5463094711303711,0.4185097813606262,0.2718653976917267,0.3565100431442261,0.4053658545017242,0.4233088195323944,0.7489563226699829
0.3288011848926544,0.5337455868721008,0.3607016801834106,0.6593778133392334,0.5457333326339722,0.4182474613189697,0.2717719376087188,0.356117844581604,0.4051117897033691,0.4228846430778503,0.7483976483345032
0.3287433981895447,0.5334677696228027,0.3602575659751892,0.659056544303894,0.5451571345329285,0.4179851114749908,0.2716785073280334,0.3557256460189819,0.4048576951026916,0.4224604964256286,0.7478390336036682
0.3286856114864349,0.5331900119781494,0.3598134517669678,0.6587352156639099,0.5445809364318848,0.4177227914333343,0.2715850472450256,0.3553334772586822,0.4046035706996918,0.422036349773407,0.7472803592681885
0.3286278247833252,0.5329121351242065,0.3593693375587463,0.6584138870239258,0.5440047979354858,0.4174604415893554,0.2714916169643402,0.3549412786960602,0.4043495059013366,0.4216122031211853,0.7467217445373535
0.3285700380802154,0.5326343178749084,0.3589251935482025,0.6580925583839417,0.5434286594390869,0.417198121547699,0.2713981568813324,0.3545491099357605,0.4040954113006592,0.4211880564689636,0.746163010597229
0.3285122513771057,0.5323565602302551,0.3584810495376587,0.6577712297439575,0.5428524613380432,0.4169357717037201,0.2713046967983246,0.3541569113731384,0.4038413166999817,0.4207638502120971,0.745604395866394
0.3284544646739959,0.532078742980957,0.3580369353294372,0.6574499607086182,0.5422762632369995,0.4166734516620636,0.2712112665176391,0.3537647128105163,0.4035872220993042,0.4203397035598755,0.7450457215309143
0.3283966779708862,0.5318009853363037,0.3575928211212158,0.657128632068634,0.5417001247406006,0.4164111018180847,0.2711178362369537,0.3533725440502167,0.4033331274986267,0.4199155569076538,0.7444870471954346
0.3283389210700989,0.5315231680870056,0.357148677110672,0.6568072438240051,0.5411239862442017,0.4161487817764282,0.2710243761539459,0.352980375289917,0.4030790328979492,0.4194914102554321,0.7439283728599548
0.3282811045646667,0.5312453508377075,0.3567045629024505,0.6564859747886658,0.5405477285385132,0.4158864319324493,0.2709309458732605,0.3525881767272949,0.4028249084949493,0.4190672636032104,0.7433697581291199
0.328223317861557,0.5309675335884094,0.3562604188919067,0.6561646461486816,0.5399715900421143,0.4156241118907928,0.2708374559879303,0.3521959781646728,0.4025708436965942,0.418643057346344,0.7428110837936401
0.3281655311584472,0.5306897163391113,0.3558163046836853,0.6558433771133423,0.5393953919410706,0.4153617918491363,0.2707440555095672,0.3518038094043731,0.4023167490959167,0.4182189106941223,0.7422524690628052
0.3281077742576599,0.5304118990898132,0.3553721904754638,0.6555219888687134,0.5388192534446716,0.4150994420051574,0.270650565624237,0.3514116406440735,0.4020626246929168,0.4177947640419006,0.7416937947273254
0.3280499577522278,0.5301340818405151,0.3549280762672424,0.655200719833374,0.5382430553436279,0.414837121963501,0.270557165145874,0.351019412279129,0.4018085300922394,0.4173706173896789,0.7411351203918457
0.3279922008514404,0.5298563241958618,0.3544839322566986,0.6548793911933899,0.537666916847229,0.4145747721195221,0.2704637050628662,0.3506272435188293,0.4015544354915619,0.4169464111328125,0.7405765056610107
0.3279344141483307,0.5295785069465637,0.3540397882461548,0.6545580625534058,0.5370907187461853,0.4143124520778656,0.2703702449798584,0.3502350747585296,0.4013003706932068,0.4165222644805908,0.7400177717208862
0.3278766274452209,0.5293006896972656,0.3535956740379333,0.6542367339134216,0.5365145206451416,0.4140501022338867,0.270276814699173,0.3498428463935852,0.4010462462902069,0.4160981178283691,0.7394591569900513
0.3278188407421112,0.5290228724479675,0.3531515598297119,0.6539154052734375,0.5359383821487427,0.4137877821922302,0.2701833546161651,0.3494506776332855,0.4007921516895294,0.4156739711761474,0.7389004826545715
0.3277610540390014,0.5287450551986694,0.3527074158191681,0.6535940766334534,0.5353622436523438,0.4135254323482513,0.2700899541378021,0.3490585088729858,0.4005380868911743,0.415249764919281,0.7383418679237366
0.3277032971382141,0.5284672975540161,0.3522633016109466,0.6532727479934692,0.5347860455513,0.4132631123065948,0.2699964642524719,0.3486663103103637,0.4002839624881744,0.4148256480693817,0.7377831935882568
0.327645480632782,0.528189480304718,0.3518191576004028,0.6529514789581299,0.5342098474502563,0.4130007624626159,0.2699030339717865,0.3482741117477417,0.4000298678874969,0.4144014716148376,0.7372245192527771
0.3275876939296722,0.5279116630554199,0.3513750433921814,0.652630090713501,0.5336337089538574,0.4127384424209595,0.2698095738887787,0.347881942987442,0.3997758030891418,0.4139773249626159,0.7366658449172974
0.3275299370288849,0.5276339054107666,0.3509309291839599,0.6523088216781616,0.5330575108528137,0.4124760925769806,0.2697161436080932,0.3474897742271423,0.3995217084884643,0.4135531783103943,0.7361072301864624
0.3274721503257751,0.5273560285568237,0.3504868149757385,0.6519874930381775,0.53248131275177,0.4122137725353241,0.2696227133274078,0.3470975756645202,0.3992675840854645,0.4131290018558502,0.7355485558509827
0.327414333820343,0.5270782113075256,0.3500426709651947,0.6516661643981934,0.5319051742553711,0.4119514524936676,0.2695292532444,0.3467053771018982,0.3990135192871094,0.4127048254013061,0.7349899411201477
0.3273565769195556,0.5268004536628723,0.3495985567569732,0.6513448357582092,0.5313289761543274,0.4116891026496887,0.2694357931613922,0.3463132083415985,0.3987594246864319,0.4122806787490845,0.734431266784668
0.3272987902164459,0.5265226364135742,0.3491544127464294,0.6510235071182251,0.5307528376579285,0.4114267826080322,0.2693423628807068,0.3459210097789764,0.398505300283432,0.4118565320968628,0.7338725328445435
0.3272410035133362,0.5262448191642761,0.348710298538208,0.6507022380828857,0.5301766395568848,0.4111644327640533,0.269248902797699,0.3455288410186767,0.3982512354850769,0.4114323556423187,0.7333139181137085
0.3271832168102264,0.525967001914978,0.3482661843299866,0.6503808498382568,0.5296004414558411,0.4109021127223968,0.2691554725170135,0.3451366424560547,0.397997111082077,0.411008208990097,0.7327553033828735
0.3271254301071167,0.5256892442703247,0.3478220403194427,0.6500595211982727,0.5290243029594421,0.4106397628784179,0.2690620124340057,0.3447444438934326,0.3977430462837219,0.410584032535553,0.7321966290473938
0.3270676434040069,0.5254113674163818,0.3473778963088989,0.6497382521629333,0.5284481048583984,0.4103774428367615,0.2689685821533203,0.3443522751331329,0.397488921880722,0.4101598858833313,0.7316379547119141
0.3270098567008972,0.5251336097717285,0.3469337821006775,0.6494169235229492,0.5278719663619995,0.4101150929927826,0.2688751220703125,0.3439600765705108,0.3972348272800445,0.4097357392311096,0.7310793399810791
0.3269520998001098,0.5248557925224304,0.346489667892456,0.6490956544876099,0.5272957682609558,0.4098527729511261,0.2687816917896271,0.3435678482055664,0.3969807624816894,0.4093115627765655,0.7305206060409546
0.3268943130970001,0.5245779752731323,0.3460455536842346,0.648774266242981,0.5267196297645569,0.4095904231071472,0.2686882317066192,0.3431756794452667,0.3967266380786896,0.4088874161243438,0.7299619913101196
0.3268365263938904,0.524300217628479,0.3456014096736908,0.6484529376029968,0.5261434316635132,0.4093281030654907,0.2685948014259338,0.342783510684967,0.3964725434780121,0.4084632396697998,0.7294033765792847
0.3267787396907806,0.5240224003791809,0.3451572954654693,0.6481316089630127,0.5255672931671143,0.4090657830238342,0.2685013115406036,0.3423913121223449,0.3962184488773346,0.4080390632152557,0.7288447022438049
0.3267209529876709,0.5237445831298828,0.3447131514549255,0.6478103399276733,0.5249910950660706,0.4088034331798553,0.2684079110622406,0.3419991135597229,0.3959643542766571,0.4076149463653564,0.7282860279083252
0.3266631662845611,0.5234667658805847,0.3442690372467041,0.6474889516830444,0.5244148969650269,0.4085411131381988,0.2683144509792328,0.3416069447994232,0.3957102596759796,0.4071907997131347,0.7277273535728455
0.3266053795814514,0.5231889486312866,0.3438249230384826,0.6471676826477051,0.5238387584686279,0.4082787632942199,0.2682210206985473,0.3412147760391235,0.3954561650753021,0.4067665934562683,0.7271686792373657
0.3265475928783417,0.5229111313819885,0.3433807790279388,0.646846354007721,0.523262619972229,0.4080164432525635,0.2681275606155395,0.3408225476741791,0.395202100276947,0.4063424468040466,0.7266100645065308
0.3264898061752319,0.5226333141326904,0.342936635017395,0.6465250253677368,0.5226864218711853,0.4077540934085846,0.2680341005325317,0.3404303789138794,0.3949479758739471,0.4059183001518249,0.726051390171051
0.3264320492744446,0.5223555564880371,0.3424925208091736,0.6462036967277527,0.5221102237701416,0.4074917733669281,0.2679406702518463,0.3400382101535797,0.3946938812732696,0.4054941236972809,0.7254927754402161
0.3263742327690124,0.522077739238739,0.3420484066009521,0.6458823680877686,0.5215340256690979,0.4072294235229492,0.2678472101688385,0.33964604139328,0.3944398164749145,0.4050699472427368,0.7249341011047363
0.3263164460659027,0.5217999815940857,0.3416042923927307,0.6455610990524292,0.520957887172699,0.4069671034812927,0.2677537798881531,0.3392538130283355,0.3941856920719147,0.4046458005905151,0.7243754863739014
0.3262586593627929,0.5215221047401428,0.3411601483821869,0.6452397108078003,0.5203816890716553,0.4067047536373138,0.2676603496074676,0.3388616442680359,0.3939315974712372,0.4042216539382934,0.7238168120384216
0.3262009024620056,0.5212442874908447,0.3407160341739654,0.6449184417724609,0.5198055505752563,0.4064424335956573,0.2675668597221374,0.3384694755077362,0.3936775028705597,0.4037975072860718,0.7232581377029419
0.3261431157588959,0.5209665298461914,0.3402718901634216,0.6445971131324768,0.5192293524742126,0.4061801135540008,0.2674734592437744,0.3380772769451141,0.3934234082698822,0.4033733606338501,0.7226994633674622
0.3260853290557861,0.5206887125968933,0.3398277759552002,0.6442757844924927,0.5186532139778137,0.405917763710022,0.2673799693584442,0.337685078382492,0.3931693136692047,0.402949184179306,0.7221407890319824
0.326027512550354,0.5204108953475952,0.3393836617469787,0.6439545154571533,0.51807701587677,0.4056554436683655,0.2672865688800812,0.3372929096221924,0.3929152190685272,0.4025250077247619,0.7215821146965027
0.3259697556495666,0.5201330780982971,0.3389395475387573,0.6436331272125244,0.5175008773803711,0.4053930938243866,0.267193078994751,0.3369007110595703,0.3926611244678497,0.4021008610725403,0.721023440361023
0.3259119689464569,0.519855260848999,0.3384953737258911,0.6433117985725403,0.5169246792793274,0.4051307737827301,0.2670996487140655,0.3365085124969482,0.3924070298671722,0.4016767144203186,0.720464825630188
0.3258541822433471,0.5195775032043457,0.3380512595176697,0.6429904699325562,0.5163484811782837,0.4048684239387512,0.2670062184333801,0.3361163437366485,0.3921529352664947,0.4012525379657745,0.719906210899353
0.3257963955402374,0.5192996263504028,0.3376071453094482,0.6426692008972168,0.5157723426818848,0.4046061038970947,0.2669127583503723,0.3357241451740265,0.3918988406658172,0.4008283913135528,0.7193475365638733
0.3257386088371277,0.5190218687057495,0.3371630311012268,0.6423478126525879,0.5151962041854858,0.4043437540531158,0.2668193280696869,0.3353319764137268,0.3916447758674621,0.4004042148590088,0.7187888622283936
0.3256808221340179,0.5187440514564514,0.336718887090683,0.6420265436172485,0.5146199464797974,0.4040814340114593,0.2667258679866791,0.3349397778511047,0.3913906514644623,0.3999800682067871,0.7182302474975586
0.3256230354309082,0.5184662938117981,0.3362747728824615,0.6417052149772644,0.5140438079833984,0.4038190841674804,0.2666324079036712,0.334547609090805,0.3911365568637848,0.399555891752243,0.7176715731620789
0.3255652785301208,0.5181884765625,0.3358306288719177,0.6413838863372803,0.5134676098823547,0.403556764125824,0.2665389776229858,0.334155410528183,0.3908824920654297,0.3991317451000213,0.7171129584312439
0.3255074620246887,0.5179105997085571,0.3353865146636963,0.6410626173019409,0.5128914713859558,0.4032944440841675,0.266445517539978,0.3337632417678833,0.3906283676624298,0.3987075984477997,0.7165542840957642
0.3254497051239013,0.5176328420639038,0.3349424004554748,0.640741229057312,0.5123153328895569,0.4030320942401886,0.2663520872592926,0.3333710432052612,0.3903742730617523,0.3982834219932556,0.7159956097602844
0.3253919184207916,0.5173550248146057,0.3344982862472534,0.6404199600219727,0.5117391347885132,0.4027697741985321,0.2662586271762848,0.3329788446426391,0.3901202082633972,0.3978592455387115,0.7154369354248047
0.3253341317176819,0.5170772075653076,0.3340541124343872,0.6400986313819885,0.5111629366874695,0.4025074243545532,0.2661651968955993,0.3325866758823395,0.3898661136627197,0.3974350988864898,0.7148782014846802
0.3252763450145721,0.5167994499206543,0.3336099982261657,0.6397772431373596,0.5105867385864258,0.4022451043128967,0.2660717368125915,0.3321945071220398,0.3896119892597198,0.3970109224319458,0.7143195867538452
0.3252185583114624,0.5165216326713562,0.3331658840179443,0.6394559741020203,0.5100106000900269,0.4019827544689178,0.2659783065319061,0.3318022787570953,0.3893578946590423,0.3965867757797241,0.7137609720230103
0.3251607716083526,0.5162438154220581,0.3327217698097229,0.6391346454620361,0.5094344019889832,0.4017204344272613,0.2658848464488983,0.3314101099967956,0.3891038000583648,0.3961626291275024,0.7132022976875305
0.3251029849052429,0.5159659385681152,0.3322775959968567,0.638813316822052,0.5088582634925842,0.4014580845832824,0.2657914161682129,0.3310179412364959,0.388849675655365,0.3957384526729584,0.7126436233520508
0.3250451982021332,0.5156881809234619,0.3318335115909576,0.6384919881820679,0.5082820653915405,0.401195764541626,0.2656979262828827,0.3306257128715515,0.3885956108570099,0.3953143060207367,0.7120850086212158
0.3249874114990234,0.5154104232788086,0.3313893675804138,0.6381706595420837,0.5077059268951416,0.4009334146976471,0.2656045258045196,0.3302335441112518,0.3883415162563324,0.3948901295661926,0.7115263342857361
0.3249296247959137,0.5151326060295105,0.3309452533721924,0.6378493309020996,0.5071297287940979,0.4006710946559906,0.2655110657215118,0.3298413753509521,0.3880873918533325,0.3944659829139709,0.7109677195549011
0.3248718380928039,0.5148547887802124,0.3305011391639709,0.6375280618667603,0.506553590297699,0.4004087746143341,0.2654176354408264,0.3294492065906524,0.3878333270549774,0.3940418064594269,0.7104090452194214
0.3248140811920166,0.5145769715309143,0.3300570249557495,0.6372066736221313,0.5059773921966553,0.4001464247703552,0.265324205160141,0.329056978225708,0.3875792324542999,0.3936176598072052,0.7098504304885864
0.3247562646865845,0.514299213886261,0.3296128511428833,0.636885404586792,0.5054012537002563,0.3998841047286987,0.2652307152748108,0.3286648094654083,0.3873251378536224,0.3931935131549835,0.7092916965484619
0.3246985077857971,0.5140213370323181,0.3291687369346618,0.6365641355514526,0.5048250555992126,0.3996217548847198,0.2651373147964477,0.3282726407051086,0.3870710432529449,0.3927693367004394,0.708733081817627
0.3246407210826874,0.51374351978302,0.3287246227264404,0.6362427473068237,0.504248857498169,0.3993594348430633,0.2650438249111175,0.3278804421424866,0.3868169486522674,0.3923451602458954,0.7081744074821472
0.3245829343795776,0.5134657621383667,0.328280508518219,0.6359214782714844,0.50367271900177,0.3990970849990845,0.2649504244327545,0.3274882435798645,0.3865628540515899,0.3919210135936737,0.7076157331466675
0.3245251178741455,0.5131879448890686,0.3278363645076751,0.6356000900268555,0.5030965209007263,0.398834764957428,0.2648569643497467,0.3270960748195648,0.3863087892532348,0.3914968967437744,0.7070570588111877
0.3244673609733581,0.5129101276397705,0.3273922502994537,0.6352788209915161,0.5025203227996826,0.3985724151134491,0.2647635042667389,0.3267038762569427,0.386054664850235,0.3910726904869079,0.7064984440803528
0.3244095742702484,0.5126323103904724,0.3269481062889099,0.6349574327468872,0.5019441843032837,0.3983100950717926,0.2646700739860534,0.3263116776943207,0.3858005702495575,0.3906485438346863,0.705939769744873
0.3243517875671386,0.5123545527458191,0.3265039920806885,0.6346361637115479,0.50136798620224,0.3980477452278137,0.2645766139030456,0.3259194791316986,0.38554647564888,0.3902243673801422,0.7053811550140381
0.3242940008640289,0.512076735496521,0.326059877872467,0.6343148350715637,0.5007918477058411,0.3977854251861572,0.2644831836223602,0.3255273103713989,0.3852923512458801,0.3898002207279205,0.7048224806785583
0.3242362439632416,0.5117989182472229,0.3256157636642456,0.6339935064315796,0.5002156496047974,0.3975231051445007,0.2643897235393524,0.3251351118087768,0.385038286447525,0.3893760442733764,0.7042638063430786
0.3241784274578094,0.5115211009979248,0.3251715898513794,0.6336722373962402,0.4996395111083984,0.3972607553005218,0.2642962634563446,0.3247429430484772,0.3847841918468475,0.3889518976211548,0.7037051916122437
0.3241206407546997,0.5112432837486267,0.3247274756431579,0.6333508491516113,0.4990633130073547,0.3969984352588653,0.2642028629779815,0.3243507444858551,0.3845300674438476,0.3885277509689331,0.7031465768814087
0.3240628540515899,0.5109655261039734,0.3242833614349365,0.633029580116272,0.498487114906311,0.3967360854148865,0.2641093730926513,0.323958545923233,0.3842760026454925,0.3881036043167114,0.7025878429412842
0.3240050971508026,0.5106877088546753,0.3238392472267151,0.6327082514762878,0.4979109764099121,0.39647376537323,0.2640159726142883,0.3235663771629333,0.384021908044815,0.3876793980598449,0.7020292282104492
0.3239473104476928,0.5104098320007324,0.3233951032161712,0.6323869228363037,0.4973348081111908,0.3962114155292511,0.2639224827289581,0.3231742084026336,0.3837678134441376,0.3872552514076233,0.7014705538749695
0.3238895237445831,0.5101320743560791,0.3229509890079498,0.6320655345916748,0.4967586398124695,0.3959490954875946,0.2638290524482727,0.3227819800376892,0.3835137486457824,0.3868311047554016,0.7009118795394897
0.3238317370414734,0.509854257106781,0.322506844997406,0.6317442655563354,0.4961824715137481,0.3956867456436157,0.2637355923652649,0.3223898112773895,0.3832596242427826,0.3864069581031799,0.70035320520401
0.3237739503383636,0.5095764398574829,0.3220627307891845,0.6314229369163513,0.4956062436103821,0.3954244256019592,0.2636421620845794,0.3219976425170898,0.3830055296421051,0.3859828114509582,0.6997945308685303
0.3237161636352539,0.5092986822128296,0.3216186165809631,0.6311016082763672,0.4950301051139831,0.3951620757579803,0.2635486721992492,0.3216054439544678,0.38275146484375,0.3855586051940918,0.6992359161376953
0.3236583769321441,0.5090208649635315,0.3211745023727417,0.6307803392410278,0.4944539368152618,0.3948997557163238,0.2634552717208862,0.3212132453918457,0.3824973404407501,0.3851344883441925,0.6986772418022156
0.3236006200313568,0.5087430477142334,0.3207303583621979,0.6304589509963989,0.4938777685165405,0.3946374356746673,0.2633618116378784,0.320821076631546,0.3822432458400726,0.3847103118896484,0.6981186270713806
0.323542833328247,0.5084652304649353,0.320286214351654,0.6301376819610596,0.4933016002178192,0.3943750858306885,0.263268381357193,0.3204289078712463,0.3819891810417175,0.3842861652374267,0.6975599527359009
0.3234850466251373,0.5081874132156372,0.3198421001434326,0.6298162937164307,0.4927254319190979,0.394112765789032,0.2631749212741852,0.3200366795063019,0.38173508644104,0.3838619887828827,0.6970013380050659
0.3234272599220276,0.5079095959663391,0.3193979859352112,0.6294950246810913,0.4921492338180542,0.3938504159450531,0.2630814611911773,0.3196445107460022,0.3814809322357178,0.3834378123283386,0.6964426040649414
0.3233694732189178,0.5076318383216858,0.3189538419246673,0.629173755645752,0.4915730655193329,0.3935880959033966,0.2629880309104919,0.3192523419857025,0.3812268674373626,0.3830136656761169,0.6958839893341064
0.3233116865158081,0.5073540210723877,0.3185097277164459,0.628852367401123,0.4909968972206116,0.3933257460594177,0.2628945708274841,0.3188601434230804,0.3809727430343628,0.3825895190238952,0.6953253149986267
0.3232538998126983,0.5070762038230896,0.3180655837059021,0.6285310983657837,0.4904206991195678,0.3930634260177612,0.2628011405467987,0.3184679448604584,0.3807186484336853,0.3821653425693512,0.694766640663147
0.3231961131095886,0.5067984461784363,0.3176214694976806,0.6282097101211548,0.4898445606231689,0.3928010761737823,0.2627077102661133,0.3180757761001587,0.3804645836353302,0.3817411959171295,0.694208025932312
0.3231383264064789,0.5065205693244934,0.3171773552894592,0.6278883814811707,0.4892683625221252,0.3925387561321258,0.2626142501831054,0.3176835775375366,0.3802104592323303,0.3813170492649078,0.6936492919921875
0.3230805397033691,0.5062427520751953,0.3167332410812378,0.6275671124458313,0.4886922240257263,0.392276406288147,0.26252081990242,0.3172914087772369,0.3799563646316528,0.3808928728103637,0.6930906772613525
0.3230227828025818,0.505964994430542,0.3162890970706939,0.6272457838058472,0.4881160259246826,0.3920140862464905,0.2624273300170898,0.3168992102146148,0.3797022998332977,0.3804687261581421,0.6925320625305176
0.3229649662971496,0.5056871771812439,0.3158449530601501,0.6269245147705078,0.4875398874282837,0.3917517364025116,0.2623339295387268,0.3165070414543152,0.3794482052326202,0.380044549703598,0.6919733881950378
0.3229072093963623,0.5054094195365906,0.3154008388519287,0.6266031265258789,0.4869637191295624,0.3914894163608551,0.2622404396533966,0.3161148428916931,0.3791940808296203,0.3796204030513763,0.6914147138595581
0.3228493928909302,0.5051316022872925,0.3149567246437073,0.6262817978858948,0.4863875210285187,0.3912270963191986,0.2621470093727112,0.315722644329071,0.3789400160312652,0.3791962265968323,0.6908560991287231
0.3227916359901428,0.5048537850379944,0.3145126104354858,0.6259604692459106,0.4858113527297973,0.3909647464752197,0.2620535790920257,0.3153304755687713,0.3786859214305877,0.3787720799446106,0.6902973651885986
0.3227338194847107,0.5045759081840515,0.314068466424942,0.6256392002105713,0.485235184431076,0.3907024264335632,0.2619601190090179,0.3149382770061493,0.3784317970275879,0.3783479332923889,0.6897387504577637
0.3226760625839233,0.5042981505393982,0.3136243224143982,0.6253178119659424,0.4846589863300323,0.3904400765895843,0.2618666887283325,0.3145461082458496,0.3781777620315552,0.3779237568378448,0.6891800761222839
0.3226182460784912,0.5040203332901001,0.3131802082061767,0.624996542930603,0.484082818031311,0.3901777565479278,0.2617732286453247,0.3141539096832275,0.3779236376285553,0.3774995803833008,0.688621461391449
0.3225604891777038,0.503742516040802,0.3127360641956329,0.6246751546859741,0.4835066497325897,0.389915406703949,0.2616797685623169,0.3137617111206054,0.3776695430278778,0.3770754337310791,0.6880627870559692
0.3225027024745941,0.5034647583961487,0.3122919797897339,0.6243538856506348,0.4829304814338684,0.3896530866622925,0.2615863382816314,0.3133695423603058,0.3774154186248779,0.376651257276535,0.6875041723251343
0.3224449157714844,0.5031869411468506,0.3118478059768677,0.6240326166152954,0.4823542833328247,0.3893907368183136,0.2614928781986236,0.3129773736000061,0.3771613240242004,0.3762271106243133,0.6869454979896545
0.3223871290683746,0.5029090642929077,0.3114037215709686,0.6237112283706665,0.4817781448364258,0.3891284167766571,0.2613994777202606,0.312585175037384,0.3769072592258453,0.3758029639720917,0.6863868236541748
0.3223293423652649,0.5026313066482544,0.3109595775604248,0.6233899593353271,0.4812019467353821,0.3888660669326782,0.2613059878349304,0.3121929764747619,0.3766531646251678,0.3753787875175476,0.6858281493186951
0.3222715556621551,0.5023534893989563,0.3105154633522033,0.6230685710906982,0.4806257784366607,0.3886037468910217,0.261212557554245,0.3118008077144623,0.3763990402221679,0.3749546408653259,0.6852694749832153
0.3222137987613678,0.502075731754303,0.3100713491439819,0.6227473020553589,0.4800496101379394,0.3883414268493652,0.2611190974712372,0.3114086389541626,0.3761449754238128,0.3745304644107818,0.6847108602523804
0.3221559822559356,0.5017979145050049,0.3096272349357605,0.6224259734153748,0.4794734120368957,0.3880790770053863,0.2610256671905517,0.3110164105892181,0.3758908808231354,0.3741063177585602,0.6841521263122559
0.3220981955528259,0.5015200972557068,0.3091830611228943,0.6221046447753906,0.4788972735404968,0.3878167569637298,0.2609322071075439,0.3106242418289184,0.3756367564201355,0.3736821413040161,0.6835935115814209
0.3220404386520386,0.5012422800064087,0.3087389469146728,0.6217833757400513,0.4783210754394531,0.387554407119751,0.2608387768268585,0.3102320730686188,0.3753826916217804,0.3732579946517944,0.6830348968505859
0.3219826519489288,0.5009644627571106,0.3082948327064514,0.6214619874954224,0.4777449071407318,0.3872920870780945,0.2607453167438507,0.3098398447036743,0.3751285970211029,0.3728338479995727,0.6824762225151062
0.3219248652458191,0.5006866455078125,0.3078506886959076,0.621140718460083,0.4771687388420105,0.3870297372341156,0.2606518864631653,0.3094476759433746,0.3748745024204254,0.3724097013473511,0.6819175481796265
0.3218670785427093,0.5004088282585144,0.3074065744876861,0.6208193302154541,0.4765926003456116,0.3867674171924591,0.2605584561824798,0.3090554773807525,0.3746204376220703,0.3719854950904846,0.6813589334487915
0.3218092918395996,0.5001310706138611,0.3069624602794647,0.6204980611801147,0.4760164022445678,0.3865050673484802,0.260464996099472,0.3086633086204529,0.3743663132190704,0.3715613782405853,0.6808002591133118
0.3217515051364898,0.499853253364563,0.3065183162689209,0.6201766729354858,0.4754402637481689,0.3862427473068237,0.2603715658187866,0.3082710802555084,0.3741122186183929,0.3711372017860412,0.6802416443824768
0.3216937184333801,0.4995754659175873,0.3060742020606994,0.6198554039001465,0.4748640656471252,0.3859803974628448,0.2602780759334564,0.3078789114952087,0.373858094215393,0.3707130551338196,0.6796829700469971
0.3216359317302704,0.4992976486682892,0.3056300580501556,0.6195340752601624,0.4742878973484039,0.3857180774211883,0.2601846754550934,0.3074867129325866,0.3736040294170379,0.3702889084815979,0.6791242957115173
0.3215781450271606,0.4990198016166687,0.3051859736442566,0.6192127466201782,0.4737117290496826,0.3854557573795318,0.2600911855697632,0.307094544172287,0.3733499348163605,0.3698647320270538,0.6785656213760376
0.3215203881263733,0.498742014169693,0.3047417998313904,0.6188914179801941,0.4731355309486389,0.385193407535553,0.2599977850914001,0.3067023456096649,0.373095840215683,0.3694405853748321,0.6780068874359131
0.3214625716209411,0.4984642267227173,0.3042976856231689,0.61857008934021,0.4725593626499176,0.3849310874938965,0.2599043250083923,0.3063101768493652,0.3728417158126831,0.3690164089202881,0.6774482727050781
0.3214048147201538,0.4981864094734192,0.3038535714149475,0.6182488203048706,0.4719831943511963,0.3846687376499176,0.2598108649253845,0.3059179782867431,0.3725876212120056,0.3685922622680664,0.6768896579742432
0.3213469982147217,0.4979086220264435,0.3034094572067261,0.6179274320602417,0.4714069962501526,0.3844064176082611,0.2597174346446991,0.3055258095264435,0.3723335564136505,0.3681681156158447,0.6763309836387634
0.3212892413139343,0.4976308345794678,0.3029653131961822,0.6176061630249023,0.4708308577537536,0.3841440677642822,0.2596239745616913,0.3051336109638214,0.3720794320106506,0.3677439093589782,0.6757723093032837
0.3212314248085022,0.4973530173301697,0.3025211691856384,0.6172847747802734,0.4702546596527099,0.3838817477226257,0.2595305442810058,0.3047414422035217,0.3718253374099731,0.3673197627067566,0.6752136945724487
0.3211736679077148,0.4970751702785492,0.302077054977417,0.6169635057449341,0.4696784913539886,0.3836193978786468,0.259437084197998,0.3043492436408996,0.371571272611618,0.3668956160545349,0.6746550798416138
0.3211158812046051,0.4967973828315735,0.3016329407691955,0.6166422367095947,0.4691023528575897,0.3833570778369903,0.2593436241149902,0.3039570748806,0.3713171780109405,0.3664714097976684,0.674096405506134
0.3210580945014953,0.4965195655822754,0.3011888265609741,0.6163208484649658,0.4685261845588684,0.3830947279930115,0.2592502236366272,0.3035648763179779,0.3710630536079407,0.3660472929477691,0.6735377311706543
0.3210003077983856,0.4962417781352997,0.3007446825504303,0.6159995794296265,0.4679500162601471,0.382832407951355,0.259156733751297,0.3031726777553558,0.3708089888095855,0.3656231462955475,0.6729791164398193
0.3209425210952759,0.4959639608860016,0.3003005385398865,0.6156782507896423,0.4673738479614258,0.3825700879096985,0.2590633332729339,0.3027805089950561,0.3705548942089081,0.3651989996433258,0.6724204421043396
0.3208847343921661,0.4956861734390259,0.299856424331665,0.6153569221496582,0.4667976498603821,0.3823077380657196,0.2589698433876037,0.3023883402347564,0.3703007698059082,0.3647748231887817,0.6718617677688599
0.3208269476890564,0.4954083263874054,0.2994123101234436,0.6150355339050293,0.4662214517593384,0.3820454180240631,0.2588764131069183,0.301996111869812,0.3700467348098755,0.3643506467342376,0.6713031530380249
0.3207691609859466,0.4951305091381073,0.2989681959152221,0.6147142648696899,0.4656453132629394,0.3817830681800842,0.2587829530239105,0.3016039431095123,0.3697926104068756,0.363926500082016,0.6707444190979004
0.3207114040851593,0.494852751493454,0.2985240221023559,0.6143929362297058,0.4650691151618957,0.3815207481384277,0.2586895227432251,0.3012117743492126,0.3695385158061981,0.3635023236274719,0.6701857447624207
0.3206536173820495,0.4945749342441559,0.2980799376964569,0.6140716075897217,0.464492917060852,0.3812583982944488,0.2585960924625397,0.3008195459842682,0.369284451007843,0.3630781769752502,0.6696271300315857
0.3205958306789398,0.4942971467971802,0.2976357936859131,0.6137503385543823,0.4639167785644531,0.3809960782527923,0.2585026323795318,0.3004273772239685,0.3690302968025207,0.3626540303230285,0.669068455696106
0.3205380439758301,0.4940193593502044,0.2971916794776916,0.6134289503097534,0.4633406102657318,0.3807337284088135,0.258409172296524,0.3000352084636688,0.3687762320041656,0.3622298538684845,0.668509840965271
0.3204802572727203,0.4937415421009063,0.2967475354671478,0.6131076812744141,0.4627644419670105,0.380471408367157,0.2583157420158386,0.2996430099010467,0.3685221076011657,0.3618056774139404,0.6679511666297913
0.3204224705696106,0.4934636950492859,0.2963034510612488,0.6127863526344299,0.4621882736682892,0.3802090585231781,0.2582222819328308,0.2992508113384247,0.3682680130004883,0.3613815307617187,0.6673925518989563
0.3203646838665008,0.4931859076023102,0.2958593070507049,0.6124650239944458,0.4616120755672455,0.3799467384815216,0.2581288516521454,0.298858642578125,0.3680139482021332,0.360957384109497,0.6668338775634766
0.3203068971633911,0.4929080903530121,0.2954151630401611,0.6121436953544617,0.4610359072685241,0.3796844184398651,0.2580353915691376,0.2984664738178253,0.3677598536014557,0.360533207654953,0.6662752628326416
0.3202491402626037,0.4926303029060364,0.2949710488319397,0.6118223667144775,0.4604597091674804,0.3794220685958862,0.2579419612884521,0.2980742752552032,0.3675057291984558,0.3601090610027313,0.6657165288925171
0.3201913237571716,0.4923524856567383,0.2945269346237182,0.6115010976791382,0.4598835706710815,0.3791597485542297,0.2578485012054443,0.2976820766925812,0.3672516345977783,0.3596848845481872,0.6651579141616821
0.3201335370540619,0.4920746684074402,0.2940827906131744,0.6111797094345093,0.4593074023723602,0.3788973987102508,0.2577550709247589,0.2972899079322815,0.3669975697994232,0.3592607378959656,0.6645992398262024
0.3200757503509521,0.4917968511581421,0.2936386466026306,0.6108584403991699,0.4587312042713165,0.3786350786685943,0.2576616108417511,0.2968977093696594,0.3667434751987457,0.3588365614414215,0.6640405654907227
0.3200179934501648,0.4915190935134887,0.2931945323944092,0.6105371117591858,0.4581550359725952,0.3783727288246155,0.2575681805610657,0.2965055406093597,0.3664893507957458,0.3584124147891998,0.6634818911552429
0.3199601769447326,0.4912412762641907,0.2927504181861877,0.6102157831192017,0.4575788974761963,0.378110408782959,0.2574746906757355,0.2961133420467376,0.3662352859973907,0.3579882681369781,0.6629232168197632
0.3199024200439453,0.4909634590148926,0.2923062741756439,0.6098943948745728,0.457002729177475,0.3778480589389801,0.2573812901973724,0.2957211434841156,0.3659811913967132,0.3575640916824341,0.6623646020889282
0.3198446333408355,0.4906856715679168,0.2918621897697449,0.6095731258392334,0.4564265608787536,0.3775857388973236,0.2572878003120422,0.2953289747238159,0.3657270669937134,0.3571399450302124,0.6618059873580933
0.3197868466377258,0.4904078543186188,0.2914180159568786,0.6092517971992493,0.4558503925800323,0.3773233890533447,0.2571943998336792,0.2949367761611938,0.3654730021953583,0.3567157983779907,0.6612473130226135
0.3197290301322937,0.4901300370693207,0.2909739017486572,0.6089305281639099,0.4552741944789886,0.3770610690116882,0.2571009397506714,0.2945446074008941,0.3652189075946808,0.3562916219234466,0.6606886386871338
0.3196712732315063,0.4898522198200226,0.2905297875404358,0.6086091995239258,0.4546980261802673,0.3767987489700317,0.2570074796676636,0.2941524088382721,0.3649648129940033,0.3558674454689026,0.6601300239562988
0.319613516330719,0.4895744323730469,0.2900856733322143,0.6082878112792969,0.454121857881546,0.3765363991260528,0.2569140493869781,0.2937602400779724,0.3647106885910034,0.3554432988166809,0.6595712900161743
0.3195556998252868,0.4892966151237488,0.2896415293216705,0.6079665422439575,0.4535456597805023,0.3762740790843963,0.2568205893039703,0.2933680415153503,0.3644565939903259,0.3550191521644592,0.6590126752853394
0.3194979429244995,0.4890187978744507,0.2891973853111267,0.6076452136039734,0.452969491481781,0.3760117292404175,0.2567271590232849,0.2929758429527282,0.3642025291919708,0.3545949757099151,0.6584540009498596
0.3194401264190674,0.4887410402297973,0.2887532711029053,0.6073238849639893,0.4523932933807373,0.375749409198761,0.2566336989402771,0.2925836741924286,0.3639484047889709,0.3541708290576935,0.6578953862190247
0.31938236951828,0.4884632229804992,0.2883091568946838,0.6070025563240051,0.4518171548843384,0.3754870593547821,0.2565402686595917,0.2921915054321289,0.3636943101882934,0.3537466824054718,0.6573367118835449
0.3193245530128479,0.4881854057312011,0.2878650426864624,0.606681227684021,0.451240986585617,0.3752247393131256,0.2564468383789062,0.291799247264862,0.3634402453899383,0.3533225059509277,0.6567779779434204
0.3192667961120605,0.4879075884819031,0.2874208986759186,0.6063599586486816,0.4506647884845733,0.3749623894691467,0.2563533782958984,0.2914070785045624,0.3631861507892608,0.352898359298706,0.6562193632125854
0.3192090094089508,0.4876298010349273,0.2869767844676971,0.6060385704040527,0.450088620185852,0.3747000694274902,0.256259948015213,0.2910149097442627,0.362932026386261,0.352474182844162,0.6556607484817505
0.319151222705841,0.4873519837856293,0.2865326404571533,0.6057173013687134,0.4495124816894531,0.3744377195835113,0.2561664581298828,0.2906227111816406,0.3626779615879059,0.3520500063896179,0.6551020741462708
0.3190934360027313,0.4870741665363312,0.2860885262489319,0.6053959727287292,0.4489362835884094,0.3741753995418548,0.2560730278491974,0.2902305126190185,0.3624238669872284,0.3516258597373962,0.654543399810791
0.3190356492996216,0.4867963790893554,0.2856444120407104,0.6050746440887451,0.4483601152896881,0.3739130795001983,0.2559795677661896,0.2898383438587188,0.3621697425842285,0.3512017130851745,0.653984785079956
0.3189778625965118,0.4865185618400574,0.2852002680301666,0.604753315448761,0.4477839469909668,0.3736507296562195,0.2558861374855041,0.2894461750984192,0.3619157075881958,0.3507775664329529,0.6534261107444763
0.3189200758934021,0.4862407445907593,0.2847561538219452,0.6044319868087769,0.4472077488899231,0.373388409614563,0.2557927072048187,0.2890539765357971,0.3616615831851959,0.3503533899784088,0.6528674364089966
0.3188622891902923,0.4859629571437835,0.2843120098114013,0.6041106581687927,0.4466315805912018,0.3731260597705841,0.2556992471218109,0.288661777973175,0.3614074885845184,0.3499292135238647,0.6523088216781616
0.3188045024871826,0.4856851398944855,0.2838678956031799,0.6037893295288086,0.4460554122924804,0.3728637397289276,0.2556058168411255,0.2882696092128753,0.3611534237861633,0.349505066871643,0.6517501473426819
0.3187467455863952,0.4854073226451874,0.2834237515926361,0.6034680604934692,0.4454792737960815,0.3726013898849487,0.2555123567581177,0.2878774106502533,0.360899269580841,0.349080890417099,0.6511914730072021
0.3186889588832855,0.4851295351982116,0.282979667186737,0.6031466722488403,0.4449030756950378,0.3723390698432922,0.2554189264774322,0.2874852120876312,0.3606452047824859,0.3486567735671997,0.6506328582763672
0.3186311721801758,0.4848517477512359,0.2825355231761932,0.602825403213501,0.4443269073963165,0.3720767199993133,0.2553254663944244,0.2870930433273315,0.3603910803794861,0.3482325971126556,0.6500741839408875
0.3185733556747436,0.4845739305019378,0.2820913791656494,0.6025040149688721,0.4437507390975952,0.3718143999576568,0.2552320063114166,0.2867008447647095,0.3601369857788086,0.3478084206581116,0.6495155096054077
0.3185155987739563,0.4842961132526397,0.281647264957428,0.6021827459335327,0.4431745707988739,0.371552050113678,0.2551385760307312,0.2863086760044098,0.3598828911781311,0.3473842740058899,0.6489568948745728
0.3184578120708465,0.484018325805664,0.2812031507492065,0.6018614172935486,0.4425983726978302,0.3712897300720215,0.2550451159477234,0.2859164774417877,0.359628826379776,0.3469600975513458,0.648398220539093
0.3184000253677368,0.4837405085563659,0.2807590365409851,0.6015400886535645,0.4420222043991089,0.3710273802280426,0.2549516856670379,0.285524308681488,0.3593747019767761,0.3465359508991241,0.6478395462036133
0.3183422386646271,0.4834626913070678,0.2803148627281189,0.6012188196182251,0.4414460361003876,0.3707650601863861,0.2548582255840301,0.2851321101188659,0.3591206073760986,0.3461117744445801,0.6472809314727783
0.3182844519615173,0.4831848740577698,0.2798707485198974,0.6008974313735962,0.4408698678016662,0.3705027401447296,0.2547647953033447,0.2847399413585663,0.3588665425777435,0.3456876277923584,0.6467221975326538
0.3182266652584076,0.482907086610794,0.279426634311676,0.6005761623382568,0.4402936697006225,0.3702403903007507,0.2546713352203369,0.2843477427959442,0.3586124181747436,0.3452634811401367,0.6461635828018188
0.3181688785552978,0.4826292693614959,0.2789825201034546,0.6002548336982727,0.4397175312042236,0.3699780702590942,0.2545779049396515,0.2839555442333221,0.3583583235740661,0.344839334487915,0.6456049084663391
0.3181111216545105,0.4823514819145202,0.2785384058952331,0.5999335050582886,0.4391413331031799,0.3697157204151153,0.2544844448566437,0.2835633754730224,0.358104258775711,0.3444151282310486,0.6450462341308594
0.3180533051490783,0.4820736944675445,0.2780942320823669,0.5996122360229492,0.4385651648044586,0.3694534003734588,0.2543910145759582,0.2831712067127228,0.3578501641750335,0.3439909815788269,0.6444876194000244
0.317995548248291,0.4817958772182464,0.2776501476764679,0.5992908477783203,0.4379889965057373,0.36919105052948,0.2542975544929504,0.2827789783477783,0.3575960397720337,0.3435668349266052,0.6439289450645447
0.3179377317428589,0.4815180599689483,0.2772060036659241,0.5989695191383362,0.4374127984046936,0.3689287304878235,0.2542040944099426,0.2823868095874786,0.3573419749736786,0.3431426584720611,0.6433702707290649
0.3178799748420715,0.4812402725219726,0.2767618894577026,0.5986482501029968,0.4368366599082947,0.3686663806438446,0.2541106641292572,0.2819946408271789,0.3570878803730011,0.3427185118198395,0.64281165599823
0.3178221881389618,0.4809624552726745,0.2763177454471588,0.5983269214630127,0.436260461807251,0.3684040606021881,0.2540172338485718,0.2816024124622345,0.3568337559700012,0.3422943353652954,0.6422529816627502
0.317764401435852,0.4806846380233764,0.2758736312389374,0.5980055332183838,0.4356842935085296,0.3681417107582092,0.2539237737655639,0.2812102437019348,0.3565796613693237,0.3418701887130737,0.6416943669319153
0.3177066147327423,0.4804068207740783,0.2754294872283935,0.5976842641830444,0.4351081252098083,0.3678793907165527,0.2538303136825561,0.2808180749416351,0.3563255667686462,0.341446042060852,0.6411356925964355
0.3176488280296325,0.4801290333271026,0.2749853730201721,0.5973629355430603,0.434531956911087,0.3676170706748962,0.2537368834018707,0.2804259061813354,0.3560715019702911,0.341021865606308,0.6405770182609558
0.3175910413265228,0.4798511862754822,0.2745412588119507,0.5970416069030762,0.4339557886123657,0.3673547208309173,0.2536434531211853,0.280033677816391,0.3558173775672912,0.3405977189540863,0.6400183439254761
0.3175332546234131,0.4795733988285064,0.2740971148014068,0.596720278263092,0.433379590511322,0.3670924007892608,0.2535499930381775,0.2796415090560913,0.3555632829666137,0.3401735424995422,0.6394596695899963
0.3174754679203033,0.4792956113815307,0.2736530005931854,0.5963989496231079,0.4328034520149231,0.366830050945282,0.2534565329551697,0.2792493402957916,0.3553092181682586,0.3397493958473205,0.6389009952545166
0.317417711019516,0.4790177941322326,0.2732088565826416,0.5960776805877686,0.4322272539138794,0.3665677309036255,0.2533631026744842,0.2788571417331695,0.3550551235675812,0.3393252491950989,0.6383423805236816
0.3173598945140838,0.4787400066852569,0.2727647423744201,0.5957563519477844,0.4316510856151581,0.3663053810596466,0.2532696723937988,0.2784649431705475,0.3548009991645813,0.3389010727405548,0.6377837657928467
0.3173021078109741,0.4784621894359588,0.2723206281661987,0.5954350233078003,0.4310749173164367,0.3660430610179901,0.253176212310791,0.2780727744102478,0.3545469343662262,0.3384769260883331,0.6372250914573669
0.3172443211078644,0.4781844019889831,0.2718764841556549,0.5951136946678162,0.4304987490177154,0.3657807111740112,0.2530827820301056,0.2776805758476257,0.3542928397655487,0.338052749633789,0.6366664171218872
0.317186564207077,0.477906584739685,0.2714323997497558,0.594792366027832,0.4299225807189941,0.3655183911323547,0.2529893219470978,0.277288407087326,0.3540387153625488,0.3376286029815674,0.6361078023910522
0.3171287775039673,0.4776287674903869,0.2709882259368896,0.5944710373878479,0.4293464124202728,0.3652560412883758,0.2528958618640899,0.276896208524704,0.3537846505641937,0.3372044563293457,0.6355491280555725
0.3170709908008575,0.4773509800434112,0.2705441117286682,0.5941497087478638,0.4287702441215515,0.3649937212467193,0.2528024315834045,0.2765040397644043,0.3535305559635162,0.3367802798748016,0.6349904537200928
0.3170132040977478,0.4770731627941131,0.2700999975204468,0.5938283801078796,0.4281940758228302,0.3647314012050628,0.2527090013027191,0.2761118412017822,0.3532764613628387,0.3363561332225799,0.634431779384613
0.316955417394638,0.476795345544815,0.2696558833122253,0.5935071110725403,0.4276179075241089,0.364469051361084,0.2526155412197113,0.2757196724414825,0.3530223667621612,0.3359319567680359,0.6338731050491333
0.3168976306915283,0.4765175282955169,0.2692117094993591,0.5931857824325562,0.4270417094230652,0.3642067313194275,0.2525220811367035,0.2753274738788605,0.3527682721614837,0.3355078101158142,0.6333144903182983
0.3168398439884186,0.4762397408485412,0.2687675952911377,0.592864453792572,0.4264655411243438,0.3639443814754486,0.252428650856018,0.2749352753162384,0.3525141477584839,0.3350836634635925,0.6327558159828186
0.3167820572853088,0.4759619235992431,0.2683234810829162,0.5925431251525879,0.4258893728256225,0.3636820614337921,0.2523351907730102,0.2745430767536163,0.3522600531578064,0.3346594870090484,0.6321971416473389
0.3167243003845215,0.4756841361522674,0.2678793668746948,0.5922217965126038,0.4253132045269012,0.3634197115898132,0.2522417604923248,0.2741509079933166,0.3520059585571289,0.3342353105545044,0.6316385269165039
0.3166664838790893,0.4754063487052917,0.2674352526664734,0.5919004678726196,0.4247370362281799,0.3631573915481567,0.252148300409317,0.2737586796283722,0.3517518639564514,0.3338111639022827,0.6310798525810242
0.3166086971759796,0.4751285016536712,0.2669910788536072,0.5915791392326355,0.4241608381271362,0.3628950417041778,0.2520548403263092,0.2733665108680725,0.3514977991580963,0.333387017250061,0.6305212378501892
0.3165509402751922,0.4748507142066955,0.2665469646453857,0.5912578105926514,0.4235846400260925,0.3626327216625213,0.2519614100456238,0.2729743421077728,0.3512436747550964,0.3329628109931946,0.6299625635147095
0.3164931535720825,0.4745729267597198,0.2661028504371643,0.590936541557312,0.4230085015296936,0.3623703718185425,0.2518679797649383,0.2725821137428283,0.3509895801544189,0.3325386941432953,0.6294038891792297
0.3164353370666504,0.4742951095104217,0.2656587362289428,0.5906152129173279,0.4224323034286499,0.362108051776886,0.2517745196819305,0.2721899449825287,0.3507355153560638,0.3321145176887512,0.62884521484375
0.316377580165863,0.4740172922611236,0.265214592218399,0.5902938842773438,0.4218561351299286,0.3618457317352295,0.2516810894012451,0.271797776222229,0.3504813909530639,0.3316903710365295,0.6282865405082703
0.3163197934627533,0.4737394750118255,0.2647704482078552,0.5899725556373596,0.421280026435852,0.3615833818912506,0.2515876293182373,0.2714055776596069,0.3502272963523865,0.3312662243843078,0.6277278661727905
0.3162620067596435,0.4734616875648498,0.2643263638019562,0.5896512269973755,0.4207037985324859,0.3613210618495941,0.2514941692352295,0.2710134088993072,0.3499732315540313,0.3308420479297638,0.6271692514419556
0.3162042200565338,0.4731838703155517,0.2638822197914123,0.5893299579620361,0.4201276302337646,0.3610587120056152,0.251400738954544,0.2706212103366852,0.3497191369533539,0.3304179012775421,0.6266106367111206
0.3161464333534241,0.4729060530662536,0.2634381055831909,0.589008629322052,0.4195514917373657,0.3607963919639587,0.2513073086738586,0.2702290415763855,0.349465012550354,0.329993724822998,0.6260519623756409
0.3160886466503143,0.4726282954216003,0.2629939615726471,0.5886872410774231,0.418975293636322,0.3605340421199798,0.2512138485908508,0.2698368430137634,0.3492109477519989,0.3295695781707763,0.6254932880401611
0.3160308599472046,0.4723504483699798,0.2625498175621032,0.5883659720420837,0.4183991253376007,0.3602717220783233,0.251120388507843,0.2694446742534637,0.3489568531513214,0.3291454315185547,0.6249346733093262
0.3159730732440948,0.4720726609230041,0.2621057331562042,0.5880446434020996,0.4178229570388794,0.3600093722343445,0.2510269582271576,0.2690524756908417,0.3487027287483215,0.3287212550640106,0.6243759989738464
0.3159153163433075,0.471794843673706,0.2616615891456604,0.5877233147621155,0.4172467589378357,0.359747052192688,0.2509334981441498,0.2686602771282196,0.348448634147644,0.3282971084117889,0.6238173246383667
0.3158575296401977,0.4715170562267303,0.2612174749374389,0.5874019861221313,0.4166706204414367,0.3594847023487091,0.2508400678634643,0.2682681083679199,0.3481945395469665,0.3278729319572449,0.6232587099075317
0.315799742937088,0.4712392389774322,0.2607733309268951,0.5870806574821472,0.416094422340393,0.3592223823070526,0.2507466077804565,0.2678759098052978,0.347940444946289,0.3274487555027008,0.622700035572052
0.3157419264316559,0.4709614217281341,0.2603292167186737,0.5867593884468079,0.4155182540416717,0.3589600622653961,0.2506531476974487,0.2674837112426758,0.3476863503456116,0.3270246088504791,0.6221413612365723
0.3156841695308685,0.4706836342811584,0.2598851025104522,0.586438000202179,0.4149420857429504,0.3586977124214172,0.2505597174167633,0.2670915424823761,0.3474322557449341,0.3266004621982574,0.6215826869010925
0.3156263828277588,0.4704057872295379,0.2594409584999084,0.5861166715621948,0.4143658876419067,0.3584353923797607,0.2504662871360779,0.266699343919754,0.347178190946579,0.3261762857437134,0.6210240125656128
0.315568596124649,0.4701279997825622,0.258996844291687,0.5857954025268555,0.4137897491455078,0.3581730425357818,0.25037282705307,0.2663071751594543,0.3469240665435791,0.3257521390914917,0.6204653978347778
0.3155108094215393,0.4698501825332641,0.2585527002811432,0.5854740738868713,0.4132135808467865,0.3579107224941253,0.2502793967723846,0.2659149765968323,0.3466699719429016,0.3253279626369476,0.6199067234992981
0.3154530227184295,0.4695724248886108,0.2581085860729217,0.5851527452468872,0.4126373827457428,0.3576483726501465,0.2501859366893768,0.2655227780342102,0.3464159071445465,0.3249038159847259,0.6193481087684631
0.3153952658176422,0.4692946076393127,0.2576644420623779,0.5848314166069031,0.4120612144470215,0.35738605260849,0.250092476606369,0.2651306092739105,0.3461617827415466,0.3244796395301819,0.6187894344329834
0.3153374493122101,0.4690167903900146,0.2572203278541565,0.584510087966919,0.4114850461483001,0.3571237027645111,0.2499990314245224,0.2647384107112884,0.3459076881408691,0.3240554928779602,0.6182307600975037
0.3152796626091003,0.4687390029430389,0.256776213645935,0.5841888189315796,0.4109088778495788,0.3568613827228546,0.2499056011438369,0.2643462419509887,0.345653623342514,0.3236313462257385,0.6176720857620239
0.315221905708313,0.4684611558914184,0.2563320696353912,0.5838674306869507,0.4103327393531799,0.3565990328788757,0.2498121559619903,0.2639540433883667,0.3453995287418365,0.3232071697711944,0.617113471031189
0.3151641190052032,0.4681833684444427,0.2558879554271698,0.5835461020469666,0.4097565114498138,0.3563367128372192,0.2497187107801437,0.263561874628067,0.3451454043388366,0.3227829933166504,0.616554856300354
0.3151063323020935,0.467905580997467,0.255443811416626,0.5832248330116272,0.4091803729534149,0.3560743927955627,0.2496252655982971,0.2631696760654449,0.3448913097381592,0.3223588466644287,0.6159961223602295
0.3150485455989837,0.4676277339458465,0.2549996972084045,0.5829035043716431,0.4086042046546936,0.3558120429515838,0.2495318055152893,0.2627775073051452,0.3446372449398041,0.321934700012207,0.6154375076293945
0.314990758895874,0.4673499464988708,0.2545555830001831,0.5825822353363037,0.4080280065536499,0.3555497229099273,0.2494383603334427,0.2623853087425232,0.3443831205368042,0.3215105533599853,0.6148788332939148
0.3149329721927643,0.4670721292495727,0.2541114389896393,0.5822609066963196,0.4074518382549286,0.3552873730659485,0.249344915151596,0.2619931399822235,0.3441290259361267,0.3210863769054413,0.6143201589584351
0.3148751854896545,0.466794341802597,0.2536673247814178,0.5819395184516907,0.4068756699562073,0.355025053024292,0.2492514699697494,0.2616009414196014,0.3438749313354492,0.3206622004508972,0.6137614846229553
0.3148174285888672,0.4665165245532989,0.2532232105731964,0.5816182494163513,0.4062994718551636,0.3547627031803131,0.249158039689064,0.2612087726593017,0.3436208367347717,0.3202380537986755,0.6132028698921204
0.314759612083435,0.4662387371063232,0.2527790665626526,0.5812969207763672,0.4057233035564422,0.3545003831386566,0.2490645945072174,0.2608165740966797,0.3433667421340942,0.3198139071464538,0.6126441955566406
0.3147018551826477,0.4659609496593475,0.2523349523544311,0.5809755921363831,0.4051471352577209,0.3542380332946777,0.2489711493253708,0.2604243755340576,0.3431126475334167,0.3193897306919098,0.6120855808258057
0.3146440386772156,0.465683102607727,0.2518908083438873,0.5806542634963989,0.4045709669589996,0.3539757132530212,0.2488777041435241,0.2600322067737579,0.3428585529327392,0.3189655840396881,0.6115269064903259
0.3146440386772156,0.465683102607727,0.2518908083438873,0.5806542634963989,0.4045709669589996,0.3539757132530212,0.2488777041435241,0.2600322067737579,0.3428585529327392,0.3189655840396881,0.6115269064903259
0.3146440386772156,0.465683102607727,0.2518908083438873,0.5806542634963989,0.4045709669589996,0.3539757132530212,0.2488777041435241,0.2600322067737579,0.3428585529327392,0.3189655840396881,0.6115269064903259
0.3146440386772156,0.465683102607727,0.2518908083438873,0.5806542634963989,0.4045709669589996,0.3539757132530212,0.2488777041435241,0.2600322067737579,0.3428585529327392,0.3189655840396881,0.6115269064903259
0.3146440386772156,0.465683102607727,0.2518908083438873,0.5806542634963989,0.4045709669589996,0.3539757132530212,0.2488777041435241,0.2600322067737579,0.3428585529327392,0.3189655840396881,0.6115269064903259
0.3146440386772156,0.465683102607727,0.2518908083438873,0.5806542634963989,0.4045709669589996,0.3539757132530212,0.2488777041435241,0.2600322067737579,0.3428585529327392,0.3189655840396881,0.6115269064903259
0.3146440386772156,0.465683102607727,0.2518908083438873,0.5806542634963989,0.4045709669589996,0.3539757132530212,0.2488777041435241,0.2600322067737579,0.3428585529327392,0.3189655840396881,0.6115269064903259
0.3146440386772156,0.465683102607727,0.2518908083438873,0.5806542634963989,0.4045709669589996,0.3539757132530212,0.2488777041435241,0.2600322067737579,0.3428585529327392,0.3189655840396881,0.6115269064903259
0.3146440386772156,0.465683102607727,0.2518908083438873,0.5806542634963989,0.4045709669589996,0.3539757132530212,0.2488777041435241,0.2600322067737579,0.3428585529327392,0.3189655840396881,0.6115269064903259
0.3146440386772156,0.465683102607727,0.2518908083438873,0.5806542634963989,0.4045709669589996,0.3539757132530212,0.2488777041435241,0.2600322067737579,0.3428585529327392,0.3189655840396881,0.6115269064903259
0.3146440386772156,0.465683102607727,0.2518908083438873,0.5806542634963989,0.4045709669589996,0.3539757132530212,0.2488777041435241,0.2600322067737579,0.3428585529327392,0.3189655840396881,0.6115269064903259
0.3146440386772156,0.465683102607727,0.2518908083438873,0.5806542634963989,0.4045709669589996,0.3539757132530212,0.2488777041435241,0.2600322067737579,0.3428585529327392,0.3189655840396881,0.6115269064903259
0.3146440386772156,0.465683102607727,0.2518908083438873,0.5806542634963989,0.4045709669589996,0.3539757132530212,0.2488777041435241,0.2600322067737579,0.3428585529327392,0.3189655840396881,0.6115269064903259
0.3146440386772156,0.465683102607727,0.2518908083438873,0.5806542634963989,0.4045709669589996,0.3539757132530212,0.2488777041435241,0.2600322067737579,0.3428585529327392,0.3189655840396881,0.6115269064903259
0.3146440386772156,0.465683102607727,0.2518908083438873,0.5806542634963989,0.4045709669589996,0.3539757132530212,0.2488777041435241,0.2600322067737579,0.3428585529327392,0.3189655840396881,0.6115269064903259
0.3146440386772156,0.465683102607727,0.2518908083438873,0.5806542634963989,0.4045709669589996,0.3539757132530212,0.2488777041435241,0.2600322067737579,0.3428585529327392,0.3189655840396881,0.6115269064903259
0.3146440386772156,0.465683102607727,0.2518908083438873,0.5806542634963989,0.4045709669589996,0.3539757132530212,0.2488777041435241,0.2600322067737579,0.3428585529327392,0.3189655840396881,0.6115269064903259
0.3146440386772156,0.465683102607727,0.2518908083438873,0.5806542634963989,0.4045709669589996,0.3539757132530212,0.2488777041435241,0.2600322067737579,0.3428585529327392,0.3189655840396881,0.6115269064903259
0.3146440386772156,0.465683102607727,0.2518908083438873,0.5806542634963989,0.4045709669589996,0.3539757132530212,0.2488777041435241,0.2600322067737579,0.3428585529327392,0.3189655840396881,0.6115269064903259
0.3146440386772156,0.465683102607727,0.2518908083438873,0.5806542634963989,0.4045709669589996,0.3539757132530212,0.2488777041435241,0.2600322067737579,0.3428585529327392,0.3189655840396881,0.6115269064903259
0.3146440386772156,0.465683102607727,0.2518908083438873,0.5806542634963989,0.4045709669589996,0.3539757132530212,0.2488777041435241,0.2600322067737579,0.3428585529327392,0.3189655840396881,0.6115269064903259
0.3146440386772156,0.465683102607727,0.2518908083438873,0.5806542634963989,0.4045709669589996,0.3539757132530212,0.2488777041435241,0.2600322067737579,0.3428585529327392,0.3189655840396881,0.6115269064903259
0.3146440386772156,0.465683102607727,0.2518908083438873,0.5806542634963989,0.4045709669589996,0.3539757132530212,0.2488777041435241,0.2600322067737579,0.3428585529327392,0.3189655840396881,0.6115269064903259
0.3146440386772156,0.465683102607727,0.2518908083438873,0.5806542634963989,0.4045709669589996,0.3539757132530212,0.2488777041435241,0.2600322067737579,0.3428585529327392,0.3189655840396881,0.6115269064903259
0.3146440386772156,0.465683102607727,0.2518908083438873,0.5806542634963989,0.4045709669589996,0.3539757132530212,0.2488777041435241,0.2600322067737579,0.3428585529327392,0.3189655840396881,0.6115269064903259
0.3146440386772156,0.465683102607727,0.2518908083438873,0.5806542634963989,0.4045709669589996,0.3539757132530212,0.2488777041435241,0.2600322067737579,0.3428585529327392,0.3189655840396881,0.6115269064903259
0.3146440386772156,0.465683102607727,0.2518908083438873,0.5806542634963989,0.4045709669589996,0.3539757132530212,0.2488777041435241,0.2600322067737579,0.3428585529327392,0.3189655840396881,0.6115269064903259
0.3146440386772156,0.465683102607727,0.2518908083438873,0.5806542634963989,0.4045709669589996,0.3539757132530212,0.2488777041435241,0.2600322067737579,0.3428585529327392,0.3189655840396881,0.6115269064903259
0.3146440386772156,0.465683102607727,0.2518908083438873,0.5806542634963989,0.4045709669589996,0.3539757132530212,0.2488777041435241,0.2600322067737579,0.3428585529327392,0.3189655840396881,0.6115269064903259
0.3146440386772156,0.465683102607727,0.2518908083438873,0.5806542634963989,0.4045709669589996,0.3539757132530212,0.2488777041435241,0.2600322067737579,0.3428585529327392,0.3189655840396881,0.6115269064903259
0.3146440386772156,0.465683102607727,0.2518908083438873,0.5806542634963989,0.4045709669589996,0.3539757132530212,0.2488777041435241,0.2600322067737579,0.3428585529327392,0.3189655840396881,0.6115269064903259
0.3146440386772156,0.465683102607727,0.2518908083438873,0.5806542634963989,0.4045709669589996,0.3539757132530212,0.2488777041435241,0.2600322067737579,0.3428585529327392,0.3189655840396881,0.6115269064903259
0.3146440386772156,0.465683102607727,0.2518908083438873,0.5806542634963989,0.4045709669589996,0.3539757132530212,0.2488777041435241,0.2600322067737579,0.3428585529327392,0.3189655840396881,0.6115269064903259
0.3146440386772156,0.465683102607727,0.2518908083438873,0.5806542634963989,0.4045709669589996,0.3539757132530212,0.2488777041435241,0.2600322067737579,0.3428585529327392,0.3189655840396881,0.6115269064903259
0.3146440386772156,0.465683102607727,0.2518908083438873,0.5806542634963989,0.4045709669589996,0.3539757132530212,0.2488777041435241,0.2600322067737579,0.3428585529327392,0.3189655840396881,0.6115269064903259
0.3146440386772156,0.465683102607727,0.2518908083438873,0.5806542634963989,0.4045709669589996,0.3539757132530212,0.2488777041435241,0.2600322067737579,0.3428585529327392,0.3189655840396881,0.6115269064903259
0.3146440386772156,0.465683102607727,0.2518908083438873,0.5806542634963989,0.4045709669589996,0.3539757132530212,0.2488777041435241,0.2600322067737579,0.3428585529327392,0.3189655840396881,0.6115269064903259
0.3146440386772156,0.465683102607727,0.2518908083438873,0.5806542634963989,0.4045709669589996,0.3539757132530212,0.2488777041435241,0.2600322067737579,0.3428585529327392,0.3189655840396881,0.6115269064903259
0.3146440386772156,0.465683102607727,0.2518908083438873,0.5806542634963989,0.4045709669589996,0.3539757132530212,0.2488777041435241,0.2600322067737579,0.3428585529327392,0.3189655840396881,0.6115269064903259
0.3146440386772156,0.465683102607727,0.2518908083438873,0.5806542634963989,0.4045709669589996,0.3539757132530212,0.2488777041435241,0.2600322067737579,0.3428585529327392,0.3189655840396881,0.6115269064903259
0.3146440386772156,0.465683102607727,0.2518908083438873,0.5806542634963989,0.4045709669589996,0.3539757132530212,0.2488777041435241,0.2600322067737579,0.3428585529327392,0.3189655840396881,0.6115269064903259
0.3146440386772156,0.465683102607727,0.2518908083438873,0.5806542634963989,0.4045709669589996,0.3539757132530212,0.2488777041435241,0.2600322067737579,0.3428585529327392,0.3189655840396881,0.6115269064903259
0.3146440386772156,0.465683102607727,0.2518908083438873,0.5806542634963989,0.4045709669589996,0.3539757132530212,0.2488777041435241,0.2600322067737579,0.3428585529327392,0.3189655840396881,0.6115269064903259
0.3146440386772156,0.465683102607727,0.2518908083438873,0.5806542634963989,0.4045709669589996,0.3539757132530212,0.2488777041435241,0.2600322067737579,0.3428585529327392,0.3189655840396881,0.6115269064903259
0.3146440386772156,0.465683102607727,0.2518908083438873,0.5806542634963989,0.4045709669589996,0.3539757132530212,0.2488777041435241,0.2600322067737579,0.3428585529327392,0.3189655840396881,0.6115269064903259
0.3146440386772156,0.465683102607727,0.2518908083438873,0.5806542634963989,0.4045709669589996,0.3539757132530212,0.2488777041435241,0.2600322067737579,0.3428585529327392,0.3189655840396881,0.6115269064903259
0.3146440386772156,0.465683102607727,0.2518908083438873,0.5806542634963989,0.4045709669589996,0.3539757132530212,0.2488777041435241,0.2600322067737579,0.3428585529327392,0.3189655840396881,0.6115269064903259
0.3146440386772156,0.465683102607727,0.2518908083438873,0.5806542634963989,0.4045709669589996,0.3539757132530212,0.2488777041435241,0.2600322067737579,0.3428585529327392,0.3189655840396881,0.6115269064903259
0.3146440386772156,0.465683102607727,0.2518908083438873,0.5806542634963989,0.4045709669589996,0.3539757132530212,0.2488777041435241,0.2600322067737579,0.3428585529327392,0.3189655840396881,0.6115269064903259
0.3146440386772156,0.465683102607727,0.2518908083438873,0.5806542634963989,0.4045709669589996,0.3539757132530212,0.2488777041435241,0.2600322067737579,0.3428585529327392,0.3189655840396881,0.6115269064903259
0.3146440386772156,0.465683102607727,0.2518908083438873,0.5806542634963989,0.4045709669589996,0.3539757132530212,0.2488777041435241,0.2600322067737579,0.3428585529327392,0.3189655840396881,0.6115269064903259
0.3146440386772156,0.465683102607727,0.2518908083438873,0.5806542634963989,0.4045709669589996,0.3539757132530212,0.2488777041435241,0.2600322067737579,0.3428585529327392,0.3189655840396881,0.6115269064903259
0.3146440386772156,0.465683102607727,0.2518908083438873,0.5806542634963989,0.4045709669589996,0.3539757132530212,0.2488777041435241,0.2600322067737579,0.3428585529327392,0.3189655840396881,0.6115269064903259
0.2865487933158874,0.4403145909309387,0.1109004542231559,0.3175978064537048,0.490928590297699,0.2984247505664825,0.176094964146614,0.4990788102149963,0.2890522480010986,0.3845434188842773,0.1149143874645233
0.2865487933158874,0.4403145909309387,0.1109004542231559,0.3175978064537048,0.490928590297699,0.2984247505664825,0.176094964146614,0.4990788102149963,0.2890522480010986,0.3845434188842773,0.1149143874645233
0.2865487933158874,0.4403145909309387,0.1109004542231559,0.3175978064537048,0.490928590297699,0.2984247505664825,0.176094964146614,0.4990788102149963,0.2890522480010986,0.3845434188842773,0.1149143874645233
0.2865487933158874,0.4403145909309387,0.1109004542231559,0.3175978064537048,0.490928590297699,0.2984247505664825,0.176094964146614,0.4990788102149963,0.2890522480010986,0.3845434188842773,0.1149143874645233
0.2865487933158874,0.4403145909309387,0.1109004542231559,0.3175978064537048,0.490928590297699,0.2984247505664825,0.176094964146614,0.4990788102149963,0.2890522480010986,0.3845434188842773,0.1149143874645233
0.2865487933158874,0.4403145909309387,0.1109004542231559,0.3175978064537048,0.490928590297699,0.2984247505664825,0.176094964146614,0.4990788102149963,0.2890522480010986,0.3845434188842773,0.1149143874645233
0.2865487933158874,0.4403145909309387,0.1109004542231559,0.3175978064537048,0.490928590297699,0.2984247505664825,0.176094964146614,0.4990788102149963,0.2890522480010986,0.3845434188842773,0.1149143874645233
0.2865487933158874,0.4403145909309387,0.1109004542231559,0.3175978064537048,0.490928590297699,0.2984247505664825,0.176094964146614,0.4990788102149963,0.2890522480010986,0.3845434188842773,0.1149143874645233
0.2865487933158874,0.4403145909309387,0.1109004542231559,0.3175978064537048,0.490928590297699,0.2984247505664825,0.176094964146614,0.4990788102149963,0.2890522480010986,0.3845434188842773,0.1149143874645233
0.2865487933158874,0.4403145909309387,0.1109004542231559,0.3175978064537048,0.490928590297699,0.2984247505664825,0.176094964146614,0.4990788102149963,0.2890522480010986,0.3845434188842773,0.1149143874645233
0.2865487933158874,0.4403145909309387,0.1109004542231559,0.3175978064537048,0.490928590297699,0.2984247505664825,0.176094964146614,0.4990788102149963,0.2890522480010986,0.3845434188842773,0.1149143874645233
0.2865487933158874,0.4403145909309387,0.1109004542231559,0.3175978064537048,0.490928590297699,0.2984247505664825,0.176094964146614,0.4990788102149963,0.2890522480010986,0.3845434188842773,0.1149143874645233
0.2865487933158874,0.4403145909309387,0.1109004542231559,0.3175978064537048,0.490928590297699,0.2984247505664825,0.176094964146614,0.4990788102149963,0.2890522480010986,0.3845434188842773,0.1149143874645233
0.2865487933158874,0.4403145909309387,0.1109004542231559,0.3175978064537048,0.490928590297699,0.2984247505664825,0.176094964146614,0.4990788102149963,0.2890522480010986,0.3845434188842773,0.1149143874645233
0.2865487933158874,0.4403145909309387,0.1109004542231559,0.3175978064537048,0.490928590297699,0.2984247505664825,0.176094964146614,0.4990788102149963,0.2890522480010986,0.3845434188842773,0.1149143874645233
0.2865487933158874,0.4403145909309387,0.1109004542231559,0.3175978064537048,0.490928590297699,0.2984247505664825,0.176094964146614,0.4990788102149963,0.2890522480010986,0.3845434188842773,0.1149143874645233
0.2865487933158874,0.4403145909309387,0.1109004542231559,0.3175978064537048,0.490928590297699,0.2984247505664825,0.176094964146614,0.4990788102149963,0.2890522480010986,0.3845434188842773,0.1149143874645233
0.2865487933158874,0.4403145909309387,0.1109004542231559,0.3175978064537048,0.490928590297699,0.2984247505664825,0.176094964146614,0.4990788102149963,0.2890522480010986,0.3845434188842773,0.1149143874645233
0.2865487933158874,0.4403145909309387,0.1109004542231559,0.3175978064537048,0.490928590297699,0.2984247505664825,0.176094964146614,0.4990788102149963,0.2890522480010986,0.3845434188842773,0.1149143874645233
0.2865487933158874,0.4403145909309387,0.1109004542231559,0.3175978064537048,0.490928590297699,0.2984247505664825,0.176094964146614,0.4990788102149963,0.2890522480010986,0.3845434188842773,0.1149143874645233
0.2865487933158874,0.4403145909309387,0.1109004542231559,0.3175978064537048,0.490928590297699,0.2984247505664825,0.176094964146614,0.4990788102149963,0.2890522480010986,0.3845434188842773,0.1149143874645233
0.2865487933158874,0.4403145909309387,0.1109004542231559,0.3175978064537048,0.490928590297699,0.2984247505664825,0.176094964146614,0.4990788102149963,0.2890522480010986,0.3845434188842773,0.1149143874645233
0.2865487933158874,0.4403145909309387,0.1109004542231559,0.3175978064537048,0.490928590297699,0.2984247505664825,0.176094964146614,0.4990788102149963,0.2890522480010986,0.3845434188842773,0.1149143874645233
0.2865487933158874,0.4403145909309387,0.1109004542231559,0.3175978064537048,0.490928590297699,0.2984247505664825,0.176094964146614,0.4990788102149963,0.2890522480010986,0.3845434188842773,0.1149143874645233
0.2865487933158874,0.4403145909309387,0.1109004542231559,0.3175978064537048,0.490928590297699,0.2984247505664825,0.176094964146614,0.4990788102149963,0.2890522480010986,0.3845434188842773,0.1149143874645233
0.2865487933158874,0.4403145909309387,0.1109004542231559,0.3175978064537048,0.490928590297699,0.2984247505664825,0.176094964146614,0.4990788102149963,0.2890522480010986,0.3845434188842773,0.1149143874645233
0.2865487933158874,0.4403145909309387,0.1109004542231559,0.3175978064537048,0.490928590297699,0.2984247505664825,0.176094964146614,0.4990788102149963,0.2890522480010986,0.3845434188842773,0.1149143874645233
0.2865487933158874,0.4403145909309387,0.1109004542231559,0.3175978064537048,0.490928590297699,0.2984247505664825,0.176094964146614,0.4990788102149963,0.2890522480010986,0.3845434188842773,0.1149143874645233
0.2865487933158874,0.4403145909309387,0.1109004542231559,0.3175978064537048,0.490928590297699,0.2984247505664825,0.176094964146614,0.4990788102149963,0.2890522480010986,0.3845434188842773,0.1149143874645233
0.2865487933158874,0.4403145909309387,0.1109004542231559,0.3175978064537048,0.490928590297699,0.2984247505664825,0.176094964146614,0.4990788102149963,0.2890522480010986,0.3845434188842773,0.1149143874645233
0.2865487933158874,0.4403145909309387,0.1109004542231559,0.3175978064537048,0.490928590297699,0.2984247505664825,0.176094964146614,0.4990788102149963,0.2890522480010986,0.3845434188842773,0.1149143874645233
0.2865487933158874,0.4403145909309387,0.1109004542231559,0.3175978064537048,0.490928590297699,0.2984247505664825,0.176094964146614,0.4990788102149963,0.2890522480010986,0.3845434188842773,0.1149143874645233
0.2865487933158874,0.4403145909309387,0.1109004542231559,0.3175978064537048,0.490928590297699,0.2984247505664825,0.176094964146614,0.4990788102149963,0.2890522480010986,0.3845434188842773,0.1149143874645233
0.2865487933158874,0.4403145909309387,0.1109004542231559,0.3175978064537048,0.490928590297699,0.2984247505664825,0.176094964146614,0.4990788102149963,0.2890522480010986,0.3845434188842773,0.1149143874645233
0.2865487933158874,0.4403145909309387,0.1109004542231559,0.3175978064537048,0.490928590297699,0.2984247505664825,0.176094964146614,0.4990788102149963,0.2890522480010986,0.3845434188842773,0.1149143874645233
0.2865487933158874,0.4403145909309387,0.1109004542231559,0.3175978064537048,0.490928590297699,0.2984247505664825,0.176094964146614,0.4990788102149963,0.2890522480010986,0.3845434188842773,0.1149143874645233
0.2865487933158874,0.4403145909309387,0.1109004542231559,0.3175978064537048,0.490928590297699,0.2984247505664825,0.176094964146614,0.4990788102149963,0.2890522480010986,0.3845434188842773,0.1149143874645233
0.2865487933158874,0.4403145909309387,0.1109004542231559,0.3175978064537048,0.490928590297699,0.2984247505664825,0.176094964146614,0.4990788102149963,0.2890522480010986,0.3845434188842773,0.1149143874645233
0.2865487933158874,0.4403145909309387,0.1109004542231559,0.3175978064537048,0.490928590297699,0.2984247505664825,0.176094964146614,0.4990788102149963,0.2890522480010986,0.3845434188842773,0.1149143874645233
0.2865487933158874,0.4403145909309387,0.1109004542231559,0.3175978064537048,0.490928590297699,0.2984247505664825,0.176094964146614,0.4990788102149963,0.2890522480010986,0.3845434188842773,0.1149143874645233
0.2865487933158874,0.4403145909309387,0.1109004542231559,0.3175978064537048,0.490928590297699,0.2984247505664825,0.176094964146614,0.4990788102149963,0.2890522480010986,0.3845434188842773,0.1149143874645233
0.2865487933158874,0.4403145909309387,0.1109004542231559,0.3175978064537048,0.490928590297699,0.2984247505664825,0.176094964146614,0.4990788102149963,0.2890522480010986,0.3845434188842773,0.1149143874645233
0.2865487933158874,0.4403145909309387,0.1109004542231559,0.3175978064537048,0.490928590297699,0.2984247505664825,0.176094964146614,0.4990788102149963,0.2890522480010986,0.3845434188842773,0.1149143874645233
0.2865487933158874,0.4403145909309387,0.1109004542231559,0.3175978064537048,0.490928590297699,0.2984247505664825,0.176094964146614,0.4990788102149963,0.2890522480010986,0.3845434188842773,0.1149143874645233
0.2865487933158874,0.4403145909309387,0.1109004542231559,0.3175978064537048,0.490928590297699,0.2984247505664825,0.176094964146614,0.4990788102149963,0.2890522480010986,0.3845434188842773,0.1149143874645233
0.2865487933158874,0.4403145909309387,0.1109004542231559,0.3175978064537048,0.490928590297699,0.2984247505664825,0.176094964146614,0.4990788102149963,0.2890522480010986,0.3845434188842773,0.1149143874645233
0.2865487933158874,0.4403145909309387,0.1109004542231559,0.3175978064537048,0.490928590297699,0.2984247505664825,0.176094964146614,0.4990788102149963,0.2890522480010986,0.3845434188842773,0.1149143874645233
0.2865487933158874,0.4403145909309387,0.1109004542231559,0.3175978064537048,0.490928590297699,0.2984247505664825,0.176094964146614,0.4990788102149963,0.2890522480010986,0.3845434188842773,0.1149143874645233
0.2865487933158874,0.4403145909309387,0.1109004542231559,0.3175978064537048,0.490928590297699,0.2984247505664825,0.176094964146614,0.4990788102149963,0.2890522480010986,0.3845434188842773,0.1149143874645233
0.2865487933158874,0.4403145909309387,0.1109004542231559,0.3175978064537048,0.490928590297699,0.2984247505664825,0.176094964146614,0.4990788102149963,0.2890522480010986,0.3845434188842773,0.1149143874645233
0.2865487933158874,0.4403145909309387,0.1109004542231559,0.3175978064537048,0.490928590297699,0.2984247505664825,0.176094964146614,0.4990788102149963,0.2890522480010986,0.3845434188842773,0.1149143874645233
0.2865487933158874,0.4403145909309387,0.1109004542231559,0.3175978064537048,0.490928590297699,0.2984247505664825,0.176094964146614,0.4990788102149963,0.2890522480010986,0.3845434188842773,0.1149143874645233
0.2865487933158874,0.4403145909309387,0.1109004542231559,0.3175978064537048,0.490928590297699,0.2984247505664825,0.176094964146614,0.4990788102149963,0.2890522480010986,0.3845434188842773,0.1149143874645233
0.2865487933158874,0.4403145909309387,0.1109004542231559,0.3175978064537048,0.490928590297699,0.2984247505664825,0.176094964146614,0.4990788102149963,0.2890522480010986,0.3845434188842773,0.1149143874645233
0.2865487933158874,0.4403145909309387,0.1109004542231559,0.3175978064537048,0.490928590297699,0.2984247505664825,0.176094964146614,0.4990788102149963,0.2890522480010986,0.3845434188842773,0.1149143874645233
0.2865487933158874,0.4403145909309387,0.1109004542231559,0.3175978064537048,0.490928590297699,0.2984247505664825,0.176094964146614,0.4990788102149963,0.2890522480010986,0.3845434188842773,0.1149143874645233
0.2865487933158874,0.4403145909309387,0.1109004542231559,0.3175978064537048,0.490928590297699,0.2984247505664825,0.176094964146614,0.4990788102149963,0.2890522480010986,0.3845434188842773,0.1149143874645233
0.2865487933158874,0.4403145909309387,0.1109004542231559,0.3175978064537048,0.490928590297699,0.2984247505664825,0.176094964146614,0.4990788102149963,0.2890522480010986,0.3845434188842773,0.1149143874645233
0.2865487933158874,0.4403145909309387,0.1109004542231559,0.3175978064537048,0.490928590297699,0.2984247505664825,0.176094964146614,0.4990788102149963,0.2890522480010986,0.3845434188842773,0.1149143874645233
0.2865487933158874,0.4403145909309387,0.1109004542231559,0.3175978064537048,0.490928590297699,0.2984247505664825,0.176094964146614,0.4990788102149963,0.2890522480010986,0.3845434188842773,0.1149143874645233
0.2865487933158874,0.4403145909309387,0.1109004542231559,0.3175978064537048,0.490928590297699,0.2984247505664825,0.176094964146614,0.4990788102149963,0.2890522480010986,0.3845434188842773,0.1149143874645233
0.2865487933158874,0.4403145909309387,0.1109004542231559,0.3175978064537048,0.490928590297699,0.2984247505664825,0.176094964146614,0.4990788102149963,0.2890522480010986,0.3845434188842773,0.1149143874645233
0.2865487933158874,0.4403145909309387,0.1109004542231559,0.3175978064537048,0.490928590297699,0.2984247505664825,0.176094964146614,0.4990788102149963,0.2890522480010986,0.3845434188842773,0.1149143874645233
0.2865487933158874,0.4403145909309387,0.1109004542231559,0.3175978064537048,0.490928590297699,0.2984247505664825,0.176094964146614,0.4990788102149963,0.2890522480010986,0.3845434188842773,0.1149143874645233
0.2865487933158874,0.4403145909309387,0.1109004542231559,0.3175978064537048,0.490928590297699,0.2984247505664825,0.176094964146614,0.4990788102149963,0.2890522480010986,0.3845434188842773,0.1149143874645233
0.2865487933158874,0.4403145909309387,0.1109004542231559,0.3175978064537048,0.490928590297699,0.2984247505664825,0.176094964146614,0.4990788102149963,0.2890522480010986,0.3845434188842773,0.1149143874645233
0.2865487933158874,0.4403145909309387,0.1109004542231559,0.3175978064537048,0.490928590297699,0.2984247505664825,0.176094964146614,0.4990788102149963,0.2890522480010986,0.3845434188842773,0.1149143874645233
0.2865487933158874,0.4403145909309387,0.1109004542231559,0.3175978064537048,0.490928590297699,0.2984247505664825,0.176094964146614,0.4990788102149963,0.2890522480010986,0.3845434188842773,0.1149143874645233
0.2865487933158874,0.4403145909309387,0.1109004542231559,0.3175978064537048,0.490928590297699,0.2984247505664825,0.176094964146614,0.4990788102149963,0.2890522480010986,0.3845434188842773,0.1149143874645233
0.2865487933158874,0.4403145909309387,0.1109004542231559,0.3175978064537048,0.490928590297699,0.2984247505664825,0.176094964146614,0.4990788102149963,0.2890522480010986,0.3845434188842773,0.1149143874645233
0.2865487933158874,0.4403145909309387,0.1109004542231559,0.3175978064537048,0.490928590297699,0.2984247505664825,0.176094964146614,0.4990788102149963,0.2890522480010986,0.3845434188842773,0.1149143874645233
0.2865487933158874,0.4403145909309387,0.1109004542231559,0.3175978064537048,0.490928590297699,0.2984247505664825,0.176094964146614,0.4990788102149963,0.2890522480010986,0.3845434188842773,0.1149143874645233
0.2865487933158874,0.4403145909309387,0.1109004542231559,0.3175978064537048,0.490928590297699,0.2984247505664825,0.176094964146614,0.4990788102149963,0.2890522480010986,0.3845434188842773,0.1149143874645233
0.2865487933158874,0.4403145909309387,0.1109004542231559,0.3175978064537048,0.490928590297699,0.2984247505664825,0.176094964146614,0.4990788102149963,0.2890522480010986,0.3845434188842773,0.1149143874645233
0.2865487933158874,0.4403145909309387,0.1109004542231559,0.3175978064537048,0.490928590297699,0.2984247505664825,0.176094964146614,0.4990788102149963,0.2890522480010986,0.3845434188842773,0.1149143874645233
0.2865487933158874,0.4403145909309387,0.1109004542231559,0.3175978064537048,0.490928590297699,0.2984247505664825,0.176094964146614,0.4990788102149963,0.2890522480010986,0.3845434188842773,0.1149143874645233
0.2865487933158874,0.4403145909309387,0.1109004542231559,0.3175978064537048,0.490928590297699,0.2984247505664825,0.176094964146614,0.4990788102149963,0.2890522480010986,0.3845434188842773,0.1149143874645233
0.2865487933158874,0.4403145909309387,0.1109004542231559,0.3175978064537048,0.490928590297699,0.2984247505664825,0.176094964146614,0.4990788102149963,0.2890522480010986,0.3845434188842773,0.1149143874645233
0.2865487933158874,0.4403145909309387,0.1109004542231559,0.3175978064537048,0.490928590297699,0.2984247505664825,0.176094964146614,0.4990788102149963,0.2890522480010986,0.3845434188842773,0.1149143874645233
0.2865487933158874,0.4403145909309387,0.1109004542231559,0.3175978064537048,0.490928590297699,0.2984247505664825,0.176094964146614,0.4990788102149963,0.2890522480010986,0.3845434188842773,0.1149143874645233
0.2865487933158874,0.4403145909309387,0.1109004542231559,0.3175978064537048,0.490928590297699,0.2984247505664825,0.176094964146614,0.4990788102149963,0.2890522480010986,0.3845434188842773,0.1149143874645233
0.2865487933158874,0.4403145909309387,0.1109004542231559,0.3175978064537048,0.490928590297699,0.2984247505664825,0.176094964146614,0.4990788102149963,0.2890522480010986,0.3845434188842773,0.1149143874645233
0.2865487933158874,0.4403145909309387,0.1109004542231559,0.3175978064537048,0.490928590297699,0.2984247505664825,0.176094964146614,0.4990788102149963,0.2890522480010986,0.3845434188842773,0.1149143874645233
0.2865487933158874,0.4403145909309387,0.1109004542231559,0.3175978064537048,0.490928590297699,0.2984247505664825,0.176094964146614,0.4990788102149963,0.2890522480010986,0.3845434188842773,0.1149143874645233
0.2865487933158874,0.4403145909309387,0.1109004542231559,0.3175978064537048,0.490928590297699,0.2984247505664825,0.176094964146614,0.4990788102149963,0.2890522480010986,0.3845434188842773,0.1149143874645233
0.2865487933158874,0.4403145909309387,0.1109004542231559,0.3175978064537048,0.490928590297699,0.2984247505664825,0.176094964146614,0.4990788102149963,0.2890522480010986,0.3845434188842773,0.1149143874645233
0.2865487933158874,0.4403145909309387,0.1109004542231559,0.3175978064537048,0.490928590297699,0.2984247505664825,0.176094964146614,0.4990788102149963,0.2890522480010986,0.3845434188842773,0.1149143874645233
0.2865487933158874,0.4403145909309387,0.1109004542231559,0.3175978064537048,0.490928590297699,0.2984247505664825,0.176094964146614,0.4990788102149963,0.2890522480010986,0.3845434188842773,0.1149143874645233
0.2865487933158874,0.4403145909309387,0.1109004542231559,0.3175978064537048,0.490928590297699,0.2984247505664825,0.176094964146614,0.4990788102149963,0.2890522480010986,0.3845434188842773,0.1149143874645233
0.2865487933158874,0.4403145909309387,0.1109004542231559,0.3175978064537048,0.490928590297699,0.2984247505664825,0.176094964146614,0.4990788102149963,0.2890522480010986,0.3845434188842773,0.1149143874645233
0.2865487933158874,0.4403145909309387,0.1109004542231559,0.3175978064537048,0.490928590297699,0.2984247505664825,0.176094964146614,0.4990788102149963,0.2890522480010986,0.3845434188842773,0.1149143874645233
0.2865487933158874,0.4403145909309387,0.1109004542231559,0.3175978064537048,0.490928590297699,0.2984247505664825,0.176094964146614,0.4990788102149963,0.2890522480010986,0.3845434188842773,0.1149143874645233
0.2865487933158874,0.4403145909309387,0.1109004542231559,0.3175978064537048,0.490928590297699,0.2984247505664825,0.176094964146614,0.4990788102149963,0.2890522480010986,0.3845434188842773,0.1149143874645233
0.2865487933158874,0.4403145909309387,0.1109004542231559,0.3175978064537048,0.490928590297699,0.2984247505664825,0.176094964146614,0.4990788102149963,0.2890522480010986,0.3845434188842773,0.1149143874645233
0.2865487933158874,0.4403145909309387,0.1109004542231559,0.3175978064537048,0.490928590297699,0.2984247505664825,0.176094964146614,0.4990788102149963,0.2890522480010986,0.3845434188842773,0.1149143874645233
0.2865487933158874,0.4403145909309387,0.1109004542231559,0.3175978064537048,0.490928590297699,0.2984247505664825,0.176094964146614,0.4990788102149963,0.2890522480010986,0.3845434188842773,0.1149143874645233
0.2865487933158874,0.4403145909309387,0.1109004542231559,0.3175978064537048,0.490928590297699,0.2984247505664825,0.176094964146614,0.4990788102149963,0.2890522480010986,0.3845434188842773,0.1149143874645233
0.2865487933158874,0.4403145909309387,0.1109004542231559,0.3175978064537048,0.490928590297699,0.2984247505664825,0.176094964146614,0.4990788102149963,0.2890522480010986,0.3845434188842773,0.1149143874645233
0.2865487933158874,0.4403145909309387,0.1109004542231559,0.3175978064537048,0.490928590297699,0.2984247505664825,0.176094964146614,0.4990788102149963,0.2890522480010986,0.3845434188842773,0.1149143874645233
0.2865487933158874,0.4403145909309387,0.1109004542231559,0.3175978064537048,0.490928590297699,0.2984247505664825,0.176094964146614,0.4990788102149963,0.2890522480010986,0.3845434188842773,0.1149143874645233
0.2865487933158874,0.4403145909309387,0.1109004542231559,0.3175978064537048,0.490928590297699,0.2984247505664825,0.176094964146614,0.4990788102149963,0.2890522480010986,0.3845434188842773,0.1149143874645233
0.2865487933158874,0.4403145909309387,0.1109004542231559,0.3175978064537048,0.490928590297699,0.2984247505664825,0.176094964146614,0.4990788102149963,0.2890522480010986,0.3845434188842773,0.1149143874645233
0.2865487933158874,0.4403145909309387,0.1109004542231559,0.3175978064537048,0.490928590297699,0.2984247505664825,0.176094964146614,0.4990788102149963,0.2890522480010986,0.3845434188842773,0.1149143874645233
0.2865487933158874,0.4403145909309387,0.1109004542231559,0.3175978064537048,0.490928590297699,0.2984247505664825,0.176094964146614,0.4990788102149963,0.2890522480010986,0.3845434188842773,0.1149143874645233
0.2865487933158874,0.4403145909309387,0.1109004542231559,0.3175978064537048,0.490928590297699,0.2984247505664825,0.176094964146614,0.4990788102149963,0.2890522480010986,0.3845434188842773,0.1149143874645233
0.2865487933158874,0.4403145909309387,0.1109004542231559,0.3175978064537048,0.490928590297699,0.2984247505664825,0.176094964146614,0.4990788102149963,0.2890522480010986,0.3845434188842773,0.1149143874645233
0.2865487933158874,0.4403145909309387,0.1109004542231559,0.3175978064537048,0.490928590297699,0.2984247505664825,0.176094964146614,0.4990788102149963,0.2890522480010986,0.3845434188842773,0.1149143874645233
0.2865487933158874,0.4403145909309387,0.1109004542231559,0.3175978064537048,0.490928590297699,0.2984247505664825,0.176094964146614,0.4990788102149963,0.2890522480010986,0.3845434188842773,0.1149143874645233
0.2865487933158874,0.4403145909309387,0.1109004542231559,0.3175978064537048,0.490928590297699,0.2984247505664825,0.176094964146614,0.4990788102149963,0.2890522480010986,0.3845434188842773,0.1149143874645233
0.2865487933158874,0.4403145909309387,0.1109004542231559,0.3175978064537048,0.490928590297699,0.2984247505664825,0.176094964146614,0.4990788102149963,0.2890522480010986,0.3845434188842773,0.1149143874645233
0.2865487933158874,0.4403145909309387,0.1109004542231559,0.3175978064537048,0.490928590297699,0.2984247505664825,0.176094964146614,0.4990788102149963,0.2890522480010986,0.3845434188842773,0.1149143874645233
0.2865487933158874,0.4403145909309387,0.1109004542231559,0.3175978064537048,0.490928590297699,0.2984247505664825,0.176094964146614,0.4990788102149963,0.2890522480010986,0.3845434188842773,0.1149143874645233
0.2865487933158874,0.4403145909309387,0.1109004542231559,0.3175978064537048,0.490928590297699,0.2984247505664825,0.176094964146614,0.4990788102149963,0.2890522480010986,0.3845434188842773,0.1149143874645233
0.2865487933158874,0.4403145909309387,0.1109004542231559,0.3175978064537048,0.490928590297699,0.2984247505664825,0.176094964146614,0.4990788102149963,0.2890522480010986,0.3845434188842773,0.1149143874645233
0.2865487933158874,0.4403145909309387,0.1109004542231559,0.3175978064537048,0.490928590297699,0.2984247505664825,0.176094964146614,0.4990788102149963,0.2890522480010986,0.3845434188842773,0.1149143874645233
0.2865487933158874,0.4403145909309387,0.1109004542231559,0.3175978064537048,0.490928590297699,0.2984247505664825,0.176094964146614,0.4990788102149963,0.2890522480010986,0.3845434188842773,0.1149143874645233
0.2865487933158874,0.4403145909309387,0.1109004542231559,0.3175978064537048,0.490928590297699,0.2984247505664825,0.176094964146614,0.4990788102149963,0.2890522480010986,0.3845434188842773,0.1149143874645233
0.2865487933158874,0.4403145909309387,0.1109004542231559,0.3175978064537048,0.490928590297699,0.2984247505664825,0.176094964146614,0.4990788102149963,0.2890522480010986,0.3845434188842773,0.1149143874645233
0.2865487933158874,0.4403145909309387,0.1109004542231559,0.3175978064537048,0.490928590297699,0.2984247505664825,0.176094964146614,0.4990788102149963,0.2890522480010986,0.3845434188842773,0.1149143874645233
0.2865487933158874,0.4403145909309387,0.1109004542231559,0.3175978064537048,0.490928590297699,0.2984247505664825,0.176094964146614,0.4990788102149963,0.2890522480010986,0.3845434188842773,0.1149143874645233
0.2865487933158874,0.4403145909309387,0.1109004542231559,0.3175978064537048,0.490928590297699,0.2984247505664825,0.176094964146614,0.4990788102149963,0.2890522480010986,0.3845434188842773,0.1149143874645233
0.2865487933158874,0.4403145909309387,0.1109004542231559,0.3175978064537048,0.490928590297699,0.2984247505664825,0.176094964146614,0.4990788102149963,0.2890522480010986,0.3845434188842773,0.1149143874645233
0.2865487933158874,0.4403145909309387,0.1109004542231559,0.3175978064537048,0.490928590297699,0.2984247505664825,0.176094964146614,0.4990788102149963,0.2890522480010986,0.3845434188842773,0.1149143874645233
0.2865487933158874,0.4403145909309387,0.1109004542231559,0.3175978064537048,0.490928590297699,0.2984247505664825,0.176094964146614,0.4990788102149963,0.2890522480010986,0.3845434188842773,0.1149143874645233
0.2865487933158874,0.4403145909309387,0.1109004542231559,0.3175978064537048,0.490928590297699,0.2984247505664825,0.176094964146614,0.4990788102149963,0.2890522480010986,0.3845434188842773,0.1149143874645233
0.2865487933158874,0.4403145909309387,0.1109004542231559,0.3175978064537048,0.490928590297699,0.2984247505664825,0.176094964146614,0.4990788102149963,0.2890522480010986,0.3845434188842773,0.1149143874645233
0.2865487933158874,0.4403145909309387,0.1109004542231559,0.3175978064537048,0.490928590297699,0.2984247505664825,0.176094964146614,0.4990788102149963,0.2890522480010986,0.3845434188842773,0.1149143874645233
0.2865487933158874,0.4403145909309387,0.1109004542231559,0.3175978064537048,0.490928590297699,0.2984247505664825,0.176094964146614,0.4990788102149963,0.2890522480010986,0.3845434188842773,0.1149143874645233
0.2865487933158874,0.4403145909309387,0.1109004542231559,0.3175978064537048,0.490928590297699,0.2984247505664825,0.176094964146614,0.4990788102149963,0.2890522480010986,0.3845434188842773,0.1149143874645233
0.2865487933158874,0.4403145909309387,0.1109004542231559,0.3175978064537048,0.490928590297699,0.2984247505664825,0.176094964146614,0.4990788102149963,0.2890522480010986,0.3845434188842773,0.1149143874645233
0.2865487933158874,0.4403145909309387,0.1109004542231559,0.3175978064537048,0.490928590297699,0.2984247505664825,0.176094964146614,0.4990788102149963,0.2890522480010986,0.3845434188842773,0.1149143874645233
0.2865487933158874,0.4403145909309387,0.1109004542231559,0.3175978064537048,0.490928590297699,0.2984247505664825,0.176094964146614,0.4990788102149963,0.2890522480010986,0.3845434188842773,0.1149143874645233
0.2865487933158874,0.4403145909309387,0.1109004542231559,0.3175978064537048,0.490928590297699,0.2984247505664825,0.176094964146614,0.4990788102149963,0.2890522480010986,0.3845434188842773,0.1149143874645233
0.2865487933158874,0.4403145909309387,0.1109004542231559,0.3175978064537048,0.490928590297699,0.2984247505664825,0.176094964146614,0.4990788102149963,0.2890522480010986,0.3845434188842773,0.1149143874645233
0.2865487933158874,0.4403145909309387,0.1109004542231559,0.3175978064537048,0.490928590297699,0.2984247505664825,0.176094964146614,0.4990788102149963,0.2890522480010986,0.3845434188842773,0.1149143874645233
0.2865487933158874,0.4403145909309387,0.1109004542231559,0.3175978064537048,0.490928590297699,0.2984247505664825,0.176094964146614,0.4990788102149963,0.2890522480010986,0.3845434188842773,0.1149143874645233
0.2865487933158874,0.4403145909309387,0.1109004542231559,0.3175978064537048,0.490928590297699,0.2984247505664825,0.176094964146614,0.4990788102149963,0.2890522480010986,0.3845434188842773,0.1149143874645233
0.2865487933158874,0.4403145909309387,0.1109004542231559,0.3175978064537048,0.490928590297699,0.2984247505664825,0.176094964146614,0.4990788102149963,0.2890522480010986,0.3845434188842773,0.1149143874645233
0.2865487933158874,0.4403145909309387,0.1109004542231559,0.3175978064537048,0.490928590297699,0.2984247505664825,0.176094964146614,0.4990788102149963,0.2890522480010986,0.3845434188842773,0.1149143874645233
0.2865487933158874,0.4403145909309387,0.1109004542231559,0.3175978064537048,0.490928590297699,0.2984247505664825,0.176094964146614,0.4990788102149963,0.2890522480010986,0.3845434188842773,0.1149143874645233
0.2865487933158874,0.4403145909309387,0.1109004542231559,0.3175978064537048,0.490928590297699,0.2984247505664825,0.176094964146614,0.4990788102149963,0.2890522480010986,0.3845434188842773,0.1149143874645233
0.2865487933158874,0.4403145909309387,0.1109004542231559,0.3175978064537048,0.490928590297699,0.2984247505664825,0.176094964146614,0.4990788102149963,0.2890522480010986,0.3845434188842773,0.1149143874645233
0.2865487933158874,0.4403145909309387,0.1109004542231559,0.3175978064537048,0.490928590297699,0.2984247505664825,0.176094964146614,0.4990788102149963,0.2890522480010986,0.3845434188842773,0.1149143874645233
0.2865487933158874,0.4403145909309387,0.1109004542231559,0.3175978064537048,0.490928590297699,0.2984247505664825,0.176094964146614,0.4990788102149963,0.2890522480010986,0.3845434188842773,0.1149143874645233
0.2865487933158874,0.4403145909309387,0.1109004542231559,0.3175978064537048,0.490928590297699,0.2984247505664825,0.176094964146614,0.4990788102149963,0.2890522480010986,0.3845434188842773,0.1149143874645233
0.2865487933158874,0.4403145909309387,0.1109004542231559,0.3175978064537048,0.490928590297699,0.2984247505664825,0.176094964146614,0.4990788102149963,0.2890522480010986,0.3845434188842773,0.1149143874645233
0.2865487933158874,0.4403145909309387,0.1109004542231559,0.3175978064537048,0.490928590297699,0.2984247505664825,0.176094964146614,0.4990788102149963,0.2890522480010986,0.3845434188842773,0.1149143874645233
0.2865487933158874,0.4403145909309387,0.1109004542231559,0.3175978064537048,0.490928590297699,0.2984247505664825,0.176094964146614,0.4990788102149963,0.2890522480010986,0.3845434188842773,0.1149143874645233
0.2865487933158874,0.4403145909309387,0.1109004542231559,0.3175978064537048,0.490928590297699,0.2984247505664825,0.176094964146614,0.4990788102149963,0.2890522480010986,0.3845434188842773,0.1149143874645233
0.2865487933158874,0.4403145909309387,0.1109004542231559,0.3175978064537048,0.490928590297699,0.2984247505664825,0.176094964146614,0.4990788102149963,0.2890522480010986,0.3845434188842773,0.1149143874645233
0.2865487933158874,0.4403145909309387,0.1109004542231559,0.3175978064537048,0.490928590297699,0.2984247505664825,0.176094964146614,0.4990788102149963,0.2890522480010986,0.3845434188842773,0.1149143874645233
0.2865487933158874,0.4403145909309387,0.1109004542231559,0.3175978064537048,0.490928590297699,0.2984247505664825,0.176094964146614,0.4990788102149963,0.2890522480010986,0.3845434188842773,0.1149143874645233
0.2865487933158874,0.4403145909309387,0.1109004542231559,0.3175978064537048,0.490928590297699,0.2984247505664825,0.176094964146614,0.4990788102149963,0.2890522480010986,0.3845434188842773,0.1149143874645233
0.2865487933158874,0.4403145909309387,0.1109004542231559,0.3175978064537048,0.490928590297699,0.2984247505664825,0.176094964146614,0.4990788102149963,0.2890522480010986,0.3845434188842773,0.1149143874645233
0.2865487933158874,0.4403145909309387,0.1109004542231559,0.3175978064537048,0.490928590297699,0.2984247505664825,0.176094964146614,0.4990788102149963,0.2890522480010986,0.3845434188842773,0.1149143874645233
0.2865487933158874,0.4403145909309387,0.1109004542231559,0.3175978064537048,0.490928590297699,0.2984247505664825,0.176094964146614,0.4990788102149963,0.2890522480010986,0.3845434188842773,0.1149143874645233
0.2865487933158874,0.4403145909309387,0.1109004542231559,0.3175978064537048,0.490928590297699,0.2984247505664825,0.176094964146614,0.4990788102149963,0.2890522480010986,0.3845434188842773,0.1149143874645233
0.2865487933158874,0.4403145909309387,0.1109004542231559,0.3175978064537048,0.490928590297699,0.2984247505664825,0.176094964146614,0.4990788102149963,0.2890522480010986,0.3845434188842773,0.1149143874645233
0.2865487933158874,0.4403145909309387,0.1109004542231559,0.3175978064537048,0.490928590297699,0.2984247505664825,0.176094964146614,0.4990788102149963,0.2890522480010986,0.3845434188842773,0.1149143874645233
0.2865487933158874,0.4403145909309387,0.1109004542231559,0.3175978064537048,0.490928590297699,0.2984247505664825,0.176094964146614,0.4990788102149963,0.2890522480010986,0.3845434188842773,0.1149143874645233
0.2865487933158874,0.4403145909309387,0.1109004542231559,0.3175978064537048,0.490928590297699,0.2984247505664825,0.176094964146614,0.4990788102149963,0.2890522480010986,0.3845434188842773,0.1149143874645233
0.2865487933158874,0.4403145909309387,0.1109004542231559,0.3175978064537048,0.490928590297699,0.2984247505664825,0.176094964146614,0.4990788102149963,0.2890522480010986,0.3845434188842773,0.1149143874645233
0.2865487933158874,0.4403145909309387,0.1109004542231559,0.3175978064537048,0.490928590297699,0.2984247505664825,0.176094964146614,0.4990788102149963,0.2890522480010986,0.3845434188842773,0.1149143874645233
0.2865487933158874,0.4403145909309387,0.1109004542231559,0.3175978064537048,0.490928590297699,0.2984247505664825,0.176094964146614,0.4990788102149963,0.2890522480010986,0.3845434188842773,0.1149143874645233
0.2865487933158874,0.4403145909309387,0.1109004542231559,0.3175978064537048,0.490928590297699,0.2984247505664825,0.176094964146614,0.4990788102149963,0.2890522480010986,0.3845434188842773,0.1149143874645233
0.2865487933158874,0.4403145909309387,0.1109004542231559,0.3175978064537048,0.490928590297699,0.2984247505664825,0.176094964146614,0.4990788102149963,0.2890522480010986,0.3845434188842773,0.1149143874645233
0.2865487933158874,0.4403145909309387,0.1109004542231559,0.3175978064537048,0.490928590297699,0.2984247505664825,0.176094964146614,0.4990788102149963,0.2890522480010986,0.3845434188842773,0.1149143874645233
0.2865487933158874,0.4403145909309387,0.1109004542231559,0.3175978064537048,0.490928590297699,0.2984247505664825,0.176094964146614,0.4990788102149963,0.2890522480010986,0.3845434188842773,0.1149143874645233
0.2918869853019714,0.4397152960300445,0.4253138303756714,0.583726167678833,0.3817214071750641,0.2091481834650039,0.1750549525022506,0.6704270839691162,0.411108911037445,0.5097560286521912,0.1165731400251388
0.2918869853019714,0.4397152960300445,0.4253138303756714,0.583726167678833,0.3817214071750641,0.2091481834650039,0.1750549525022506,0.6704270839691162,0.411108911037445,0.5097560286521912,0.1165731400251388
0.2918869853019714,0.4397152960300445,0.4253138303756714,0.583726167678833,0.3817214071750641,0.2091481834650039,0.1750549525022506,0.6704270839691162,0.411108911037445,0.5097560286521912,0.1165731400251388
0.2918869853019714,0.4397152960300445,0.4253138303756714,0.583726167678833,0.3817214071750641,0.2091481834650039,0.1750549525022506,0.6704270839691162,0.411108911037445,0.5097560286521912,0.1165731400251388
0.2918869853019714,0.4397152960300445,0.4253138303756714,0.583726167678833,0.3817214071750641,0.2091481834650039,0.1750549525022506,0.6704270839691162,0.411108911037445,0.5097560286521912,0.1165731400251388
0.2918869853019714,0.4397152960300445,0.4253138303756714,0.583726167678833,0.3817214071750641,0.2091481834650039,0.1750549525022506,0.6704270839691162,0.411108911037445,0.5097560286521912,0.1165731400251388
0.2918869853019714,0.4397152960300445,0.4253138303756714,0.583726167678833,0.3817214071750641,0.2091481834650039,0.1750549525022506,0.6704270839691162,0.411108911037445,0.5097560286521912,0.1165731400251388
0.2918869853019714,0.4397152960300445,0.4253138303756714,0.583726167678833,0.3817214071750641,0.2091481834650039,0.1750549525022506,0.6704270839691162,0.411108911037445,0.5097560286521912,0.1165731400251388
0.2918869853019714,0.4397152960300445,0.4253138303756714,0.583726167678833,0.3817214071750641,0.2091481834650039,0.1750549525022506,0.6704270839691162,0.411108911037445,0.5097560286521912,0.1165731400251388
0.2918869853019714,0.4397152960300445,0.4253138303756714,0.583726167678833,0.3817214071750641,0.2091481834650039,0.1750549525022506,0.6704270839691162,0.411108911037445,0.5097560286521912,0.1165731400251388
0.2918869853019714,0.4397152960300445,0.4253138303756714,0.583726167678833,0.3817214071750641,0.2091481834650039,0.1750549525022506,0.6704270839691162,0.411108911037445,0.5097560286521912,0.1165731400251388
0.2918869853019714,0.4397152960300445,0.4253138303756714,0.583726167678833,0.3817214071750641,0.2091481834650039,0.1750549525022506,0.6704270839691162,0.411108911037445,0.5097560286521912,0.1165731400251388
0.2918869853019714,0.4397152960300445,0.4253138303756714,0.583726167678833,0.3817214071750641,0.2091481834650039,0.1750549525022506,0.6704270839691162,0.411108911037445,0.5097560286521912,0.1165731400251388
0.2918869853019714,0.4397152960300445,0.4253138303756714,0.583726167678833,0.3817214071750641,0.2091481834650039,0.1750549525022506,0.6704270839691162,0.411108911037445,0.5097560286521912,0.1165731400251388
0.2918869853019714,0.4397152960300445,0.4253138303756714,0.583726167678833,0.3817214071750641,0.2091481834650039,0.1750549525022506,0.6704270839691162,0.411108911037445,0.5097560286521912,0.1165731400251388
0.2918869853019714,0.4397152960300445,0.4253138303756714,0.583726167678833,0.3817214071750641,0.2091481834650039,0.1750549525022506,0.6704270839691162,0.411108911037445,0.5097560286521912,0.1165731400251388
0.2918869853019714,0.4397152960300445,0.4253138303756714,0.583726167678833,0.3817214071750641,0.2091481834650039,0.1750549525022506,0.6704270839691162,0.411108911037445,0.5097560286521912,0.1165731400251388
0.2918869853019714,0.4397152960300445,0.4253138303756714,0.583726167678833,0.3817214071750641,0.2091481834650039,0.1750549525022506,0.6704270839691162,0.411108911037445,0.5097560286521912,0.1165731400251388
0.2918869853019714,0.4397152960300445,0.4253138303756714,0.583726167678833,0.3817214071750641,0.2091481834650039,0.1750549525022506,0.6704270839691162,0.411108911037445,0.5097560286521912,0.1165731400251388
0.2918869853019714,0.4397152960300445,0.4253138303756714,0.583726167678833,0.3817214071750641,0.2091481834650039,0.1750549525022506,0.6704270839691162,0.411108911037445,0.5097560286521912,0.1165731400251388
0.2918869853019714,0.4397152960300445,0.4253138303756714,0.583726167678833,0.3817214071750641,0.2091481834650039,0.1750549525022506,0.6704270839691162,0.411108911037445,0.5097560286521912,0.1165731400251388
0.2918869853019714,0.4397152960300445,0.4253138303756714,0.583726167678833,0.3817214071750641,0.2091481834650039,0.1750549525022506,0.6704270839691162,0.411108911037445,0.5097560286521912,0.1165731400251388
0.2918869853019714,0.4397152960300445,0.4253138303756714,0.583726167678833,0.3817214071750641,0.2091481834650039,0.1750549525022506,0.6704270839691162,0.411108911037445,0.5097560286521912,0.1165731400251388
0.2918869853019714,0.4397152960300445,0.4253138303756714,0.583726167678833,0.3817214071750641,0.2091481834650039,0.1750549525022506,0.6704270839691162,0.411108911037445,0.5097560286521912,0.1165731400251388
0.2918869853019714,0.4397152960300445,0.4253138303756714,0.583726167678833,0.3817214071750641,0.2091481834650039,0.1750549525022506,0.6704270839691162,0.411108911037445,0.5097560286521912,0.1165731400251388
0.2918869853019714,0.4397152960300445,0.4253138303756714,0.583726167678833,0.3817214071750641,0.2091481834650039,0.1750549525022506,0.6704270839691162,0.411108911037445,0.5097560286521912,0.1165731400251388
0.2918869853019714,0.4397152960300445,0.4253138303756714,0.583726167678833,0.3817214071750641,0.2091481834650039,0.1750549525022506,0.6704270839691162,0.411108911037445,0.5097560286521912,0.1165731400251388
0.2918869853019714,0.4397152960300445,0.4253138303756714,0.583726167678833,0.3817214071750641,0.2091481834650039,0.1750549525022506,0.6704270839691162,0.411108911037445,0.5097560286521912,0.1165731400251388
0.2918869853019714,0.4397152960300445,0.4253138303756714,0.583726167678833,0.3817214071750641,0.2091481834650039,0.1750549525022506,0.6704270839691162,0.411108911037445,0.5097560286521912,0.1165731400251388
0.2918869853019714,0.4397152960300445,0.4253138303756714,0.583726167678833,0.3817214071750641,0.2091481834650039,0.1750549525022506,0.6704270839691162,0.411108911037445,0.5097560286521912,0.1165731400251388
0.2918869853019714,0.4397152960300445,0.4253138303756714,0.583726167678833,0.3817214071750641,0.2091481834650039,0.1750549525022506,0.6704270839691162,0.411108911037445,0.5097560286521912,0.1165731400251388
0.2918869853019714,0.4397152960300445,0.4253138303756714,0.583726167678833,0.3817214071750641,0.2091481834650039,0.1750549525022506,0.6704270839691162,0.411108911037445,0.5097560286521912,0.1165731400251388
0.2918869853019714,0.4397152960300445,0.4253138303756714,0.583726167678833,0.3817214071750641,0.2091481834650039,0.1750549525022506,0.6704270839691162,0.411108911037445,0.5097560286521912,0.1165731400251388
0.2918869853019714,0.4397152960300445,0.4253138303756714,0.583726167678833,0.3817214071750641,0.2091481834650039,0.1750549525022506,0.6704270839691162,0.411108911037445,0.5097560286521912,0.1165731400251388
0.2918869853019714,0.4397152960300445,0.4253138303756714,0.583726167678833,0.3817214071750641,0.2091481834650039,0.1750549525022506,0.6704270839691162,0.411108911037445,0.5097560286521912,0.1165731400251388
0.2918869853019714,0.4397152960300445,0.4253138303756714,0.583726167678833,0.3817214071750641,0.2091481834650039,0.1750549525022506,0.6704270839691162,0.411108911037445,0.5097560286521912,0.1165731400251388
0.2918869853019714,0.4397152960300445,0.4253138303756714,0.583726167678833,0.3817214071750641,0.2091481834650039,0.1750549525022506,0.6704270839691162,0.411108911037445,0.5097560286521912,0.1165731400251388
0.2918869853019714,0.4397152960300445,0.4253138303756714,0.583726167678833,0.3817214071750641,0.2091481834650039,0.1750549525022506,0.6704270839691162,0.411108911037445,0.5097560286521912,0.1165731400251388
0.2918869853019714,0.4397152960300445,0.4253138303756714,0.583726167678833,0.3817214071750641,0.2091481834650039,0.1750549525022506,0.6704270839691162,0.411108911037445,0.5097560286521912,0.1165731400251388
0.2918869853019714,0.4397152960300445,0.4253138303756714,0.583726167678833,0.3817214071750641,0.2091481834650039,0.1750549525022506,0.6704270839691162,0.411108911037445,0.5097560286521912,0.1165731400251388
0.2918869853019714,0.4397152960300445,0.4253138303756714,0.583726167678833,0.3817214071750641,0.2091481834650039,0.1750549525022506,0.6704270839691162,0.411108911037445,0.5097560286521912,0.1165731400251388
0.2918869853019714,0.4397152960300445,0.4253138303756714,0.583726167678833,0.3817214071750641,0.2091481834650039,0.1750549525022506,0.6704270839691162,0.411108911037445,0.5097560286521912,0.1165731400251388
0.2918869853019714,0.4397152960300445,0.4253138303756714,0.583726167678833,0.3817214071750641,0.2091481834650039,0.1750549525022506,0.6704270839691162,0.411108911037445,0.5097560286521912,0.1165731400251388
0.2918869853019714,0.4397152960300445,0.4253138303756714,0.583726167678833,0.3817214071750641,0.2091481834650039,0.1750549525022506,0.6704270839691162,0.411108911037445,0.5097560286521912,0.1165731400251388
0.2918869853019714,0.4397152960300445,0.4253138303756714,0.583726167678833,0.3817214071750641,0.2091481834650039,0.1750549525022506,0.6704270839691162,0.411108911037445,0.5097560286521912,0.1165731400251388
0.2918869853019714,0.4397152960300445,0.4253138303756714,0.583726167678833,0.3817214071750641,0.2091481834650039,0.1750549525022506,0.6704270839691162,0.411108911037445,0.5097560286521912,0.1165731400251388
0.2918869853019714,0.4397152960300445,0.4253138303756714,0.583726167678833,0.3817214071750641,0.2091481834650039,0.1750549525022506,0.6704270839691162,0.411108911037445,0.5097560286521912,0.1165731400251388
0.2918869853019714,0.4397152960300445,0.4253138303756714,0.583726167678833,0.3817214071750641,0.2091481834650039,0.1750549525022506,0.6704270839691162,0.411108911037445,0.5097560286521912,0.1165731400251388
0.2918869853019714,0.4397152960300445,0.4253138303756714,0.583726167678833,0.3817214071750641,0.2091481834650039,0.1750549525022506,0.6704270839691162,0.411108911037445,0.5097560286521912,0.1165731400251388
0.2918869853019714,0.4397152960300445,0.4253138303756714,0.583726167678833,0.3817214071750641,0.2091481834650039,0.1750549525022506,0.6704270839691162,0.411108911037445,0.5097560286521912,0.1165731400251388
0.2918869853019714,0.4397152960300445,0.4253138303756714,0.583726167678833,0.3817214071750641,0.2091481834650039,0.1750549525022506,0.6704270839691162,0.411108911037445,0.5097560286521912,0.1165731400251388
0.2918869853019714,0.4397152960300445,0.4253138303756714,0.583726167678833,0.3817214071750641,0.2091481834650039,0.1750549525022506,0.6704270839691162,0.411108911037445,0.5097560286521912,0.1165731400251388
0.2918869853019714,0.4397152960300445,0.4253138303756714,0.583726167678833,0.3817214071750641,0.2091481834650039,0.1750549525022506,0.6704270839691162,0.411108911037445,0.5097560286521912,0.1165731400251388
0.2918869853019714,0.4397152960300445,0.4253138303756714,0.583726167678833,0.3817214071750641,0.2091481834650039,0.1750549525022506,0.6704270839691162,0.411108911037445,0.5097560286521912,0.1165731400251388
0.2918869853019714,0.4397152960300445,0.4253138303756714,0.583726167678833,0.3817214071750641,0.2091481834650039,0.1750549525022506,0.6704270839691162,0.411108911037445,0.5097560286521912,0.1165731400251388
0.2918869853019714,0.4397152960300445,0.4253138303756714,0.583726167678833,0.3817214071750641,0.2091481834650039,0.1750549525022506,0.6704270839691162,0.411108911037445,0.5097560286521912,0.1165731400251388
0.2918869853019714,0.4397152960300445,0.4253138303756714,0.583726167678833,0.3817214071750641,0.2091481834650039,0.1750549525022506,0.6704270839691162,0.411108911037445,0.5097560286521912,0.1165731400251388
0.2918869853019714,0.4397152960300445,0.4253138303756714,0.583726167678833,0.3817214071750641,0.2091481834650039,0.1750549525022506,0.6704270839691162,0.411108911037445,0.5097560286521912,0.1165731400251388
0.2918869853019714,0.4397152960300445,0.4253138303756714,0.583726167678833,0.3817214071750641,0.2091481834650039,0.1750549525022506,0.6704270839691162,0.411108911037445,0.5097560286521912,0.1165731400251388
0.2918869853019714,0.4397152960300445,0.4253138303756714,0.583726167678833,0.3817214071750641,0.2091481834650039,0.1750549525022506,0.6704270839691162,0.411108911037445,0.5097560286521912,0.1165731400251388
0.2918869853019714,0.4397152960300445,0.4253138303756714,0.583726167678833,0.3817214071750641,0.2091481834650039,0.1750549525022506,0.6704270839691162,0.411108911037445,0.5097560286521912,0.1165731400251388
0.2918869853019714,0.4397152960300445,0.4253138303756714,0.583726167678833,0.3817214071750641,0.2091481834650039,0.1750549525022506,0.6704270839691162,0.411108911037445,0.5097560286521912,0.1165731400251388
0.2918869853019714,0.4397152960300445,0.4253138303756714,0.583726167678833,0.3817214071750641,0.2091481834650039,0.1750549525022506,0.6704270839691162,0.411108911037445,0.5097560286521912,0.1165731400251388
0.2918869853019714,0.4397152960300445,0.4253138303756714,0.583726167678833,0.3817214071750641,0.2091481834650039,0.1750549525022506,0.6704270839691162,0.411108911037445,0.5097560286521912,0.1165731400251388
0.2918869853019714,0.4397152960300445,0.4253138303756714,0.583726167678833,0.3817214071750641,0.2091481834650039,0.1750549525022506,0.6704270839691162,0.411108911037445,0.5097560286521912,0.1165731400251388
0.2918869853019714,0.4397152960300445,0.4253138303756714,0.583726167678833,0.3817214071750641,0.2091481834650039,0.1750549525022506,0.6704270839691162,0.411108911037445,0.5097560286521912,0.1165731400251388
0.2918869853019714,0.4397152960300445,0.4253138303756714,0.583726167678833,0.3817214071750641,0.2091481834650039,0.1750549525022506,0.6704270839691162,0.411108911037445,0.5097560286521912,0.1165731400251388
0.2918869853019714,0.4397152960300445,0.4253138303756714,0.583726167678833,0.3817214071750641,0.2091481834650039,0.1750549525022506,0.6704270839691162,0.411108911037445,0.5097560286521912,0.1165731400251388
0.2918869853019714,0.4397152960300445,0.4253138303756714,0.583726167678833,0.3817214071750641,0.2091481834650039,0.1750549525022506,0.6704270839691162,0.411108911037445,0.5097560286521912,0.1165731400251388
0.2918869853019714,0.4397152960300445,0.4253138303756714,0.583726167678833,0.3817214071750641,0.2091481834650039,0.1750549525022506,0.6704270839691162,0.411108911037445,0.5097560286521912,0.1165731400251388
0.2918869853019714,0.4397152960300445,0.4253138303756714,0.583726167678833,0.3817214071750641,0.2091481834650039,0.1750549525022506,0.6704270839691162,0.411108911037445,0.5097560286521912,0.1165731400251388
0.2918869853019714,0.4397152960300445,0.4253138303756714,0.583726167678833,0.3817214071750641,0.2091481834650039,0.1750549525022506,0.6704270839691162,0.411108911037445,0.5097560286521912,0.1165731400251388
0.2918869853019714,0.4397152960300445,0.4253138303756714,0.583726167678833,0.3817214071750641,0.2091481834650039,0.1750549525022506,0.6704270839691162,0.411108911037445,0.5097560286521912,0.1165731400251388
0.2918869853019714,0.4397152960300445,0.4253138303756714,0.583726167678833,0.3817214071750641,0.2091481834650039,0.1750549525022506,0.6704270839691162,0.411108911037445,0.5097560286521912,0.1165731400251388
0.2918869853019714,0.4397152960300445,0.4253138303756714,0.583726167678833,0.3817214071750641,0.2091481834650039,0.1750549525022506,0.6704270839691162,0.411108911037445,0.5097560286521912,0.1165731400251388
0.2918869853019714,0.4397152960300445,0.4253138303756714,0.583726167678833,0.3817214071750641,0.2091481834650039,0.1750549525022506,0.6704270839691162,0.411108911037445,0.5097560286521912,0.1165731400251388
0.2918869853019714,0.4397152960300445,0.4253138303756714,0.583726167678833,0.3817214071750641,0.2091481834650039,0.1750549525022506,0.6704270839691162,0.411108911037445,0.5097560286521912,0.1165731400251388
0.2918869853019714,0.4397152960300445,0.4253138303756714,0.583726167678833,0.3817214071750641,0.2091481834650039,0.1750549525022506,0.6704270839691162,0.411108911037445,0.5097560286521912,0.1165731400251388
0.2918869853019714,0.4397152960300445,0.4253138303756714,0.583726167678833,0.3817214071750641,0.2091481834650039,0.1750549525022506,0.6704270839691162,0.411108911037445,0.5097560286521912,0.1165731400251388
0.2918869853019714,0.4397152960300445,0.4253138303756714,0.583726167678833,0.3817214071750641,0.2091481834650039,0.1750549525022506,0.6704270839691162,0.411108911037445,0.5097560286521912,0.1165731400251388
0.2918869853019714,0.4397152960300445,0.4253138303756714,0.583726167678833,0.3817214071750641,0.2091481834650039,0.1750549525022506,0.6704270839691162,0.411108911037445,0.5097560286521912,0.1165731400251388
0.2918869853019714,0.4397152960300445,0.4253138303756714,0.583726167678833,0.3817214071750641,0.2091481834650039,0.1750549525022506,0.6704270839691162,0.411108911037445,0.5097560286521912,0.1165731400251388
0.2918869853019714,0.4397152960300445,0.4253138303756714,0.583726167678833,0.3817214071750641,0.2091481834650039,0.1750549525022506,0.6704270839691162,0.411108911037445,0.5097560286521912,0.1165731400251388
0.2918869853019714,0.4397152960300445,0.4253138303756714,0.583726167678833,0.3817214071750641,0.2091481834650039,0.1750549525022506,0.6704270839691162,0.411108911037445,0.5097560286521912,0.1165731400251388
0.2918869853019714,0.4397152960300445,0.4253138303756714,0.583726167678833,0.3817214071750641,0.2091481834650039,0.1750549525022506,0.6704270839691162,0.411108911037445,0.5097560286521912,0.1165731400251388
0.2918869853019714,0.4397152960300445,0.4253138303756714,0.583726167678833,0.3817214071750641,0.2091481834650039,0.1750549525022506,0.6704270839691162,0.411108911037445,0.5097560286521912,0.1165731400251388
0.2918869853019714,0.4397152960300445,0.4253138303756714,0.583726167678833,0.3817214071750641,0.2091481834650039,0.1750549525022506,0.6704270839691162,0.411108911037445,0.5097560286521912,0.1165731400251388
0.2918869853019714,0.4397152960300445,0.4253138303756714,0.583726167678833,0.3817214071750641,0.2091481834650039,0.1750549525022506,0.6704270839691162,0.411108911037445,0.5097560286521912,0.1165731400251388
0.2918869853019714,0.4397152960300445,0.4253138303756714,0.583726167678833,0.3817214071750641,0.2091481834650039,0.1750549525022506,0.6704270839691162,0.411108911037445,0.5097560286521912,0.1165731400251388
0.2918869853019714,0.4397152960300445,0.4253138303756714,0.583726167678833,0.3817214071750641,0.2091481834650039,0.1750549525022506,0.6704270839691162,0.411108911037445,0.5097560286521912,0.1165731400251388
0.2918869853019714,0.4397152960300445,0.4253138303756714,0.583726167678833,0.3817214071750641,0.2091481834650039,0.1750549525022506,0.6704270839691162,0.411108911037445,0.5097560286521912,0.1165731400251388
0.2918869853019714,0.4397152960300445,0.4253138303756714,0.583726167678833,0.3817214071750641,0.2091481834650039,0.1750549525022506,0.6704270839691162,0.411108911037445,0.5097560286521912,0.1165731400251388
0.2918869853019714,0.4397152960300445,0.4253138303756714,0.583726167678833,0.3817214071750641,0.2091481834650039,0.1750549525022506,0.6704270839691162,0.411108911037445,0.5097560286521912,0.1165731400251388
0.2918869853019714,0.4397152960300445,0.4253138303756714,0.583726167678833,0.3817214071750641,0.2091481834650039,0.1750549525022506,0.6704270839691162,0.411108911037445,0.5097560286521912,0.1165731400251388
0.2918869853019714,0.4397152960300445,0.4253138303756714,0.583726167678833,0.3817214071750641,0.2091481834650039,0.1750549525022506,0.6704270839691162,0.411108911037445,0.5097560286521912,0.1165731400251388
0.2918869853019714,0.4397152960300445,0.4253138303756714,0.583726167678833,0.3817214071750641,0.2091481834650039,0.1750549525022506,0.6704270839691162,0.411108911037445,0.5097560286521912,0.1165731400251388
0.2918869853019714,0.4397152960300445,0.4253138303756714,0.583726167678833,0.3817214071750641,0.2091481834650039,0.1750549525022506,0.6704270839691162,0.411108911037445,0.5097560286521912,0.1165731400251388
0.2918869853019714,0.4397152960300445,0.4253138303756714,0.583726167678833,0.3817214071750641,0.2091481834650039,0.1750549525022506,0.6704270839691162,0.411108911037445,0.5097560286521912,0.1165731400251388
0.2918869853019714,0.4397152960300445,0.4253138303756714,0.583726167678833,0.3817214071750641,0.2091481834650039,0.1750549525022506,0.6704270839691162,0.411108911037445,0.5097560286521912,0.1165731400251388
0.2918869853019714,0.4397152960300445,0.4253138303756714,0.583726167678833,0.3817214071750641,0.2091481834650039,0.1750549525022506,0.6704270839691162,0.411108911037445,0.5097560286521912,0.1165731400251388
0.2918869853019714,0.4397152960300445,0.4253138303756714,0.583726167678833,0.3817214071750641,0.2091481834650039,0.1750549525022506,0.6704270839691162,0.411108911037445,0.5097560286521912,0.1165731400251388
0.2918869853019714,0.4397152960300445,0.4253138303756714,0.583726167678833,0.3817214071750641,0.2091481834650039,0.1750549525022506,0.6704270839691162,0.411108911037445,0.5097560286521912,0.1165731400251388
0.2918869853019714,0.4397152960300445,0.4253138303756714,0.583726167678833,0.3817214071750641,0.2091481834650039,0.1750549525022506,0.6704270839691162,0.411108911037445,0.5097560286521912,0.1165731400251388
0.2918869853019714,0.4397152960300445,0.4253138303756714,0.583726167678833,0.3817214071750641,0.2091481834650039,0.1750549525022506,0.6704270839691162,0.411108911037445,0.5097560286521912,0.1165731400251388
0.2918869853019714,0.4397152960300445,0.4253138303756714,0.583726167678833,0.3817214071750641,0.2091481834650039,0.1750549525022506,0.6704270839691162,0.411108911037445,0.5097560286521912,0.1165731400251388
0.2918869853019714,0.4397152960300445,0.4253138303756714,0.583726167678833,0.3817214071750641,0.2091481834650039,0.1750549525022506,0.6704270839691162,0.411108911037445,0.5097560286521912,0.1165731400251388
0.2918869853019714,0.4397152960300445,0.4253138303756714,0.583726167678833,0.3817214071750641,0.2091481834650039,0.1750549525022506,0.6704270839691162,0.411108911037445,0.5097560286521912,0.1165731400251388
0.2918869853019714,0.4397152960300445,0.4253138303756714,0.583726167678833,0.3817214071750641,0.2091481834650039,0.1750549525022506,0.6704270839691162,0.411108911037445,0.5097560286521912,0.1165731400251388
0.2918869853019714,0.4397152960300445,0.4253138303756714,0.583726167678833,0.3817214071750641,0.2091481834650039,0.1750549525022506,0.6704270839691162,0.411108911037445,0.5097560286521912,0.1165731400251388
0.2918869853019714,0.4397152960300445,0.4253138303756714,0.583726167678833,0.3817214071750641,0.2091481834650039,0.1750549525022506,0.6704270839691162,0.411108911037445,0.5097560286521912,0.1165731400251388
0.2918869853019714,0.4397152960300445,0.4253138303756714,0.583726167678833,0.3817214071750641,0.2091481834650039,0.1750549525022506,0.6704270839691162,0.411108911037445,0.5097560286521912,0.1165731400251388
0.2918869853019714,0.4397152960300445,0.4253138303756714,0.583726167678833,0.3817214071750641,0.2091481834650039,0.1750549525022506,0.6704270839691162,0.411108911037445,0.5097560286521912,0.1165731400251388
0.2918869853019714,0.4397152960300445,0.4253138303756714,0.583726167678833,0.3817214071750641,0.2091481834650039,0.1750549525022506,0.6704270839691162,0.411108911037445,0.5097560286521912,0.1165731400251388
0.2918869853019714,0.4397152960300445,0.4253138303756714,0.583726167678833,0.3817214071750641,0.2091481834650039,0.1750549525022506,0.6704270839691162,0.411108911037445,0.5097560286521912,0.1165731400251388
0.2918869853019714,0.4397152960300445,0.4253138303756714,0.583726167678833,0.3817214071750641,0.2091481834650039,0.1750549525022506,0.6704270839691162,0.411108911037445,0.5097560286521912,0.1165731400251388
0.2918869853019714,0.4397152960300445,0.4253138303756714,0.583726167678833,0.3817214071750641,0.2091481834650039,0.1750549525022506,0.6704270839691162,0.411108911037445,0.5097560286521912,0.1165731400251388
0.2918869853019714,0.4397152960300445,0.4253138303756714,0.583726167678833,0.3817214071750641,0.2091481834650039,0.1750549525022506,0.6704270839691162,0.411108911037445,0.5097560286521912,0.1165731400251388
0.2918869853019714,0.4397152960300445,0.4253138303756714,0.583726167678833,0.3817214071750641,0.2091481834650039,0.1750549525022506,0.6704270839691162,0.411108911037445,0.5097560286521912,0.1165731400251388
0.2918869853019714,0.4397152960300445,0.4253138303756714,0.583726167678833,0.3817214071750641,0.2091481834650039,0.1750549525022506,0.6704270839691162,0.411108911037445,0.5097560286521912,0.1165731400251388
0.2918869853019714,0.4397152960300445,0.4253138303756714,0.583726167678833,0.3817214071750641,0.2091481834650039,0.1750549525022506,0.6704270839691162,0.411108911037445,0.5097560286521912,0.1165731400251388
0.2918869853019714,0.4397152960300445,0.4253138303756714,0.583726167678833,0.3817214071750641,0.2091481834650039,0.1750549525022506,0.6704270839691162,0.411108911037445,0.5097560286521912,0.1165731400251388
0.2918869853019714,0.4397152960300445,0.4253138303756714,0.583726167678833,0.3817214071750641,0.2091481834650039,0.1750549525022506,0.6704270839691162,0.411108911037445,0.5097560286521912,0.1165731400251388
0.2918869853019714,0.4397152960300445,0.4253138303756714,0.583726167678833,0.3817214071750641,0.2091481834650039,0.1750549525022506,0.6704270839691162,0.411108911037445,0.5097560286521912,0.1165731400251388
0.2918869853019714,0.4397152960300445,0.4253138303756714,0.583726167678833,0.3817214071750641,0.2091481834650039,0.1750549525022506,0.6704270839691162,0.411108911037445,0.5097560286521912,0.1165731400251388
0.2918869853019714,0.4397152960300445,0.4253138303756714,0.583726167678833,0.3817214071750641,0.2091481834650039,0.1750549525022506,0.6704270839691162,0.411108911037445,0.5097560286521912,0.1165731400251388
0.2918869853019714,0.4397152960300445,0.4253138303756714,0.583726167678833,0.3817214071750641,0.2091481834650039,0.1750549525022506,0.6704270839691162,0.411108911037445,0.5097560286521912,0.1165731400251388
0.2918869853019714,0.4397152960300445,0.4253138303756714,0.583726167678833,0.3817214071750641,0.2091481834650039,0.1750549525022506,0.6704270839691162,0.411108911037445,0.5097560286521912,0.1165731400251388
0.2918869853019714,0.4397152960300445,0.4253138303756714,0.583726167678833,0.3817214071750641,0.2091481834650039,0.1750549525022506,0.6704270839691162,0.411108911037445,0.5097560286521912,0.1165731400251388
0.2918869853019714,0.4397152960300445,0.4253138303756714,0.583726167678833,0.3817214071750641,0.2091481834650039,0.1750549525022506,0.6704270839691162,0.411108911037445,0.5097560286521912,0.1165731400251388
0.2918869853019714,0.4397152960300445,0.4253138303756714,0.583726167678833,0.3817214071750641,0.2091481834650039,0.1750549525022506,0.6704270839691162,0.411108911037445,0.5097560286521912,0.1165731400251388
0.2918869853019714,0.4397152960300445,0.4253138303756714,0.583726167678833,0.3817214071750641,0.2091481834650039,0.1750549525022506,0.6704270839691162,0.411108911037445,0.5097560286521912,0.1165731400251388
0.2918869853019714,0.4397152960300445,0.4253138303756714,0.583726167678833,0.3817214071750641,0.2091481834650039,0.1750549525022506,0.6704270839691162,0.411108911037445,0.5097560286521912,0.1165731400251388
0.2918869853019714,0.4397152960300445,0.4253138303756714,0.583726167678833,0.3817214071750641,0.2091481834650039,0.1750549525022506,0.6704270839691162,0.411108911037445,0.5097560286521912,0.1165731400251388
0.2918869853019714,0.4397152960300445,0.4253138303756714,0.583726167678833,0.3817214071750641,0.2091481834650039,0.1750549525022506,0.6704270839691162,0.411108911037445,0.5097560286521912,0.1165731400251388
0.2918869853019714,0.4397152960300445,0.4253138303756714,0.583726167678833,0.3817214071750641,0.2091481834650039,0.1750549525022506,0.6704270839691162,0.411108911037445,0.5097560286521912,0.1165731400251388
0.2918869853019714,0.4397152960300445,0.4253138303756714,0.583726167678833,0.3817214071750641,0.2091481834650039,0.1750549525022506,0.6704270839691162,0.411108911037445,0.5097560286521912,0.1165731400251388
0.2918869853019714,0.4397152960300445,0.4253138303756714,0.583726167678833,0.3817214071750641,0.2091481834650039,0.1750549525022506,0.6704270839691162,0.411108911037445,0.5097560286521912,0.1165731400251388
0.2918869853019714,0.4397152960300445,0.4253138303756714,0.583726167678833,0.3817214071750641,0.2091481834650039,0.1750549525022506,0.6704270839691162,0.411108911037445,0.5097560286521912,0.1165731400251388
0.2918869853019714,0.4397152960300445,0.4253138303756714,0.583726167678833,0.3817214071750641,0.2091481834650039,0.1750549525022506,0.6704270839691162,0.411108911037445,0.5097560286521912,0.1165731400251388
0.2918869853019714,0.4397152960300445,0.4253138303756714,0.583726167678833,0.3817214071750641,0.2091481834650039,0.1750549525022506,0.6704270839691162,0.411108911037445,0.5097560286521912,0.1165731400251388
0.2918869853019714,0.4397152960300445,0.4253138303756714,0.583726167678833,0.3817214071750641,0.2091481834650039,0.1750549525022506,0.6704270839691162,0.411108911037445,0.5097560286521912,0.1165731400251388
0.2918869853019714,0.4397152960300445,0.4253138303756714,0.583726167678833,0.3817214071750641,0.2091481834650039,0.1750549525022506,0.6704270839691162,0.411108911037445,0.5097560286521912,0.1165731400251388
0.2918869853019714,0.4397152960300445,0.4253138303756714,0.583726167678833,0.3817214071750641,0.2091481834650039,0.1750549525022506,0.6704270839691162,0.411108911037445,0.5097560286521912,0.1165731400251388
0.2918869853019714,0.4397152960300445,0.4253138303756714,0.583726167678833,0.3817214071750641,0.2091481834650039,0.1750549525022506,0.6704270839691162,0.411108911037445,0.5097560286521912,0.1165731400251388
0.2918869853019714,0.4397152960300445,0.4253138303756714,0.583726167678833,0.3817214071750641,0.2091481834650039,0.1750549525022506,0.6704270839691162,0.411108911037445,0.5097560286521912,0.1165731400251388
0.2918869853019714,0.4397152960300445,0.4253138303756714,0.583726167678833,0.3817214071750641,0.2091481834650039,0.1750549525022506,0.6704270839691162,0.411108911037445,0.5097560286521912,0.1165731400251388
0.2918869853019714,0.4397152960300445,0.4253138303756714,0.583726167678833,0.3817214071750641,0.2091481834650039,0.1750549525022506,0.6704270839691162,0.411108911037445,0.5097560286521912,0.1165731400251388
0.2918869853019714,0.4397152960300445,0.4253138303756714,0.583726167678833,0.3817214071750641,0.2091481834650039,0.1750549525022506,0.6704270839691162,0.411108911037445,0.5097560286521912,0.1165731400251388
0.2918869853019714,0.4397152960300445,0.4253138303756714,0.583726167678833,0.3817214071750641,0.2091481834650039,0.1750549525022506,0.6704270839691162,0.411108911037445,0.5097560286521912,0.1165731400251388
0.2918869853019714,0.4397152960300445,0.4253138303756714,0.583726167678833,0.3817214071750641,0.2091481834650039,0.1750549525022506,0.6704270839691162,0.411108911037445,0.5097560286521912,0.1165731400251388
0.2918869853019714,0.4397152960300445,0.4253138303756714,0.583726167678833,0.3817214071750641,0.2091481834650039,0.1750549525022506,0.6704270839691162,0.411108911037445,0.5097560286521912,0.1165731400251388
0.2918869853019714,0.4397152960300445,0.4253138303756714,0.583726167678833,0.3817214071750641,0.2091481834650039,0.1750549525022506,0.6704270839691162,0.411108911037445,0.5097560286521912,0.1165731400251388
0.2918869853019714,0.4397152960300445,0.4253138303756714,0.583726167678833,0.3817214071750641,0.2091481834650039,0.1750549525022506,0.6704270839691162,0.411108911037445,0.5097560286521912,0.1165731400251388
0.2918869853019714,0.4397152960300445,0.4253138303756714,0.583726167678833,0.3817214071750641,0.2091481834650039,0.1750549525022506,0.6704270839691162,0.411108911037445,0.5097560286521912,0.1165731400251388
0.2918869853019714,0.4397152960300445,0.4253138303756714,0.583726167678833,0.3817214071750641,0.2091481834650039,0.1750549525022506,0.6704270839691162,0.411108911037445,0.5097560286521912,0.1165731400251388
0.2918869853019714,0.4397152960300445,0.4253138303756714,0.583726167678833,0.3817214071750641,0.2091481834650039,0.1750549525022506,0.6704270839691162,0.411108911037445,0.5097560286521912,0.1165731400251388
0.2918869853019714,0.4397152960300445,0.4253138303756714,0.583726167678833,0.3817214071750641,0.2091481834650039,0.1750549525022506,0.6704270839691162,0.411108911037445,0.5097560286521912,0.1165731400251388
0.2918869853019714,0.4397152960300445,0.4253138303756714,0.583726167678833,0.3817214071750641,0.2091481834650039,0.1750549525022506,0.6704270839691162,0.411108911037445,0.5097560286521912,0.1165731400251388
0.2918869853019714,0.4397152960300445,0.4253138303756714,0.583726167678833,0.3817214071750641,0.2091481834650039,0.1750549525022506,0.6704270839691162,0.411108911037445,0.5097560286521912,0.1165731400251388
0.2918869853019714,0.4397152960300445,0.4253138303756714,0.583726167678833,0.3817214071750641,0.2091481834650039,0.1750549525022506,0.6704270839691162,0.411108911037445,0.5097560286521912,0.1165731400251388
0.2918869853019714,0.4397152960300445,0.4253138303756714,0.583726167678833,0.3817214071750641,0.2091481834650039,0.1750549525022506,0.6704270839691162,0.411108911037445,0.5097560286521912,0.1165731400251388
0.2918869853019714,0.4397152960300445,0.4253138303756714,0.583726167678833,0.3817214071750641,0.2091481834650039,0.1750549525022506,0.6704270839691162,0.411108911037445,0.5097560286521912,0.1165731400251388
0.2918869853019714,0.4397152960300445,0.4253138303756714,0.583726167678833,0.3817214071750641,0.2091481834650039,0.1750549525022506,0.6704270839691162,0.411108911037445,0.5097560286521912,0.1165731400251388
0.2918869853019714,0.4397152960300445,0.4253138303756714,0.583726167678833,0.3817214071750641,0.2091481834650039,0.1750549525022506,0.6704270839691162,0.411108911037445,0.5097560286521912,0.1165731400251388
0.2919965088367462,0.4394585788249969,0.4253698587417602,0.5840847492218018,0.3823436498641968,0.2093309015035629,0.1752233505249023,0.6705262064933777,0.4114680886268616,0.5099208354949951,0.1167413890361785
0.2921060621738434,0.4392018318176269,0.4254258871078491,0.5844433307647705,0.3829658627510071,0.2095136195421219,0.175391748547554,0.6706252098083496,0.4118272662162781,0.5100857019424438,0.1169096380472183
0.2922156155109405,0.4389451146125793,0.4254818856716156,0.5848019123077393,0.3835881054401397,0.2096963375806808,0.1755601316690445,0.6707243323326111,0.4121864140033722,0.510250449180603,0.1170779019594192
0.2923251390457153,0.4386883378028869,0.4255378842353821,0.5851605534553528,0.3842103481292724,0.2098790556192398,0.1757285445928573,0.670823335647583,0.4125455617904663,0.5104153156280518,0.1172461584210395
0.4121628999710083,0.6798222661018372,0.5248074531555176,0.6364028453826904,0.7230414748191833,0.3246887326240539,0.2948106527328491,0.6840879917144775,0.6382196545600891,0.5997653007507324,0.851995587348938
0.4121628999710083,0.6798222661018372,0.5248074531555176,0.6364028453826904,0.7230414748191833,0.3246887326240539,0.2948106527328491,0.6840879917144775,0.6382196545600891,0.5997653007507324,0.851995587348938
0.4121628999710083,0.6798222661018372,0.5248074531555176,0.6364028453826904,0.7230414748191833,0.3246887326240539,0.2948106527328491,0.6840879917144775,0.6382196545600891,0.5997653007507324,0.851995587348938
0.4121628999710083,0.6798222661018372,0.5248074531555176,0.6364028453826904,0.7230414748191833,0.3246887326240539,0.2948106527328491,0.6840879917144775,0.6382196545600891,0.5997653007507324,0.851995587348938
0.4121628999710083,0.6798222661018372,0.5248074531555176,0.6364028453826904,0.7230414748191833,0.3246887326240539,0.2948106527328491,0.6840879917144775,0.6382196545600891,0.5997653007507324,0.851995587348938
0.4121628999710083,0.6798222661018372,0.5248074531555176,0.6364028453826904,0.7230414748191833,0.3246887326240539,0.2948106527328491,0.6840879917144775,0.6382196545600891,0.5997653007507324,0.851995587348938
0.4121628999710083,0.6798222661018372,0.5248074531555176,0.6364028453826904,0.7230414748191833,0.3246887326240539,0.2948106527328491,0.6840879917144775,0.6382196545600891,0.5997653007507324,0.851995587348938
0.4121628999710083,0.6798222661018372,0.5248074531555176,0.6364028453826904,0.7230414748191833,0.3246887326240539,0.2948106527328491,0.6840879917144775,0.6382196545600891,0.5997653007507324,0.851995587348938
0.4121628999710083,0.6798222661018372,0.5248074531555176,0.6364028453826904,0.7230414748191833,0.3246887326240539,0.2948106527328491,0.6840879917144775,0.6382196545600891,0.5997653007507324,0.851995587348938
0.4121628999710083,0.6798222661018372,0.5248074531555176,0.6364028453826904,0.7230414748191833,0.3246887326240539,0.2948106527328491,0.6840879917144775,0.6382196545600891,0.5997653007507324,0.851995587348938
0.4121628999710083,0.6798222661018372,0.5248074531555176,0.6364028453826904,0.7230414748191833,0.3246887326240539,0.2948106527328491,0.6840879917144775,0.6382196545600891,0.5997653007507324,0.851995587348938
0.4121628999710083,0.6798222661018372,0.5248074531555176,0.6364028453826904,0.7230414748191833,0.3246887326240539,0.2948106527328491,0.6840879917144775,0.6382196545600891,0.5997653007507324,0.851995587348938
0.4121628999710083,0.6798222661018372,0.5248074531555176,0.6364028453826904,0.7230414748191833,0.3246887326240539,0.2948106527328491,0.6840879917144775,0.6382196545600891,0.5997653007507324,0.851995587348938
0.4121628999710083,0.6798222661018372,0.5248074531555176,0.6364028453826904,0.7230414748191833,0.3246887326240539,0.2948106527328491,0.6840879917144775,0.6382196545600891,0.5997653007507324,0.851995587348938
0.4121628999710083,0.6798222661018372,0.5248074531555176,0.6364028453826904,0.7230414748191833,0.3246887326240539,0.2948106527328491,0.6840879917144775,0.6382196545600891,0.5997653007507324,0.851995587348938
0.4121628999710083,0.6798222661018372,0.5248074531555176,0.6364028453826904,0.7230414748191833,0.3246887326240539,0.2948106527328491,0.6840879917144775,0.6382196545600891,0.5997653007507324,0.851995587348938
0.4121628999710083,0.6798222661018372,0.5248074531555176,0.6364028453826904,0.7230414748191833,0.3246887326240539,0.2948106527328491,0.6840879917144775,0.6382196545600891,0.5997653007507324,0.851995587348938
0.4121628999710083,0.6798222661018372,0.5248074531555176,0.6364028453826904,0.7230414748191833,0.3246887326240539,0.2948106527328491,0.6840879917144775,0.6382196545600891,0.5997653007507324,0.851995587348938
0.4121628999710083,0.6798222661018372,0.5248074531555176,0.6364028453826904,0.7230414748191833,0.3246887326240539,0.2948106527328491,0.6840879917144775,0.6382196545600891,0.5997653007507324,0.851995587348938
0.4121628999710083,0.6798222661018372,0.5248074531555176,0.6364028453826904,0.7230414748191833,0.3246887326240539,0.2948106527328491,0.6840879917144775,0.6382196545600891,0.5997653007507324,0.851995587348938
0.4123679995536804,0.679835319519043,0.5247161388397217,0.6369532942771912,0.7232415676116943,0.3248138725757599,0.2948318123817444,0.6842111349105835,0.6384656429290771,0.5998607873916626,0.8518136739730835
0.4125731885433197,0.6798483729362488,0.5246248245239258,0.6375037431716919,0.7234416007995605,0.3249390125274658,0.2948529422283172,0.6843341588973999,0.63871169090271,0.599956214427948,0.851631760597229
0.4127783477306366,0.6798614263534546,0.5245335102081299,0.6380541920661926,0.7236416339874268,0.3250641822814941,0.2948741018772125,0.6844572424888611,0.6389576196670532,0.6000516414642334,0.8514497876167297
0.4129834771156311,0.6798745393753052,0.5244422554969788,0.6386045813560486,0.723841667175293,0.3251893222332001,0.2948952615261078,0.6845802664756775,0.6392036080360413,0.6001471281051636,0.8512678742408752
0.4131886661052704,0.6798875331878662,0.5243508815765381,0.6391550302505493,0.7240417003631592,0.325314462184906,0.294916421175003,0.6847033500671387,0.6394496560096741,0.600242555141449,0.8510859608650208
0.4133937954902649,0.6799006462097168,0.5242595672607422,0.6397054195404053,0.7242417335510254,0.3254396021366119,0.2949375808238983,0.6848263740539551,0.6396956443786621,0.6003379821777344,0.850904107093811
0.4135989546775818,0.6799137592315674,0.5241682529449463,0.6402559280395508,0.7244417667388916,0.3255647718906402,0.2949587404727936,0.6849494576454163,0.6399416327476501,0.6004334092140198,0.8507221341133118
0.4138041138648987,0.6799267530441284,0.5240769982337952,0.6408063173294067,0.7246418595314026,0.3256899118423462,0.2949798703193664,0.6850725412368774,0.640187680721283,0.6005288362503052,0.8505402207374573
0.4140092730522156,0.679939866065979,0.5239856839179993,0.6413567662239075,0.7248418927192688,0.3258150517940521,0.2950010299682617,0.6851956248283386,0.6404336094856262,0.6006242632865906,0.850358247756958
0.4142144322395324,0.6799529194831848,0.5238943696022034,0.6419072151184082,0.725041925907135,0.325940191745758,0.295022189617157,0.6853187084197998,0.6406795978546143,0.6007197499275208,0.8501763343811035
0.4144195914268493,0.6799659132957458,0.5238030552864075,0.6424576640129089,0.7252419590950012,0.3260653614997864,0.2950433492660522,0.6854417324066162,0.6409255862236023,0.6008151769638062,0.849994421005249
0.4146247208118438,0.6799789667129517,0.5237117409706116,0.6430081129074097,0.7254419922828674,0.3261905014514923,0.2950645089149475,0.6855648159980774,0.6411716341972351,0.6009106040000916,0.8498125672340393
0.4148299098014831,0.6799920797348022,0.5236204266548157,0.6435585618019104,0.7256420850753784,0.3263156414031982,0.2950856685638428,0.6856878399848938,0.6414176225662231,0.601006031036377,0.84963059425354
0.4150350391864776,0.6800051331520081,0.5235291123390198,0.6441090106964111,0.7258420586585999,0.3264408111572265,0.2951067984104156,0.685810923576355,0.6416636109352112,0.6011014580726624,0.8494486808776855
0.4152401685714721,0.6800181269645691,0.5234378576278687,0.6446593999862671,0.7260421514511108,0.3265659511089325,0.2951279580593109,0.6859339475631714,0.6419095993041992,0.6011968851089478,0.849266767501831
0.4154453873634338,0.6800312399864197,0.5233465433120728,0.6452099084854126,0.7262422442436218,0.3266910910606384,0.2951491475105285,0.6860570311546326,0.6421555876731873,0.6012923121452332,0.8490848541259766
0.4156505167484283,0.6800442934036255,0.5232552289962769,0.6457602977752686,0.726442277431488,0.3268162310123443,0.2951702773571014,0.686180055141449,0.6424015760421753,0.6013877391815186,0.8489029407501221
0.4158556461334228,0.6800572872161865,0.523163914680481,0.6463108062744141,0.726642370223999,0.3269414007663727,0.2951914370059967,0.6863031983375549,0.6426476240158081,0.6014832258224487,0.8487210273742676
0.4160608053207397,0.6800704002380371,0.5230726003646851,0.64686119556427,0.7268423438072205,0.3270665407180786,0.2952125668525696,0.6864262819290161,0.6428936123847961,0.6015786528587341,0.8485390543937683
0.4162659645080566,0.6800834536552429,0.5229812860488892,0.647411584854126,0.7270424365997314,0.3271916806697845,0.2952337563037872,0.6865493059158325,0.6431396007537842,0.6016740798950195,0.8483571410179138
0.4164711236953735,0.6800965070724487,0.5228899717330933,0.6479620337486267,0.7272424101829529,0.3273168504238128,0.2952549159526825,0.6866723895072937,0.6433855295181274,0.6017695069313049,0.8481751680374146
0.4166762828826904,0.6801095604896545,0.5227986574172974,0.6485124826431274,0.7274425029754639,0.3274419903755188,0.2952760457992553,0.6867954134941101,0.6436315774917603,0.6018649339675903,0.8479932546615601
0.4168814122676849,0.6801226139068604,0.5227073431015015,0.6490629315376282,0.7276425361633301,0.3275671303272247,0.2952972054481506,0.6869184970855713,0.6438775658607483,0.6019604206085205,0.8478114008903503
0.4170866012573242,0.6801356673240662,0.5226160287857056,0.6496133804321289,0.7278425693511963,0.3276922702789306,0.2953183948993683,0.6870415210723877,0.6441235542297363,0.6020557880401611,0.8476294875144958
0.4172917604446411,0.680148720741272,0.5225247144699097,0.6501638889312744,0.7280426025390625,0.327817440032959,0.2953395247459411,0.6871646046638489,0.6443695425987244,0.6021512746810913,0.8474475145339966
0.4174968898296356,0.6801617741584778,0.5224334001541138,0.6507142782211304,0.7282426357269287,0.3279425799846649,0.2953606843948364,0.6872876882553101,0.6446155309677124,0.6022467017173767,0.8472656011581421
0.4177020788192749,0.6801748275756836,0.5223421454429626,0.6512647271156311,0.7284426689147949,0.3280677199363708,0.2953818142414093,0.6874107718467712,0.6448615789413452,0.6023421287536621,0.8470836877822876
0.417907178401947,0.6801879405975342,0.5222508311271667,0.6518151760101318,0.7286427617073059,0.3281928896903991,0.2954030036926269,0.6875338554382324,0.6451075673103333,0.6024375557899475,0.8469018340110779
0.4181123673915863,0.6802009344100952,0.5221595168113708,0.6523655652999878,0.7288427948951721,0.3283180296421051,0.2954241633415222,0.6876568794250488,0.6453535556793213,0.6025329828262329,0.8467198610305786
0.4183174967765808,0.680213987827301,0.5220682621002197,0.6529160737991333,0.7290428876876831,0.328443169593811,0.2954452931880951,0.68777996301651,0.6455995440483093,0.6026284694671631,0.8465379476547241
0.4185226559638977,0.6802271008491516,0.521976888179779,0.6534664630889893,0.7292428612709045,0.3285683095455169,0.2954664528369903,0.6879029870033264,0.6458455324172974,0.6027238965034485,0.8463560342788696
0.4187278151512146,0.6802400946617126,0.5218855738639832,0.6540169715881348,0.7294429540634155,0.3286934792995453,0.2954876124858856,0.6880260705947876,0.6460915207862854,0.6028193235397339,0.8461741209030151
0.4189329743385315,0.6802531480789185,0.521794319152832,0.6545673608779907,0.7296429872512817,0.3288186192512512,0.2955087721347809,0.688149094581604,0.6463375091552734,0.6029148101806641,0.8459922075271606
0.4191381335258484,0.680266261100769,0.5217030048370361,0.6551177501678467,0.729843020439148,0.3289437592029571,0.2955299317836761,0.68827223777771,0.6465835571289062,0.6030102372169495,0.8458102941513062
0.4193432927131653,0.6802793145179749,0.5216116905212402,0.6556682586669922,0.7300430536270142,0.3290688991546631,0.295551061630249,0.6883952617645264,0.6468294858932495,0.6031056642532349,0.8456283807754517
0.4195484519004822,0.6802923679351807,0.5215203762054443,0.6562186479568481,0.7302430868148804,0.3291940689086914,0.2955722510814667,0.6885183453559875,0.6470755338668823,0.6032010912895203,0.8454464673995972
0.4197535812854767,0.6803054809570312,0.5214290618896484,0.6567691564559937,0.7304431796073914,0.3293192088603973,0.2955933809280395,0.6886414289474487,0.6473214626312256,0.6032965183258057,0.8452645540237427
0.4199587702751159,0.6803185343742371,0.5213377475738525,0.6573195457458496,0.7306432127952576,0.3294443488121032,0.2956145405769348,0.6887644529342651,0.6475675106048584,0.6033919453620911,0.8450825810432434
0.4201638698577881,0.6803315281867981,0.5212464332580566,0.6578699946403503,0.7308433055877686,0.3295695185661316,0.2956357002258301,0.6888875365257263,0.6478134989738464,0.6034874320030212,0.8449006676673889
0.4203690588474273,0.6803446412086487,0.5211551189422607,0.6584204435348511,0.7310433387756348,0.3296946585178375,0.2956568598747253,0.6890105605125427,0.6480594873428345,0.6035828590393066,0.8447188138961792
0.4205741882324219,0.6803576946258545,0.5210638046264648,0.6589708924293518,0.731243371963501,0.3298197984695434,0.2956780195236206,0.6891336441040039,0.6483055353164673,0.603678286075592,0.8445369005203247
0.4207793474197387,0.6803706884384155,0.520972490310669,0.6595213413238525,0.7314434051513672,0.3299449384212494,0.2956991493701935,0.6892566680908203,0.6485514640808105,0.6037737131118774,0.8443549275398254
0.4209845066070556,0.6803838014602661,0.520881175994873,0.6600717306137085,0.7316434383392334,0.3300701081752777,0.2957203090190887,0.6893798112869263,0.6487974524497986,0.6038691401481628,0.844173014163971
0.4211896657943725,0.6803968548774719,0.5207899212837219,0.6606221795082092,0.7318434715270996,0.3301952481269836,0.2957414984703064,0.6895028352737427,0.6490434408187866,0.6039645671844482,0.8439911007881165
0.4213948249816894,0.6804099082946777,0.520698606967926,0.66117262840271,0.7320435047149658,0.3303203880786896,0.2957626581192016,0.6896259188652039,0.6492894887924194,0.6040599942207336,0.8438092470169067
0.4215999841690063,0.6804229617118835,0.5206072926521301,0.6617230772972107,0.732243537902832,0.3304455578327179,0.2957837879657745,0.689749002456665,0.6495354771614075,0.604155421257019,0.8436272740364075
0.4218051433563232,0.6804360151290894,0.5205159783363342,0.6622735261917114,0.732443630695343,0.3305706977844238,0.2958049178123474,0.6898720264434814,0.6497814655303955,0.6042509078979492,0.843445360660553
0.4220103025436401,0.6804490685462952,0.5204246640205383,0.6628239154815674,0.7326436638832092,0.3306958377361297,0.295826107263565,0.6899951100349426,0.6500275135040283,0.6043463349342346,0.8432634472846985
0.4222154319286346,0.680462121963501,0.5203333497047424,0.6633744239807129,0.7328436970710754,0.3308209776878357,0.2958472669124603,0.690118134021759,0.6502734422683716,0.60444176197052,0.8430814743041992
0.4224205613136291,0.6804751753807068,0.5202420949935913,0.6639248132705688,0.7330437302589417,0.330946147441864,0.2958684265613556,0.6902412176132202,0.6505194306373596,0.6045372486114502,0.8428995609283447
0.4226257801055908,0.6804882287979126,0.5201507806777954,0.6644752621650696,0.7332438230514526,0.3310712873935699,0.2958895564079284,0.6903643012046814,0.6507654190063477,0.6046326160430908,0.842717707157135
0.4228309094905853,0.6805013418197632,0.5200594663619995,0.6650257110595703,0.7334438562393188,0.3311964273452759,0.2959106862545013,0.6904873847961426,0.6510114669799805,0.604728102684021,0.8425357937812805
0.4230360388755798,0.6805143356323242,0.5199681520462036,0.6655761003494263,0.7336438894271851,0.3313215970993042,0.295931875705719,0.690610408782959,0.6512574553489685,0.6048235297203064,0.8423538208007812
0.4232411980628967,0.68052738904953,0.5198768377304077,0.6661266088485718,0.7338439226150513,0.3314467370510101,0.2959530353546142,0.6907334923744202,0.6515034437179565,0.6049189567565918,0.8421719074249268
0.4234463572502136,0.6805405020713806,0.5197855234146118,0.6666769981384277,0.7340439558029175,0.331571877002716,0.2959741950035095,0.6908565163612366,0.6517494320869446,0.6050143837928772,0.8419899940490723
0.4236515164375305,0.6805534958839417,0.5196942687034607,0.6672275066375732,0.7342440485954285,0.331697016954422,0.2959953546524048,0.6909795999526978,0.6519954204559326,0.6051098108291626,0.8418080806732178
0.4238566756248474,0.6805665493011475,0.51960289478302,0.6677778959274292,0.7344441413879395,0.3318221867084503,0.2960164844989776,0.6911026835441589,0.6522414088249207,0.6052052974700928,0.8416261672973633
0.4240618348121643,0.680579662322998,0.5195115804672241,0.6683284044265747,0.7346441745758057,0.3319473266601562,0.2960376441478729,0.6912257075309753,0.6524873971939087,0.6053007245063782,0.841444194316864
0.4242669343948364,0.6805927157402039,0.5194202661514282,0.6688787937164307,0.7348442077636719,0.3320724666118622,0.2960588037967682,0.6913488507270813,0.6527334451675415,0.6053961515426636,0.8412623405456543
0.4244721531867981,0.6806057095527649,0.5193290114402771,0.6694293022155762,0.7350442409515381,0.3321976363658905,0.2960799634456634,0.6914718747138977,0.6529793739318848,0.6054916381835938,0.8410804271697998
0.4246772825717926,0.6806188225746155,0.5192376971244812,0.6699796915054321,0.7352442741394043,0.3323227763175964,0.2961011528968811,0.6915949583053589,0.6532254219055176,0.6055870652198792,0.8408985137939453
0.4248824715614319,0.6806318759918213,0.5191463828086853,0.6705300807952881,0.7354443073272705,0.3324479162693023,0.2961222529411316,0.6917179822921753,0.6534714102745056,0.6056824922561646,0.840716540813446
0.4250876009464264,0.6806448698043823,0.5190550684928894,0.6710805892944336,0.7356443405151367,0.3325730562210083,0.2961434125900268,0.6918410658836365,0.6537173986434937,0.60577791929245,0.8405346274375916
0.4252927303314209,0.6806580424308777,0.5189637541770935,0.6716309785842896,0.7358443737030029,0.3326982259750366,0.2961645722389221,0.6919640898704529,0.6539634466171265,0.6058734059333801,0.8403526544570923
0.4254979193210602,0.6806710958480835,0.5188724398612976,0.6721814274787903,0.7360444068908691,0.3328233659267425,0.2961857616901397,0.6920871734619141,0.6542093753814697,0.6059687733650208,0.8401707410812378
0.4257030487060547,0.6806840896606445,0.5187811255455017,0.672731876373291,0.7362444400787354,0.3329485058784485,0.296206921339035,0.6922102570533752,0.6544553637504578,0.6060642600059509,0.8399888277053833
0.4259082078933716,0.6806972026824951,0.5186898708343506,0.673282265663147,0.7364445924758911,0.3330736458301544,0.2962280213832855,0.6923332810401917,0.6547014117240906,0.6061596870422363,0.8398069143295288
0.4261133670806885,0.6807102560997009,0.5185985565185547,0.6738327741622925,0.7366446256637573,0.3331988155841827,0.2962491810321808,0.6924564242362976,0.6549474000930786,0.6062551140785217,0.8396250009536743
0.4263185262680053,0.6807233095169067,0.5185072422027588,0.6743832230567932,0.7368445992469788,0.3333239555358886,0.2962703704833984,0.692579448223114,0.6551933884620667,0.6063505411148071,0.8394430875778198
0.4265236854553222,0.6807363629341125,0.5184159278869629,0.674933671951294,0.7370446920394897,0.3334490954875946,0.2962915301322937,0.6927025318145752,0.6554393768310547,0.6064459681510925,0.8392611742019653
0.4267288446426391,0.6807494163513184,0.518324613571167,0.6754840612411499,0.737244725227356,0.3335742652416229,0.2963126897811889,0.6928255558013916,0.6556853652000427,0.6065413951873779,0.8390792608261108
0.4269339740276336,0.6807624697685242,0.5182332992553711,0.6760345101356506,0.7374447584152222,0.3336994051933288,0.2963337898254394,0.6929486393928528,0.6559313535690308,0.6066368818283081,0.8388973474502563
0.4271391630172729,0.68077552318573,0.5181419849395752,0.6765849590301514,0.7376447916030884,0.3338245451450348,0.2963549792766571,0.6930716633796692,0.6561773419380188,0.6067323088645935,0.8387153744697571
0.4273443222045898,0.6807885766029358,0.5180506706237793,0.6771354079246521,0.7378448247909546,0.3339496850967407,0.2963761389255523,0.6931947469711304,0.6564233899116516,0.6068277359008789,0.8385335206985474
0.4275494217872619,0.6808016300201416,0.5179593563079834,0.6776858568191528,0.7380448579788208,0.334074854850769,0.2963972985744476,0.6933178305625916,0.6566693782806396,0.6069231629371643,0.8383516073226929
0.4277546107769012,0.6808146834373474,0.5178681015968323,0.6782362461090088,0.738244891166687,0.334199994802475,0.2964184582233429,0.6934409141540527,0.6569153666496277,0.6070185899734497,0.8381696939468384
0.4279597401618957,0.6808277368545532,0.5177767872810364,0.6787866950035095,0.7384450435638428,0.3343251347541809,0.2964396178722381,0.6935639977455139,0.6571613550186157,0.6071140170097351,0.8379877209663391
0.4281648993492126,0.680840790271759,0.5176854729652405,0.6793371438980103,0.738645076751709,0.3344503045082092,0.296460747718811,0.6936870217323303,0.6574073433876038,0.6072094440460205,0.8378058075904846
0.4283700883388519,0.6808539032936096,0.5175941586494446,0.679887592792511,0.7388451099395752,0.3345754444599151,0.2964819073677063,0.6938101053237915,0.6576533317565918,0.6073049306869507,0.8376239538192749
0.4285752177238464,0.6808668971061707,0.5175028443336487,0.6804380416870117,0.7390451431274414,0.3347005844116211,0.2965030670166015,0.6939331293106079,0.6578993201255798,0.6074003577232361,0.8374420404434204
0.4287803769111633,0.6808799505233765,0.5174115300178528,0.6809884905815125,0.7392451763153076,0.334825724363327,0.2965242564678192,0.6940562129020691,0.6581453680992126,0.6074957847595215,0.8372600674629211
0.4289855360984802,0.680893063545227,0.5173202753067017,0.6815389394760132,0.7394452095031738,0.3349508941173553,0.2965453863143921,0.6941792368888855,0.6583913564682007,0.6075912714004517,0.8370781540870667
0.4291906952857971,0.6809060573577881,0.517228901386261,0.6820893287658691,0.73964524269104,0.3350760340690613,0.2965665161609649,0.6943023204803467,0.658637285232544,0.6076866388320923,0.8368962407112122
0.429395854473114,0.6809191107749939,0.5171376466751099,0.6826397776603699,0.7398452758789062,0.3352011740207672,0.2965876758098602,0.6944254636764526,0.6588833332061768,0.6077821254730225,0.8367142677307129
0.4296010136604309,0.6809322237968445,0.517046332359314,0.6831902265548706,0.7400453090667725,0.3353263437747955,0.2966088652610779,0.694548487663269,0.6591293215751648,0.6078775525093079,0.8365324139595032
0.4298061430454254,0.6809452772140503,0.5169550180435181,0.6837406158447266,0.7402453422546387,0.3354514837265014,0.2966300249099731,0.6946715712547302,0.6593753099441528,0.6079729795455933,0.8363505005836487
0.4300113320350647,0.6809582710266113,0.5168637037277222,0.6842911243438721,0.7404454350471497,0.3355766236782074,0.296651154756546,0.6947945952415466,0.6596212983131409,0.6080684065818787,0.8361685872077942
0.4302164614200592,0.6809713840484619,0.5167723894119263,0.6848415732383728,0.7406455278396606,0.3357017636299133,0.2966723144054413,0.6949176788330078,0.6598672866821289,0.6081638336181641,0.8359866142272949
0.4304215908050537,0.6809844374656677,0.5166810750961304,0.6853920221328735,0.7408455610275269,0.3358269333839416,0.2966934442520141,0.6950407028198242,0.6601133346557617,0.6082593202590942,0.8358047008514404
0.430626779794693,0.6809974312782288,0.5165897607803345,0.6859424114227295,0.7410455942153931,0.3359520733356476,0.2967146337032318,0.6951637864112854,0.660359263420105,0.6083547472953796,0.8356227874755859
0.4308319091796875,0.6810104846954346,0.5164984464645386,0.6864928007125854,0.7412456274032593,0.3360772132873535,0.2967357933521271,0.6952868103981018,0.6606053113937378,0.608450174331665,0.8354409337043762
0.4310370683670044,0.6810235977172852,0.5164071321487427,0.687043309211731,0.7414456605911255,0.3362023532390594,0.2967569231986999,0.6954099535942078,0.6608512997627258,0.6085456013679504,0.835258960723877
0.4312422275543213,0.681036651134491,0.5163158178329468,0.6875936985015869,0.7416456937789917,0.3363275229930877,0.2967780828475952,0.6955329775810242,0.6610972881317139,0.6086410284042358,0.8350770473480225
0.4314473867416382,0.6810497045516968,0.5162245035171509,0.6881442070007324,0.7418457269668579,0.3364526629447937,0.2967992424964905,0.6956560611724854,0.6613432765007019,0.608736515045166,0.834895133972168
0.4316525459289551,0.6810628175735474,0.5161332488059998,0.6886946558952332,0.7420457601547241,0.3365778028964996,0.2968204021453857,0.6957791447639465,0.6615892648696899,0.6088318824768066,0.8347132205963135
0.431857705116272,0.6810758709907532,0.5160419344902039,0.6892451047897339,0.7422457933425903,0.3367029726505279,0.296841561794281,0.6959021687507629,0.661835253238678,0.6089273691177368,0.834531307220459
0.4320628345012665,0.681088924407959,0.515950620174408,0.6897954940795898,0.7424458861351013,0.3368281126022339,0.2968626916408539,0.6960252523422241,0.662081241607666,0.6090227961540222,0.8343493938446045
0.4322680234909057,0.6811019778251648,0.5158593058586121,0.6903460025787354,0.7426459789276123,0.3369532525539398,0.2968838810920715,0.6961482763290405,0.6623272895812988,0.6091182231903076,0.83416748046875
0.4324731528759002,0.6811150312423706,0.5157679915428162,0.6908963918685913,0.7428460121154785,0.3370783925056457,0.2969050109386444,0.6962713599205017,0.6625732183456421,0.609213650226593,0.8339855670928955
0.4326783120632171,0.6811280846595764,0.5156766772270203,0.691446840763092,0.7430460453033447,0.3372035622596741,0.2969261705875397,0.6963943839073181,0.6628192663192749,0.6093091368675232,0.833803653717041
0.4328834414482116,0.6811411380767822,0.5155854225158691,0.6919972896575928,0.7432460784912109,0.33732870221138,0.2969473302364349,0.6965175271034241,0.6630652546882629,0.6094045639038086,0.8336216807365417
0.4330886006355285,0.681154191493988,0.5154941082000732,0.6925477385520935,0.7434461116790771,0.3374538421630859,0.2969684898853302,0.6966406106948853,0.663311243057251,0.609499990940094,0.8334397673606873
0.4332937598228454,0.6811672449111938,0.5154027938842773,0.6930981874465942,0.7436461448669434,0.3375790119171142,0.2969896495342254,0.6967636346817017,0.6635572910308838,0.6095954179763794,0.833257794380188
0.4334989190101623,0.6811802983283997,0.5153114795684814,0.6936485767364502,0.7438461780548096,0.3377041518688202,0.2970107793807983,0.6968866586685181,0.663803219795227,0.6096908450126648,0.8330758810043335
0.4337040781974792,0.6811933517456055,0.5152201652526855,0.6941989660263062,0.7440462112426758,0.3378292918205261,0.2970319390296936,0.6970097422599792,0.6640492081642151,0.6097862720489502,0.832893967628479
0.4339092373847961,0.681206464767456,0.5151288509368896,0.6947494745254517,0.7442463040351868,0.337954431772232,0.2970531284809112,0.6971328258514404,0.6642951965332031,0.6098817586898804,0.8327120542526245
0.434114396572113,0.6812194585800171,0.5150375366210938,0.6952998638153076,0.744446337223053,0.3380796015262604,0.2970742583274841,0.6972558498382568,0.6645412445068359,0.609977126121521,0.83253014087677
0.4343195259571075,0.6812325119972229,0.5149462223052979,0.6958503723144531,0.744646430015564,0.3382047414779663,0.2970954179763794,0.697378933429718,0.664787232875824,0.6100726127624512,0.8323482275009155
0.4345247149467468,0.6812456250190735,0.514854907989502,0.6964007616043091,0.7448464632034302,0.3383298814296722,0.2971165776252746,0.6975020170211792,0.665033221244812,0.6101680397987366,0.832166314125061
0.4347298741340637,0.6812586784362793,0.514763593673706,0.6969512104988098,0.7450464963912964,0.3384550511837005,0.2971377372741699,0.6976251006126404,0.6652791500091553,0.610263466835022,0.8319844007492065
0.4349349737167358,0.6812716722488403,0.5146722793579102,0.6975016593933105,0.7452465295791626,0.3385801911354065,0.2971588969230652,0.6977481245994568,0.6655251979827881,0.6103589534759521,0.831802487373352
0.4351401329040527,0.6812847852706909,0.514581024646759,0.6980521082878113,0.7454465627670288,0.3387053310871124,0.297180026769638,0.6978711485862732,0.6657711863517761,0.6104543209075928,0.8316205739974976
0.4353452920913696,0.6812978386878967,0.5144897103309631,0.698602557182312,0.745646595954895,0.3388304710388183,0.2972011864185333,0.6979942321777344,0.6660171747207642,0.610549807548523,0.8314386606216431
0.4355504810810089,0.6813108325004578,0.5143983960151672,0.6991530060768127,0.7458466291427612,0.3389556407928467,0.297222375869751,0.6981172561645508,0.666263222694397,0.6106452345848083,0.8312567472457886
0.4357556104660034,0.6813238859176636,0.5143070816993713,0.6997034549713135,0.7460466623306274,0.3390807807445526,0.2972435057163238,0.698240339756012,0.666509211063385,0.6107406616210938,0.8310748338699341
0.4359607696533203,0.6813369989395142,0.5142157673835754,0.7002538442611694,0.7462467551231384,0.3392059206962585,0.2972646653652191,0.6983633637428284,0.666755199432373,0.6108360886573792,0.8308928608894348
0.4361659288406372,0.68135005235672,0.5141244530677795,0.7008043527603149,0.7464468479156494,0.3393310904502868,0.297285795211792,0.6984865069389343,0.6670011281967163,0.6109315752983093,0.8307109475135803
0.4363710880279541,0.6813631057739258,0.5140331983566284,0.7013547420501709,0.7466468811035156,0.3394562304019928,0.2973069846630096,0.6986095309257507,0.6672471761703491,0.6110270023345947,0.8305290341377258
0.436576247215271,0.6813761591911316,0.5139418840408325,0.7019051909446716,0.7468469142913818,0.3395813703536987,0.2973281443119049,0.6987326145172119,0.6674931645393372,0.6111224293708801,0.8303471803665161
0.4367814064025879,0.6813892126083374,0.5138505697250366,0.7024556398391724,0.747046947479248,0.3397065103054046,0.2973493039608001,0.6988556385040283,0.6677391529083252,0.6112178564071655,0.8301652073860168
0.4369865655899048,0.6814022064208984,0.5137592554092407,0.7030060291290283,0.7472469806671143,0.339831680059433,0.297370433807373,0.6989787220954895,0.6679851412773132,0.6113132834434509,0.8299832940101624
0.4371917247772217,0.6814153790473938,0.5136679410934448,0.703556478023529,0.7474470138549805,0.3399568200111389,0.2973915934562683,0.6991018056869507,0.6682311296463013,0.6114087104797363,0.8298013806343079
0.4373968541622162,0.6814284324645996,0.5135766267776489,0.7041069269180298,0.7476471066474915,0.3400819599628448,0.2974127531051636,0.6992248296737671,0.6684771776199341,0.6115041375160217,0.8296194076538086
0.4376019835472107,0.6814414858818054,0.5134853720664978,0.7046573758125305,0.7478470802307129,0.3402070999145508,0.2974339127540588,0.6993479132652283,0.6687231063842773,0.6115995645523071,0.8294374942779541
0.43780717253685,0.6814545392990112,0.5133940577507019,0.7052078247070312,0.7480471730232239,0.3403322696685791,0.2974550724029541,0.6994709968566895,0.6689691543579102,0.6116950511932373,0.8292556405067444
0.4380123317241668,0.681467592716217,0.5133026838302612,0.7057583332061768,0.7482472062110901,0.340457409620285,0.297476202249527,0.6995940804481506,0.669215202331543,0.6117904782295227,0.8290737271308899
0.4382174611091614,0.6814807057380676,0.5132114291191101,0.7063087224960327,0.7484472393989563,0.3405825495719909,0.2974973618984222,0.699717104434967,0.6694611310958862,0.6118859052658081,0.8288917541503906
0.4384226500988006,0.6814936995506287,0.5131201148033142,0.7068591117858887,0.7486472725868225,0.3407077193260193,0.2975185215473175,0.6998401880264282,0.6697071194648743,0.6119813323020935,0.8287098407745361
0.4386277794837951,0.6815067529678345,0.5130288004875183,0.7074096202850342,0.7488473653793335,0.3408328592777252,0.2975396811962127,0.6999632120132446,0.6699531674385071,0.6120768189430237,0.8285279273986816
0.438832938671112,0.6815198659896851,0.5129374265670776,0.7079600095748901,0.7490473985671997,0.3409579992294311,0.297560840845108,0.7000862956047058,0.6701991558074951,0.6121722459793091,0.8283460736274719
0.4390380978584289,0.6815328598022461,0.5128461718559265,0.7085105180740356,0.7492474317550659,0.3410831391811371,0.2975820004940033,0.700209379196167,0.6704451441764832,0.6122676730155945,0.8281641006469727
0.4392432272434234,0.6815459132194519,0.5127548575401306,0.7090609073638916,0.7494474649429321,0.3412083089351654,0.2976031303405761,0.7003324031829834,0.6706911325454712,0.6123631596565247,0.8279821872711182
0.4394484162330627,0.6815589666366577,0.5126635432243347,0.7096114158630371,0.7496474981307983,0.3413334488868713,0.2976242899894714,0.7004555463790894,0.6709371209144592,0.6124585866928101,0.8278002738952637
0.4396535456180572,0.6815720796585083,0.5125722289085388,0.7101618051528931,0.7498475313186646,0.3414585888385772,0.2976454496383667,0.7005785703659058,0.6711831092834473,0.6125540137290955,0.8276183605194092
0.4398587048053741,0.6815850734710693,0.5124809145927429,0.710712194442749,0.7500475645065308,0.3415837585926056,0.2976666390895843,0.7007016539573669,0.6714290976524353,0.6126494407653809,0.8274363875389099
0.4400638937950134,0.6815981864929199,0.512389600276947,0.7112627029418945,0.7502476572990417,0.3417088985443115,0.2976877689361572,0.7008246779441833,0.6716751456260681,0.612744927406311,0.8272545337677002
0.4402690231800079,0.6816112399101257,0.5122983455657959,0.7118130922317505,0.750447690486908,0.3418340384960174,0.2977088987827301,0.7009477615356445,0.6719211339950562,0.6128402948379517,0.8270726203918457
0.4404741525650024,0.6816242337226868,0.51220703125,0.7123635411262512,0.750647783279419,0.3419591784477234,0.2977300584316253,0.7010707855224609,0.6721670627593994,0.6129357814788818,0.8268907070159912
0.4406793415546417,0.6816372871398926,0.5121157169342041,0.712913990020752,0.7508478164672852,0.3420843482017517,0.297751247882843,0.7011938691139221,0.6724131107330322,0.6130311489105225,0.8267087340354919
0.4408844709396362,0.6816504001617432,0.5120244026184082,0.7134644389152527,0.7510478496551514,0.3422094881534576,0.2977724075317383,0.7013169527053833,0.6726590991020203,0.6131266355514526,0.8265268206596375
0.4410896301269531,0.681663453578949,0.5119330883026123,0.7140148878097534,0.7512478828430176,0.3423346281051636,0.2977935671806335,0.7014399766921997,0.6729050874710083,0.613222062587738,0.8263449668884277
0.44129478931427,0.68167644739151,0.5118417739868164,0.7145653367042542,0.7514479160308838,0.3424597978591919,0.297814667224884,0.7015631198883057,0.6731510758399963,0.6133174896240234,0.8261630535125732
0.4414999186992645,0.6816895604133606,0.5117504596710205,0.7151157855987549,0.75164794921875,0.3425849378108978,0.2978358566761017,0.7016861438751221,0.6733971238136292,0.6134129762649536,0.825981080532074
0.4417051076889038,0.6817026138305664,0.5116591453552246,0.7156661748886108,0.7518479824066162,0.3427100777626037,0.2978570163249969,0.7018092274665833,0.6736431121826172,0.613508403301239,0.8257991671562195
0.4419102668762207,0.6817156076431274,0.5115678906440735,0.7162166833877563,0.7520480155944824,0.3428352177143097,0.2978781759738922,0.7019322514533997,0.6738890409469604,0.6136038303375244,0.825617253780365
0.4421153962612152,0.681728720664978,0.5114765763282776,0.7167670726776123,0.7522481083869934,0.342960387468338,0.2978993356227875,0.7020553350448608,0.6741350889205933,0.6136993169784546,0.8254352807998657
0.4423205852508545,0.6817417740821838,0.5113852620124817,0.7173174619674683,0.7524481415748596,0.3430855274200439,0.2979204654693603,0.7021783590316772,0.6743810772895813,0.6137946844100952,0.8252533674240112
0.442525714635849,0.6817548274993896,0.5112939476966858,0.7178679704666138,0.7526482343673706,0.3432106673717499,0.2979416251182556,0.7023014426231384,0.6746270656585693,0.6138901710510254,0.8250714540481567
0.5092388391494751,0.658207893371582,0.4677052497863769,0.8914982676506042,0.7528500556945801,0.3746378421783447,0.3046696186065674,0.6134403944015503,0.7364013195037842,0.6219192743301392,0.7657723426818848
0.5091722011566162,0.6578257083892822,0.4665786623954773,0.8908840417861938,0.7523248195648193,0.3744317293167114,0.30450040102005,0.612784743309021,0.7359961867332458,0.621526837348938,0.7655977010726929
0.5091055035591125,0.6574435234069824,0.4654520153999328,0.8902696967124939,0.7517997026443481,0.3742256164550781,0.3043311536312103,0.6121290922164917,0.7355910539627075,0.6211344599723816,0.7654229998588562
0.5090388059616089,0.6570613384246826,0.4643253982067108,0.8896554708480835,0.7512743473052979,0.3740195035934448,0.304161936044693,0.6114735007286072,0.7351858615875244,0.6207420229911804,0.7652482986450195
0.50897216796875,0.6566791534423828,0.4631987810134887,0.8890411853790283,0.7507492303848267,0.3738133907318115,0.3039927184581756,0.6108178496360779,0.7347807884216309,0.620349645614624,0.7650736570358276
0.5089054703712463,0.656296968460083,0.4620721340179443,0.8884268999099731,0.7502239942550659,0.3736072778701782,0.3038234710693359,0.6101621985435486,0.7343756556510925,0.6199572682380676,0.764898955821991
0.5088388323783875,0.6559147834777832,0.4609455466270447,0.8878127336502075,0.74969881772995,0.3734011650085449,0.3036542534828186,0.6095066070556641,0.7339705228805542,0.6195648908615112,0.7647243738174438
0.5087721347808838,0.6555326581001282,0.4598188996315002,0.8871984481811523,0.7491735219955444,0.3731950521469116,0.3034850060939789,0.6088509559631348,0.7335653901100159,0.6191724538803101,0.7645496726036072
0.5087054371833801,0.6551505327224731,0.4586922824382782,0.8865842223167419,0.7486483454704285,0.3729889392852783,0.3033157885074615,0.6081953048706055,0.7331601977348328,0.6187801361083984,0.7643749713897705
0.5086387395858765,0.6547683477401733,0.4575656652450561,0.8859699964523315,0.7481231689453125,0.372782826423645,0.3031465411186218,0.6075397729873657,0.7327550649642944,0.618387758731842,0.7642003297805786
0.5085721015930176,0.6543861627578735,0.4564390182495117,0.8853557109832764,0.7475979328155518,0.3725767135620117,0.3029773533344269,0.6068841218948364,0.7323498725891113,0.6179953217506409,0.7640256285667419
0.5085054039955139,0.6540040373802185,0.455312430858612,0.8847414255142212,0.747072696685791,0.3723706007003784,0.3028080761432647,0.6062284708023071,0.731944739818573,0.6176029443740845,0.76385098695755
0.5084387063980103,0.6536218523979187,0.4541857838630676,0.8841272592544556,0.746547520160675,0.3721644878387451,0.3026388883590698,0.6055728197097778,0.7315396666526794,0.6172105073928833,0.7636763453483582
0.5083720684051514,0.6532396674156189,0.4530591368675232,0.8835129737854004,0.7460222244262695,0.3719583749771118,0.3024696409702301,0.6049172282218933,0.7311344742774963,0.6168181896209717,0.7635016441345215
0.5083053708076477,0.6528574824333191,0.4519325494766235,0.8828986883163452,0.7454971075057983,0.3717522621154785,0.3023004233837127,0.6042616367340088,0.730729341506958,0.6164257526397705,0.7633270025253296
0.508238673210144,0.6524752974510193,0.4508059024810791,0.8822844624519348,0.7449718713760376,0.3715461492538452,0.302131175994873,0.6036059856414795,0.7303241491317749,0.6160333752632141,0.7631523609161377
0.5081720352172852,0.6520931720733643,0.4496793150901794,0.8816702365875244,0.7444466352462769,0.3713400363922119,0.3019619882106781,0.6029503345489502,0.7299190163612366,0.6156409978866577,0.762977659702301
0.5081053376197815,0.6517109870910645,0.448552668094635,0.8810559511184692,0.7439214587211609,0.3711339235305786,0.301792711019516,0.6022946834564209,0.7295138835906982,0.6152485609054565,0.7628029584884644
0.5080386400222778,0.6513288021087646,0.4474260509014129,0.8804417252540588,0.7433962225914001,0.3709278106689453,0.301623523235321,0.6016390919685364,0.7291087508201599,0.6148561835289001,0.7626283764839172
0.507972002029419,0.6509466171264648,0.4462994337081909,0.8798274993896484,0.7428710460662842,0.370721697807312,0.3014542758464813,0.6009835004806519,0.7287036180496216,0.6144638061523438,0.7624536752700806
0.5079053044319153,0.6505644917488098,0.4451728463172912,0.8792132139205933,0.7423458099365234,0.3705155849456787,0.3012850284576416,0.6003278493881226,0.7282984256744385,0.6140714883804321,0.7622790336608887
0.5078386068344116,0.65018230676651,0.4440461993217468,0.8785989284515381,0.7418205738067627,0.3703094720840454,0.3011158108711242,0.5996721982955933,0.7278933525085449,0.613679051399231,0.762104332447052
0.5077719688415527,0.6498001217842102,0.4429195523262024,0.8779847025871277,0.7412953972816467,0.3701033592224121,0.3009465932846069,0.5990166068077087,0.7274881601333618,0.6132866740226746,0.7619296312332153
0.5077052116394043,0.6494178771972656,0.4417929351329803,0.8773704767227173,0.7407702207565308,0.3698972463607788,0.3007773458957672,0.5983610153198242,0.7270830273628235,0.6128942966461182,0.7617549896240234
0.5076385736465454,0.6490357518196106,0.4406663179397583,0.8767561316490173,0.74024498462677,0.3696911334991455,0.3006081283092499,0.5977053642272949,0.7266778945922852,0.6125019192695618,0.7615803480148315
0.5075719356536865,0.6486535668373108,0.4395397007465362,0.8761419653892517,0.7397197484970093,0.3694850206375122,0.3004389107227325,0.5970497727394104,0.726272702217102,0.6121094822883606,0.7614057064056396
0.5075052380561829,0.648271381855011,0.4384130835533142,0.8755277395248413,0.7391945123672485,0.3692789077758789,0.3002696633338928,0.5963941216468811,0.7258676290512085,0.6117171049118042,0.761231005191803
0.5074385404586792,0.6478891968727112,0.4372864663600921,0.8749134540557861,0.7386693358421326,0.3690727949142456,0.3001004457473755,0.5957384705543518,0.7254624366760254,0.6113247275352478,0.7610563635826111
0.5073719024658203,0.6475070118904114,0.4361598491668701,0.874299168586731,0.7381441593170166,0.3688666820526123,0.2999312281608581,0.5950828790664673,0.7250573039054871,0.6109323501586914,0.7608816623687744
0.5073051452636719,0.6471248865127563,0.4350332021713257,0.8736850023269653,0.7376189231872559,0.3686605393886566,0.2997619807720184,0.594427227973938,0.7246521711349487,0.610539972782135,0.7607070207595825
0.507238507270813,0.6467427015304565,0.4339065849781036,0.8730707168579102,0.7370936870574951,0.3684544265270233,0.2995927631855011,0.5937715768814087,0.7242470383644104,0.6101475954055786,0.7605323195457458
0.5071718096733093,0.6463605165481567,0.4327799677848816,0.872456431388855,0.7365684509277344,0.36824831366539,0.2994235455989837,0.5931159257888794,0.7238419055938721,0.6097551584243774,0.7603577375411987
0.5071051120758057,0.6459783315658569,0.4316533207893371,0.8718421459197998,0.7360432147979736,0.3680422008037567,0.299254298210144,0.5924603939056396,0.7234367728233337,0.609362781047821,0.7601830363273621
0.5070384740829468,0.6455962061882019,0.4305267333984375,0.8712278604507446,0.7355180978775024,0.3678360879421234,0.2990850806236267,0.5918047428131104,0.7230315804481506,0.6089704036712646,0.7600083351135254
0.5069717764854431,0.6452140212059021,0.429400086402893,0.870613694190979,0.7349928617477417,0.3676299750804901,0.2989158630371094,0.591149091720581,0.7226264476776123,0.6085779666900635,0.7598336935043335
0.5069051384925842,0.6448318362236023,0.428273469209671,0.8699994087219238,0.734467625617981,0.3674238622188568,0.2987465858459472,0.5904935002326965,0.7222212553024292,0.6081856489181519,0.7596589922904968
0.5068384408950806,0.6444496512413025,0.427146852016449,0.8693851232528687,0.7339423894882202,0.3672177493572235,0.2985773980617523,0.5898378491401672,0.7218161225318909,0.6077932119369507,0.7594843506813049
0.5067717432975769,0.6440674662590027,0.4260202348232269,0.8687708973884583,0.7334172129631042,0.3670116364955902,0.2984081506729126,0.5891822576522827,0.7214109897613525,0.6074008345603943,0.759309709072113
0.5067050457000732,0.6436853408813477,0.4248936176300049,0.8681566715240479,0.7328920364379883,0.3668055236339569,0.2982389330863952,0.5885266661643982,0.7210058569908142,0.6070084571838379,0.7591350078582764
0.5066384077072144,0.6433031558990479,0.4237669706344604,0.8675425052642822,0.7323667407035828,0.3665994107723236,0.2980696856975555,0.5878710150718689,0.7206007242202759,0.6066160202026367,0.7589603662490845
0.5065717101097107,0.642920970916748,0.4226403534412384,0.866928219795227,0.7318415641784668,0.3663932979106903,0.2979004979133606,0.5872153043746948,0.7201955318450928,0.6062237024307251,0.7587856650352478
0.5065050721168518,0.6425387859344482,0.4215137362480163,0.8663139343261719,0.7313163876533508,0.366187185049057,0.2977312207221985,0.5865597128868103,0.7197904586791992,0.6058312654495239,0.7586110234260559
0.5064383745193481,0.642156720161438,0.4203871190547943,0.8656996488571167,0.7307911515235901,0.3659810721874237,0.2975620329380035,0.5859041213989258,0.7193853259086609,0.6054388880729675,0.7584363222122192
0.5063716769218445,0.6417745351791382,0.4192605018615722,0.8650854229927063,0.7302659749984741,0.3657749593257904,0.2973927855491638,0.5852484703063965,0.7189801335334778,0.6050465106964111,0.7582616806030273
0.5063049793243408,0.6413922309875488,0.4181338548660278,0.8644711971282959,0.7297407388687134,0.3655688464641571,0.2972235679626465,0.584592878818512,0.7185750007629395,0.60465407371521,0.7580869793891907
0.5062383413314819,0.6410101056098938,0.4170072376728058,0.8638569116592407,0.7292155027389526,0.3653627336025238,0.2970543205738067,0.5839372277259827,0.7181698083877563,0.6042616963386536,0.7579123973846436
0.5061716437339783,0.6406279802322388,0.4158806204795837,0.8632426261901855,0.7286902666091919,0.3651566207408905,0.2968851327896118,0.5832816362380981,0.7177647352218628,0.6038693189620972,0.7577376961708069
0.5061049461364746,0.640245795249939,0.4147540330886841,0.8626284599304199,0.7281650900840759,0.3649505078792572,0.2967158555984497,0.5826260447502136,0.7173596024513245,0.6034769415855408,0.7575629949569702
0.5060383081436157,0.6398636102676392,0.4136273860931396,0.8620141744613647,0.7276398539543152,0.3647443950176239,0.2965466380119324,0.5819703936576843,0.7169544100761414,0.6030845642089844,0.7573883533477783
0.5059716105461121,0.6394814252853394,0.4125007390975952,0.8613998889923096,0.7271146774291992,0.3645382821559906,0.296377420425415,0.581314742565155,0.716549277305603,0.602692186832428,0.7572136521339417
0.5059049129486084,0.6390992403030396,0.4113741517066955,0.8607856631278992,0.7265894412994385,0.3643321692943573,0.2962081730365753,0.5806591510772705,0.7161441445350647,0.6022997498512268,0.7570390105247498
0.5058382749557495,0.6387171149253845,0.4102475047111511,0.8601714372634888,0.7260642051696777,0.364126056432724,0.296038955450058,0.5800034999847412,0.7157390117645264,0.6019073724746704,0.7568643093109131
0.5057715773582458,0.6383349299430847,0.4091208875179291,0.8595571517944336,0.7255390286445618,0.3639199435710907,0.2958697378635406,0.5793478488922119,0.715333878993988,0.601514995098114,0.7566896677017212
0.5057048797607422,0.6379527449607849,0.407994270324707,0.8589429259300232,0.7250138521194458,0.3637138307094574,0.2957004904747009,0.5786921977996826,0.7149286866188049,0.6011226177215576,0.7565149664878845
0.5056382417678833,0.6375705599784851,0.4068676233291626,0.8583287000656128,0.7244886159896851,0.3635077178478241,0.2955312728881836,0.5780366063117981,0.7145235538482666,0.6007301807403564,0.7563403844833374
0.5055715441703796,0.6371883749961853,0.4057410359382629,0.8577144145965576,0.7239633798599243,0.3633016049861908,0.2953620553016662,0.5773809552192688,0.7141184210777283,0.6003378629684448,0.7561656832695007
0.505504846572876,0.6368062496185303,0.4046143889427185,0.8571001291275024,0.7234382033348083,0.3630954921245575,0.2951928079128265,0.5767253637313843,0.7137132883071899,0.5999454259872437,0.7559909820556641
0.5054382085800171,0.6364240646362305,0.4034878015518188,0.856485903263092,0.7229129672050476,0.3628893792629242,0.2950235903263092,0.5760697722434998,0.7133081555366516,0.599553108215332,0.7558163404464722
0.5053714513778687,0.6360418796539307,0.4023611545562744,0.8558716773986816,0.7223877906799316,0.3626832664012909,0.2948543727397918,0.5754141211509705,0.7129030227661133,0.5991606712341309,0.7556416392326355
0.5053048133850098,0.6356596946716309,0.4012345373630523,0.8552573919296265,0.7218625545501709,0.3624771535396576,0.2946851253509521,0.5747584700584412,0.7124978303909302,0.5987682938575745,0.7554669976234436
0.5052381157875061,0.6352775692939758,0.4001079201698303,0.8546431660652161,0.7213373184204102,0.3622710406780243,0.2945159077644348,0.5741028785705566,0.7120926380157471,0.5983759164810181,0.7552922964096069
0.5051714777946472,0.634895384311676,0.3989812731742859,0.8540289402008057,0.7208120822906494,0.362064927816391,0.2943466603755951,0.5734472870826721,0.7116875052452087,0.5979834794998169,0.755117654800415
0.5051047801971436,0.6345131993293762,0.3978546857833862,0.8534145951271057,0.7202869057655334,0.3618587851524353,0.2941774427890777,0.5727916359901428,0.7112824320793152,0.5975911021232605,0.7549430131912231
0.5050381422042847,0.6341310143470764,0.3967280387878418,0.8528003692626953,0.7197617292404175,0.361652672290802,0.294008195400238,0.5721359848976135,0.7108772397041321,0.5971987247467041,0.7547683715820312
0.504971444606781,0.6337488293647766,0.3956014513969421,0.8521860837936401,0.7192364931106567,0.3614465594291687,0.2938390076160431,0.5714803338050842,0.7104721069335938,0.5968063473701477,0.7545936703681946
0.5049047470092773,0.6333666443824768,0.3944748044013977,0.8515719175338745,0.718711256980896,0.3612404465675354,0.293669730424881,0.5708247423171997,0.7100669741630554,0.5964139699935913,0.7544189691543579
0.5048380494117737,0.632984459400177,0.393348217010498,0.8509576320648193,0.7181860208511353,0.3610343337059021,0.293500542640686,0.5701691508293152,0.7096618413925171,0.5960215926170349,0.754244327545166
0.50477135181427,0.6326022744178772,0.3922215700149536,0.8503434658050537,0.7176607847213745,0.3608282208442688,0.2933312952518463,0.5695134997367859,0.7092567086219788,0.5956291556358337,0.7540696859359741
0.5047047138214111,0.6322200894355774,0.3910949230194092,0.8497291803359985,0.7171356081962585,0.3606221079826355,0.293162077665329,0.5688578486442566,0.7088515758514404,0.5952367782592773,0.7538950443267822
0.5046380162239075,0.6318379640579224,0.3899683356285095,0.8491148948669434,0.7166104316711426,0.3604159951210022,0.2929928302764892,0.5682022571563721,0.7084463834762573,0.5948444604873657,0.7537203431129456
0.5045713782310486,0.6314557790756226,0.3888416886329651,0.848500669002533,0.7160851955413818,0.3602098822593689,0.2928236424922943,0.5675466656684875,0.7080413103103638,0.5944520235061646,0.7535456418991089
0.5045046806335449,0.6310735940933228,0.387715071439743,0.847886323928833,0.7155599594116211,0.3600037693977356,0.2926543653011322,0.5668910145759583,0.7076361179351807,0.5940595865249634,0.753371000289917
0.504438042640686,0.630691409111023,0.386588454246521,0.8472721576690674,0.7150347232818604,0.3597976565361023,0.2924851775169372,0.5662354230880737,0.7072309851646423,0.593667209148407,0.7531962990760803
0.5043712854385376,0.6303093433380127,0.3854618072509765,0.8466578722000122,0.7145096063613892,0.359591543674469,0.2923159301280975,0.5655797719955444,0.7068257927894592,0.5932748317718506,0.7530217170715332
0.5043046474456787,0.6299270987510681,0.3843352198600769,0.846043586730957,0.7139843106269836,0.3593854308128357,0.2921466827392578,0.5649241209030151,0.7064206600189209,0.5928823947906494,0.7528470158576965
0.504237949848175,0.6295449733734131,0.3832085728645324,0.8454294204711914,0.7134591341018677,0.3591793179512024,0.2919774651527405,0.5642684698104858,0.7060155868530273,0.5924900770187378,0.7526723742485046
0.5041712522506714,0.6291627883911133,0.3820819854736328,0.8448151350021362,0.7129339575767517,0.3589732050895691,0.2918082475662231,0.5636128783226013,0.7056103944778442,0.5920976400375366,0.752497673034668
0.5041046142578125,0.6287806034088135,0.3809553384780884,0.844200849533081,0.712408721446991,0.3587670922279358,0.2916390001773834,0.562957227230072,0.7052052617073059,0.5917052626609802,0.7523230314254761
0.5040379166603088,0.6283984780311584,0.3798286914825439,0.8435866236686707,0.711883544921875,0.3585609793663025,0.2914697825908661,0.5623015761375427,0.7048001289367676,0.5913129448890686,0.7521483302116394
0.5039712190628052,0.6280162930488586,0.3787021040916443,0.8429723978042603,0.7113583087921143,0.3583548665046692,0.2913005650043487,0.561646044254303,0.7043949961662292,0.5909205079078674,0.7519736289978027
0.5039045810699463,0.6276340484619141,0.3775754570960998,0.8423581123352051,0.7108330726623535,0.3581487536430359,0.291131317615509,0.5609903931617737,0.7039898633956909,0.590528130531311,0.7517990469932556
0.5038378834724426,0.627251923084259,0.3764488399028778,0.8417438268661499,0.7103078365325928,0.3579426407814026,0.2909621000289917,0.5603347420692444,0.7035846710205078,0.5901356935501099,0.751624345779419
0.503771185874939,0.626869797706604,0.3753222227096557,0.8411296010017395,0.7097826600074768,0.3577365279197693,0.2907928824424743,0.5596791505813599,0.7031795382499695,0.5897433757781982,0.751449704170227
0.5037045478820801,0.6264876127243042,0.3741956055164337,0.8405153751373291,0.7092574834823608,0.357530415058136,0.2906236350536346,0.5590234994888306,0.7027744054794312,0.5893509387969971,0.7512750029563904
0.5036378502845764,0.6261053681373596,0.3730689883232116,0.8399011492729187,0.7087322473526001,0.3573243021965027,0.2904544174671173,0.558367908000946,0.702369213104248,0.5889585614204407,0.7511003017425537
0.5035711526870728,0.6257231831550598,0.3719423711299896,0.8392868638038635,0.7082070112228394,0.3571181893348694,0.2902851998806,0.5577123165130615,0.7019641399383545,0.5885661840438843,0.7509256601333618
0.5035045146942139,0.6253410577774048,0.3708157241344452,0.8386726379394531,0.7076817750930786,0.3569120764732361,0.2901159524917602,0.5570566654205322,0.7015589475631714,0.5881737470626831,0.7507510185241699
0.5034377574920654,0.624958872795105,0.3696891069412231,0.838058352470398,0.7071565985679626,0.3567059636116028,0.2899467349052429,0.5564009547233582,0.7011538147926331,0.5877814292907715,0.750576376914978
0.5033711194992065,0.6245766878128052,0.3685624897480011,0.8374441266059875,0.7066314220428467,0.3564998507499695,0.2897775173187256,0.5557453632354736,0.70074862241745,0.5873889923095703,0.7504016757011414
0.5033044219017029,0.6241945028305054,0.3674358427524566,0.8368299007415771,0.7061061859130859,0.3562937378883362,0.2896082699298858,0.5550897717475891,0.7003434896469116,0.5869966745376587,0.7502270340919495
0.503237783908844,0.6238123178482056,0.3663092255592346,0.836215615272522,0.7055809497833252,0.3560876250267029,0.2894390523433685,0.5544341206550598,0.6999384164810181,0.5866042375564575,0.7500523328781128
0.5031710863113403,0.6234301924705505,0.3651826381683349,0.8356013894081116,0.7050557732582092,0.3558815121650696,0.2892698049545288,0.5537785291671753,0.699533224105835,0.5862118601799011,0.7498776912689209
0.5031044483184814,0.6230480074882507,0.3640559911727905,0.8349871039390564,0.7045305967330933,0.3556753993034363,0.2891006171703338,0.553122878074646,0.6991280913352966,0.5858194231987,0.749703049659729
0.5030377507209778,0.6226658225059509,0.3629293739795685,0.834372878074646,0.7040053606033325,0.355469286441803,0.2889313399791717,0.5524672865867615,0.6987229585647583,0.5854271054267883,0.7495284080505371
0.5029710531234741,0.6222836375236511,0.3618027567863464,0.8337585926055908,0.7034801244735718,0.3552631735801697,0.2887621521949768,0.551811695098877,0.6983177661895752,0.5850346684455872,0.7493537068367004
0.5029043555259705,0.6219015121459961,0.3606761395931244,0.8331443667411804,0.702954888343811,0.3550570607185364,0.2885929048061371,0.5511560440063477,0.6979126930236816,0.5846422910690308,0.7491790056228638
0.5028376579284668,0.6215193271636963,0.3595494925975799,0.83253014087677,0.7024296522140503,0.3548509180545807,0.2884236872196197,0.5505003929138184,0.6975075006484985,0.5842498540878296,0.7490043640136719
0.5027710199356079,0.6211371421813965,0.3584228754043579,0.8319158554077148,0.7019044756889343,0.3546448051929474,0.28825443983078,0.5498447418212891,0.6971023678779602,0.583857536315918,0.7488296627998352
0.5027043223381042,0.6207549571990967,0.3572962582111358,0.8313016295433044,0.7013792991638184,0.3544386923313141,0.2880852520465851,0.5491891503334045,0.6966971755027771,0.5834651589393616,0.7486550807952881
0.5026376843452454,0.6203727722167969,0.3561696410179138,0.830687403678894,0.7008540630340576,0.3542325794696808,0.287915974855423,0.5485334992408752,0.6962920427322388,0.5830727815628052,0.7484803795814514
0.5025709867477417,0.6199906468391418,0.3550429940223694,0.8300731182098389,0.7003288269042969,0.3540264666080475,0.287746787071228,0.547877848148346,0.6958869695663452,0.582680344581604,0.7483056783676147
0.5025043487548828,0.619608461856842,0.3539164066314697,0.8294588327407837,0.6998036503791809,0.3538203537464142,0.2875775396823883,0.5472222566604614,0.6954817771911621,0.5822879672050476,0.7481310367584229
0.5024375915527344,0.6192262768745422,0.3527897596359253,0.8288445472717285,0.6992783546447754,0.3536142408847809,0.2874082922935486,0.5465666055679321,0.6950766444206238,0.5818955898284912,0.747956395149231
0.5023709535598755,0.6188440918922424,0.3516631722450256,0.8282303214073181,0.6987532377243042,0.3534081280231476,0.2872390747070312,0.5459110140800476,0.6946715116500854,0.58150315284729,0.7477816939353943
0.5023042559623718,0.6184619069099426,0.3505365252494812,0.8276160955429077,0.6982280015945435,0.3532020151615143,0.2870698571205139,0.5452554225921631,0.6942663788795471,0.5811107754707336,0.7476070523262024
0.5022375583648682,0.6180797219276428,0.3494099080562591,0.8270018696784973,0.6977027654647827,0.352995902299881,0.2869006097316742,0.5445997714996338,0.6938612461090088,0.5807183980941772,0.7474324107170105
0.5021709203720093,0.617697536945343,0.3482832908630371,0.8263876438140869,0.697177529335022,0.3527897894382477,0.2867313921451568,0.5439441204071045,0.6934560537338257,0.5803260207176208,0.7472577095031738
0.5021042227745056,0.6173153519630432,0.3471566438674927,0.8257733583450317,0.696652352809906,0.3525836765766144,0.2865621745586395,0.5432885885238647,0.6930509805679321,0.5799336433410645,0.7470830678939819
0.502037525177002,0.6169332265853882,0.346030056476593,0.8251591920852661,0.69612717628479,0.3523775637149811,0.2863929271697998,0.5426329374313354,0.692645788192749,0.5795412063598633,0.7469083666801453
0.5019708871841431,0.6165510416030884,0.3449034094810486,0.8245447874069214,0.6956019401550293,0.3521714508533478,0.2862237095832824,0.5419772863388062,0.6922405958175659,0.5791488885879517,0.7467336654663086
0.5019041895866394,0.6161688566207886,0.3437768220901489,0.8239306211471558,0.6950767040252686,0.3519653379917145,0.2860544919967651,0.5413216352462769,0.6918355226516724,0.5787564516067505,0.7465590834617615
0.5018374919891357,0.6157866716384888,0.3426501750946045,0.8233163356781006,0.6945515275001526,0.3517592251300812,0.2858852446079254,0.5406659841537476,0.6914303302764893,0.5783640742301941,0.7463843822479248
0.5017708539962769,0.615404486656189,0.34152352809906,0.8227020502090454,0.6940262913703918,0.3515531122684479,0.2857160270214081,0.5400104522705078,0.6910251975059509,0.5779716968536377,0.7462097406387329
0.5017041563987732,0.6150224208831787,0.3403969407081604,0.822087824344635,0.6935010552406311,0.3513469994068146,0.2855467796325683,0.5393548011779785,0.6906200647354126,0.5775793194770813,0.7460350394248962
0.5016375184059143,0.6146402359008789,0.3392702937126159,0.8214735984802246,0.6929758787155151,0.3511408865451813,0.285377562046051,0.5386991500854492,0.6902149319648743,0.5771868824958801,0.7458603382110596
0.5015708208084106,0.6142580509185791,0.3381436765193939,0.8208593130111694,0.6924506425857544,0.350934773683548,0.2852083146572113,0.5380434989929199,0.6898097991943359,0.5767945051193237,0.7456856966018677
0.5015040636062622,0.6138758659362793,0.3370170593261719,0.820245087146759,0.6919254064559937,0.3507286608219147,0.2850391268730163,0.5373879075050354,0.6894046068191528,0.5764021277427673,0.7455110549926758
0.5014374256134033,0.6134937405586243,0.3358904421329498,0.8196308016777039,0.6914002895355225,0.3505225479602813,0.2848698496818542,0.5367323160171509,0.6889994740486145,0.5760097503662109,0.7453364133834839
0.5013707280158997,0.6131115555763245,0.3347638249397278,0.8190165758132935,0.6908750534057617,0.350316435098648,0.2847006618976593,0.5360766649246216,0.6885943412780762,0.5756173133850098,0.7451617121696472
0.5013040900230408,0.6127293705940247,0.3336371779441833,0.8184023499488831,0.690349817276001,0.3501103222370147,0.2845314145088196,0.5354210138320923,0.6881891489028931,0.5752249360084534,0.7449870705604553
0.5012373924255371,0.6123471856117249,0.3325105905532837,0.8177881240844727,0.6898245811462402,0.3499042093753814,0.2843621969223022,0.534765362739563,0.6877840757369995,0.574832558631897,0.7448123693466187
0.5011707544326782,0.611965000629425,0.3313839435577392,0.8171738386154175,0.689299464225769,0.3496980965137481,0.2841929495334625,0.5341098308563232,0.6873788833618164,0.5744401812553406,0.7446377277374268
0.5011040568351746,0.61158287525177,0.3302573263645172,0.8165595531463623,0.6887741684913635,0.3494919836521148,0.2840237617492676,0.533454179763794,0.6869737505912781,0.5740478038787842,0.7444630861282349
0.5010373592376709,0.6112006902694702,0.3291307091712951,0.8159453272819519,0.6882489919662476,0.3492858707904815,0.2838544845581054,0.5327985286712646,0.6865686178207397,0.573655366897583,0.744288444519043
0.5009706616401672,0.6108184456825256,0.3280040919780731,0.8153311014175415,0.6877237558364868,0.3490797579288482,0.2836852967739105,0.5321428775787354,0.6861634850502014,0.5732629895210266,0.7441137433052063
0.5009040236473083,0.6104362607002258,0.3268774449825287,0.8147168159484863,0.6871985197067261,0.3488736450672149,0.2835160493850708,0.5314872860908508,0.6857583522796631,0.5728706121444702,0.7439390420913696
0.5008373260498047,0.6100541353225708,0.3257508277893066,0.8141025304794312,0.6866733431816101,0.3486675322055816,0.2833468317985534,0.5308316946029663,0.68535315990448,0.5724782347679138,0.7437644004821777
0.500770628452301,0.609671950340271,0.324624240398407,0.8134883642196655,0.6861481666564941,0.3484614193439483,0.2831775844097137,0.530176043510437,0.6849480271339417,0.5720858573913574,0.7435896992683411
0.5007039308547974,0.6092897653579712,0.3234975934028625,0.8128740787506104,0.6856228709220886,0.348255306482315,0.2830083668231964,0.5295203924179077,0.6845428943634033,0.571693480014801,0.7434150576591492
0.5006372928619385,0.6089075803756714,0.3223709762096405,0.8122597932815552,0.6850976943969727,0.3480491638183594,0.2828391194343567,0.5288648009300232,0.684137761592865,0.5713011026382446,0.7432404160499573
0.5005706548690796,0.6085253953933716,0.3212443590164184,0.8116456270217896,0.6845724582672119,0.3478430509567261,0.2826699018478393,0.5282091498374939,0.6837326288223267,0.5709086656570435,0.7430657148361206
0.5005038976669312,0.6081432700157166,0.320117712020874,0.8110312223434448,0.6840472221374512,0.3476369380950928,0.282500684261322,0.5275535583496094,0.6833274364471436,0.5705162882804871,0.7428910732269287
0.5004372596740723,0.6077610850334167,0.318991094827652,0.8104170560836792,0.6835220456123352,0.3474308252334595,0.2823314368724823,0.5268979072570801,0.68292236328125,0.5701239109039307,0.7427164316177368
0.5003705620765686,0.6073789000511169,0.3178644776344299,0.8098028302192688,0.6829968690872192,0.3472247123718261,0.2821622192859649,0.5262422561645508,0.6825171709060669,0.5697315335273743,0.7425417304039001
0.5003038644790649,0.6069967150688171,0.3167378604412079,0.8091886043548584,0.6824716329574585,0.3470185995101928,0.2819930016994476,0.5255866646766663,0.6821120381355286,0.5693391561508179,0.7423670291900635
0.500237226486206,0.6066145896911621,0.3156112432479858,0.8085743188858032,0.6819463968276978,0.3468124866485595,0.2818237543106079,0.5249310731887817,0.6817069053649902,0.5689467191696167,0.7421924471855164
0.5001705288887024,0.6062324047088623,0.3144845962524414,0.8079600930213928,0.6814212203025818,0.3466063737869262,0.2816545367240906,0.5242754220962524,0.6813017129898071,0.5685544013977051,0.7420177459716797
0.5001038312911987,0.6058502197265625,0.3133580088615417,0.8073458671569824,0.680895984172821,0.3464002609252929,0.2814853191375732,0.5236197710037231,0.6808965802192688,0.5681619644165039,0.7418431043624878
0.5000371932983398,0.6054680347442627,0.3122313618659973,0.8067315816879272,0.6803708076477051,0.3461941480636596,0.2813160717487335,0.5229641199111938,0.6804914474487305,0.5677695870399475,0.7416684031486511
0.4999704957008362,0.6050858497619629,0.3111047446727752,0.8061173558235168,0.6798455715179443,0.3459880352020263,0.2811468541622162,0.5223085284233093,0.6800863146781921,0.5673772096633911,0.7414937019348145
0.4999037981033325,0.6047037243843079,0.3099781274795532,0.8055030107498169,0.6793203949928284,0.345781922340393,0.2809776365756988,0.5216529369354248,0.6796811819076538,0.5669847726821899,0.7413190603256226
0.4998371601104736,0.6043215394020081,0.3088514804840088,0.8048887252807617,0.6787951588630676,0.3455758094787597,0.2808083593845367,0.5209972858428955,0.6792759895324707,0.5665923953056335,0.7411444187164307
0.4997704625129699,0.6039393544197083,0.3077248632907867,0.8042745590209961,0.6782699823379517,0.3453696966171264,0.2806391716003418,0.520341694355011,0.6788709163665771,0.5662000179290771,0.7409697771072388
0.4997038245201111,0.6035571694374084,0.3065982460975647,0.8036602735519409,0.6777447462081909,0.3451635837554931,0.2804699242115021,0.5196860432624817,0.678465723991394,0.565807580947876,0.7407950758934021
0.499637097120285,0.6031749844551086,0.3054715991020202,0.8030460476875305,0.6772195100784302,0.3449574708938598,0.2803007066249847,0.5190303921699524,0.6780605316162109,0.5654152631759644,0.7406204342842102
0.4995704293251037,0.6027927994728088,0.3043450117111206,0.8024318218231201,0.6766942739486694,0.3447513580322265,0.280131459236145,0.5183748006820679,0.6776554584503174,0.565022885799408,0.7404457330703735
0.4995037317276001,0.602410614490509,0.3032183945178985,0.8018175959587097,0.6761690974235535,0.3445452451705932,0.2799622714519501,0.5177192091941833,0.6772502660751343,0.5646304488182068,0.7402710914611816
0.4994370937347412,0.6020284295082092,0.3020917773246765,0.8012033700942993,0.6756438612937927,0.3443391323089599,0.2797929942607879,0.517063558101654,0.676845133304596,0.5642380714416504,0.7400964498519897
0.4993703961372375,0.6016463041305542,0.3009651303291321,0.8005890846252441,0.6751186847686768,0.3441330194473266,0.279623806476593,0.5164079070091248,0.6764400005340576,0.563845694065094,0.7399217486381531
0.4993036985397339,0.6012641191482544,0.2998385429382324,0.799974799156189,0.674593448638916,0.3439269065856933,0.2794545590877533,0.5157522559165955,0.6760348677635193,0.5634533166885376,0.7397471070289612
0.4992370307445526,0.6008819341659546,0.298711895942688,0.7993605136871338,0.6740682125091553,0.34372079372406,0.2792853415012359,0.5150966644287109,0.675629734992981,0.5630608797073364,0.7395724058151245
0.4991703629493713,0.6004998087882996,0.2975852489471435,0.7987462878227234,0.6735430359840393,0.3435146808624267,0.2791160941123962,0.5144410729408264,0.6752245426177979,0.56266850233078,0.7393977642059326
0.4991036653518677,0.6001176238059998,0.2964586615562439,0.798132061958313,0.6730178594589233,0.3433085680007934,0.2789469063282013,0.5137854218482971,0.6748194694519043,0.5622761249542236,0.739223062992096
0.499036967754364,0.5997354984283447,0.2953320145606994,0.7975177764892578,0.6724926233291626,0.3431024551391601,0.2787776291370392,0.5131297707557678,0.674414336681366,0.5618837475776672,0.7390484809875488
0.4989703297615051,0.5993533134460449,0.2942054271697998,0.7969035506248474,0.6719673871994019,0.3428963422775268,0.2786084413528442,0.5124741792678833,0.6740091443061829,0.5614913105964661,0.7388737797737122
0.4989036321640014,0.5989711284637451,0.2930787801742553,0.796289324760437,0.6714421510696411,0.3426902294158935,0.2784391939640045,0.511818528175354,0.6736040115356445,0.5610989332199097,0.7386990785598755
0.4988369941711426,0.5985889434814453,0.2919521927833557,0.7956750392913818,0.6709169745445251,0.3424841165542602,0.2782699465751648,0.5111629366874695,0.6731988191604614,0.560706615447998,0.7385244369506836
0.4987702667713165,0.5982068181037903,0.2908255457878113,0.7950607538223267,0.6703917384147644,0.3422780036926269,0.2781007289886474,0.5105072855949402,0.6727937459945679,0.5603141784667969,0.7383497357368469
0.4987035989761352,0.5978246331214905,0.2896988987922668,0.7944465279579163,0.6698665618896484,0.3420718908309936,0.2779315114021301,0.5098516345024109,0.6723886132240295,0.5599218010902405,0.738175094127655
0.4986369609832763,0.5974424481391907,0.2885723114013672,0.7938323020935059,0.6693413257598877,0.3418657779693603,0.2777622640132904,0.5091961026191711,0.6719834208488464,0.5595293641090393,0.7380003929138184
0.4985702037811279,0.5970602631568909,0.2874456644058227,0.7932180166244507,0.668816089630127,0.341659665107727,0.277593046426773,0.5085403919219971,0.6715782880783081,0.5591369867324829,0.7378257513046265
0.498503565788269,0.5966780781745911,0.2863190472126007,0.7926037907600403,0.6682908535003662,0.3414535522460937,0.2774238288402557,0.5078848004341125,0.671173095703125,0.5587446093559265,0.7376511096954346
0.4984368681907654,0.596295952796936,0.2851924300193786,0.7919895648956299,0.667765736579895,0.341247409582138,0.277254581451416,0.5072291493415833,0.6707680225372314,0.5583522915840149,0.7374764680862427
0.4983702003955841,0.5959137678146362,0.2840658128261566,0.7913752794265747,0.6672404408454895,0.3410412967205047,0.2770853638648987,0.5065735578536987,0.6703628897666931,0.557959794998169,0.737301766872406
0.4983035326004028,0.5955315828323364,0.2829391956329345,0.7907610535621643,0.6667152643203735,0.3408351838588714,0.2769161462783813,0.5059179663658142,0.66995769739151,0.5575674772262573,0.7371270656585693
0.4982368350028991,0.5951493382453918,0.2818125486373901,0.7901468276977539,0.6661900877952576,0.3406290709972381,0.2767468988895416,0.5052623152732849,0.6695525646209717,0.5571750998497009,0.7369524240493774
0.4981701672077179,0.5947672128677368,0.2806859612464905,0.7895325422286987,0.665664792060852,0.3404229581356048,0.2765776813030243,0.5046066641807556,0.6691473722457886,0.5567827224731445,0.7367777228355408
0.4981034994125366,0.594385027885437,0.279559314250946,0.7889182567596436,0.6651396751403809,0.3402168452739715,0.2764084339141845,0.5039510130882263,0.668742299079895,0.5563902854919434,0.7366030812263489
0.32398521900177,0.4294341802597046,0.3450064063072204,0.6989002227783203,0.7430881857872009,0.4231527745723724,0.3212620317935943,0.6071831583976746,0.4471429586410522,0.6214988231658936,0.5814613103866577
0.3239073753356933,0.4293365478515625,0.3450361490249634,0.6984478235244751,0.7421678900718689,0.4228533208370209,0.3211833834648132,0.6066035628318787,0.4468265175819397,0.6212079524993896,0.5815354585647583
0.3238295316696167,0.4292389750480652,0.3450658917427063,0.6979953646659851,0.7412476539611816,0.4225538969039917,0.3211047649383545,0.6060240268707275,0.4465101361274719,0.6209172010421753,0.5816096067428589
0.32375168800354,0.4291413426399231,0.3450955748558044,0.6975429654121399,0.7403273582458496,0.4222544431686401,0.321026086807251,0.6054444909095764,0.4461937248706817,0.6206263899803162,0.5816837549209595
0.323673814535141,0.4290436804294586,0.3451253175735473,0.6970905065536499,0.7394070625305176,0.4219550192356109,0.3209474682807922,0.6048648953437805,0.4458772838115692,0.620335578918457,0.5817579030990601
0.3235959708690643,0.4289460778236389,0.3451550304889679,0.6966380476951599,0.738486647605896,0.4216555655002594,0.3208687901496887,0.6042853593826294,0.445560872554779,0.6200447678565979,0.5818319916725159
0.3235180974006653,0.4288484752178192,0.3451847434043884,0.6961855888366699,0.7375664114952087,0.4213561415672302,0.32079017162323,0.6037058234214783,0.4452444911003113,0.6197539567947388,0.5819061994552612
0.3234402537345886,0.4287508428096771,0.3452144861221313,0.6957331299781799,0.7366460561752319,0.4210566878318786,0.3207115530967712,0.6031262874603271,0.4449280500411987,0.6194631457328796,0.581980288028717
0.3233624100685119,0.428653210401535,0.3452441692352295,0.6952806711196899,0.7357257604598999,0.4207572638988495,0.3206328749656677,0.602546751499176,0.4446116089820862,0.6191723346710205,0.5820543766021729
0.3232845664024353,0.4285555779933929,0.3452739119529724,0.6948282718658447,0.7348054647445679,0.4204578101634979,0.3205542266368866,0.6019672155380249,0.4442952275276184,0.6188815236091614,0.5821285247802734
0.3232067227363586,0.4284579455852508,0.3453036546707153,0.6943758130073547,0.7338851690292358,0.4201583862304687,0.3204755485057831,0.6013875603675842,0.4439788162708282,0.6185907125473022,0.582202672958374
0.323128879070282,0.4283603131771087,0.3453333377838135,0.6939233541488647,0.7329648733139038,0.4198589324951172,0.3203969299793243,0.6008080244064331,0.4436623752117157,0.6182999610900879,0.5822768211364746
0.3230510354042053,0.428262710571289,0.345363050699234,0.6934709548950195,0.7320445775985718,0.4195594787597656,0.3203182816505432,0.600228488445282,0.4433459639549255,0.618009090423584,0.5823509693145752
0.3229731917381286,0.428165078163147,0.3453927934169769,0.6930184960365295,0.7311242818832397,0.4192600548267364,0.3202396333217621,0.5996489524841309,0.4430295526981354,0.6177182793617249,0.5824251174926758
0.322895348072052,0.4280674457550049,0.3454225063323974,0.6925660371780396,0.7302039861679077,0.4189606010913849,0.3201609849929809,0.5990694165229797,0.4427131414413452,0.6174275279045105,0.5824992656707764
0.3228175044059753,0.4279698431491852,0.3454522490501404,0.6921136379241943,0.7292836904525757,0.4186611771583557,0.3200823664665222,0.5984898805618286,0.4423967003822326,0.6171367168426514,0.5825733542442322
0.3227396309375763,0.4278722107410431,0.3454819321632385,0.6916611194610596,0.7283633351325989,0.4183617234230041,0.3200037181377411,0.5979102849960327,0.4420803189277649,0.6168459057807922,0.5826475024223328
0.3226617872714996,0.4277746081352234,0.345511645078659,0.6912087202072144,0.7274430394172668,0.418062299489975,0.3199250698089599,0.5973307490348816,0.4417638778686523,0.6165550947189331,0.5827215909957886
0.322583943605423,0.4276769757270813,0.345541387796402,0.6907563209533691,0.7265227437019348,0.4177628457546234,0.3198464214801788,0.5967512130737305,0.4414474964141845,0.616264283657074,0.5827957391738892
0.3225060701370239,0.4275793433189392,0.3455711007118225,0.6903038620948792,0.725602388381958,0.4174634218215942,0.3197677731513977,0.5961716175079346,0.441131055355072,0.6159734725952148,0.5828698873519897
0.3224282264709472,0.4274817109107971,0.345600813627243,0.6898514032363892,0.7246821522712708,0.4171639680862427,0.3196891546249389,0.5955920815467834,0.4408146440982818,0.6156826615333557,0.5829440355300903
0.3223503828048706,0.4273841083049774,0.3456305265426636,0.689399003982544,0.723761796951294,0.4168645441532135,0.3196104764938354,0.5950125455856323,0.4404982328414917,0.6153918504714966,0.5830181837081909
0.3222725391387939,0.4272864758968353,0.3456602692604065,0.688946545124054,0.7228415012359619,0.4165650904178619,0.3195318579673767,0.5944329500198364,0.4401818215847015,0.6151010990142822,0.5830922722816467
0.3221946954727173,0.4271888136863708,0.345689982175827,0.688494086265564,0.7219212055206299,0.4162656664848327,0.3194532096385956,0.5938534140586853,0.4398654103279114,0.6148102283477783,0.5831663608551025
0.3221168220043182,0.4270912110805511,0.3457196950912475,0.6880416870117188,0.7210009098052979,0.4159662127494812,0.3193745613098144,0.5932738780975342,0.4395489990711212,0.6145194172859192,0.5832405686378479
0.3220390081405639,0.4269936084747314,0.3457494080066681,0.6875892281532288,0.7200806140899658,0.415666788816452,0.3192959427833557,0.5926942825317383,0.439232587814331,0.6142286658287048,0.5833147168159485
0.3219611346721649,0.4268959760665893,0.3457791209220886,0.6871367692947388,0.7191603183746338,0.4153673350811004,0.3192172646522522,0.5921148061752319,0.4389161467552185,0.6139378547668457,0.5833888053894043
0.3218832910060882,0.4267983436584472,0.3458088636398315,0.6866843700408936,0.7182400226593018,0.4150679111480713,0.3191386461257934,0.5915351510047913,0.4385997354984283,0.6136470437049866,0.5834630131721497
0.3218054473400116,0.4267007112503052,0.3458385765552521,0.6862318515777588,0.7173197269439697,0.4147684574127197,0.3190599977970123,0.5909556746482849,0.4382833242416382,0.6133562326431274,0.5835371017456055
0.3217275738716125,0.4266030788421631,0.3458682894706726,0.6857794523239136,0.7163994312286377,0.4144690334796905,0.3189813494682312,0.590376079082489,0.437966912984848,0.6130654215812683,0.583611249923706
0.3216497302055359,0.4265055060386657,0.3458980321884155,0.6853269934654236,0.7154791355133057,0.414169579744339,0.3189027011394501,0.5897965431213379,0.4376505017280578,0.6127746105194092,0.5836853384971619
0.3215718865394592,0.4264078438282013,0.3459277153015136,0.6848745346069336,0.7145588397979736,0.4138701558113098,0.3188240528106689,0.5892170071601868,0.4373340606689453,0.61248379945755,0.5837594866752625
0.3214940428733825,0.4263102114200592,0.3459574282169342,0.6844221353530884,0.7136384844779968,0.4135707020759582,0.3187454342842102,0.5886374115943909,0.4370176494121551,0.6121929883956909,0.583833634853363
0.3214161992073059,0.4262126088142395,0.3459871411323547,0.6839696764945984,0.7127181887626648,0.4132712781429291,0.3186667859554291,0.5880578756332397,0.4367012679576874,0.6119022369384766,0.5839077830314636
0.3213383555412292,0.4261149764060974,0.3460168838500976,0.6835172176361084,0.7117978930473328,0.4129718244075775,0.3185881376266479,0.5874782800674438,0.4363848268985748,0.6116113662719727,0.5839818716049194
0.3212605118751526,0.4260173439979553,0.3460466265678406,0.6830647587776184,0.710877537727356,0.4126724004745483,0.3185094892978668,0.5868988037109375,0.4360684156417846,0.6113205552101135,0.58405601978302
0.3211826682090759,0.4259197413921356,0.3460763096809387,0.6826123595237732,0.7099572420120239,0.4123729467391968,0.3184308409690857,0.5863192081451416,0.4357520341873169,0.6110297441482544,0.5841301679611206
0.3211048245429992,0.4258221089839935,0.3461060523986816,0.6821599006652832,0.7090370059013367,0.4120735228061676,0.3183521628379822,0.5857397317886353,0.4354355633258819,0.61073899269104,0.5842042565345764
0.3210269808769226,0.4257245063781738,0.3461357355117798,0.6817074418067932,0.7081167101860046,0.411774069070816,0.3182735443115234,0.5851601362228394,0.4351191520690918,0.6104481220245361,0.5842784643173218
0.3209491074085235,0.4256268739700317,0.3461654782295227,0.6812549829483032,0.7071963548660278,0.4114746451377868,0.3181948661804199,0.5845805406570435,0.4348027408123016,0.6101573705673218,0.5843525528907776
0.3208712637424469,0.4255292415618896,0.3461952209472656,0.680802583694458,0.7062760591506958,0.4111751914024353,0.3181162476539612,0.5840010046958923,0.4344863593578338,0.6098665595054626,0.5844267010688782
0.3207934200763702,0.4254316389560699,0.3462249040603637,0.6803501844406128,0.7053557634353638,0.4108757674694061,0.3180376291275024,0.5834214091300964,0.4341699182987213,0.6095757484436035,0.584500789642334
0.3207155466079712,0.4253340065479278,0.3462546467781067,0.6798977255821228,0.7044354677200317,0.4105763137340545,0.3179589509963989,0.5828419327735901,0.4338535070419311,0.6092849969863892,0.5845749974250793
0.3206377029418945,0.4252363443374634,0.3462843596935272,0.6794452667236328,0.7035151720046997,0.410276859998703,0.3178803324699402,0.5822623372077942,0.433537095785141,0.6089941263198853,0.5846490859985352
0.3205598592758178,0.425138771533966,0.3463140726089477,0.6789928078651428,0.7025948762893677,0.4099774360656738,0.3178016543388366,0.5816828012466431,0.4332206845283508,0.6087033748626709,0.5847232341766357
0.3204820156097412,0.425041139125824,0.3463438153266907,0.6785403490066528,0.7016745209693909,0.4096779823303222,0.3177230358123779,0.5811032056808472,0.4329042434692383,0.6084125638008118,0.5847973823547363
0.3204041719436645,0.4249435067176819,0.3463734984397888,0.6780879497528076,0.7007542252540588,0.4093785583972931,0.3176443874835968,0.5805237293243408,0.4325878322124481,0.6081217527389526,0.5848715305328369
0.3203262984752655,0.4248458743095398,0.3464032411575317,0.6776354908943176,0.6998339295387268,0.4090791046619415,0.3175657391548157,0.5799441337585449,0.4322714209556579,0.6078309416770935,0.5849456191062927
0.3202484548091888,0.4247482419013977,0.3464329540729522,0.6771830916404724,0.6989136338233948,0.4087796807289123,0.3174870908260345,0.579364538192749,0.4319550096988678,0.6075401306152344,0.5850197672843933
0.3201706111431122,0.424650639295578,0.3464626669883728,0.6767306327819824,0.6979933381080627,0.4084802269935608,0.3174084722995758,0.5787850618362427,0.4316385984420776,0.6072492599487305,0.5850939154624939
0.3200927674770355,0.4245530366897583,0.3464924097061157,0.6762781739234924,0.6970730423927307,0.4081808030605316,0.3173298239707947,0.578205406665802,0.4313221871852875,0.6069585084915161,0.5851680040359497
0.3200149238109588,0.4244553744792938,0.3465220928192138,0.6758257150650024,0.6961527466773987,0.40788134932518,0.3172511756420135,0.5776259303092957,0.4310057759284973,0.606667697429657,0.5852421522140503
0.3199370503425598,0.4243577420711517,0.3465518355369568,0.6753732562065125,0.6952323913574219,0.4075819253921509,0.3171725273132324,0.5770463347434998,0.4306893348693847,0.6063768863677979,0.5853163003921509
0.3198592364788055,0.424260139465332,0.3465815484523773,0.6749207973480225,0.6943120956420898,0.4072824716567993,0.3170938789844513,0.5764668583869934,0.4303729236125946,0.6060861349105835,0.5853904485702515
0.3197813630104065,0.4241625070571899,0.3466112613677978,0.6744683980941772,0.6933917999267578,0.4069830477237701,0.3170152604579925,0.5758872628211975,0.4300565123558044,0.6057952642440796,0.585464596748352
0.3197035193443298,0.4240648746490478,0.3466409742832184,0.6740159392356873,0.6924715042114258,0.4066835939884186,0.316936582326889,0.5753077268600464,0.4297401010990143,0.6055045127868652,0.5855386853218079
0.3196256756782532,0.4239672422409057,0.3466707170009613,0.6735634803771973,0.6915512084960938,0.4063841700553894,0.3168579638004303,0.5747281312942505,0.4294236898422241,0.6052137017250061,0.5856128931045532
0.3195478320121765,0.423869639635086,0.3467004299163818,0.673111081123352,0.6906309127807617,0.4060847163200378,0.3167793154716491,0.5741485357284546,0.4291072785854339,0.604922890663147,0.585686981678009
0.3194699883460998,0.4237720072269439,0.3467301428318023,0.6726586222648621,0.6897106170654297,0.4057852923870086,0.316700667142868,0.5735690593719482,0.4287908375263214,0.6046320796012878,0.5857610702514648
0.3193921148777008,0.4236744046211242,0.3467598557472229,0.6722061634063721,0.6887903213500977,0.4054858386516571,0.3166220486164093,0.5729894638061523,0.4284744560718536,0.6043412685394287,0.5858352184295654
0.3193142712116241,0.4235767722129822,0.3467895984649658,0.6717537045478821,0.6878700256347656,0.4051864147186279,0.3165433704853058,0.572409987449646,0.4281580448150635,0.6040504574775696,0.585909366607666
0.3192364275455475,0.4234791398048401,0.3468193113803863,0.6713013052940369,0.6869497299194336,0.4048869609832763,0.316464751958847,0.5718303918838501,0.4278416037559509,0.6037596464157104,0.5859835147857666
0.3191585838794708,0.4233815371990204,0.3468490242958069,0.6708488464355469,0.6860293745994568,0.4045875370502472,0.3163861036300659,0.5712507963180542,0.4275251626968384,0.6034688353538513,0.5860576629638672
0.3190807402133941,0.4232839047908783,0.3468787372112274,0.6703964471817017,0.6851091384887695,0.4042880833148956,0.3163074553012848,0.5706712603569031,0.4272087812423706,0.6031780242919922,0.5861318111419678
0.3190028965473175,0.4231862723827362,0.3469084501266479,0.6699439883232117,0.6841888427734375,0.4039886593818664,0.3162288069725036,0.570091724395752,0.426892340183258,0.6028872132301331,0.5862059593200684
0.3189250230789184,0.4230886697769165,0.3469381928443908,0.6694915294647217,0.6832684278488159,0.4036892056465149,0.3161501288414001,0.5695121884346008,0.4265759289264679,0.6025964021682739,0.5862800478935242
0.3188471794128418,0.422991007566452,0.346967875957489,0.6690391302108765,0.6823481917381287,0.4033897817134857,0.3160715103149414,0.5689325928688049,0.4262595176696777,0.6023056507110596,0.58635413646698
0.3187693357467651,0.4228933751583099,0.3469976186752319,0.6685866713523865,0.6814278364181519,0.4030903279781341,0.3159928619861603,0.5683530569076538,0.4259431362152099,0.6020148396492004,0.5864282846450806
0.3186914920806885,0.4227958023548126,0.3470273017883301,0.6681342124938965,0.6805075407028198,0.402790904045105,0.3159142136573791,0.5677734613418579,0.4256266951560974,0.6017240285873413,0.5865024328231812
0.3186136484146118,0.4226981699466705,0.347057044506073,0.6676818132400513,0.6795872449874878,0.4024914503097534,0.315835565328598,0.5671939849853516,0.4253102838993072,0.6014332175254822,0.5865765810012817
0.3185357749462127,0.422600507736206,0.3470867872238159,0.6672292947769165,0.6786669492721558,0.4021920263767242,0.3157569169998169,0.5666143894195557,0.4249938726425171,0.601142406463623,0.5866507291793823
0.3184579312801361,0.4225028753280639,0.347116470336914,0.6667768955230713,0.6777466535568237,0.4018925726413727,0.3156782686710357,0.5660348534584045,0.4246774315834045,0.6008515954017639,0.5867248773574829
0.318380057811737,0.4224053025245666,0.347146213054657,0.6663244366645813,0.6768263578414917,0.4015931487083435,0.315599650144577,0.5654553174972534,0.4243610501289367,0.6005607843399048,0.5867989659309387
0.3183022141456604,0.4223076701164245,0.3471759259700775,0.6658719778060913,0.6759060621261597,0.4012936949729919,0.3155209720134735,0.5648757219314575,0.4240446090698242,0.6002699732780457,0.5868730545043945
0.3182244002819061,0.4222100377082824,0.347205638885498,0.6654195785522461,0.6749857664108276,0.4009942710399627,0.3154423534870147,0.5642961859703064,0.423728197813034,0.5999791622161865,0.5869472622871399
0.3181465566158294,0.4221124053001404,0.3472353816032409,0.6649671196937561,0.6740654706954956,0.4006948173046112,0.315363734960556,0.5637165904045105,0.4234117865562439,0.5996884107589722,0.5870214104652405
0.3180687129497528,0.4220147728919983,0.3472650647163391,0.6645146608352661,0.6731451749801636,0.4003953635692596,0.3152850568294525,0.5631371140480042,0.4230953752994537,0.5993975400924683,0.5870954990386963
0.3179908394813537,0.421917200088501,0.347294807434082,0.6640622615814209,0.6722248792648315,0.4000959396362304,0.3152064383029938,0.5625575184822083,0.4227789640426636,0.5991067886352539,0.5871697068214417
0.3179129958152771,0.4218195378780365,0.3473245203495025,0.6636097431182861,0.6713045239448547,0.3997964859008789,0.3151277601718902,0.5619779825210571,0.422462522983551,0.5988159775733948,0.5872437953948975
0.3178351521492004,0.4217219054698944,0.3473542332649231,0.6631573438644409,0.6703842282295227,0.3994970619678497,0.3150491416454315,0.5613983869552612,0.4221461415290832,0.5985251665115356,0.587317943572998
0.3177573084831238,0.4216243028640747,0.347383975982666,0.6627048850059509,0.6694639325141907,0.3991976082324981,0.3149704933166504,0.5608188509941101,0.4218297004699707,0.5982343554496765,0.5873920321464539
0.3176794648170471,0.4215266704559326,0.3474136590957641,0.6622524261474609,0.6685435771942139,0.398898184299469,0.3148918449878692,0.560239315032959,0.4215133190155029,0.5979435443878174,0.5874661803245544
0.317601591348648,0.4214290380477905,0.3474434018135071,0.661799967288971,0.6676233410835266,0.3985987305641174,0.3148131966590881,0.5596597790718079,0.4211968779563904,0.5976527333259583,0.587540328502655
0.3175237476825714,0.4213314354419708,0.3474730849266052,0.6613476276397705,0.6667029857635498,0.3982993066310882,0.3147345781326294,0.5590802431106567,0.4208804666996002,0.5973619222640991,0.5876144170761108
0.3174459040164947,0.4212338030338287,0.3475028276443481,0.6608951687812805,0.6657826900482178,0.3979998528957367,0.3146559298038482,0.5585006475448608,0.42056405544281,0.59707111120224,0.5876885652542114
0.3173680305480957,0.4211361706256866,0.347532570362091,0.6604427099227905,0.6648623943328857,0.3977004289627075,0.3145772814750671,0.5579210519790649,0.4202476143836975,0.5967803001403809,0.587762713432312
0.3172902166843414,0.4210385680198669,0.3475622832775116,0.6599902510643005,0.6639420986175537,0.3974009752273559,0.314498633146286,0.5573415160179138,0.4199312329292297,0.5964895486831665,0.5878368616104126
0.3172123432159424,0.4209409356117248,0.3475919961929321,0.6595377922058105,0.6630218029022217,0.3971015512943268,0.3144199848175049,0.5567619800567627,0.4196148216724396,0.5961986780166626,0.5879109501838684
0.3171344995498657,0.4208433032035827,0.347621738910675,0.6590853929519653,0.6621015071868896,0.3968020975589752,0.3143413662910461,0.5561824440956116,0.4192983508110046,0.5959079265594482,0.5879851579666138
0.317056655883789,0.420745700597763,0.3476514220237732,0.6586329340934753,0.6611812114715576,0.396502673625946,0.3142626881599426,0.5556029081344604,0.4189819693565368,0.5956170558929443,0.5880592465400696
0.3169788122177124,0.4206480383872986,0.3476811647415161,0.6581804752349854,0.6602609157562256,0.3962032198905945,0.3141840696334839,0.5550233125686646,0.4186655580997467,0.59532630443573,0.5881333947181702
0.3169009685516357,0.4205504357814789,0.3477108776569366,0.6577280759811401,0.6593405604362488,0.3959037959575653,0.3141053915023803,0.5544437766075134,0.4183491170406341,0.5950354933738708,0.588207483291626
0.3168230950832367,0.4204528331756592,0.3477405905723572,0.6572756171226501,0.6584202647209167,0.3956043422222137,0.3140267729759216,0.5538642406463623,0.418032705783844,0.5947446823120117,0.5882816910743713
0.31674525141716,0.4203552007675171,0.3477703332901001,0.6568231582641602,0.6574999690055847,0.3953049182891845,0.3139481246471405,0.5532847046852112,0.4177162945270538,0.5944538712501526,0.5883557796478271
0.3166674077510834,0.4202575385570526,0.3478000164031982,0.6563706994056702,0.6565796732902527,0.395005464553833,0.313869446516037,0.5527051091194153,0.4173998832702636,0.5941630601882935,0.5884299278259277
0.3165895342826843,0.4201599359512329,0.3478297591209411,0.6559182405471802,0.6556593775749207,0.3947060406208038,0.3137908279895782,0.5521255731582642,0.4170834720134735,0.5938722491264343,0.5885040760040283
0.3165116906166076,0.4200623333454132,0.3478594422340393,0.655465841293335,0.6547390818595886,0.3944065868854522,0.3137121796607971,0.5515459775924683,0.4167670607566833,0.5935814380645752,0.5885782241821289
0.3164338767528534,0.4199647009372711,0.3478891849517822,0.655013382434845,0.6538187265396118,0.3941071629524231,0.313633531332016,0.5509664416313171,0.4164506793022156,0.5932906866073608,0.5886523127555847
0.3163560330867767,0.419867068529129,0.3479188978672027,0.654560923576355,0.6528984308242798,0.3938077092170715,0.3135548830032348,0.550386905670166,0.416134238243103,0.5929998159408569,0.5887264609336853
0.3162781596183777,0.4197694361209869,0.3479486107826233,0.6541085243225098,0.6519781351089478,0.3935082852840423,0.3134762346744537,0.5498073101043701,0.4158177971839905,0.5927090644836426,0.5888006091117859
0.316200315952301,0.4196718335151672,0.3479783236980438,0.6536560654640198,0.6510578393936157,0.3932088315486908,0.3133975863456726,0.5492278337478638,0.4155013859272003,0.5924182534217834,0.5888746976852417
0.3161224722862243,0.4195742011070251,0.3480080664157867,0.6532036066055298,0.6501375436782837,0.3929094076156616,0.3133189678192138,0.5486482381820679,0.4151849746704101,0.5921274423599243,0.5889488458633423
0.3160446286201477,0.419476568698883,0.3480377793312073,0.6527512073516846,0.6492172479629517,0.39260995388031,0.3132403194904327,0.5480687022209167,0.41486856341362,0.5918366312980652,0.5890229940414429
0.315966784954071,0.4193789362907409,0.3480675220489502,0.6522986888885498,0.6482969522476196,0.3923105299472809,0.3131616711616516,0.5474891066551208,0.4145521521568298,0.591545820236206,0.5890971422195435
0.3158889412879944,0.4192813336849212,0.3480972051620483,0.6518462896347046,0.6473765969276428,0.3920110762119293,0.3130830228328705,0.5469095706939697,0.4142357409000397,0.5912550091743469,0.589171290397644
0.3158110678195953,0.4191837012767792,0.3481269478797912,0.6513938903808594,0.6464563608169556,0.3917116522789001,0.3130043745040893,0.5463300347328186,0.4139193296432495,0.5909641981124878,0.5892453789710999
0.3157332241535187,0.4190860986709595,0.3481566607952118,0.6509414315223694,0.6455360651016235,0.3914121985435486,0.3129257559776306,0.5457504987716675,0.4136028885841369,0.5906734466552734,0.5893195867538452
0.315655380487442,0.4189884662628174,0.3481863737106323,0.6504889726638794,0.6446157693862915,0.3911127746105194,0.3128470778465271,0.5451709032058716,0.4132865071296692,0.5903825759887695,0.589393675327301
0.3155775070190429,0.4188908338546753,0.3482161164283752,0.6500365734100342,0.6436954140663147,0.3908133208751678,0.3127684593200683,0.5445913076400757,0.4129700660705566,0.5900917649269104,0.5894677639007568
0.3154996633529663,0.4187931716442108,0.3482457995414734,0.6495841145515442,0.6427751183509827,0.3905138671398163,0.3126898407936096,0.5440118312835693,0.4126536548137665,0.589801013469696,0.5895419120788574
0.3154218196868896,0.4186955988407135,0.3482755422592163,0.6491316556930542,0.6418547630310059,0.3902144432067871,0.3126111626625061,0.5434322357177734,0.4123372435569763,0.5895102024078369,0.589616060256958
0.315343976020813,0.4185979664325714,0.3483052253723144,0.648679256439209,0.6409344673156738,0.3899149894714355,0.3125325441360473,0.5428527593612671,0.4120208323001861,0.5892193913459778,0.5896902084350586
0.3152661323547363,0.4185003638267517,0.3483349680900574,0.648226797580719,0.6400141716003418,0.3896155655384063,0.3124538660049438,0.5422731637954712,0.4117043912410736,0.5889285802841187,0.5897643566131592
0.3151882886886596,0.4184027016162872,0.3483646810054779,0.647774338722229,0.6390938758850098,0.3893161118030548,0.3123752474784851,0.5416935682296753,0.4113880097866058,0.5886377692222595,0.5898385047912598
0.315110445022583,0.4183050692081451,0.3483943939208984,0.647321879863739,0.6381735801696777,0.3890166878700256,0.312296599149704,0.5411140322685242,0.4110715985298157,0.5883469581604004,0.5899125933647156
0.3150325715541839,0.4182074666023254,0.3484241366386413,0.646869421005249,0.6372532844543457,0.3887172341346741,0.3122179508209228,0.5405344367027283,0.4107551574707031,0.5880561470985413,0.5899867415428162
0.3149547278881073,0.4181098639965057,0.3484538495540619,0.6464170217514038,0.6363330483436584,0.3884178102016449,0.3121393024921417,0.5399549603462219,0.4104387462139129,0.5877653360366821,0.590060830116272
0.3148768842220306,0.4180122017860412,0.3484835624694824,0.645964503288269,0.6354126930236816,0.3881183564662933,0.312060683965683,0.539375364780426,0.4101223349571228,0.5874745845794678,0.5901349782943726
0.314799040555954,0.4179145693778991,0.3485133051872253,0.6455121040344238,0.6344923973083496,0.3878189325332641,0.3119820356369018,0.5387958288192749,0.4098058938980102,0.5871837139129639,0.5902091264724731
0.3147211968898773,0.4178169965744018,0.3485429883003235,0.6450597047805786,0.6335721015930176,0.3875194787979126,0.3119033873081207,0.5382162928581238,0.4094894826412201,0.5868929624557495,0.5902832746505737
0.3146433234214782,0.4177193641662597,0.3485727310180664,0.6446072459220886,0.6326518058776855,0.3872200548648834,0.3118247389793396,0.5376367568969727,0.4091731011867523,0.5866020917892456,0.5903574228286743
0.3145654797554016,0.4176217317581177,0.3486024141311645,0.6441547870635986,0.6317315101623535,0.3869206011295318,0.3117460608482361,0.5370571613311768,0.4088566601276397,0.5863113403320312,0.5904315710067749
0.3144876360893249,0.4175240993499756,0.3486321568489074,0.6437023282051086,0.6308112144470215,0.3866211771965027,0.3116674423217773,0.5364775657653809,0.4085402488708496,0.5860204696655273,0.5905056595802307
0.3144097924232483,0.4174264669418335,0.3486618995666504,0.6432499289512634,0.6298907995223999,0.3863217234611511,0.3115887641906738,0.5358980894088745,0.4082238376140594,0.585729718208313,0.5905797481536865
0.3143319487571716,0.4173288643360138,0.3486916124820709,0.6427974700927734,0.6289705038070679,0.3860222995281219,0.3115101456642151,0.5353184938430786,0.4079074263572693,0.5854388475418091,0.5906539559364319
0.3142541050910949,0.4172312319278717,0.3487213253974914,0.6423450112342834,0.6280502676963806,0.3857228457927704,0.3114314675331116,0.5347389578819275,0.4075909852981567,0.5851480960845947,0.5907281041145325
0.3141762614250183,0.4171335995197296,0.3487510085105896,0.6418926119804382,0.6271299719810486,0.3854234218597412,0.3113528490066528,0.5341593623161316,0.4072745740413666,0.5848572850227356,0.5908021926879883
0.3140983879566192,0.4170359671115875,0.3487807512283325,0.6414401531219482,0.6262096166610718,0.3851239681243896,0.3112742304801941,0.5335798859596252,0.4069581627845764,0.5845664739608765,0.5908764004707336
0.3140205442905426,0.4169383645057678,0.3488104939460754,0.6409876942634583,0.6252893209457397,0.3848245441913605,0.3111955523490906,0.5330002903938293,0.4066417515277862,0.5842757225036621,0.5909504890441895
0.3139427006244659,0.4168407320976257,0.3488402068614959,0.6405352354049683,0.6243690252304077,0.3845250904560089,0.3111169338226318,0.5324207544326782,0.4063253402709961,0.5839848518371582,0.59102463722229
0.3138648569583893,0.4167430996894836,0.3488699197769165,0.640082836151123,0.6234487295150757,0.3842256665229797,0.3110382854938507,0.5318411588668823,0.4060089290142059,0.5836941003799438,0.5910987257957458
0.3137869834899902,0.4166454970836639,0.348899632692337,0.6396303772926331,0.6225284337997437,0.3839262127876282,0.3109596371650696,0.5312616229057312,0.4056925177574157,0.5834032297134399,0.5911728739738464
0.3137091398239136,0.4165478646755218,0.3489293456077575,0.6391779184341431,0.6216081380844116,0.383626788854599,0.3108809888362884,0.5306820869445801,0.4053761065006256,0.5831124782562256,0.591247022151947
0.3136312961578369,0.4164502620697021,0.3489590883255005,0.6387255191802979,0.6206878423690796,0.3833273351192474,0.3108023405075073,0.5301024913787842,0.4050596952438354,0.5828216671943665,0.5913211107254028
0.3135534524917602,0.41635262966156,0.3489887714385986,0.6382730603218079,0.6197675466537476,0.3830279111862182,0.3107236921787262,0.5295230150222778,0.4047432541847229,0.5825308561325073,0.5913952589035034
0.3134756088256836,0.4162549972534179,0.3490185141563415,0.6378206014633179,0.6188472509384155,0.3827284574508667,0.3106450736522674,0.5289434194564819,0.4044268131256103,0.5822400450706482,0.591469407081604
0.3133977651596069,0.4161573648452759,0.3490482270717621,0.6373681426048279,0.6179268956184387,0.3824290335178375,0.3105664253234863,0.5283638834953308,0.4041104316711426,0.5819492340087891,0.5915435552597046
0.3133199214935303,0.4160597324371338,0.3490779399871826,0.6369156837463379,0.6170065999031067,0.3821295797824859,0.3104877769947052,0.5277842879295349,0.4037940204143524,0.5816584229469299,0.5916176438331604
0.3132420778274536,0.4159621298313141,0.3491076529026031,0.6364632844924927,0.6160863041877747,0.3818301558494568,0.3104091286659241,0.5272047519683838,0.4034776091575622,0.5813676118850708,0.5916918516159058
0.3131642043590545,0.4158645272254944,0.349137395620346,0.6360108256340027,0.6151660084724426,0.3815307021141052,0.3103304803371429,0.5266252160072327,0.4031611979007721,0.5810768604278564,0.5917659401893616
0.3130863606929779,0.4157668948173523,0.3491671085357666,0.6355583667755127,0.6142457127571106,0.3812312483787536,0.3102518618106842,0.5260456204414368,0.4028447866439819,0.5807859897613525,0.5918400883674622
0.3130085170269012,0.4156692326068878,0.3491968512535095,0.6351059675216675,0.6133254170417786,0.3809318244457245,0.3101731836795807,0.5254660844802856,0.4025283455848694,0.5804952383041382,0.591914176940918
0.3129306733608246,0.4155716300010681,0.3492265343666076,0.6346535086631775,0.6124051213264465,0.3806323707103729,0.3100945651531219,0.5248865485191345,0.4022119343280792,0.580204427242279,0.5919883847236633
0.3128527998924255,0.4154740273952484,0.3492562472820282,0.6342010498046875,0.6114847660064697,0.3803329467773437,0.3100159168243408,0.5243070125579834,0.401895523071289,0.5799136161804199,0.5920624732971191
0.3127749562263489,0.4153763651847839,0.3492859899997711,0.6337486505508423,0.6105644702911377,0.3800334930419922,0.3099372684955597,0.5237274169921875,0.4015791118144989,0.5796228051185608,0.5921366214752197
0.3126971125602722,0.4152787625789642,0.3493157029151916,0.6332961916923523,0.6096441745758057,0.379734069108963,0.3098586499691009,0.5231479406356812,0.4012626707553863,0.5793319940567017,0.5922107696533203
0.3126192688941955,0.4151811301708221,0.3493454456329345,0.6328437328338623,0.6087238788604736,0.3794346153736114,0.3097799718379974,0.5225682854652405,0.4009462594985962,0.5790411829948425,0.5922849178314209
0.3125414252281189,0.41508349776268,0.3493751287460327,0.6323912739753723,0.6078035831451416,0.3791351914405823,0.3097013533115387,0.5219888091087341,0.4006298780441284,0.5787503719329834,0.5923590064048767
0.3124635815620422,0.4149858653545379,0.3494048714637756,0.6319388747215271,0.6068832874298096,0.3788357377052307,0.3096227049827575,0.5214092135429382,0.4003134369850158,0.5784595608711243,0.5924331545829773
0.3123857378959656,0.4148882627487182,0.3494345843791961,0.6314864158630371,0.6059629917144775,0.3785363137722015,0.309544026851654,0.5208296775817871,0.3999970257282257,0.5781687498092651,0.5925073027610779
0.3123078644275665,0.4147906303405761,0.3494642972946167,0.6310340166091919,0.6050426363945007,0.37823686003685,0.3094653785228729,0.520250141620636,0.3996806144714355,0.5778779983520508,0.5925813913345337
0.3122300207614898,0.4146930277347564,0.3494939804077148,0.6305815577507019,0.6041223406791687,0.3779374361038208,0.3093867301940918,0.5196705460548401,0.399364173412323,0.5775871872901917,0.5926555395126343
0.3121521770954132,0.4145953953266144,0.3495237231254577,0.6301290988922119,0.6032021045684814,0.3776379823684692,0.309308111667633,0.519091010093689,0.3990477919578552,0.5772963762283325,0.5927296876907349
0.3120743036270141,0.4144977629184723,0.3495534658432007,0.6296766996383667,0.6022818088531494,0.37733855843544,0.3092294633388519,0.5185114145278931,0.3987313508987427,0.5770055651664734,0.5928038358688354
0.3119964599609375,0.4144001603126526,0.3495831787586212,0.6292242407798767,0.6013614535331726,0.3770391047000885,0.3091508150100708,0.5179319381713867,0.3984149396419525,0.5767147541046143,0.5928779244422913
0.3119186162948608,0.4143025279045105,0.3496128916740417,0.6287717819213867,0.6004411578178406,0.3767396807670593,0.3090721666812897,0.5173523426055908,0.3980985283851623,0.5764239430427551,0.5929520726203918
0.3118407726287842,0.414204865694046,0.3496426045894623,0.6283193826675415,0.5995208024978638,0.3764402270317077,0.3089935481548309,0.5167728066444397,0.3977821171283722,0.576133131980896,0.5930262207984924
0.3117629289627075,0.4141072928905487,0.3496723175048828,0.6278668642044067,0.5986005067825317,0.3761408030986786,0.3089148700237274,0.5161932706832886,0.397465705871582,0.5758423209190369,0.593100368976593
0.3116850554943084,0.4140096604824066,0.3497020602226257,0.6274144649505615,0.5976802110671997,0.375841349363327,0.3088362514972687,0.5156137347221375,0.3971492946147918,0.5755515098571777,0.5931744575500488
0.3116072416305542,0.4139120280742645,0.3497317433357239,0.6269620060920715,0.5967599749565125,0.3755419254302978,0.3087575733661651,0.5150341391563416,0.3968328833580017,0.5752607583999634,0.5932486057281494
0.3115293979644775,0.4138143658638,0.3497614860534668,0.6265095472335815,0.5958396196365356,0.3752424716949463,0.3086789548397064,0.5144546031951904,0.3965164721012115,0.5749698877334595,0.59332275390625
0.3114515542984009,0.4137167632579803,0.3497911989688873,0.6260570883750916,0.5949193239212036,0.3749430477619171,0.3086003363132477,0.5138750076293945,0.3962000608444214,0.5746790766716003,0.5933969020843506
0.3113736808300018,0.4136191606521606,0.3498209118843078,0.6256046891212463,0.5939990282058716,0.3746435940265655,0.3085216581821441,0.5132954716682434,0.3958836197853088,0.5743882656097412,0.5934709906578064
0.3112958371639251,0.4135215580463409,0.3498506546020508,0.6251522302627563,0.5930787324905396,0.3743441700935364,0.3084430396556854,0.5127159357070923,0.3955672085285187,0.5740975141525269,0.5935451984405518
0.3112179934978485,0.4134238958358764,0.3498803377151489,0.6246998310089111,0.5921584367752075,0.3740447163581848,0.3083643913269043,0.5121363401412964,0.3952507972717285,0.573806643486023,0.5936192870140076
0.3111401200294494,0.4133262634277344,0.3499100804328918,0.6242473721504211,0.5912381410598755,0.3737452924251556,0.3082857429981231,0.51155686378479,0.3949343860149383,0.5735158920288086,0.5936933755874634
0.3110622763633728,0.413228690624237,0.3499398231506347,0.6237949132919312,0.5903178453445435,0.3734458386898041,0.308207094669342,0.5109772682189941,0.3946179747581482,0.5732250213623047,0.593767523765564
0.3109844326972961,0.4131310582160949,0.3499695062637329,0.6233424544334412,0.5893975496292114,0.3731464147567749,0.3081284463405609,0.510397732257843,0.3943015336990356,0.5729342699050903,0.5938416719436646
0.2982172071933746,0.3971207737922668,0.3548434376716614,0.5491420030593872,0.4384677410125732,0.3240383565425873,0.2952308058738708,0.4153509140014648,0.3424093723297119,0.5252421498298645,0.6059996485710144
0.2982172071933746,0.3971207737922668,0.3548434376716614,0.5491420030593872,0.4384677410125732,0.3240383565425873,0.2952308058738708,0.4153509140014648,0.3424093723297119,0.5252421498298645,0.6059996485710144
0.2982172071933746,0.3971207737922668,0.3548434376716614,0.5491420030593872,0.4384677410125732,0.3240383565425873,0.2952308058738708,0.4153509140014648,0.3424093723297119,0.5252421498298645,0.6059996485710144
0.2982172071933746,0.3971207737922668,0.3548434376716614,0.5491420030593872,0.4384677410125732,0.3240383565425873,0.2952308058738708,0.4153509140014648,0.3424093723297119,0.5252421498298645,0.6059996485710144
0.2982172071933746,0.3971207737922668,0.3548434376716614,0.5491420030593872,0.4384677410125732,0.3240383565425873,0.2952308058738708,0.4153509140014648,0.3424093723297119,0.5252421498298645,0.6059996485710144
0.2982172071933746,0.3971207737922668,0.3548434376716614,0.5491420030593872,0.4384677410125732,0.3240383565425873,0.2952308058738708,0.4153509140014648,0.3424093723297119,0.5252421498298645,0.6059996485710144
0.2982172071933746,0.3971207737922668,0.3548434376716614,0.5491420030593872,0.4384677410125732,0.3240383565425873,0.2952308058738708,0.4153509140014648,0.3424093723297119,0.5252421498298645,0.6059996485710144
0.2982172071933746,0.3971207737922668,0.3548434376716614,0.5491420030593872,0.4384677410125732,0.3240383565425873,0.2952308058738708,0.4153509140014648,0.3424093723297119,0.5252421498298645,0.6059996485710144
0.2982172071933746,0.3971207737922668,0.3548434376716614,0.5491420030593872,0.4384677410125732,0.3240383565425873,0.2952308058738708,0.4153509140014648,0.3424093723297119,0.5252421498298645,0.6059996485710144
0.2982172071933746,0.3971207737922668,0.3548434376716614,0.5491420030593872,0.4384677410125732,0.3240383565425873,0.2952308058738708,0.4153509140014648,0.3424093723297119,0.5252421498298645,0.6059996485710144
0.2982172071933746,0.3971207737922668,0.3548434376716614,0.5491420030593872,0.4384677410125732,0.3240383565425873,0.2952308058738708,0.4153509140014648,0.3424093723297119,0.5252421498298645,0.6059996485710144
0.2982172071933746,0.3971207737922668,0.3548434376716614,0.5491420030593872,0.4384677410125732,0.3240383565425873,0.2952308058738708,0.4153509140014648,0.3424093723297119,0.5252421498298645,0.6059996485710144
0.2982172071933746,0.3971207737922668,0.3548434376716614,0.5491420030593872,0.4384677410125732,0.3240383565425873,0.2952308058738708,0.4153509140014648,0.3424093723297119,0.5252421498298645,0.6059996485710144
0.2982172071933746,0.3971207737922668,0.3548434376716614,0.5491420030593872,0.4384677410125732,0.3240383565425873,0.2952308058738708,0.4153509140014648,0.3424093723297119,0.5252421498298645,0.6059996485710144
0.2982172071933746,0.3971207737922668,0.3548434376716614,0.5491420030593872,0.4384677410125732,0.3240383565425873,0.2952308058738708,0.4153509140014648,0.3424093723297119,0.5252421498298645,0.6059996485710144
0.2982172071933746,0.3971207737922668,0.3548434376716614,0.5491420030593872,0.4384677410125732,0.3240383565425873,0.2952308058738708,0.4153509140014648,0.3424093723297119,0.5252421498298645,0.6059996485710144
0.2982172071933746,0.3971207737922668,0.3548434376716614,0.5491420030593872,0.4384677410125732,0.3240383565425873,0.2952308058738708,0.4153509140014648,0.3424093723297119,0.5252421498298645,0.6059996485710144
0.2982172071933746,0.3971207737922668,0.3548434376716614,0.5491420030593872,0.4384677410125732,0.3240383565425873,0.2952308058738708,0.4153509140014648,0.3424093723297119,0.5252421498298645,0.6059996485710144
0.2982172071933746,0.3971207737922668,0.3548434376716614,0.5491420030593872,0.4384677410125732,0.3240383565425873,0.2952308058738708,0.4153509140014648,0.3424093723297119,0.5252421498298645,0.6059996485710144
0.2982172071933746,0.3971207737922668,0.3548434376716614,0.5491420030593872,0.4384677410125732,0.3240383565425873,0.2952308058738708,0.4153509140014648,0.3424093723297119,0.5252421498298645,0.6059996485710144
0.2982172071933746,0.3971207737922668,0.3548434376716614,0.5491420030593872,0.4384677410125732,0.3240383565425873,0.2952308058738708,0.4153509140014648,0.3424093723297119,0.5252421498298645,0.6059996485710144
0.2982172071933746,0.3971207737922668,0.3548434376716614,0.5491420030593872,0.4384677410125732,0.3240383565425873,0.2952308058738708,0.4153509140014648,0.3424093723297119,0.5252421498298645,0.6059996485710144
0.2982172071933746,0.3971207737922668,0.3548434376716614,0.5491420030593872,0.4384677410125732,0.3240383565425873,0.2952308058738708,0.4153509140014648,0.3424093723297119,0.5252421498298645,0.6059996485710144
0.2982172071933746,0.3971207737922668,0.3548434376716614,0.5491420030593872,0.4384677410125732,0.3240383565425873,0.2952308058738708,0.4153509140014648,0.3424093723297119,0.5252421498298645,0.6059996485710144
0.2982172071933746,0.3971207737922668,0.3548434376716614,0.5491420030593872,0.4384677410125732,0.3240383565425873,0.2952308058738708,0.4153509140014648,0.3424093723297119,0.5252421498298645,0.6059996485710144
0.2982172071933746,0.3971207737922668,0.3548434376716614,0.5491420030593872,0.4384677410125732,0.3240383565425873,0.2952308058738708,0.4153509140014648,0.3424093723297119,0.5252421498298645,0.6059996485710144
0.2982172071933746,0.3971207737922668,0.3548434376716614,0.5491420030593872,0.4384677410125732,0.3240383565425873,0.2952308058738708,0.4153509140014648,0.3424093723297119,0.5252421498298645,0.6059996485710144
0.2982172071933746,0.3971207737922668,0.3548434376716614,0.5491420030593872,0.4384677410125732,0.3240383565425873,0.2952308058738708,0.4153509140014648,0.3424093723297119,0.5252421498298645,0.6059996485710144
0.2982172071933746,0.3971207737922668,0.3548434376716614,0.5491420030593872,0.4384677410125732,0.3240383565425873,0.2952308058738708,0.4153509140014648,0.3424093723297119,0.5252421498298645,0.6059996485710144
0.2982172071933746,0.3971207737922668,0.3548434376716614,0.5491420030593872,0.4384677410125732,0.3240383565425873,0.2952308058738708,0.4153509140014648,0.3424093723297119,0.5252421498298645,0.6059996485710144
0.2982172071933746,0.3971207737922668,0.3548434376716614,0.5491420030593872,0.4384677410125732,0.3240383565425873,0.2952308058738708,0.4153509140014648,0.3424093723297119,0.5252421498298645,0.6059996485710144
0.2982172071933746,0.3971207737922668,0.3548434376716614,0.5491420030593872,0.4384677410125732,0.3240383565425873,0.2952308058738708,0.4153509140014648,0.3424093723297119,0.5252421498298645,0.6059996485710144
0.2982172071933746,0.3971207737922668,0.3548434376716614,0.5491420030593872,0.4384677410125732,0.3240383565425873,0.2952308058738708,0.4153509140014648,0.3424093723297119,0.5252421498298645,0.6059996485710144
0.2982172071933746,0.3971207737922668,0.3548434376716614,0.5491420030593872,0.4384677410125732,0.3240383565425873,0.2952308058738708,0.4153509140014648,0.3424093723297119,0.5252421498298645,0.6059996485710144
0.2982172071933746,0.3971207737922668,0.3548434376716614,0.5491420030593872,0.4384677410125732,0.3240383565425873,0.2952308058738708,0.4153509140014648,0.3424093723297119,0.5252421498298645,0.6059996485710144
0.2982172071933746,0.3971207737922668,0.3548434376716614,0.5491420030593872,0.4384677410125732,0.3240383565425873,0.2952308058738708,0.4153509140014648,0.3424093723297119,0.5252421498298645,0.6059996485710144
0.2982172071933746,0.3971207737922668,0.3548434376716614,0.5491420030593872,0.4384677410125732,0.3240383565425873,0.2952308058738708,0.4153509140014648,0.3424093723297119,0.5252421498298645,0.6059996485710144
0.2982172071933746,0.3971207737922668,0.3548434376716614,0.5491420030593872,0.4384677410125732,0.3240383565425873,0.2952308058738708,0.4153509140014648,0.3424093723297119,0.5252421498298645,0.6059996485710144
0.2982172071933746,0.3971207737922668,0.3548434376716614,0.5491420030593872,0.4384677410125732,0.3240383565425873,0.2952308058738708,0.4153509140014648,0.3424093723297119,0.5252421498298645,0.6059996485710144
0.2982172071933746,0.3971207737922668,0.3548434376716614,0.5491420030593872,0.4384677410125732,0.3240383565425873,0.2952308058738708,0.4153509140014648,0.3424093723297119,0.5252421498298645,0.6059996485710144
0.2982172071933746,0.3971207737922668,0.3548434376716614,0.5491420030593872,0.4384677410125732,0.3240383565425873,0.2952308058738708,0.4153509140014648,0.3424093723297119,0.5252421498298645,0.6059996485710144
0.2982172071933746,0.3971207737922668,0.3548434376716614,0.5491420030593872,0.4384677410125732,0.3240383565425873,0.2952308058738708,0.4153509140014648,0.3424093723297119,0.5252421498298645,0.6059996485710144
0.2982172071933746,0.3971207737922668,0.3548434376716614,0.5491420030593872,0.4384677410125732,0.3240383565425873,0.2952308058738708,0.4153509140014648,0.3424093723297119,0.5252421498298645,0.6059996485710144
0.2982172071933746,0.3971207737922668,0.3548434376716614,0.5491420030593872,0.4384677410125732,0.3240383565425873,0.2952308058738708,0.4153509140014648,0.3424093723297119,0.5252421498298645,0.6059996485710144
0.2982172071933746,0.3971207737922668,0.3548434376716614,0.5491420030593872,0.4384677410125732,0.3240383565425873,0.2952308058738708,0.4153509140014648,0.3424093723297119,0.5252421498298645,0.6059996485710144
0.2982172071933746,0.3971207737922668,0.3548434376716614,0.5491420030593872,0.4384677410125732,0.3240383565425873,0.2952308058738708,0.4153509140014648,0.3424093723297119,0.5252421498298645,0.6059996485710144
0.2982172071933746,0.3971207737922668,0.3548434376716614,0.5491420030593872,0.4384677410125732,0.3240383565425873,0.2952308058738708,0.4153509140014648,0.3424093723297119,0.5252421498298645,0.6059996485710144
0.2982172071933746,0.3971207737922668,0.3548434376716614,0.5491420030593872,0.4384677410125732,0.3240383565425873,0.2952308058738708,0.4153509140014648,0.3424093723297119,0.5252421498298645,0.6059996485710144
0.2982172071933746,0.3971207737922668,0.3548434376716614,0.5491420030593872,0.4384677410125732,0.3240383565425873,0.2952308058738708,0.4153509140014648,0.3424093723297119,0.5252421498298645,0.6059996485710144
0.2982172071933746,0.3971207737922668,0.3548434376716614,0.5491420030593872,0.4384677410125732,0.3240383565425873,0.2952308058738708,0.4153509140014648,0.3424093723297119,0.5252421498298645,0.6059996485710144
0.2982172071933746,0.3971207737922668,0.3548434376716614,0.5491420030593872,0.4384677410125732,0.3240383565425873,0.2952308058738708,0.4153509140014648,0.3424093723297119,0.5252421498298645,0.6059996485710144
0.2982172071933746,0.3971207737922668,0.3548434376716614,0.5491420030593872,0.4384677410125732,0.3240383565425873,0.2952308058738708,0.4153509140014648,0.3424093723297119,0.5252421498298645,0.6059996485710144
0.2982172071933746,0.3971207737922668,0.3548434376716614,0.5491420030593872,0.4384677410125732,0.3240383565425873,0.2952308058738708,0.4153509140014648,0.3424093723297119,0.5252421498298645,0.6059996485710144
0.2982172071933746,0.3971207737922668,0.3548434376716614,0.5491420030593872,0.4384677410125732,0.3240383565425873,0.2952308058738708,0.4153509140014648,0.3424093723297119,0.5252421498298645,0.6059996485710144
0.2982172071933746,0.3971207737922668,0.3548434376716614,0.5491420030593872,0.4384677410125732,0.3240383565425873,0.2952308058738708,0.4153509140014648,0.3424093723297119,0.5252421498298645,0.6059996485710144
0.2982172071933746,0.3971207737922668,0.3548434376716614,0.5491420030593872,0.4384677410125732,0.3240383565425873,0.2952308058738708,0.4153509140014648,0.3424093723297119,0.5252421498298645,0.6059996485710144
0.2982172071933746,0.3971207737922668,0.3548434376716614,0.5491420030593872,0.4384677410125732,0.3240383565425873,0.2952308058738708,0.4153509140014648,0.3424093723297119,0.5252421498298645,0.6059996485710144
0.2982172071933746,0.3971207737922668,0.3548434376716614,0.5491420030593872,0.4384677410125732,0.3240383565425873,0.2952308058738708,0.4153509140014648,0.3424093723297119,0.5252421498298645,0.6059996485710144
0.2982172071933746,0.3971207737922668,0.3548434376716614,0.5491420030593872,0.4384677410125732,0.3240383565425873,0.2952308058738708,0.4153509140014648,0.3424093723297119,0.5252421498298645,0.6059996485710144
0.2982172071933746,0.3971207737922668,0.3548434376716614,0.5491420030593872,0.4384677410125732,0.3240383565425873,0.2952308058738708,0.4153509140014648,0.3424093723297119,0.5252421498298645,0.6059996485710144
0.2982172071933746,0.3971207737922668,0.3548434376716614,0.5491420030593872,0.4384677410125732,0.3240383565425873,0.2952308058738708,0.4153509140014648,0.3424093723297119,0.5252421498298645,0.6059996485710144
0.2982172071933746,0.3971207737922668,0.3548434376716614,0.5491420030593872,0.4384677410125732,0.3240383565425873,0.2952308058738708,0.4153509140014648,0.3424093723297119,0.5252421498298645,0.6059996485710144
0.2982172071933746,0.3971207737922668,0.3548434376716614,0.5491420030593872,0.4384677410125732,0.3240383565425873,0.2952308058738708,0.4153509140014648,0.3424093723297119,0.5252421498298645,0.6059996485710144
0.2982172071933746,0.3971207737922668,0.3548434376716614,0.5491420030593872,0.4384677410125732,0.3240383565425873,0.2952308058738708,0.4153509140014648,0.3424093723297119,0.5252421498298645,0.6059996485710144
0.2982172071933746,0.3971207737922668,0.3548434376716614,0.5491420030593872,0.4384677410125732,0.3240383565425873,0.2952308058738708,0.4153509140014648,0.3424093723297119,0.5252421498298645,0.6059996485710144
0.2982172071933746,0.3971207737922668,0.3548434376716614,0.5491420030593872,0.4384677410125732,0.3240383565425873,0.2952308058738708,0.4153509140014648,0.3424093723297119,0.5252421498298645,0.6059996485710144
0.2982172071933746,0.3971207737922668,0.3548434376716614,0.5491420030593872,0.4384677410125732,0.3240383565425873,0.2952308058738708,0.4153509140014648,0.3424093723297119,0.5252421498298645,0.6059996485710144
0.2982172071933746,0.3971207737922668,0.3548434376716614,0.5491420030593872,0.4384677410125732,0.3240383565425873,0.2952308058738708,0.4153509140014648,0.3424093723297119,0.5252421498298645,0.6059996485710144
0.2979905605316162,0.3969379067420959,0.3547936081886291,0.548606812953949,0.4379831254482269,0.323742002248764,0.2950819134712219,0.4153214693069458,0.3420962393283844,0.5246437788009644,0.6052515506744385
0.2977639436721802,0.3967550694942474,0.3547437787055969,0.5480716228485107,0.4374985098838806,0.3234456777572632,0.2949330508708954,0.4152920544147491,0.3417830765247345,0.5240453481674194,0.6045035123825073
0.2975373268127441,0.3965722322463989,0.3546939492225647,0.5475363731384277,0.4370139241218567,0.3231493234634399,0.2947842180728912,0.4152626395225525,0.341469943523407,0.5234469771385193,0.6037554144859314
0.2973107099533081,0.3963894248008728,0.3546441197395324,0.5470012426376343,0.4365293383598327,0.3228529691696167,0.2946353256702423,0.415233165025711,0.3411567807197571,0.5228485465049744,0.6030073761940002
0.297084093093872,0.3962065875530243,0.3545942902565002,0.5464659929275513,0.436044692993164,0.3225566446781158,0.2944864630699157,0.4152037799358368,0.3408436179161072,0.5222501754760742,0.6022593379020691
0.2968574464321136,0.3960237503051758,0.354544460773468,0.545930802822113,0.4355601072311401,0.3222602903842926,0.2943376004695892,0.4151743054389953,0.340530514717102,0.5216517448425293,0.6015112400054932
0.2966308295726776,0.3958409130573272,0.3544946312904358,0.5453956127166748,0.4350755214691162,0.3219639360904693,0.2941887676715851,0.4151448905467987,0.3402173817157745,0.5210533142089844,0.6007631421089172
0.2964042127132416,0.3956580758094787,0.3544448018074035,0.5448603630065918,0.4345909357070923,0.3216676115989685,0.2940398454666137,0.4151154458522796,0.3399042189121246,0.5204549431800842,0.6000151038169861
0.2961775958538055,0.3954752385616302,0.3543949723243713,0.5443251729011536,0.4341062903404236,0.3213712573051452,0.2938909828662872,0.415086030960083,0.3395910859107971,0.5198565125465393,0.5992670655250549
0.2959509789943695,0.3952924013137817,0.3543451428413391,0.5437899827957153,0.4336217045783996,0.3210749328136444,0.2937421202659607,0.4150565862655639,0.3392779231071472,0.5192581415176392,0.598518967628479
0.2957243621349334,0.3951095938682556,0.3542953133583069,0.5432547926902771,0.4331371188163757,0.3207785785198211,0.2935932576656341,0.4150271713733673,0.3389647603034973,0.5186597108840942,0.5977708697319031
0.295497715473175,0.3949267268180847,0.3542454838752746,0.5427196025848389,0.4326525330543518,0.3204822242259979,0.2934443950653076,0.4149977266788482,0.3386516273021698,0.5180612802505493,0.5970228314399719
0.295271098613739,0.3947439193725586,0.35419562458992,0.5421844124794006,0.4321679174900055,0.320185899734497,0.2932955324649811,0.4149682521820068,0.3383384943008423,0.5174629092216492,0.596274733543396
0.295044481754303,0.3945610523223877,0.3541458249092102,0.5416491627693176,0.4316833019256592,0.3198895454406738,0.2931466400623321,0.4149388372898102,0.3380253314971924,0.5168644785881042,0.5955266952514648
0.2948178648948669,0.3943782150745392,0.354095995426178,0.5411139726638794,0.4311987161636352,0.3195931911468506,0.2929977774620056,0.4149093925952911,0.3377122282981872,0.5162661075592041,0.5947786569595337
0.2945912480354309,0.3941953778266907,0.3540461361408233,0.5405787825584412,0.4307141304016113,0.3192968666553497,0.2928489148616791,0.4148799777030945,0.3373990654945373,0.5156676769256592,0.5940305590629578
0.2943646013736725,0.3940125405788421,0.3539963364601135,0.5400435924530029,0.4302294850349426,0.3190005123615265,0.2927000522613525,0.4148505330085754,0.3370859026908874,0.5150692462921143,0.5932824611663818
0.2941379845142364,0.3938297033309936,0.3539465069770813,0.5395084023475647,0.4297448992729187,0.3187041580677032,0.292551189661026,0.4148211181163788,0.3367727696895599,0.5144708752632141,0.5925344228744507
0.2939113676548004,0.3936468660831451,0.3538966476917267,0.5389732122421265,0.4292602837085724,0.3184078335762024,0.2924022972583771,0.4147916734218597,0.3364596366882324,0.513872504234314,0.5917863845825195
0.293684720993042,0.3934640288352966,0.3538468480110168,0.5384380221366882,0.4287756979465484,0.3181114792823791,0.2922534644603729,0.4147622287273407,0.3361464738845825,0.513274073600769,0.5910383462905884
0.2934581339359283,0.3932812213897705,0.3537970185279846,0.5379027724266052,0.4282910823822021,0.3178151249885559,0.292104572057724,0.414732813835144,0.3358333110809326,0.5126756429672241,0.5902902483940125
0.2932315170764923,0.393098384141922,0.3537471294403076,0.537367582321167,0.4278064966201782,0.317518800497055,0.2919557094573974,0.414703369140625,0.3355202078819275,0.5120772123336792,0.5895421504974365
0.2930048704147339,0.3929155468940735,0.3536972999572754,0.536832332611084,0.4273218810558319,0.3172224462032318,0.2918068170547485,0.4146739244461059,0.3352070450782776,0.511478841304779,0.5887941122055054
0.2927782535552978,0.392732709646225,0.3536475002765655,0.5362971425056458,0.4268372654914856,0.3169260919094085,0.2916579842567444,0.4146445393562317,0.3348938822746277,0.5108804106712341,0.5880460739135742
0.2925516366958618,0.3925498723983764,0.3535976409912109,0.5357619524002075,0.4263526797294616,0.3166297674179077,0.2915091216564178,0.4146150648593902,0.3345807790756225,0.510282039642334,0.5872980356216431
0.2923250198364258,0.3923670351505279,0.3535478115081787,0.5352267622947693,0.4258680939674377,0.3163334131240845,0.2913602590560913,0.4145856201648712,0.3342676162719726,0.5096836090087891,0.5865498781204224
0.2920984029769897,0.392184168100357,0.3534980118274688,0.534691572189331,0.4253834784030914,0.3160370588302612,0.2912113666534424,0.4145561754703522,0.3339544832706451,0.5090852379798889,0.5858018398284912
0.2918717563152313,0.3920013308525085,0.3534481525421142,0.5341563820838928,0.4248988926410675,0.3157407343387604,0.2910625040531158,0.4145267605781555,0.3336413204669952,0.508486807346344,0.5850538015365601
0.2916451394557953,0.3918185234069824,0.353398323059082,0.5336211323738098,0.4244142770767212,0.3154443800449371,0.2909136414527893,0.4144973158836365,0.3333281874656677,0.5078883767127991,0.5843057036399841
0.2914185225963592,0.3916356861591339,0.3533485233783722,0.5330859422683716,0.4239296615123749,0.3151480257511139,0.2907647490501404,0.4144678711891174,0.3330150246620178,0.5072900056838989,0.5835576057434082
0.2911919057369232,0.3914528489112854,0.3532986640930176,0.5325507521629333,0.4234451055526733,0.314851701259613,0.2906158864498138,0.4144384860992431,0.3327018916606903,0.506691575050354,0.582809567451477
0.2909652590751648,0.3912700116634369,0.3532488346099853,0.5320155620574951,0.4229604601860046,0.3145553469657898,0.2904670536518097,0.4144090116024017,0.3323887586593628,0.5060932040214539,0.5820615291595459
0.2907386422157287,0.3910871744155884,0.3531990051269531,0.5314803719520569,0.4224758744239807,0.3142589926719665,0.2903181910514831,0.4143795967102051,0.3320755958557129,0.5054947733879089,0.58131343126297
0.2905120253562927,0.3909043371677398,0.3531491756439209,0.5309451818466187,0.4219912886619568,0.3139626681804657,0.2901692688465118,0.414350152015686,0.3317624628543854,0.504896342754364,0.5805653929710388
0.2902854084968567,0.3907214999198913,0.3530993461608886,0.5304099321365356,0.4215066730976105,0.3136663138866424,0.2900204062461853,0.4143207371234894,0.3314493000507355,0.5042979717254639,0.5798172950744629
0.2900587916374206,0.3905386626720428,0.3530495166778564,0.5298747420310974,0.4210221171379089,0.3133699893951416,0.2898715734481811,0.4142912924289703,0.3311361670494079,0.503699541091919,0.579069197177887
0.2898321449756622,0.3903558254241943,0.3529996871948242,0.5293395519256592,0.4205374717712402,0.3130736351013183,0.2897227108478546,0.4142618775367737,0.330823004245758,0.5031011700630188,0.5783211588859558
0.2896055281162262,0.3901730179786682,0.352949857711792,0.528804361820221,0.4200528562068939,0.3127772808074951,0.2895738184452057,0.4142324328422546,0.3305098712444305,0.5025027394294739,0.5775731205940247
0.2893789112567901,0.3899901807308197,0.3529000282287597,0.5282691717147827,0.41956827044487,0.3124809563159942,0.2894249558448791,0.4142029881477356,0.330196738243103,0.5019043684005737,0.5768250823020935
0.2891522645950317,0.3898073434829712,0.3528501987457275,0.5277339220046997,0.419083684682846,0.312184602022171,0.2892760932445526,0.4141735434532165,0.3298835754394531,0.5013059377670288,0.5760769248008728
0.2889256477355957,0.3896245062351227,0.3528003692626953,0.5271987318992615,0.4185990691184997,0.3118882477283478,0.2891272306442261,0.4141440987586975,0.3295704424381256,0.5007075071334839,0.5753289461135864
0.2886990308761596,0.3894416689872741,0.3527505397796631,0.5266635417938232,0.4181144833564758,0.3115919232368469,0.2889783382415771,0.4141146838665008,0.3292573094367981,0.5001091361045837,0.5745808482170105
0.2884724140167236,0.3892588317394256,0.3527006804943084,0.5261282920837402,0.4176298677921295,0.3112955689430237,0.2888294756412506,0.4140852391719818,0.3289441466331482,0.4995107054710388,0.5738327503204346
0.2882457971572876,0.3890759944915771,0.3526508808135986,0.5255931615829468,0.4171452522277832,0.3109992146492004,0.2886806130409241,0.4140558242797851,0.3286310136318207,0.4989123344421386,0.5730847120285034
0.2880191802978515,0.3888931572437286,0.3526010513305664,0.5250579118728638,0.4166606664657593,0.3107028901576996,0.2885317802429199,0.4140263795852661,0.3283178508281708,0.4983139038085937,0.5723366141319275
0.2877925336360931,0.3887103199958801,0.3525511920452118,0.5245227217674255,0.4161760509014129,0.3104065358638763,0.288382887840271,0.413996934890747,0.3280047178268432,0.4977155029773712,0.5715885758399963
0.2875659167766571,0.388527512550354,0.3525013923645019,0.5239875316619873,0.415691465139389,0.3101101815700531,0.2882340252399444,0.4139675199985504,0.3276915848255157,0.4971170723438263,0.5708404779434204
0.287339299917221,0.3883446753025055,0.3524515628814697,0.5234522819519043,0.4152068793773651,0.3098138570785522,0.2880851328372955,0.4139380753040313,0.3273784518241882,0.4965186715126037,0.5700924396514893
0.287112683057785,0.388161838054657,0.3524017035961151,0.5229171514511108,0.4147222638130188,0.309517502784729,0.287936270236969,0.4139086306095123,0.3270652890205383,0.4959203004837036,0.5693444013595581
0.2868860363960266,0.3879790008068084,0.3523519039154053,0.5223819017410278,0.4142376184463501,0.3092211484909057,0.2877874076366424,0.413879245519638,0.3267521262168884,0.4953218698501587,0.5685962438583374
0.2866594195365906,0.3877961337566376,0.3523020446300506,0.5218467116355896,0.4137530624866485,0.3089248239994049,0.2876385450363159,0.4138497710227966,0.3264389932155609,0.4947234690189361,0.567848265171051
0.2864328026771545,0.387613296508789,0.352252185344696,0.5213115215301514,0.4132684469223022,0.3086284697055816,0.2874896824359894,0.4138203561306,0.326125830411911,0.4941250681877136,0.5671001672744751
0.2862061858177185,0.3874304592609405,0.3522023558616638,0.5207762718200684,0.4127838611602783,0.3083321154117584,0.2873408198356628,0.4137908816337585,0.3258126974105835,0.4935266375541687,0.566352128982544
0.2859795689582824,0.387247622013092,0.352152556180954,0.5202411413192749,0.412299245595932,0.3080357909202575,0.2871919274330139,0.4137614667415619,0.3254995346069336,0.4929282367229461,0.565604031085968
0.2857529520988464,0.3870648145675659,0.3521027266979217,0.5197058916091919,0.4118146300315857,0.3077394366264343,0.2870430648326874,0.4137320220470428,0.3251864314079284,0.4923298358917236,0.5648559331893921
0.285526305437088,0.3868819773197174,0.3520528674125671,0.5191706418991089,0.4113300740718841,0.3074430823326111,0.2868942022323608,0.4137025773525238,0.3248732686042785,0.4917314052581787,0.5641078948974609
0.285299688577652,0.3866991400718689,0.3520030677318573,0.5186355113983154,0.4108454585075378,0.3071467578411102,0.2867453098297119,0.4136731922626495,0.3245601058006286,0.4911330342292785,0.5633598566055298
0.2850730717182159,0.3865163028240204,0.3519532382488251,0.5181002616882324,0.4103608429431915,0.306850403547287,0.2865964770317077,0.4136437177658081,0.3242469727993011,0.490534633398056,0.5626117587089539
0.2848464548587799,0.3863334655761719,0.3519033789634704,0.517565131187439,0.4098762571811676,0.3065540492534637,0.2864476144313812,0.4136143028736114,0.3239338397979736,0.4899362027645111,0.5618637204170227
0.2846198379993438,0.3861506283283233,0.3518535494804382,0.517029881477356,0.4093916416168213,0.3062577247619629,0.2862987518310547,0.4135848581790924,0.3236206769943237,0.4893378317356109,0.5611156225204468
0.2843931913375854,0.3859677910804748,0.351803719997406,0.5164946913719177,0.4089070558547973,0.3059613704681396,0.2861498296260834,0.4135554432868957,0.3233075439929962,0.4887394309043884,0.5603675842285156
0.2841665744781494,0.3857849538326263,0.3517538905143738,0.5159595012664795,0.4084224700927734,0.3056650459766388,0.2860009968280792,0.4135259985923767,0.3229943811893463,0.4881410002708435,0.5596195459365845
0.2839399576187134,0.3856021165847778,0.3517040610313415,0.5154242515563965,0.4079378545284271,0.3053686916828155,0.2858521342277527,0.4134965538978576,0.3226812481880188,0.4875425994396209,0.5588714480400085
0.2837133407592773,0.3854192495346069,0.3516542315483093,0.5148890614509583,0.4074532389640808,0.3050723373889923,0.2857032716274261,0.413467139005661,0.3223681151866913,0.4869441986083984,0.5581234097480774
0.2834866940975189,0.3852364420890808,0.3516044020652771,0.51435387134552,0.4069685935974121,0.3047760128974914,0.2855543792247772,0.4134376943111419,0.3220549821853637,0.4863457679748535,0.5573753118515015
0.2832600772380829,0.3850536048412323,0.3515545725822449,0.5138186812400818,0.4064840376377105,0.3044796586036682,0.285405546426773,0.4134082496166229,0.3217418193817138,0.485747367143631,0.5566272735595703
0.2830334603786468,0.3848707675933838,0.3515047430992126,0.5132834911346436,0.4059994518756866,0.3041833043098449,0.2852566540241241,0.4133788049221039,0.3214286565780639,0.4851489663124084,0.5558791756629944
0.2828068435192108,0.3846879303455353,0.3514549136161804,0.5127483010292053,0.4055148363113403,0.3038869798183441,0.2851077616214752,0.4133493900299072,0.3211155235767364,0.4845505356788635,0.5551310777664185
0.2825802266597748,0.3845050930976867,0.3514050841331482,0.5122130513191223,0.4050302505493164,0.3035906255245209,0.2849588990211487,0.4133199453353882,0.3208023905754089,0.4839521646499634,0.5543830394744873
0.2823536098003387,0.3843222558498382,0.3513552546501159,0.5116778612136841,0.4045456647872925,0.3032942712306976,0.2848100662231445,0.4132905304431915,0.320489227771759,0.4833537638187408,0.5536349415779114
0.2821269631385803,0.3841394186019897,0.3513054251670837,0.5111426115036011,0.4040610194206238,0.3029979467391968,0.284661203622818,0.4132610857486725,0.3201760947704315,0.4827553331851959,0.5528869032859802
0.2819003462791443,0.3839566111564636,0.3512555956840515,0.5106074810028076,0.4035764336585998,0.3027015924453735,0.284512311220169,0.4132316410541534,0.319862961769104,0.4821569621562958,0.5521388649940491
0.2816737294197082,0.3837737739086151,0.3512057662010193,0.5100722312927246,0.4030918180942535,0.3024052381515503,0.2843634486198425,0.4132022261619568,0.3195497989654541,0.4815585613250732,0.5513907670974731
0.2814471125602722,0.3835909366607666,0.351155936717987,0.5095370411872864,0.4026072025299072,0.3021089136600494,0.2842145562171936,0.4131727814674377,0.3192366361618042,0.4809601306915283,0.550642728805542
0.2812204957008362,0.3834080994129181,0.3511061072349548,0.5090018510818481,0.4021226167678833,0.3018125593662262,0.2840657234191894,0.4131433367729187,0.3189235329627991,0.4803617298603058,0.5498946309089661
0.2809938788414001,0.3832252621650696,0.3510562777519226,0.5084666609764099,0.4016380310058594,0.3015162050724029,0.2839168310165405,0.413113921880722,0.3186103701591491,0.4797633290290832,0.5491465926170349
0.2807672321796417,0.3830423951148987,0.3510064482688904,0.5079314112663269,0.4011534452438354,0.3012198805809021,0.283767968416214,0.413084477186203,0.3182972073554992,0.4791648983955383,0.548398494720459
0.2805406153202057,0.3828595578670501,0.3509565889835357,0.5073962211608887,0.4006688296794891,0.3009235262870788,0.2836191058158874,0.4130550622940063,0.3179840743541717,0.4785664975643158,0.5476504564285278
0.2803139984607696,0.3826767206192016,0.3509067595005035,0.5068610310554504,0.4001842141151428,0.3006271719932556,0.2834702730178833,0.4130255877971649,0.3176709413528442,0.4779680967330932,0.5469023585319519
0.2800873517990112,0.3824939131736755,0.3508569300174713,0.5063258409500122,0.3996996283531189,0.3003308475017547,0.2833213806152344,0.4129961729049682,0.3173577785491943,0.4773696660995483,0.546154260635376
0.2798607349395752,0.382311075925827,0.3508071005344391,0.505790650844574,0.3992150425910949,0.3000344932079315,0.2831724882125854,0.4129667282104492,0.3170446455478668,0.4767712652683258,0.5454062223434448
0.2796341180801391,0.3821282386779785,0.3507572710514068,0.5052554607391357,0.3987303972244262,0.2997381389141083,0.2830236256122589,0.4129372835159302,0.3167315125465393,0.4761728644371032,0.5446581840515137
0.2794075012207031,0.3819454312324524,0.3507074117660522,0.5047202706336975,0.3982458114624023,0.2994418144226074,0.2828747928142547,0.4129078984260559,0.3164183497428894,0.4755744934082031,0.5439101457595825
0.2791808843612671,0.3817625939846039,0.3506576120853424,0.5041850209236145,0.3977612257003784,0.2991454601287842,0.2827259004116058,0.4128784239292145,0.3161051869392395,0.4749760925769806,0.5431619882583618
0.2789542376995086,0.3815797567367553,0.3506077826023102,0.5036498308181763,0.3972766399383545,0.2988491058349609,0.2825770378112793,0.4128490090370178,0.315792053937912,0.474377691745758,0.5424139499664307
0.2787276208400726,0.3813969194889068,0.3505579233169555,0.503114640712738,0.3967920243740082,0.2985527813434601,0.2824281752109527,0.4128195643424988,0.3154789209365845,0.4737792611122131,0.5416659116744995
0.2785010039806366,0.3812140822410583,0.3505081236362457,0.502579391002655,0.3963074088096618,0.2982564270496368,0.2822792828083038,0.4127901494503021,0.3151657581329345,0.4731808602809906,0.5409178733825684
0.2782743573188782,0.3810312151908874,0.3504582643508911,0.5020442008972168,0.3958228230476379,0.297960102558136,0.2821304202079773,0.4127607047557831,0.314852625131607,0.4725824296474457,0.5401697754859924
0.2780477404594421,0.3808484077453613,0.3504084348678589,0.5015090107917786,0.395338237285614,0.2976637482643127,0.2819815576076507,0.4127312898635864,0.3145394921302795,0.4719840288162231,0.5394216775894165
0.2778211236000061,0.3806655704975128,0.3503586053848266,0.5009738206863403,0.3948535919189453,0.2973673939704895,0.2818326950073242,0.4127018451690674,0.3142263293266296,0.4713855981826782,0.5386736392974854
0.27759450674057,0.3804827332496643,0.3503087759017944,0.5004386305809021,0.3943690061569214,0.2970710694789886,0.2816838324069977,0.4126724004745483,0.3139131963253021,0.4707871973514557,0.5379256010055542
0.277367889881134,0.3802998960018158,0.3502589464187622,0.4999033808708191,0.3938844203948974,0.2967747151851654,0.2815349698066711,0.4126429557800293,0.3136000633239746,0.4701887965202331,0.537177562713623
0.277141273021698,0.3801170587539673,0.35020911693573,0.4993681907653808,0.3933997750282287,0.2964783608913421,0.2813861072063446,0.4126135110855102,0.3132869005203247,0.4695903956890106,0.5364294648170471
0.2769146263599396,0.3799342215061188,0.3501592874526977,0.4988330006599426,0.3929151892662048,0.2961820363998413,0.2812372148036957,0.4125840961933136,0.3129737675189972,0.4689919948577881,0.5356813669204712
0.2766880095005035,0.3797513842582702,0.3501094579696655,0.4982978105545044,0.3924306035041809,0.295885682106018,0.2810883224010467,0.4125546514987945,0.3126606047153473,0.4683936238288879,0.53493332862854
0.2764613926410675,0.3795685470104217,0.3500596284866333,0.4977626204490661,0.391946017742157,0.2955893278121948,0.2809394896030426,0.4125252366065979,0.3123474717140198,0.4677952229976654,0.5341852307319641
0.2762347757816314,0.3793857395648956,0.3500097990036011,0.4972274005413055,0.391461431980133,0.2952930033206939,0.280790627002716,0.4124957919120788,0.3120343387126922,0.4671968221664428,0.533437192440033
0.2760081589221954,0.3792029023170471,0.3499599695205688,0.4966921806335449,0.3909767866134643,0.2949966490268707,0.2806417644023895,0.4124663472175598,0.3117211759090423,0.4665983915328979,0.532689094543457
0.275781512260437,0.3790200650691986,0.3499101400375366,0.4961569905281067,0.3904922008514404,0.2947002947330475,0.2804928719997406,0.4124369025230407,0.3114080429077148,0.4659999907016754,0.5319410562515259
0.275554895401001,0.3788372278213501,0.3498603105545044,0.4956218004226684,0.3900075852870941,0.2944039702415466,0.280344009399414,0.4124074876308441,0.3110948801040649,0.4654015600681305,0.53119295835495
0.222071886062622,0.335688054561615,0.3381000757217407,0.369314044713974,0.2756416797637939,0.224466785788536,0.2452111989259719,0.4054609537124634,0.237192690372467,0.3241776823997497,0.3546492457389831
0.222071886062622,0.335688054561615,0.3381000757217407,0.369314044713974,0.2756416797637939,0.224466785788536,0.2452111989259719,0.4054609537124634,0.237192690372467,0.3241776823997497,0.3546492457389831
0.222071886062622,0.335688054561615,0.3381000757217407,0.369314044713974,0.2756416797637939,0.224466785788536,0.2452111989259719,0.4054609537124634,0.237192690372467,0.3241776823997497,0.3546492457389831
0.222071886062622,0.335688054561615,0.3381000757217407,0.369314044713974,0.2756416797637939,0.224466785788536,0.2452111989259719,0.4054609537124634,0.237192690372467,0.3241776823997497,0.3546492457389831
0.222071886062622,0.335688054561615,0.3381000757217407,0.369314044713974,0.2756416797637939,0.224466785788536,0.2452111989259719,0.4054609537124634,0.237192690372467,0.3241776823997497,0.3546492457389831
0.222071886062622,0.335688054561615,0.3381000757217407,0.369314044713974,0.2756416797637939,0.224466785788536,0.2452111989259719,0.4054609537124634,0.237192690372467,0.3241776823997497,0.3546492457389831
0.222071886062622,0.335688054561615,0.3381000757217407,0.369314044713974,0.2756416797637939,0.224466785788536,0.2452111989259719,0.4054609537124634,0.237192690372467,0.3241776823997497,0.3546492457389831
0.222071886062622,0.335688054561615,0.3381000757217407,0.369314044713974,0.2756416797637939,0.224466785788536,0.2452111989259719,0.4054609537124634,0.237192690372467,0.3241776823997497,0.3546492457389831
0.222071886062622,0.335688054561615,0.3381000757217407,0.369314044713974,0.2756416797637939,0.224466785788536,0.2452111989259719,0.4054609537124634,0.237192690372467,0.3241776823997497,0.3546492457389831
0.222071886062622,0.335688054561615,0.3381000757217407,0.369314044713974,0.2756416797637939,0.224466785788536,0.2452111989259719,0.4054609537124634,0.237192690372467,0.3241776823997497,0.3546492457389831
0.222071886062622,0.335688054561615,0.3381000757217407,0.369314044713974,0.2756416797637939,0.224466785788536,0.2452111989259719,0.4054609537124634,0.237192690372467,0.3241776823997497,0.3546492457389831
0.222071886062622,0.335688054561615,0.3381000757217407,0.369314044713974,0.2756416797637939,0.224466785788536,0.2452111989259719,0.4054609537124634,0.237192690372467,0.3241776823997497,0.3546492457389831
0.222071886062622,0.335688054561615,0.3381000757217407,0.369314044713974,0.2756416797637939,0.224466785788536,0.2452111989259719,0.4054609537124634,0.237192690372467,0.3241776823997497,0.3546492457389831
0.222071886062622,0.335688054561615,0.3381000757217407,0.369314044713974,0.2756416797637939,0.224466785788536,0.2452111989259719,0.4054609537124634,0.237192690372467,0.3241776823997497,0.3546492457389831
0.222071886062622,0.335688054561615,0.3381000757217407,0.369314044713974,0.2756416797637939,0.224466785788536,0.2452111989259719,0.4054609537124634,0.237192690372467,0.3241776823997497,0.3546492457389831
0.222071886062622,0.335688054561615,0.3381000757217407,0.369314044713974,0.2756416797637939,0.224466785788536,0.2452111989259719,0.4054609537124634,0.237192690372467,0.3241776823997497,0.3546492457389831
0.222071886062622,0.335688054561615,0.3381000757217407,0.369314044713974,0.2756416797637939,0.224466785788536,0.2452111989259719,0.4054609537124634,0.237192690372467,0.3241776823997497,0.3546492457389831
0.222071886062622,0.335688054561615,0.3381000757217407,0.369314044713974,0.2756416797637939,0.224466785788536,0.2452111989259719,0.4054609537124634,0.237192690372467,0.3241776823997497,0.3546492457389831
0.222071886062622,0.335688054561615,0.3381000757217407,0.369314044713974,0.2756416797637939,0.224466785788536,0.2452111989259719,0.4054609537124634,0.237192690372467,0.3241776823997497,0.3546492457389831
0.222071886062622,0.335688054561615,0.3381000757217407,0.369314044713974,0.2756416797637939,0.224466785788536,0.2452111989259719,0.4054609537124634,0.237192690372467,0.3241776823997497,0.3546492457389831
0.222071886062622,0.335688054561615,0.3381000757217407,0.369314044713974,0.2756416797637939,0.224466785788536,0.2452111989259719,0.4054609537124634,0.237192690372467,0.3241776823997497,0.3546492457389831
0.222071886062622,0.335688054561615,0.3381000757217407,0.369314044713974,0.2756416797637939,0.224466785788536,0.2452111989259719,0.4054609537124634,0.237192690372467,0.3241776823997497,0.3546492457389831
0.222071886062622,0.335688054561615,0.3381000757217407,0.369314044713974,0.2756416797637939,0.224466785788536,0.2452111989259719,0.4054609537124634,0.237192690372467,0.3241776823997497,0.3546492457389831
0.222071886062622,0.335688054561615,0.3381000757217407,0.369314044713974,0.2756416797637939,0.224466785788536,0.2452111989259719,0.4054609537124634,0.237192690372467,0.3241776823997497,0.3546492457389831
0.222071886062622,0.335688054561615,0.3381000757217407,0.369314044713974,0.2756416797637939,0.224466785788536,0.2452111989259719,0.4054609537124634,0.237192690372467,0.3241776823997497,0.3546492457389831
0.222071886062622,0.335688054561615,0.3381000757217407,0.369314044713974,0.2756416797637939,0.224466785788536,0.2452111989259719,0.4054609537124634,0.237192690372467,0.3241776823997497,0.3546492457389831
0.222071886062622,0.335688054561615,0.3381000757217407,0.369314044713974,0.2756416797637939,0.224466785788536,0.2452111989259719,0.4054609537124634,0.237192690372467,0.3241776823997497,0.3546492457389831
0.222071886062622,0.335688054561615,0.3381000757217407,0.369314044713974,0.2756416797637939,0.224466785788536,0.2452111989259719,0.4054609537124634,0.237192690372467,0.3241776823997497,0.3546492457389831
0.222071886062622,0.335688054561615,0.3381000757217407,0.369314044713974,0.2756416797637939,0.224466785788536,0.2452111989259719,0.4054609537124634,0.237192690372467,0.3241776823997497,0.3546492457389831
0.222071886062622,0.335688054561615,0.3381000757217407,0.369314044713974,0.2756416797637939,0.224466785788536,0.2452111989259719,0.4054609537124634,0.237192690372467,0.3241776823997497,0.3546492457389831
0.222071886062622,0.335688054561615,0.3381000757217407,0.369314044713974,0.2756416797637939,0.224466785788536,0.2452111989259719,0.4054609537124634,0.237192690372467,0.3241776823997497,0.3546492457389831
0.222071886062622,0.335688054561615,0.3381000757217407,0.369314044713974,0.2756416797637939,0.224466785788536,0.2452111989259719,0.4054609537124634,0.237192690372467,0.3241776823997497,0.3546492457389831
0.222071886062622,0.335688054561615,0.3381000757217407,0.369314044713974,0.2756416797637939,0.224466785788536,0.2452111989259719,0.4054609537124634,0.237192690372467,0.3241776823997497,0.3546492457389831
0.222071886062622,0.335688054561615,0.3381000757217407,0.369314044713974,0.2756416797637939,0.224466785788536,0.2452111989259719,0.4054609537124634,0.237192690372467,0.3241776823997497,0.3546492457389831
0.222071886062622,0.335688054561615,0.3381000757217407,0.369314044713974,0.2756416797637939,0.224466785788536,0.2452111989259719,0.4054609537124634,0.237192690372467,0.3241776823997497,0.3546492457389831
0.222071886062622,0.335688054561615,0.3381000757217407,0.369314044713974,0.2756416797637939,0.224466785788536,0.2452111989259719,0.4054609537124634,0.237192690372467,0.3241776823997497,0.3546492457389831
0.222071886062622,0.335688054561615,0.3381000757217407,0.369314044713974,0.2756416797637939,0.224466785788536,0.2452111989259719,0.4054609537124634,0.237192690372467,0.3241776823997497,0.3546492457389831
0.222071886062622,0.335688054561615,0.3381000757217407,0.369314044713974,0.2756416797637939,0.224466785788536,0.2452111989259719,0.4054609537124634,0.237192690372467,0.3241776823997497,0.3546492457389831
0.222071886062622,0.335688054561615,0.3381000757217407,0.369314044713974,0.2756416797637939,0.224466785788536,0.2452111989259719,0.4054609537124634,0.237192690372467,0.3241776823997497,0.3546492457389831
0.222071886062622,0.335688054561615,0.3381000757217407,0.369314044713974,0.2756416797637939,0.224466785788536,0.2452111989259719,0.4054609537124634,0.237192690372467,0.3241776823997497,0.3546492457389831
0.222071886062622,0.335688054561615,0.3381000757217407,0.369314044713974,0.2756416797637939,0.224466785788536,0.2452111989259719,0.4054609537124634,0.237192690372467,0.3241776823997497,0.3546492457389831
0.222071886062622,0.335688054561615,0.3381000757217407,0.369314044713974,0.2756416797637939,0.224466785788536,0.2452111989259719,0.4054609537124634,0.237192690372467,0.3241776823997497,0.3546492457389831
0.222071886062622,0.335688054561615,0.3381000757217407,0.369314044713974,0.2756416797637939,0.224466785788536,0.2452111989259719,0.4054609537124634,0.237192690372467,0.3241776823997497,0.3546492457389831
0.222071886062622,0.335688054561615,0.3381000757217407,0.369314044713974,0.2756416797637939,0.224466785788536,0.2452111989259719,0.4054609537124634,0.237192690372467,0.3241776823997497,0.3546492457389831
0.222071886062622,0.335688054561615,0.3381000757217407,0.369314044713974,0.2756416797637939,0.224466785788536,0.2452111989259719,0.4054609537124634,0.237192690372467,0.3241776823997497,0.3546492457389831
0.222071886062622,0.335688054561615,0.3381000757217407,0.369314044713974,0.2756416797637939,0.224466785788536,0.2452111989259719,0.4054609537124634,0.237192690372467,0.3241776823997497,0.3546492457389831
0.222071886062622,0.335688054561615,0.3381000757217407,0.369314044713974,0.2756416797637939,0.224466785788536,0.2452111989259719,0.4054609537124634,0.237192690372467,0.3241776823997497,0.3546492457389831
0.222071886062622,0.335688054561615,0.3381000757217407,0.369314044713974,0.2756416797637939,0.224466785788536,0.2452111989259719,0.4054609537124634,0.237192690372467,0.3241776823997497,0.3546492457389831
0.222071886062622,0.335688054561615,0.3381000757217407,0.369314044713974,0.2756416797637939,0.224466785788536,0.2452111989259719,0.4054609537124634,0.237192690372467,0.3241776823997497,0.3546492457389831
0.222071886062622,0.335688054561615,0.3381000757217407,0.369314044713974,0.2756416797637939,0.224466785788536,0.2452111989259719,0.4054609537124634,0.237192690372467,0.3241776823997497,0.3546492457389831
0.222071886062622,0.335688054561615,0.3381000757217407,0.369314044713974,0.2756416797637939,0.224466785788536,0.2452111989259719,0.4054609537124634,0.237192690372467,0.3241776823997497,0.3546492457389831
0.222071886062622,0.335688054561615,0.3381000757217407,0.369314044713974,0.2756416797637939,0.224466785788536,0.2452111989259719,0.4054609537124634,0.237192690372467,0.3241776823997497,0.3546492457389831
0.222071886062622,0.335688054561615,0.3381000757217407,0.369314044713974,0.2756416797637939,0.224466785788536,0.2452111989259719,0.4054609537124634,0.237192690372467,0.3241776823997497,0.3546492457389831
0.222071886062622,0.335688054561615,0.3381000757217407,0.369314044713974,0.2756416797637939,0.224466785788536,0.2452111989259719,0.4054609537124634,0.237192690372467,0.3241776823997497,0.3546492457389831
0.222071886062622,0.335688054561615,0.3381000757217407,0.369314044713974,0.2756416797637939,0.224466785788536,0.2452111989259719,0.4054609537124634,0.237192690372467,0.3241776823997497,0.3546492457389831
0.222071886062622,0.335688054561615,0.3381000757217407,0.369314044713974,0.2756416797637939,0.224466785788536,0.2452111989259719,0.4054609537124634,0.237192690372467,0.3241776823997497,0.3546492457389831
0.222071886062622,0.335688054561615,0.3381000757217407,0.369314044713974,0.2756416797637939,0.224466785788536,0.2452111989259719,0.4054609537124634,0.237192690372467,0.3241776823997497,0.3546492457389831
0.222071886062622,0.335688054561615,0.3381000757217407,0.369314044713974,0.2756416797637939,0.224466785788536,0.2452111989259719,0.4054609537124634,0.237192690372467,0.3241776823997497,0.3546492457389831
0.222071886062622,0.335688054561615,0.3381000757217407,0.369314044713974,0.2756416797637939,0.224466785788536,0.2452111989259719,0.4054609537124634,0.237192690372467,0.3241776823997497,0.3546492457389831
0.222071886062622,0.335688054561615,0.3381000757217407,0.369314044713974,0.2756416797637939,0.224466785788536,0.2452111989259719,0.4054609537124634,0.237192690372467,0.3241776823997497,0.3546492457389831
0.222071886062622,0.335688054561615,0.3381000757217407,0.369314044713974,0.2756416797637939,0.224466785788536,0.2452111989259719,0.4054609537124634,0.237192690372467,0.3241776823997497,0.3546492457389831
0.222071886062622,0.335688054561615,0.3381000757217407,0.369314044713974,0.2756416797637939,0.224466785788536,0.2452111989259719,0.4054609537124634,0.237192690372467,0.3241776823997497,0.3546492457389831
0.222071886062622,0.335688054561615,0.3381000757217407,0.369314044713974,0.2756416797637939,0.224466785788536,0.2452111989259719,0.4054609537124634,0.237192690372467,0.3241776823997497,0.3546492457389831
0.222071886062622,0.335688054561615,0.3381000757217407,0.369314044713974,0.2756416797637939,0.224466785788536,0.2452111989259719,0.4054609537124634,0.237192690372467,0.3241776823997497,0.3546492457389831
0.222071886062622,0.335688054561615,0.3381000757217407,0.369314044713974,0.2756416797637939,0.224466785788536,0.2452111989259719,0.4054609537124634,0.237192690372467,0.3241776823997497,0.3546492457389831
0.222071886062622,0.335688054561615,0.3381000757217407,0.369314044713974,0.2756416797637939,0.224466785788536,0.2452111989259719,0.4054609537124634,0.237192690372467,0.3241776823997497,0.3546492457389831
0.222071886062622,0.335688054561615,0.3381000757217407,0.369314044713974,0.2756416797637939,0.224466785788536,0.2452111989259719,0.4054609537124634,0.237192690372467,0.3241776823997497,0.3546492457389831
0.222071886062622,0.335688054561615,0.3381000757217407,0.369314044713974,0.2756416797637939,0.224466785788536,0.2452111989259719,0.4054609537124634,0.237192690372467,0.3241776823997497,0.3546492457389831
0.222071886062622,0.335688054561615,0.3381000757217407,0.369314044713974,0.2756416797637939,0.224466785788536,0.2452111989259719,0.4054609537124634,0.237192690372467,0.3241776823997497,0.3546492457389831
0.222071886062622,0.335688054561615,0.3381000757217407,0.369314044713974,0.2756416797637939,0.224466785788536,0.2452111989259719,0.4054609537124634,0.237192690372467,0.3241776823997497,0.3546492457389831
0.222071886062622,0.335688054561615,0.3381000757217407,0.369314044713974,0.2756416797637939,0.224466785788536,0.2452111989259719,0.4054609537124634,0.237192690372467,0.3241776823997497,0.3546492457389831
0.222071886062622,0.335688054561615,0.3381000757217407,0.369314044713974,0.2756416797637939,0.224466785788536,0.2452111989259719,0.4054609537124634,0.237192690372467,0.3241776823997497,0.3546492457389831
0.222071886062622,0.335688054561615,0.3381000757217407,0.369314044713974,0.2756416797637939,0.224466785788536,0.2452111989259719,0.4054609537124634,0.237192690372467,0.3241776823997497,0.3546492457389831
0.222071886062622,0.335688054561615,0.3381000757217407,0.369314044713974,0.2756416797637939,0.224466785788536,0.2452111989259719,0.4054609537124634,0.237192690372467,0.3241776823997497,0.3546492457389831
0.222071886062622,0.335688054561615,0.3381000757217407,0.369314044713974,0.2756416797637939,0.224466785788536,0.2452111989259719,0.4054609537124634,0.237192690372467,0.3241776823997497,0.3546492457389831
0.222071886062622,0.335688054561615,0.3381000757217407,0.369314044713974,0.2756416797637939,0.224466785788536,0.2452111989259719,0.4054609537124634,0.237192690372467,0.3241776823997497,0.3546492457389831
0.222071886062622,0.335688054561615,0.3381000757217407,0.369314044713974,0.2756416797637939,0.224466785788536,0.2452111989259719,0.4054609537124634,0.237192690372467,0.3241776823997497,0.3546492457389831
0.222071886062622,0.335688054561615,0.3381000757217407,0.369314044713974,0.2756416797637939,0.224466785788536,0.2452111989259719,0.4054609537124634,0.237192690372467,0.3241776823997497,0.3546492457389831
0.222071886062622,0.335688054561615,0.3381000757217407,0.369314044713974,0.2756416797637939,0.224466785788536,0.2452111989259719,0.4054609537124634,0.237192690372467,0.3241776823997497,0.3546492457389831
0.222071886062622,0.335688054561615,0.3381000757217407,0.369314044713974,0.2756416797637939,0.224466785788536,0.2452111989259719,0.4054609537124634,0.237192690372467,0.3241776823997497,0.3546492457389831
0.222071886062622,0.335688054561615,0.3381000757217407,0.369314044713974,0.2756416797637939,0.224466785788536,0.2452111989259719,0.4054609537124634,0.237192690372467,0.3241776823997497,0.3546492457389831
0.222071886062622,0.335688054561615,0.3381000757217407,0.369314044713974,0.2756416797637939,0.224466785788536,0.2452111989259719,0.4054609537124634,0.237192690372467,0.3241776823997497,0.3546492457389831
0.222071886062622,0.335688054561615,0.3381000757217407,0.369314044713974,0.2756416797637939,0.224466785788536,0.2452111989259719,0.4054609537124634,0.237192690372467,0.3241776823997497,0.3546492457389831
0.222071886062622,0.335688054561615,0.3381000757217407,0.369314044713974,0.2756416797637939,0.224466785788536,0.2452111989259719,0.4054609537124634,0.237192690372467,0.3241776823997497,0.3546492457389831
0.222071886062622,0.335688054561615,0.3381000757217407,0.369314044713974,0.2756416797637939,0.224466785788536,0.2452111989259719,0.4054609537124634,0.237192690372467,0.3241776823997497,0.3546492457389831
0.222071886062622,0.335688054561615,0.3381000757217407,0.369314044713974,0.2756416797637939,0.224466785788536,0.2452111989259719,0.4054609537124634,0.237192690372467,0.3241776823997497,0.3546492457389831
0.222071886062622,0.335688054561615,0.3381000757217407,0.369314044713974,0.2756416797637939,0.224466785788536,0.2452111989259719,0.4054609537124634,0.237192690372467,0.3241776823997497,0.3546492457389831
0.222071886062622,0.335688054561615,0.3381000757217407,0.369314044713974,0.2756416797637939,0.224466785788536,0.2452111989259719,0.4054609537124634,0.237192690372467,0.3241776823997497,0.3546492457389831
0.222071886062622,0.335688054561615,0.3381000757217407,0.369314044713974,0.2756416797637939,0.224466785788536,0.2452111989259719,0.4054609537124634,0.237192690372467,0.3241776823997497,0.3546492457389831
0.222071886062622,0.335688054561615,0.3381000757217407,0.369314044713974,0.2756416797637939,0.224466785788536,0.2452111989259719,0.4054609537124634,0.237192690372467,0.3241776823997497,0.3546492457389831
0.222071886062622,0.335688054561615,0.3381000757217407,0.369314044713974,0.2756416797637939,0.224466785788536,0.2452111989259719,0.4054609537124634,0.237192690372467,0.3241776823997497,0.3546492457389831
0.222071886062622,0.335688054561615,0.3381000757217407,0.369314044713974,0.2756416797637939,0.224466785788536,0.2452111989259719,0.4054609537124634,0.237192690372467,0.3241776823997497,0.3546492457389831
0.222071886062622,0.335688054561615,0.3381000757217407,0.369314044713974,0.2756416797637939,0.224466785788536,0.2452111989259719,0.4054609537124634,0.237192690372467,0.3241776823997497,0.3546492457389831
0.222071886062622,0.335688054561615,0.3381000757217407,0.369314044713974,0.2756416797637939,0.224466785788536,0.2452111989259719,0.4054609537124634,0.237192690372467,0.3241776823997497,0.3546492457389831
0.222071886062622,0.335688054561615,0.3381000757217407,0.369314044713974,0.2756416797637939,0.224466785788536,0.2452111989259719,0.4054609537124634,0.237192690372467,0.3241776823997497,0.3546492457389831
0.222071886062622,0.335688054561615,0.3381000757217407,0.369314044713974,0.2756416797637939,0.224466785788536,0.2452111989259719,0.4054609537124634,0.237192690372467,0.3241776823997497,0.3546492457389831
0.222071886062622,0.335688054561615,0.3381000757217407,0.369314044713974,0.2756416797637939,0.224466785788536,0.2452111989259719,0.4054609537124634,0.237192690372467,0.3241776823997497,0.3546492457389831
0.222071886062622,0.335688054561615,0.3381000757217407,0.369314044713974,0.2756416797637939,0.224466785788536,0.2452111989259719,0.4054609537124634,0.237192690372467,0.3241776823997497,0.3546492457389831
0.222071886062622,0.335688054561615,0.3381000757217407,0.369314044713974,0.2756416797637939,0.224466785788536,0.2452111989259719,0.4054609537124634,0.237192690372467,0.3241776823997497,0.3546492457389831
0.222071886062622,0.335688054561615,0.3381000757217407,0.369314044713974,0.2756416797637939,0.224466785788536,0.2452111989259719,0.4054609537124634,0.237192690372467,0.3241776823997497,0.3546492457389831
0.222071886062622,0.335688054561615,0.3381000757217407,0.369314044713974,0.2756416797637939,0.224466785788536,0.2452111989259719,0.4054609537124634,0.237192690372467,0.3241776823997497,0.3546492457389831
0.222071886062622,0.335688054561615,0.3381000757217407,0.369314044713974,0.2756416797637939,0.224466785788536,0.2452111989259719,0.4054609537124634,0.237192690372467,0.3241776823997497,0.3546492457389831
0.222071886062622,0.335688054561615,0.3381000757217407,0.369314044713974,0.2756416797637939,0.224466785788536,0.2452111989259719,0.4054609537124634,0.237192690372467,0.3241776823997497,0.3546492457389831
0.222071886062622,0.335688054561615,0.3381000757217407,0.369314044713974,0.2756416797637939,0.224466785788536,0.2452111989259719,0.4054609537124634,0.237192690372467,0.3241776823997497,0.3546492457389831
0.222071886062622,0.335688054561615,0.3381000757217407,0.369314044713974,0.2756416797637939,0.224466785788536,0.2452111989259719,0.4054609537124634,0.237192690372467,0.3241776823997497,0.3546492457389831
0.222071886062622,0.335688054561615,0.3381000757217407,0.369314044713974,0.2756416797637939,0.224466785788536,0.2452111989259719,0.4054609537124634,0.237192690372467,0.3241776823997497,0.3546492457389831
0.222071886062622,0.335688054561615,0.3381000757217407,0.369314044713974,0.2756416797637939,0.224466785788536,0.2452111989259719,0.4054609537124634,0.237192690372467,0.3241776823997497,0.3546492457389831
0.222071886062622,0.335688054561615,0.3381000757217407,0.369314044713974,0.2756416797637939,0.224466785788536,0.2452111989259719,0.4054609537124634,0.237192690372467,0.3241776823997497,0.3546492457389831
0.222071886062622,0.335688054561615,0.3381000757217407,0.369314044713974,0.2756416797637939,0.224466785788536,0.2452111989259719,0.4054609537124634,0.237192690372467,0.3241776823997497,0.3546492457389831
0.222071886062622,0.335688054561615,0.3381000757217407,0.369314044713974,0.2756416797637939,0.224466785788536,0.2452111989259719,0.4054609537124634,0.237192690372467,0.3241776823997497,0.3546492457389831
0.222071886062622,0.335688054561615,0.3381000757217407,0.369314044713974,0.2756416797637939,0.224466785788536,0.2452111989259719,0.4054609537124634,0.237192690372467,0.3241776823997497,0.3546492457389831
0.222071886062622,0.335688054561615,0.3381000757217407,0.369314044713974,0.2756416797637939,0.224466785788536,0.2452111989259719,0.4054609537124634,0.237192690372467,0.3241776823997497,0.3546492457389831
0.222071886062622,0.335688054561615,0.3381000757217407,0.369314044713974,0.2756416797637939,0.224466785788536,0.2452111989259719,0.4054609537124634,0.237192690372467,0.3241776823997497,0.3546492457389831
0.222071886062622,0.335688054561615,0.3381000757217407,0.369314044713974,0.2756416797637939,0.224466785788536,0.2452111989259719,0.4054609537124634,0.237192690372467,0.3241776823997497,0.3546492457389831
0.222071886062622,0.335688054561615,0.3381000757217407,0.369314044713974,0.2756416797637939,0.224466785788536,0.2452111989259719,0.4054609537124634,0.237192690372467,0.3241776823997497,0.3546492457389831
0.222071886062622,0.335688054561615,0.3381000757217407,0.369314044713974,0.2756416797637939,0.224466785788536,0.2452111989259719,0.4054609537124634,0.237192690372467,0.3241776823997497,0.3546492457389831
0.2219538688659668,0.3354371190071106,0.3382285237312317,0.3689225912094116,0.27558434009552,0.2243068218231201,0.2448697537183761,0.4052812457084656,0.2370236665010452,0.3240499496459961,0.3538642525672912
0.2218358367681503,0.3351861238479614,0.3383569419384002,0.368531197309494,0.2755269408226013,0.2241468727588653,0.2445283234119415,0.4051015079021454,0.2368546426296234,0.32392218708992,0.3530793190002441
0.2217178046703338,0.334935188293457,0.3384853601455688,0.3681397438049316,0.2754696011543274,0.2239869236946106,0.2441868931055069,0.4049217700958252,0.2366856336593628,0.3237944543361664,0.3522943258285522
0.2215997874736786,0.3346842229366302,0.3386137783527374,0.3677482903003692,0.2754122018814087,0.2238269597291946,0.2438454627990722,0.4047420024871826,0.2365165948867797,0.3236666917800903,0.3515093326568603
0.2214817702770233,0.3344332575798034,0.3387422263622284,0.3673568964004516,0.2753548324108124,0.2236670106649398,0.2435040175914764,0.40456223487854,0.2363475561141967,0.3235389590263366,0.3507243692874908
0.221363753080368,0.3341823220252991,0.338870644569397,0.3669654428958893,0.275297462940216,0.2235070616006851,0.2431625872850418,0.4043825268745422,0.2361785620450973,0.3234111666679382,0.3499393761157989
0.2212457209825515,0.3339313864707947,0.3389990925788879,0.3665739893913269,0.2752400636672973,0.2233471125364303,0.2428211420774459,0.404202789068222,0.2360095232725143,0.3232834339141845,0.3491544127464294
0.2211277037858963,0.3336804211139679,0.3391275107860565,0.3661825656890869,0.2751827239990234,0.2231871485710144,0.2424797117710113,0.4040230810642242,0.2358405143022537,0.3231557011604309,0.3483694195747375
0.221009686589241,0.3334294557571411,0.3392559289932251,0.3657911419868469,0.2751253247261047,0.2230271995067596,0.2421382814645767,0.4038433134555816,0.2356714904308319,0.3230279386043548,0.3475844860076904
0.2208916544914245,0.3331785202026367,0.339384377002716,0.3653996884822845,0.2750679552555084,0.2228672504425048,0.2417968511581421,0.4036635756492615,0.2355024665594101,0.3229001760482788,0.3467994928359985
0.2207736372947693,0.3329275846481323,0.3395127654075622,0.3650082647800445,0.2750105857849121,0.2227072864770889,0.2414554208517074,0.4034838378429413,0.2353334426879882,0.3227724432945251,0.3460144996643066
0.220655620098114,0.3326765894889831,0.3396412134170532,0.3646168410778045,0.2749532163143158,0.2225473374128341,0.2411139756441116,0.4033040702342987,0.2351644337177276,0.3226446509361267,0.3452295362949371
0.2205375880002975,0.3324256241321563,0.3397696316242218,0.3642253875732422,0.2748958468437195,0.2223873883485794,0.240772545337677,0.4031243324279785,0.2349953949451446,0.322516918182373,0.3444445729255676
0.220419555902481,0.332174688577652,0.3398980796337127,0.3638339638710022,0.2748384773731231,0.2222274243831634,0.2404311150312423,0.4029446244239807,0.2348263561725616,0.322389155626297,0.3436595797538757
0.220301553606987,0.3319237530231476,0.3400264978408813,0.3634425401687622,0.2747810781002044,0.2220674753189087,0.2400896847248077,0.4027648568153381,0.2346573621034622,0.3222614228725433,0.3428745865821838
0.2201835215091705,0.3316727876663208,0.3401549458503723,0.3630510866641998,0.2747237086296081,0.2219075262546539,0.2397482395172119,0.4025851488113403,0.2344883233308792,0.3221336603164673,0.3420896530151367
0.2200655043125152,0.331421822309494,0.3402833342552185,0.3626596331596374,0.2746663689613342,0.2217475622892379,0.2394068241119384,0.4024054110050201,0.2343193143606186,0.3220059275627136,0.3413046598434448
0.2199474871158599,0.3311708867549896,0.3404117822647095,0.3622682392597198,0.2746089994907379,0.2215876132249832,0.2390653789043426,0.4022256135940552,0.2341502904891967,0.3218781650066376,0.3405196666717529
0.2198294699192047,0.3309199213981628,0.340540200471878,0.3618767857551574,0.2745516002178192,0.2214276641607284,0.2387239336967468,0.4020459055900574,0.2339812666177749,0.3217504024505615,0.339734673500061
0.219711422920227,0.3306689858436584,0.3406686186790466,0.3614853322505951,0.2744942307472229,0.2212677001953125,0.238382488489151,0.4018661677837372,0.2338122427463531,0.3216226696968078,0.3389497101306915
0.2195934206247329,0.3304180204868316,0.3407970666885376,0.3610939085483551,0.2744368314743042,0.2211077511310577,0.2380410730838775,0.401686429977417,0.2336432188749313,0.3214949071407318,0.338164746761322
0.2194753885269165,0.3301670849323272,0.3409255146980285,0.3607024550437927,0.2743794918060303,0.2209478020668029,0.2376996427774429,0.4015066921710968,0.2334741950035095,0.3213671445846557,0.3373797535896301
0.2193573713302612,0.3299161195755005,0.3410539031028747,0.3603110313415527,0.2743220925331116,0.220787838101387,0.2373581975698471,0.4013269543647766,0.2333051711320877,0.3212393820285797,0.3365947604179382
0.2192393541336059,0.3296651542186737,0.3411823511123657,0.3599195778369903,0.2742647528648376,0.2206278890371322,0.2370167821645736,0.4011472463607788,0.2331361472606659,0.3211116194725036,0.3358098268508911
0.2191213369369506,0.3294141888618469,0.3413107991218567,0.359528124332428,0.2742073535919189,0.2204679399728775,0.2366753369569778,0.4009674489498138,0.232967123389244,0.32098388671875,0.3350248336791992
0.2190033197402954,0.3291632533073425,0.3414391875267029,0.3591367304325104,0.274150013923645,0.2203079760074615,0.2363339066505432,0.400787740945816,0.2327981144189834,0.3208561241626739,0.3342398703098297
0.2188852876424789,0.3289122879505157,0.3415676355361938,0.358745276927948,0.2740926146507263,0.2201480269432068,0.2359924614429474,0.4006080031394958,0.2326290905475616,0.3207283616065979,0.3334548771381378
0.2187672555446624,0.3286613523960113,0.3416960537433624,0.358353853225708,0.27403524518013,0.219988077878952,0.2356510460376739,0.4004282355308532,0.2324600666761398,0.3206006288528442,0.3326699137687683
0.2186492383480072,0.3284103870391845,0.3418245017528534,0.357962429523468,0.2739778757095337,0.2198281288146972,0.2353096008300781,0.4002485275268554,0.232291042804718,0.3204728662967682,0.3318849205970764
0.2185312211513519,0.3281594216823578,0.341952919960022,0.3575709760189056,0.273920476436615,0.2196681648492813,0.2349681705236435,0.4000687897205353,0.2321220338344574,0.3203451335430145,0.3310999274253845
0.2184132039546966,0.3279084861278534,0.3420813381671905,0.3571795225143432,0.273863136768341,0.2195082157850265,0.2346267253160476,0.3998890221118927,0.2319529950618744,0.3202173709869385,0.3303149938583374
0.2182951867580413,0.327657550573349,0.3422097563743591,0.3567881286144256,0.2738057672977447,0.2193482667207718,0.234285295009613,0.3997092843055725,0.2317839711904525,0.3200896382331848,0.3295300006866455
0.2181771397590637,0.3274065852165222,0.3423382043838501,0.3563966751098633,0.2737483978271484,0.2191883027553558,0.2339438498020172,0.3995295464992523,0.2316149473190307,0.3199618458747864,0.328745037317276
0.2180591225624084,0.3271556198596954,0.3424666225910187,0.3560052216053009,0.2736909985542297,0.219028353691101,0.2336024194955825,0.3993498086929321,0.2314459383487701,0.3198341131210327,0.3279600441455841
0.2179411053657531,0.326904684305191,0.3425950407981872,0.3556137681007385,0.2736336290836334,0.2188684046268463,0.2332609891891479,0.3991700708866119,0.2312769144773483,0.3197063505649566,0.3271750509738922
0.2178231030702591,0.3266537189483642,0.3427234888076782,0.3552223742008209,0.2735762596130371,0.2187084406614303,0.2329195588827133,0.3989903330802917,0.2311078906059265,0.319578617811203,0.3263900876045227
0.2177050709724426,0.3264027237892151,0.3428519070148468,0.3548309206962585,0.2735188901424408,0.2185484915971756,0.2325781285762787,0.3988106250762939,0.2309388518333435,0.3194508552551269,0.3256050944328308
0.2175870537757873,0.3261517882347107,0.3429803252220154,0.3544394671916961,0.2734615206718445,0.2183885425329208,0.2322366833686828,0.3986308574676513,0.2307698428630828,0.3193231225013733,0.3248201608657837
0.2174690067768097,0.3259008526802063,0.3431087732315063,0.3540480732917785,0.2734041512012481,0.2182285785675048,0.2318952679634094,0.3984511196613312,0.230600818991661,0.3191953301429748,0.3240351676940918
0.2173510044813156,0.3256499171257019,0.3432372212409973,0.3536566197872162,0.2733467817306518,0.2180686295032501,0.2315538227558136,0.398271381855011,0.2304317951202392,0.3190675973892212,0.3232501745223999
0.2172329723834991,0.3253989219665527,0.3433656096458435,0.3532651662826538,0.2732893824577331,0.2179086804389953,0.2312123924493789,0.3980916142463684,0.2302627712488174,0.3189398348331451,0.3224652111530304
0.217114970088005,0.3251479864120483,0.3434940576553345,0.3528737425804138,0.2732320129871368,0.2177487164735794,0.2308709621429443,0.3979119062423706,0.2300937473773956,0.3188121020793915,0.3216802179813385
0.2169969379901886,0.3248970508575439,0.343622475862503,0.3524823188781738,0.2731746435165405,0.2175887674093246,0.2305295318365097,0.3977321684360504,0.229924738407135,0.3186843395233154,0.3208952248096466
0.2168789207935333,0.3246460855007171,0.3437508940696716,0.3520908653736114,0.2731172740459442,0.2174288183450698,0.2301880866289138,0.3975524008274078,0.2297557145357132,0.3185565769672394,0.3201102614402771
0.216760903596878,0.3243951201438904,0.3438793420791626,0.3516994416713714,0.2730599045753479,0.2172688543796539,0.2298466563224792,0.39737269282341,0.2295866906642913,0.3184288144111633,0.3193252980709076
0.2166428864002227,0.324144184589386,0.3440077602863312,0.3513079881668091,0.2730025351047516,0.2171089053153991,0.2295052111148834,0.3971929252147674,0.2294176518917083,0.3183010816574096,0.3185403347015381
0.2165248394012451,0.3238932192325592,0.3441361784934997,0.3509165644645691,0.2729451358318329,0.2169489562511444,0.2291637808084488,0.3970131874084472,0.2292486429214477,0.318173348903656,0.3177553415298462
0.2164068222045898,0.3236422538757324,0.3442646265029907,0.3505251407623291,0.2728877961635589,0.2167889922857284,0.2288223356008529,0.3968334496021271,0.2290796190500259,0.3180455565452575,0.3169703483581543
0.2162888050079345,0.3233912885189056,0.3443930447101593,0.3501336872577667,0.2728304266929626,0.2166290432214737,0.2284809052944183,0.3966537117958069,0.2289105951786041,0.3179178237915039,0.3161853849887848
0.2161707878112793,0.3231403529644012,0.3445214629173279,0.3497422337532043,0.2727730274200439,0.2164690941572189,0.2281394898891449,0.3964739739894867,0.2287415862083435,0.3177900612354278,0.3154004216194153
0.216052770614624,0.3228894174098968,0.3446499109268188,0.3493508100509643,0.2727156579494476,0.2163091301918029,0.227798044681549,0.3962942361831665,0.2285725474357605,0.3176622986793518,0.3146154284477234
0.2159347534179687,0.32263845205307,0.3447783589363098,0.3489593863487243,0.2726582884788513,0.2161491811275482,0.2274566143751144,0.3961144983768463,0.2284035384654998,0.3175345659255981,0.3138304352760315
0.2454909682273864,0.2092145979404449,0.0276926718652248,0.2461050748825073,0.479570209980011,0.243457019329071,0.234396293759346,0.4530861377716064,0.2572595477104187,0.3830844759941101,0.0977288037538528
0.2454909682273864,0.2092145979404449,0.0276926718652248,0.2461050748825073,0.479570209980011,0.243457019329071,0.234396293759346,0.4530861377716064,0.2572595477104187,0.3830844759941101,0.0977288037538528
0.2454909682273864,0.2092145979404449,0.0276926718652248,0.2461050748825073,0.479570209980011,0.243457019329071,0.234396293759346,0.4530861377716064,0.2572595477104187,0.3830844759941101,0.0977288037538528
0.2454909682273864,0.2092145979404449,0.0276926718652248,0.2461050748825073,0.479570209980011,0.243457019329071,0.234396293759346,0.4530861377716064,0.2572595477104187,0.3830844759941101,0.0977288037538528
0.2454909682273864,0.2092145979404449,0.0276926718652248,0.2461050748825073,0.479570209980011,0.243457019329071,0.234396293759346,0.4530861377716064,0.2572595477104187,0.3830844759941101,0.0977288037538528
0.2454909682273864,0.2092145979404449,0.0276926718652248,0.2461050748825073,0.479570209980011,0.243457019329071,0.234396293759346,0.4530861377716064,0.2572595477104187,0.3830844759941101,0.0977288037538528
0.2454909682273864,0.2092145979404449,0.0276926718652248,0.2461050748825073,0.479570209980011,0.243457019329071,0.234396293759346,0.4530861377716064,0.2572595477104187,0.3830844759941101,0.0977288037538528
0.2454909682273864,0.2092145979404449,0.0276926718652248,0.2461050748825073,0.479570209980011,0.243457019329071,0.234396293759346,0.4530861377716064,0.2572595477104187,0.3830844759941101,0.0977288037538528
0.2454909682273864,0.2092145979404449,0.0276926718652248,0.2461050748825073,0.479570209980011,0.243457019329071,0.234396293759346,0.4530861377716064,0.2572595477104187,0.3830844759941101,0.0977288037538528
0.2454909682273864,0.2092145979404449,0.0276926718652248,0.2461050748825073,0.479570209980011,0.243457019329071,0.234396293759346,0.4530861377716064,0.2572595477104187,0.3830844759941101,0.0977288037538528
0.2454909682273864,0.2092145979404449,0.0276926718652248,0.2461050748825073,0.479570209980011,0.243457019329071,0.234396293759346,0.4530861377716064,0.2572595477104187,0.3830844759941101,0.0977288037538528
0.2454909682273864,0.2092145979404449,0.0276926718652248,0.2461050748825073,0.479570209980011,0.243457019329071,0.234396293759346,0.4530861377716064,0.2572595477104187,0.3830844759941101,0.0977288037538528
0.2454909682273864,0.2092145979404449,0.0276926718652248,0.2461050748825073,0.479570209980011,0.243457019329071,0.234396293759346,0.4530861377716064,0.2572595477104187,0.3830844759941101,0.0977288037538528
0.2454909682273864,0.2092145979404449,0.0276926718652248,0.2461050748825073,0.479570209980011,0.243457019329071,0.234396293759346,0.4530861377716064,0.2572595477104187,0.3830844759941101,0.0977288037538528
0.2454909682273864,0.2092145979404449,0.0276926718652248,0.2461050748825073,0.479570209980011,0.243457019329071,0.234396293759346,0.4530861377716064,0.2572595477104187,0.3830844759941101,0.0977288037538528
0.2454909682273864,0.2092145979404449,0.0276926718652248,0.2461050748825073,0.479570209980011,0.243457019329071,0.234396293759346,0.4530861377716064,0.2572595477104187,0.3830844759941101,0.0977288037538528
0.2454909682273864,0.2092145979404449,0.0276926718652248,0.2461050748825073,0.479570209980011,0.243457019329071,0.234396293759346,0.4530861377716064,0.2572595477104187,0.3830844759941101,0.0977288037538528
0.2454909682273864,0.2092145979404449,0.0276926718652248,0.2461050748825073,0.479570209980011,0.243457019329071,0.234396293759346,0.4530861377716064,0.2572595477104187,0.3830844759941101,0.0977288037538528
0.2454909682273864,0.2092145979404449,0.0276926718652248,0.2461050748825073,0.479570209980011,0.243457019329071,0.234396293759346,0.4530861377716064,0.2572595477104187,0.3830844759941101,0.0977288037538528
0.2454909682273864,0.2092145979404449,0.0276926718652248,0.2461050748825073,0.479570209980011,0.243457019329071,0.234396293759346,0.4530861377716064,0.2572595477104187,0.3830844759941101,0.0977288037538528
0.2454909682273864,0.2092145979404449,0.0276926718652248,0.2461050748825073,0.479570209980011,0.243457019329071,0.234396293759346,0.4530861377716064,0.2572595477104187,0.3830844759941101,0.0977288037538528
0.2454909682273864,0.2092145979404449,0.0276926718652248,0.2461050748825073,0.479570209980011,0.243457019329071,0.234396293759346,0.4530861377716064,0.2572595477104187,0.3830844759941101,0.0977288037538528
0.2454909682273864,0.2092145979404449,0.0276926718652248,0.2461050748825073,0.479570209980011,0.243457019329071,0.234396293759346,0.4530861377716064,0.2572595477104187,0.3830844759941101,0.0977288037538528
0.2454909682273864,0.2092145979404449,0.0276926718652248,0.2461050748825073,0.479570209980011,0.243457019329071,0.234396293759346,0.4530861377716064,0.2572595477104187,0.3830844759941101,0.0977288037538528
0.2454909682273864,0.2092145979404449,0.0276926718652248,0.2461050748825073,0.479570209980011,0.243457019329071,0.234396293759346,0.4530861377716064,0.2572595477104187,0.3830844759941101,0.0977288037538528
0.2454909682273864,0.2092145979404449,0.0276926718652248,0.2461050748825073,0.479570209980011,0.243457019329071,0.234396293759346,0.4530861377716064,0.2572595477104187,0.3830844759941101,0.0977288037538528
0.2454909682273864,0.2092145979404449,0.0276926718652248,0.2461050748825073,0.479570209980011,0.243457019329071,0.234396293759346,0.4530861377716064,0.2572595477104187,0.3830844759941101,0.0977288037538528
0.2454909682273864,0.2092145979404449,0.0276926718652248,0.2461050748825073,0.479570209980011,0.243457019329071,0.234396293759346,0.4530861377716064,0.2572595477104187,0.3830844759941101,0.0977288037538528
0.2454909682273864,0.2092145979404449,0.0276926718652248,0.2461050748825073,0.479570209980011,0.243457019329071,0.234396293759346,0.4530861377716064,0.2572595477104187,0.3830844759941101,0.0977288037538528
0.2454909682273864,0.2092145979404449,0.0276926718652248,0.2461050748825073,0.479570209980011,0.243457019329071,0.234396293759346,0.4530861377716064,0.2572595477104187,0.3830844759941101,0.0977288037538528
0.2454909682273864,0.2092145979404449,0.0276926718652248,0.2461050748825073,0.479570209980011,0.243457019329071,0.234396293759346,0.4530861377716064,0.2572595477104187,0.3830844759941101,0.0977288037538528
0.2454909682273864,0.2092145979404449,0.0276926718652248,0.2461050748825073,0.479570209980011,0.243457019329071,0.234396293759346,0.4530861377716064,0.2572595477104187,0.3830844759941101,0.0977288037538528
0.2454909682273864,0.2092145979404449,0.0276926718652248,0.2461050748825073,0.479570209980011,0.243457019329071,0.234396293759346,0.4530861377716064,0.2572595477104187,0.3830844759941101,0.0977288037538528
0.2454909682273864,0.2092145979404449,0.0276926718652248,0.2461050748825073,0.479570209980011,0.243457019329071,0.234396293759346,0.4530861377716064,0.2572595477104187,0.3830844759941101,0.0977288037538528
0.2454909682273864,0.2092145979404449,0.0276926718652248,0.2461050748825073,0.479570209980011,0.243457019329071,0.234396293759346,0.4530861377716064,0.2572595477104187,0.3830844759941101,0.0977288037538528
0.2454909682273864,0.2092145979404449,0.0276926718652248,0.2461050748825073,0.479570209980011,0.243457019329071,0.234396293759346,0.4530861377716064,0.2572595477104187,0.3830844759941101,0.0977288037538528
0.2454909682273864,0.2092145979404449,0.0276926718652248,0.2461050748825073,0.479570209980011,0.243457019329071,0.234396293759346,0.4530861377716064,0.2572595477104187,0.3830844759941101,0.0977288037538528
0.2454909682273864,0.2092145979404449,0.0276926718652248,0.2461050748825073,0.479570209980011,0.243457019329071,0.234396293759346,0.4530861377716064,0.2572595477104187,0.3830844759941101,0.0977288037538528
0.2454909682273864,0.2092145979404449,0.0276926718652248,0.2461050748825073,0.479570209980011,0.243457019329071,0.234396293759346,0.4530861377716064,0.2572595477104187,0.3830844759941101,0.0977288037538528
0.2454909682273864,0.2092145979404449,0.0276926718652248,0.2461050748825073,0.479570209980011,0.243457019329071,0.234396293759346,0.4530861377716064,0.2572595477104187,0.3830844759941101,0.0977288037538528
0.2454909682273864,0.2092145979404449,0.0276926718652248,0.2461050748825073,0.479570209980011,0.243457019329071,0.234396293759346,0.4530861377716064,0.2572595477104187,0.3830844759941101,0.0977288037538528
0.2454909682273864,0.2092145979404449,0.0276926718652248,0.2461050748825073,0.479570209980011,0.243457019329071,0.234396293759346,0.4530861377716064,0.2572595477104187,0.3830844759941101,0.0977288037538528
0.2454909682273864,0.2092145979404449,0.0276926718652248,0.2461050748825073,0.479570209980011,0.243457019329071,0.234396293759346,0.4530861377716064,0.2572595477104187,0.3830844759941101,0.0977288037538528
0.2454909682273864,0.2092145979404449,0.0276926718652248,0.2461050748825073,0.479570209980011,0.243457019329071,0.234396293759346,0.4530861377716064,0.2572595477104187,0.3830844759941101,0.0977288037538528
0.2454909682273864,0.2092145979404449,0.0276926718652248,0.2461050748825073,0.479570209980011,0.243457019329071,0.234396293759346,0.4530861377716064,0.2572595477104187,0.3830844759941101,0.0977288037538528
0.2454909682273864,0.2092145979404449,0.0276926718652248,0.2461050748825073,0.479570209980011,0.243457019329071,0.234396293759346,0.4530861377716064,0.2572595477104187,0.3830844759941101,0.0977288037538528
0.2454909682273864,0.2092145979404449,0.0276926718652248,0.2461050748825073,0.479570209980011,0.243457019329071,0.234396293759346,0.4530861377716064,0.2572595477104187,0.3830844759941101,0.0977288037538528
0.2454909682273864,0.2092145979404449,0.0276926718652248,0.2461050748825073,0.479570209980011,0.243457019329071,0.234396293759346,0.4530861377716064,0.2572595477104187,0.3830844759941101,0.0977288037538528
0.2454909682273864,0.2092145979404449,0.0276926718652248,0.2461050748825073,0.479570209980011,0.243457019329071,0.234396293759346,0.4530861377716064,0.2572595477104187,0.3830844759941101,0.0977288037538528
0.2454909682273864,0.2092145979404449,0.0276926718652248,0.2461050748825073,0.479570209980011,0.243457019329071,0.234396293759346,0.4530861377716064,0.2572595477104187,0.3830844759941101,0.0977288037538528
0.2454909682273864,0.2092145979404449,0.0276926718652248,0.2461050748825073,0.479570209980011,0.243457019329071,0.234396293759346,0.4530861377716064,0.2572595477104187,0.3830844759941101,0.0977288037538528
0.2454909682273864,0.2092145979404449,0.0276926718652248,0.2461050748825073,0.479570209980011,0.243457019329071,0.234396293759346,0.4530861377716064,0.2572595477104187,0.3830844759941101,0.0977288037538528
0.2454909682273864,0.2092145979404449,0.0276926718652248,0.2461050748825073,0.479570209980011,0.243457019329071,0.234396293759346,0.4530861377716064,0.2572595477104187,0.3830844759941101,0.0977288037538528
0.2454909682273864,0.2092145979404449,0.0276926718652248,0.2461050748825073,0.479570209980011,0.243457019329071,0.234396293759346,0.4530861377716064,0.2572595477104187,0.3830844759941101,0.0977288037538528
0.2454909682273864,0.2092145979404449,0.0276926718652248,0.2461050748825073,0.479570209980011,0.243457019329071,0.234396293759346,0.4530861377716064,0.2572595477104187,0.3830844759941101,0.0977288037538528
0.2454909682273864,0.2092145979404449,0.0276926718652248,0.2461050748825073,0.479570209980011,0.243457019329071,0.234396293759346,0.4530861377716064,0.2572595477104187,0.3830844759941101,0.0977288037538528
0.2454909682273864,0.2092145979404449,0.0276926718652248,0.2461050748825073,0.479570209980011,0.243457019329071,0.234396293759346,0.4530861377716064,0.2572595477104187,0.3830844759941101,0.0977288037538528
0.2454909682273864,0.2092145979404449,0.0276926718652248,0.2461050748825073,0.479570209980011,0.243457019329071,0.234396293759346,0.4530861377716064,0.2572595477104187,0.3830844759941101,0.0977288037538528
0.2454909682273864,0.2092145979404449,0.0276926718652248,0.2461050748825073,0.479570209980011,0.243457019329071,0.234396293759346,0.4530861377716064,0.2572595477104187,0.3830844759941101,0.0977288037538528
0.2454909682273864,0.2092145979404449,0.0276926718652248,0.2461050748825073,0.479570209980011,0.243457019329071,0.234396293759346,0.4530861377716064,0.2572595477104187,0.3830844759941101,0.0977288037538528
0.2454909682273864,0.2092145979404449,0.0276926718652248,0.2461050748825073,0.479570209980011,0.243457019329071,0.234396293759346,0.4530861377716064,0.2572595477104187,0.3830844759941101,0.0977288037538528
0.2454909682273864,0.2092145979404449,0.0276926718652248,0.2461050748825073,0.479570209980011,0.243457019329071,0.234396293759346,0.4530861377716064,0.2572595477104187,0.3830844759941101,0.0977288037538528
0.2454909682273864,0.2092145979404449,0.0276926718652248,0.2461050748825073,0.479570209980011,0.243457019329071,0.234396293759346,0.4530861377716064,0.2572595477104187,0.3830844759941101,0.0977288037538528
0.2454909682273864,0.2092145979404449,0.0276926718652248,0.2461050748825073,0.479570209980011,0.243457019329071,0.234396293759346,0.4530861377716064,0.2572595477104187,0.3830844759941101,0.0977288037538528
0.2454909682273864,0.2092145979404449,0.0276926718652248,0.2461050748825073,0.479570209980011,0.243457019329071,0.234396293759346,0.4530861377716064,0.2572595477104187,0.3830844759941101,0.0977288037538528
0.2454909682273864,0.2092145979404449,0.0276926718652248,0.2461050748825073,0.479570209980011,0.243457019329071,0.234396293759346,0.4530861377716064,0.2572595477104187,0.3830844759941101,0.0977288037538528
0.2454909682273864,0.2092145979404449,0.0276926718652248,0.2461050748825073,0.479570209980011,0.243457019329071,0.234396293759346,0.4530861377716064,0.2572595477104187,0.3830844759941101,0.0977288037538528
0.2454909682273864,0.2092145979404449,0.0276926718652248,0.2461050748825073,0.479570209980011,0.243457019329071,0.234396293759346,0.4530861377716064,0.2572595477104187,0.3830844759941101,0.0977288037538528
0.2454909682273864,0.2092145979404449,0.0276926718652248,0.2461050748825073,0.479570209980011,0.243457019329071,0.234396293759346,0.4530861377716064,0.2572595477104187,0.3830844759941101,0.0977288037538528
0.2454909682273864,0.2092145979404449,0.0276926718652248,0.2461050748825073,0.479570209980011,0.243457019329071,0.234396293759346,0.4530861377716064,0.2572595477104187,0.3830844759941101,0.0977288037538528
0.2454909682273864,0.2092145979404449,0.0276926718652248,0.2461050748825073,0.479570209980011,0.243457019329071,0.234396293759346,0.4530861377716064,0.2572595477104187,0.3830844759941101,0.0977288037538528
0.2454909682273864,0.2092145979404449,0.0276926718652248,0.2461050748825073,0.479570209980011,0.243457019329071,0.234396293759346,0.4530861377716064,0.2572595477104187,0.3830844759941101,0.0977288037538528
0.2454909682273864,0.2092145979404449,0.0276926718652248,0.2461050748825073,0.479570209980011,0.243457019329071,0.234396293759346,0.4530861377716064,0.2572595477104187,0.3830844759941101,0.0977288037538528
0.2454909682273864,0.2092145979404449,0.0276926718652248,0.2461050748825073,0.479570209980011,0.243457019329071,0.234396293759346,0.4530861377716064,0.2572595477104187,0.3830844759941101,0.0977288037538528
0.2454909682273864,0.2092145979404449,0.0276926718652248,0.2461050748825073,0.479570209980011,0.243457019329071,0.234396293759346,0.4530861377716064,0.2572595477104187,0.3830844759941101,0.0977288037538528
0.2454909682273864,0.2092145979404449,0.0276926718652248,0.2461050748825073,0.479570209980011,0.243457019329071,0.234396293759346,0.4530861377716064,0.2572595477104187,0.3830844759941101,0.0977288037538528
0.2454909682273864,0.2092145979404449,0.0276926718652248,0.2461050748825073,0.479570209980011,0.243457019329071,0.234396293759346,0.4530861377716064,0.2572595477104187,0.3830844759941101,0.0977288037538528
0.2454909682273864,0.2092145979404449,0.0276926718652248,0.2461050748825073,0.479570209980011,0.243457019329071,0.234396293759346,0.4530861377716064,0.2572595477104187,0.3830844759941101,0.0977288037538528
0.2454909682273864,0.2092145979404449,0.0276926718652248,0.2461050748825073,0.479570209980011,0.243457019329071,0.234396293759346,0.4530861377716064,0.2572595477104187,0.3830844759941101,0.0977288037538528
0.2454909682273864,0.2092145979404449,0.0276926718652248,0.2461050748825073,0.479570209980011,0.243457019329071,0.234396293759346,0.4530861377716064,0.2572595477104187,0.3830844759941101,0.0977288037538528
0.2454909682273864,0.2092145979404449,0.0276926718652248,0.2461050748825073,0.479570209980011,0.243457019329071,0.234396293759346,0.4530861377716064,0.2572595477104187,0.3830844759941101,0.0977288037538528
0.2454909682273864,0.2092145979404449,0.0276926718652248,0.2461050748825073,0.479570209980011,0.243457019329071,0.234396293759346,0.4530861377716064,0.2572595477104187,0.3830844759941101,0.0977288037538528
0.2454909682273864,0.2092145979404449,0.0276926718652248,0.2461050748825073,0.479570209980011,0.243457019329071,0.234396293759346,0.4530861377716064,0.2572595477104187,0.3830844759941101,0.0977288037538528
0.2454909682273864,0.2092145979404449,0.0276926718652248,0.2461050748825073,0.479570209980011,0.243457019329071,0.234396293759346,0.4530861377716064,0.2572595477104187,0.3830844759941101,0.0977288037538528
0.2454909682273864,0.2092145979404449,0.0276926718652248,0.2461050748825073,0.479570209980011,0.243457019329071,0.234396293759346,0.4530861377716064,0.2572595477104187,0.3830844759941101,0.0977288037538528
0.2454909682273864,0.2092145979404449,0.0276926718652248,0.2461050748825073,0.479570209980011,0.243457019329071,0.234396293759346,0.4530861377716064,0.2572595477104187,0.3830844759941101,0.0977288037538528
0.2454909682273864,0.2092145979404449,0.0276926718652248,0.2461050748825073,0.479570209980011,0.243457019329071,0.234396293759346,0.4530861377716064,0.2572595477104187,0.3830844759941101,0.0977288037538528
0.2454909682273864,0.2092145979404449,0.0276926718652248,0.2461050748825073,0.479570209980011,0.243457019329071,0.234396293759346,0.4530861377716064,0.2572595477104187,0.3830844759941101,0.0977288037538528
0.2454909682273864,0.2092145979404449,0.0276926718652248,0.2461050748825073,0.479570209980011,0.243457019329071,0.234396293759346,0.4530861377716064,0.2572595477104187,0.3830844759941101,0.0977288037538528
0.2454909682273864,0.2092145979404449,0.0276926718652248,0.2461050748825073,0.479570209980011,0.243457019329071,0.234396293759346,0.4530861377716064,0.2572595477104187,0.3830844759941101,0.0977288037538528
0.2454909682273864,0.2092145979404449,0.0276926718652248,0.2461050748825073,0.479570209980011,0.243457019329071,0.234396293759346,0.4530861377716064,0.2572595477104187,0.3830844759941101,0.0977288037538528
0.2454909682273864,0.2092145979404449,0.0276926718652248,0.2461050748825073,0.479570209980011,0.243457019329071,0.234396293759346,0.4530861377716064,0.2572595477104187,0.3830844759941101,0.0977288037538528
0.2454909682273864,0.2092145979404449,0.0276926718652248,0.2461050748825073,0.479570209980011,0.243457019329071,0.234396293759346,0.4530861377716064,0.2572595477104187,0.3830844759941101,0.0977288037538528
0.2454909682273864,0.2092145979404449,0.0276926718652248,0.2461050748825073,0.479570209980011,0.243457019329071,0.234396293759346,0.4530861377716064,0.2572595477104187,0.3830844759941101,0.0977288037538528
0.2454909682273864,0.2092145979404449,0.0276926718652248,0.2461050748825073,0.479570209980011,0.243457019329071,0.234396293759346,0.4530861377716064,0.2572595477104187,0.3830844759941101,0.0977288037538528
0.2454909682273864,0.2092145979404449,0.0276926718652248,0.2461050748825073,0.479570209980011,0.243457019329071,0.234396293759346,0.4530861377716064,0.2572595477104187,0.3830844759941101,0.0977288037538528
0.2454909682273864,0.2092145979404449,0.0276926718652248,0.2461050748825073,0.479570209980011,0.243457019329071,0.234396293759346,0.4530861377716064,0.2572595477104187,0.3830844759941101,0.0977288037538528
0.2454909682273864,0.2092145979404449,0.0276926718652248,0.2461050748825073,0.479570209980011,0.243457019329071,0.234396293759346,0.4530861377716064,0.2572595477104187,0.3830844759941101,0.0977288037538528
0.2454909682273864,0.2092145979404449,0.0276926718652248,0.2461050748825073,0.479570209980011,0.243457019329071,0.234396293759346,0.4530861377716064,0.2572595477104187,0.3830844759941101,0.0977288037538528
0.2454909682273864,0.2092145979404449,0.0276926718652248,0.2461050748825073,0.479570209980011,0.243457019329071,0.234396293759346,0.4530861377716064,0.2572595477104187,0.3830844759941101,0.0977288037538528
0.2454909682273864,0.2092145979404449,0.0276926718652248,0.2461050748825073,0.479570209980011,0.243457019329071,0.234396293759346,0.4530861377716064,0.2572595477104187,0.3830844759941101,0.0977288037538528
0.2454909682273864,0.2092145979404449,0.0276926718652248,0.2461050748825073,0.479570209980011,0.243457019329071,0.234396293759346,0.4530861377716064,0.2572595477104187,0.3830844759941101,0.0977288037538528
0.2454909682273864,0.2092145979404449,0.0276926718652248,0.2461050748825073,0.479570209980011,0.243457019329071,0.234396293759346,0.4530861377716064,0.2572595477104187,0.3830844759941101,0.0977288037538528
0.2454909682273864,0.2092145979404449,0.0276926718652248,0.2461050748825073,0.479570209980011,0.243457019329071,0.234396293759346,0.4530861377716064,0.2572595477104187,0.3830844759941101,0.0977288037538528
0.2454909682273864,0.2092145979404449,0.0276926718652248,0.2461050748825073,0.479570209980011,0.243457019329071,0.234396293759346,0.4530861377716064,0.2572595477104187,0.3830844759941101,0.0977288037538528
0.2454909682273864,0.2092145979404449,0.0276926718652248,0.2461050748825073,0.479570209980011,0.243457019329071,0.234396293759346,0.4530861377716064,0.2572595477104187,0.3830844759941101,0.0977288037538528
0.2454909682273864,0.2092145979404449,0.0276926718652248,0.2461050748825073,0.479570209980011,0.243457019329071,0.234396293759346,0.4530861377716064,0.2572595477104187,0.3830844759941101,0.0977288037538528
0.2454909682273864,0.2092145979404449,0.0276926718652248,0.2461050748825073,0.479570209980011,0.243457019329071,0.234396293759346,0.4530861377716064,0.2572595477104187,0.3830844759941101,0.0977288037538528
0.2454909682273864,0.2092145979404449,0.0276926718652248,0.2461050748825073,0.479570209980011,0.243457019329071,0.234396293759346,0.4530861377716064,0.2572595477104187,0.3830844759941101,0.0977288037538528
0.2454909682273864,0.2092145979404449,0.0276926718652248,0.2461050748825073,0.479570209980011,0.243457019329071,0.234396293759346,0.4530861377716064,0.2572595477104187,0.3830844759941101,0.0977288037538528
0.2454909682273864,0.2092145979404449,0.0276926718652248,0.2461050748825073,0.479570209980011,0.243457019329071,0.234396293759346,0.4530861377716064,0.2572595477104187,0.3830844759941101,0.0977288037538528
0.2454909682273864,0.2092145979404449,0.0276926718652248,0.2461050748825073,0.479570209980011,0.243457019329071,0.234396293759346,0.4530861377716064,0.2572595477104187,0.3830844759941101,0.0977288037538528
0.2454909682273864,0.2092145979404449,0.0276926718652248,0.2461050748825073,0.479570209980011,0.243457019329071,0.234396293759346,0.4530861377716064,0.2572595477104187,0.3830844759941101,0.0977288037538528
0.2454909682273864,0.2092145979404449,0.0276926718652248,0.2461050748825073,0.479570209980011,0.243457019329071,0.234396293759346,0.4530861377716064,0.2572595477104187,0.3830844759941101,0.0977288037538528
0.2454909682273864,0.2092145979404449,0.0276926718652248,0.2461050748825073,0.479570209980011,0.243457019329071,0.234396293759346,0.4530861377716064,0.2572595477104187,0.3830844759941101,0.0977288037538528
0.2454909682273864,0.2092145979404449,0.0276926718652248,0.2461050748825073,0.479570209980011,0.243457019329071,0.234396293759346,0.4530861377716064,0.2572595477104187,0.3830844759941101,0.0977288037538528
0.2454909682273864,0.2092145979404449,0.0276926718652248,0.2461050748825073,0.479570209980011,0.243457019329071,0.234396293759346,0.4530861377716064,0.2572595477104187,0.3830844759941101,0.0977288037538528
0.2454909682273864,0.2092145979404449,0.0276926718652248,0.2461050748825073,0.479570209980011,0.243457019329071,0.234396293759346,0.4530861377716064,0.2572595477104187,0.3830844759941101,0.0977288037538528
0.2454909682273864,0.2092145979404449,0.0276926718652248,0.2461050748825073,0.479570209980011,0.243457019329071,0.234396293759346,0.4530861377716064,0.2572595477104187,0.3830844759941101,0.0977288037538528
0.2454909682273864,0.2092145979404449,0.0276926718652248,0.2461050748825073,0.479570209980011,0.243457019329071,0.234396293759346,0.4530861377716064,0.2572595477104187,0.3830844759941101,0.0977288037538528
0.2454909682273864,0.2092145979404449,0.0276926718652248,0.2461050748825073,0.479570209980011,0.243457019329071,0.234396293759346,0.4530861377716064,0.2572595477104187,0.3830844759941101,0.0977288037538528
0.2454909682273864,0.2092145979404449,0.0276926718652248,0.2461050748825073,0.479570209980011,0.243457019329071,0.234396293759346,0.4530861377716064,0.2572595477104187,0.3830844759941101,0.0977288037538528
0.2454909682273864,0.2092145979404449,0.0276926718652248,0.2461050748825073,0.479570209980011,0.243457019329071,0.234396293759346,0.4530861377716064,0.2572595477104187,0.3830844759941101,0.0977288037538528
0.2454909682273864,0.2092145979404449,0.0276926718652248,0.2461050748825073,0.479570209980011,0.243457019329071,0.234396293759346,0.4530861377716064,0.2572595477104187,0.3830844759941101,0.0977288037538528
0.2454909682273864,0.2092145979404449,0.0276926718652248,0.2461050748825073,0.479570209980011,0.243457019329071,0.234396293759346,0.4530861377716064,0.2572595477104187,0.3830844759941101,0.0977288037538528
0.2454909682273864,0.2092145979404449,0.0276926718652248,0.2461050748825073,0.479570209980011,0.243457019329071,0.234396293759346,0.4530861377716064,0.2572595477104187,0.3830844759941101,0.0977288037538528
0.2454909682273864,0.2092145979404449,0.0276926718652248,0.2461050748825073,0.479570209980011,0.243457019329071,0.234396293759346,0.4530861377716064,0.2572595477104187,0.3830844759941101,0.0977288037538528
0.2454909682273864,0.2092145979404449,0.0276926718652248,0.2461050748825073,0.479570209980011,0.243457019329071,0.234396293759346,0.4530861377716064,0.2572595477104187,0.3830844759941101,0.0977288037538528
0.2454909682273864,0.2092145979404449,0.0276926718652248,0.2461050748825073,0.479570209980011,0.243457019329071,0.234396293759346,0.4530861377716064,0.2572595477104187,0.3830844759941101,0.0977288037538528
0.2454909682273864,0.2092145979404449,0.0276926718652248,0.2461050748825073,0.479570209980011,0.243457019329071,0.234396293759346,0.4530861377716064,0.2572595477104187,0.3830844759941101,0.0977288037538528
0.2454909682273864,0.2092145979404449,0.0276926718652248,0.2461050748825073,0.479570209980011,0.243457019329071,0.234396293759346,0.4530861377716064,0.2572595477104187,0.3830844759941101,0.0977288037538528
0.2454909682273864,0.2092145979404449,0.0276926718652248,0.2461050748825073,0.479570209980011,0.243457019329071,0.234396293759346,0.4530861377716064,0.2572595477104187,0.3830844759941101,0.0977288037538528
0.2454909682273864,0.2092145979404449,0.0276926718652248,0.2461050748825073,0.479570209980011,0.243457019329071,0.234396293759346,0.4530861377716064,0.2572595477104187,0.3830844759941101,0.0977288037538528
0.2454909682273864,0.2092145979404449,0.0276926718652248,0.2461050748825073,0.479570209980011,0.243457019329071,0.234396293759346,0.4530861377716064,0.2572595477104187,0.3830844759941101,0.0977288037538528
0.2454909682273864,0.2092145979404449,0.0276926718652248,0.2461050748825073,0.479570209980011,0.243457019329071,0.234396293759346,0.4530861377716064,0.2572595477104187,0.3830844759941101,0.0977288037538528
0.2454909682273864,0.2092145979404449,0.0276926718652248,0.2461050748825073,0.479570209980011,0.243457019329071,0.234396293759346,0.4530861377716064,0.2572595477104187,0.3830844759941101,0.0977288037538528
0.2454909682273864,0.2092145979404449,0.0276926718652248,0.2461050748825073,0.479570209980011,0.243457019329071,0.234396293759346,0.4530861377716064,0.2572595477104187,0.3830844759941101,0.0977288037538528
0.2454909682273864,0.2092145979404449,0.0276926718652248,0.2461050748825073,0.479570209980011,0.243457019329071,0.234396293759346,0.4530861377716064,0.2572595477104187,0.3830844759941101,0.0977288037538528
0.2454909682273864,0.2092145979404449,0.0276926718652248,0.2461050748825073,0.479570209980011,0.243457019329071,0.234396293759346,0.4530861377716064,0.2572595477104187,0.3830844759941101,0.0977288037538528
0.2454909682273864,0.2092145979404449,0.0276926718652248,0.2461050748825073,0.479570209980011,0.243457019329071,0.234396293759346,0.4530861377716064,0.2572595477104187,0.3830844759941101,0.0977288037538528
0.2454909682273864,0.2092145979404449,0.0276926718652248,0.2461050748825073,0.479570209980011,0.243457019329071,0.234396293759346,0.4530861377716064,0.2572595477104187,0.3830844759941101,0.0977288037538528
0.2454909682273864,0.2092145979404449,0.0276926718652248,0.2461050748825073,0.479570209980011,0.243457019329071,0.234396293759346,0.4530861377716064,0.2572595477104187,0.3830844759941101,0.0977288037538528
0.2454909682273864,0.2092145979404449,0.0276926718652248,0.2461050748825073,0.479570209980011,0.243457019329071,0.234396293759346,0.4530861377716064,0.2572595477104187,0.3830844759941101,0.0977288037538528
0.2454909682273864,0.2092145979404449,0.0276926718652248,0.2461050748825073,0.479570209980011,0.243457019329071,0.234396293759346,0.4530861377716064,0.2572595477104187,0.3830844759941101,0.0977288037538528
0.2454909682273864,0.2092145979404449,0.0276926718652248,0.2461050748825073,0.479570209980011,0.243457019329071,0.234396293759346,0.4530861377716064,0.2572595477104187,0.3830844759941101,0.0977288037538528
0.2454909682273864,0.2092145979404449,0.0276926718652248,0.2461050748825073,0.479570209980011,0.243457019329071,0.234396293759346,0.4530861377716064,0.2572595477104187,0.3830844759941101,0.0977288037538528
0.2454909682273864,0.2092145979404449,0.0276926718652248,0.2461050748825073,0.479570209980011,0.243457019329071,0.234396293759346,0.4530861377716064,0.2572595477104187,0.3830844759941101,0.0977288037538528
0.2454909682273864,0.2092145979404449,0.0276926718652248,0.2461050748825073,0.479570209980011,0.243457019329071,0.234396293759346,0.4530861377716064,0.2572595477104187,0.3830844759941101,0.0977288037538528
0.2454909682273864,0.2092145979404449,0.0276926718652248,0.2461050748825073,0.479570209980011,0.243457019329071,0.234396293759346,0.4530861377716064,0.2572595477104187,0.3830844759941101,0.0977288037538528
0.2454909682273864,0.2092145979404449,0.0276926718652248,0.2461050748825073,0.479570209980011,0.243457019329071,0.234396293759346,0.4530861377716064,0.2572595477104187,0.3830844759941101,0.0977288037538528
0.2454909682273864,0.2092145979404449,0.0276926718652248,0.2461050748825073,0.479570209980011,0.243457019329071,0.234396293759346,0.4530861377716064,0.2572595477104187,0.3830844759941101,0.0977288037538528
0.2454909682273864,0.2092145979404449,0.0276926718652248,0.2461050748825073,0.479570209980011,0.243457019329071,0.234396293759346,0.4530861377716064,0.2572595477104187,0.3830844759941101,0.0977288037538528
0.2454909682273864,0.2092145979404449,0.0276926718652248,0.2461050748825073,0.479570209980011,0.243457019329071,0.234396293759346,0.4530861377716064,0.2572595477104187,0.3830844759941101,0.0977288037538528
0.2454909682273864,0.2092145979404449,0.0276926718652248,0.2461050748825073,0.479570209980011,0.243457019329071,0.234396293759346,0.4530861377716064,0.2572595477104187,0.3830844759941101,0.0977288037538528
0.2454909682273864,0.2092145979404449,0.0276926718652248,0.2461050748825073,0.479570209980011,0.243457019329071,0.234396293759346,0.4530861377716064,0.2572595477104187,0.3830844759941101,0.0977288037538528
0.2454909682273864,0.2092145979404449,0.0276926718652248,0.2461050748825073,0.479570209980011,0.243457019329071,0.234396293759346,0.4530861377716064,0.2572595477104187,0.3830844759941101,0.0977288037538528
0.2454909682273864,0.2092145979404449,0.0276926718652248,0.2461050748825073,0.479570209980011,0.243457019329071,0.234396293759346,0.4530861377716064,0.2572595477104187,0.3830844759941101,0.0977288037538528
0.2454909682273864,0.2092145979404449,0.0276926718652248,0.2461050748825073,0.479570209980011,0.243457019329071,0.234396293759346,0.4530861377716064,0.2572595477104187,0.3830844759941101,0.0977288037538528
0.2454909682273864,0.2092145979404449,0.0276926718652248,0.2461050748825073,0.479570209980011,0.243457019329071,0.234396293759346,0.4530861377716064,0.2572595477104187,0.3830844759941101,0.0977288037538528
0.2454909682273864,0.2092145979404449,0.0276926718652248,0.2461050748825073,0.479570209980011,0.243457019329071,0.234396293759346,0.4530861377716064,0.2572595477104187,0.3830844759941101,0.0977288037538528
0.2454909682273864,0.2092145979404449,0.0276926718652248,0.2461050748825073,0.479570209980011,0.243457019329071,0.234396293759346,0.4530861377716064,0.2572595477104187,0.3830844759941101,0.0977288037538528
0.2454909682273864,0.2092145979404449,0.0276926718652248,0.2461050748825073,0.479570209980011,0.243457019329071,0.234396293759346,0.4530861377716064,0.2572595477104187,0.3830844759941101,0.0977288037538528
0.2454909682273864,0.2092145979404449,0.0276926718652248,0.2461050748825073,0.479570209980011,0.243457019329071,0.234396293759346,0.4530861377716064,0.2572595477104187,0.3830844759941101,0.0977288037538528
0.2454909682273864,0.2092145979404449,0.0276926718652248,0.2461050748825073,0.479570209980011,0.243457019329071,0.234396293759346,0.4530861377716064,0.2572595477104187,0.3830844759941101,0.0977288037538528
0.2454909682273864,0.2092145979404449,0.0276926718652248,0.2461050748825073,0.479570209980011,0.243457019329071,0.234396293759346,0.4530861377716064,0.2572595477104187,0.3830844759941101,0.0977288037538528
0.2454909682273864,0.2092145979404449,0.0276926718652248,0.2461050748825073,0.479570209980011,0.243457019329071,0.234396293759346,0.4530861377716064,0.2572595477104187,0.3830844759941101,0.0977288037538528
0.2454909682273864,0.2092145979404449,0.0276926718652248,0.2461050748825073,0.479570209980011,0.243457019329071,0.234396293759346,0.4530861377716064,0.2572595477104187,0.3830844759941101,0.0977288037538528
0.2454909682273864,0.2092145979404449,0.0276926718652248,0.2461050748825073,0.479570209980011,0.243457019329071,0.234396293759346,0.4530861377716064,0.2572595477104187,0.3830844759941101,0.0977288037538528
0.2661148607730865,0.2263193726539611,0.3082790374755859,0.2784215211868286,0.2827733755111694,0.1064404547214508,0.2797403037548065,0.4774268269538879,0.1836181581020355,0.3621394634246826,0.1241872161626815
0.266120433807373,0.2263635098934173,0.3081934452056885,0.2783320546150207,0.2826469540596008,0.1064456030726432,0.2802655100822449,0.4772948324680328,0.1836270540952682,0.3619693219661712,0.124250054359436
0.2661260366439819,0.2264076322317123,0.308107852935791,0.2782425880432129,0.2825205326080322,0.1064507588744163,0.280790776014328,0.4771628081798553,0.1836359500885009,0.3617991805076599,0.1243128925561904
0.2661316394805908,0.2264517545700073,0.3080223202705383,0.278153121471405,0.2823940813541412,0.1064559146761894,0.2813159525394439,0.4770308136940002,0.1836448311805725,0.3616290390491485,0.1243757307529449
0.2661372423171997,0.2264958620071411,0.3079367280006408,0.2780636548995971,0.2822676599025726,0.1064610630273819,0.2818412184715271,0.4768988192081451,0.1836537271738052,0.3614588975906372,0.1244385838508606
0.2661428451538086,0.2265399992465973,0.3078511357307434,0.2779741883277893,0.282141238451004,0.1064662188291549,0.2823664247989654,0.47676682472229,0.1836625933647155,0.3612887859344482,0.124501422047615
0.2661484181880951,0.2265841364860534,0.3077655434608459,0.2778847515583038,0.2820148169994354,0.1064713671803474,0.2828916609287262,0.4766348302364349,0.1836714893579483,0.3611186146736145,0.1245642602443695
0.2661539912223816,0.2266282439231872,0.3076799809932709,0.2777952551841736,0.2818883657455444,0.1064765229821205,0.2834168970584869,0.4765028357505798,0.183680385351181,0.3609485030174255,0.1246270984411239
0.2661595940589905,0.2266723811626434,0.3075944185256958,0.2777057886123657,0.2817619442939758,0.1064816787838935,0.2839421331882477,0.4763708114624023,0.1836892664432525,0.3607783615589142,0.124689944088459
0.266165167093277,0.2267165035009384,0.3075088262557983,0.2776163220405578,0.2816355228424072,0.106486827135086,0.284467339515686,0.4762388169765472,0.1836981624364853,0.3606082201004028,0.1247527822852134
0.2661707401275635,0.2267606258392334,0.3074232339859009,0.27752685546875,0.2815090715885162,0.1064919829368591,0.2849925756454468,0.4761068224906921,0.183707058429718,0.3604380786418915,0.1248156130313873
0.2661763727664947,0.2268047481775283,0.3073376417160034,0.2774374186992645,0.2813826501369476,0.1064971387386322,0.2855178415775299,0.475974828004837,0.1837159395217895,0.3602679371833801,0.1248784661293029
0.2661819458007812,0.2268488705158233,0.3072521090507507,0.2773479521274566,0.2812561988830566,0.1065022870898246,0.2860430479049682,0.4758428335189819,0.1837248355150222,0.3600977957248688,0.1249413043260574
0.2661875486373901,0.2268929928541183,0.3071664869785309,0.2772584855556488,0.2811298072338104,0.1065074428915977,0.286568284034729,0.4757108390331268,0.1837337166070938,0.3599276840686798,0.1250041425228119
0.266193151473999,0.2269371151924133,0.3070809245109558,0.2771690189838409,0.2810033559799194,0.1065125912427902,0.2870935201644897,0.4755788445472717,0.1837426126003265,0.3597575426101684,0.1250669807195663
0.2661987245082855,0.2269812375307083,0.3069953322410583,0.2770795822143554,0.2808769345283508,0.1065177470445633,0.2876187264919281,0.4754468500614166,0.183751493692398,0.3595874011516571,0.1251298189163208
0.266204297542572,0.2270253747701645,0.3069097399711609,0.2769901156425476,0.2807504832744598,0.1065229028463363,0.2881439626216888,0.4753148257732391,0.1837603896856308,0.3594172596931457,0.1251926720142364
0.2662099003791809,0.2270694971084594,0.3068241775035858,0.2769006192684173,0.2806240618228912,0.1065280511975288,0.2886691987514496,0.475182831287384,0.1837692856788635,0.3592471480369568,0.1252554953098297
0.2662155032157898,0.2271136045455932,0.3067386150360107,0.2768111824989319,0.2804976403713226,0.1065332069993019,0.2891944050788879,0.4750508368015289,0.183778166770935,0.359076976776123,0.1253183484077453
0.2662210762500763,0.2271577417850494,0.3066530227661133,0.276721715927124,0.2803711891174316,0.1065383553504943,0.289719671010971,0.4749188423156738,0.1837870776653289,0.3589068353176117,0.1253811866044998
0.2662266790866852,0.2272018790245056,0.3065674304962158,0.2766322493553161,0.280244767665863,0.1065435111522674,0.2902448773384094,0.4747868478298187,0.1837959438562393,0.3587366938591003,0.1254440248012542
0.2662322521209717,0.2272459864616394,0.3064818978309631,0.2765427827835083,0.2801183462142944,0.1065486669540405,0.2907701134681701,0.4746548533439636,0.1838048249483108,0.3585665822029114,0.1255068629980087
0.2662378549575805,0.2272901087999344,0.3063962757587433,0.2764533162117004,0.2799919247627258,0.106553815305233,0.2912953197956085,0.4745228290557861,0.1838137209415435,0.3583964407444,0.1255697011947631
0.266243427991867,0.2273342311382293,0.3063107132911682,0.2763638496398926,0.2798654735088348,0.106558971107006,0.2918205559253692,0.474390834569931,0.1838226169347763,0.3582262992858886,0.1256325542926788
0.2662490308284759,0.2273783683776855,0.3062251210212707,0.2762743830680847,0.2797390222549438,0.1065641269087791,0.29234579205513,0.4742588400840759,0.1838314980268478,0.3580561578273773,0.1256953924894333
0.2662546336650848,0.2274224907159805,0.3061395287513733,0.2761849462985992,0.2796126008033752,0.1065692752599716,0.2928710281848907,0.4741268455982208,0.1838404089212417,0.3578860163688659,0.1257582306861877
0.2662602066993713,0.2274666130542755,0.3060539662837982,0.276095449924469,0.279486209154129,0.1065744310617446,0.2933962345123291,0.4739948511123657,0.1838492900133133,0.3577158749103546,0.1258210688829422
0.2662658095359802,0.2275107353925705,0.3059684038162231,0.2760059833526611,0.279359757900238,0.1065795794129371,0.2939214706420898,0.4738628566265106,0.1838581711053848,0.3575457334518432,0.1258839070796966
0.2662714123725891,0.2275548577308654,0.3058828115463257,0.2759165167808532,0.2792333364486694,0.1065847352147102,0.294446736574173,0.4737308621406555,0.1838670670986175,0.3573755919933319,0.1259467452764511
0.2662769854068756,0.2275989949703216,0.3057972192764282,0.2758270502090454,0.2791068851947784,0.1065898910164833,0.2949719429016113,0.473598837852478,0.1838759481906891,0.3572054505348205,0.1260095834732055
0.2662825584411621,0.2276431024074554,0.3057116568088531,0.2757376134395599,0.2789804935455322,0.1065950393676757,0.295497179031372,0.4734668135643005,0.1838848292827606,0.3570353388786316,0.12607242166996
0.266288161277771,0.2276872396469116,0.3056260645389557,0.2756481468677521,0.2788540124893188,0.1066001951694488,0.2960224151611328,0.4733348488807678,0.1838937401771545,0.3568651974201202,0.1261352747678756
0.2662937343120575,0.2277313470840454,0.3055405020713806,0.2755586802959442,0.2787275910377502,0.1066053435206413,0.2965476214885711,0.4732028543949127,0.183902621269226,0.3566950559616089,0.1261981129646301
0.2662993669509887,0.2277754843235016,0.3054549098014831,0.2754692137241363,0.2786011695861816,0.1066104993224144,0.2970728576183319,0.4730708599090576,0.1839115023612976,0.3565248847007751,0.1262609511613845
0.2663049399852752,0.2278196066617965,0.3053693175315857,0.2753797769546509,0.278474748134613,0.1066156551241874,0.297598123550415,0.4729388356208801,0.1839203983545303,0.3563547730445862,0.126323789358139
0.2663105130195617,0.2278637290000915,0.3052837550640106,0.275290310382843,0.2783483266830444,0.1066208034753799,0.298123300075531,0.472806841135025,0.1839292794466018,0.3561846315860748,0.1263866275548935
0.2663161158561706,0.2279078513383865,0.3051981925964355,0.2752008140087127,0.2782218754291534,0.106625959277153,0.2986485660076141,0.4726748466491699,0.1839381754398346,0.3560144901275635,0.1264494657516479
0.2663217186927795,0.2279519736766815,0.3051126003265381,0.2751113772392273,0.2780954241752624,0.1066311076283454,0.2991737723350525,0.4725428521633148,0.1839470714330673,0.3558443486690521,0.1265123188495636
0.266327291727066,0.2279960811138153,0.3050270080566406,0.2750219106674194,0.2779690027236938,0.1066362634301185,0.2996990084648132,0.4724108576774597,0.1839559525251388,0.3556742370128631,0.126575157046318
0.2663328647613525,0.2280402332544326,0.3049414455890655,0.2749324440956116,0.2778425812721252,0.1066414192318916,0.3002242147922516,0.4722788631916046,0.1839648336172104,0.3555040955543518,0.1266379952430725
0.2663384974002838,0.2280843555927276,0.3048558533191681,0.2748429775238037,0.2777161598205566,0.1066465675830841,0.3007494807243347,0.4721468687057495,0.1839737296104431,0.3553339540958404,0.1267008334398269
0.2663440704345703,0.2281284630298614,0.304770290851593,0.2747535109519958,0.277589738368988,0.1066517233848571,0.301274687051773,0.4720148742198944,0.1839826256036758,0.3551638126373291,0.1267636716365814
0.2663496732711792,0.2281725853681564,0.3046846985816955,0.274664044380188,0.277463287115097,0.1066568791866302,0.3017999231815338,0.4718828201293945,0.1839915215969085,0.3549937009811401,0.126826524734497
0.2663552463054657,0.2282167375087738,0.3045991063117981,0.2745745778083801,0.2773368954658508,0.1066620275378227,0.3023251593112945,0.4717508256435394,0.1840004026889801,0.3548235297203064,0.1268893480300903
0.2663608193397522,0.2282608449459076,0.304513543844223,0.2744851112365722,0.2772104144096374,0.1066671833395958,0.3028503656387329,0.4716188609600067,0.1840092837810516,0.354653388261795,0.1269522011280059
0.2663664221763611,0.2283049672842025,0.3044279813766479,0.2743956446647644,0.2770839929580688,0.1066723316907882,0.3033756017684936,0.4714868664741516,0.1840181648731231,0.3544832766056061,0.1270150542259216
0.2663720250129699,0.2283490896224975,0.3043423891067505,0.2743061780929565,0.2769575715065002,0.1066774874925613,0.3039008378982544,0.4713548719882965,0.1840270757675171,0.3543131351470947,0.1270778775215149
0.2663776278495788,0.2283932119607925,0.304256796836853,0.2742167115211487,0.2768311500549316,0.1066826432943344,0.3044260740280151,0.471222847700119,0.1840359568595886,0.3541429936885834,0.1271407157182693
0.2663832008838653,0.2284373492002487,0.3041712045669555,0.2741272449493408,0.2767046988010406,0.1066877916455268,0.3049513101577759,0.4710908830165863,0.1840448528528213,0.353972852230072,0.127203568816185
0.2663888037204742,0.2284814715385437,0.3040856420993805,0.2740378081798553,0.276578277349472,0.1066929474472999,0.3054765164852142,0.4709588587284088,0.1840537339448928,0.353802740573883,0.1272663921117782
0.2663943767547607,0.2285255938768386,0.3040000796318054,0.2739483416080475,0.2764518558979034,0.1066980957984924,0.306001752614975,0.4708268642425537,0.1840626299381256,0.3536325693130493,0.1273292452096939
0.2663999795913696,0.2285697162151336,0.3039144873619079,0.2738588750362396,0.2763254046440124,0.1067032516002655,0.3065270185470581,0.4706948399543762,0.1840715110301971,0.3534624278545379,0.1273920834064483
0.2664055526256561,0.2286138236522674,0.3038288950920105,0.2737694084644317,0.2761989831924438,0.1067084074020385,0.3070521950721741,0.4705628454685211,0.1840804070234298,0.3532922863960266,0.127454936504364
0.266411155462265,0.2286579608917236,0.3037433326244354,0.2736799716949463,0.2760725617408752,0.106713555753231,0.3075774610042572,0.4704308807849884,0.1840892881155014,0.3531221449375152,0.1275177597999572
0.2664167284965515,0.2287020981311798,0.3036577701568603,0.2735905051231384,0.2759461402893066,0.1067187115550041,0.3081026673316955,0.4702988862991333,0.1840981841087341,0.3529520034790039,0.1275805979967117
0.2664223313331604,0.2287462055683136,0.3035721778869629,0.2735010087490082,0.2758196890354156,0.1067238673567771,0.3086279034614563,0.4701668620109558,0.1841070652008056,0.3527818620204925,0.1276434510946273
0.2664279341697693,0.2287903279066085,0.3034865856170654,0.2734115719795227,0.275693267583847,0.1067290157079696,0.309153139591217,0.4700348377227783,0.1841159760951995,0.3526117205619812,0.1277062743902206
0.2664335072040558,0.2288344502449035,0.3034009933471679,0.2733221054077148,0.275566816329956,0.1067341715097427,0.3096783757209778,0.4699028730392456,0.1841248571872711,0.3524416089057922,0.1277691274881363
0.2664391100406647,0.2288785874843597,0.3033154606819153,0.273232638835907,0.2754403948783874,0.1067393198609352,0.3102035820484161,0.4697708785533905,0.1841337382793426,0.3522714376449585,0.1278319656848907
0.2664446830749511,0.2289227098226547,0.3032298684120178,0.2731431722640991,0.2753139734268188,0.1067444756627082,0.3107288181781769,0.4696388840675354,0.1841426193714141,0.3521013259887695,0.1278948187828064
0.26645028591156,0.2289668321609497,0.3031442761421203,0.2730537056922912,0.2751875519752502,0.1067496314644813,0.3112540543079376,0.4695068597793579,0.1841515153646469,0.3519312143325805,0.1279576420783996
0.2664558887481689,0.2290109395980835,0.3030586838722229,0.2729642391204834,0.2750610709190368,0.1067547798156738,0.311779260635376,0.4693748652935028,0.1841603964567184,0.3517610728740692,0.1280204802751541
0.2664614915847778,0.2290550768375396,0.3029731214046478,0.2728748023509979,0.2749346494674682,0.1067599356174469,0.3123044967651367,0.4692428708076477,0.1841693073511123,0.3515909016132355,0.1280833333730697
0.2664670646190643,0.2290992140769958,0.3028875589370727,0.2727853059768677,0.2748082280158996,0.1067650839686393,0.3128297626972198,0.4691108763217926,0.1841781884431839,0.3514207899570465,0.1281461715698242
0.2664726376533508,0.2291433215141296,0.3028019666671753,0.2726958394050598,0.274681806564331,0.1067702397704124,0.3133549690246582,0.4689788520336151,0.1841870695352554,0.3512506484985351,0.1282090097665786
0.2664782404899597,0.2291874438524246,0.3027163743972778,0.2726063728332519,0.2745553851127624,0.1067753955721855,0.3138802051544189,0.46884685754776,0.1841959804296493,0.3510804772377014,0.1282718479633331
0.2664838135242462,0.229231595993042,0.3026307821273803,0.2725169062614441,0.2744289636611938,0.1067805439233779,0.3144054412841797,0.4687148928642273,0.1842048466205597,0.3509103655815124,0.1283347010612487
0.2664893865585327,0.2292757034301757,0.3025452494621277,0.2724274396896362,0.2743025124073028,0.106785699725151,0.314930647611618,0.4685828983783722,0.1842137277126312,0.3507402539253235,0.128397524356842
0.2664949893951416,0.2293198257684707,0.3024596571922302,0.2723380029201507,0.2741760909557342,0.1067908480763435,0.3154559135437011,0.4684508442878723,0.1842226386070251,0.3505700826644897,0.1284603774547577
0.2665005922317505,0.2293639481067657,0.3023740649223327,0.2722485363483429,0.2740496397018432,0.1067960038781166,0.3159810900688171,0.4683188498020172,0.1842315196990966,0.3503999710083008,0.1285232156515121
0.2665061950683594,0.2294080704450607,0.3022884726524353,0.272159069776535,0.2739232182502746,0.1068011596798896,0.3165063560009002,0.4681868851184845,0.1842404007911682,0.3502298295497894,0.1285860538482666
0.2665117979049682,0.2294521927833557,0.3022029101848602,0.2720696032047272,0.273796796798706,0.1068063080310821,0.3170315623283386,0.4680548906326294,0.1842493116855621,0.3500596880912781,0.128648892045021
0.2665173709392547,0.2294963300228119,0.3021173477172851,0.2719801664352417,0.2736703753471374,0.1068114638328552,0.3175567984580993,0.4679228961467743,0.1842581927776336,0.3498895168304443,0.1287117302417755
0.2665229737758636,0.2295404523611068,0.3020317554473877,0.2718906998634338,0.2735439538955688,0.1068166196346283,0.3180820345878601,0.4677908718585968,0.1842670738697052,0.3497194051742553,0.1287745684385299
0.2665285468101501,0.2295845746994018,0.3019461631774902,0.271801233291626,0.2734175026416778,0.1068217679858207,0.3186072707176208,0.4676588773727417,0.1842759698629379,0.3495492935180664,0.1288374215364456
0.266534149646759,0.2296286821365356,0.3018605709075928,0.2717117369174957,0.2732910513877868,0.1068269237875938,0.3191324770450592,0.4675268828868866,0.1842848509550094,0.3493791222572326,0.1289002597332
0.2665397226810455,0.2296728193759918,0.3017750382423401,0.2716223001480102,0.2731646299362182,0.1068320721387863,0.3196577131748199,0.4673948884010315,0.1842937469482422,0.3492090106010437,0.1289630979299545
0.2665453255176544,0.229716956615448,0.3016894459724426,0.2715328335762024,0.2730382084846496,0.1068372279405593,0.3201829493045807,0.467262864112854,0.1843026429414749,0.3490388393402099,0.1290259361267089
0.2665508985519409,0.2297610640525818,0.3016038537025451,0.2714433670043945,0.272911787033081,0.1068423837423324,0.3207081854343414,0.4671308696269989,0.1843115240335464,0.348868727684021,0.1290887743234634
0.2665565013885498,0.2298051863908767,0.3015182912349701,0.2713539004325866,0.27278533577919,0.1068475320935249,0.3212333917617798,0.4669989049434662,0.1843204200267791,0.3486985564231872,0.1291516125202179
0.2665621042251587,0.2298493087291717,0.3014326691627502,0.2712644338607788,0.2726589143276214,0.106852687895298,0.3217586576938629,0.4668669104576111,0.1843293160200119,0.3485284149646759,0.1292144656181335
0.2665676772594452,0.2298934459686279,0.3013471364974975,0.2711749970912933,0.2725324928760528,0.1068578362464904,0.3222838640213012,0.4667348861694336,0.1843381822109222,0.3483583033084869,0.129277303814888
0.2665732800960541,0.2299375683069229,0.3012615442276001,0.2710855305194855,0.2724060416221618,0.1068629920482635,0.322809100151062,0.4666028618812561,0.1843470633029937,0.3481881618499756,0.1293401420116424
0.2665788531303406,0.2299816906452179,0.3011759519577026,0.2709960341453552,0.2722796201705932,0.1068681478500366,0.3233343362808227,0.4664708971977234,0.1843559741973877,0.3480179905891418,0.1294029802083969
0.2665844559669494,0.2300257980823516,0.3010903596878052,0.2709065973758697,0.2721531987190246,0.1068732962012291,0.3238595426082611,0.4663389027118683,0.1843648552894592,0.3478478789329529,0.1294658184051513
0.2665900588035583,0.2300699353218078,0.3010048270225525,0.2708171010017395,0.2720267474651336,0.1068784520030021,0.3243848085403442,0.4662069082260132,0.1843737512826919,0.3476777374744415,0.1295286566019058
0.2665956318378448,0.230114072561264,0.300919234752655,0.270727664232254,0.271900326013565,0.1068836003541946,0.3249100148677826,0.4660748839378357,0.1843826472759246,0.3475075960159302,0.1295914947986602
0.2666012048721313,0.2301581799983978,0.3008336424827575,0.2706381976604461,0.2717738747596741,0.1068887561559677,0.3254352509975433,0.4659428894519806,0.1843915283679962,0.3473374545574188,0.1296543478965759
0.2666068077087402,0.2302023023366928,0.3007480800151825,0.2705487310886383,0.2716474533081054,0.1068939119577407,0.3259604573249817,0.4658108949661255,0.1844004094600677,0.3471673429012298,0.1297171860933303
0.2666123807430267,0.230246439576149,0.3006624579429626,0.2704592943191528,0.2715210616588592,0.1068990603089332,0.3264857232570648,0.4656789004802704,0.1844093054533004,0.3469972014427185,0.1297800242900848
0.266618013381958,0.2302905470132827,0.3005769252777099,0.2703697979450226,0.2713946104049682,0.1069042161107063,0.3270109295845032,0.4655468761920929,0.1844182014465332,0.3468270599842071,0.1298428624868393
0.2666235864162445,0.2303346842527389,0.3004913330078125,0.2702803611755371,0.2712681591510772,0.1069093719124794,0.3275361657142639,0.4654148817062378,0.1844270825386047,0.3466569185256958,0.1299057006835937
0.266629159450531,0.2303788065910339,0.300405740737915,0.2701908946037292,0.2711417376995086,0.1069145202636718,0.3280613720417022,0.4652829170227051,0.1844359785318374,0.3464868068695068,0.1299685537815094
0.2666347622871399,0.2304229289293289,0.3003201484680176,0.2701014280319214,0.27101531624794,0.1069196760654449,0.328586608171463,0.46515092253685,0.1844448745250702,0.3463166356086731,0.1300313770771026
0.2666403651237488,0.2304670512676239,0.3002346158027649,0.2700119614601135,0.2708888947963714,0.1069248244166374,0.3291118443012237,0.4650188982486725,0.1844537556171417,0.3461464941501617,0.1300942301750183
0.2666459679603576,0.2305111736059188,0.3001490235328674,0.2699224948883056,0.2707624435424804,0.1069299802184104,0.3296370804309845,0.464886873960495,0.1844626367092132,0.3459763824939728,0.1301570683717727
0.2666515409946441,0.230555310845375,0.3000634312629699,0.2698330283164978,0.2706360220909118,0.1069351360201835,0.3301622867584228,0.4647548794746399,0.1844715327024459,0.3458062410354614,0.1302199065685272
0.266657143831253,0.23059943318367,0.2999778389930725,0.2697435617446899,0.2705096006393432,0.106940284371376,0.330687552690506,0.4646229147911072,0.1844804137945175,0.3456360697746277,0.1302827447652816
0.2666627168655395,0.2306435406208038,0.299892246723175,0.2696540951728821,0.2703831493854522,0.1069454401731491,0.3312127292156219,0.4644908905029297,0.1844893097877502,0.3454659581184387,0.1303455829620361
0.2666683197021484,0.2306876629590988,0.2998067140579223,0.2695646286010742,0.2702567279338836,0.1069505885243415,0.3317379951477051,0.4643588960170746,0.1844981908798217,0.3452958166599273,0.1304084360599517
0.2666738927364349,0.230731800198555,0.2997211217880249,0.2694751620292663,0.2701302766799927,0.1069557443261146,0.3322632610797882,0.4642269015312195,0.1845070868730545,0.345125675201416,0.130471259355545
0.2666794955730438,0.2307759225368499,0.2996355295181274,0.2693857252597809,0.2700038552284241,0.1069609001278877,0.3327884376049042,0.4640949070453644,0.184515967965126,0.3449555337429046,0.1305341124534607
0.2666850686073303,0.2308200448751449,0.2995499670505523,0.2692962288856506,0.2698774337768554,0.1069660484790802,0.3333137035369873,0.4639629125595093,0.1845248788595199,0.3447853922843933,0.1305969506502151
0.2666906714439392,0.2308641672134399,0.2994643747806549,0.2692067921161651,0.2697510123252868,0.1069712042808532,0.3338389098644256,0.4638308882713318,0.1845337450504303,0.3446152806282043,0.1306597888469696
0.2666962742805481,0.2309082895517349,0.2993787825107574,0.2691173255443573,0.2696245610713959,0.1069763600826263,0.3343641459941864,0.4636988937854767,0.1845426559448242,0.344445139169693,0.130722627043724
0.2667018473148346,0.2309524267911911,0.2992932200431824,0.2690278589725494,0.2694981396198272,0.1069815084338188,0.3348893523216247,0.4635668992996216,0.1845515370368957,0.3442749977111816,0.1307854652404785
0.2667074501514435,0.230996549129486,0.2992076277732849,0.2689383924007416,0.2693717181682586,0.1069866642355918,0.3354146182537079,0.4634349346160888,0.1845604181289672,0.3441048562526703,0.1308483183383941
0.26671302318573,0.2310406565666198,0.2991220355033874,0.2688489258289337,0.2692452669143677,0.1069918125867843,0.3359398245811462,0.4633029103279114,0.1845693290233612,0.3439347147941589,0.1309111416339874
0.2667186260223388,0.231084793806076,0.2990365028381347,0.2687594592571258,0.2691188454627991,0.1069969683885574,0.336465060710907,0.4631708860397339,0.1845782101154327,0.3437645435333252,0.130973994731903
0.2667241990566253,0.231128916144371,0.2989509105682373,0.268669992685318,0.2689923942089081,0.1070021241903305,0.3369902968406677,0.4630388915538788,0.1845870912075042,0.3435944318771362,0.1310368329286575
0.2667298018932342,0.231173038482666,0.2988653182983398,0.2685805559158325,0.2688660025596618,0.1070072725415229,0.3375155031681061,0.462906926870346,0.184595987200737,0.3434243202209472,0.1310996860265731
0.2667353749275207,0.2312171757221222,0.2987797558307647,0.2684910893440246,0.2687395513057709,0.107012428343296,0.3380407392978668,0.4627749323844909,0.1846048682928085,0.3432541489601135,0.1311625093221664
0.2667409777641296,0.2312612831592559,0.2986941337585449,0.2684016227722168,0.2686131298542022,0.1070175766944885,0.3385659754276275,0.4626429080963135,0.1846137642860412,0.3430840373039245,0.1312253624200821
0.2667465806007385,0.2313054054975509,0.2986086010932922,0.2683121562004089,0.2684867084026336,0.1070227324962616,0.3390911817550659,0.4625109136104584,0.1846226453781128,0.3429138958454132,0.1312882006168365
0.266752153635025,0.2313495278358459,0.2985230088233948,0.2682226896286011,0.2683602571487427,0.1070278882980346,0.339616447687149,0.4623789489269256,0.1846315413713455,0.3427437543869018,0.1313510239124298
0.2667577564716339,0.2313936650753021,0.2984374165534973,0.2681332230567932,0.2682338356971741,0.1070330366492271,0.340141624212265,0.4622469246387481,0.184640422463417,0.3425736129283905,0.1314138770103454
0.2667633295059204,0.2314377874135971,0.2983518540859222,0.2680437564849853,0.2681074142456054,0.1070381924510002,0.3406668901443481,0.4621149003505707,0.1846493184566497,0.3424034714698791,0.1314767152070999
0.2667689323425293,0.2314819097518921,0.2982662916183471,0.2679542899131775,0.2679809629917145,0.1070433408021926,0.3411921262741089,0.4619829058647156,0.1846582144498825,0.3422333598136902,0.1315395683050155
0.2667745351791382,0.2315260171890258,0.2981806993484497,0.2678648233413696,0.2678545415401459,0.1070484966039657,0.3417173326015472,0.4618509113788605,0.184667095541954,0.3420631885528564,0.1316023916006088
0.266780138015747,0.231570154428482,0.2980951070785522,0.2677753865718841,0.2677281200885772,0.1070536524057388,0.3422425985336303,0.4617189466953277,0.1846759915351867,0.3418930470943451,0.1316652446985244
0.2667857110500335,0.2316142916679382,0.2980095446109772,0.2676859200000763,0.2676016688346863,0.1070588007569313,0.3427678048610687,0.4615869224071502,0.1846848726272583,0.3417229354381561,0.1317280828952789
0.26679128408432,0.231658399105072,0.2979239225387573,0.267596423625946,0.2674752473831177,0.1070639565587043,0.3432930409908294,0.4614548981189728,0.1846937537193298,0.3415527641773224,0.1317909359931945
0.2667968869209289,0.231702521443367,0.2978383898735046,0.2675069868564605,0.2673487961292267,0.1070691123604774,0.3438182771205902,0.4613229036331177,0.1847026497125625,0.341382622718811,0.1318537592887878
0.2668024897575378,0.2317466586828231,0.2977527976036072,0.2674175202846527,0.2672224044799804,0.1070742607116699,0.3443435132503509,0.4611909389495849,0.1847115457057953,0.341212511062622,0.1319166123867035
0.2668080627918243,0.2317907810211181,0.2976672053337097,0.2673280835151672,0.2670959532260895,0.107079416513443,0.3448687195777893,0.4610589146614074,0.1847204267978668,0.3410423696041107,0.1319794505834579
0.2668136358261108,0.2318349033594131,0.2975816428661346,0.2672386169433594,0.2669695317745209,0.1070845648646354,0.34539395570755,0.4609269201755523,0.1847293227910995,0.3408722281455993,0.1320422738790512
0.2668192684650421,0.2318790256977081,0.2974960803985595,0.2671491205692291,0.2668430805206299,0.1070897206664085,0.3459191918373108,0.4607949256896972,0.184738203883171,0.3407021164894104,0.1321051269769668
0.2668248414993286,0.2319231480360031,0.2974104881286621,0.2670596539974212,0.2667166590690613,0.1070948764681816,0.3464443981647491,0.4606629312038421,0.1847470998764038,0.3405319452285766,0.1321679651737213
0.2668304443359375,0.2319672703742981,0.2973248958587646,0.2669702172279358,0.2665902376174927,0.107100024819374,0.3469696342945099,0.460530936717987,0.1847559809684753,0.3403618335723877,0.1322308182716369
0.266836017370224,0.2320114076137542,0.2972393035888672,0.2668807506561279,0.2664638161659241,0.1071051806211471,0.347494900226593,0.4603989124298095,0.184764876961708,0.3401916623115539,0.1322936415672302
0.2668416202068329,0.232055515050888,0.2971537113189697,0.26679128408432,0.2663373649120331,0.1071103289723396,0.348020076751709,0.4602669179439544,0.1847737729549408,0.340021550655365,0.1323564946651458
0.2668471932411194,0.2320996522903442,0.297068178653717,0.2667018175125122,0.2662109434604645,0.1071154847741127,0.3485453426837921,0.4601349234580993,0.1847826540470123,0.3398514091968536,0.1324193179607391
0.2668527960777282,0.232143759727478,0.2969825863838196,0.2666123509407043,0.2660845220088959,0.1071206405758857,0.3490705490112304,0.4600029587745666,0.184791550040245,0.3396812677383423,0.1324821561574936
0.2668583691120147,0.2321878969669342,0.2968969941139221,0.2665228843688965,0.2659580707550049,0.1071257889270782,0.3495957851409912,0.4598709344863891,0.1848004460334777,0.3395111262798309,0.1325450092554092
0.2668639719486236,0.2322320342063903,0.296811431646347,0.2664334177970886,0.2658316493034363,0.1071309447288513,0.3501210212707519,0.4597389101982116,0.1848093122243881,0.3393410146236419,0.1326078474521637
0.2668695449829101,0.2322761416435241,0.2967258393764496,0.2663439512252807,0.2657052278518677,0.1071360930800437,0.3506462275981903,0.4596069157123565,0.1848182082176208,0.3391708731651306,0.1326706856489181
0.266875147819519,0.2323202639818191,0.2966402769088745,0.2662544846534729,0.2655788064002991,0.1071412488818168,0.3511714935302734,0.4594749510288238,0.1848271042108535,0.3390007019042969,0.1327335238456726
0.2668807506561279,0.2323643863201141,0.296554684638977,0.266165018081665,0.2654523551464081,0.1071464046835899,0.3516966998577118,0.4593429267406463,0.1848359853029251,0.3388305604457855,0.1327963769435882
0.2668863236904144,0.2324085235595703,0.2964690923690796,0.2660755515098572,0.2653259336948395,0.1071515530347824,0.3522219359874725,0.4592109322547912,0.1848448812961578,0.3386604487895965,0.1328592151403427
0.2668919265270233,0.2324526458978653,0.2963835299015045,0.2659861147403717,0.2651994824409485,0.1071567088365554,0.3527471721172333,0.4590789377689361,0.1848537772893905,0.3384903073310852,0.1329220533370971
0.2668974995613098,0.2324967682361602,0.2962979674339294,0.2658966481685638,0.2650730609893799,0.1071618646383285,0.353272408246994,0.458946943283081,0.1848626583814621,0.3383201658725738,0.1329848915338516
0.2669031023979187,0.232540875673294,0.296212375164032,0.265807181596756,0.2649466395378113,0.107167012989521,0.3537976145744324,0.4588149189949035,0.1848715543746948,0.3381500244140625,0.133047729730606
0.2669087052345276,0.2325850129127502,0.2961267828941345,0.2657177150249481,0.2648202180862427,0.1071721687912941,0.3543228507041931,0.4586829245090484,0.1848804354667663,0.3379799127578735,0.1331105679273605
0.2669142782688141,0.2326291501522064,0.2960412204265594,0.2656282782554626,0.2646937668323517,0.1071773171424865,0.3548480868339538,0.4585509300231933,0.1848893165588379,0.3378097414970398,0.133173406124115
0.2669198513031006,0.2326732575893402,0.2959555983543396,0.2655388116836548,0.2645673155784607,0.1071824729442596,0.3553733229637146,0.4584189355373382,0.1848982274532318,0.3376396000385284,0.1332362592220306
0.2669254541397095,0.2327173799276352,0.2958700656890869,0.2654493153095245,0.2644408941268921,0.1071876287460327,0.3558985292911529,0.4582869410514831,0.1849071085453033,0.3374694585800171,0.1332990974187851
0.2669310569763183,0.2327615171670913,0.2957844734191894,0.2653598487377167,0.2643144726753235,0.1071927770972251,0.3564237952232361,0.458154946565628,0.1849159896373748,0.3372993469238281,0.1333619356155395
0.2669366300106048,0.2328056246042251,0.295698881149292,0.2652704119682312,0.2641880512237549,0.1071979328989982,0.356948971748352,0.4580229520797729,0.1849249005317688,0.3371292054653168,0.133424773812294
0.2669422626495361,0.2328497618436813,0.2956133484840393,0.2651809453964233,0.2640616297721863,0.1072030812501907,0.3574742376804352,0.4578909277915954,0.1849337816238403,0.3369590640068054,0.1334876120090484
0.2669478356838226,0.2328938841819763,0.2955277562141418,0.2650914788246155,0.2639352083206177,0.1072082370519638,0.3579994440078735,0.4577589631080627,0.1849426478147506,0.336788922548294,0.1335504502058029
0.2669534087181091,0.2329380065202713,0.2954421639442444,0.2650020122528076,0.2638087570667267,0.1072133928537368,0.3585246801376343,0.4576269388198852,0.1849515587091446,0.3366187810897827,0.1336132884025573
0.266959011554718,0.2329821288585662,0.2953565716743469,0.2649125456809997,0.2636823356151581,0.1072185412049293,0.359049916267395,0.4574949443340301,0.1849604398012161,0.3364486694335937,0.133676141500473
0.2669646143913269,0.2330262660980224,0.2952710092067718,0.2648230791091919,0.2635558843612671,0.1072236970067024,0.3595751523971557,0.457362949848175,0.1849693357944488,0.33627849817276,0.1337389796972274
0.2669701874256134,0.2330703735351562,0.2951854169368744,0.264733612537384,0.2634294629096985,0.1072288528084755,0.3601003885269165,0.4572309553623199,0.1849782317876815,0.336108386516571,0.1338018178939819
0.2669757604598999,0.2331145107746124,0.2950998544692993,0.2646441459655761,0.2633030414581299,0.1072340011596679,0.3606255948543548,0.4570989608764648,0.1849871128797531,0.3359382152557373,0.1338646560907364
0.2669813632965088,0.2331586182117462,0.2950142621994018,0.2645546793937683,0.2631765902042389,0.107239156961441,0.361150860786438,0.4569669365882873,0.1849959939718246,0.3357681035995483,0.1339274942874908
0.2669869661331177,0.2332027405500412,0.2949286699295044,0.2644652128219604,0.2630501687526703,0.1072443053126335,0.3616760671138763,0.4568349421024322,0.1850048899650573,0.335597962141037,0.1339903473854065
0.2669925391674042,0.2332468926906585,0.2948431372642517,0.2643757462501526,0.2629237174987793,0.1072494611144065,0.3622013032436371,0.4567029476165771,0.1850137710571289,0.3354278206825256,0.1340531855821609
0.266998142004013,0.2332910001277923,0.2947575449943542,0.2642863094806671,0.2627972960472107,0.1072546169161796,0.3627265095710754,0.4565709829330444,0.1850226521492004,0.3352576792240143,0.1341160237789154
0.2670037150382995,0.2333351224660873,0.2946719527244568,0.2641968131065368,0.2626708745956421,0.1072597652673721,0.3632517457008362,0.4564389586448669,0.1850315630435943,0.3350875377655029,0.1341788619756698
0.2670093178749084,0.2333792448043823,0.2945863604545593,0.2641073763370514,0.2625444531440735,0.1072649210691452,0.3637769818305969,0.4563069641590118,0.1850404441356659,0.3349174261093139,0.1342417001724243
0.2670149207115173,0.2334233671426773,0.2945007681846618,0.2640179097652435,0.2624180018901825,0.1072700694203376,0.3643022179603576,0.4561749398708343,0.1850493252277374,0.3347472548484802,0.1343045383691787
0.2670204937458038,0.2334674894809723,0.2944152057170868,0.263928472995758,0.2622915804386139,0.1072752252221107,0.364827424287796,0.4560429453849792,0.1850582212209701,0.3345771431922912,0.1343673765659332
0.2670260965824127,0.2335116267204284,0.2943296432495117,0.2638390064239502,0.2621651589870453,0.1072803810238838,0.3653526902198791,0.4559109508991241,0.1850671172142028,0.3344070017337799,0.1344302296638488
0.2670316696166992,0.2335557341575622,0.2942440509796142,0.2637495100498199,0.2620387375354767,0.1072855293750763,0.3658778667449951,0.455778956413269,0.1850759983062744,0.3342368602752685,0.1344930678606033
0.2670372724533081,0.2335998713970184,0.2941584587097168,0.2636600434780121,0.2619122862815857,0.1072906851768493,0.3664031326770782,0.4556469619274139,0.1850848942995071,0.3340667188167572,0.1345559060573578
0.2670428454875946,0.2336439937353134,0.2940728962421417,0.2635706067085266,0.2617858350276947,0.1072958335280418,0.366928368806839,0.4555149674415588,0.1850937902927398,0.3338965773582458,0.1346187442541122
0.2670484483242035,0.2336881160736084,0.2939873039722442,0.2634811401367187,0.2616594135761261,0.1073009893298149,0.3674535751342773,0.4553829729557037,0.1851026713848114,0.3337264657020569,0.1346815973520279
0.3178281486034393,0.3991643786430359,0.3287521302700043,0.5663512945175171,0.6865462064743042,0.1884440332651138,0.3585363924503326,0.4843769371509552,0.3250807821750641,0.556676983833313,0.5838439464569092
0.3177782297134399,0.399261862039566,0.3285083472728729,0.5664442181587219,0.6860133409500122,0.1883790343999862,0.3583849370479584,0.4841276407241821,0.3249686360359192,0.5564845204353333,0.5840957760810852
0.3177283108234405,0.3993593752384186,0.3282645940780639,0.5665371417999268,0.685480535030365,0.1883140504360199,0.3582335114479065,0.4838783144950866,0.324856549501419,0.556291937828064,0.584347665309906
0.3176783919334411,0.3994568884372711,0.3280207812786102,0.5666301250457764,0.6849477291107178,0.1882490515708923,0.3580820262432098,0.4836289882659912,0.3247444331645965,0.5560994148254395,0.5845994353294373
0.3176284730434418,0.3995543718338012,0.3277770280838012,0.5667230486869812,0.6844148635864258,0.1881840527057647,0.3579305410385132,0.4833796918392181,0.3246322870254516,0.5559068918228149,0.5848512649536133
0.31757852435112,0.3996518850326538,0.3275332450866699,0.566815972328186,0.6838819980621338,0.1881190538406372,0.3577790856361389,0.4831303656101227,0.3245201706886291,0.5557143688201904,0.5851031541824341
0.3175286054611206,0.3997493982315063,0.3272894620895386,0.5669088959693909,0.6833491325378418,0.1880540698766708,0.357627660036087,0.4828810691833496,0.3244080543518066,0.5555218458175659,0.5853549242019653
0.3174787163734436,0.3998468816280365,0.3270456790924072,0.5670018792152405,0.6828163266181946,0.1879890710115432,0.3574762046337127,0.4826317131519317,0.3242959380149841,0.5553293228149414,0.5856068134307861
0.3174287676811218,0.3999443650245666,0.3268018960952759,0.5670948028564453,0.6822834610939026,0.1879240721464157,0.3573246896266937,0.4823824167251587,0.3241837918758392,0.5551367998123169,0.5858585834503174
0.3173788785934448,0.4000418782234192,0.3265581130981445,0.5671877861022949,0.6817506551742554,0.1878590732812881,0.3571732342243194,0.4821330904960632,0.3240717053413391,0.5549442768096924,0.5861104726791382
0.317328929901123,0.4001393616199493,0.3263143301010132,0.5672807693481445,0.6812177896499634,0.1877940893173217,0.3570218086242676,0.4818837940692901,0.3239595592021942,0.5547517538070679,0.5863623023033142
0.317279040813446,0.4002368748188019,0.3260705769062042,0.5673736333847046,0.6806849241256714,0.1877290904521942,0.3568703532218933,0.4816344678401947,0.3238474428653717,0.5545592308044434,0.5866141319274902
0.3172290921211242,0.4003343880176544,0.3258268237113952,0.5674665570259094,0.6801520586013794,0.1876640915870666,0.356718897819519,0.4813851416110992,0.3237352967262268,0.5543667078018188,0.5868659615516663
0.3171791732311249,0.4004319012165069,0.3255830109119415,0.5675595998764038,0.6796191930770874,0.1875990927219391,0.3565673828125,0.4811358153820038,0.3236232101917267,0.5541741847991943,0.5871177911758423
0.3171292543411255,0.4005293846130371,0.3253392577171325,0.5676524639129639,0.6790863871574402,0.1875341087579727,0.3564159572124481,0.4808865189552307,0.3235110640525818,0.5539816617965698,0.5873695611953735
0.3170793354511261,0.4006268680095672,0.3250954747200012,0.5677454471588135,0.6785535216331482,0.1874691098928451,0.3562645018100738,0.4806371927261352,0.3233989477157593,0.5537891387939453,0.5876214504241943
0.3170294165611267,0.4007243812084198,0.3248516917228699,0.5678384304046631,0.678020715713501,0.1874041110277176,0.3561130464076996,0.4803878664970398,0.3232868313789367,0.5535966157913208,0.5878732800483704
0.3169794976711273,0.4008218646049499,0.3246079087257385,0.5679313540458679,0.677487850189209,0.18733911216259,0.3559615612030029,0.4801385700702667,0.3231747150421142,0.5534040927886963,0.5881251096725464
0.3169295787811279,0.4009193778038025,0.3243641257286072,0.5680242776870728,0.676954984664917,0.1872741281986236,0.3558101058006286,0.4798892140388489,0.3230625987052917,0.5532115697860718,0.5883769392967224
0.3168796598911285,0.401016891002655,0.3241203427314758,0.5681172013282776,0.676422119140625,0.1872091293334961,0.3556586503982544,0.4796399176120758,0.3229504823684692,0.5530189871788025,0.5886287689208984
0.3168297410011291,0.4011143445968628,0.3238765597343445,0.5682101845741272,0.6758893132209778,0.1871441304683685,0.3555071949958801,0.4793905913829803,0.3228383660316467,0.552826464176178,0.5888805985450745
0.3167797923088074,0.4012118577957153,0.3236327767372131,0.568303108215332,0.6753564476966858,0.1870791316032409,0.3553557097911834,0.4791412949562073,0.3227262198925018,0.5526339411735535,0.5891324281692505
0.3167299032211303,0.4013093709945678,0.3233889937400818,0.5683960318565369,0.6748236417770386,0.1870141476392746,0.3552042841911316,0.4788919687271118,0.3226141333580017,0.552441418170929,0.5893842577934265
0.3166799545288086,0.401406854391098,0.3231452107429504,0.5684890151023865,0.6742907166481018,0.186949148774147,0.3550527989864349,0.4786426424980163,0.3225019872188568,0.5522488951683044,0.5896360874176025
0.3166300654411316,0.4015043675899505,0.3229014277458191,0.5685819387435913,0.6737579107284546,0.1868841499090194,0.3549013435840606,0.4783933162689209,0.3223898708820343,0.5520563721656799,0.5898879170417786
0.3165801465511322,0.4016018807888031,0.3226576745510101,0.5686749219894409,0.6732250452041626,0.1868191510438919,0.354749858379364,0.4781440198421478,0.3222777247428894,0.5518638491630554,0.5901397466659546
0.3165301978588104,0.4016993641853332,0.3224138915538788,0.5687679052352905,0.6726921796798706,0.1867541670799255,0.3545984327793121,0.4778946936130523,0.3221656382083893,0.5516713261604309,0.5903916358947754
0.316480278968811,0.4017968773841858,0.3221701085567474,0.5688607692718506,0.6721593141555786,0.1866891682147979,0.3544469773769378,0.4776453971862793,0.3220534920692444,0.5514788031578064,0.5906434059143066
0.3164303600788116,0.4018943905830383,0.3219263553619385,0.5689537525177002,0.6716265082359314,0.1866241693496704,0.3542954921722412,0.4773960709571838,0.3219413757324219,0.5512862205505371,0.5908952355384827
0.3163804411888122,0.4019918739795685,0.3216825723648071,0.569046676158905,0.6710937023162842,0.186559185385704,0.3541440069675445,0.4771467447280884,0.3218292593955993,0.5510937571525574,0.5911470651626587
0.3163305222988128,0.402089387178421,0.3214387893676758,0.5691395998001099,0.6705607771873474,0.1864941865205764,0.3539925813674927,0.4768974184989929,0.3217171430587768,0.5509012341499329,0.5913988947868347
0.3162806034088135,0.4021869003772735,0.3211950063705444,0.5692325830459595,0.6700279712677002,0.1864291876554489,0.3538411259651184,0.4766480922698974,0.3216050267219543,0.5507086515426636,0.5916507840156555
0.3162307143211365,0.4022843837738037,0.3209512233734131,0.5693255066871643,0.6694951057434082,0.1863641887903213,0.3536896407604217,0.4763987958431244,0.3214929103851318,0.5505161285400391,0.5919025540351868
0.3161807656288147,0.4023818969726562,0.3207074403762817,0.5694184899330139,0.6689622402191162,0.1862992048263549,0.3535381555557251,0.4761494696140289,0.3213807940483093,0.5503236055374146,0.5921543836593628
0.3161308467388153,0.4024793803691864,0.3204636573791504,0.5695114135742188,0.6684293746948242,0.1862342059612274,0.3533867299556732,0.4759001433849334,0.3212686479091644,0.55013108253479,0.5924062728881836
0.3160809278488159,0.4025768935680389,0.320219874382019,0.5696043968200684,0.667896568775177,0.1861692070960998,0.3532352745532989,0.475650817155838,0.3211565315723419,0.5499385595321655,0.5926580429077148
0.3160310089588165,0.4026743769645691,0.3199760913848877,0.5696973204612732,0.667363703250885,0.1861042082309723,0.3530838191509247,0.4754015207290649,0.3210444152355194,0.549746036529541,0.5929099321365356
0.3159810900688171,0.4027718603610992,0.3197323381900787,0.569790244102478,0.6668308973312378,0.1860392242670059,0.352932333946228,0.4751521944999695,0.3209322988986969,0.5495535135269165,0.5931617617607117
0.3159311711788177,0.4028693735599518,0.3194885551929474,0.5698831677436829,0.666297972202301,0.1859742254018783,0.3527808785438537,0.4749028980731964,0.320820152759552,0.549360990524292,0.5934135913848877
0.3158812522888183,0.4029668569564819,0.3192448019981384,0.5699761509895325,0.6657651662826538,0.1859092265367508,0.3526294231414795,0.4746535718441009,0.3207080364227295,0.5491684675216675,0.5936654210090637
0.3158313035964966,0.4030643701553345,0.3190010190010071,0.5700690746307373,0.6652323007583618,0.1858442276716232,0.3524779677391052,0.4744042754173279,0.320595920085907,0.548975944519043,0.5939172506332397
0.3157814145088196,0.403161883354187,0.3187572360038757,0.5701620578765869,0.6646994352340698,0.1857792437076568,0.3523265123367309,0.47415491938591,0.3204838037490845,0.5487834215164185,0.5941690802574158
0.3157314956188202,0.4032593667507171,0.3185134530067444,0.5702550411224365,0.6641666293144226,0.1857142448425293,0.3521750271320343,0.4739055931568146,0.3203716874122619,0.548590898513794,0.5944209098815918
0.3156815767288208,0.4033568799495697,0.318269670009613,0.5703479647636414,0.6636337637901306,0.1856492459774017,0.35202357172966,0.4736562967300415,0.3202595710754394,0.5483983755111694,0.594672679901123
0.315631628036499,0.4034543633460998,0.3180258870124817,0.5704408884048462,0.6631008982658386,0.1855842471122741,0.3518721163272857,0.473406970500946,0.3201474547386169,0.5482058525085449,0.5949245691299438
0.315581738948822,0.4035518765449524,0.3177821040153503,0.5705338716506958,0.6625680923461914,0.1855192631483078,0.3517206609249115,0.473157674074173,0.320035308599472,0.5480133295059204,0.5951763987541199
0.3155317902565002,0.4036493599414825,0.317538321018219,0.5706267952919006,0.6620352268218994,0.1854542642831802,0.3515692055225372,0.4729083180427551,0.3199231922626495,0.5478207468986511,0.5954282283782959
0.3154818713665008,0.4037468731403351,0.31729456782341,0.5707197189331055,0.6615023612976074,0.1853892654180526,0.3514177203178406,0.472659021615982,0.319811075925827,0.5476282835006714,0.5956800580024719
0.3154319524765014,0.4038443565368652,0.3170507848262787,0.5708127021789551,0.6609694957733154,0.1853242665529251,0.3512662649154663,0.4724096953868866,0.3196989595890045,0.5474357008934021,0.5959318280220032
0.3153820335865021,0.4039418697357178,0.3168070018291473,0.5709056258201599,0.6604366898536682,0.1852592825889587,0.351114809513092,0.4721603989601135,0.3195868134498596,0.5472431778907776,0.596183717250824
0.3153321146965027,0.4040393829345703,0.316563218832016,0.5709985494613647,0.6599038243293762,0.1851942837238311,0.3509633541107178,0.471911072731018,0.3194746971130371,0.5470507144927979,0.596435546875
0.3152821958065033,0.4041368663311004,0.316319465637207,0.5710915327072144,0.6593709588050842,0.1851292848587036,0.3508118987083435,0.471661776304245,0.3193625807762146,0.5468581318855286,0.596687376499176
0.3152322769165039,0.404234379529953,0.3160756826400757,0.571184515953064,0.658838152885437,0.185064285993576,0.3506604135036468,0.4714124500751495,0.3192504644393921,0.5466656684875488,0.596939206123352
0.3151823580265045,0.4043318927288055,0.3158318996429443,0.5712774395942688,0.658305287361145,0.1849993020296096,0.3505089879035949,0.4711630940437317,0.3191383481025696,0.5464730858802795,0.5971910953521729
0.3151324391365051,0.4044293761253357,0.315588116645813,0.5713703632354736,0.657772421836853,0.1849343031644821,0.3503575026988983,0.4709137976169586,0.319026231765747,0.546280562877655,0.5974428653717041
0.3150825202465057,0.4045268893241882,0.3153443336486816,0.5714633464813232,0.657239556312561,0.1848693042993545,0.350206047296524,0.4706644713878631,0.3189140856266022,0.5460880398750305,0.5976947546005249
0.3150326013565063,0.4046244025230407,0.3151005506515503,0.5715562701225281,0.6567067503929138,0.184804305434227,0.3500545918941498,0.4704151749610901,0.318801999092102,0.545895516872406,0.5979465246200562
0.3149826824665069,0.4047219157218933,0.3148567676544189,0.5716491937637329,0.6561738848686218,0.1847393214702606,0.3499031364917755,0.4701658189296722,0.3186898827552795,0.5457029938697815,0.5981983542442322
0.3149327635765075,0.4048193693161011,0.3146129846572876,0.5717421770095825,0.6556410789489746,0.184674322605133,0.3497516810894012,0.4699165225028991,0.3185777366161346,0.545510470867157,0.5984501838684082
0.3148828446865082,0.4049168527126312,0.3143692016601562,0.5718351006507874,0.6551082134246826,0.1846093237400055,0.3496001958847046,0.4696671962738037,0.3184656500816345,0.5453179478645325,0.5987020134925842
0.3148329257965088,0.4050143659114837,0.3141254186630249,0.5719280242919922,0.6545753479003906,0.1845443248748779,0.3494487404823303,0.4694178998470306,0.3183535039424896,0.545125424861908,0.598953902721405
0.314782977104187,0.4051118493080139,0.3138816654682159,0.5720210075378418,0.6540424823760986,0.1844793409109115,0.3492973148822784,0.4691685736179352,0.3182413876056671,0.5449329018592834,0.599205732345581
0.31473308801651,0.4052093625068664,0.3136378526687622,0.5721139311790466,0.6535096764564514,0.184414342045784,0.3491458296775818,0.4689192771911621,0.3181292414665222,0.5447403788566589,0.5994575023651123
0.3146831393241882,0.405306875705719,0.3133940994739532,0.5722068548202515,0.6529768109321594,0.1843493431806564,0.3489943444728851,0.4686699509620666,0.3180171251296997,0.5445478558540344,0.5997093915939331
0.3146332502365112,0.4054043591022491,0.3131503164768219,0.5722998380661011,0.6524439454078674,0.1842843443155288,0.3488428890705108,0.4684206247329712,0.3179050087928772,0.5443553328514099,0.5999612212181091
0.3145833015441894,0.4055018723011017,0.3129065632820129,0.5723927617073059,0.6519111394882202,0.1842193603515625,0.348691463470459,0.4681712985038757,0.3177928924560547,0.5441628098487854,0.6002130508422852
0.3145334124565124,0.4055993854999542,0.3126627802848816,0.5724856853485107,0.6513782739639282,0.1841543614864349,0.3485400080680847,0.4679219722747803,0.3176807761192322,0.5439702272415161,0.6004648804664612
0.3144834637641907,0.4056968688964844,0.3124189972877502,0.5725786685943604,0.6508454084396362,0.1840893626213073,0.3483884930610657,0.4676726758480072,0.3175686597824096,0.5437777638435364,0.6007167100906372
0.3144335448741913,0.4057943820953369,0.3121752142906189,0.57267165184021,0.6503125429153442,0.1840243637561798,0.3482370376586914,0.4674233198165893,0.3174565136432647,0.5435852408409119,0.6009685397148132
0.3143836259841919,0.4058918952941894,0.3119314312934875,0.5727645754814148,0.649779736995697,0.1839593797922134,0.3480856120586395,0.4671740233898163,0.3173444271087646,0.5433926582336426,0.6012203693389893
0.3143337070941925,0.4059893488883972,0.3116876482963562,0.5728574991226196,0.649246871471405,0.1838943809270858,0.3479341566562652,0.4669246971607208,0.3172322809696197,0.5432001948356628,0.6014721393585205
0.3142837882041931,0.4060868620872497,0.3114438652992248,0.5729504823684692,0.6487140655517578,0.1838293820619583,0.3477826714515686,0.4666754007339477,0.3171201646327972,0.5430076122283936,0.6017240285873413
0.3142338693141937,0.4061843752861023,0.3112000823020935,0.5730433464050293,0.6481812000274658,0.1837643831968307,0.3476311862468719,0.4664260745048523,0.3170080482959747,0.542815089225769,0.6019758582115173
0.3141839504241943,0.4062818586826324,0.3109562993049621,0.5731363296508789,0.6476483345031738,0.1836993992328643,0.34747976064682,0.4661767780780792,0.3168959319591522,0.5426225662231445,0.6022276878356934
0.3141340017318725,0.406379371881485,0.3107125461101532,0.5732293128967285,0.6471154689788818,0.1836344003677368,0.3473283052444458,0.4659274518489837,0.3167837858200073,0.54243004322052,0.6024795174598694
0.3140841126441955,0.4064768850803375,0.3104687929153442,0.5733222365379333,0.6465826630592346,0.1835694015026092,0.3471768200397491,0.4656781554222107,0.3166716694831848,0.5422375202178955,0.6027313470840454
0.3140341937541961,0.4065743684768677,0.3102249801158905,0.5734151601791382,0.6460497379302979,0.1835044175386428,0.3470253348350525,0.4654287993907928,0.3165595531463623,0.542044997215271,0.6029831767082214
0.3139842748641968,0.4066718816757202,0.3099812269210815,0.5735081434249878,0.6455168724060059,0.1834394186735153,0.3468739092350006,0.4651795029640198,0.3164474368095398,0.5418524146080017,0.6032350063323975
0.3139343559741974,0.4067693948745727,0.3097374439239502,0.5736010670661926,0.6449840664863586,0.1833744198083877,0.3467224538326263,0.4649301767349243,0.3163353204727173,0.541659951210022,0.6034868359565735
0.313884437084198,0.4068669080734253,0.3094936609268188,0.5736939907073975,0.6444512605667114,0.1833094209432602,0.3465709984302521,0.4646808505058288,0.3162232041358948,0.5414674282073975,0.6037386655807495
0.3138345181941986,0.4069643914699554,0.3092498779296875,0.5737869739532471,0.6439183950424194,0.1832444369792938,0.3464195132255554,0.4644315242767334,0.3161110579967499,0.541274905204773,0.6039905548095703
0.3137845695018768,0.4070618748664856,0.3090060949325561,0.5738798975944519,0.6433855295181274,0.1831794381141662,0.3462680578231811,0.4641821980476379,0.3159989416599273,0.5410823822021484,0.6042423248291016
0.3137346506118774,0.4071593880653381,0.3087623119354248,0.5739728212356567,0.6428526639938354,0.1831144392490387,0.3461166024208069,0.4639329016208648,0.3158868253231048,0.5408897995948792,0.6044942140579224
0.3136847615242004,0.4072568416595459,0.3085185587406158,0.5740658044815063,0.6423198580741882,0.1830494403839111,0.3459651470184326,0.4636835753917694,0.3157747089862823,0.5406973361968994,0.6047459840774536
0.3136348128318786,0.4073543548583984,0.3082748055458069,0.574158787727356,0.6417869925498962,0.1829844564199447,0.3458136618137359,0.4634342789649963,0.3156625628471374,0.5405047535896301,0.6049978733062744
0.3135849237442016,0.407451868057251,0.3080309927463531,0.5742517113685608,0.6412541270256042,0.1829194575548172,0.3456622362136841,0.4631849527359009,0.3155504763126373,0.5403122901916504,0.6052496433258057
0.3135349750518799,0.4075493514537811,0.3077872395515442,0.5743446946144104,0.640721321105957,0.1828544586896896,0.3455107510089874,0.4629356563091278,0.3154383301734924,0.5401197075843811,0.6055014729499817
0.3134850859642029,0.4076468646526336,0.3075434565544128,0.5744376182556152,0.640188455581665,0.182789459824562,0.3453592956066131,0.4626863002777099,0.3153262138366699,0.5399271845817566,0.6057533025741577
0.3134351372718811,0.4077443778514862,0.3072996735572815,0.5745306015014648,0.639655590057373,0.1827244758605957,0.3452078104019165,0.4624370038509369,0.3152140974998474,0.5397347211837769,0.6060051918029785
0.3133852183818817,0.4078418612480163,0.3070558905601501,0.5746235251426697,0.639122724533081,0.1826594769954681,0.3450563848018646,0.4621876776218414,0.3151019811630249,0.5395421385765076,0.6062570214271545
0.3133352994918823,0.4079393744468689,0.3068121075630188,0.5747164487838745,0.6385898590087891,0.1825944781303405,0.3449049293994903,0.4619383811950683,0.31498983502388,0.5393496155738831,0.6065088510513306
0.3132853806018829,0.4080368876457214,0.3065683245658874,0.5748094320297241,0.6380570530891418,0.182529479265213,0.3447534441947937,0.4616890251636505,0.3148777484893799,0.5391570925712585,0.6067606210708618
0.3132354617118835,0.4081343710422516,0.3063245415687561,0.574902355670929,0.6375241875648499,0.1824644953012466,0.344601958990097,0.461439698934555,0.314765602350235,0.538964569568634,0.6070124506950378
0.3131855428218841,0.4082318842411041,0.3060807585716247,0.5749952793121338,0.6369913816452026,0.182399496436119,0.3444505333900451,0.461190402507782,0.3146534860134125,0.5387720465660095,0.6072643399238586
0.3131356239318847,0.4083293676376343,0.3058369755744934,0.5750882625579834,0.6364585161209106,0.1823344975709915,0.3442990779876709,0.4609410762786865,0.3145413398742676,0.538579523563385,0.6075161695480347
0.313085675239563,0.4084268808364868,0.305593192577362,0.5751811861991882,0.6359256505966187,0.1822694987058639,0.3441476225852966,0.4606917798519134,0.3144292533397674,0.5383869409561157,0.6077679991722107
0.313035786151886,0.4085243642330169,0.3053494393825531,0.5752741694450378,0.6353927850723267,0.1822045147418975,0.3439961075782776,0.460442453622818,0.3143171072006225,0.538194477558136,0.6080198287963867
0.3129858374595642,0.4086218774318695,0.3051056563854217,0.5753670930862427,0.6348599791526794,0.18213951587677,0.3438446819782257,0.4601931571960449,0.3142049908638,0.5380019545555115,0.6082716584205627
0.3129359483718872,0.4087193608283996,0.3048619031906128,0.5754600167274475,0.6343271136283875,0.1820745170116424,0.3436932265758514,0.4599438309669494,0.3140929043292999,0.5378093719482422,0.6085234880447388
0.3128859996795654,0.4088168740272522,0.304618090391159,0.5755529999732971,0.6337943077087402,0.1820095181465149,0.3435417711734772,0.459694504737854,0.313980758190155,0.5376168489456177,0.60877525806427
0.3128361105918884,0.4089143872261047,0.3043743371963501,0.575645923614502,0.6332613825798035,0.1819445341825485,0.3433903157711029,0.4594451785087585,0.3138686418533325,0.5374243259429932,0.6090271472930908
0.312786191701889,0.4090119004249573,0.3041305541992187,0.5757388472557068,0.6327285766601562,0.1818795353174209,0.3432388305664062,0.4591958522796631,0.31375652551651,0.5372318029403687,0.6092789769172668
0.3127362430095672,0.4091093838214874,0.3038867712020874,0.5758318305015564,0.6321957111358643,0.1818145364522934,0.343087375164032,0.4589465260505676,0.3136444091796875,0.5370392799377441,0.6095308065414429
0.3126863241195678,0.4092068672180176,0.303642988204956,0.5759247541427612,0.6316628456115723,0.1817495375871658,0.3429359197616577,0.4586971998214721,0.313532292842865,0.5368467569351196,0.6097826361656189
0.3126364052295685,0.4093043804168701,0.3033992052078247,0.5760177373886108,0.631130039691925,0.1816845536231994,0.3427844643592834,0.4584479033946991,0.3134201765060425,0.5366542339324951,0.6100345253944397
0.3125864863395691,0.4094018340110779,0.3031554222106933,0.5761106610298157,0.6305971741676331,0.1816195547580719,0.3426330089569092,0.4581985771656036,0.3133080303668976,0.5364617109298706,0.610286295413971
0.3125365674495697,0.4094993472099304,0.302911639213562,0.5762035846710205,0.6300643086433411,0.1815545558929443,0.3424815237522125,0.4579492807388305,0.3131959140300751,0.5362691879272461,0.610538125038147
0.3124866485595703,0.4095968604087829,0.302667886018753,0.5762965679168701,0.6295315027236938,0.1814895570278167,0.3423300683498382,0.4576999545097351,0.3130837976932525,0.5360766649246216,0.610789954662323
0.3124367296695709,0.4096943438053131,0.3024240732192993,0.576389491558075,0.6289986371994019,0.1814245730638504,0.342178612947464,0.457450658082962,0.31297168135643,0.5358841419219971,0.611041784286499
0.3123868107795715,0.4097918570041656,0.3021803200244903,0.5764824151992798,0.6284657716751099,0.1813595741987228,0.3420271575450897,0.4572013318538666,0.3128595352172851,0.5356916189193726,0.6112936735153198
0.3123368620872497,0.4098893702030182,0.3019365668296814,0.5765753984451294,0.6279329657554626,0.1812945753335952,0.3418757021427154,0.4569520056247711,0.3127474188804626,0.535499095916748,0.6115454435348511
0.3122869729995727,0.4099868535995483,0.30169278383255,0.5766683220863342,0.6274001002311707,0.1812295764684677,0.3417242169380188,0.4567026793956756,0.3126353025436401,0.5353065729141235,0.6117973327636719
0.312237024307251,0.4100843667984009,0.3014490008354187,0.5767612457275391,0.6268672347068787,0.1811645925045013,0.3415727615356445,0.4564533829689026,0.3125231862068176,0.535114049911499,0.6120491623878479
0.312187135219574,0.4101818799972534,0.3012052178382873,0.5768542289733887,0.6263343691825867,0.1810995936393737,0.3414213061332702,0.4562040567398071,0.3124110698699951,0.5349214673042297,0.6123009920120239
0.3121371865272522,0.4102793633937835,0.300961434841156,0.5769471526145935,0.6258015632629395,0.1810345947742462,0.341269850730896,0.4559547305107116,0.3122989237308502,0.53472900390625,0.6125527620315552
0.3120872974395752,0.4103768765926361,0.3007176518440246,0.5770400762557983,0.6252686977386475,0.1809695959091186,0.3411183953285217,0.4557054042816162,0.3121868371963501,0.5345364809036255,0.6128045916557312
0.3120373487472534,0.4104743897914886,0.3004738688468933,0.577133059501648,0.6247358322143555,0.1809046119451522,0.3409669101238251,0.4554560780525207,0.3120746910572052,0.5343438982963562,0.6130564212799072
0.311987429857254,0.4105718731880188,0.3002300858497619,0.5772259831428528,0.6242029666900635,0.1808396130800247,0.3408154547214508,0.4552067816257477,0.3119625747203827,0.5341514348983765,0.613308310508728
0.3119375109672546,0.4106693863868713,0.2999863028526306,0.5773189067840576,0.6236701607704163,0.1807746142148971,0.3406639993190765,0.4549574553966522,0.3118504285812378,0.5339588522911072,0.6135600805282593
0.3118875920772552,0.4107668697834015,0.2997425496578216,0.5774118900299072,0.6231372952461243,0.1807096153497696,0.3405125439167022,0.4547081589698791,0.3117383420467376,0.5337663888931274,0.6138119697570801
0.3118376731872558,0.4108643531799316,0.2994987666606903,0.5775048732757568,0.622604489326477,0.1806446313858032,0.3403611183166504,0.4544588327407837,0.3116261959075928,0.5335738062858582,0.6140637993812561
0.3117877542972564,0.4109618663787842,0.2992550134658813,0.5775977969169617,0.6220716238021851,0.1805796325206756,0.3402096331119537,0.4542095363140106,0.3115140795707702,0.5333812832832336,0.6143155694007874
0.3117378354072571,0.4110593795776367,0.2990112006664276,0.5776907205581665,0.6215387582778931,0.1805146336555481,0.3400581479072571,0.4539601802825928,0.3114019632339477,0.5331887602806091,0.6145674586296082
0.3116878867149353,0.4111568927764892,0.2987674474716186,0.5777836441993713,0.6210058927536011,0.1804496496915817,0.3399066925048828,0.4537108838558197,0.3112898468971252,0.5329962372779846,0.6148192882537842
0.3116379976272583,0.4112543761730194,0.2985236644744873,0.577876627445221,0.6204730868339539,0.1803846508264541,0.3397552669048309,0.4534615576267242,0.3111777007579803,0.5328037738800049,0.6150711178779602
0.3115880489349365,0.4113518893718719,0.2982798814773559,0.5779695510864258,0.6199401617050171,0.1803196519613266,0.3396038115024566,0.4532122313976288,0.3110656142234802,0.5326111316680908,0.6153229475021362
0.3115381598472595,0.4114493727684021,0.2980360984802246,0.5780625343322754,0.6194073557853699,0.180254653096199,0.3394522964954376,0.4529629051685333,0.3109534978866577,0.5324186086654663,0.6155747771263123
0.3114882409572601,0.4115468561649322,0.2977923154830932,0.5781554579734802,0.6188745498657227,0.1801896691322326,0.3393008410930633,0.4527136087417602,0.3108413517475128,0.5322260856628418,0.6158266067504883
0.3114383220672607,0.4116443693637848,0.2975485324859619,0.5782483816146851,0.6183416843414307,0.1801246702671051,0.3391494154930115,0.4524642825126648,0.3107292652130127,0.5320336222648621,0.6160784959793091
0.3113883733749389,0.4117418825626373,0.2973047494888305,0.5783413648605347,0.6178088188171387,0.1800596714019775,0.3389979600906372,0.4522149562835693,0.3106171190738678,0.5318410396575928,0.6163302659988403
0.3113384544849396,0.4118393659591675,0.2970609962940216,0.5784343481063843,0.6172759532928467,0.1799946725368499,0.3388464450836181,0.4519656598567962,0.3105050027370453,0.531648576259613,0.6165820956230164
0.3112885355949402,0.4119368493556976,0.2968172132968902,0.5785273313522339,0.6167431473731995,0.1799296885728836,0.3386949896812439,0.4517163336277008,0.3103928565979004,0.5314559936523438,0.6168339252471924
0.3112386167049408,0.4120343923568725,0.2965734004974365,0.578620195388794,0.6162102818489075,0.179864689707756,0.338543564081192,0.4514670372009277,0.3102807402610779,0.5312634706497192,0.6170857548713684
0.3111886978149414,0.4121318459510803,0.2963296175003052,0.5787131786346436,0.6156774759292603,0.1797996908426284,0.3383921086788177,0.4512176811695099,0.3101686239242553,0.5310709476470947,0.6173375844955444
0.311138778924942,0.4122293591499328,0.2960858643054962,0.5788061618804932,0.6151445508003235,0.1797346919775009,0.3382406234741211,0.4509683847427368,0.3100565075874328,0.5308784246444702,0.6175894141197205
0.3110888600349426,0.4123268723487854,0.2958420813083648,0.578899085521698,0.6146117448806763,0.1796697080135345,0.3380891382694244,0.4507190585136413,0.3099443912506103,0.5306859016418457,0.6178412437438965
0.3110389411449432,0.4124243557453155,0.2955983281135559,0.5789920091629028,0.6140788793563843,0.1796047091484069,0.3379377126693725,0.4504697322845459,0.3098322749137878,0.5304933786392212,0.6180930733680725
0.3109890222549438,0.4125218689441681,0.2953545451164245,0.5790849924087524,0.6135460734367371,0.1795397102832794,0.3377862572669983,0.4502204060554504,0.3097201287746429,0.5303008556365967,0.6183449029922485
0.3109391033649444,0.4126193821430206,0.2951107621192932,0.5791779160499573,0.6130131483078003,0.1794747114181518,0.3376347720623016,0.4499711096286773,0.3096080422401428,0.5301083326339722,0.6185967922210693
0.310889184474945,0.4127168655395508,0.2948669791221618,0.5792708396911621,0.6124803423881531,0.1794097274541854,0.3374833166599273,0.4497217833995819,0.3094958961009979,0.5299158096313477,0.6188485622406006
0.3108392655849457,0.4128143787384033,0.2946231961250305,0.5793637633323669,0.6119474768638611,0.1793447285890579,0.3373318612575531,0.4494724869728088,0.3093837797641754,0.5297232866287231,0.6191003918647766
0.3107893466949463,0.4129118919372558,0.2943794131278991,0.5794567465782166,0.6114146709442139,0.1792797297239303,0.3371804058551788,0.4492231607437134,0.3092716634273529,0.5295307636260986,0.6193522810935974
0.3107394278049469,0.4130093455314636,0.2941356301307678,0.5795496702194214,0.6108817458152771,0.1792147308588028,0.3370289504528045,0.4489738345146179,0.3091595470905304,0.5293382406234741,0.6196041107177734
0.3106895089149475,0.4131068587303161,0.2938918471336365,0.579642653465271,0.6103489398956299,0.1791497468948364,0.3368774652481079,0.4487245380878448,0.3090474009513855,0.5291457176208496,0.6198558807373047
0.3106395602226257,0.4132043719291687,0.2936480939388275,0.5797355771064758,0.6098160743713379,0.1790847480297088,0.336726039648056,0.4484752118587494,0.308935284614563,0.5289531946182251,0.6201077699661255
0.3105896711349487,0.4133018851280212,0.2934043109416961,0.5798285603523254,0.6092832684516907,0.1790197491645813,0.3365745544433594,0.4482258856296539,0.3088231682777405,0.5287606716156006,0.6203595399856567
0.3105397224426269,0.4133993685245514,0.2931605279445648,0.5799214839935303,0.6087504029273987,0.1789547502994537,0.3364230990409851,0.4479765594005584,0.3087110519409179,0.5285681486129761,0.6206114292144775
0.3104898333549499,0.4134968817234039,0.2929167449474334,0.5800144672393799,0.6082175374031067,0.1788897663354873,0.3362716138362884,0.4477272629737854,0.3085989356040954,0.5283756256103516,0.6208632588386536
0.3104398846626282,0.4135943651199341,0.2926729917526245,0.5801073908805847,0.6076847314834595,0.1788247674703598,0.3361201882362366,0.4474779069423675,0.3084868192672729,0.528183102607727,0.6211150884628296
0.3103899955749511,0.4136918485164642,0.2924292087554931,0.5802003145217896,0.6071518659591675,0.1787597686052322,0.3359687328338623,0.4472286105155945,0.3083747029304504,0.5279905796051025,0.6213669180870056
0.3103400468826294,0.4137893617153168,0.2921854257583618,0.5802932977676392,0.6066190004348755,0.1786947697401046,0.3358172476291656,0.446979284286499,0.3082625567913055,0.527798056602478,0.6216186881065369
0.31029012799263,0.4138868749141693,0.2919416427612304,0.580386221408844,0.6060861349105835,0.1786297857761383,0.335665762424469,0.4467299878597259,0.308150440454483,0.5276055335998535,0.6218705773353577
0.3102402091026306,0.4139843583106994,0.2916978597640991,0.5804791450500488,0.6055533289909363,0.1785647869110107,0.3355143368244171,0.4464806616306305,0.3080383539199829,0.5274129509925842,0.6221224069595337
0.3101902902126312,0.414081871509552,0.2914540767669678,0.5805720686912537,0.6050204634666443,0.1784997880458831,0.3353628814220428,0.4462313652038574,0.307926207780838,0.5272203683853149,0.6223741769790649
0.3101403713226318,0.4141793847084045,0.2912102937698364,0.5806650519371033,0.6044875979423523,0.1784347891807556,0.3352114260196686,0.4459820389747619,0.3078140914440155,0.5270279049873352,0.6226260662078857
0.3100904524326324,0.4142768383026123,0.2909665107727051,0.5807579755783081,0.6039547324180603,0.1783698052167892,0.3350599110126495,0.4457327127456665,0.3077019453048706,0.5268353819847107,0.6228778958320618
0.310040533542633,0.4143743515014648,0.2907227575778961,0.5808509588241577,0.6034219264984131,0.1783048063516616,0.3349084854125976,0.445483386516571,0.3075898587703705,0.5266427993774414,0.6231297254562378
0.3099906146526336,0.4144718647003174,0.2904789745807647,0.5809438824653625,0.6028890609741211,0.1782398074865341,0.3347570300102234,0.4452340602874756,0.3074777126312256,0.5264503359794617,0.6233816146850586
0.3099406957626343,0.4145693480968475,0.2902351915836334,0.5810368061065674,0.6023561954498291,0.1781748086214065,0.3346055746078491,0.4449847638607025,0.3073655962944031,0.5262577533721924,0.6236333847045898
0.3098907768726349,0.4146668612957001,0.2899914383888244,0.581129789352417,0.6018233895301819,0.1781098246574401,0.3344540894031524,0.4447354078292846,0.3072534501552582,0.5260652899742126,0.6238852143287659
0.3098408579826355,0.4147643744945526,0.2897476553916931,0.5812227129936218,0.6012905240058899,0.1780448257923126,0.3343026340007782,0.4444861114025116,0.307141363620758,0.5258727073669434,0.6241370439529419
0.3097909390926361,0.4148618578910827,0.2895038723945617,0.5813156366348267,0.6007576584815979,0.177979826927185,0.3341511785984039,0.4442367851734161,0.3070292174816131,0.5256801843643188,0.6243888735771179
0.3097410202026367,0.4149593710899353,0.2892600893974304,0.5814086198806763,0.6002248525619507,0.1779148280620575,0.3339997231960296,0.443987488746643,0.3069171011447906,0.5254876613616943,0.624640703201294
0.3096911013126373,0.4150568842887878,0.2890163064002991,0.5815015435218811,0.5996919870376587,0.1778498440980911,0.333848237991333,0.4437381625175476,0.3068049550056457,0.5252951383590698,0.6248925924301147
0.3096411824226379,0.415154367685318,0.2887725234031677,0.5815945267677307,0.5991591215133667,0.1777848452329635,0.3336968123912811,0.4434888660907745,0.3066928684711456,0.5251026153564453,0.625144362449646
0.3095912337303161,0.4152518808841705,0.2885287404060364,0.5816874504089355,0.5986262559890747,0.177719846367836,0.3335453271865845,0.4432395398616791,0.3065807521343231,0.5249100923538208,0.625396192073822
0.3095413446426391,0.4153493642807007,0.288284957408905,0.5817803740501404,0.5980934500694275,0.1776548475027084,0.3333938717842102,0.442990243434906,0.3064686059951782,0.5247176289558411,0.625648021697998
0.3094913959503174,0.4154468774795532,0.2880411744117737,0.58187335729599,0.5975605845451355,0.177589863538742,0.3332424163818359,0.4427409172058105,0.3063565194606781,0.5245250463485718,0.6258999109268188
0.2060430347919464,0.1866210997104644,0.0290478505194187,0.2338011562824249,0.2943034172058105,0.0912108272314071,0.2640322744846344,0.3784655630588531,0.1573458611965179,0.3155901432037353,0.1000512391328811
0.2060430347919464,0.1866210997104644,0.0290478505194187,0.2338011562824249,0.2943034172058105,0.0912108272314071,0.2640322744846344,0.3784655630588531,0.1573458611965179,0.3155901432037353,0.1000512391328811
0.2060430347919464,0.1866210997104644,0.0290478505194187,0.2338011562824249,0.2943034172058105,0.0912108272314071,0.2640322744846344,0.3784655630588531,0.1573458611965179,0.3155901432037353,0.1000512391328811
0.2060430347919464,0.1866210997104644,0.0290478505194187,0.2338011562824249,0.2943034172058105,0.0912108272314071,0.2640322744846344,0.3784655630588531,0.1573458611965179,0.3155901432037353,0.1000512391328811
0.2060430347919464,0.1866210997104644,0.0290478505194187,0.2338011562824249,0.2943034172058105,0.0912108272314071,0.2640322744846344,0.3784655630588531,0.1573458611965179,0.3155901432037353,0.1000512391328811
0.2060430347919464,0.1866210997104644,0.0290478505194187,0.2338011562824249,0.2943034172058105,0.0912108272314071,0.2640322744846344,0.3784655630588531,0.1573458611965179,0.3155901432037353,0.1000512391328811
0.2060430347919464,0.1866210997104644,0.0290478505194187,0.2338011562824249,0.2943034172058105,0.0912108272314071,0.2640322744846344,0.3784655630588531,0.1573458611965179,0.3155901432037353,0.1000512391328811
0.2060430347919464,0.1866210997104644,0.0290478505194187,0.2338011562824249,0.2943034172058105,0.0912108272314071,0.2640322744846344,0.3784655630588531,0.1573458611965179,0.3155901432037353,0.1000512391328811
0.2060430347919464,0.1866210997104644,0.0290478505194187,0.2338011562824249,0.2943034172058105,0.0912108272314071,0.2640322744846344,0.3784655630588531,0.1573458611965179,0.3155901432037353,0.1000512391328811
0.2060430347919464,0.1866210997104644,0.0290478505194187,0.2338011562824249,0.2943034172058105,0.0912108272314071,0.2640322744846344,0.3784655630588531,0.1573458611965179,0.3155901432037353,0.1000512391328811
0.2060430347919464,0.1866210997104644,0.0290478505194187,0.2338011562824249,0.2943034172058105,0.0912108272314071,0.2640322744846344,0.3784655630588531,0.1573458611965179,0.3155901432037353,0.1000512391328811
0.2060430347919464,0.1866210997104644,0.0290478505194187,0.2338011562824249,0.2943034172058105,0.0912108272314071,0.2640322744846344,0.3784655630588531,0.1573458611965179,0.3155901432037353,0.1000512391328811
0.2060430347919464,0.1866210997104644,0.0290478505194187,0.2338011562824249,0.2943034172058105,0.0912108272314071,0.2640322744846344,0.3784655630588531,0.1573458611965179,0.3155901432037353,0.1000512391328811
0.2060430347919464,0.1866210997104644,0.0290478505194187,0.2338011562824249,0.2943034172058105,0.0912108272314071,0.2640322744846344,0.3784655630588531,0.1573458611965179,0.3155901432037353,0.1000512391328811
0.2060430347919464,0.1866210997104644,0.0290478505194187,0.2338011562824249,0.2943034172058105,0.0912108272314071,0.2640322744846344,0.3784655630588531,0.1573458611965179,0.3155901432037353,0.1000512391328811
0.2060430347919464,0.1866210997104644,0.0290478505194187,0.2338011562824249,0.2943034172058105,0.0912108272314071,0.2640322744846344,0.3784655630588531,0.1573458611965179,0.3155901432037353,0.1000512391328811
0.2060430347919464,0.1866210997104644,0.0290478505194187,0.2338011562824249,0.2943034172058105,0.0912108272314071,0.2640322744846344,0.3784655630588531,0.1573458611965179,0.3155901432037353,0.1000512391328811
0.2060430347919464,0.1866210997104644,0.0290478505194187,0.2338011562824249,0.2943034172058105,0.0912108272314071,0.2640322744846344,0.3784655630588531,0.1573458611965179,0.3155901432037353,0.1000512391328811
0.2060430347919464,0.1866210997104644,0.0290478505194187,0.2338011562824249,0.2943034172058105,0.0912108272314071,0.2640322744846344,0.3784655630588531,0.1573458611965179,0.3155901432037353,0.1000512391328811
0.2060430347919464,0.1866210997104644,0.0290478505194187,0.2338011562824249,0.2943034172058105,0.0912108272314071,0.2640322744846344,0.3784655630588531,0.1573458611965179,0.3155901432037353,0.1000512391328811
0.2060430347919464,0.1866210997104644,0.0290478505194187,0.2338011562824249,0.2943034172058105,0.0912108272314071,0.2640322744846344,0.3784655630588531,0.1573458611965179,0.3155901432037353,0.1000512391328811
0.2060430347919464,0.1866210997104644,0.0290478505194187,0.2338011562824249,0.2943034172058105,0.0912108272314071,0.2640322744846344,0.3784655630588531,0.1573458611965179,0.3155901432037353,0.1000512391328811
0.2060430347919464,0.1866210997104644,0.0290478505194187,0.2338011562824249,0.2943034172058105,0.0912108272314071,0.2640322744846344,0.3784655630588531,0.1573458611965179,0.3155901432037353,0.1000512391328811
0.2060430347919464,0.1866210997104644,0.0290478505194187,0.2338011562824249,0.2943034172058105,0.0912108272314071,0.2640322744846344,0.3784655630588531,0.1573458611965179,0.3155901432037353,0.1000512391328811
0.2060430347919464,0.1866210997104644,0.0290478505194187,0.2338011562824249,0.2943034172058105,0.0912108272314071,0.2640322744846344,0.3784655630588531,0.1573458611965179,0.3155901432037353,0.1000512391328811
0.2060430347919464,0.1866210997104644,0.0290478505194187,0.2338011562824249,0.2943034172058105,0.0912108272314071,0.2640322744846344,0.3784655630588531,0.1573458611965179,0.3155901432037353,0.1000512391328811
0.2060430347919464,0.1866210997104644,0.0290478505194187,0.2338011562824249,0.2943034172058105,0.0912108272314071,0.2640322744846344,0.3784655630588531,0.1573458611965179,0.3155901432037353,0.1000512391328811
0.2060430347919464,0.1866210997104644,0.0290478505194187,0.2338011562824249,0.2943034172058105,0.0912108272314071,0.2640322744846344,0.3784655630588531,0.1573458611965179,0.3155901432037353,0.1000512391328811
0.2060430347919464,0.1866210997104644,0.0290478505194187,0.2338011562824249,0.2943034172058105,0.0912108272314071,0.2640322744846344,0.3784655630588531,0.1573458611965179,0.3155901432037353,0.1000512391328811
0.2060430347919464,0.1866210997104644,0.0290478505194187,0.2338011562824249,0.2943034172058105,0.0912108272314071,0.2640322744846344,0.3784655630588531,0.1573458611965179,0.3155901432037353,0.1000512391328811
0.2060430347919464,0.1866210997104644,0.0290478505194187,0.2338011562824249,0.2943034172058105,0.0912108272314071,0.2640322744846344,0.3784655630588531,0.1573458611965179,0.3155901432037353,0.1000512391328811
0.2060430347919464,0.1866210997104644,0.0290478505194187,0.2338011562824249,0.2943034172058105,0.0912108272314071,0.2640322744846344,0.3784655630588531,0.1573458611965179,0.3155901432037353,0.1000512391328811
0.2060430347919464,0.1866210997104644,0.0290478505194187,0.2338011562824249,0.2943034172058105,0.0912108272314071,0.2640322744846344,0.3784655630588531,0.1573458611965179,0.3155901432037353,0.1000512391328811
0.2060430347919464,0.1866210997104644,0.0290478505194187,0.2338011562824249,0.2943034172058105,0.0912108272314071,0.2640322744846344,0.3784655630588531,0.1573458611965179,0.3155901432037353,0.1000512391328811
0.2060430347919464,0.1866210997104644,0.0290478505194187,0.2338011562824249,0.2943034172058105,0.0912108272314071,0.2640322744846344,0.3784655630588531,0.1573458611965179,0.3155901432037353,0.1000512391328811
0.2060430347919464,0.1866210997104644,0.0290478505194187,0.2338011562824249,0.2943034172058105,0.0912108272314071,0.2640322744846344,0.3784655630588531,0.1573458611965179,0.3155901432037353,0.1000512391328811
0.2060430347919464,0.1866210997104644,0.0290478505194187,0.2338011562824249,0.2943034172058105,0.0912108272314071,0.2640322744846344,0.3784655630588531,0.1573458611965179,0.3155901432037353,0.1000512391328811
0.2060430347919464,0.1866210997104644,0.0290478505194187,0.2338011562824249,0.2943034172058105,0.0912108272314071,0.2640322744846344,0.3784655630588531,0.1573458611965179,0.3155901432037353,0.1000512391328811
0.2060430347919464,0.1866210997104644,0.0290478505194187,0.2338011562824249,0.2943034172058105,0.0912108272314071,0.2640322744846344,0.3784655630588531,0.1573458611965179,0.3155901432037353,0.1000512391328811
0.2060430347919464,0.1866210997104644,0.0290478505194187,0.2338011562824249,0.2943034172058105,0.0912108272314071,0.2640322744846344,0.3784655630588531,0.1573458611965179,0.3155901432037353,0.1000512391328811
0.2060430347919464,0.1866210997104644,0.0290478505194187,0.2338011562824249,0.2943034172058105,0.0912108272314071,0.2640322744846344,0.3784655630588531,0.1573458611965179,0.3155901432037353,0.1000512391328811
0.2060430347919464,0.1866210997104644,0.0290478505194187,0.2338011562824249,0.2943034172058105,0.0912108272314071,0.2640322744846344,0.3784655630588531,0.1573458611965179,0.3155901432037353,0.1000512391328811
0.2060430347919464,0.1866210997104644,0.0290478505194187,0.2338011562824249,0.2943034172058105,0.0912108272314071,0.2640322744846344,0.3784655630588531,0.1573458611965179,0.3155901432037353,0.1000512391328811
0.2060430347919464,0.1866210997104644,0.0290478505194187,0.2338011562824249,0.2943034172058105,0.0912108272314071,0.2640322744846344,0.3784655630588531,0.1573458611965179,0.3155901432037353,0.1000512391328811
0.2060430347919464,0.1866210997104644,0.0290478505194187,0.2338011562824249,0.2943034172058105,0.0912108272314071,0.2640322744846344,0.3784655630588531,0.1573458611965179,0.3155901432037353,0.1000512391328811
0.2060430347919464,0.1866210997104644,0.0290478505194187,0.2338011562824249,0.2943034172058105,0.0912108272314071,0.2640322744846344,0.3784655630588531,0.1573458611965179,0.3155901432037353,0.1000512391328811
0.2060430347919464,0.1866210997104644,0.0290478505194187,0.2338011562824249,0.2943034172058105,0.0912108272314071,0.2640322744846344,0.3784655630588531,0.1573458611965179,0.3155901432037353,0.1000512391328811
0.2060430347919464,0.1866210997104644,0.0290478505194187,0.2338011562824249,0.2943034172058105,0.0912108272314071,0.2640322744846344,0.3784655630588531,0.1573458611965179,0.3155901432037353,0.1000512391328811
0.2060430347919464,0.1866210997104644,0.0290478505194187,0.2338011562824249,0.2943034172058105,0.0912108272314071,0.2640322744846344,0.3784655630588531,0.1573458611965179,0.3155901432037353,0.1000512391328811
0.2060430347919464,0.1866210997104644,0.0290478505194187,0.2338011562824249,0.2943034172058105,0.0912108272314071,0.2640322744846344,0.3784655630588531,0.1573458611965179,0.3155901432037353,0.1000512391328811
0.2060430347919464,0.1866210997104644,0.0290478505194187,0.2338011562824249,0.2943034172058105,0.0912108272314071,0.2640322744846344,0.3784655630588531,0.1573458611965179,0.3155901432037353,0.1000512391328811
0.2060430347919464,0.1866210997104644,0.0290478505194187,0.2338011562824249,0.2943034172058105,0.0912108272314071,0.2640322744846344,0.3784655630588531,0.1573458611965179,0.3155901432037353,0.1000512391328811
0.2060430347919464,0.1866210997104644,0.0290478505194187,0.2338011562824249,0.2943034172058105,0.0912108272314071,0.2640322744846344,0.3784655630588531,0.1573458611965179,0.3155901432037353,0.1000512391328811
0.2060430347919464,0.1866210997104644,0.0290478505194187,0.2338011562824249,0.2943034172058105,0.0912108272314071,0.2640322744846344,0.3784655630588531,0.1573458611965179,0.3155901432037353,0.1000512391328811
0.2060430347919464,0.1866210997104644,0.0290478505194187,0.2338011562824249,0.2943034172058105,0.0912108272314071,0.2640322744846344,0.3784655630588531,0.1573458611965179,0.3155901432037353,0.1000512391328811
0.2060430347919464,0.1866210997104644,0.0290478505194187,0.2338011562824249,0.2943034172058105,0.0912108272314071,0.2640322744846344,0.3784655630588531,0.1573458611965179,0.3155901432037353,0.1000512391328811
0.2060430347919464,0.1866210997104644,0.0290478505194187,0.2338011562824249,0.2943034172058105,0.0912108272314071,0.2640322744846344,0.3784655630588531,0.1573458611965179,0.3155901432037353,0.1000512391328811
0.2060430347919464,0.1866210997104644,0.0290478505194187,0.2338011562824249,0.2943034172058105,0.0912108272314071,0.2640322744846344,0.3784655630588531,0.1573458611965179,0.3155901432037353,0.1000512391328811
0.2060430347919464,0.1866210997104644,0.0290478505194187,0.2338011562824249,0.2943034172058105,0.0912108272314071,0.2640322744846344,0.3784655630588531,0.1573458611965179,0.3155901432037353,0.1000512391328811
0.2060430347919464,0.1866210997104644,0.0290478505194187,0.2338011562824249,0.2943034172058105,0.0912108272314071,0.2640322744846344,0.3784655630588531,0.1573458611965179,0.3155901432037353,0.1000512391328811
0.2060430347919464,0.1866210997104644,0.0290478505194187,0.2338011562824249,0.2943034172058105,0.0912108272314071,0.2640322744846344,0.3784655630588531,0.1573458611965179,0.3155901432037353,0.1000512391328811
0.2060430347919464,0.1866210997104644,0.0290478505194187,0.2338011562824249,0.2943034172058105,0.0912108272314071,0.2640322744846344,0.3784655630588531,0.1573458611965179,0.3155901432037353,0.1000512391328811
0.2060430347919464,0.1866210997104644,0.0290478505194187,0.2338011562824249,0.2943034172058105,0.0912108272314071,0.2640322744846344,0.3784655630588531,0.1573458611965179,0.3155901432037353,0.1000512391328811
0.2060430347919464,0.1866210997104644,0.0290478505194187,0.2338011562824249,0.2943034172058105,0.0912108272314071,0.2640322744846344,0.3784655630588531,0.1573458611965179,0.3155901432037353,0.1000512391328811
0.2060430347919464,0.1866210997104644,0.0290478505194187,0.2338011562824249,0.2943034172058105,0.0912108272314071,0.2640322744846344,0.3784655630588531,0.1573458611965179,0.3155901432037353,0.1000512391328811
0.2060430347919464,0.1866210997104644,0.0290478505194187,0.2338011562824249,0.2943034172058105,0.0912108272314071,0.2640322744846344,0.3784655630588531,0.1573458611965179,0.3155901432037353,0.1000512391328811
0.2060430347919464,0.1866210997104644,0.0290478505194187,0.2338011562824249,0.2943034172058105,0.0912108272314071,0.2640322744846344,0.3784655630588531,0.1573458611965179,0.3155901432037353,0.1000512391328811
0.2060430347919464,0.1866210997104644,0.0290478505194187,0.2338011562824249,0.2943034172058105,0.0912108272314071,0.2640322744846344,0.3784655630588531,0.1573458611965179,0.3155901432037353,0.1000512391328811
0.2060430347919464,0.1866210997104644,0.0290478505194187,0.2338011562824249,0.2943034172058105,0.0912108272314071,0.2640322744846344,0.3784655630588531,0.1573458611965179,0.3155901432037353,0.1000512391328811
0.2060430347919464,0.1866210997104644,0.0290478505194187,0.2338011562824249,0.2943034172058105,0.0912108272314071,0.2640322744846344,0.3784655630588531,0.1573458611965179,0.3155901432037353,0.1000512391328811
0.2060430347919464,0.1866210997104644,0.0290478505194187,0.2338011562824249,0.2943034172058105,0.0912108272314071,0.2640322744846344,0.3784655630588531,0.1573458611965179,0.3155901432037353,0.1000512391328811
0.2060430347919464,0.1866210997104644,0.0290478505194187,0.2338011562824249,0.2943034172058105,0.0912108272314071,0.2640322744846344,0.3784655630588531,0.1573458611965179,0.3155901432037353,0.1000512391328811
0.2060430347919464,0.1866210997104644,0.0290478505194187,0.2338011562824249,0.2943034172058105,0.0912108272314071,0.2640322744846344,0.3784655630588531,0.1573458611965179,0.3155901432037353,0.1000512391328811
0.2060430347919464,0.1866210997104644,0.0290478505194187,0.2338011562824249,0.2943034172058105,0.0912108272314071,0.2640322744846344,0.3784655630588531,0.1573458611965179,0.3155901432037353,0.1000512391328811
0.2060430347919464,0.1866210997104644,0.0290478505194187,0.2338011562824249,0.2943034172058105,0.0912108272314071,0.2640322744846344,0.3784655630588531,0.1573458611965179,0.3155901432037353,0.1000512391328811
0.2060430347919464,0.1866210997104644,0.0290478505194187,0.2338011562824249,0.2943034172058105,0.0912108272314071,0.2640322744846344,0.3784655630588531,0.1573458611965179,0.3155901432037353,0.1000512391328811
0.2060430347919464,0.1866210997104644,0.0290478505194187,0.2338011562824249,0.2943034172058105,0.0912108272314071,0.2640322744846344,0.3784655630588531,0.1573458611965179,0.3155901432037353,0.1000512391328811
0.2060430347919464,0.1866210997104644,0.0290478505194187,0.2338011562824249,0.2943034172058105,0.0912108272314071,0.2640322744846344,0.3784655630588531,0.1573458611965179,0.3155901432037353,0.1000512391328811
0.2060430347919464,0.1866210997104644,0.0290478505194187,0.2338011562824249,0.2943034172058105,0.0912108272314071,0.2640322744846344,0.3784655630588531,0.1573458611965179,0.3155901432037353,0.1000512391328811
0.2060430347919464,0.1866210997104644,0.0290478505194187,0.2338011562824249,0.2943034172058105,0.0912108272314071,0.2640322744846344,0.3784655630588531,0.1573458611965179,0.3155901432037353,0.1000512391328811
0.2060430347919464,0.1866210997104644,0.0290478505194187,0.2338011562824249,0.2943034172058105,0.0912108272314071,0.2640322744846344,0.3784655630588531,0.1573458611965179,0.3155901432037353,0.1000512391328811
0.2060430347919464,0.1866210997104644,0.0290478505194187,0.2338011562824249,0.2943034172058105,0.0912108272314071,0.2640322744846344,0.3784655630588531,0.1573458611965179,0.3155901432037353,0.1000512391328811
0.2060430347919464,0.1866210997104644,0.0290478505194187,0.2338011562824249,0.2943034172058105,0.0912108272314071,0.2640322744846344,0.3784655630588531,0.1573458611965179,0.3155901432037353,0.1000512391328811
0.2060430347919464,0.1866210997104644,0.0290478505194187,0.2338011562824249,0.2943034172058105,0.0912108272314071,0.2640322744846344,0.3784655630588531,0.1573458611965179,0.3155901432037353,0.1000512391328811
0.2060430347919464,0.1866210997104644,0.0290478505194187,0.2338011562824249,0.2943034172058105,0.0912108272314071,0.2640322744846344,0.3784655630588531,0.1573458611965179,0.3155901432037353,0.1000512391328811
0.2060430347919464,0.1866210997104644,0.0290478505194187,0.2338011562824249,0.2943034172058105,0.0912108272314071,0.2640322744846344,0.3784655630588531,0.1573458611965179,0.3155901432037353,0.1000512391328811
0.2060430347919464,0.1866210997104644,0.0290478505194187,0.2338011562824249,0.2943034172058105,0.0912108272314071,0.2640322744846344,0.3784655630588531,0.1573458611965179,0.3155901432037353,0.1000512391328811
0.2060430347919464,0.1866210997104644,0.0290478505194187,0.2338011562824249,0.2943034172058105,0.0912108272314071,0.2640322744846344,0.3784655630588531,0.1573458611965179,0.3155901432037353,0.1000512391328811
0.2060430347919464,0.1866210997104644,0.0290478505194187,0.2338011562824249,0.2943034172058105,0.0912108272314071,0.2640322744846344,0.3784655630588531,0.1573458611965179,0.3155901432037353,0.1000512391328811
0.2060430347919464,0.1866210997104644,0.0290478505194187,0.2338011562824249,0.2943034172058105,0.0912108272314071,0.2640322744846344,0.3784655630588531,0.1573458611965179,0.3155901432037353,0.1000512391328811
0.2060430347919464,0.1866210997104644,0.0290478505194187,0.2338011562824249,0.2943034172058105,0.0912108272314071,0.2640322744846344,0.3784655630588531,0.1573458611965179,0.3155901432037353,0.1000512391328811
0.2060430347919464,0.1866210997104644,0.0290478505194187,0.2338011562824249,0.2943034172058105,0.0912108272314071,0.2640322744846344,0.3784655630588531,0.1573458611965179,0.3155901432037353,0.1000512391328811
0.2060430347919464,0.1866210997104644,0.0290478505194187,0.2338011562824249,0.2943034172058105,0.0912108272314071,0.2640322744846344,0.3784655630588531,0.1573458611965179,0.3155901432037353,0.1000512391328811
0.2060430347919464,0.1866210997104644,0.0290478505194187,0.2338011562824249,0.2943034172058105,0.0912108272314071,0.2640322744846344,0.3784655630588531,0.1573458611965179,0.3155901432037353,0.1000512391328811
0.2060430347919464,0.1866210997104644,0.0290478505194187,0.2338011562824249,0.2943034172058105,0.0912108272314071,0.2640322744846344,0.3784655630588531,0.1573458611965179,0.3155901432037353,0.1000512391328811
0.2060430347919464,0.1866210997104644,0.0290478505194187,0.2338011562824249,0.2943034172058105,0.0912108272314071,0.2640322744846344,0.3784655630588531,0.1573458611965179,0.3155901432037353,0.1000512391328811
0.2060430347919464,0.1866210997104644,0.0290478505194187,0.2338011562824249,0.2943034172058105,0.0912108272314071,0.2640322744846344,0.3784655630588531,0.1573458611965179,0.3155901432037353,0.1000512391328811
0.2060430347919464,0.1866210997104644,0.0290478505194187,0.2338011562824249,0.2943034172058105,0.0912108272314071,0.2640322744846344,0.3784655630588531,0.1573458611965179,0.3155901432037353,0.1000512391328811
0.2060430347919464,0.1866210997104644,0.0290478505194187,0.2338011562824249,0.2943034172058105,0.0912108272314071,0.2640322744846344,0.3784655630588531,0.1573458611965179,0.3155901432037353,0.1000512391328811
0.2060430347919464,0.1866210997104644,0.0290478505194187,0.2338011562824249,0.2943034172058105,0.0912108272314071,0.2640322744846344,0.3784655630588531,0.1573458611965179,0.3155901432037353,0.1000512391328811
0.2060430347919464,0.1866210997104644,0.0290478505194187,0.2338011562824249,0.2943034172058105,0.0912108272314071,0.2640322744846344,0.3784655630588531,0.1573458611965179,0.3155901432037353,0.1000512391328811
0.2060430347919464,0.1866210997104644,0.0290478505194187,0.2338011562824249,0.2943034172058105,0.0912108272314071,0.2640322744846344,0.3784655630588531,0.1573458611965179,0.3155901432037353,0.1000512391328811
0.2060430347919464,0.1866210997104644,0.0290478505194187,0.2338011562824249,0.2943034172058105,0.0912108272314071,0.2640322744846344,0.3784655630588531,0.1573458611965179,0.3155901432037353,0.1000512391328811
0.2060430347919464,0.1866210997104644,0.0290478505194187,0.2338011562824249,0.2943034172058105,0.0912108272314071,0.2640322744846344,0.3784655630588531,0.1573458611965179,0.3155901432037353,0.1000512391328811
0.2060430347919464,0.1866210997104644,0.0290478505194187,0.2338011562824249,0.2943034172058105,0.0912108272314071,0.2640322744846344,0.3784655630588531,0.1573458611965179,0.3155901432037353,0.1000512391328811
0.2060430347919464,0.1866210997104644,0.0290478505194187,0.2338011562824249,0.2943034172058105,0.0912108272314071,0.2640322744846344,0.3784655630588531,0.1573458611965179,0.3155901432037353,0.1000512391328811
0.2060430347919464,0.1866210997104644,0.0290478505194187,0.2338011562824249,0.2943034172058105,0.0912108272314071,0.2640322744846344,0.3784655630588531,0.1573458611965179,0.3155901432037353,0.1000512391328811
0.2060430347919464,0.1866210997104644,0.0290478505194187,0.2338011562824249,0.2943034172058105,0.0912108272314071,0.2640322744846344,0.3784655630588531,0.1573458611965179,0.3155901432037353,0.1000512391328811
0.2060430347919464,0.1866210997104644,0.0290478505194187,0.2338011562824249,0.2943034172058105,0.0912108272314071,0.2640322744846344,0.3784655630588531,0.1573458611965179,0.3155901432037353,0.1000512391328811
0.2060430347919464,0.1866210997104644,0.0290478505194187,0.2338011562824249,0.2943034172058105,0.0912108272314071,0.2640322744846344,0.3784655630588531,0.1573458611965179,0.3155901432037353,0.1000512391328811
0.2060430347919464,0.1866210997104644,0.0290478505194187,0.2338011562824249,0.2943034172058105,0.0912108272314071,0.2640322744846344,0.3784655630588531,0.1573458611965179,0.3155901432037353,0.1000512391328811
0.2060430347919464,0.1866210997104644,0.0290478505194187,0.2338011562824249,0.2943034172058105,0.0912108272314071,0.2640322744846344,0.3784655630588531,0.1573458611965179,0.3155901432037353,0.1000512391328811
0.2060430347919464,0.1866210997104644,0.0290478505194187,0.2338011562824249,0.2943034172058105,0.0912108272314071,0.2640322744846344,0.3784655630588531,0.1573458611965179,0.3155901432037353,0.1000512391328811
0.2060430347919464,0.1866210997104644,0.0290478505194187,0.2338011562824249,0.2943034172058105,0.0912108272314071,0.2640322744846344,0.3784655630588531,0.1573458611965179,0.3155901432037353,0.1000512391328811
0.2060430347919464,0.1866210997104644,0.0290478505194187,0.2338011562824249,0.2943034172058105,0.0912108272314071,0.2640322744846344,0.3784655630588531,0.1573458611965179,0.3155901432037353,0.1000512391328811
0.2060430347919464,0.1866210997104644,0.0290478505194187,0.2338011562824249,0.2943034172058105,0.0912108272314071,0.2640322744846344,0.3784655630588531,0.1573458611965179,0.3155901432037353,0.1000512391328811
0.2060430347919464,0.1866210997104644,0.0290478505194187,0.2338011562824249,0.2943034172058105,0.0912108272314071,0.2640322744846344,0.3784655630588531,0.1573458611965179,0.3155901432037353,0.1000512391328811
0.2060430347919464,0.1866210997104644,0.0290478505194187,0.2338011562824249,0.2943034172058105,0.0912108272314071,0.2640322744846344,0.3784655630588531,0.1573458611965179,0.3155901432037353,0.1000512391328811
0.2060430347919464,0.1866210997104644,0.0290478505194187,0.2338011562824249,0.2943034172058105,0.0912108272314071,0.2640322744846344,0.3784655630588531,0.1573458611965179,0.3155901432037353,0.1000512391328811
0.2060430347919464,0.1866210997104644,0.0290478505194187,0.2338011562824249,0.2943034172058105,0.0912108272314071,0.2640322744846344,0.3784655630588531,0.1573458611965179,0.3155901432037353,0.1000512391328811
0.2060430347919464,0.1866210997104644,0.0290478505194187,0.2338011562824249,0.2943034172058105,0.0912108272314071,0.2640322744846344,0.3784655630588531,0.1573458611965179,0.3155901432037353,0.1000512391328811
0.2060430347919464,0.1866210997104644,0.0290478505194187,0.2338011562824249,0.2943034172058105,0.0912108272314071,0.2640322744846344,0.3784655630588531,0.1573458611965179,0.3155901432037353,0.1000512391328811
0.2060430347919464,0.1866210997104644,0.0290478505194187,0.2338011562824249,0.2943034172058105,0.0912108272314071,0.2640322744846344,0.3784655630588531,0.1573458611965179,0.3155901432037353,0.1000512391328811
0.2060430347919464,0.1866210997104644,0.0290478505194187,0.2338011562824249,0.2943034172058105,0.0912108272314071,0.2640322744846344,0.3784655630588531,0.1573458611965179,0.3155901432037353,0.1000512391328811
0.2060430347919464,0.1866210997104644,0.0290478505194187,0.2338011562824249,0.2943034172058105,0.0912108272314071,0.2640322744846344,0.3784655630588531,0.1573458611965179,0.3155901432037353,0.1000512391328811
0.2060430347919464,0.1866210997104644,0.0290478505194187,0.2338011562824249,0.2943034172058105,0.0912108272314071,0.2640322744846344,0.3784655630588531,0.1573458611965179,0.3155901432037353,0.1000512391328811
0.2060430347919464,0.1866210997104644,0.0290478505194187,0.2338011562824249,0.2943034172058105,0.0912108272314071,0.2640322744846344,0.3784655630588531,0.1573458611965179,0.3155901432037353,0.1000512391328811
0.2060430347919464,0.1866210997104644,0.0290478505194187,0.2338011562824249,0.2943034172058105,0.0912108272314071,0.2640322744846344,0.3784655630588531,0.1573458611965179,0.3155901432037353,0.1000512391328811
0.2060430347919464,0.1866210997104644,0.0290478505194187,0.2338011562824249,0.2943034172058105,0.0912108272314071,0.2640322744846344,0.3784655630588531,0.1573458611965179,0.3155901432037353,0.1000512391328811
0.2060430347919464,0.1866210997104644,0.0290478505194187,0.2338011562824249,0.2943034172058105,0.0912108272314071,0.2640322744846344,0.3784655630588531,0.1573458611965179,0.3155901432037353,0.1000512391328811
0.2060430347919464,0.1866210997104644,0.0290478505194187,0.2338011562824249,0.2943034172058105,0.0912108272314071,0.2640322744846344,0.3784655630588531,0.1573458611965179,0.3155901432037353,0.1000512391328811
0.2060430347919464,0.1866210997104644,0.0290478505194187,0.2338011562824249,0.2943034172058105,0.0912108272314071,0.2640322744846344,0.3784655630588531,0.1573458611965179,0.3155901432037353,0.1000512391328811
0.2060430347919464,0.1866210997104644,0.0290478505194187,0.2338011562824249,0.2943034172058105,0.0912108272314071,0.2640322744846344,0.3784655630588531,0.1573458611965179,0.3155901432037353,0.1000512391328811
0.2060430347919464,0.1866210997104644,0.0290478505194187,0.2338011562824249,0.2943034172058105,0.0912108272314071,0.2640322744846344,0.3784655630588531,0.1573458611965179,0.3155901432037353,0.1000512391328811
0.2060430347919464,0.1866210997104644,0.0290478505194187,0.2338011562824249,0.2943034172058105,0.0912108272314071,0.2640322744846344,0.3784655630588531,0.1573458611965179,0.3155901432037353,0.1000512391328811
0.2060430347919464,0.1866210997104644,0.0290478505194187,0.2338011562824249,0.2943034172058105,0.0912108272314071,0.2640322744846344,0.3784655630588531,0.1573458611965179,0.3155901432037353,0.1000512391328811
0.2060430347919464,0.1866210997104644,0.0290478505194187,0.2338011562824249,0.2943034172058105,0.0912108272314071,0.2640322744846344,0.3784655630588531,0.1573458611965179,0.3155901432037353,0.1000512391328811
0.2060430347919464,0.1866210997104644,0.0290478505194187,0.2338011562824249,0.2943034172058105,0.0912108272314071,0.2640322744846344,0.3784655630588531,0.1573458611965179,0.3155901432037353,0.1000512391328811
0.2060430347919464,0.1866210997104644,0.0290478505194187,0.2338011562824249,0.2943034172058105,0.0912108272314071,0.2640322744846344,0.3784655630588531,0.1573458611965179,0.3155901432037353,0.1000512391328811
0.2060430347919464,0.1866210997104644,0.0290478505194187,0.2338011562824249,0.2943034172058105,0.0912108272314071,0.2640322744846344,0.3784655630588531,0.1573458611965179,0.3155901432037353,0.1000512391328811
0.2060430347919464,0.1866210997104644,0.0290478505194187,0.2338011562824249,0.2943034172058105,0.0912108272314071,0.2640322744846344,0.3784655630588531,0.1573458611965179,0.3155901432037353,0.1000512391328811
0.2060430347919464,0.1866210997104644,0.0290478505194187,0.2338011562824249,0.2943034172058105,0.0912108272314071,0.2640322744846344,0.3784655630588531,0.1573458611965179,0.3155901432037353,0.1000512391328811
0.2060430347919464,0.1866210997104644,0.0290478505194187,0.2338011562824249,0.2943034172058105,0.0912108272314071,0.2640322744846344,0.3784655630588531,0.1573458611965179,0.3155901432037353,0.1000512391328811
0.2060430347919464,0.1866210997104644,0.0290478505194187,0.2338011562824249,0.2943034172058105,0.0912108272314071,0.2640322744846344,0.3784655630588531,0.1573458611965179,0.3155901432037353,0.1000512391328811
0.2060430347919464,0.1866210997104644,0.0290478505194187,0.2338011562824249,0.2943034172058105,0.0912108272314071,0.2640322744846344,0.3784655630588531,0.1573458611965179,0.3155901432037353,0.1000512391328811
0.2060430347919464,0.1866210997104644,0.0290478505194187,0.2338011562824249,0.2943034172058105,0.0912108272314071,0.2640322744846344,0.3784655630588531,0.1573458611965179,0.3155901432037353,0.1000512391328811
0.2060430347919464,0.1866210997104644,0.0290478505194187,0.2338011562824249,0.2943034172058105,0.0912108272314071,0.2640322744846344,0.3784655630588531,0.1573458611965179,0.3155901432037353,0.1000512391328811
0.2060430347919464,0.1866210997104644,0.0290478505194187,0.2338011562824249,0.2943034172058105,0.0912108272314071,0.2640322744846344,0.3784655630588531,0.1573458611965179,0.3155901432037353,0.1000512391328811
0.2060430347919464,0.1866210997104644,0.0290478505194187,0.2338011562824249,0.2943034172058105,0.0912108272314071,0.2640322744846344,0.3784655630588531,0.1573458611965179,0.3155901432037353,0.1000512391328811
0.2060430347919464,0.1866210997104644,0.0290478505194187,0.2338011562824249,0.2943034172058105,0.0912108272314071,0.2640322744846344,0.3784655630588531,0.1573458611965179,0.3155901432037353,0.1000512391328811
0.2060430347919464,0.1866210997104644,0.0290478505194187,0.2338011562824249,0.2943034172058105,0.0912108272314071,0.2640322744846344,0.3784655630588531,0.1573458611965179,0.3155901432037353,0.1000512391328811
0.2060430347919464,0.1866210997104644,0.0290478505194187,0.2338011562824249,0.2943034172058105,0.0912108272314071,0.2640322744846344,0.3784655630588531,0.1573458611965179,0.3155901432037353,0.1000512391328811
0.2060430347919464,0.1866210997104644,0.0290478505194187,0.2338011562824249,0.2943034172058105,0.0912108272314071,0.2640322744846344,0.3784655630588531,0.1573458611965179,0.3155901432037353,0.1000512391328811
0.2060430347919464,0.1866210997104644,0.0290478505194187,0.2338011562824249,0.2943034172058105,0.0912108272314071,0.2640322744846344,0.3784655630588531,0.1573458611965179,0.3155901432037353,0.1000512391328811
0.2060430347919464,0.1866210997104644,0.0290478505194187,0.2338011562824249,0.2943034172058105,0.0912108272314071,0.2640322744846344,0.3784655630588531,0.1573458611965179,0.3155901432037353,0.1000512391328811
0.2060430347919464,0.1866210997104644,0.0290478505194187,0.2338011562824249,0.2943034172058105,0.0912108272314071,0.2640322744846344,0.3784655630588531,0.1573458611965179,0.3155901432037353,0.1000512391328811
0.2060430347919464,0.1866210997104644,0.0290478505194187,0.2338011562824249,0.2943034172058105,0.0912108272314071,0.2640322744846344,0.3784655630588531,0.1573458611965179,0.3155901432037353,0.1000512391328811
0.2060430347919464,0.1866210997104644,0.0290478505194187,0.2338011562824249,0.2943034172058105,0.0912108272314071,0.2640322744846344,0.3784655630588531,0.1573458611965179,0.3155901432037353,0.1000512391328811
0.2060430347919464,0.1866210997104644,0.0290478505194187,0.2338011562824249,0.2943034172058105,0.0912108272314071,0.2640322744846344,0.3784655630588531,0.1573458611965179,0.3155901432037353,0.1000512391328811
0.2060430347919464,0.1866210997104644,0.0290478505194187,0.2338011562824249,0.2943034172058105,0.0912108272314071,0.2640322744846344,0.3784655630588531,0.1573458611965179,0.3155901432037353,0.1000512391328811
0.2060430347919464,0.1866210997104644,0.0290478505194187,0.2338011562824249,0.2943034172058105,0.0912108272314071,0.2640322744846344,0.3784655630588531,0.1573458611965179,0.3155901432037353,0.1000512391328811
0.2060430347919464,0.1866210997104644,0.0290478505194187,0.2338011562824249,0.2943034172058105,0.0912108272314071,0.2640322744846344,0.3784655630588531,0.1573458611965179,0.3155901432037353,0.1000512391328811
0.2060430347919464,0.1866210997104644,0.0290478505194187,0.2338011562824249,0.2943034172058105,0.0912108272314071,0.2640322744846344,0.3784655630588531,0.1573458611965179,0.3155901432037353,0.1000512391328811
0.2060430347919464,0.1866210997104644,0.0290478505194187,0.2338011562824249,0.2943034172058105,0.0912108272314071,0.2640322744846344,0.3784655630588531,0.1573458611965179,0.3155901432037353,0.1000512391328811
0.2060430347919464,0.1866210997104644,0.0290478505194187,0.2338011562824249,0.2943034172058105,0.0912108272314071,0.2640322744846344,0.3784655630588531,0.1573458611965179,0.3155901432037353,0.1000512391328811
0.2060430347919464,0.1866210997104644,0.0290478505194187,0.2338011562824249,0.2943034172058105,0.0912108272314071,0.2640322744846344,0.3784655630588531,0.1573458611965179,0.3155901432037353,0.1000512391328811
0.2060430347919464,0.1866210997104644,0.0290478505194187,0.2338011562824249,0.2943034172058105,0.0912108272314071,0.2640322744846344,0.3784655630588531,0.1573458611965179,0.3155901432037353,0.1000512391328811
0.2060430347919464,0.1866210997104644,0.0290478505194187,0.2338011562824249,0.2943034172058105,0.0912108272314071,0.2640322744846344,0.3784655630588531,0.1573458611965179,0.3155901432037353,0.1000512391328811
