elec_demand_AZ,elec_demand_CA,elec_demand_CO,elec_demand_ID,elec_demand_MT,elec_demand_NM,elec_demand_NV,elec_demand_OR,elec_demand_UT,elec_demand_WA,elec_demand_WY
10182.0,35716.0,7619.0,3103.0,1862.0,2281.0,4512.0,6736.0,4170.0,11477.0,1864.0
9689.0,37253.0,7192.0,2994.0,1816.0,2123.0,4741.0,7002.0,3984.0,12007.0,1819.0
8871.0,36376.0,6687.0,2782.0,1698.0,1973.0,4860.0,6802.0,3695.0,11853.0,1757.0
8016.0,33927.0,6372.0,2606.0,1555.0,1849.0,4451.0,6153.0,3431.0,10821.0,1692.0
7420.0,31037.0,6044.0,2442.0,1458.0,1784.0,4472.0,5610.0,3259.0,9866.0,1663.0
7170.0,29146.0,5933.0,2376.0,1416.0,1713.0,4148.0,5307.0,3165.0,9344.0,1631.0
6972.0,27281.0,5853.0,2350.0,1393.0,1724.0,3880.0,5178.0,3122.0,8923.0,1616.0
6933.0,26311.0,5917.0,2360.0,1403.0,1796.0,3742.0,5063.0,3117.0,8795.0,1625.0
7011.0,25860.0,6263.0,2453.0,1423.0,1877.0,3641.0,5117.0,3296.0,8831.0,1666.0
7520.0,26408.0,6681.0,2728.0,1555.0,2037.0,3624.0,5339.0,3645.0,9136.0,1722.0
8244.0,27771.0,7053.0,2988.0,1735.0,2151.0,3693.0,5894.0,4096.0,10103.0,1794.0
8813.0,30042.0,7398.0,3180.0,1910.0,2296.0,3859.0,6748.0,4412.0,11398.0,1854.0
9268.0,33221.0,7741.0,3330.0,1947.0,2403.0,4037.0,7267.0,4521.0,12373.0,1933.0
9589.0,35596.0,7793.0,3402.0,1937.0,2647.0,4345.0,7352.0,4593.0,12619.0,1991.0
9709.0,37695.0,7725.0,3362.0,1934.0,2670.0,4629.0,7367.0,4513.0,12589.0,1960.0
9698.0,38318.0,7623.0,3295.0,1868.0,2678.0,4700.0,7403.0,4394.0,12556.0,1960.0
9786.0,38099.0,7888.0,3240.0,1868.0,2660.0,4715.0,7260.0,4350.0,12265.0,2107.0
9827.0,37550.0,7880.0,3188.0,1849.0,2658.0,4675.0,7107.0,4361.0,11886.0,2111.0
9860.0,37627.0,7847.0,3164.0,1826.0,2651.0,4651.0,7003.0,4283.0,11727.0,2117.0
9940.0,37431.0,7624.0,3101.0,1836.0,2608.0,4636.0,6917.0,4269.0,11542.0,1968.0
10008.0,36954.0,7714.0,3116.0,1856.0,2557.0,4592.0,6856.0,4296.0,11395.0,1971.0
9963.0,37042.0,8043.0,3087.0,1893.0,2455.0,4612.0,6844.0,4194.0,11455.0,1910.0
10091.0,36959.0,8295.0,3097.0,1916.0,2498.0,4591.0,6714.0,4230.0,11384.0,1936.0
10556.0,37510.0,8363.0,3148.0,1939.0,2575.0,4652.0,6808.0,4356.0,11599.0,1975.0
10442.0,39207.0,7942.0,3182.0,1951.0,2429.0,4784.0,7031.0,4394.0,11919.0,1977.0
9914.0,40812.0,7427.0,3051.0,1900.0,2223.0,5009.0,7258.0,4147.0,12342.0,1941.0
9025.0,39148.0,6851.0,2832.0,1759.0,2094.0,5089.0,6971.0,3821.0,12021.0,1821.0
8151.0,35850.0,6429.0,2605.0,1603.0,1903.0,4893.0,6367.0,3515.0,11076.0,1737.0
7601.0,32474.0,6245.0,2435.0,1504.0,1846.0,4604.0,5825.0,3293.0,10149.0,1670.0
7318.0,29900.0,6045.0,2344.0,1462.0,1783.0,4275.0,5424.0,3159.0,9407.0,1644.0
7125.0,27766.0,6060.0,2297.0,1458.0,1809.0,3884.0,5165.0,3128.0,8940.0,1648.0
7079.0,26920.0,6253.0,2301.0,1435.0,1854.0,3742.0,5064.0,3157.0,8673.0,1680.0
7222.0,26345.0,6628.0,2410.0,1454.0,1926.0,3656.0,5040.0,3283.0,8628.0,1681.0
7788.0,26374.0,7169.0,2658.0,1565.0,2087.0,3657.0,5225.0,3600.0,8877.0,1738.0
8415.0,27681.0,7553.0,2914.0,1749.0,2240.0,3676.0,5699.0,4045.0,9603.0,1818.0
8931.0,30199.0,7978.0,3069.0,1884.0,2384.0,3872.0,6441.0,4310.0,10901.0,1863.0
9289.0,33182.0,8400.0,3203.0,1922.0,2471.0,4030.0,7001.0,4457.0,11896.0,1936.0
9578.0,35584.0,8450.0,3261.0,1898.0,2697.0,4340.0,7104.0,4460.0,12311.0,1986.0
9648.0,37842.0,8400.0,3210.0,1851.0,2664.0,4578.0,7241.0,4388.0,12466.0,1973.0
9673.0,38698.0,8246.0,3159.0,1852.0,2634.0,4697.0,7297.0,4328.0,12541.0,1965.0
9736.0,38475.0,8501.0,3138.0,1820.0,2610.0,4772.0,7196.0,4300.0,12350.0,2107.0
9983.0,38222.0,8474.0,3098.0,1823.0,2614.0,4737.0,7144.0,4326.0,12144.0,2110.0
10157.0,38447.0,8491.0,3089.0,1809.0,2623.0,4802.0,7039.0,4257.0,11953.0,2132.0
10496.0,38714.0,8325.0,3078.0,1820.0,2570.0,4848.0,7003.0,4234.0,11879.0,1954.0
10767.0,38510.0,8035.0,3064.0,1851.0,2524.0,4918.0,6947.0,4217.0,11824.0,1952.0
10838.0,38480.0,8576.0,3014.0,1862.0,2399.0,5014.0,6934.0,4142.0,11865.0,1892.0
11013.0,38248.0,8702.0,3037.0,1867.0,2430.0,5044.0,6855.0,4230.0,11785.0,1941.0
11382.0,38738.0,8814.0,3126.0,1899.0,2509.0,5110.0,6958.0,4345.0,12011.0,1934.0
11202.0,40215.0,8445.0,3173.0,1900.0,2423.0,5206.0,7158.0,4357.0,12360.0,1954.0
10567.0,41581.0,7885.0,3069.0,1886.0,2250.0,5333.0,7321.0,4080.0,12656.0,1898.0
9565.0,40002.0,7248.0,2834.0,1745.0,2097.0,5438.0,6986.0,3749.0,12241.0,1780.0
8619.0,36540.0,6844.0,2592.0,1585.0,1924.0,5164.0,6403.0,3448.0,11345.0,1692.0
7892.0,32917.0,6447.0,2420.0,1500.0,1833.0,4824.0,5918.0,3237.0,10465.0,1637.0
7518.0,30391.0,6277.0,2326.0,1462.0,1770.0,4368.0,5501.0,3118.0,9761.0,1613.0
7245.0,28013.0,6234.0,2305.0,1431.0,1789.0,4042.0,5266.0,3071.0,9215.0,1592.0
7123.0,26662.0,6324.0,2282.0,1409.0,1854.0,3836.0,5116.0,3097.0,9012.0,1590.0
7274.0,26052.0,6681.0,2375.0,1450.0,1942.0,3702.0,5095.0,3230.0,8916.0,1652.0
7778.0,26271.0,7010.0,2617.0,1542.0,2072.0,3673.0,5246.0,3568.0,9163.0,1708.0
8337.0,27478.0,7420.0,2871.0,1736.0,2204.0,3740.0,5798.0,3949.0,9958.0,1769.0
8937.0,30118.0,7744.0,3046.0,1882.0,2306.0,3886.0,6581.0,4281.0,11230.0,1852.0
9414.0,33406.0,7987.0,3198.0,1893.0,2407.0,4001.0,7087.0,4387.0,12231.0,1931.0
9823.0,35916.0,7982.0,3272.0,1882.0,2609.0,4290.0,7206.0,4482.0,12573.0,2002.0
10116.0,38400.0,7855.0,3253.0,1860.0,2627.0,4569.0,7288.0,4415.0,12677.0,1971.0
10372.0,39422.0,7688.0,3181.0,1829.0,2610.0,4765.0,7383.0,4333.0,12673.0,1954.0
10808.0,39391.0,7874.0,3148.0,1826.0,2604.0,4861.0,7230.0,4315.0,12408.0,2091.0
11227.0,39320.0,7907.0,3151.0,1824.0,2603.0,4968.0,7134.0,4321.0,12107.0,2122.0
11516.0,39806.0,7920.0,3151.0,1820.0,2596.0,5041.0,7087.0,4317.0,11987.0,2098.0
11839.0,39984.0,7660.0,3129.0,1842.0,2553.0,5160.0,7003.0,4317.0,11877.0,1970.0
12130.0,39791.0,7748.0,3174.0,1849.0,2508.0,5265.0,6941.0,4327.0,11820.0,1982.0
12174.0,39869.0,7852.0,3111.0,1873.0,2408.0,5382.0,6967.0,4224.0,11907.0,1890.0
12158.0,39779.0,8056.0,3131.0,1910.0,2455.0,5451.0,6858.0,4320.0,11852.0,1918.0
12350.0,39871.0,8389.0,3207.0,1931.0,2552.0,5519.0,7013.0,4446.0,12235.0,1954.0
12028.0,40911.0,8141.0,3244.0,1949.0,2403.0,5518.0,7223.0,4463.0,12549.0,1954.0
11217.0,42476.0,7595.0,3115.0,1886.0,2222.0,5611.0,7362.0,4151.0,12772.0,1906.0
10038.0,40756.0,7043.0,2889.0,1761.0,2038.0,5640.0,7093.0,3831.0,12483.0,1789.0
8931.0,37193.0,6647.0,2674.0,1594.0,1906.0,5336.0,6524.0,3541.0,11590.0,1694.0
8121.0,33329.0,6394.0,2506.0,1504.0,1823.0,4940.0,6000.0,3347.0,10690.0,1674.0
7653.0,30577.0,6238.0,2396.0,1445.0,1770.0,4525.0,5629.0,3218.0,9911.0,1646.0
7348.0,28248.0,6128.0,2361.0,1409.0,1762.0,4163.0,5353.0,3141.0,9367.0,1621.0
7180.0,27096.0,6320.0,2368.0,1391.0,1803.0,3960.0,5203.0,3146.0,9119.0,1643.0
7116.0,26523.0,6698.0,2463.0,1442.0,1917.0,3850.0,5232.0,3281.0,9074.0,1661.0
7671.0,26646.0,7054.0,2727.0,1542.0,2051.0,3776.0,5373.0,3605.0,9303.0,1755.0
8296.0,27991.0,7340.0,2976.0,1729.0,2169.0,3827.0,5905.0,4039.0,10127.0,1815.0
8926.0,30221.0,7645.0,3187.0,1860.0,2302.0,3965.0,6726.0,4353.0,11333.0,1859.0
9466.0,33448.0,7874.0,3298.0,1916.0,2392.0,4119.0,7185.0,4440.0,12208.0,1936.0
9689.0,35950.0,7809.0,3358.0,1908.0,2609.0,4399.0,7239.0,4504.0,12458.0,2011.0
10358.0,38318.0,7693.0,3335.0,1880.0,2616.0,4728.0,7271.0,4430.0,12497.0,1978.0
10717.0,39185.0,7612.0,3247.0,1836.0,2608.0,4929.0,7284.0,4386.0,12565.0,1937.0
11140.0,39232.0,7748.0,3227.0,1825.0,2583.0,5070.0,7222.0,4391.0,12373.0,2103.0
11605.0,39138.0,7818.0,3184.0,1822.0,2608.0,5191.0,7125.0,4366.0,12138.0,2100.0
12044.0,39507.0,7832.0,3173.0,1822.0,2653.0,5286.0,7038.0,4357.0,11953.0,2101.0
12378.0,39857.0,7497.0,3173.0,1805.0,2610.0,5451.0,6942.0,4332.0,11845.0,1957.0
12782.0,39743.0,7572.0,3159.0,1816.0,2551.0,5567.0,6875.0,4348.0,11720.0,1977.0
12703.0,39881.0,7758.0,3096.0,1830.0,2442.0,5735.0,6886.0,4231.0,11750.0,1910.0
12560.0,39757.0,7843.0,3121.0,1880.0,2493.0,5815.0,6790.0,4232.0,11733.0,1917.0
12636.0,40020.0,8074.0,3207.0,1868.0,2574.0,5858.0,6831.0,4368.0,11983.0,1946.0
12246.0,41147.0,7914.0,3271.0,1882.0,2446.0,5834.0,7029.0,4449.0,12263.0,1954.0
11402.0,42624.0,7403.0,3172.0,1893.0,2240.0,5889.0,7211.0,4213.0,12501.0,1912.0
10216.0,40893.0,6845.0,2923.0,1756.0,2069.0,5953.0,6992.0,3804.0,12274.0,1794.0
9063.0,37208.0,6475.0,2710.0,1596.0,1946.0,5620.0,6411.0,3555.0,11397.0,1757.0
8295.0,33520.0,6220.0,2552.0,1522.0,1844.0,5203.0,5911.0,3357.0,10566.0,1669.0
7824.0,30745.0,6027.0,2455.0,1454.0,1776.0,4732.0,5512.0,3238.0,9727.0,1633.0
7475.0,28579.0,5928.0,2411.0,1421.0,1780.0,4261.0,5234.0,3192.0,9204.0,1642.0
7342.0,27040.0,5949.0,2418.0,1417.0,1832.0,4029.0,5128.0,3195.0,8956.0,1628.0
7373.0,26547.0,6341.0,2490.0,1450.0,1898.0,3885.0,5085.0,3288.0,8834.0,1663.0
7747.0,26659.0,6699.0,2736.0,1544.0,2042.0,3834.0,5197.0,3560.0,9003.0,1708.0
8371.0,27874.0,7073.0,2954.0,1719.0,2129.0,3806.0,5707.0,3965.0,9758.0,1777.0
9079.0,29843.0,7475.0,3157.0,1868.0,2255.0,3991.0,6382.0,4307.0,10914.0,1854.0
9734.0,33067.0,7717.0,3302.0,1924.0,2386.0,4141.0,6910.0,4449.0,11870.0,1936.0
10392.0,36023.0,7721.0,3396.0,1911.0,2603.0,4451.0,7097.0,4536.0,12267.0,1986.0
10818.0,38744.0,7616.0,3339.0,1886.0,2651.0,4804.0,7196.0,4460.0,12410.0,1958.0
11316.0,40129.0,7511.0,3276.0,1835.0,2635.0,5041.0,7280.0,4419.0,12455.0,1951.0
11861.0,40605.0,7780.0,3273.0,1808.0,2666.0,5231.0,7164.0,4383.0,12211.0,2099.0
12474.0,40890.0,7770.0,3251.0,1805.0,2696.0,5383.0,7095.0,4424.0,12044.0,2096.0
12941.0,41836.0,7667.0,3262.0,1794.0,2700.0,5531.0,7052.0,4403.0,11876.0,2105.0
13552.0,42578.0,7417.0,3240.0,1809.0,2631.0,5699.0,6998.0,4429.0,11766.0,1912.0
13946.0,42887.0,7463.0,3289.0,1831.0,2590.0,5860.0,6956.0,4422.0,11699.0,1947.0
13855.0,43308.0,7524.0,3224.0,1829.0,2454.0,6020.0,6968.0,4312.0,11769.0,1864.0
13608.0,43127.0,7748.0,3207.0,1842.0,2476.0,6122.0,6779.0,4352.0,11534.0,1909.0
13425.0,42917.0,8039.0,3243.0,1824.0,2547.0,6182.0,6787.0,4402.0,11666.0,1904.0
12977.0,43441.0,7785.0,3278.0,1831.0,2443.0,6130.0,6866.0,4395.0,11877.0,1908.0
12103.0,44236.0,7272.0,3195.0,1809.0,2284.0,6065.0,6975.0,4188.0,12088.0,1871.0
10877.0,42691.0,6841.0,2989.0,1741.0,2129.0,6074.0,6782.0,3840.0,11836.0,1807.0
9789.0,39124.0,6491.0,2779.0,1592.0,1983.0,5728.0,6494.0,3522.0,11432.0,1770.0
8887.0,35267.0,6144.0,2592.0,1507.0,1890.0,5343.0,5961.0,3273.0,10559.0,1720.0
8150.0,31951.0,5929.0,2446.0,1447.0,1823.0,4844.0,5579.0,3123.0,9843.0,1661.0
7703.0,29492.0,5835.0,2399.0,1403.0,1766.0,4421.0,5276.0,3075.0,9311.0,1656.0
7478.0,27819.0,5808.0,2366.0,1379.0,1758.0,4159.0,5099.0,3045.0,9024.0,1646.0
7330.0,26852.0,5961.0,2378.0,1391.0,1799.0,3909.0,5019.0,3059.0,8817.0,1673.0
7324.0,26371.0,6051.0,2426.0,1432.0,1831.0,3810.0,5038.0,3151.0,8864.0,1694.0
7403.0,26446.0,6296.0,2517.0,1464.0,1917.0,3750.0,5178.0,3260.0,9088.0,1681.0
8142.0,26720.0,6744.0,2712.0,1569.0,2139.0,3713.0,5409.0,3593.0,9452.0,1757.0
9172.0,28114.0,6901.0,2940.0,1666.0,2368.0,3666.0,5803.0,3885.0,10126.0,1868.0
10043.0,30729.0,7169.0,3039.0,1711.0,2441.0,3945.0,6226.0,3961.0,10893.0,1972.0
10885.0,33049.0,7267.0,3094.0,1711.0,2504.0,4319.0,6485.0,4045.0,11380.0,1989.0
11894.0,34791.0,7174.0,3132.0,1726.0,2542.0,4651.0,6567.0,4061.0,11435.0,1939.0
12586.0,36366.0,7125.0,3162.0,1734.0,2568.0,5000.0,6549.0,4122.0,11345.0,1895.0
13276.0,37489.0,7199.0,3158.0,1739.0,2592.0,5277.0,6490.0,4103.0,11192.0,1912.0
13798.0,38754.0,7192.0,3198.0,1745.0,2573.0,5551.0,6436.0,4157.0,11010.0,1910.0
14071.0,39854.0,7291.0,3223.0,1750.0,2569.0,5768.0,6367.0,4204.0,10870.0,1914.0
13634.0,40697.0,7442.0,3244.0,1778.0,2563.0,6000.0,6387.0,4279.0,10780.0,1912.0
13082.0,41334.0,7502.0,3217.0,1789.0,2403.0,6213.0,6427.0,4219.0,10820.0,1832.0
12698.0,41648.0,7538.0,3233.0,1785.0,2426.0,6353.0,6494.0,4264.0,10984.0,1806.0
12452.0,41614.0,7796.0,3245.0,1787.0,2445.0,6459.0,6521.0,4287.0,11120.0,1835.0
12012.0,41767.0,7612.0,3254.0,1798.0,2314.0,6378.0,6608.0,4303.0,11255.0,1817.0
11356.0,42248.0,7214.0,3175.0,1782.0,2166.0,6259.0,6767.0,4134.0,11566.0,1804.0
10560.0,40656.0,6816.0,2986.0,1659.0,2043.0,6130.0,6627.0,3834.0,11536.0,1798.0
9857.0,37765.0,6475.0,2786.0,1566.0,1929.0,5840.0,6278.0,3591.0,11016.0,1774.0
8923.0,34252.0,6131.0,2630.0,1473.0,1797.0,5506.0,5847.0,3317.0,10295.0,1704.0
8312.0,31385.0,5942.0,2505.0,1412.0,1739.0,5057.0,5490.0,3185.0,9737.0,1688.0
7868.0,29051.0,5804.0,2435.0,1347.0,1718.0,4573.0,5225.0,3073.0,9286.0,1663.0
7596.0,27411.0,5753.0,2400.0,1353.0,1692.0,4307.0,5088.0,3056.0,9034.0,1673.0
7403.0,26391.0,5765.0,2382.0,1353.0,1700.0,4031.0,5031.0,3049.0,8914.0,1656.0
7267.0,25896.0,5723.0,2406.0,1370.0,1749.0,3906.0,5022.0,3060.0,8927.0,1650.0
7278.0,25635.0,5882.0,2470.0,1398.0,1811.0,3801.0,5108.0,3142.0,9063.0,1661.0
8068.0,25357.0,6270.0,2663.0,1531.0,2022.0,3809.0,5247.0,3485.0,9407.0,1750.0
9094.0,26380.0,6547.0,2879.0,1614.0,2250.0,3664.0,5606.0,3753.0,10050.0,1827.0
9982.0,28846.0,6938.0,3015.0,1654.0,2342.0,3922.0,6078.0,3932.0,10856.0,1959.0
10844.0,31057.0,7137.0,3068.0,1694.0,2411.0,4339.0,6345.0,4027.0,11276.0,1969.0
11541.0,32722.0,7213.0,3095.0,1693.0,2471.0,4657.0,6432.0,4149.0,11276.0,1952.0
12175.0,33963.0,7214.0,3118.0,1726.0,2511.0,5046.0,6469.0,4196.0,11225.0,1916.0
12676.0,34587.0,7189.0,3158.0,1714.0,2565.0,5330.0,6427.0,4294.0,11069.0,1919.0
13135.0,35620.0,7293.0,3169.0,1735.0,2516.0,5606.0,6406.0,4352.0,10956.0,1948.0
13647.0,36548.0,7532.0,3201.0,1729.0,2508.0,5881.0,6372.0,4475.0,10804.0,1979.0
13899.0,37285.0,7828.0,3245.0,1782.0,2496.0,6101.0,6397.0,4515.0,10782.0,1994.0
13841.0,37813.0,7791.0,3230.0,1802.0,2355.0,6355.0,6452.0,4472.0,10831.0,1922.0
13575.0,38259.0,7721.0,3235.0,1835.0,2388.0,6467.0,6566.0,4518.0,11095.0,1927.0
13526.0,38933.0,7930.0,3303.0,1831.0,2467.0,6520.0,6633.0,4577.0,11347.0,1937.0
11581.0,40684.0,7789.0,3110.0,1924.0,2293.0,5470.0,7384.0,4240.0,12900.0,1920.0
10985.0,39727.0,7330.0,2963.0,1835.0,2109.0,5398.0,7244.0,4012.0,12699.0,1892.0
9980.0,37420.0,6972.0,2761.0,1682.0,1970.0,5229.0,6903.0,3751.0,12205.0,1854.0
9136.0,34439.0,6594.0,2583.0,1565.0,1853.0,4958.0,6045.0,3526.0,10778.0,1838.0
8392.0,31575.0,6341.0,2450.0,1484.0,1767.0,4659.0,5566.0,3387.0,9941.0,1789.0
8090.0,29276.0,6245.0,2401.0,1442.0,1774.0,3982.0,5338.0,3294.0,9428.0,1765.0
7804.0,27203.0,6256.0,2366.0,1432.0,1789.0,4042.0,5132.0,3280.0,9015.0,1781.0
7640.0,26238.0,6325.0,2387.0,1435.0,1834.0,3866.0,5077.0,3300.0,8893.0,1787.0
7722.0,25557.0,6581.0,2483.0,1462.0,1947.0,3737.0,5132.0,3459.0,8949.0,1800.0
8323.0,25581.0,7048.0,2747.0,1577.0,2125.0,3688.0,5285.0,3784.0,9253.0,1850.0
9079.0,26764.0,7508.0,3066.0,1790.0,2243.0,3733.0,5894.0,4267.0,10175.0,1914.0
9405.0,29685.0,7743.0,3295.0,1973.0,2354.0,3898.0,6732.0,4608.0,11562.0,1982.0
9983.0,33244.0,7959.0,3411.0,1997.0,2495.0,4295.0,7364.0,4662.0,12718.0,2000.0
10612.0,35045.0,7991.0,3413.0,1984.0,2600.0,4482.0,7437.0,4679.0,12972.0,2036.0
11093.0,37174.0,7863.0,3356.0,1953.0,2592.0,4677.0,7441.0,4632.0,13041.0,1986.0
11566.0,38351.0,7727.0,3270.0,1908.0,2616.0,4783.0,7429.0,4516.0,12856.0,1954.0
12127.0,38603.0,7839.0,3214.0,1870.0,2632.0,4888.0,7231.0,4485.0,12550.0,2041.0
12536.0,38487.0,7907.0,3147.0,1848.0,2622.0,4877.0,7150.0,4421.0,12304.0,2011.0
12767.0,38766.0,7948.0,3083.0,1820.0,2616.0,4856.0,7027.0,4390.0,12105.0,2042.0
12948.0,38995.0,8042.0,3077.0,1835.0,2560.0,4909.0,6908.0,4439.0,11850.0,2028.0
12998.0,38813.0,8247.0,3099.0,1884.0,2511.0,4921.0,6874.0,4458.0,11788.0,2070.0
13046.0,38996.0,8689.0,3203.0,1942.0,2559.0,4992.0,6965.0,4599.0,11990.0,2065.0
13260.0,39222.0,8855.0,3362.0,2037.0,2631.0,5029.0,7163.0,4764.0,12423.0,2132.0
12809.0,41409.0,8704.0,3378.0,2069.0,2547.0,5249.0,7600.0,4752.0,13207.0,2128.0
11963.0,42568.0,8232.0,3285.0,1995.0,2377.0,5533.0,7680.0,4566.0,13416.0,2103.0
11111.0,41507.0,7653.0,3089.0,1870.0,2205.0,5496.0,7467.0,4294.0,13106.0,2031.0
10091.0,39280.0,7089.0,2859.0,1717.0,2020.0,5379.0,6993.0,3995.0,12363.0,1946.0
9099.0,36209.0,6669.0,2659.0,1592.0,1890.0,5114.0,6425.0,3719.0,11440.0,1875.0
8391.0,32942.0,6398.0,2498.0,1507.0,1816.0,4773.0,5908.0,3463.0,10514.0,1815.0
7877.0,30049.0,6182.0,2408.0,1443.0,1780.0,4419.0,5526.0,3368.0,9807.0,1798.0
7631.0,28075.0,6162.0,2343.0,1418.0,1794.0,4064.0,5306.0,3309.0,9385.0,1788.0
7493.0,26996.0,6197.0,2331.0,1423.0,1846.0,3925.0,5204.0,3319.0,9204.0,1794.0
7593.0,26347.0,6423.0,2427.0,1455.0,1960.0,3830.0,5166.0,3409.0,9189.0,1813.0
8138.0,26317.0,6993.0,2674.0,1557.0,2125.0,3758.0,5365.0,3677.0,9469.0,1818.0
8851.0,27502.0,7403.0,2941.0,1797.0,2257.0,3797.0,5887.0,4177.0,10409.0,1915.0
9137.0,29949.0,7650.0,3194.0,1977.0,2358.0,4002.0,6731.0,4445.0,11874.0,1953.0
9647.0,32908.0,7796.0,3322.0,2029.0,2493.0,4370.0,7350.0,4536.0,13064.0,1969.0
10046.0,34953.0,7865.0,3357.0,2027.0,2591.0,4545.0,7416.0,4579.0,13293.0,2006.0
10368.0,36906.0,7721.0,3288.0,1994.0,2599.0,4719.0,7444.0,4529.0,13241.0,1989.0
10710.0,37759.0,7714.0,3215.0,1939.0,2599.0,4833.0,7378.0,4446.0,12988.0,1955.0
11208.0,37742.0,7854.0,3183.0,1899.0,2597.0,4938.0,7206.0,4442.0,12531.0,2049.0
11659.0,37357.0,7912.0,3095.0,1873.0,2575.0,5012.0,7080.0,4326.0,12140.0,1997.0
11963.0,37445.0,7990.0,3051.0,1851.0,2583.0,5025.0,6903.0,4319.0,11807.0,2034.0
12163.0,37242.0,8076.0,3051.0,1836.0,2552.0,5129.0,6766.0,4316.0,11498.0,2029.0
12136.0,37058.0,8266.0,3059.0,1876.0,2507.0,5126.0,6713.0,4340.0,11332.0,2051.0
12224.0,37038.0,8664.0,3144.0,1930.0,2560.0,5166.0,6777.0,4479.0,11525.0,2086.0
12529.0,37315.0,8840.0,3324.0,2066.0,2616.0,5209.0,6988.0,4767.0,12011.0,2149.0
12261.0,39915.0,8679.0,3420.0,2124.0,2543.0,5306.0,7494.0,4766.0,13038.0,2169.0
11565.0,41642.0,8261.0,3353.0,2065.0,2368.0,5644.0,7694.0,4603.0,13570.0,2115.0
10891.0,40822.0,7642.0,3176.0,1957.0,2197.0,5585.0,7560.0,4370.0,13434.0,2054.0
9947.0,38613.0,7042.0,2948.0,1839.0,2035.0,5474.0,7129.0,4077.0,12795.0,1952.0
8943.0,35832.0,6649.0,2768.0,1688.0,1888.0,5165.0,6683.0,3795.0,11953.0,1865.0
8226.0,32591.0,6479.0,2652.0,1610.0,1821.0,4807.0,6148.0,3606.0,11119.0,1835.0
7770.0,29995.0,6319.0,2574.0,1578.0,1767.0,4409.0,5754.0,3484.0,10315.0,1807.0
7478.0,27855.0,6334.0,2530.0,1557.0,1770.0,4106.0,5541.0,3443.0,9904.0,1807.0
7369.0,26733.0,6372.0,2548.0,1557.0,1818.0,3878.0,5478.0,3434.0,9805.0,1811.0
7470.0,26344.0,6666.0,2653.0,1577.0,1935.0,3781.0,5518.0,3590.0,9843.0,1829.0
8025.0,26387.0,7217.0,2934.0,1677.0,2112.0,3745.0,5710.0,3920.0,10170.0,1868.0
8752.0,27442.0,7734.0,3272.0,1899.0,2263.0,3769.0,6275.0,4437.0,11102.0,1984.0
9159.0,30164.0,8000.0,3499.0,2095.0,2346.0,3970.0,7203.0,4747.0,12561.0,2039.0
9483.0,33393.0,8190.0,3568.0,2115.0,2463.0,4304.0,7799.0,4781.0,13825.0,2062.0
9814.0,35144.0,8267.0,3531.0,2076.0,2579.0,4482.0,7832.0,4800.0,14007.0,2086.0
10014.0,37138.0,8129.0,3443.0,2037.0,2592.0,4676.0,7811.0,4659.0,13853.0,2071.0
10293.0,38114.0,7985.0,3333.0,1980.0,2587.0,4803.0,7703.0,4548.0,13522.0,2031.0
10631.0,37740.0,8007.0,3255.0,1990.0,2600.0,4873.0,7477.0,4449.0,13032.0,2091.0
11066.0,37397.0,7959.0,3165.0,1905.0,2591.0,4908.0,7293.0,4390.0,12648.0,2061.0
11401.0,37545.0,7914.0,3116.0,1867.0,2578.0,4908.0,7113.0,4376.0,12340.0,2062.0
11462.0,37783.0,7998.0,3098.0,1868.0,2502.0,4985.0,6952.0,4364.0,12065.0,2091.0
11528.0,37663.0,8209.0,3094.0,1908.0,2443.0,4956.0,6894.0,4387.0,11983.0,2095.0
11516.0,37760.0,8634.0,3156.0,1944.0,2474.0,5093.0,6944.0,4468.0,12254.0,2077.0
11561.0,37959.0,8790.0,3288.0,2045.0,2524.0,5090.0,7150.0,4602.0,12662.0,2124.0
11117.0,39786.0,8710.0,3335.0,2043.0,2472.0,5209.0,7437.0,4638.0,13170.0,2130.0
10753.0,40486.0,8433.0,3294.0,2006.0,2351.0,5449.0,7423.0,4561.0,13233.0,2115.0
10237.0,39555.0,7946.0,3169.0,1939.0,2187.0,5326.0,7366.0,4359.0,12976.0,2063.0
9335.0,37944.0,7355.0,2983.0,1797.0,2017.0,5179.0,7068.0,4116.0,12513.0,1927.0
8490.0,35470.0,6904.0,2800.0,1645.0,1916.0,4973.0,6479.0,3832.0,11412.0,1842.0
7725.0,32351.0,6576.0,2680.0,1544.0,1829.0,4727.0,5993.0,3656.0,10594.0,1775.0
7402.0,29635.0,6500.0,2589.0,1516.0,1787.0,4339.0,5720.0,3538.0,10054.0,1764.0
7222.0,27534.0,6532.0,2565.0,1494.0,1801.0,4083.0,5479.0,3519.0,9534.0,1765.0
7146.0,26719.0,6564.0,2572.0,1487.0,1871.0,3925.0,5336.0,3540.0,9315.0,1774.0
7233.0,26071.0,6826.0,2650.0,1511.0,2005.0,3818.0,5339.0,3672.0,9322.0,1808.0
7742.0,25984.0,7426.0,2930.0,1630.0,2148.0,3769.0,5499.0,4024.0,9529.0,1843.0
8500.0,27198.0,7796.0,3226.0,1813.0,2277.0,3825.0,6031.0,4536.0,10354.0,1934.0
8841.0,29870.0,7895.0,3443.0,2009.0,2333.0,4014.0,6878.0,4847.0,11697.0,1972.0
9169.0,33177.0,8053.0,3533.0,2015.0,2461.0,4405.0,7455.0,4857.0,12956.0,1977.0
9419.0,35144.0,7987.0,3533.0,2011.0,2455.0,4575.0,7476.0,4837.0,13159.0,2031.0
9640.0,37058.0,7800.0,3451.0,1973.0,2441.0,4729.0,7446.0,4724.0,13030.0,1968.0
9820.0,37857.0,7680.0,3336.0,1916.0,2471.0,4793.0,7302.0,4577.0,12654.0,1954.0
10301.0,37508.0,7592.0,3246.0,1872.0,2471.0,4839.0,7082.0,4525.0,12126.0,1939.0
10580.0,37287.0,7603.0,3178.0,1849.0,2477.0,4924.0,6962.0,4489.0,11892.0,1954.0
10877.0,37501.0,7624.0,3101.0,1825.0,2443.0,4934.0,6836.0,4423.0,11550.0,1951.0
11218.0,37438.0,7728.0,3092.0,1841.0,2447.0,5007.0,6710.0,4436.0,11317.0,2004.0
11274.0,37198.0,7966.0,3092.0,1873.0,2404.0,5051.0,6621.0,4403.0,11216.0,1991.0
11442.0,37394.0,8462.0,3192.0,1924.0,2521.0,5070.0,6694.0,4577.0,11374.0,2036.0
11877.0,37813.0,8689.0,3400.0,2081.0,2586.0,5095.0,7016.0,4882.0,11967.0,2115.0
11487.0,40341.0,8526.0,3466.0,2112.0,2555.0,5191.0,7601.0,4836.0,13007.0,2101.0
10782.0,41857.0,8104.0,3404.0,2055.0,2375.0,5546.0,7752.0,4681.0,13507.0,2076.0
10036.0,41002.0,7621.0,3267.0,1958.0,2219.0,5447.0,7603.0,4473.0,13345.0,1987.0
9145.0,38518.0,7081.0,3048.0,1824.0,2068.0,5262.0,7202.0,4198.0,12720.0,1925.0
8275.0,35647.0,6665.0,2877.0,1687.0,1938.0,4940.0,6703.0,3888.0,11908.0,1831.0
7625.0,32072.0,6421.0,2757.0,1612.0,1862.0,4625.0,6187.0,3717.0,11023.0,1802.0
7269.0,29263.0,6298.0,2688.0,1565.0,1802.0,4282.0,5856.0,3631.0,10453.0,1761.0
7148.0,27285.0,6308.0,2622.0,1552.0,1838.0,4013.0,5618.0,3584.0,10003.0,1793.0
7032.0,26363.0,6293.0,2622.0,1557.0,1884.0,3848.0,5573.0,3615.0,9929.0,1786.0
7147.0,25817.0,6579.0,2727.0,1584.0,1996.0,3790.0,5577.0,3757.0,9955.0,1804.0
7680.0,25798.0,7209.0,2985.0,1703.0,2160.0,3780.0,5825.0,4111.0,10399.0,1872.0
8439.0,26997.0,7723.0,3277.0,1905.0,2293.0,3797.0,6413.0,4644.0,11397.0,1958.0
8801.0,30118.0,7938.0,3526.0,2133.0,2323.0,4007.0,7316.0,4968.0,12938.0,2014.0
9098.0,33297.0,8154.0,3622.0,2134.0,2419.0,4394.0,7983.0,5043.0,14259.0,2036.0
9370.0,34901.0,8148.0,3628.0,2108.0,2474.0,4541.0,8035.0,5020.0,14547.0,2059.0
9517.0,36772.0,7949.0,3538.0,2050.0,2463.0,4700.0,8003.0,4864.0,14345.0,2042.0
9689.0,37488.0,7825.0,3410.0,1990.0,2487.0,4776.0,7795.0,4698.0,13924.0,2011.0
9921.0,37418.0,7691.0,3280.0,1930.0,2477.0,4829.0,7461.0,4560.0,13272.0,1984.0
10221.0,37141.0,7603.0,3197.0,1887.0,2481.0,4852.0,7235.0,4516.0,12725.0,1957.0
10564.0,37437.0,7605.0,3153.0,1855.0,2424.0,4845.0,7031.0,4430.0,12183.0,1943.0
10865.0,37409.0,7628.0,3122.0,1842.0,2451.0,4905.0,6866.0,4388.0,11934.0,1954.0
10785.0,37173.0,7785.0,3088.0,1872.0,2357.0,4901.0,6746.0,4388.0,11762.0,1931.0
10968.0,37235.0,8324.0,3167.0,1916.0,2426.0,4905.0,6801.0,4540.0,11848.0,1956.0
11342.0,37409.0,8560.0,3332.0,2055.0,2515.0,4881.0,7060.0,4765.0,12427.0,2069.0
10858.0,39614.0,8459.0,3418.0,2053.0,2436.0,5018.0,7555.0,4698.0,13288.0,2063.0
10294.0,40670.0,8141.0,3352.0,2031.0,2314.0,5366.0,7559.0,4616.0,13451.0,1990.0
9743.0,39583.0,7761.0,3215.0,1962.0,2175.0,5291.0,7418.0,4415.0,13191.0,1946.0
8980.0,37467.0,7307.0,3061.0,1842.0,2064.0,5093.0,7102.0,4166.0,12636.0,1875.0
8223.0,35391.0,6950.0,2889.0,1733.0,1958.0,4865.0,6924.0,3898.0,12179.0,1821.0
7654.0,32388.0,6665.0,2762.0,1630.0,1844.0,4615.0,6435.0,3716.0,11347.0,1774.0
7254.0,29484.0,6482.0,2659.0,1577.0,1798.0,4332.0,6056.0,3647.0,10655.0,1752.0
6982.0,27435.0,6486.0,2619.0,1537.0,1771.0,4066.0,5776.0,3582.0,10002.0,1762.0
6933.0,26243.0,6472.0,2605.0,1507.0,1785.0,3908.0,5648.0,3588.0,9758.0,1757.0
6908.0,25486.0,6538.0,2647.0,1548.0,1798.0,3807.0,5597.0,3655.0,9609.0,1749.0
7081.0,25283.0,6785.0,2744.0,1578.0,1877.0,3733.0,5671.0,3786.0,9678.0,1780.0
7291.0,25521.0,6939.0,2895.0,1638.0,1959.0,3699.0,5876.0,3993.0,9977.0,1786.0
7594.0,26268.0,7093.0,3073.0,1765.0,2064.0,3757.0,6224.0,4276.0,10541.0,1818.0
8242.0,27141.0,7401.0,3260.0,1844.0,2257.0,3908.0,6692.0,4532.0,11316.0,1942.0
8722.0,28805.0,7580.0,3300.0,1878.0,2331.0,3949.0,7058.0,4527.0,12011.0,2031.0
9111.0,30854.0,7455.0,3278.0,1886.0,2351.0,4154.0,7302.0,4531.0,12508.0,2042.0
9467.0,32240.0,7375.0,3200.0,1878.0,2389.0,4137.0,7229.0,4425.0,12511.0,1994.0
9938.0,32878.0,7273.0,3126.0,1809.0,2395.0,4480.0,7038.0,4328.0,12252.0,1977.0
10321.0,33089.0,7270.0,3020.0,1797.0,2392.0,4547.0,6827.0,4196.0,11869.0,1956.0
10829.0,33509.0,7363.0,2970.0,1794.0,2377.0,4611.0,6618.0,4164.0,11469.0,1959.0
11329.0,33910.0,7271.0,2955.0,1773.0,2389.0,4659.0,6471.0,4156.0,11166.0,1922.0
11359.0,34244.0,7439.0,2949.0,1815.0,2281.0,4700.0,6439.0,4188.0,11104.0,1894.0
11471.0,34289.0,7971.0,3000.0,1851.0,2384.0,4703.0,6454.0,4259.0,11150.0,1866.0
11611.0,35039.0,7975.0,3154.0,1929.0,2428.0,4721.0,6661.0,4422.0,11566.0,1918.0
11004.0,37290.0,7955.0,3179.0,1953.0,2377.0,4877.0,7080.0,4429.0,12213.0,1932.0
10440.0,37941.0,7695.0,3132.0,1910.0,2262.0,5142.0,7074.0,4355.0,12256.0,1919.0
9870.0,37014.0,7536.0,3026.0,1825.0,2152.0,5010.0,6951.0,4183.0,11975.0,1954.0
9180.0,35218.0,7040.0,2897.0,1729.0,2024.0,4853.0,6704.0,3959.0,11562.0,1817.0
8503.0,33471.0,6685.0,2772.0,1623.0,1908.0,4653.0,6405.0,3763.0,11059.0,1788.0
7923.0,31116.0,6376.0,2630.0,1537.0,1814.0,4464.0,6038.0,3581.0,10378.0,1729.0
7504.0,28803.0,6280.0,2599.0,1491.0,1776.0,4250.0,5687.0,3452.0,9774.0,1709.0
7213.0,26486.0,6278.0,2574.0,1450.0,1733.0,3953.0,5443.0,3394.0,9298.0,1734.0
7055.0,25259.0,6207.0,2532.0,1423.0,1735.0,3820.0,5300.0,3401.0,9029.0,1757.0
6992.0,24773.0,6188.0,2583.0,1426.0,1753.0,3716.0,5241.0,3453.0,8799.0,1727.0
7022.0,24832.0,6221.0,2779.0,1473.0,1798.0,3638.0,5228.0,3510.0,8810.0,1711.0
7218.0,25098.0,6365.0,2860.0,1548.0,1863.0,3629.0,5350.0,3673.0,8989.0,1708.0
7395.0,25191.0,6591.0,3009.0,1638.0,1976.0,3663.0,5546.0,3931.0,9395.0,1726.0
8100.0,26411.0,6916.0,3075.0,1747.0,2217.0,3744.0,5909.0,4222.0,9981.0,1872.0
8645.0,28260.0,7151.0,3078.0,1794.0,2262.0,3833.0,6374.0,4315.0,10770.0,1970.0
9290.0,29938.0,7179.0,3016.0,1794.0,2314.0,3986.0,6746.0,4333.0,11465.0,1957.0
9932.0,30981.0,7203.0,2921.0,1761.0,2355.0,4215.0,6859.0,4259.0,11673.0,1951.0
10698.0,31705.0,7210.0,2899.0,1747.0,2384.0,4390.0,6760.0,4213.0,11538.0,1945.0
11228.0,31946.0,7247.0,2917.0,1761.0,2390.0,4463.0,6634.0,4111.0,11298.0,1920.0
11716.0,32202.0,7456.0,2999.0,1770.0,2392.0,4508.0,6522.0,4107.0,11161.0,1961.0
11976.0,32536.0,7483.0,3043.0,1767.0,2432.0,4569.0,6454.0,4083.0,11000.0,1957.0
11963.0,32956.0,7698.0,3035.0,1833.0,2357.0,4573.0,6404.0,4150.0,10969.0,1929.0
11991.0,33638.0,8355.0,3075.0,1951.0,2463.0,4596.0,6440.0,4297.0,11043.0,1935.0
12084.0,36765.0,8406.0,3125.0,2006.0,2539.0,4600.0,6708.0,4502.0,11629.0,1966.0
11616.0,38218.0,8245.0,3068.0,2000.0,2476.0,4818.0,7301.0,4538.0,12776.0,2006.0
11115.0,41488.0,9939.0,3931.0,2324.0,2863.0,5624.0,8723.0,5377.0,15542.0,2272.0
10661.0,41371.0,9605.0,3743.0,2241.0,2740.0,5608.0,8649.0,5252.0,15344.0,2267.0
9890.0,40471.0,8868.0,3494.0,2068.0,2539.0,5527.0,8389.0,4939.0,14915.0,2147.0
9195.0,38573.0,8283.0,3278.0,1898.0,2351.0,5322.0,7878.0,4579.0,14049.0,2051.0
8719.0,35470.0,7881.0,3097.0,1790.0,2244.0,5093.0,7260.0,4309.0,12956.0,1983.0
8473.0,32252.0,7767.0,3001.0,1717.0,2208.0,4830.0,6669.0,4188.0,11887.0,1963.0
8447.0,29923.0,7818.0,2958.0,1706.0,2231.0,4588.0,6295.0,4101.0,11133.0,2011.0
8567.0,28543.0,7773.0,2959.0,1671.0,2287.0,4482.0,6123.0,4020.0,10856.0,1987.0
8912.0,27703.0,7843.0,3053.0,1698.0,2318.0,4432.0,6039.0,4069.0,10728.0,1997.0
9738.0,27558.0,8134.0,3290.0,1805.0,2434.0,4449.0,6118.0,4279.0,10812.0,2031.0
11088.0,28013.0,8843.0,3577.0,2023.0,2613.0,4519.0,6387.0,4718.0,11367.0,2097.0
11532.0,30136.0,9204.0,3788.0,2264.0,2739.0,4787.0,7035.0,5272.0,12538.0,2194.0
11390.0,34235.0,9439.0,3955.0,2309.0,2831.0,5133.0,7991.0,5598.0,14301.0,2257.0
10978.0,37214.0,9350.0,3972.0,2289.0,2832.0,5249.0,8608.0,5615.0,15416.0,2270.0
10419.0,39292.0,9199.0,3901.0,2249.0,2784.0,5351.0,8688.0,5556.0,15476.0,2276.0
9907.0,39839.0,8891.0,3799.0,2198.0,2701.0,5355.0,8635.0,5454.0,15282.0,2226.0
9593.0,39558.0,8753.0,3705.0,2168.0,2613.0,5254.0,8506.0,5296.0,14970.0,2192.0
9440.0,38575.0,8672.0,3661.0,2153.0,2622.0,5062.0,8299.0,5246.0,14585.0,2204.0
9244.0,37916.0,8601.0,3683.0,2123.0,2601.0,4982.0,8199.0,5252.0,14386.0,2230.0
9266.0,37485.0,8737.0,3725.0,2120.0,2632.0,4930.0,8155.0,5253.0,14199.0,2267.0
9413.0,37024.0,9175.0,3877.0,2244.0,2605.0,4881.0,8095.0,5316.0,14113.0,2269.0
10538.0,37345.0,10010.0,4075.0,2415.0,2864.0,4898.0,8285.0,5672.0,14520.0,2371.0
11609.0,39527.0,10244.0,4167.0,2475.0,3003.0,5305.0,8771.0,5897.0,15533.0,2404.0
11636.0,44326.0,10197.0,4142.0,2449.0,2934.0,5755.0,9272.0,5837.0,16478.0,2407.0
11415.0,45667.0,9936.0,4023.0,2410.0,2860.0,5887.0,9379.0,5723.0,16596.0,2357.0
11032.0,45126.0,9414.0,3812.0,2300.0,2756.0,5836.0,9205.0,5534.0,16362.0,2309.0
10195.0,43435.0,8710.0,3547.0,2120.0,2540.0,5706.0,8896.0,5184.0,15775.0,2208.0
9398.0,40671.0,8054.0,3296.0,1924.0,2325.0,5459.0,8355.0,4720.0,14927.0,2096.0
9055.0,36924.0,7583.0,3106.0,1811.0,2205.0,5135.0,7618.0,4379.0,13592.0,1995.0
8757.0,32927.0,7504.0,2982.0,1729.0,2158.0,4821.0,6955.0,4204.0,12462.0,1982.0
8713.0,30189.0,7486.0,2930.0,1708.0,2157.0,4532.0,6462.0,4099.0,11560.0,2046.0
8722.0,28505.0,7435.0,2948.0,1688.0,2201.0,4396.0,6247.0,4027.0,11208.0,1992.0
9087.0,27935.0,7521.0,3008.0,1725.0,2261.0,4352.0,6129.0,4088.0,11070.0,1999.0
9893.0,27471.0,7889.0,3237.0,1805.0,2346.0,4331.0,6173.0,4230.0,11087.0,2044.0
11154.0,27829.0,8586.0,3490.0,2029.0,2547.0,4382.0,6366.0,4602.0,11529.0,2105.0
11575.0,30025.0,9040.0,3725.0,2229.0,2644.0,4617.0,6995.0,5119.0,12748.0,2184.0
11408.0,33878.0,9297.0,3877.0,2303.0,2745.0,4891.0,7885.0,5454.0,14360.0,2235.0
10980.0,37244.0,9174.0,3922.0,2280.0,2757.0,4993.0,8500.0,5484.0,15360.0,2267.0
10390.0,39327.0,8974.0,3895.0,2219.0,2688.0,5139.0,8533.0,5397.0,15351.0,2232.0
9839.0,40202.0,8698.0,3845.0,2156.0,2609.0,5190.0,8432.0,5252.0,15198.0,2204.0
9614.0,39974.0,8571.0,3787.0,2153.0,2573.0,5121.0,8275.0,5179.0,14871.0,2174.0
9345.0,39423.0,8477.0,3775.0,2103.0,2560.0,5048.0,8089.0,5124.0,14476.0,2149.0
9245.0,38916.0,8431.0,3763.0,2094.0,2542.0,4930.0,7955.0,5028.0,14300.0,2190.0
9258.0,38633.0,8589.0,3801.0,2120.0,2552.0,4873.0,7874.0,5082.0,14090.0,2215.0
9359.0,37835.0,9114.0,3922.0,2216.0,2529.0,4869.0,7877.0,5158.0,13994.0,2243.0
10491.0,37964.0,9970.0,4073.0,2386.0,2791.0,4901.0,8006.0,5513.0,14273.0,2339.0
11459.0,40037.0,10209.0,4126.0,2443.0,2882.0,5283.0,8470.0,5664.0,15153.0,2385.0
11555.0,44323.0,10174.0,4107.0,2411.0,2867.0,5723.0,8960.0,5635.0,15912.0,2375.0
11332.0,45184.0,9894.0,3982.0,2356.0,2794.0,5829.0,9044.0,5555.0,16020.0,2340.0
10990.0,44501.0,9475.0,3763.0,2261.0,2692.0,5789.0,8946.0,5331.0,15768.0,2311.0
10181.0,42850.0,8799.0,3496.0,2097.0,2499.0,5604.0,8649.0,5067.0,15291.0,2210.0
9385.0,40335.0,8095.0,3243.0,1890.0,2300.0,5366.0,8166.0,4608.0,14438.0,2077.0
8870.0,36918.0,7619.0,3042.0,1776.0,2171.0,5023.0,7438.0,4253.0,13228.0,1980.0
8569.0,32853.0,7438.0,2910.0,1709.0,2129.0,4643.0,6786.0,4063.0,12083.0,1971.0
8473.0,30071.0,7412.0,2866.0,1659.0,2131.0,4384.0,6299.0,3981.0,11199.0,1990.0
8577.0,28498.0,7377.0,2836.0,1653.0,2163.0,4256.0,6082.0,3909.0,10846.0,1956.0
8834.0,27788.0,7441.0,2911.0,1670.0,2224.0,4159.0,5966.0,3973.0,10629.0,1976.0
9603.0,27337.0,7779.0,3135.0,1778.0,2316.0,4171.0,5957.0,4125.0,10629.0,1998.0
10834.0,27753.0,8486.0,3413.0,1977.0,2550.0,4240.0,6193.0,4527.0,11066.0,2068.0
11268.0,29722.0,8891.0,3652.0,2192.0,2621.0,4432.0,6891.0,5051.0,12271.0,2142.0
11154.0,33670.0,9191.0,3793.0,2242.0,2701.0,4789.0,7768.0,5411.0,13884.0,2253.0
10790.0,36615.0,8943.0,3838.0,2217.0,2721.0,4899.0,8414.0,5344.0,14965.0,2239.0
10336.0,38430.0,9000.0,3792.0,2192.0,2683.0,4993.0,8520.0,5342.0,15168.0,2219.0
9890.0,39266.0,8744.0,3744.0,2165.0,2610.0,5093.0,8497.0,5296.0,15077.0,2227.0
9615.0,39154.0,8572.0,3684.0,2120.0,2552.0,4993.0,8381.0,5214.0,14793.0,2182.0
9445.0,38317.0,8511.0,3684.0,2103.0,2546.0,4861.0,8230.0,5146.0,14507.0,2188.0
9286.0,37714.0,8445.0,3676.0,2093.0,2544.0,4796.0,8139.0,5120.0,14339.0,2194.0
9320.0,37379.0,8642.0,3773.0,2127.0,2568.0,4684.0,8099.0,5128.0,14179.0,2225.0
9449.0,36990.0,9097.0,3870.0,2236.0,2528.0,4671.0,8077.0,5199.0,14112.0,2246.0
10518.0,37257.0,9878.0,4041.0,2371.0,2793.0,4729.0,8203.0,5502.0,14399.0,2332.0
11466.0,39283.0,10181.0,4088.0,2443.0,2893.0,5113.0,8658.0,5662.0,15313.0,2395.0
11551.0,43631.0,10088.0,4075.0,2422.0,2822.0,5532.0,9072.0,5640.0,16019.0,2361.0
11338.0,44772.0,9882.0,3968.0,2336.0,2784.0,5707.0,9102.0,5500.0,16131.0,2325.0
11166.0,44029.0,9411.0,3750.0,2254.0,2652.0,5672.0,8946.0,5358.0,15785.0,2277.0
10269.0,42540.0,8724.0,3488.0,2066.0,2454.0,5567.0,8711.0,5001.0,15352.0,2178.0
9446.0,40262.0,8042.0,3255.0,1898.0,2250.0,5344.0,8214.0,4570.0,14503.0,2059.0
8918.0,36708.0,7582.0,3044.0,1756.0,2140.0,5080.0,7527.0,4226.0,13332.0,1977.0
8661.0,32713.0,7411.0,2905.0,1714.0,2066.0,4732.0,6825.0,4054.0,12144.0,1961.0
8540.0,29757.0,7382.0,2830.0,1679.0,2070.0,4464.0,6352.0,3955.0,11287.0,1981.0
8658.0,28332.0,7291.0,2819.0,1656.0,2121.0,4310.0,6155.0,3899.0,10866.0,1960.0
8970.0,27521.0,7423.0,2900.0,1667.0,2208.0,4262.0,6048.0,3899.0,10718.0,1954.0
9787.0,27023.0,7739.0,3120.0,1761.0,2280.0,4247.0,6045.0,4065.0,10693.0,1979.0
10958.0,27322.0,8427.0,3398.0,1977.0,2490.0,4308.0,6279.0,4494.0,11190.0,2062.0
11351.0,29161.0,8771.0,3627.0,2192.0,2612.0,4528.0,6908.0,4968.0,12310.0,2146.0
11281.0,33223.0,9156.0,3813.0,2254.0,2679.0,4902.0,7812.0,5313.0,13917.0,2239.0
10891.0,36240.0,9078.0,3854.0,2241.0,2723.0,4977.0,8472.0,5362.0,14979.0,2246.0
10401.0,38398.0,8918.0,3807.0,2210.0,2686.0,5154.0,8546.0,5308.0,15201.0,2218.0
9860.0,39062.0,8653.0,3759.0,2165.0,2604.0,5162.0,8551.0,5198.0,15152.0,2167.0
9610.0,38716.0,8497.0,3700.0,2133.0,2561.0,5061.0,8383.0,5106.0,14751.0,2142.0
9388.0,37865.0,8380.0,3644.0,2103.0,2550.0,4984.0,8111.0,5033.0,14307.0,2129.0
9248.0,37270.0,8317.0,3650.0,2100.0,2539.0,4894.0,7961.0,4957.0,14015.0,2180.0
9260.0,36989.0,8469.0,3701.0,2114.0,2568.0,4834.0,7859.0,4966.0,13787.0,2192.0
9364.0,36571.0,8922.0,3851.0,2210.0,2551.0,4771.0,7847.0,5094.0,13704.0,2196.0
10410.0,36871.0,9719.0,4061.0,2357.0,2783.0,4853.0,7953.0,5419.0,13997.0,2312.0
11312.0,38768.0,9960.0,4152.0,2426.0,2866.0,5231.0,8520.0,5680.0,15085.0,2368.0
11351.0,43018.0,9944.0,4163.0,2423.0,2840.0,5663.0,9172.0,5688.0,16321.0,2339.0
11065.0,44624.0,9700.0,4079.0,2356.0,2763.0,5735.0,9284.0,5619.0,16512.0,2330.0
10767.0,44271.0,9290.0,3884.0,2258.0,2639.0,5724.0,9222.0,5449.0,16273.0,2281.0
9996.0,42893.0,8620.0,3644.0,2113.0,2464.0,5636.0,8937.0,5124.0,15890.0,2194.0
9146.0,40789.0,7987.0,3399.0,1927.0,2244.0,5408.0,8475.0,4760.0,15189.0,2113.0
8547.0,37436.0,7539.0,3206.0,1802.0,2116.0,5180.0,7817.0,4373.0,14105.0,2044.0
8192.0,33555.0,7381.0,3104.0,1747.0,2053.0,4850.0,7144.0,4194.0,12966.0,2015.0
8064.0,30946.0,7327.0,3039.0,1722.0,2040.0,4571.0,6663.0,4108.0,12099.0,2031.0
8046.0,29283.0,7282.0,3039.0,1714.0,2090.0,4479.0,6403.0,4055.0,11782.0,2031.0
8300.0,28515.0,7358.0,3137.0,1736.0,2136.0,4432.0,6368.0,4118.0,11650.0,2000.0
8893.0,28353.0,7663.0,3350.0,1805.0,2230.0,4462.0,6402.0,4309.0,11716.0,2034.0
9868.0,28825.0,8328.0,3634.0,2028.0,2399.0,4544.0,6644.0,4677.0,12228.0,2110.0
10339.0,30920.0,8764.0,3900.0,2241.0,2583.0,4802.0,7277.0,5207.0,13329.0,2208.0
10707.0,34549.0,9055.0,4037.0,2332.0,2588.0,5153.0,8112.0,5590.0,14811.0,2318.0
10665.0,37673.0,9073.0,4070.0,2347.0,2648.0,5274.0,8759.0,5622.0,15918.0,2296.0
10432.0,39751.0,8933.0,4005.0,2284.0,2631.0,5412.0,8914.0,5565.0,16248.0,2279.0
10172.0,40404.0,8792.0,3868.0,2231.0,2575.0,5486.0,8872.0,5436.0,16127.0,2232.0
9911.0,39617.0,8715.0,3758.0,2146.0,2526.0,5402.0,8620.0,5289.0,15648.0,2208.0
9759.0,38285.0,8810.0,3687.0,2139.0,2509.0,5240.0,8383.0,5175.0,15063.0,2192.0
9499.0,37177.0,8877.0,3655.0,2124.0,2577.0,5119.0,8116.0,5163.0,14611.0,2206.0
9519.0,36396.0,9059.0,3672.0,2127.0,2630.0,5013.0,7995.0,5149.0,14273.0,2194.0
9672.0,35616.0,9522.0,3857.0,2227.0,2605.0,4941.0,7930.0,5177.0,14116.0,2182.0
10710.0,35741.0,10260.0,4050.0,2391.0,2789.0,4918.0,7998.0,5542.0,14316.0,2287.0
11606.0,37621.0,10388.0,4195.0,2452.0,2863.0,5337.0,8536.0,5752.0,15350.0,2356.0
11614.0,42672.0,10276.0,4174.0,2426.0,2827.0,5823.0,8991.0,5747.0,16183.0,2373.0
11457.0,44161.0,9992.0,4104.0,2374.0,2762.0,5980.0,9151.0,5657.0,16321.0,2318.0
11309.0,43796.0,9618.0,3954.0,2309.0,2656.0,5947.0,9029.0,5502.0,16029.0,2269.0
10761.0,42363.0,8989.0,3751.0,2184.0,2525.0,5839.0,8788.0,5276.0,15616.0,2191.0
10060.0,40652.0,8369.0,3544.0,2040.0,2350.0,5686.0,8446.0,4895.0,14958.0,2079.0
9583.0,38187.0,7899.0,3373.0,1930.0,2222.0,5470.0,7894.0,4558.0,14032.0,2016.0
9223.0,34539.0,7719.0,3241.0,1878.0,2125.0,5182.0,7273.0,4400.0,13018.0,1973.0
9098.0,31720.0,7750.0,3184.0,1805.0,2097.0,4881.0,6752.0,4276.0,12023.0,2004.0
9098.0,30298.0,7654.0,3161.0,1789.0,2096.0,4737.0,6478.0,4218.0,11598.0,1996.0
9322.0,29127.0,7665.0,3181.0,1794.0,2092.0,4679.0,6324.0,4220.0,11317.0,1973.0
9587.0,28713.0,7799.0,3265.0,1818.0,2132.0,4672.0,6289.0,4275.0,11291.0,1989.0
10220.0,28843.0,8098.0,3422.0,1900.0,2240.0,4683.0,6327.0,4463.0,11407.0,2006.0
10741.0,29563.0,8406.0,3596.0,2017.0,2369.0,4760.0,6583.0,4735.0,11865.0,2059.0
11144.0,31296.0,8917.0,3751.0,2176.0,2515.0,4873.0,6980.0,5101.0,12626.0,2184.0
11164.0,32150.0,9036.0,3908.0,2264.0,2653.0,4893.0,7482.0,5301.0,13531.0,2269.0
10837.0,34168.0,9077.0,3946.0,2258.0,2645.0,5002.0,7954.0,5387.0,14487.0,2269.0
10414.0,35335.0,8888.0,3898.0,2261.0,2627.0,5137.0,8282.0,5318.0,15085.0,2251.0
10015.0,35423.0,8831.0,3834.0,2242.0,2597.0,5073.0,8399.0,5296.0,15233.0,2247.0
9695.0,34789.0,8642.0,3790.0,2184.0,2620.0,4997.0,8322.0,5162.0,14988.0,2241.0
9408.0,34371.0,8587.0,3765.0,2189.0,2566.0,4864.0,8171.0,5105.0,14755.0,2225.0
9383.0,33859.0,8554.0,3802.0,2196.0,2620.0,4781.0,7998.0,5049.0,14320.0,2135.0
9458.0,33339.0,8929.0,3931.0,2254.0,2529.0,4749.0,7871.0,5056.0,14104.0,2130.0
10421.0,33277.0,9715.0,4047.0,2373.0,2784.0,4732.0,7871.0,5365.0,14135.0,2200.0
11302.0,35214.0,9870.0,4070.0,2379.0,2886.0,5117.0,8247.0,5512.0,14831.0,2247.0
11426.0,40086.0,9860.0,4058.0,2359.0,2880.0,5573.0,8584.0,5469.0,15386.0,2239.0
11408.0,40982.0,9682.0,3952.0,2303.0,2810.0,5642.0,8547.0,5344.0,15348.0,2210.0
11315.0,40825.0,9443.0,3808.0,2237.0,2734.0,5684.0,8409.0,5245.0,15080.0,2192.0
10818.0,40034.0,8861.0,3622.0,2105.0,2601.0,5667.0,8146.0,4996.0,14659.0,2115.0
10177.0,38582.0,8368.0,3385.0,1962.0,2429.0,5548.0,7807.0,4639.0,14130.0,2010.0
9738.0,36238.0,7819.0,3194.0,1855.0,2309.0,5324.0,7302.0,4295.0,13312.0,1954.0
9450.0,33256.0,7639.0,3049.0,1776.0,2232.0,5053.0,6788.0,4118.0,12340.0,1909.0
9309.0,30720.0,7528.0,2960.0,1736.0,2201.0,4848.0,6338.0,3978.0,11584.0,1937.0
9313.0,29163.0,7464.0,2916.0,1706.0,2188.0,4681.0,6066.0,3913.0,11180.0,1932.0
9419.0,28138.0,7383.0,2958.0,1688.0,2218.0,4580.0,5888.0,3904.0,10821.0,1904.0
9663.0,27659.0,7434.0,3019.0,1729.0,2253.0,4557.0,5841.0,3921.0,10751.0,1910.0
10218.0,27542.0,7561.0,3156.0,1798.0,2297.0,4539.0,5872.0,4038.0,10809.0,1932.0
10585.0,28018.0,7787.0,3314.0,1918.0,2359.0,4592.0,6049.0,4319.0,11185.0,1945.0
10914.0,29356.0,8370.0,3463.0,2057.0,2473.0,4647.0,6440.0,4625.0,11834.0,2101.0
10873.0,30416.0,8539.0,3594.0,2092.0,2550.0,4667.0,6923.0,4829.0,12745.0,2155.0
10437.0,32087.0,8511.0,3624.0,2120.0,2528.0,4836.0,7344.0,4939.0,13645.0,2188.0
10043.0,33118.0,8426.0,3624.0,2103.0,2504.0,4908.0,7651.0,4908.0,14151.0,2194.0
9640.0,33399.0,8482.0,3599.0,2094.0,2450.0,4872.0,7693.0,4960.0,14202.0,2212.0
9360.0,32964.0,8367.0,3605.0,2068.0,2434.0,4744.0,7674.0,4904.0,14070.0,2205.0
9110.0,32891.0,8378.0,3608.0,2060.0,2482.0,4637.0,7645.0,4858.0,14071.0,2195.0
9024.0,32552.0,8356.0,3638.0,2089.0,2503.0,4563.0,7543.0,4833.0,13856.0,2144.0
9044.0,32262.0,8795.0,3749.0,2164.0,2421.0,4492.0,7498.0,4820.0,13749.0,2101.0
10065.0,32387.0,9609.0,3876.0,2317.0,2686.0,4472.0,7549.0,5113.0,13931.0,2194.0
10942.0,34228.0,9821.0,3888.0,2359.0,2797.0,4820.0,7948.0,5257.0,14651.0,2218.0
11066.0,39102.0,9797.0,3860.0,2309.0,2789.0,5342.0,8253.0,5232.0,15072.0,2225.0
10622.0,40966.0,8330.0,3633.0,2174.0,2497.0,5306.0,8386.0,5011.0,13910.0,2336.0
10002.0,40663.0,7900.0,3499.0,2116.0,2354.0,5265.0,8282.0,4882.0,13716.0,2255.0
9253.0,38832.0,7290.0,3281.0,1960.0,2174.0,5082.0,7976.0,4570.0,13183.0,2207.0
8351.0,36105.0,6707.0,3019.0,1814.0,2015.0,4842.0,7467.0,4200.0,12434.0,2079.0
7852.0,32882.0,6331.0,2802.0,1706.0,1891.0,4567.0,6819.0,3908.0,11387.0,1984.0
7525.0,29754.0,6231.0,2675.0,1652.0,1826.0,4243.0,6274.0,3771.0,10444.0,1985.0
7259.0,27504.0,6160.0,2605.0,1626.0,1821.0,4079.0,5855.0,3693.0,9752.0,1951.0
7171.0,26369.0,6256.0,2591.0,1604.0,1850.0,3926.0,5649.0,3681.0,9443.0,2006.0
7434.0,25537.0,6407.0,2606.0,1631.0,1885.0,3850.0,5593.0,3706.0,9342.0,2011.0
7993.0,25263.0,6725.0,2754.0,1740.0,1990.0,3841.0,5603.0,3883.0,9400.0,2058.0
9053.0,25613.0,7359.0,3066.0,1950.0,2195.0,3949.0,5873.0,4322.0,9855.0,2111.0
9422.0,27832.0,7670.0,3424.0,2148.0,2297.0,4231.0,6526.0,4783.0,10975.0,2209.0
9515.0,31477.0,7844.0,3559.0,2197.0,2352.0,4459.0,7509.0,4934.0,12742.0,2213.0
9638.0,34045.0,7855.0,3555.0,2188.0,2423.0,4620.0,7982.0,4934.0,13594.0,2198.0
9602.0,35717.0,7693.0,3501.0,2155.0,2426.0,4744.0,7978.0,4852.0,13519.0,2135.0
9706.0,36352.0,7609.0,3409.0,2106.0,2449.0,4760.0,7854.0,4799.0,13229.0,2146.0
9827.0,36327.0,7536.0,3356.0,2074.0,2445.0,4768.0,7719.0,4705.0,12833.0,2134.0
9867.0,36092.0,7543.0,3297.0,2041.0,2436.0,4709.0,7569.0,4629.0,12502.0,2124.0
9966.0,35697.0,7582.0,3245.0,2030.0,2400.0,4643.0,7453.0,4569.0,12203.0,2144.0
10124.0,35543.0,7734.0,3199.0,2014.0,2397.0,4619.0,7321.0,4558.0,11939.0,2215.0
10040.0,35073.0,7874.0,3192.0,2050.0,2369.0,4608.0,7168.0,4527.0,11830.0,2220.0
10236.0,35053.0,8147.0,3293.0,2118.0,2411.0,4575.0,7211.0,4644.0,11928.0,2249.0
10710.0,35414.0,8642.0,3473.0,2274.0,2563.0,4660.0,7383.0,4877.0,12292.0,2323.0
11008.0,37252.0,8520.0,3588.0,2279.0,2568.0,4946.0,7810.0,4985.0,13056.0,2339.0
10617.0,40435.0,8248.0,3566.0,2254.0,2478.0,5326.0,8168.0,4931.0,13702.0,2284.0
10020.0,40293.0,7830.0,3469.0,2148.0,2349.0,5259.0,8123.0,4779.0,13645.0,2243.0
9292.0,38507.0,7200.0,3256.0,1996.0,2163.0,5117.0,7843.0,4500.0,13178.0,2146.0
8430.0,36083.0,6696.0,3004.0,1838.0,1986.0,4838.0,7344.0,4137.0,12347.0,2058.0
7828.0,32804.0,6354.0,2810.0,1734.0,1889.0,4526.0,6692.0,3905.0,11283.0,1974.0
7475.0,29845.0,6171.0,2688.0,1675.0,1848.0,4239.0,6154.0,3739.0,10307.0,1956.0
7249.0,27662.0,6128.0,2632.0,1657.0,1813.0,4045.0,5751.0,3690.0,9719.0,1957.0
7200.0,26572.0,6225.0,2639.0,1637.0,1859.0,3901.0,5556.0,3681.0,9417.0,2009.0
7370.0,25713.0,6334.0,2679.0,1655.0,1909.0,3820.0,5482.0,3712.0,9313.0,2001.0
7998.0,25263.0,6703.0,2821.0,1762.0,2019.0,3845.0,5501.0,3889.0,9372.0,2058.0
8922.0,25732.0,7390.0,3126.0,1969.0,2200.0,3961.0,5716.0,4292.0,9783.0,2122.0
9371.0,27745.0,7714.0,3497.0,2164.0,2318.0,4194.0,6340.0,4766.0,10843.0,2153.0
9466.0,31405.0,7939.0,3648.0,2219.0,2358.0,4428.0,7303.0,5018.0,12516.0,2253.0
9478.0,34264.0,7861.0,3668.0,2222.0,2431.0,4556.0,7851.0,4981.0,13407.0,2231.0
9543.0,35950.0,7718.0,3620.0,2186.0,2443.0,4680.0,7904.0,4919.0,13404.0,2213.0
9692.0,36739.0,7651.0,3506.0,2166.0,2453.0,4724.0,7809.0,4842.0,13141.0,2196.0
9892.0,36640.0,7566.0,3467.0,2117.0,2454.0,4700.0,7692.0,4767.0,12960.0,2198.0
9984.0,36225.0,7561.0,3398.0,2116.0,2457.0,4705.0,7554.0,4668.0,12708.0,2175.0
10137.0,35800.0,7601.0,3351.0,2113.0,2417.0,4649.0,7490.0,4621.0,12635.0,2226.0
10222.0,35528.0,7656.0,3317.0,2113.0,2432.0,4596.0,7385.0,4607.0,12578.0,2238.0
10292.0,35145.0,7792.0,3347.0,2174.0,2382.0,4608.0,7280.0,4619.0,12404.0,2255.0
10363.0,34996.0,8129.0,3425.0,2266.0,2426.0,4572.0,7335.0,4758.0,12604.0,2308.0
10772.0,35579.0,8669.0,3613.0,2388.0,2564.0,4637.0,7545.0,4996.0,12972.0,2358.0
11108.0,37164.0,8588.0,3719.0,2422.0,2567.0,4936.0,8007.0,5082.0,13913.0,2381.0
10639.0,40646.0,8355.0,3666.0,2357.0,2490.0,5298.0,8447.0,5008.0,14589.0,2341.0
10181.0,40279.0,7922.0,3554.0,2270.0,2331.0,5295.0,8344.0,4851.0,14396.0,2316.0
9325.0,38719.0,7263.0,3339.0,2113.0,2151.0,5117.0,8096.0,4522.0,13973.0,2207.0
8467.0,36569.0,6755.0,3101.0,1943.0,1993.0,4858.0,7660.0,4209.0,13216.0,2099.0
7877.0,33328.0,6400.0,2881.0,1864.0,1888.0,4539.0,7030.0,3971.0,12178.0,2043.0
7471.0,30244.0,6242.0,2783.0,1796.0,1824.0,4229.0,6497.0,3839.0,11165.0,1986.0
7297.0,27982.0,6246.0,2717.0,1762.0,1789.0,3996.0,6140.0,3766.0,10609.0,2006.0
7262.0,26919.0,6308.0,2706.0,1754.0,1835.0,3885.0,5945.0,3735.0,10296.0,2054.0
7444.0,26153.0,6437.0,2720.0,1792.0,1862.0,3844.0,5911.0,3813.0,10268.0,2067.0
8100.0,25892.0,6751.0,2864.0,1882.0,1972.0,3832.0,6010.0,3988.0,10387.0,2106.0
9071.0,26314.0,7438.0,3152.0,2108.0,2167.0,3965.0,6302.0,4411.0,10983.0,2205.0
9554.0,28322.0,7759.0,3534.0,2305.0,2278.0,4254.0,6997.0,4912.0,12187.0,2253.0
9658.0,31813.0,8022.0,3695.0,2380.0,2334.0,4551.0,8025.0,5174.0,13964.0,2343.0
9684.0,34557.0,8027.0,3757.0,2354.0,2436.0,4693.0,8580.0,5115.0,14920.0,2341.0
9658.0,36194.0,7873.0,3714.0,2317.0,2456.0,4837.0,8606.0,5000.0,14936.0,2281.0
9639.0,36807.0,7784.0,3686.0,2290.0,2458.0,4877.0,8383.0,4919.0,14622.0,2258.0
9567.0,36750.0,7725.0,3645.0,2235.0,2470.0,4813.0,8184.0,4863.0,14099.0,2273.0
9591.0,36254.0,7703.0,3587.0,2240.0,2448.0,4784.0,7957.0,4753.0,13606.0,2248.0
9632.0,35741.0,7655.0,3541.0,2208.0,2402.0,4685.0,7778.0,4718.0,13295.0,2251.0
9687.0,35579.0,7763.0,3532.0,2201.0,2410.0,4656.0,7664.0,4693.0,13006.0,2315.0
9702.0,35053.0,7937.0,3529.0,2264.0,2358.0,4597.0,7530.0,4668.0,12835.0,2318.0
9752.0,34949.0,8241.0,3645.0,2354.0,2396.0,4588.0,7540.0,4772.0,12874.0,2352.0
10269.0,35384.0,8764.0,3823.0,2460.0,2573.0,4645.0,7674.0,5027.0,13180.0,2413.0
10514.0,37112.0,8734.0,3968.0,2468.0,2566.0,4947.0,8111.0,5143.0,14009.0,2469.0
10285.0,40374.0,8541.0,3925.0,2430.0,2487.0,5299.0,8577.0,5117.0,14876.0,2434.0
9924.0,40327.0,8178.0,3827.0,2319.0,2321.0,5295.0,8569.0,5012.0,14753.0,2389.0
9169.0,38721.0,7597.0,3609.0,2194.0,2192.0,5130.0,8341.0,4747.0,14423.0,2297.0
8425.0,36553.0,7076.0,3354.0,2030.0,2027.0,4879.0,7890.0,4424.0,13629.0,2192.0
7827.0,33358.0,6875.0,3166.0,1926.0,1919.0,4608.0,7318.0,4198.0,12478.0,2146.0
7557.0,30256.0,6703.0,3081.0,1862.0,1865.0,4316.0,6736.0,4057.0,11518.0,2087.0
7472.0,28074.0,6689.0,3029.0,1838.0,1853.0,4147.0,6362.0,3970.0,10851.0,2078.0
7435.0,26806.0,6797.0,3033.0,1827.0,1880.0,4017.0,6181.0,3957.0,10607.0,2139.0
7581.0,26197.0,6897.0,3083.0,1864.0,1948.0,3968.0,6144.0,3994.0,10512.0,2135.0
8217.0,25977.0,7283.0,3220.0,1956.0,2036.0,3937.0,6243.0,4220.0,10666.0,2170.0
9174.0,26316.0,7964.0,3535.0,2157.0,2237.0,4055.0,6525.0,4629.0,11160.0,2266.0
9767.0,28589.0,8309.0,3882.0,2337.0,2300.0,4344.0,7164.0,5153.0,12291.0,2355.0
9769.0,31682.0,8599.0,4018.0,2390.0,2384.0,4545.0,8157.0,5416.0,14027.0,2433.0
9762.0,34441.0,8627.0,3987.0,2349.0,2433.0,4663.0,8715.0,5356.0,14893.0,2418.0
9623.0,36125.0,8498.0,3859.0,2274.0,2466.0,4810.0,8660.0,5255.0,14552.0,2385.0
9591.0,36856.0,8390.0,3727.0,2208.0,2456.0,4852.0,8432.0,5146.0,13931.0,2347.0
9524.0,36828.0,8259.0,3591.0,2160.0,2440.0,4844.0,8125.0,4992.0,13289.0,2354.0
9522.0,36221.0,8197.0,3513.0,2119.0,2405.0,4768.0,7756.0,4883.0,12695.0,2286.0
9569.0,35686.0,8177.0,3400.0,2066.0,2327.0,4660.0,7501.0,4758.0,12212.0,2274.0
9554.0,35403.0,8236.0,3367.0,2041.0,2338.0,4641.0,7333.0,4739.0,11890.0,2316.0
9547.0,34851.0,8281.0,3320.0,2051.0,2314.0,4569.0,7202.0,4696.0,11612.0,2251.0
9562.0,34819.0,8563.0,3396.0,2121.0,2360.0,4551.0,7211.0,4763.0,11651.0,2294.0
10015.0,35070.0,9138.0,3598.0,2251.0,2474.0,4569.0,7374.0,5022.0,12007.0,2354.0
10299.0,36661.0,9058.0,3777.0,2288.0,2497.0,4883.0,7771.0,5165.0,12838.0,2371.0
9875.0,39731.0,8840.0,3782.0,2262.0,2432.0,5259.0,8183.0,5085.0,13673.0,2329.0
9657.0,39380.0,8520.0,3700.0,2179.0,2347.0,5187.0,8077.0,4978.0,13544.0,2294.0
9148.0,37807.0,8032.0,3551.0,2104.0,2222.0,5020.0,7864.0,4733.0,13166.0,2233.0
8403.0,35738.0,7528.0,3337.0,1968.0,2076.0,4840.0,7510.0,4432.0,12596.0,2121.0
7957.0,33282.0,7237.0,3165.0,1860.0,1984.0,4643.0,7063.0,4172.0,11820.0,2054.0
7601.0,30417.0,7025.0,3054.0,1819.0,1927.0,4375.0,6608.0,4028.0,10997.0,2009.0
7354.0,28343.0,6920.0,3005.0,1783.0,1906.0,4147.0,6155.0,3959.0,10277.0,2039.0
7302.0,26910.0,7033.0,2982.0,1786.0,1888.0,4046.0,6020.0,3920.0,10022.0,2075.0
7369.0,25993.0,7024.0,3007.0,1792.0,1915.0,3969.0,5909.0,3940.0,9922.0,2091.0
7500.0,25562.0,7176.0,3066.0,1851.0,1957.0,3970.0,5908.0,4016.0,10033.0,2082.0
7949.0,25476.0,7428.0,3183.0,1917.0,2046.0,3985.0,6030.0,4173.0,10243.0,2110.0
8329.0,25843.0,7621.0,3363.0,2018.0,2130.0,4060.0,6304.0,4386.0,10732.0,2121.0
8726.0,26221.0,8010.0,3541.0,2117.0,2235.0,4081.0,6687.0,4661.0,11550.0,2224.0
9097.0,27327.0,8118.0,3604.0,2160.0,2360.0,4135.0,7121.0,4840.0,12333.0,2273.0
9300.0,29651.0,8024.0,3600.0,2128.0,2382.0,4328.0,7530.0,4807.0,12889.0,2267.0
9343.0,31355.0,7920.0,3511.0,2102.0,2391.0,4426.0,7650.0,4747.0,13020.0,2253.0
9327.0,32274.0,7868.0,3444.0,2064.0,2357.0,4480.0,7583.0,4729.0,12710.0,2279.0
9438.0,32372.0,7715.0,3330.0,2024.0,2332.0,4444.0,7367.0,4547.0,12333.0,2226.0
9446.0,32461.0,7625.0,3230.0,1985.0,2301.0,4418.0,7146.0,4445.0,11909.0,2213.0
9645.0,32157.0,7450.0,3200.0,1960.0,2297.0,4384.0,6915.0,4399.0,11603.0,2125.0
9658.0,32107.0,7529.0,3203.0,1990.0,2218.0,4323.0,6818.0,4371.0,11419.0,2153.0
9748.0,32059.0,7840.0,3292.0,2067.0,2261.0,4327.0,6796.0,4446.0,11353.0,2198.0
10125.0,32667.0,8472.0,3463.0,2166.0,2415.0,4387.0,6977.0,4681.0,11660.0,2265.0
10370.0,34252.0,8494.0,3595.0,2186.0,2443.0,4674.0,7334.0,4839.0,12231.0,2292.0
9976.0,37090.0,8371.0,3562.0,2164.0,2400.0,5007.0,7630.0,4779.0,12766.0,2253.0
9619.0,36554.0,8105.0,3473.0,2082.0,2308.0,4963.0,7554.0,4640.0,12646.0,2188.0
9101.0,35341.0,7748.0,3325.0,2030.0,2244.0,4868.0,7319.0,4450.0,12273.0,2146.0
8382.0,33517.0,7351.0,3121.0,1903.0,2112.0,4691.0,7227.0,4151.0,12172.0,2064.0
7929.0,31370.0,7040.0,2845.0,1821.0,1994.0,4483.0,6792.0,3945.0,11416.0,2006.0
7520.0,29242.0,6839.0,2707.0,1757.0,1926.0,4306.0,6384.0,3743.0,10771.0,1959.0
7299.0,27543.0,6774.0,2663.0,1703.0,1949.0,4089.0,6018.0,3665.0,10156.0,1965.0
7137.0,26099.0,6839.0,2632.0,1672.0,1928.0,3994.0,5804.0,3582.0,9783.0,2010.0
7102.0,24966.0,6808.0,2669.0,1689.0,1913.0,3896.0,5655.0,3576.0,9570.0,1998.0
7346.0,24494.0,6946.0,2755.0,1712.0,1957.0,3858.0,5636.0,3645.0,9574.0,2007.0
7654.0,24206.0,6883.0,3012.0,1769.0,1999.0,3894.0,5654.0,3763.0,9628.0,1988.0
8005.0,24659.0,7060.0,3268.0,1876.0,2107.0,3934.0,5878.0,3972.0,9986.0,2031.0
8576.0,24821.0,7432.0,3379.0,1950.0,2312.0,3941.0,6176.0,4279.0,10545.0,2142.0
8947.0,26530.0,7715.0,3412.0,2020.0,2378.0,4095.0,6638.0,4448.0,11339.0,2262.0
9243.0,28802.0,7779.0,3408.0,2030.0,2376.0,4195.0,7044.0,4569.0,11993.0,2290.0
9425.0,30541.0,7607.0,3385.0,2013.0,2376.0,4355.0,7271.0,4502.0,12235.0,2238.0
9676.0,31782.0,7569.0,3333.0,2013.0,2386.0,4401.0,7313.0,4521.0,12239.0,2224.0
9794.0,32415.0,7458.0,3276.0,1996.0,2376.0,4460.0,7333.0,4442.0,12082.0,2213.0
9928.0,33015.0,7488.0,3228.0,1982.0,2319.0,4426.0,7303.0,4414.0,12059.0,2266.0
10139.0,33195.0,7517.0,3198.0,1964.0,2335.0,4383.0,7270.0,4375.0,11977.0,2292.0
10334.0,33489.0,7613.0,3190.0,1998.0,2316.0,4400.0,7226.0,4393.0,12016.0,2257.0
10413.0,33696.0,7954.0,3217.0,2097.0,2300.0,4446.0,7220.0,4402.0,12093.0,2228.0
10788.0,34304.0,8448.0,3389.0,2179.0,2484.0,4487.0,7322.0,4618.0,12411.0,2242.0
11020.0,36043.0,8401.0,3530.0,2224.0,2524.0,4825.0,7663.0,4791.0,12999.0,2263.0
10529.0,38859.0,8208.0,3518.0,2177.0,2458.0,5114.0,7981.0,4692.0,13386.0,2275.0
10015.0,38583.0,7919.0,3397.0,2087.0,2358.0,5087.0,7950.0,4589.0,13348.0,2248.0
9263.0,37053.0,7418.0,3204.0,1937.0,2192.0,4957.0,7734.0,4280.0,12890.0,2101.0
8343.0,34689.0,6894.0,2968.0,1834.0,2054.0,4763.0,7210.0,4023.0,12073.0,2037.0
7822.0,31941.0,6523.0,2769.0,1711.0,1945.0,4490.0,6665.0,3757.0,11102.0,1975.0
7475.0,29302.0,6313.0,2674.0,1670.0,1892.0,4219.0,6189.0,3611.0,10243.0,1931.0
7281.0,26903.0,6215.0,2607.0,1634.0,1876.0,4003.0,5824.0,3532.0,9645.0,1925.0
7201.0,25661.0,6354.0,2612.0,1634.0,1906.0,3886.0,5632.0,3539.0,9333.0,1963.0
7374.0,24875.0,6447.0,2625.0,1654.0,1942.0,3813.0,5573.0,3556.0,9230.0,1959.0
7973.0,24589.0,6829.0,2751.0,1737.0,2084.0,3803.0,5631.0,3746.0,9330.0,2013.0
8974.0,25141.0,7462.0,3100.0,1967.0,2252.0,3893.0,5870.0,4160.0,9747.0,2084.0
9412.0,27442.0,7752.0,3466.0,2148.0,2366.0,4103.0,6493.0,4670.0,10836.0,2134.0
9586.0,30825.0,8103.0,3626.0,2192.0,2465.0,4342.0,7415.0,4947.0,12462.0,2271.0
9863.0,34017.0,8009.0,3656.0,2155.0,2611.0,4587.0,7899.0,4997.0,13269.0,2277.0
9966.0,36405.0,7868.0,3609.0,2105.0,2607.0,4774.0,7951.0,4947.0,13261.0,2244.0
9991.0,37430.0,7773.0,3523.0,2073.0,2579.0,4856.0,7842.0,4871.0,12937.0,2208.0
10169.0,37709.0,7918.0,3437.0,2016.0,2571.0,4870.0,7673.0,4829.0,12554.0,2335.0
10468.0,37492.0,8010.0,3355.0,1996.0,2585.0,4815.0,7512.0,4771.0,12203.0,2333.0
10643.0,37456.0,7852.0,3286.0,1951.0,2558.0,4800.0,7358.0,4687.0,11934.0,2329.0
10844.0,37115.0,7734.0,3232.0,1962.0,2514.0,4797.0,7280.0,4674.0,11771.0,2236.0
11079.0,36546.0,7954.0,3276.0,1974.0,2494.0,4773.0,7137.0,4685.0,11537.0,2255.0
11090.0,36379.0,8162.0,3306.0,2030.0,2449.0,4786.0,7156.0,4706.0,11613.0,2234.0
11434.0,36748.0,8766.0,3477.0,2174.0,2603.0,4860.0,7155.0,4914.0,11760.0,2309.0
11446.0,38558.0,8616.0,3599.0,2224.0,2588.0,5166.0,7497.0,5012.0,12524.0,2337.0
10524.0,38319.0,8341.0,3401.0,2217.0,2456.0,4954.0,8357.0,4727.0,14243.0,2259.0
9962.0,40690.0,7919.0,3325.0,2060.0,2257.0,5261.0,8366.0,4441.0,14311.0,2172.0
9303.0,39957.0,7273.0,3130.0,1922.0,2137.0,5162.0,7898.0,4096.0,13632.0,2069.0
8521.0,37414.0,6694.0,2873.0,1810.0,1994.0,4893.0,7264.0,3789.0,12655.0,1987.0
7893.0,34357.0,6249.0,2664.0,1734.0,1894.0,4579.0,6663.0,3578.0,11591.0,1934.0
7549.0,30717.0,6030.0,2540.0,1703.0,1869.0,4259.0,6288.0,3490.0,10873.0,1889.0
7358.0,28140.0,5921.0,2484.0,1675.0,1893.0,3981.0,5981.0,3425.0,10387.0,1865.0
7349.0,26412.0,5859.0,2474.0,1679.0,1924.0,3846.0,5887.0,3434.0,10128.0,1875.0
7473.0,25675.0,6018.0,2526.0,1765.0,1998.0,3765.0,5890.0,3571.0,10171.0,1939.0
8033.0,25175.0,6414.0,2691.0,1956.0,2170.0,3705.0,6076.0,3926.0,10476.0,2071.0
8726.0,25649.0,7104.0,3006.0,2160.0,2303.0,3792.0,6660.0,4463.0,11409.0,2155.0
9238.0,27770.0,7517.0,3364.0,2235.0,2393.0,4026.0,7662.0,4752.0,12971.0,2207.0
9574.0,31804.0,7740.0,3555.0,2245.0,2453.0,4323.0,8299.0,4837.0,14191.0,2221.0
9816.0,34948.0,7726.0,3578.0,2229.0,2607.0,4496.0,8327.0,4853.0,14457.0,2255.0
9798.0,37043.0,7588.0,3527.0,2165.0,2584.0,4725.0,8313.0,4755.0,14297.0,2229.0
9892.0,37721.0,7566.0,3420.0,2105.0,2595.0,4753.0,8293.0,4646.0,14071.0,2215.0
9966.0,37560.0,7743.0,3337.0,2085.0,2595.0,4802.0,8074.0,4616.0,13500.0,2329.0
10274.0,37371.0,7785.0,3266.0,2064.0,2597.0,4730.0,7878.0,4547.0,13018.0,2284.0
10364.0,37397.0,7787.0,3225.0,2047.0,2585.0,4736.0,7735.0,4480.0,12706.0,2312.0
10574.0,37614.0,7675.0,3190.0,2058.0,2542.0,4788.0,7580.0,4449.0,12477.0,2194.0
10598.0,37598.0,7825.0,3170.0,2064.0,2492.0,4783.0,7467.0,4450.0,12363.0,2224.0
10640.0,37764.0,7898.0,3163.0,2097.0,2413.0,4805.0,7493.0,4415.0,12459.0,2173.0
10923.0,37830.0,8047.0,3208.0,2174.0,2513.0,4791.0,7517.0,4570.0,12623.0,2224.0
11218.0,38151.0,8322.0,3282.0,2226.0,2572.0,4868.0,7740.0,4731.0,13028.0,2244.0
10621.0,38956.0,8174.0,3381.0,2150.0,2440.0,5005.0,8111.0,4628.0,13662.0,2247.0
10081.0,40890.0,7804.0,3320.0,2030.0,2270.0,5263.0,8101.0,4369.0,13726.0,2172.0
9421.0,40149.0,7126.0,3128.0,1891.0,2102.0,5203.0,7674.0,4062.0,13167.0,2045.0
8520.0,37663.0,6587.0,2875.0,1794.0,1981.0,5004.0,7134.0,3756.0,12248.0,1973.0
7926.0,34490.0,6198.0,2680.0,1724.0,1889.0,4693.0,6514.0,3549.0,11301.0,1906.0
7457.0,31074.0,5965.0,2571.0,1702.0,1857.0,4352.0,6097.0,3461.0,10556.0,1856.0
7283.0,28431.0,5857.0,2536.0,1666.0,1848.0,4046.0,5842.0,3458.0,10095.0,1892.0
7222.0,26745.0,5768.0,2549.0,1691.0,1885.0,3880.0,5781.0,3482.0,9849.0,1889.0
7402.0,25797.0,5943.0,2605.0,1757.0,1954.0,3757.0,5801.0,3595.0,9901.0,1945.0
7908.0,25401.0,6336.0,2782.0,1956.0,2134.0,3758.0,5973.0,3953.0,10241.0,2050.0
8601.0,25774.0,7065.0,3095.0,2144.0,2230.0,3821.0,6545.0,4475.0,11062.0,2146.0
9079.0,28025.0,7636.0,3476.0,2180.0,2334.0,4038.0,7492.0,4799.0,12490.0,2207.0
9475.0,31910.0,7811.0,3626.0,2212.0,2426.0,4282.0,8080.0,4861.0,13639.0,2211.0
9775.0,34713.0,7866.0,3683.0,2142.0,2595.0,4436.0,8119.0,4838.0,13940.0,2261.0
9873.0,36915.0,7684.0,3579.0,2102.0,2594.0,4639.0,8078.0,4719.0,13771.0,2218.0
10036.0,37663.0,7568.0,3483.0,2036.0,2601.0,4728.0,7976.0,4579.0,13476.0,2180.0
10294.0,37742.0,7684.0,3386.0,1993.0,2621.0,4752.0,7713.0,4481.0,12934.0,2273.0
10535.0,37762.0,7699.0,3292.0,1968.0,2608.0,4761.0,7466.0,4424.0,12475.0,2275.0
10733.0,37947.0,7741.0,3211.0,1937.0,2614.0,4752.0,7311.0,4341.0,12179.0,2289.0
10997.0,38371.0,7580.0,3180.0,1951.0,2576.0,4784.0,7157.0,4302.0,11822.0,2155.0
11134.0,38392.0,7716.0,3164.0,1973.0,2510.0,4852.0,7042.0,4307.0,11626.0,2198.0
11186.0,38697.0,7886.0,3129.0,2014.0,2419.0,4906.0,7036.0,4291.0,11666.0,2173.0
11449.0,38941.0,8079.0,3187.0,2106.0,2549.0,4940.0,7028.0,4427.0,11758.0,2177.0
11641.0,39218.0,8335.0,3289.0,2160.0,2592.0,5004.0,7255.0,4592.0,12200.0,2213.0
11105.0,39856.0,8208.0,3395.0,2118.0,2465.0,5102.0,7645.0,4552.0,12841.0,2192.0
10419.0,41637.0,7876.0,3345.0,1978.0,2270.0,5456.0,7746.0,4298.0,13028.0,2129.0
9699.0,40827.0,7232.0,3165.0,1849.0,2117.0,5346.0,7330.0,3955.0,12420.0,2004.0
8764.0,37905.0,6674.0,2951.0,1752.0,2002.0,5066.0,6780.0,3668.0,11575.0,1945.0
8120.0,34618.0,6268.0,2787.0,1670.0,1913.0,4669.0,6271.0,3484.0,10701.0,1856.0
7726.0,31099.0,6078.0,2626.0,1643.0,1875.0,4379.0,5873.0,3390.0,10013.0,1839.0
7502.0,28306.0,5950.0,2607.0,1631.0,1866.0,3969.0,5638.0,3372.0,9580.0,1839.0
7370.0,26545.0,5939.0,2605.0,1654.0,1909.0,3803.0,5532.0,3381.0,9366.0,1837.0
7502.0,25556.0,6141.0,2657.0,1731.0,1973.0,3704.0,5551.0,3539.0,9374.0,1916.0
7975.0,25091.0,6584.0,2818.0,1904.0,2132.0,3689.0,5727.0,3901.0,9612.0,2043.0
8600.0,25529.0,7318.0,3139.0,2106.0,2253.0,3731.0,6264.0,4435.0,10484.0,2122.0
9026.0,27501.0,7754.0,3502.0,2172.0,2335.0,3930.0,7195.0,4752.0,11844.0,2171.0
9448.0,31338.0,7980.0,3672.0,2186.0,2446.0,4288.0,7826.0,4837.0,13017.0,2200.0
9838.0,34388.0,7918.0,3688.0,2166.0,2611.0,4481.0,7921.0,4864.0,13351.0,2242.0
9980.0,36489.0,7767.0,3596.0,2086.0,2597.0,4701.0,7992.0,4735.0,13443.0,2229.0
10195.0,37316.0,7636.0,3510.0,2047.0,2579.0,4769.0,7993.0,4604.0,13281.0,2186.0
10441.0,37435.0,7769.0,3372.0,1996.0,2582.0,4840.0,7787.0,4549.0,12915.0,2282.0
10768.0,37442.0,7786.0,3283.0,1975.0,2625.0,4842.0,7603.0,4476.0,12517.0,2284.0
10804.0,37548.0,7786.0,3187.0,1937.0,2615.0,4856.0,7462.0,4383.0,12251.0,2259.0
11018.0,37882.0,7629.0,3131.0,1926.0,2550.0,4892.0,7269.0,4344.0,11970.0,2132.0
11139.0,37956.0,7786.0,3126.0,1973.0,2523.0,4909.0,7180.0,4386.0,11837.0,2182.0
11139.0,38209.0,7888.0,3084.0,2009.0,2422.0,4938.0,7188.0,4344.0,11905.0,2146.0
11372.0,38291.0,8020.0,3124.0,2082.0,2563.0,4911.0,7208.0,4449.0,12004.0,2186.0
11644.0,38381.0,8319.0,3214.0,2155.0,2592.0,5013.0,7385.0,4646.0,12292.0,2216.0
11033.0,39038.0,8189.0,3303.0,2079.0,2471.0,5186.0,7685.0,4523.0,12804.0,2180.0
10484.0,40995.0,7856.0,3257.0,1949.0,2305.0,5433.0,7683.0,4261.0,12902.0,2106.0
9707.0,40464.0,7244.0,3115.0,1825.0,2157.0,5371.0,7257.0,3955.0,12281.0,1999.0
8776.0,37787.0,6704.0,2927.0,1709.0,2007.0,5076.0,6728.0,3662.0,11407.0,1916.0
8151.0,34510.0,6301.0,2751.0,1622.0,1929.0,4737.0,6206.0,3428.0,10497.0,1860.0
7680.0,30922.0,6045.0,2601.0,1591.0,1891.0,4376.0,5776.0,3372.0,9760.0,1811.0
7431.0,28536.0,5876.0,2564.0,1561.0,1876.0,4033.0,5508.0,3299.0,9274.0,1798.0
7322.0,26686.0,5869.0,2561.0,1570.0,1906.0,3846.0,5372.0,3320.0,9093.0,1809.0
7376.0,25737.0,5908.0,2605.0,1612.0,1950.0,3770.0,5377.0,3427.0,8996.0,1846.0
7817.0,25162.0,6260.0,2721.0,1806.0,2102.0,3702.0,5496.0,3753.0,9233.0,1951.0
8374.0,25578.0,6875.0,2942.0,1993.0,2216.0,3760.0,5957.0,4232.0,9922.0,2055.0
8852.0,27612.0,7387.0,3235.0,2046.0,2329.0,3921.0,6765.0,4552.0,11180.0,2087.0
9378.0,31005.0,7670.0,3457.0,2073.0,2439.0,4270.0,7355.0,4640.0,12292.0,2152.0
9797.0,34172.0,7786.0,3526.0,2046.0,2601.0,4433.0,7495.0,4677.0,12654.0,2196.0
9798.0,36563.0,7678.0,3454.0,1998.0,2603.0,4708.0,7626.0,4559.0,12784.0,2176.0
10019.0,37221.0,7553.0,3339.0,1935.0,2582.0,4769.0,7656.0,4474.0,12757.0,2142.0
10299.0,37133.0,7603.0,3244.0,1898.0,2592.0,4849.0,7519.0,4416.0,12450.0,2244.0
10536.0,36927.0,7632.0,3134.0,1878.0,2581.0,4881.0,7366.0,4368.0,12172.0,2221.0
10655.0,36984.0,7623.0,3025.0,1859.0,2558.0,4909.0,7248.0,4293.0,11912.0,2226.0
10978.0,37013.0,7329.0,2984.0,1852.0,2515.0,4961.0,7081.0,4292.0,11653.0,2050.0
11147.0,36819.0,7408.0,2958.0,1886.0,2458.0,4994.0,6949.0,4280.0,11536.0,2058.0
11174.0,36872.0,7604.0,2936.0,1878.0,2371.0,5025.0,6969.0,4251.0,11610.0,2055.0
11348.0,36669.0,7815.0,2986.0,1956.0,2488.0,5085.0,6943.0,4360.0,11606.0,2067.0
11556.0,36926.0,8012.0,3061.0,2019.0,2535.0,5170.0,7096.0,4494.0,11857.0,2121.0
11049.0,37534.0,7915.0,3159.0,1969.0,2431.0,5223.0,7445.0,4389.0,12397.0,2090.0
10494.0,39291.0,7606.0,3133.0,1860.0,2294.0,5484.0,7455.0,4182.0,12626.0,2038.0
9671.0,38700.0,7110.0,2990.0,1748.0,2151.0,5391.0,7148.0,3922.0,12216.0,1958.0
8786.0,36557.0,6610.0,2816.0,1664.0,2041.0,5167.0,6804.0,3620.0,11713.0,1927.0
8125.0,33982.0,6184.0,2642.0,1602.0,1919.0,4901.0,6366.0,3423.0,10945.0,1821.0
7696.0,30896.0,5931.0,2482.0,1546.0,1863.0,4495.0,5933.0,3297.0,10284.0,1825.0
7422.0,28211.0,5835.0,2417.0,1511.0,1828.0,4141.0,5642.0,3236.0,9837.0,1782.0
7237.0,26476.0,5813.0,2404.0,1531.0,1805.0,3955.0,5539.0,3235.0,9630.0,1790.0
7247.0,25255.0,5884.0,2419.0,1577.0,1840.0,3776.0,5494.0,3234.0,9610.0,1834.0
7389.0,24591.0,6063.0,2476.0,1627.0,1906.0,3744.0,5544.0,3341.0,9776.0,1902.0
7550.0,24489.0,6328.0,2594.0,1745.0,1948.0,3708.0,5757.0,3542.0,10119.0,1924.0
7917.0,25070.0,6526.0,2797.0,1859.0,2086.0,3724.0,6105.0,3834.0,10800.0,1941.0
8638.0,26139.0,6804.0,3019.0,1934.0,2310.0,3809.0,6577.0,4124.0,11683.0,2031.0
9065.0,27489.0,7082.0,3113.0,1948.0,2405.0,3838.0,7043.0,4209.0,12427.0,2151.0
9440.0,29744.0,7151.0,3126.0,1929.0,2467.0,4074.0,7263.0,4239.0,12826.0,2182.0
9822.0,31442.0,7049.0,3094.0,1895.0,2503.0,4290.0,7247.0,4166.0,12678.0,2095.0
10175.0,32509.0,7111.0,3071.0,1867.0,2528.0,4475.0,7102.0,4164.0,12327.0,2082.0
10420.0,32678.0,7067.0,3008.0,1821.0,2525.0,4524.0,6918.0,4131.0,11822.0,2051.0
10513.0,32858.0,7065.0,2953.0,1834.0,2507.0,4592.0,6842.0,4090.0,11521.0,2074.0
10844.0,32637.0,7081.0,2931.0,1849.0,2507.0,4612.0,6742.0,4090.0,11208.0,2083.0
10967.0,32506.0,7081.0,2908.0,1880.0,2456.0,4595.0,6662.0,4128.0,11121.0,2014.0
10940.0,32458.0,7236.0,2916.0,1917.0,2362.0,4579.0,6634.0,4130.0,11095.0,1961.0
11095.0,32858.0,7339.0,2949.0,1936.0,2481.0,4573.0,6746.0,4201.0,11281.0,1983.0
11271.0,33451.0,7580.0,3025.0,1987.0,2493.0,4647.0,6906.0,4332.0,11579.0,2058.0
10911.0,34337.0,7538.0,3107.0,1932.0,2374.0,4797.0,7181.0,4256.0,11985.0,2011.0
10444.0,36308.0,7268.0,3055.0,1849.0,2240.0,5101.0,7246.0,4071.0,12268.0,1987.0
9738.0,36291.0,6877.0,2891.0,1742.0,2121.0,5015.0,7034.0,3807.0,12090.0,1920.0
8898.0,34793.0,6447.0,2669.0,1657.0,1970.0,4817.0,6628.0,3579.0,11471.0,1852.0
8290.0,32807.0,6063.0,2538.0,1590.0,1858.0,4610.0,6228.0,3341.0,10753.0,1808.0
7894.0,30477.0,5796.0,2416.0,1558.0,1802.0,4423.0,5850.0,3254.0,10111.0,1783.0
7522.0,28149.0,5626.0,2377.0,1536.0,1780.0,4135.0,5622.0,3191.0,9699.0,1780.0
7346.0,26449.0,5597.0,2358.0,1520.0,1752.0,3945.0,5460.0,3174.0,9443.0,1788.0
7258.0,25649.0,5645.0,2375.0,1565.0,1758.0,3810.0,5424.0,3203.0,9393.0,1852.0
7358.0,25072.0,5713.0,2494.0,1607.0,1818.0,3757.0,5447.0,3296.0,9458.0,1856.0
7542.0,24809.0,5892.0,2734.0,1680.0,1862.0,3690.0,5618.0,3514.0,9747.0,1889.0
7772.0,25082.0,6059.0,3001.0,1776.0,1967.0,3745.0,5956.0,3791.0,10307.0,1920.0
8469.0,25817.0,6272.0,3163.0,1903.0,2225.0,3745.0,6381.0,4040.0,11103.0,1974.0
8926.0,26981.0,6714.0,3267.0,1937.0,2312.0,3883.0,6826.0,4197.0,11900.0,2142.0
9417.0,28930.0,6873.0,3292.0,1940.0,2349.0,3991.0,7198.0,4196.0,12444.0,2124.0
9671.0,30796.0,6865.0,3297.0,1912.0,2383.0,4319.0,7259.0,4197.0,12516.0,2123.0
9837.0,31778.0,6930.0,3267.0,1925.0,2432.0,4436.0,7249.0,4197.0,12462.0,2073.0
9943.0,32028.0,6962.0,3251.0,1912.0,2430.0,4485.0,7191.0,4185.0,12270.0,2069.0
10056.0,32495.0,6963.0,3209.0,1922.0,2417.0,4472.0,7115.0,4166.0,12075.0,2065.0
10170.0,32381.0,7058.0,3178.0,1942.0,2436.0,4479.0,6983.0,4238.0,11837.0,2079.0
10212.0,32201.0,7218.0,3160.0,1995.0,2380.0,4464.0,6927.0,4287.0,11747.0,2106.0
10249.0,31992.0,7424.0,3163.0,2024.0,2314.0,4455.0,6981.0,4307.0,11776.0,2060.0
10276.0,32303.0,7578.0,3224.0,2090.0,2408.0,4411.0,7132.0,4417.0,12037.0,2087.0
10685.0,33378.0,7831.0,3298.0,2129.0,2480.0,4460.0,7294.0,4561.0,12387.0,2107.0
10336.0,34496.0,7807.0,3394.0,2079.0,2366.0,4656.0,7635.0,4527.0,12923.0,2116.0
9914.0,37513.0,7454.0,3350.0,1951.0,2205.0,4989.0,7774.0,4364.0,13232.0,2103.0
9171.0,38167.0,6813.0,3157.0,1838.0,2071.0,4990.0,7469.0,4074.0,12857.0,1975.0
8257.0,36591.0,6382.0,2922.0,1757.0,1937.0,4829.0,6895.0,3815.0,11858.0,1917.0
7724.0,33901.0,6062.0,2758.0,1685.0,1885.0,4556.0,6433.0,3692.0,10981.0,1861.0
7469.0,31077.0,5822.0,2643.0,1634.0,1846.0,4322.0,6120.0,3572.0,10375.0,1846.0
7298.0,28771.0,5750.0,2618.0,1643.0,1848.0,4082.0,5930.0,3581.0,10053.0,1831.0
7257.0,27401.0,5666.0,2637.0,1667.0,1843.0,3959.0,5846.0,3604.0,9874.0,1865.0
7428.0,26557.0,5867.0,2682.0,1734.0,1920.0,3918.0,5927.0,3776.0,9960.0,1940.0
8068.0,26334.0,6250.0,2843.0,1929.0,2071.0,3907.0,6168.0,4131.0,10310.0,2055.0
8949.0,26994.0,6921.0,3179.0,2155.0,2189.0,3958.0,6730.0,4614.0,11280.0,2123.0
9497.0,29320.0,7448.0,3551.0,2205.0,2323.0,4194.0,7573.0,4991.0,12661.0,2182.0
9746.0,33344.0,7766.0,3721.0,2251.0,2459.0,4539.0,8132.0,5141.0,13849.0,2230.0
9888.0,36421.0,7839.0,3734.0,2239.0,2619.0,4695.0,8349.0,5175.0,14143.0,2316.0
9841.0,38622.0,7797.0,3653.0,2190.0,2637.0,4981.0,8401.0,5144.0,14061.0,2279.0
9728.0,38898.0,7716.0,3545.0,2150.0,2598.0,4985.0,8386.0,5023.0,13821.0,2221.0
9702.0,38439.0,7829.0,3469.0,2137.0,2601.0,4949.0,8193.0,4952.0,13408.0,2359.0
9740.0,37610.0,7845.0,3375.0,2108.0,2579.0,4862.0,8053.0,4898.0,13155.0,2345.0
9687.0,37011.0,7826.0,3295.0,2097.0,2537.0,4810.0,7970.0,4815.0,12968.0,2361.0
9732.0,36489.0,7644.0,3265.0,2106.0,2497.0,4770.0,7927.0,4824.0,12877.0,2213.0
9798.0,36045.0,7842.0,3228.0,2132.0,2431.0,4694.0,7871.0,4857.0,12852.0,2238.0
9827.0,35796.0,8013.0,3202.0,2186.0,2379.0,4636.0,7960.0,4821.0,13052.0,2205.0
10073.0,35884.0,8324.0,3235.0,2245.0,2472.0,4600.0,8008.0,4971.0,13228.0,2248.0
10545.0,36646.0,8586.0,3314.0,2274.0,2545.0,4679.0,8209.0,5054.0,13610.0,2289.0
18256.0,55586.0,9214.0,4393.0,1998.0,2983.0,8322.0,7912.0,5587.0,12641.0,2328.0
16679.0,54689.0,8751.0,4260.0,1834.0,2711.0,8156.0,7950.0,5365.0,12735.0,2284.0
14935.0,53590.0,8076.0,3954.0,1702.0,2478.0,7899.0,7567.0,4923.0,12204.0,2233.0
13474.0,49654.0,7428.0,3576.0,1580.0,2294.0,7374.0,6950.0,4424.0,11276.0,2107.0
12144.0,44552.0,6918.0,3260.0,1497.0,2182.0,6775.0,6275.0,3859.0,10302.0,1980.0
11465.0,39790.0,6669.0,3096.0,1441.0,2093.0,6185.0,5642.0,3988.0,9493.0,2033.0
10859.0,35528.0,6463.0,2952.0,1425.0,2084.0,5656.0,5467.0,3674.0,8845.0,1943.0
10569.0,32999.0,6293.0,2872.0,1394.0,2093.0,5342.0,5130.0,3556.0,8470.0,1891.0
10546.0,31444.0,6339.0,2850.0,1472.0,2163.0,5152.0,5057.0,3561.0,8356.0,1878.0
10954.0,30470.0,6640.0,2917.0,1604.0,2321.0,5008.0,5086.0,3656.0,8379.0,1906.0
11556.0,30610.0,7189.0,3130.0,1730.0,2432.0,5030.0,5371.0,3985.0,8830.0,1951.0
12436.0,32539.0,7435.0,3401.0,1798.0,2621.0,5152.0,5922.0,4304.0,9603.0,1971.0
13255.0,35652.0,7715.0,3598.0,1883.0,2849.0,5313.0,6390.0,4559.0,10369.0,2004.0
14207.0,38911.0,7789.0,3709.0,1895.0,2991.0,5615.0,6737.0,4752.0,10997.0,2014.0
15120.0,42119.0,8066.0,3819.0,1910.0,3103.0,6040.0,7023.0,4870.0,11479.0,2077.0
16027.0,44366.0,8285.0,3907.0,1940.0,3214.0,6442.0,7196.0,5092.0,11714.0,2110.0
16912.0,46382.0,8520.0,4063.0,1967.0,3298.0,6866.0,7298.0,5263.0,11775.0,2121.0
17683.0,48115.0,8826.0,4210.0,2001.0,3350.0,7252.0,7383.0,5446.0,11899.0,2176.0
18289.0,49784.0,9061.0,4356.0,2042.0,3388.0,7546.0,7543.0,5641.0,12030.0,2255.0
18854.0,51868.0,9438.0,4491.0,2102.0,3416.0,7887.0,7669.0,5813.0,12103.0,2358.0
19143.0,53672.0,9646.0,4600.0,2116.0,3377.0,8135.0,7749.0,5946.0,12158.0,2386.0
19096.0,55672.0,9713.0,4668.0,2140.0,3278.0,8339.0,7846.0,5986.0,12291.0,2386.0
18700.0,57157.0,9589.0,4686.0,2140.0,3246.0,8377.0,7890.0,6042.0,12348.0,2402.0
18541.0,57095.0,9575.0,4635.0,2143.0,3224.0,8397.0,7845.0,5849.0,12298.0,2381.0
17644.0,56022.0,9490.0,4532.0,2071.0,3023.0,8216.0,7803.0,5706.0,12378.0,2367.0
16476.0,55274.0,8964.0,4391.0,1908.0,2716.0,8116.0,7875.0,5454.0,12584.0,2345.0
14907.0,53942.0,8216.0,4049.0,1710.0,2500.0,7916.0,7565.0,4974.0,12105.0,2237.0
13644.0,49878.0,7626.0,3660.0,1582.0,2347.0,7349.0,6874.0,4485.0,11073.0,2132.0
12640.0,44989.0,7086.0,3319.0,1508.0,2212.0,6835.0,6214.0,3859.0,10105.0,1981.0
11856.0,40279.0,6745.0,3147.0,1454.0,2110.0,6217.0,5593.0,4033.0,9282.0,2002.0
11223.0,36311.0,6540.0,2978.0,1418.0,2119.0,5745.0,5464.0,3663.0,8800.0,1917.0
10918.0,33648.0,6425.0,2908.0,1414.0,2124.0,5413.0,5141.0,3562.0,8434.0,1889.0
10945.0,31989.0,6410.0,2868.0,1451.0,2165.0,5135.0,5064.0,3573.0,8266.0,1897.0
11272.0,31137.0,6763.0,2918.0,1585.0,2332.0,4980.0,5110.0,3641.0,8354.0,1920.0
11830.0,31154.0,7140.0,3129.0,1729.0,2468.0,4916.0,5396.0,3975.0,8837.0,1963.0
12614.0,32661.0,7359.0,3385.0,1800.0,2627.0,4977.0,5913.0,4286.0,9700.0,1992.0
13659.0,35936.0,7624.0,3602.0,1867.0,2855.0,5083.0,6411.0,4528.0,10514.0,1998.0
14631.0,39224.0,7863.0,3739.0,1911.0,3001.0,5345.0,6747.0,4706.0,11015.0,2010.0
15533.0,42859.0,8090.0,3865.0,1954.0,3105.0,5787.0,7047.0,4851.0,11421.0,2073.0
16461.0,45782.0,8285.0,3973.0,1987.0,3252.0,6264.0,7257.0,5044.0,11651.0,2075.0
17395.0,48564.0,8496.0,4110.0,2055.0,3379.0,6650.0,7385.0,5208.0,11737.0,2139.0
18114.0,50989.0,8797.0,4265.0,2104.0,3420.0,7089.0,7487.0,5396.0,11887.0,2175.0
18546.0,53288.0,9105.0,4408.0,2140.0,3466.0,7446.0,7690.0,5549.0,12101.0,2246.0
19062.0,55796.0,9429.0,4556.0,2181.0,3451.0,7806.0,7869.0,5789.0,12283.0,2328.0
19240.0,57607.0,9671.0,4673.0,2194.0,3405.0,8150.0,8021.0,5978.0,12423.0,2393.0
18894.0,59222.0,9800.0,4721.0,2205.0,3359.0,8261.0,8154.0,6034.0,12591.0,2423.0
18600.0,59834.0,9593.0,4697.0,2207.0,3273.0,8338.0,8193.0,5972.0,12681.0,2395.0
18393.0,59412.0,9570.0,4615.0,2201.0,3263.0,8359.0,8137.0,5813.0,12630.0,2398.0
17552.0,57938.0,9474.0,4527.0,2117.0,3057.0,8329.0,8050.0,5724.0,12600.0,2388.0
16363.0,57187.0,8900.0,4380.0,1906.0,2773.0,8190.0,8097.0,5481.0,12798.0,2364.0
14909.0,55608.0,8208.0,4046.0,1739.0,2515.0,8040.0,7734.0,5064.0,12257.0,2268.0
13675.0,51543.0,7598.0,3672.0,1617.0,2388.0,7454.0,7038.0,4576.0,11220.0,2139.0
12655.0,46194.0,7049.0,3331.0,1535.0,2230.0,6887.0,6358.0,3940.0,10189.0,1980.0
11972.0,41271.0,6771.0,3148.0,1471.0,2172.0,6270.0,5714.0,3974.0,9370.0,2035.0
11437.0,37083.0,6473.0,2994.0,1437.0,2138.0,5764.0,5500.0,3679.0,8858.0,1934.0
11146.0,34333.0,6382.0,2903.0,1437.0,2169.0,5391.0,5242.0,3554.0,8558.0,1890.0
11162.0,32486.0,6428.0,2865.0,1473.0,2226.0,5161.0,5144.0,3530.0,8389.0,1857.0
11586.0,31534.0,6677.0,2920.0,1604.0,2388.0,5017.0,5163.0,3637.0,8418.0,1917.0
12169.0,31442.0,7172.0,3144.0,1731.0,2493.0,4960.0,5444.0,4002.0,8861.0,1957.0
13003.0,33079.0,7430.0,3425.0,1825.0,2642.0,5060.0,5958.0,4324.0,9678.0,1989.0
13910.0,36508.0,7727.0,3626.0,1877.0,2888.0,5154.0,6412.0,4580.0,10509.0,2017.0
15017.0,39898.0,7942.0,3736.0,1903.0,3032.0,5486.0,6785.0,4752.0,10994.0,2008.0
16018.0,43742.0,8252.0,3854.0,1934.0,3128.0,5945.0,7093.0,4884.0,11333.0,2081.0
16826.0,46705.0,8431.0,3964.0,1963.0,3208.0,6353.0,7266.0,5048.0,11558.0,2087.0
17657.0,49257.0,8676.0,4098.0,2019.0,3325.0,6796.0,7344.0,5214.0,11568.0,2132.0
18251.0,52008.0,8948.0,4252.0,2063.0,3351.0,7129.0,7417.0,5394.0,11622.0,2172.0
18944.0,54038.0,9250.0,4369.0,2116.0,3289.0,7314.0,7528.0,5572.0,11644.0,2226.0
19360.0,56657.0,9523.0,4469.0,2160.0,3223.0,7442.0,7612.0,5670.0,11681.0,2318.0
19588.0,58747.0,9614.0,4558.0,2137.0,3131.0,7567.0,7623.0,5735.0,11620.0,2330.0
19272.0,60614.0,9579.0,4599.0,2131.0,3074.0,7916.0,7698.0,5767.0,11740.0,2332.0
18745.0,61319.0,9482.0,4581.0,2129.0,3026.0,8209.0,7711.0,5743.0,11801.0,2345.0
18469.0,60661.0,9343.0,4491.0,2155.0,3039.0,8223.0,7623.0,5601.0,11739.0,2330.0
17317.0,58775.0,9302.0,4415.0,2050.0,2840.0,8032.0,7569.0,5523.0,11864.0,2332.0
15882.0,57390.0,8704.0,4260.0,1876.0,2645.0,7979.0,7645.0,5307.0,12075.0,2264.0
14307.0,55541.0,8038.0,3975.0,1717.0,2421.0,7775.0,7364.0,4913.0,11671.0,2200.0
12905.0,51208.0,7417.0,3646.0,1595.0,2226.0,7258.0,6764.0,4400.0,10772.0,2087.0
11664.0,45689.0,6928.0,3307.0,1497.0,2129.0,6760.0,6181.0,3844.0,9863.0,1934.0
10978.0,40949.0,6632.0,3096.0,1465.0,2055.0,6185.0,5545.0,3923.0,9047.0,1978.0
10114.0,36920.0,6409.0,2955.0,1401.0,2028.0,5714.0,5345.0,3633.0,8521.0,1871.0
10269.0,34055.0,6212.0,2860.0,1401.0,2046.0,5286.0,5083.0,3493.0,8229.0,1829.0
10298.0,32500.0,6238.0,2833.0,1458.0,2113.0,5050.0,4954.0,3499.0,8087.0,1823.0
10635.0,31308.0,6507.0,2858.0,1570.0,2268.0,4841.0,5008.0,3566.0,8098.0,1841.0
11146.0,31100.0,6951.0,3057.0,1684.0,2380.0,4771.0,5243.0,3888.0,8536.0,1919.0
11943.0,32644.0,7165.0,3278.0,1818.0,2546.0,4799.0,5764.0,4165.0,9328.0,1934.0
12939.0,35720.0,7516.0,3510.0,1884.0,2748.0,4929.0,6184.0,4451.0,10107.0,1972.0
13731.0,38825.0,7688.0,3620.0,1914.0,2855.0,5245.0,6570.0,4609.0,10706.0,1971.0
14611.0,42284.0,7912.0,3706.0,1929.0,2944.0,5693.0,6853.0,4754.0,10972.0,2033.0
15382.0,44372.0,8077.0,3768.0,1925.0,3026.0,6132.0,7012.0,4940.0,11253.0,2050.0
16221.0,46321.0,8231.0,3841.0,1960.0,3116.0,6586.0,7081.0,5116.0,11253.0,2111.0
16925.0,48512.0,8511.0,3900.0,1989.0,3123.0,6993.0,7160.0,5258.0,11342.0,2123.0
17633.0,50381.0,8619.0,3992.0,2016.0,3142.0,7333.0,7243.0,5423.0,11352.0,2122.0
17978.0,52694.0,8892.0,4073.0,2086.0,3123.0,7719.0,7294.0,5599.0,11388.0,2206.0
18045.0,54452.0,9016.0,4139.0,2090.0,3020.0,7502.0,7334.0,5629.0,11318.0,2216.0
18070.0,55816.0,9045.0,4217.0,2069.0,2901.0,7333.0,7360.0,5725.0,11364.0,2264.0
17559.0,56230.0,8861.0,4207.0,2059.0,2891.0,7362.0,7409.0,5681.0,11584.0,2229.0
17152.0,55607.0,8831.0,4144.0,2060.0,2900.0,7367.0,7345.0,5451.0,11430.0,2196.0
16282.0,53586.0,8714.0,4093.0,1987.0,2768.0,7222.0,7306.0,5347.0,11452.0,2191.0
15184.0,52309.0,8266.0,3991.0,1845.0,2572.0,7293.0,7322.0,5124.0,11561.0,2152.0
14373.0,50551.0,7689.0,3745.0,1685.0,2384.0,7112.0,6984.0,4785.0,11171.0,2068.0
13206.0,46990.0,7141.0,3467.0,1590.0,2235.0,6821.0,6636.0,4385.0,10583.0,1997.0
12129.0,43012.0,6515.0,3206.0,1474.0,2102.0,6419.0,6085.0,3842.0,9772.0,1888.0
11416.0,38933.0,6417.0,3010.0,1419.0,2016.0,5933.0,5532.0,3791.0,9122.0,1901.0
10934.0,35058.0,6160.0,2890.0,1389.0,1968.0,5480.0,5250.0,3581.0,8470.0,1815.0
10549.0,32396.0,6016.0,2808.0,1361.0,1933.0,5201.0,5039.0,3436.0,8169.0,1792.0
10276.0,30482.0,5903.0,2745.0,1368.0,1967.0,4937.0,4865.0,3406.0,7974.0,1780.0
10245.0,29585.0,6029.0,2731.0,1383.0,1983.0,4765.0,4825.0,3432.0,7927.0,1786.0
10223.0,28981.0,5880.0,2779.0,1447.0,2041.0,4620.0,4865.0,3506.0,8027.0,1782.0
10649.0,29248.0,5954.0,2844.0,1553.0,2218.0,4507.0,5013.0,3572.0,8252.0,1752.0
11306.0,29783.0,6425.0,2996.0,1651.0,2395.0,4322.0,5228.0,3782.0,8635.0,1772.0
11713.0,30906.0,6719.0,3180.0,1696.0,2540.0,4496.0,5604.0,4051.0,9306.0,1820.0
12042.0,33551.0,7110.0,3366.0,1747.0,2663.0,4930.0,5937.0,4272.0,9886.0,1906.0
12265.0,36185.0,7330.0,3527.0,1780.0,2770.0,5375.0,6208.0,4382.0,10208.0,1927.0
12464.0,38933.0,7577.0,3626.0,1792.0,2844.0,5860.0,6363.0,4494.0,10407.0,1938.0
12731.0,40904.0,7844.0,3712.0,1824.0,2918.0,6234.0,6368.0,4585.0,10399.0,1976.0
13107.0,43079.0,8033.0,3775.0,1882.0,2903.0,6567.0,6352.0,4671.0,10365.0,1982.0
13334.0,44875.0,8268.0,3831.0,1923.0,2888.0,6904.0,6364.0,4762.0,10339.0,1992.0
13458.0,46243.0,8351.0,3873.0,1948.0,2826.0,7095.0,6377.0,4849.0,10336.0,2037.0
13458.0,47424.0,8308.0,3926.0,1937.0,2752.0,7271.0,6369.0,4931.0,10352.0,2031.0
13456.0,48068.0,8225.0,3918.0,1919.0,2726.0,7412.0,6458.0,4828.0,10442.0,2055.0
13502.0,47778.0,8263.0,3875.0,1948.0,2707.0,7368.0,6481.0,4762.0,10499.0,2016.0
13108.0,46120.0,8248.0,3833.0,1895.0,2576.0,7032.0,6503.0,4752.0,10611.0,2058.0
12506.0,45877.0,7949.0,3745.0,1785.0,2423.0,7001.0,6603.0,4666.0,10757.0,2011.0
11734.0,44908.0,7486.0,3532.0,1660.0,2249.0,6827.0,6408.0,4445.0,10446.0,1990.0
10916.0,42333.0,7067.0,3288.0,1565.0,2121.0,6452.0,6070.0,4151.0,9861.0,1930.0
10100.0,39224.0,6621.0,3024.0,1480.0,2028.0,6139.0,5683.0,3663.0,9282.0,1798.0
9571.0,35938.0,6320.0,2868.0,1440.0,1949.0,5767.0,5219.0,3731.0,8670.0,1825.0
9192.0,32581.0,6099.0,2739.0,1397.0,1893.0,5322.0,5103.0,3419.0,8259.0,1759.0
8894.0,30408.0,5937.0,2655.0,1374.0,1865.0,5002.0,4824.0,3362.0,7946.0,1728.0
8776.0,28900.0,5831.0,2606.0,1377.0,1901.0,4769.0,4717.0,3294.0,7796.0,1693.0
8840.0,27832.0,5876.0,2605.0,1388.0,1916.0,4597.0,4663.0,3282.0,7715.0,1705.0
8881.0,27267.0,5877.0,2620.0,1458.0,1977.0,4483.0,4658.0,3337.0,7769.0,1689.0
9299.0,27302.0,5895.0,2674.0,1546.0,2119.0,4403.0,4794.0,3358.0,7951.0,1643.0
10181.0,27724.0,6074.0,2828.0,1620.0,2277.0,4280.0,4928.0,3663.0,8274.0,1724.0
11312.0,28803.0,6443.0,2987.0,1680.0,2430.0,4436.0,5356.0,3912.0,8934.0,1800.0
12378.0,30793.0,6771.0,3117.0,1735.0,2524.0,4865.0,5776.0,4179.0,9610.0,1860.0
13451.0,33085.0,7039.0,3244.0,1781.0,2628.0,5278.0,6021.0,4299.0,9967.0,1854.0
14385.0,35414.0,7327.0,3307.0,1825.0,2708.0,5751.0,6162.0,4508.0,10204.0,1914.0
15161.0,37219.0,7510.0,3363.0,1852.0,2792.0,6117.0,6215.0,4649.0,10187.0,1963.0
15753.0,38700.0,7595.0,3424.0,1883.0,2848.0,6403.0,6229.0,4712.0,10163.0,1971.0
16014.0,40387.0,7768.0,3450.0,1903.0,2836.0,6659.0,6293.0,4840.0,10131.0,2002.0
16332.0,41698.0,7845.0,3475.0,1898.0,2844.0,6891.0,6280.0,4970.0,10099.0,2006.0
16324.0,43109.0,7930.0,3484.0,1898.0,2801.0,7079.0,6332.0,4990.0,10077.0,2038.0
15955.0,44035.0,8040.0,3470.0,1877.0,2759.0,7197.0,6375.0,4920.0,10194.0,2017.0
15696.0,44191.0,8025.0,3388.0,1886.0,2759.0,7168.0,6438.0,4878.0,10399.0,2052.0
14951.0,43159.0,8018.0,3394.0,1847.0,2611.0,6948.0,6451.0,4782.0,10439.0,2055.0
14048.0,43025.0,7777.0,3345.0,1754.0,2443.0,6844.0,6562.0,4656.0,10636.0,2047.0
13044.0,42388.0,7467.0,3164.0,1634.0,2268.0,6708.0,6342.0,4423.0,10311.0,2002.0
11995.0,40196.0,6962.0,2966.0,1540.0,2119.0,6311.0,5943.0,4157.0,9637.0,1944.0
11083.0,37509.0,6510.0,2747.0,1430.0,2023.0,5978.0,5509.0,3655.0,9031.0,1822.0
10543.0,34557.0,6186.0,2644.0,1401.0,1942.0,5579.0,5087.0,3725.0,8466.0,1850.0
10021.0,31411.0,5975.0,2522.0,1366.0,1928.0,5183.0,4947.0,3477.0,8043.0,1802.0
9671.0,29281.0,5926.0,2469.0,1371.0,1909.0,4869.0,4715.0,3371.0,7771.0,1779.0
9569.0,28090.0,5883.0,2456.0,1357.0,1924.0,4637.0,4621.0,3367.0,7594.0,1767.0
9672.0,27483.0,6059.0,2478.0,1405.0,1983.0,4455.0,4617.0,3385.0,7575.0,1774.0
9770.0,27278.0,6165.0,2583.0,1466.0,2059.0,4302.0,4714.0,3509.0,7796.0,1778.0
10589.0,28138.0,6316.0,2705.0,1581.0,2225.0,4300.0,4906.0,3594.0,8127.0,1718.0
11727.0,29329.0,6678.0,2927.0,1684.0,2487.0,4254.0,5139.0,3842.0,8686.0,1770.0
12893.0,30602.0,7062.0,3093.0,1754.0,2643.0,4433.0,5615.0,4103.0,9413.0,1845.0
14023.0,33547.0,7348.0,3208.0,1776.0,2751.0,4890.0,6116.0,4304.0,10165.0,1854.0
14927.0,35702.0,7584.0,3264.0,1765.0,2846.0,5370.0,6384.0,4499.0,10493.0,1915.0
15673.0,37054.0,7826.0,3279.0,1760.0,2919.0,5861.0,6453.0,4632.0,10485.0,1940.0
16321.0,37933.0,8094.0,3300.0,1750.0,2905.0,6074.0,6454.0,4662.0,10405.0,1940.0
16856.0,38792.0,8396.0,3282.0,1761.0,2954.0,6359.0,6411.0,4763.0,10306.0,1985.0
17119.0,40246.0,8721.0,3322.0,1776.0,2970.0,6551.0,6432.0,4832.0,10255.0,2057.0
17283.0,41521.0,8955.0,3356.0,1833.0,2978.0,6892.0,6423.0,4951.0,10201.0,2097.0
17420.0,43093.0,9142.0,3440.0,1855.0,2938.0,7146.0,6536.0,5049.0,10328.0,2116.0
17108.0,44031.0,9163.0,3495.0,1891.0,2932.0,7292.0,6645.0,5082.0,10541.0,2152.0
16873.0,44652.0,9270.0,3516.0,1943.0,2940.0,7379.0,6727.0,4995.0,10725.0,2176.0
11487.0,44627.0,9934.0,4340.0,2590.0,2873.0,5817.0,9352.0,5849.0,16829.0,2420.0
11098.0,44196.0,9502.0,4199.0,2497.0,2739.0,5781.0,9204.0,5666.0,16491.0,2355.0
10265.0,42568.0,8754.0,3931.0,2308.0,2520.0,5648.0,8890.0,5316.0,16035.0,2251.0
9328.0,40181.0,8074.0,3630.0,2124.0,2348.0,5410.0,8359.0,4857.0,15201.0,2122.0
8849.0,36915.0,7643.0,3383.0,2019.0,2222.0,5153.0,7636.0,4549.0,13901.0,2035.0
8666.0,33406.0,7553.0,3210.0,1951.0,2151.0,4800.0,6982.0,4386.0,12684.0,2017.0
8496.0,30948.0,7685.0,3156.0,1917.0,2152.0,4576.0,6503.0,4283.0,11808.0,2087.0
8603.0,29359.0,7640.0,3105.0,1906.0,2176.0,4447.0,6247.0,4220.0,11432.0,2060.0
8841.0,28419.0,7674.0,3148.0,1914.0,2252.0,4411.0,6153.0,4258.0,11247.0,2057.0
9644.0,27976.0,8083.0,3271.0,1992.0,2373.0,4410.0,6176.0,4408.0,11259.0,2083.0
10849.0,28094.0,8833.0,3571.0,2202.0,2597.0,4497.0,6326.0,4795.0,11606.0,2151.0
11656.0,30440.0,9180.0,3918.0,2381.0,2730.0,4782.0,6952.0,5299.0,12738.0,2228.0
11522.0,34584.0,9414.0,4089.0,2413.0,2825.0,5086.0,7866.0,5601.0,14276.0,2310.0
11082.0,37597.0,9356.0,4113.0,2429.0,2812.0,5187.0,8458.0,5621.0,15194.0,2314.0
10615.0,39300.0,9136.0,4075.0,2376.0,2757.0,5306.0,8500.0,5517.0,15274.0,2272.0
10262.0,39597.0,8860.0,4020.0,2332.0,2689.0,5338.0,8410.0,5437.0,15173.0,2258.0
9961.0,39084.0,8716.0,3972.0,2270.0,2659.0,5267.0,8389.0,5371.0,14946.0,2236.0
9815.0,38136.0,8576.0,3928.0,2240.0,2627.0,5089.0,8240.0,5253.0,14725.0,2244.0
9720.0,37815.0,8521.0,3909.0,2229.0,2586.0,4988.0,8133.0,5257.0,14554.0,2279.0
9773.0,37279.0,8531.0,3923.0,2231.0,2611.0,4913.0,8128.0,5253.0,14430.0,2286.0
9938.0,36667.0,8998.0,3979.0,2325.0,2588.0,4857.0,8084.0,5333.0,14337.0,2315.0
10942.0,36958.0,9843.0,4209.0,2495.0,2864.0,4904.0,8151.0,5658.0,14556.0,2375.0
11940.0,39295.0,9996.0,4311.0,2524.0,2980.0,5258.0,8626.0,5855.0,15396.0,2414.0
11915.0,43658.0,9912.0,4253.0,2492.0,2965.0,5728.0,8973.0,5790.0,15976.0,2393.0
11689.0,44757.0,9669.0,4171.0,2403.0,2918.0,5809.0,8950.0,5647.0,15912.0,2343.0
11215.0,44148.0,9224.0,4009.0,2319.0,2801.0,5779.0,8784.0,5436.0,15555.0,2277.0
10375.0,42418.0,8460.0,3736.0,2137.0,2598.0,5625.0,8438.0,5096.0,15014.0,2170.0
9570.0,40049.0,7831.0,3430.0,1963.0,2400.0,5406.0,7935.0,4666.0,14161.0,2066.0
9017.0,36775.0,7308.0,3173.0,1825.0,2256.0,5130.0,7285.0,4341.0,12936.0,1994.0
8714.0,32961.0,7185.0,3029.0,1775.0,2205.0,4762.0,6605.0,4148.0,11751.0,1957.0
8601.0,30335.0,7221.0,2950.0,1731.0,2186.0,4505.0,6114.0,4066.0,10885.0,2031.0
8674.0,28724.0,7190.0,2906.0,1717.0,2217.0,4351.0,5871.0,4019.0,10494.0,2014.0
8950.0,27631.0,7234.0,2940.0,1742.0,2268.0,4286.0,5760.0,4010.0,10343.0,1987.0
9628.0,27308.0,7584.0,3069.0,1833.0,2373.0,4271.0,5804.0,4179.0,10404.0,2050.0
10763.0,27927.0,8208.0,3342.0,2030.0,2546.0,4372.0,6027.0,4596.0,10840.0,2096.0
11309.0,30208.0,8705.0,3689.0,2222.0,2695.0,4585.0,6575.0,5122.0,11795.0,2172.0
11118.0,33819.0,9085.0,3862.0,2248.0,2794.0,4889.0,7509.0,5398.0,13413.0,2290.0
10853.0,36856.0,8951.0,3875.0,2235.0,2833.0,4959.0,8066.0,5408.0,14402.0,2240.0
10569.0,38678.0,8830.0,3820.0,2202.0,2747.0,5110.0,8126.0,5331.0,14413.0,2226.0
10191.0,39309.0,8655.0,3766.0,2148.0,2686.0,5144.0,8058.0,5262.0,14214.0,2205.0
9997.0,38886.0,8542.0,3711.0,2106.0,2611.0,5082.0,7947.0,5165.0,13962.0,2179.0
9876.0,38246.0,8550.0,3652.0,2085.0,2590.0,4936.0,7784.0,5104.0,13635.0,2196.0
9777.0,37541.0,8534.0,3618.0,2046.0,2549.0,4861.0,7721.0,5073.0,13415.0,2198.0
9820.0,37098.0,8599.0,3625.0,2108.0,2592.0,4800.0,7650.0,5079.0,13291.0,2228.0
10146.0,36602.0,9055.0,3698.0,2215.0,2571.0,4680.0,7615.0,5144.0,13265.0,2265.0
11043.0,36867.0,9788.0,3933.0,2358.0,2807.0,4729.0,7717.0,5493.0,13534.0,2337.0
11663.0,38660.0,9985.0,4065.0,2399.0,2931.0,5105.0,8165.0,5629.0,14379.0,2364.0
11684.0,43178.0,9852.0,4039.0,2393.0,2932.0,5582.0,8584.0,5669.0,15151.0,2378.0
11541.0,44332.0,9570.0,3970.0,2319.0,2842.0,5692.0,8626.0,5540.0,15143.0,2311.0
11097.0,43689.0,9170.0,3847.0,2208.0,2750.0,5652.0,8495.0,5363.0,14876.0,2270.0
10173.0,42255.0,8415.0,3604.0,2055.0,2551.0,5548.0,8158.0,5046.0,14361.0,2153.0
9402.0,39891.0,7818.0,3321.0,1884.0,2344.0,5344.0,7681.0,4596.0,13591.0,2035.0
8843.0,36387.0,7384.0,3101.0,1766.0,2220.0,5097.0,7021.0,4299.0,12440.0,1967.0
8649.0,33039.0,7233.0,2948.0,1703.0,2139.0,4774.0,6441.0,4158.0,11315.0,1973.0
8496.0,30540.0,7318.0,2903.0,1674.0,2141.0,4556.0,5949.0,4050.0,10543.0,2014.0
8465.0,28930.0,7279.0,2882.0,1662.0,2177.0,4448.0,5704.0,3967.0,10125.0,1992.0
8793.0,27938.0,7352.0,2902.0,1686.0,2237.0,4390.0,5628.0,3981.0,9949.0,1985.0
9550.0,27494.0,7714.0,3025.0,1769.0,2313.0,4439.0,5606.0,4127.0,10008.0,1998.0
10878.0,27980.0,8372.0,3326.0,1938.0,2545.0,4535.0,5818.0,4510.0,10362.0,2067.0
11243.0,30026.0,8789.0,3695.0,2169.0,2637.0,4744.0,6388.0,5009.0,11386.0,2146.0
11158.0,33832.0,9058.0,3884.0,2208.0,2755.0,5070.0,7272.0,5326.0,12993.0,2253.0
10839.0,37013.0,9022.0,3943.0,2217.0,2760.0,5184.0,7863.0,5378.0,14011.0,2230.0
10535.0,38752.0,8846.0,3883.0,2171.0,2694.0,5243.0,7976.0,5319.0,14157.0,2224.0
10145.0,39183.0,8635.0,3769.0,2128.0,2620.0,5238.0,7929.0,5180.0,13959.0,2210.0
9940.0,38776.0,8429.0,3684.0,2069.0,2572.0,5182.0,7776.0,5070.0,13553.0,2172.0
9851.0,37973.0,8275.0,3613.0,2055.0,2557.0,5043.0,7595.0,5030.0,13201.0,2139.0
9744.0,37497.0,8226.0,3574.0,2013.0,2500.0,4934.0,7528.0,4959.0,12973.0,2135.0
9741.0,37133.0,8427.0,3563.0,2040.0,2514.0,4867.0,7440.0,4940.0,12858.0,2206.0
9902.0,36714.0,9000.0,3652.0,2163.0,2496.0,4763.0,7380.0,5026.0,12811.0,2240.0
10894.0,36978.0,9728.0,3915.0,2312.0,2748.0,4780.0,7548.0,5398.0,13107.0,2335.0
11448.0,38638.0,9930.0,4110.0,2376.0,2870.0,5182.0,8068.0,5607.0,14077.0,2373.0
11387.0,43050.0,9821.0,4103.0,2351.0,2856.0,5608.0,8444.0,5583.0,14782.0,2341.0
11075.0,44224.0,9521.0,4037.0,2306.0,2791.0,5679.0,8504.0,5437.0,14901.0,2293.0
10634.0,43484.0,9128.0,3909.0,2205.0,2702.0,5636.0,8331.0,5302.0,14594.0,2253.0
9926.0,41960.0,8336.0,3678.0,2059.0,2506.0,5513.0,8077.0,4999.0,14116.0,2150.0
9159.0,39656.0,7799.0,3391.0,1878.0,2306.0,5331.0,7643.0,4615.0,13382.0,2051.0
8593.0,36472.0,7481.0,3157.0,1781.0,2176.0,5040.0,7038.0,4282.0,12306.0,1958.0
8397.0,32837.0,7416.0,3012.0,1722.0,2122.0,4763.0,6427.0,4108.0,11207.0,1980.0
8377.0,30010.0,7444.0,2920.0,1696.0,2106.0,4463.0,5980.0,3997.0,10414.0,1999.0
8370.0,28279.0,7425.0,2904.0,1701.0,2011.0,4336.0,5732.0,3976.0,10019.0,1989.0
8556.0,27572.0,7480.0,2901.0,1710.0,2143.0,4303.0,5623.0,4001.0,9841.0,1961.0
9368.0,27287.0,7827.0,3027.0,1812.0,2300.0,4344.0,5646.0,4172.0,9845.0,2001.0
10415.0,27459.0,8570.0,3306.0,1989.0,2503.0,4411.0,5856.0,4544.0,10227.0,2077.0
10588.0,29685.0,8919.0,3658.0,2197.0,2610.0,4653.0,6435.0,5000.0,11253.0,2151.0
10712.0,33492.0,9393.0,3879.0,2251.0,2739.0,4993.0,7308.0,5353.0,12810.0,2276.0
10486.0,36438.0,9322.0,3920.0,2246.0,2770.0,5073.0,7916.0,5415.0,13875.0,2289.0
10091.0,38417.0,9121.0,3883.0,2192.0,2739.0,5182.0,7950.0,5317.0,13993.0,2253.0
9791.0,39115.0,8856.0,3802.0,2124.0,2652.0,5178.0,7919.0,5200.0,13794.0,2200.0
9442.0,38626.0,8705.0,3694.0,2079.0,2588.0,5054.0,7744.0,5073.0,13401.0,2192.0
9352.0,37789.0,8599.0,3584.0,2030.0,2559.0,4940.0,7498.0,4980.0,12988.0,2168.0
9230.0,37112.0,8498.0,3511.0,2014.0,2505.0,4853.0,7345.0,4938.0,12673.0,2139.0
9173.0,36864.0,8520.0,3500.0,2059.0,2525.0,4709.0,7262.0,4974.0,12549.0,2149.0
9329.0,36250.0,9032.0,3547.0,2150.0,2494.0,4629.0,7235.0,4984.0,12452.0,2171.0
10235.0,36142.0,9845.0,3761.0,2285.0,2757.0,4668.0,7341.0,5297.0,12757.0,2263.0
10919.0,37957.0,9982.0,3946.0,2325.0,2827.0,5034.0,7802.0,5521.0,13605.0,2328.0
10814.0,42504.0,9971.0,3937.0,2288.0,2800.0,5478.0,8192.0,5463.0,14210.0,2274.0
10545.0,43245.0,9661.0,3884.0,2228.0,2744.0,5572.0,8197.0,5369.0,14173.0,2272.0
10294.0,42239.0,9434.0,3774.0,2148.0,2663.0,5512.0,8021.0,5271.0,13792.0,2237.0
9793.0,40478.0,8824.0,3627.0,2047.0,2513.0,5383.0,7789.0,5008.0,13386.0,2120.0
9249.0,38532.0,8219.0,3411.0,1886.0,2322.0,5235.0,7459.0,4702.0,12867.0,2045.0
8757.0,36008.0,7761.0,3196.0,1776.0,2195.0,5054.0,6950.0,4366.0,12002.0,1956.0
8378.0,32682.0,7677.0,3023.0,1703.0,2115.0,4748.0,6425.0,4163.0,11066.0,1937.0
8247.0,29888.0,7677.0,2941.0,1672.0,2091.0,4468.0,5934.0,4034.0,10277.0,1978.0
8226.0,28095.0,7581.0,2868.0,1649.0,2068.0,4315.0,5627.0,3978.0,9848.0,1961.0
8172.0,26834.0,7584.0,2860.0,1658.0,2099.0,4235.0,5466.0,3991.0,9577.0,1947.0
8499.0,26249.0,7708.0,2915.0,1691.0,2135.0,4154.0,5462.0,4032.0,9540.0,1959.0
9027.0,26124.0,8013.0,3037.0,1762.0,2226.0,4180.0,5486.0,4185.0,9570.0,1962.0
9263.0,26787.0,8229.0,3217.0,1886.0,2321.0,4282.0,5703.0,4452.0,9976.0,1961.0
9587.0,28150.0,8728.0,3428.0,1987.0,2463.0,4345.0,6058.0,4805.0,10681.0,2130.0
9687.0,29632.0,8849.0,3618.0,2059.0,2542.0,4430.0,6558.0,5020.0,11567.0,2216.0
9678.0,31845.0,8792.0,3704.0,2076.0,2527.0,4595.0,6981.0,5072.0,12348.0,2209.0
9550.0,33633.0,8579.0,3725.0,2059.0,2502.0,4720.0,7217.0,5061.0,12834.0,2218.0
9363.0,34453.0,8502.0,3699.0,2052.0,2494.0,4707.0,7330.0,5029.0,13006.0,2224.0
9229.0,34228.0,8352.0,3644.0,2045.0,2456.0,4657.0,7254.0,4919.0,12857.0,2198.0
9163.0,34300.0,8180.0,3564.0,2027.0,2446.0,4620.0,7177.0,4861.0,12786.0,2174.0
9139.0,33876.0,8107.0,3539.0,2035.0,2467.0,4515.0,7043.0,4854.0,12552.0,2109.0
9326.0,33627.0,8546.0,3575.0,2140.0,2397.0,4536.0,6988.0,4910.0,12489.0,2082.0
10147.0,33725.0,9369.0,3757.0,2264.0,2641.0,4548.0,7116.0,5212.0,12664.0,2184.0
10714.0,35555.0,9460.0,3852.0,2248.0,2734.0,4920.0,7502.0,5329.0,13430.0,2218.0
10598.0,39672.0,9445.0,3824.0,2233.0,2708.0,5390.0,7828.0,5272.0,13854.0,2205.0
10364.0,40303.0,9235.0,3754.0,2186.0,2674.0,5443.0,7747.0,5211.0,13763.0,2175.0
10146.0,39669.0,9044.0,3664.0,2107.0,2637.0,5374.0,7612.0,5097.0,13477.0,2156.0
9570.0,38505.0,8537.0,3507.0,1983.0,2492.0,5313.0,7394.0,4872.0,13125.0,2080.0
9048.0,36893.0,7950.0,3292.0,1844.0,2332.0,5172.0,7109.0,4587.0,12593.0,1988.0
8450.0,34758.0,7439.0,3116.0,1735.0,2141.0,5017.0,6635.0,4292.0,11789.0,1912.0
8231.0,32041.0,7307.0,2966.0,1679.0,2112.0,4749.0,6221.0,4086.0,11005.0,1900.0
8105.0,29385.0,7305.0,2876.0,1626.0,2097.0,4537.0,5774.0,3967.0,10196.0,1949.0
8131.0,27637.0,7315.0,2851.0,1596.0,2102.0,4394.0,5507.0,3897.0,9752.0,1943.0
8123.0,26419.0,7232.0,2830.0,1622.0,2075.0,4295.0,5334.0,3881.0,9502.0,1915.0
8372.0,26141.0,7283.0,2877.0,1611.0,2125.0,4254.0,5305.0,3942.0,9399.0,1908.0
8909.0,25649.0,7461.0,2946.0,1699.0,2191.0,4255.0,5347.0,4062.0,9473.0,1902.0
9204.0,26030.0,7655.0,3118.0,1831.0,2296.0,4390.0,5515.0,4255.0,9819.0,1928.0
9586.0,27459.0,8096.0,3319.0,1936.0,2402.0,4504.0,5836.0,4615.0,10423.0,2064.0
9618.0,28988.0,8163.0,3475.0,2022.0,2496.0,4537.0,6279.0,4805.0,11239.0,2132.0
9594.0,30785.0,8181.0,3530.0,2019.0,2501.0,4733.0,6668.0,4886.0,12015.0,2122.0
9471.0,32167.0,8053.0,3524.0,2018.0,2481.0,4930.0,6934.0,4876.0,12448.0,2132.0
9366.0,32987.0,8060.0,3509.0,2027.0,2478.0,4949.0,7063.0,4920.0,12569.0,2149.0
9313.0,32830.0,8004.0,3470.0,2011.0,2445.0,4901.0,7019.0,4841.0,12437.0,2144.0
9276.0,33011.0,7972.0,3434.0,2030.0,2435.0,4914.0,6976.0,4819.0,12420.0,2139.0
9248.0,32840.0,8036.0,3434.0,2058.0,2463.0,4745.0,6945.0,4840.0,12189.0,2110.0
9365.0,32687.0,8474.0,3516.0,2148.0,2406.0,4742.0,6946.0,4934.0,12123.0,2152.0
10264.0,32961.0,9220.0,3730.0,2277.0,2691.0,4763.0,7053.0,5216.0,12343.0,2220.0
10937.0,34940.0,9352.0,3851.0,2312.0,2785.0,5095.0,7488.0,5356.0,13103.0,2242.0
10882.0,39151.0,9379.0,3839.0,2270.0,2787.0,5550.0,7841.0,5347.0,13672.0,2228.0
10590.0,39962.0,9126.0,3751.0,2217.0,2728.0,5590.0,7884.0,5259.0,13683.0,2230.0
10273.0,39519.0,8822.0,3650.0,2133.0,2632.0,5512.0,7728.0,5126.0,13447.0,2207.0
9511.0,38585.0,8189.0,3445.0,1969.0,2467.0,5418.0,7524.0,4846.0,13040.0,2083.0
8868.0,36713.0,7604.0,3198.0,1829.0,2299.0,5290.0,7128.0,4484.0,12360.0,1989.0
8405.0,34503.0,7169.0,2986.0,1680.0,2163.0,5054.0,6581.0,4255.0,11489.0,1927.0
8094.0,31485.0,7070.0,2866.0,1631.0,2090.0,4781.0,6046.0,4048.0,10456.0,1937.0
8023.0,29298.0,7121.0,2807.0,1600.0,2084.0,4568.0,5673.0,4002.0,9838.0,1992.0
7999.0,27964.0,7065.0,2775.0,1607.0,2102.0,4408.0,5466.0,3955.0,9474.0,1981.0
8254.0,27604.0,7115.0,2814.0,1631.0,2142.0,4385.0,5380.0,3964.0,9291.0,1949.0
8815.0,26958.0,7402.0,2932.0,1698.0,2222.0,4387.0,5386.0,4134.0,9362.0,1984.0
9717.0,27248.0,7957.0,3188.0,1890.0,2423.0,4523.0,5532.0,4498.0,9646.0,2050.0
10119.0,28902.0,8307.0,3484.0,2087.0,2557.0,4716.0,6061.0,4945.0,10549.0,2105.0
10467.0,31963.0,8674.0,3711.0,2163.0,2694.0,4904.0,6817.0,5313.0,11818.0,2211.0
10489.0,34591.0,8730.0,3832.0,2186.0,2743.0,5100.0,7410.0,5467.0,12848.0,2237.0
10245.0,37449.0,8550.0,3848.0,2154.0,2698.0,5291.0,7706.0,5427.0,13436.0,2206.0
10038.0,38817.0,8393.0,3800.0,2113.0,2640.0,5370.0,7839.0,5331.0,13626.0,2182.0
9844.0,38767.0,8288.0,3715.0,2079.0,2586.0,5277.0,7825.0,5277.0,13611.0,2172.0
9620.0,38164.0,8204.0,3669.0,2075.0,2563.0,5153.0,7801.0,5223.0,13518.0,2200.0
9450.0,37542.0,8128.0,3615.0,2047.0,2488.0,5086.0,7782.0,5206.0,13499.0,2172.0
9497.0,37118.0,8191.0,3616.0,2082.0,2536.0,4932.0,7776.0,5189.0,13412.0,2196.0
9624.0,36551.0,8717.0,3663.0,2177.0,2535.0,4876.0,7698.0,5254.0,13321.0,2240.0
10570.0,36795.0,9583.0,3868.0,2330.0,2792.0,4928.0,7722.0,5574.0,13478.0,2319.0
11331.0,38787.0,9800.0,4003.0,2390.0,2891.0,5302.0,8133.0,5753.0,14272.0,2364.0
11308.0,42805.0,9774.0,3992.0,2357.0,2851.0,5716.0,8682.0,5717.0,15206.0,2381.0
19360.0,49708.0,10170.0,4899.0,2148.0,3187.0,9359.0,7912.0,6050.0,12444.0,2521.0
18158.0,48370.0,9946.0,4740.0,2039.0,2879.0,9062.0,7768.0,5766.0,12256.0,2472.0
16549.0,47844.0,9242.0,4509.0,1887.0,2617.0,8868.0,7592.0,5296.0,12111.0,2371.0
15137.0,46017.0,8484.0,4137.0,1758.0,2463.0,8490.0,7202.0,4795.0,11813.0,2277.0
13907.0,41817.0,7896.0,3765.0,1615.0,2318.0,7866.0,6605.0,4382.0,10903.0,2218.0
12971.0,37496.0,7526.0,3528.0,1518.0,2228.0,7236.0,6031.0,4123.0,9996.0,2146.0
12388.0,33802.0,7187.0,3363.0,1461.0,2143.0,6656.0,5639.0,4017.0,9186.0,2121.0
11912.0,32053.0,6891.0,3261.0,1458.0,2122.0,6214.0,5446.0,3918.0,8894.0,2064.0
11585.0,30739.0,6918.0,3208.0,1500.0,2196.0,5914.0,5296.0,3938.0,8612.0,2063.0
11572.0,29845.0,7068.0,3246.0,1582.0,2306.0,5694.0,5353.0,4098.0,8659.0,2087.0
12200.0,29954.0,7485.0,3374.0,1736.0,2512.0,5580.0,5573.0,4415.0,8893.0,2192.0
13411.0,31225.0,8051.0,3665.0,1859.0,2771.0,5464.0,6024.0,4830.0,9423.0,2226.0
14652.0,33384.0,8655.0,3899.0,1967.0,3007.0,5555.0,6623.0,5148.0,10420.0,2211.0
15750.0,36590.0,9124.0,4075.0,1999.0,3200.0,6013.0,7063.0,5402.0,11216.0,2277.0
16849.0,40206.0,9372.0,4161.0,1998.0,3324.0,6616.0,7435.0,5574.0,11796.0,2294.0
17898.0,42662.0,9672.0,4205.0,2006.0,3467.0,7118.0,7668.0,5728.0,12054.0,2297.0
18919.0,44367.0,9985.0,4239.0,2024.0,3563.0,7664.0,7697.0,5805.0,12092.0,2334.0
19819.0,45489.0,10223.0,4269.0,2059.0,3630.0,7995.0,7724.0,5856.0,12070.0,2325.0
20541.0,46555.0,10358.0,4307.0,2058.0,3651.0,8259.0,7718.0,5890.0,12076.0,2357.0
21031.0,47917.0,10606.0,4349.0,2100.0,3713.0,8490.0,7752.0,6005.0,12047.0,2417.0
21467.0,49246.0,10832.0,4386.0,2097.0,3611.0,8629.0,7781.0,6063.0,12074.0,2431.0
21638.0,50886.0,11054.0,4428.0,2110.0,3495.0,8822.0,7774.0,6096.0,12109.0,2499.0
21223.0,51950.0,10951.0,4491.0,2109.0,3453.0,8886.0,7795.0,6088.0,12157.0,2499.0
20569.0,52539.0,10719.0,4472.0,2084.0,3437.0,8898.0,7788.0,5936.0,12259.0,2480.0
19901.0,52379.0,10488.0,4402.0,2050.0,3301.0,8899.0,7761.0,5817.0,12353.0,2469.0
18646.0,50806.0,10212.0,4302.0,1965.0,3046.0,8544.0,7686.0,5569.0,12249.0,2435.0
16996.0,50244.0,9510.0,4167.0,1830.0,2779.0,8302.0,7582.0,5111.0,12178.0,2354.0
15625.0,48372.0,8775.0,3861.0,1702.0,2581.0,7915.0,7159.0,4649.0,11786.0,2236.0
14412.0,43843.0,8111.0,3570.0,1579.0,2427.0,7315.0,6592.0,4273.0,11003.0,2170.0
13406.0,39042.0,7641.0,3381.0,1524.0,2340.0,6685.0,6019.0,4055.0,9979.0,2079.0
12772.0,35218.0,7300.0,3248.0,1489.0,2279.0,6102.0,5618.0,3862.0,9308.0,2012.0
12344.0,33057.0,7123.0,3163.0,1466.0,2258.0,5737.0,5386.0,3787.0,8914.0,2010.0
12129.0,31588.0,7051.0,3152.0,1498.0,2309.0,5446.0,5284.0,3879.0,8680.0,2015.0
12259.0,30629.0,7215.0,3184.0,1578.0,2386.0,5229.0,5330.0,3964.0,8648.0,2011.0
12747.0,30460.0,7635.0,3342.0,1728.0,2579.0,5150.0,5502.0,4239.0,8879.0,2098.0
13807.0,31669.0,8220.0,3622.0,1840.0,2859.0,5066.0,5938.0,4597.0,9489.0,2146.0
15128.0,33912.0,8813.0,3883.0,1929.0,3065.0,5138.0,6537.0,4935.0,10441.0,2170.0
16298.0,37423.0,9284.0,4017.0,1987.0,3239.0,5566.0,7044.0,5131.0,11272.0,2204.0
17453.0,41522.0,9521.0,4108.0,1984.0,3392.0,6155.0,7393.0,5259.0,11846.0,2218.0
18429.0,44314.0,9820.0,4152.0,1973.0,3456.0,6658.0,7580.0,5355.0,12089.0,2198.0
19378.0,46413.0,10050.0,4202.0,2010.0,3568.0,7030.0,7679.0,5473.0,12168.0,2225.0
20271.0,48056.0,10246.0,4266.0,2028.0,3649.0,7463.0,7750.0,5632.0,12199.0,2269.0
21000.0,49885.0,10444.0,4313.0,2061.0,3681.0,7893.0,7921.0,5785.0,12326.0,2288.0
21466.0,51823.0,10706.0,4397.0,2097.0,3655.0,8427.0,8066.0,5944.0,12478.0,2387.0
21638.0,53808.0,10734.0,4450.0,2113.0,3607.0,8749.0,8181.0,6064.0,12576.0,2411.0
21630.0,55704.0,10798.0,4552.0,2162.0,3596.0,9105.0,8358.0,6118.0,12783.0,2468.0
21223.0,57168.0,10684.0,4646.0,2158.0,3418.0,9310.0,8446.0,6155.0,13020.0,2501.0
20564.0,57874.0,10415.0,4627.0,2137.0,3364.0,9410.0,8436.0,6001.0,13046.0,2480.0
20076.0,57642.0,10063.0,4558.0,2091.0,3236.0,9518.0,8378.0,5863.0,13049.0,2480.0
18832.0,55968.0,9872.0,4457.0,2007.0,2986.0,9185.0,8208.0,5548.0,12799.0,2429.0
17160.0,54925.0,9161.0,4292.0,1846.0,2667.0,8924.0,8024.0,5086.0,12621.0,2323.0
15665.0,52590.0,8474.0,3952.0,1710.0,2439.0,8443.0,7566.0,4597.0,12254.0,2232.0
14498.0,47507.0,7846.0,3639.0,1602.0,2504.0,7735.0,6907.0,4225.0,11319.0,2175.0
13664.0,42174.0,7425.0,3425.0,1558.0,2316.0,7001.0,6294.0,4028.0,10277.0,2123.0
13057.0,37813.0,7187.0,3303.0,1533.0,2248.0,6350.0,5830.0,3840.0,9400.0,2092.0
12678.0,35329.0,6956.0,3229.0,1496.0,2243.0,5923.0,5556.0,3813.0,8979.0,2047.0
12645.0,33471.0,6924.0,3183.0,1524.0,2301.0,5633.0,5427.0,3840.0,8745.0,2045.0
12719.0,32562.0,7112.0,3202.0,1615.0,2415.0,5319.0,5432.0,3986.0,8700.0,2072.0
13258.0,32543.0,7507.0,3334.0,1746.0,2592.0,5216.0,5627.0,4290.0,8893.0,2136.0
14320.0,33313.0,7962.0,3610.0,1885.0,2757.0,5163.0,6043.0,4664.0,9404.0,2176.0
15688.0,35803.0,8373.0,3891.0,1982.0,2943.0,5255.0,6611.0,5049.0,10330.0,2207.0
16773.0,39691.0,8727.0,4078.0,2056.0,3096.0,5804.0,7109.0,5254.0,11145.0,2241.0
18153.0,44268.0,8920.0,4220.0,2073.0,3241.0,6427.0,7549.0,5452.0,11807.0,2239.0
19296.0,47703.0,9113.0,4297.0,2091.0,3361.0,7057.0,7815.0,5593.0,12154.0,2264.0
20281.0,50523.0,9438.0,4410.0,2136.0,3453.0,7619.0,7973.0,5787.0,12300.0,2279.0
21215.0,52826.0,9748.0,4527.0,2198.0,3538.0,8149.0,8095.0,5931.0,12436.0,2326.0
21791.0,54781.0,10081.0,4665.0,2248.0,3585.0,8648.0,8335.0,6057.0,12662.0,2375.0
22303.0,57134.0,10355.0,4816.0,2318.0,3627.0,9040.0,8524.0,6241.0,12867.0,2448.0
22758.0,58982.0,10621.0,4895.0,2343.0,3547.0,9494.0,8664.0,6330.0,13052.0,2478.0
22735.0,60614.0,10871.0,4995.0,2364.0,3424.0,9838.0,8812.0,6520.0,13255.0,2554.0
22176.0,61324.0,10921.0,5109.0,2373.0,3375.0,9896.0,8937.0,6479.0,13485.0,2618.0
21589.0,61223.0,10954.0,5096.0,2336.0,3309.0,10012.0,8909.0,6306.0,13604.0,2606.0
20988.0,60507.0,10656.0,5012.0,2268.0,3192.0,10016.0,8795.0,6146.0,13499.0,2588.0
19717.0,58530.0,10282.0,4847.0,2135.0,2997.0,9699.0,8509.0,5817.0,13216.0,2523.0
18051.0,57317.0,9609.0,4590.0,1969.0,2687.0,9526.0,8221.0,5304.0,12903.0,2420.0
16561.0,54639.0,8816.0,4254.0,1812.0,2485.0,9136.0,7714.0,4806.0,12469.0,2320.0
15232.0,49818.0,8159.0,3865.0,1686.0,2368.0,8483.0,6993.0,4352.0,11458.0,2223.0
14266.0,44347.0,7768.0,3599.0,1606.0,2300.0,7777.0,6342.0,4141.0,10350.0,2186.0
13601.0,39583.0,7480.0,3439.0,1570.0,2210.0,7206.0,5888.0,3996.0,9540.0,2144.0
13115.0,37024.0,7202.0,3313.0,1547.0,2180.0,6787.0,5609.0,3903.0,9082.0,2108.0
13020.0,34960.0,7107.0,3272.0,1553.0,2271.0,6456.0,5460.0,3941.0,8766.0,2087.0
13140.0,33506.0,7233.0,3311.0,1629.0,2380.0,6207.0,5486.0,4036.0,8714.0,2113.0
13459.0,33433.0,7566.0,3426.0,1768.0,2653.0,6091.0,5598.0,4321.0,8905.0,2142.0
14444.0,34667.0,8118.0,3708.0,1929.0,2810.0,6010.0,6007.0,4733.0,9375.0,2229.0
15665.0,36850.0,8645.0,3999.0,2056.0,3000.0,5945.0,6584.0,5118.0,10337.0,2245.0
16828.0,40712.0,9079.0,4235.0,2106.0,3178.0,6537.0,7104.0,5410.0,11257.0,2281.0
17895.0,45238.0,9283.0,4398.0,2152.0,3271.0,7059.0,7525.0,5574.0,11943.0,2294.0
18878.0,48808.0,9398.0,4575.0,2196.0,3368.0,7633.0,7729.0,5788.0,12201.0,2314.0
19604.0,51748.0,9631.0,4677.0,2248.0,3441.0,8041.0,7853.0,5997.0,12233.0,2350.0
20323.0,53952.0,9909.0,4813.0,2298.0,3414.0,8468.0,7923.0,6108.0,12296.0,2334.0
20906.0,55816.0,10193.0,4936.0,2346.0,3375.0,8796.0,8024.0,6273.0,12347.0,2367.0
21537.0,57538.0,10467.0,4983.0,2417.0,3506.0,9114.0,8137.0,6464.0,12418.0,2386.0
21711.0,59037.0,10779.0,4942.0,2405.0,3502.0,9459.0,8224.0,6522.0,12464.0,2476.0
21769.0,60684.0,11018.0,4976.0,2411.0,3445.0,9711.0,8288.0,6630.0,12562.0,2530.0
20841.0,61514.0,11029.0,5042.0,2392.0,3364.0,9719.0,8354.0,6562.0,12662.0,2554.0
19878.0,61579.0,10883.0,5040.0,2332.0,3276.0,9807.0,8296.0,6424.0,12749.0,2563.0
18954.0,61097.0,10516.0,5046.0,2272.0,3212.0,9791.0,8170.0,6222.0,12616.0,2540.0
17865.0,58678.0,10125.0,4961.0,2157.0,2978.0,9612.0,7984.0,5898.0,12416.0,2494.0
16651.0,56851.0,9420.0,4765.0,1987.0,2735.0,9444.0,7774.0,5445.0,12186.0,2415.0
15304.0,54071.0,8659.0,4409.0,1823.0,2541.0,9028.0,7577.0,4989.0,12211.0,2327.0
14286.0,49222.0,8022.0,4041.0,1683.0,2345.0,8466.0,7004.0,4599.0,11322.0,2253.0
13311.0,44009.0,7540.0,3764.0,1597.0,2248.0,7889.0,6420.0,4386.0,10386.0,2196.0
12586.0,39530.0,7170.0,3556.0,1562.0,2171.0,7125.0,5972.0,4231.0,9688.0,2136.0
12119.0,36493.0,6990.0,3417.0,1524.0,2147.0,6684.0,5701.0,4116.0,9137.0,2089.0
11863.0,34281.0,6744.0,3321.0,1512.0,2171.0,6364.0,5552.0,4080.0,8890.0,2049.0
11621.0,32915.0,6687.0,3245.0,1526.0,2151.0,5985.0,5476.0,4050.0,8786.0,2045.0
11741.0,32105.0,6774.0,3258.0,1615.0,2319.0,5733.0,5454.0,4125.0,8753.0,2057.0
12493.0,31894.0,7117.0,3397.0,1736.0,2499.0,5540.0,5567.0,4407.0,8863.0,2093.0
13635.0,32164.0,7624.0,3647.0,1830.0,2723.0,5429.0,5942.0,4808.0,9400.0,2151.0
15013.0,34704.0,8306.0,3911.0,1934.0,2933.0,5818.0,6416.0,5129.0,10127.0,2242.0
16557.0,37898.0,8862.0,4125.0,1993.0,3090.0,6400.0,6875.0,5426.0,10859.0,2286.0
17721.0,41728.0,9338.0,4326.0,2022.0,3241.0,7020.0,7147.0,5593.0,11347.0,2276.0
18807.0,45515.0,9713.0,4467.0,2072.0,3317.0,7644.0,7266.0,5710.0,11598.0,2318.0
19676.0,48495.0,9988.0,4596.0,2106.0,3427.0,8209.0,7331.0,5822.0,11660.0,2336.0
20408.0,51086.0,10206.0,4709.0,2142.0,3494.0,8627.0,7382.0,5944.0,11703.0,2364.0
21079.0,53074.0,10428.0,4821.0,2179.0,3523.0,9062.0,7444.0,6078.0,11704.0,2393.0
21371.0,54640.0,10533.0,4923.0,2204.0,3526.0,9369.0,7515.0,6235.0,11712.0,2390.0
21186.0,55986.0,10662.0,5023.0,2205.0,3469.0,9636.0,7650.0,6329.0,11858.0,2452.0
20640.0,56955.0,10489.0,5032.0,2192.0,3359.0,9819.0,7772.0,6251.0,12099.0,2458.0
19991.0,56993.0,10206.0,4993.0,2163.0,3284.0,9840.0,7872.0,6040.0,12275.0,2414.0
19423.0,56205.0,10136.0,4881.0,2116.0,3140.0,9655.0,7743.0,5941.0,12270.0,2431.0
18218.0,54135.0,9871.0,4741.0,2038.0,2955.0,9318.0,7663.0,5672.0,12137.0,2406.0
16880.0,52710.0,9336.0,4537.0,1903.0,2688.0,9161.0,7531.0,5229.0,12019.0,2346.0
15730.0,50379.0,8650.0,4204.0,1764.0,2537.0,8748.0,7229.0,4809.0,11805.0,2239.0
14583.0,46381.0,7997.0,3863.0,1651.0,2412.0,8189.0,6718.0,4412.0,11077.0,2146.0
13480.0,41860.0,7641.0,3625.0,1567.0,2284.0,7563.0,6207.0,4173.0,10189.0,2074.0
12809.0,37673.0,7307.0,3423.0,1529.0,2189.0,6866.0,5786.0,3994.0,9501.0,2054.0
12348.0,34865.0,7053.0,3274.0,1471.0,2143.0,6451.0,5530.0,3836.0,9029.0,2053.0
11913.0,32815.0,6845.0,3204.0,1471.0,2148.0,6042.0,5371.0,3841.0,8768.0,2002.0
11600.0,31275.0,6749.0,3125.0,1477.0,2148.0,5804.0,5302.0,3755.0,8644.0,1965.0
11516.0,30697.0,6783.0,3102.0,1539.0,2254.0,5587.0,5270.0,3835.0,8627.0,1972.0
12369.0,30204.0,7042.0,3217.0,1629.0,2464.0,5432.0,5325.0,4136.0,8628.0,2029.0
13686.0,30494.0,7437.0,3456.0,1732.0,2661.0,5328.0,5654.0,4523.0,9002.0,2045.0
15085.0,32370.0,7919.0,3719.0,1820.0,2861.0,5636.0,6090.0,4949.0,9718.0,2096.0
16530.0,35024.0,8485.0,3930.0,1884.0,3091.0,6214.0,6582.0,5253.0,10426.0,2208.0
17756.0,38143.0,8870.0,4122.0,1985.0,3226.0,6934.0,6892.0,5495.0,10976.0,2253.0
18936.0,41369.0,9254.0,4309.0,2046.0,3354.0,7604.0,7071.0,5686.0,11275.0,2278.0
19759.0,44300.0,9509.0,4447.0,2082.0,3455.0,8190.0,7235.0,5858.0,11433.0,2325.0
20469.0,47307.0,9730.0,4563.0,2125.0,3494.0,8736.0,7311.0,5989.0,11594.0,2375.0
21086.0,49620.0,9927.0,4658.0,2174.0,3551.0,9122.0,7404.0,6108.0,11649.0,2424.0
21567.0,51724.0,10041.0,4769.0,2241.0,3564.0,9462.0,7477.0,6117.0,11667.0,2430.0
21523.0,53231.0,10301.0,4864.0,2228.0,3526.0,9738.0,7519.0,6240.0,11759.0,2499.0
21070.0,54565.0,10371.0,4902.0,2205.0,3442.0,9892.0,7679.0,6222.0,12030.0,2524.0
20351.0,55131.0,10245.0,4862.0,2168.0,3333.0,9937.0,7803.0,6027.0,12270.0,2521.0
19636.0,54429.0,10088.0,4768.0,2098.0,3146.0,9748.0,7757.0,5909.0,12292.0,2538.0
18381.0,52415.0,9899.0,4606.0,1990.0,2919.0,9373.0,7656.0,5648.0,12172.0,2480.0
16882.0,51199.0,9263.0,4388.0,1844.0,2696.0,9231.0,7508.0,5171.0,12046.0,2382.0
15709.0,48873.0,8538.0,4011.0,1699.0,2482.0,8829.0,6954.0,4763.0,11522.0,2262.0
14685.0,44410.0,7964.0,3656.0,1615.0,2388.0,8222.0,6410.0,4387.0,10686.0,2211.0
14030.0,39703.0,7576.0,3440.0,1524.0,2314.0,7647.0,5898.0,4199.0,9794.0,2170.0
13435.0,35658.0,7290.0,3272.0,1504.0,2228.0,7070.0,5584.0,4062.0,9127.0,2113.0
13020.0,33557.0,7019.0,3188.0,1475.0,2265.0,6651.0,5372.0,3996.0,8729.0,2072.0
12832.0,31964.0,6938.0,3138.0,1529.0,2281.0,6286.0,5287.0,4030.0,8553.0,2076.0
13003.0,31231.0,7132.0,3184.0,1592.0,2382.0,6070.0,5361.0,4176.0,8588.0,2089.0
13395.0,31362.0,7558.0,3352.0,1728.0,2604.0,5946.0,5572.0,4504.0,8847.0,2182.0
14478.0,32485.0,8097.0,3631.0,1890.0,2811.0,5882.0,6010.0,4949.0,9404.0,2234.0
15558.0,34611.0,8646.0,3922.0,2006.0,3048.0,5955.0,6632.0,5357.0,10438.0,2264.0
16600.0,38302.0,8958.0,4148.0,2040.0,3261.0,6379.0,7146.0,5614.0,11262.0,2294.0
17804.0,42357.0,8995.0,4285.0,2069.0,3393.0,7027.0,7502.0,5855.0,11886.0,2329.0
18656.0,45242.0,9041.0,4365.0,2084.0,3491.0,7659.0,7750.0,5964.0,12146.0,2329.0
19616.0,47480.0,9271.0,4460.0,2116.0,3618.0,8202.0,7818.0,6104.0,12254.0,2359.0
20492.0,49214.0,9714.0,4548.0,2148.0,3697.0,8703.0,7854.0,6129.0,12275.0,2383.0
21260.0,50769.0,9965.0,4640.0,2137.0,3761.0,8980.0,7879.0,6196.0,12322.0,2401.0
21766.0,52622.0,10517.0,4721.0,2173.0,3808.0,9370.0,7935.0,6307.0,12405.0,2468.0
22168.0,54091.0,10651.0,4812.0,2182.0,3770.0,9700.0,7997.0,6336.0,12479.0,2473.0
22328.0,55239.0,10765.0,4893.0,2194.0,3690.0,9880.0,8058.0,6521.0,12611.0,2558.0
21964.0,56029.0,10811.0,4943.0,2207.0,3602.0,10012.0,8183.0,6520.0,12758.0,2573.0
21260.0,56101.0,10581.0,4934.0,2161.0,3585.0,10141.0,8205.0,6327.0,12907.0,2554.0
16803.0,50754.0,9389.0,4780.0,2205.0,3195.0,8472.0,8321.0,6097.0,12805.0,2505.0
15604.0,49481.0,8967.0,4626.0,2085.0,2923.0,8214.0,8225.0,5755.0,12780.0,2421.0
14259.0,49006.0,8406.0,4358.0,1927.0,2686.0,8054.0,8004.0,5269.0,12649.0,2342.0
12968.0,46257.0,7766.0,3946.0,1779.0,2482.0,7623.0,7472.0,4799.0,12076.0,2215.0
11867.0,41855.0,7294.0,3589.0,1674.0,2345.0,7107.0,6785.0,4473.0,11100.0,2128.0
11188.0,37419.0,6937.0,3348.0,1583.0,2254.0,6561.0,6257.0,4265.0,10134.0,2063.0
10747.0,33862.0,6691.0,3187.0,1547.0,2201.0,6062.0,5780.0,4100.0,9362.0,2010.0
10389.0,31915.0,6520.0,3080.0,1544.0,2200.0,5627.0,5542.0,3994.0,8948.0,1956.0
10300.0,30385.0,6493.0,3051.0,1578.0,2275.0,5405.0,5441.0,4075.0,8707.0,1976.0
10475.0,29548.0,6734.0,3096.0,1650.0,2381.0,5174.0,5446.0,4231.0,8637.0,2027.0
11013.0,29665.0,7077.0,3242.0,1776.0,2576.0,5116.0,5700.0,4534.0,8906.0,2091.0
12111.0,31230.0,7571.0,3494.0,1923.0,2805.0,5143.0,6068.0,4911.0,9449.0,2132.0
13422.0,33522.0,8104.0,3782.0,2013.0,3025.0,5218.0,6651.0,5307.0,10346.0,2213.0
14636.0,36519.0,8291.0,3980.0,2073.0,3186.0,5456.0,7114.0,5576.0,11102.0,2242.0
15713.0,39858.0,8544.0,4132.0,2100.0,3304.0,6082.0,7527.0,5801.0,11767.0,2244.0
16750.0,41812.0,8730.0,4265.0,2128.0,3389.0,6581.0,7734.0,5948.0,12054.0,2271.0
16949.0,43561.0,8999.0,4401.0,2148.0,3473.0,7083.0,7805.0,6084.0,12157.0,2317.0
18312.0,44904.0,9291.0,4525.0,2174.0,3563.0,7530.0,7905.0,6184.0,12310.0,2347.0
19146.0,46387.0,9492.0,4685.0,2213.0,3607.0,7837.0,8041.0,6277.0,12448.0,2373.0
19691.0,48027.0,9691.0,4808.0,2253.0,3570.0,8213.0,8170.0,6446.0,12648.0,2407.0
20023.0,49428.0,9746.0,4928.0,2254.0,3506.0,8495.0,8287.0,6552.0,12742.0,2478.0
20175.0,51192.0,9800.0,5011.0,2233.0,3425.0,8776.0,8455.0,6577.0,12988.0,2515.0
19772.0,52246.0,9727.0,5039.0,2210.0,3342.0,8955.0,8502.0,6548.0,13071.0,2526.0
19162.0,52889.0,9558.0,4971.0,2183.0,3344.0,9046.0,8496.0,6311.0,13158.0,2487.0
18388.0,52452.0,9559.0,4816.0,2139.0,3197.0,8889.0,8346.0,6103.0,12989.0,2480.0
16897.0,51077.0,9229.0,4665.0,2018.0,2942.0,8602.0,8148.0,5736.0,12775.0,2375.0
15307.0,50344.0,8660.0,4386.0,1884.0,2693.0,8500.0,7953.0,5233.0,12613.0,2287.0
13880.0,47419.0,7943.0,3994.0,1752.0,2502.0,8042.0,7398.0,4739.0,12102.0,2180.0
12784.0,42787.0,7423.0,3644.0,1641.0,2373.0,7432.0,6727.0,4344.0,11051.0,2095.0
11930.0,38160.0,7026.0,3395.0,1588.0,2297.0,6782.0,6140.0,4166.0,10102.0,2038.0
11237.0,34324.0,6747.0,3228.0,1535.0,2268.0,6158.0,5761.0,4080.0,9393.0,1988.0
10851.0,31878.0,6556.0,3142.0,1532.0,2239.0,5744.0,5553.0,3967.0,8981.0,1954.0
10747.0,30635.0,6530.0,3093.0,1597.0,2301.0,5448.0,5453.0,4066.0,8726.0,1956.0
10918.0,29686.0,6802.0,3134.0,1655.0,2397.0,5235.0,5457.0,4230.0,8703.0,2004.0
11388.0,29691.0,7143.0,3269.0,1772.0,2608.0,5129.0,5711.0,4507.0,8927.0,2057.0
12535.0,31176.0,7477.0,3510.0,1898.0,2814.0,5155.0,6099.0,4804.0,9449.0,2076.0
13833.0,33488.0,7970.0,3785.0,1990.0,3038.0,5235.0,6622.0,5104.0,10322.0,2142.0
15076.0,36346.0,8115.0,3984.0,2031.0,3184.0,5633.0,7045.0,5350.0,11093.0,2184.0
16435.0,39727.0,8359.0,4132.0,2046.0,3331.0,6218.0,7419.0,5548.0,11739.0,2202.0
17554.0,41848.0,8516.0,4280.0,2059.0,3451.0,6744.0,7651.0,5702.0,12085.0,2203.0
18602.0,43524.0,8774.0,4399.0,2110.0,3545.0,7259.0,7746.0,5820.0,12249.0,2218.0
19575.0,44724.0,9108.0,4560.0,2128.0,3600.0,7751.0,7796.0,5840.0,12455.0,2239.0
20393.0,45980.0,9331.0,4700.0,2156.0,3662.0,8070.0,7822.0,5878.0,12532.0,2249.0
20807.0,47523.0,9495.0,4840.0,2201.0,3681.0,8387.0,7854.0,5829.0,12728.0,2316.0
21155.0,48928.0,9274.0,4957.0,2204.0,3664.0,8767.0,8026.0,6022.0,12953.0,2330.0
21293.0,50545.0,9011.0,5041.0,2230.0,3603.0,9026.0,8150.0,5962.0,13207.0,2359.0
20969.0,51519.0,8915.0,5093.0,2219.0,3507.0,9153.0,8218.0,5903.0,13340.0,2384.0
20159.0,51840.0,8801.0,5014.0,2187.0,3475.0,9294.0,8248.0,5826.0,13457.0,2361.0
19292.0,51427.0,8848.0,4883.0,2158.0,3317.0,9238.0,8188.0,5706.0,13366.0,2378.0
17678.0,49849.0,8671.0,4728.0,2037.0,3064.0,8881.0,8113.0,5389.0,13132.0,2309.0
16014.0,49211.0,8141.0,4432.0,1882.0,2793.0,8652.0,7903.0,4904.0,12956.0,2232.0
14584.0,46371.0,7478.0,4036.0,1742.0,2607.0,8122.0,7462.0,4531.0,12431.0,2117.0
13296.0,41941.0,7005.0,3689.0,1640.0,2429.0,7466.0,6767.0,4155.0,11364.0,2064.0
12345.0,37471.0,6716.0,3434.0,1582.0,2335.0,6734.0,6172.0,3998.0,10296.0,2003.0
11619.0,33818.0,6531.0,3271.0,1538.0,2320.0,6144.0,5803.0,3859.0,9590.0,1973.0
11188.0,31629.0,6372.0,3165.0,1533.0,2289.0,5717.0,5531.0,3815.0,9092.0,1948.0
10865.0,30727.0,6360.0,3115.0,1556.0,2357.0,5399.0,5421.0,3867.0,8845.0,1927.0
11066.0,29514.0,6653.0,3157.0,1620.0,2449.0,5211.0,5416.0,4066.0,8756.0,1982.0
11510.0,29783.0,6970.0,3297.0,1732.0,2623.0,5145.0,5630.0,4352.0,8943.0,2051.0
12604.0,30992.0,7392.0,3508.0,1879.0,2807.0,5156.0,6024.0,4724.0,9445.0,2072.0
13844.0,33267.0,7863.0,3778.0,1976.0,3065.0,5206.0,6562.0,5018.0,10269.0,2148.0
15306.0,36215.0,8030.0,4000.0,2043.0,3243.0,5612.0,7050.0,5199.0,11172.0,2170.0
16643.0,39511.0,8172.0,4207.0,2094.0,3371.0,6162.0,7442.0,5435.0,11831.0,2200.0
17823.0,41198.0,8321.0,4346.0,2113.0,3472.0,6718.0,7757.0,5575.0,12238.0,2218.0
18916.0,42601.0,8534.0,4524.0,2163.0,3548.0,7278.0,7949.0,5715.0,12518.0,2262.0
19928.0,43443.0,8813.0,4700.0,2233.0,3626.0,7755.0,8099.0,5930.0,12750.0,2297.0
20744.0,44623.0,8972.0,4827.0,2298.0,3600.0,8131.0,8321.0,6038.0,12974.0,2329.0
21180.0,45671.0,9287.0,4889.0,2337.0,3512.0,8551.0,8533.0,6177.0,13264.0,2378.0
21499.0,46946.0,9476.0,4841.0,2365.0,3414.0,8857.0,8639.0,6131.0,13381.0,2384.0
21567.0,48230.0,9626.0,4813.0,2365.0,3304.0,9113.0,8722.0,6068.0,13570.0,2388.0
21050.0,48951.0,9545.0,4791.0,2350.0,3213.0,9318.0,8732.0,5944.0,13651.0,2380.0
20194.0,49266.0,9404.0,4757.0,2289.0,3200.0,9358.0,8661.0,5809.0,13668.0,2398.0
19299.0,49027.0,9330.0,4744.0,2233.0,3073.0,9163.0,8525.0,5749.0,13502.0,2401.0
17805.0,47901.0,9015.0,4638.0,2109.0,2842.0,8824.0,8417.0,5456.0,13286.0,2349.0
16111.0,47642.0,8433.0,4396.0,1936.0,2618.0,8691.0,8161.0,5047.0,13125.0,2263.0
14712.0,45107.0,7870.0,4043.0,1809.0,2437.0,8150.0,7616.0,4666.0,12459.0,2190.0
13487.0,41026.0,7319.0,3712.0,1693.0,2298.0,7437.0,6900.0,4323.0,11361.0,2089.0
12497.0,36945.0,6963.0,3482.0,1598.0,2232.0,6770.0,6264.0,4082.0,10306.0,2015.0
11836.0,33308.0,6688.0,3302.0,1567.0,2204.0,6138.0,5846.0,3942.0,9595.0,2006.0
11325.0,31513.0,6498.0,3192.0,1558.0,2180.0,5705.0,5553.0,3860.0,9107.0,1941.0
11163.0,30376.0,6442.0,3154.0,1578.0,2241.0,5327.0,5441.0,3884.0,8864.0,1930.0
11248.0,29490.0,6671.0,3168.0,1655.0,2313.0,5126.0,5398.0,4027.0,8717.0,1969.0
11721.0,29603.0,7036.0,3277.0,1776.0,2502.0,4994.0,5638.0,4258.0,8967.0,2029.0
12984.0,30628.0,7430.0,3509.0,1906.0,2697.0,5049.0,5937.0,4652.0,9423.0,2078.0
14082.0,32835.0,7912.0,3797.0,2022.0,2899.0,5050.0,6497.0,4990.0,10255.0,2167.0
15078.0,36069.0,8094.0,4020.0,2098.0,3035.0,5467.0,6965.0,5229.0,11084.0,2167.0
16297.0,39194.0,8379.0,4197.0,2129.0,3153.0,6102.0,7379.0,5453.0,11755.0,2195.0
17241.0,40891.0,8589.0,4374.0,2157.0,3244.0,6630.0,7637.0,5687.0,12138.0,2234.0
17955.0,42086.0,8808.0,4502.0,2233.0,3337.0,7167.0,7796.0,5857.0,12221.0,2239.0
18831.0,42900.0,9171.0,4625.0,2272.0,3428.0,7596.0,7899.0,6009.0,12337.0,2281.0
19639.0,43693.0,9387.0,4762.0,2301.0,3454.0,8001.0,8029.0,6089.0,12444.0,2313.0
20102.0,44719.0,9577.0,4829.0,2336.0,3491.0,8343.0,8150.0,6196.0,12494.0,2312.0
20543.0,45958.0,9450.0,4839.0,2295.0,3464.0,8654.0,8270.0,6224.0,12509.0,2323.0
20440.0,47309.0,9410.0,4781.0,2245.0,3397.0,8835.0,8309.0,6094.0,12637.0,2335.0
19883.0,48218.0,9414.0,4705.0,2201.0,3293.0,8868.0,8330.0,5935.0,12661.0,2331.0
19243.0,48584.0,9189.0,4581.0,2124.0,3313.0,8932.0,8174.0,5684.0,12655.0,2339.0
18529.0,48301.0,9153.0,4442.0,2097.0,3166.0,8872.0,7982.0,5577.0,12494.0,2311.0
17140.0,47254.0,8809.0,4303.0,1991.0,2945.0,8474.0,7849.0,5299.0,12338.0,2269.0
15755.0,46865.0,8365.0,4097.0,1875.0,2717.0,8327.0,7611.0,4926.0,12213.0,2215.0
14467.0,44509.0,7799.0,3808.0,1736.0,2513.0,7864.0,7292.0,4522.0,11900.0,2134.0
13360.0,40582.0,7248.0,3536.0,1632.0,2393.0,7320.0,6718.0,4145.0,11009.0,2081.0
12524.0,36709.0,6980.0,3311.0,1557.0,2268.0,6729.0,6189.0,3931.0,10162.0,2047.0
11938.0,33408.0,6683.0,3152.0,1508.0,2241.0,6082.0,5737.0,3804.0,9417.0,1975.0
11548.0,31261.0,6489.0,3055.0,1498.0,2183.0,5568.0,5479.0,3710.0,8951.0,1940.0
11314.0,29789.0,6327.0,2963.0,1496.0,2195.0,5276.0,5322.0,3683.0,8671.0,1893.0
11041.0,29253.0,6388.0,2956.0,1527.0,2218.0,5038.0,5254.0,3721.0,8537.0,1901.0
10876.0,28790.0,6384.0,2970.0,1597.0,2331.0,4856.0,5261.0,3751.0,8570.0,1902.0
11052.0,29162.0,6662.0,3070.0,1704.0,2555.0,4821.0,5355.0,3989.0,8722.0,1943.0
11566.0,29453.0,7153.0,3290.0,1795.0,2767.0,4612.0,5650.0,4356.0,9075.0,2029.0
12325.0,30752.0,7637.0,3519.0,1856.0,2962.0,4853.0,6120.0,4674.0,9724.0,2068.0
13102.0,33004.0,8132.0,3705.0,1938.0,3113.0,5344.0,6548.0,4921.0,10426.0,2123.0
13915.0,34688.0,8447.0,3861.0,1961.0,3245.0,5942.0,6838.0,5101.0,10972.0,2148.0
14733.0,36596.0,8737.0,3984.0,2031.0,3333.0,6536.0,7018.0,5277.0,11235.0,2150.0
15511.0,38136.0,8972.0,4096.0,2100.0,3421.0,6946.0,7132.0,5342.0,11388.0,2191.0
16119.0,39343.0,9137.0,4192.0,2121.0,3478.0,7230.0,7226.0,5259.0,11455.0,2154.0
16568.0,40325.0,9320.0,4262.0,2126.0,3480.0,7463.0,7250.0,5248.0,11545.0,2140.0
16703.0,41265.0,9382.0,4348.0,2140.0,3477.0,7740.0,7244.0,5212.0,11563.0,2125.0
16558.0,42449.0,9353.0,4425.0,2109.0,3388.0,7958.0,7274.0,5211.0,11604.0,2186.0
16032.0,43570.0,9213.0,4387.0,2088.0,3222.0,8002.0,7369.0,5060.0,11770.0,2181.0
15627.0,43987.0,9049.0,4332.0,2079.0,3197.0,7913.0,7333.0,4932.0,11884.0,2181.0
15375.0,43444.0,9000.0,4229.0,2058.0,3056.0,7647.0,7220.0,4979.0,11740.0,2182.0
14567.0,43058.0,8783.0,4116.0,1958.0,2861.0,7428.0,7221.0,4811.0,11641.0,2178.0
13481.0,43191.0,8357.0,3917.0,1830.0,2642.0,7448.0,7097.0,4494.0,11583.0,2105.0
12486.0,41415.0,7902.0,3656.0,1708.0,2473.0,7199.0,6774.0,4201.0,11210.0,2049.0
11511.0,38370.0,7349.0,3383.0,1600.0,2314.0,6808.0,6298.0,3821.0,10499.0,1971.0
10853.0,35077.0,7053.0,3161.0,1527.0,2231.0,6363.0,5841.0,3711.0,9863.0,1970.0
10421.0,32144.0,6795.0,3025.0,1500.0,2160.0,5825.0,5531.0,3562.0,9143.0,1928.0
10020.0,30132.0,6584.0,2933.0,1485.0,2122.0,5412.0,5298.0,3500.0,8778.0,1909.0
9845.0,28697.0,6460.0,2863.0,1460.0,2121.0,5100.0,5174.0,3469.0,8550.0,1868.0
9717.0,28144.0,6426.0,2834.0,1482.0,2144.0,4869.0,5121.0,3414.0,8377.0,1870.0
9740.0,27870.0,6418.0,2853.0,1542.0,2236.0,4729.0,5119.0,3487.0,8360.0,1854.0
10627.0,27543.0,6557.0,2927.0,1632.0,2438.0,4680.0,5149.0,3715.0,8471.0,1860.0
11773.0,27661.0,6975.0,3128.0,1728.0,2636.0,4477.0,5413.0,4034.0,8778.0,1944.0
13142.0,28650.0,7407.0,3305.0,1807.0,2840.0,4682.0,5781.0,4290.0,9362.0,1974.0
14269.0,30321.0,7847.0,3453.0,1875.0,3000.0,5063.0,6184.0,4493.0,10015.0,2011.0
15255.0,32186.0,8181.0,3614.0,1915.0,3149.0,5509.0,6506.0,4684.0,10593.0,2007.0
15958.0,34038.0,8455.0,3764.0,1987.0,3212.0,5926.0,6647.0,4875.0,10854.0,2093.0
16654.0,35514.0,8741.0,3891.0,2028.0,3278.0,6283.0,6805.0,5016.0,11080.0,2137.0
17160.0,36923.0,9005.0,4024.0,2056.0,3333.0,6516.0,6917.0,5160.0,11230.0,2198.0
17606.0,38234.0,9257.0,4129.0,2106.0,3353.0,6822.0,7044.0,5305.0,11251.0,2241.0
17903.0,39029.0,9485.0,4244.0,2140.0,3306.0,7077.0,7154.0,5468.0,11261.0,2277.0
17749.0,40255.0,9689.0,4342.0,2113.0,3222.0,7307.0,7325.0,5512.0,11452.0,2337.0
17122.0,41334.0,9645.0,4349.0,2088.0,3098.0,7359.0,7454.0,5430.0,11676.0,2316.0
16562.0,42099.0,9390.0,4326.0,2079.0,3054.0,7229.0,7477.0,5306.0,11854.0,2294.0
16252.0,42092.0,9264.0,4215.0,2059.0,2965.0,6811.0,7407.0,5253.0,11902.0,2284.0
15023.0,41571.0,9000.0,4093.0,1948.0,2765.0,6448.0,7355.0,4948.0,11886.0,2253.0
13730.0,42369.0,8388.0,3876.0,1800.0,2557.0,6504.0,7182.0,4567.0,11774.0,2173.0
12444.0,40590.0,7888.0,3577.0,1702.0,2412.0,6283.0,6715.0,4230.0,11218.0,2104.0
11403.0,37330.0,7254.0,3312.0,1585.0,2276.0,5917.0,6141.0,3944.0,10357.0,2037.0
10621.0,34006.0,6963.0,3139.0,1532.0,2201.0,5532.0,5732.0,3759.0,9591.0,1997.0
10105.0,31022.0,6668.0,3021.0,1477.0,2182.0,5074.0,5380.0,3666.0,8972.0,1956.0
9739.0,29713.0,6519.0,2951.0,1481.0,2178.0,4792.0,5213.0,3599.0,8636.0,1901.0
9629.0,28642.0,6508.0,2905.0,1520.0,2243.0,4569.0,5099.0,3666.0,8392.0,1911.0
9921.0,28009.0,6814.0,2966.0,1594.0,2375.0,4436.0,5185.0,3896.0,8416.0,1932.0
10525.0,28336.0,7276.0,3126.0,1736.0,2530.0,4412.0,5453.0,4119.0,8729.0,1973.0
11501.0,29773.0,7631.0,3375.0,1879.0,2757.0,4484.0,5855.0,4446.0,9284.0,2039.0
12549.0,32266.0,7925.0,3684.0,2016.0,2962.0,4518.0,6358.0,4858.0,10241.0,2074.0
13733.0,35056.0,8161.0,3859.0,2048.0,3118.0,4889.0,6873.0,4984.0,11077.0,2084.0
14727.0,38352.0,8448.0,3995.0,2105.0,3241.0,5395.0,7259.0,5185.0,11673.0,2120.0
15683.0,40193.0,8700.0,4098.0,2124.0,3317.0,5803.0,7457.0,5253.0,12034.0,2144.0
16511.0,41379.0,8913.0,4173.0,2161.0,3409.0,6174.0,7514.0,5362.0,12124.0,2154.0
17246.0,42175.0,9171.0,4255.0,2218.0,3459.0,6428.0,7548.0,5482.0,12161.0,2201.0
17893.0,43110.0,9418.0,4356.0,2190.0,3460.0,6724.0,7619.0,5539.0,12223.0,2232.0
18646.0,43899.0,9467.0,4434.0,2181.0,3495.0,7025.0,7653.0,5654.0,12256.0,2242.0
18894.0,44866.0,9274.0,4519.0,2172.0,3472.0,7327.0,7653.0,5643.0,12252.0,2259.0
18949.0,46280.0,9265.0,4547.0,2155.0,3409.0,7579.0,7693.0,5584.0,12331.0,2296.0
18612.0,47082.0,9119.0,4524.0,2156.0,3346.0,7777.0,7636.0,5562.0,12375.0,2334.0
18221.0,47787.0,8966.0,4451.0,2131.0,3342.0,7841.0,7648.0,5431.0,12464.0,2324.0
11113.0,45608.0,8987.0,3900.0,2204.0,2693.0,5612.0,8386.0,5315.0,14651.0,2198.0
10553.0,44604.0,8588.0,3755.0,2110.0,2582.0,5554.0,8200.0,5119.0,14379.0,2156.0
9639.0,42752.0,7888.0,3493.0,1970.0,2386.0,5456.0,7916.0,4773.0,13930.0,2049.0
8805.0,40278.0,7272.0,3218.0,1798.0,2179.0,5226.0,7452.0,4379.0,13197.0,1955.0
8274.0,36525.0,6855.0,2994.0,1701.0,2079.0,4902.0,6824.0,4097.0,12106.0,1893.0
8031.0,32672.0,6777.0,2818.0,1642.0,2011.0,4564.0,6266.0,3921.0,11044.0,1895.0
7862.0,29907.0,6732.0,2755.0,1600.0,2008.0,4312.0,5839.0,3819.0,10215.0,1918.0
7876.0,28572.0,6732.0,2743.0,1589.0,2026.0,4211.0,5623.0,3767.0,9840.0,1913.0
8136.0,27807.0,6784.0,2766.0,1623.0,2104.0,4128.0,5564.0,3791.0,9739.0,1868.0
8780.0,27533.0,7101.0,2894.0,1696.0,2192.0,4116.0,5594.0,3972.0,9779.0,1922.0
9779.0,27939.0,7706.0,3204.0,1906.0,2406.0,4156.0,5808.0,4389.0,10223.0,1961.0
10245.0,29652.0,8103.0,3563.0,2114.0,2500.0,4424.0,6455.0,4898.0,11410.0,2072.0
10223.0,33541.0,8411.0,3768.0,2169.0,2583.0,4706.0,7379.0,5180.0,13114.0,2170.0
10016.0,36656.0,8329.0,3810.0,2182.0,2605.0,4853.0,8034.0,5222.0,14282.0,2182.0
9781.0,38436.0,8218.0,3765.0,2166.0,2548.0,4984.0,8087.0,5156.0,14407.0,2138.0
9525.0,39488.0,8000.0,3750.0,2110.0,2487.0,5047.0,8016.0,5103.0,14201.0,2136.0
9437.0,39166.0,7867.0,3701.0,2099.0,2472.0,5014.0,8002.0,5007.0,14175.0,2091.0
9496.0,38428.0,7846.0,3671.0,2100.0,2452.0,4882.0,7866.0,4952.0,13832.0,2095.0
9453.0,38168.0,7862.0,3625.0,2085.0,2412.0,4854.0,7802.0,4847.0,13736.0,2133.0
9692.0,38038.0,7977.0,3627.0,2110.0,2446.0,4804.0,7793.0,4935.0,13613.0,2136.0
9753.0,37557.0,8432.0,3718.0,2208.0,2424.0,4777.0,7805.0,5064.0,13561.0,2186.0
10589.0,38097.0,9186.0,3950.0,2346.0,2666.0,4779.0,7949.0,5358.0,13877.0,2255.0
11339.0,40208.0,9298.0,4105.0,2409.0,2774.0,5138.0,8479.0,5499.0,14957.0,2320.0
11245.0,44328.0,9216.0,4097.0,2386.0,2740.0,5592.0,8888.0,5455.0,15746.0,2271.0
11069.0,45096.0,8996.0,4025.0,2309.0,2664.0,5645.0,8880.0,5375.0,15846.0,2261.0
10460.0,44487.0,8531.0,3886.0,2241.0,2539.0,5625.0,8794.0,5208.0,15631.0,2218.0
9586.0,42938.0,7854.0,3662.0,2074.0,2353.0,5491.0,8550.0,4914.0,15233.0,2104.0
8793.0,40421.0,7225.0,3366.0,1879.0,2161.0,5315.0,8051.0,4552.0,14422.0,2012.0
8285.0,36567.0,6872.0,3141.0,1775.0,2042.0,4973.0,7387.0,4296.0,13188.0,1970.0
7896.0,32690.0,6727.0,3008.0,1695.0,1961.0,4612.0,6809.0,4147.0,12116.0,1967.0
7722.0,30264.0,6721.0,2965.0,1678.0,1938.0,4331.0,6322.0,4046.0,11244.0,1997.0
7766.0,28626.0,6679.0,2944.0,1669.0,1976.0,4190.0,6100.0,3995.0,10942.0,1970.0
8004.0,27568.0,6804.0,2969.0,1696.0,2018.0,4098.0,6008.0,4067.0,10787.0,1973.0
8731.0,27407.0,7142.0,3133.0,1784.0,2126.0,4102.0,6068.0,4264.0,10877.0,2049.0
9749.0,27979.0,7786.0,3461.0,1998.0,2306.0,4143.0,6285.0,4671.0,11345.0,2094.0
10154.0,29625.0,8168.0,3834.0,2194.0,2434.0,4340.0,6945.0,5182.0,12517.0,2170.0
10120.0,33556.0,8548.0,4022.0,2237.0,2517.0,4681.0,7877.0,5520.0,14182.0,2290.0
10067.0,36889.0,8538.0,4018.0,2201.0,2535.0,4805.0,8443.0,5534.0,15228.0,2290.0
9802.0,38860.0,8393.0,3900.0,2167.0,2509.0,4981.0,8496.0,5453.0,15166.0,2250.0
9579.0,39518.0,8197.0,3785.0,2140.0,2474.0,5013.0,8398.0,5312.0,14874.0,2225.0
9553.0,39293.0,8157.0,3704.0,2104.0,2458.0,5002.0,8227.0,5263.0,14506.0,2214.0
9496.0,38639.0,8185.0,3645.0,2061.0,2447.0,4898.0,8043.0,5175.0,14153.0,2194.0
9523.0,38239.0,8246.0,3602.0,2042.0,2415.0,4854.0,7861.0,5104.0,13899.0,2247.0
9543.0,37850.0,8436.0,3624.0,2071.0,2499.0,4817.0,7817.0,5113.0,13685.0,2211.0
9715.0,37439.0,8977.0,3708.0,2178.0,2489.0,4752.0,7798.0,5158.0,13625.0,2225.0
10637.0,37715.0,9697.0,3990.0,2343.0,2709.0,4861.0,7901.0,5512.0,13972.0,2345.0
11282.0,39841.0,9858.0,4172.0,2395.0,2779.0,5243.0,8436.0,5754.0,14984.0,2388.0
11290.0,44304.0,9802.0,4184.0,2397.0,2745.0,5601.0,8899.0,5788.0,15762.0,2378.0
11014.0,45400.0,9481.0,4121.0,2326.0,2661.0,5681.0,8987.0,5675.0,15856.0,2335.0
10524.0,44889.0,9141.0,3992.0,2237.0,2519.0,5666.0,8889.0,5473.0,15697.0,2287.0
9731.0,43360.0,8479.0,3773.0,2068.0,2311.0,5584.0,8616.0,5207.0,15217.0,2182.0
8877.0,41053.0,7870.0,3509.0,1907.0,2160.0,5312.0,8140.0,4791.0,14463.0,2089.0
8256.0,37497.0,7474.0,3289.0,1802.0,2029.0,5025.0,7484.0,4483.0,13293.0,2015.0
7969.0,33616.0,7323.0,3152.0,1734.0,1954.0,4672.0,6856.0,4346.0,12116.0,2013.0
7721.0,30833.0,7339.0,3109.0,1710.0,1947.0,4408.0,6387.0,4266.0,11364.0,2040.0
7704.0,29058.0,7273.0,3095.0,1708.0,1978.0,4228.0,6170.0,4219.0,10996.0,2031.0
7961.0,28124.0,7348.0,3131.0,1715.0,2012.0,4195.0,6088.0,4295.0,10867.0,2009.0
8552.0,28090.0,7724.0,3302.0,1824.0,2123.0,4151.0,6121.0,4490.0,10932.0,2054.0
9644.0,28326.0,8421.0,3636.0,2022.0,2319.0,4233.0,6383.0,4902.0,11359.0,2148.0
10056.0,30388.0,8801.0,4020.0,2222.0,2472.0,4444.0,7014.0,5412.0,12490.0,2221.0
10142.0,34668.0,9172.0,4215.0,2298.0,2614.0,4763.0,7994.0,5776.0,14218.0,2332.0
10221.0,37893.0,9123.0,4198.0,2278.0,2700.0,4931.0,8555.0,5769.0,15203.0,2339.0
10100.0,39829.0,8924.0,4109.0,2222.0,2701.0,5066.0,8603.0,5675.0,15134.0,2294.0
10004.0,40494.0,8650.0,3999.0,2145.0,2682.0,5132.0,8499.0,5528.0,14926.0,2257.0
9870.0,39694.0,8557.0,3842.0,2103.0,2655.0,5104.0,8285.0,5305.0,14482.0,2218.0
9927.0,38814.0,8470.0,3746.0,2079.0,2601.0,5005.0,8021.0,5145.0,13949.0,2202.0
9890.0,38032.0,8485.0,3678.0,2043.0,2609.0,4942.0,7761.0,5122.0,13526.0,2227.0
10026.0,37658.0,8579.0,3680.0,2088.0,2700.0,4898.0,7703.0,5132.0,13410.0,2237.0
10315.0,37180.0,9160.0,3728.0,2192.0,2717.0,4818.0,7666.0,5151.0,13329.0,2245.0
11148.0,37474.0,9866.0,4073.0,2353.0,2923.0,4882.0,7835.0,5619.0,13653.0,2388.0
11646.0,39556.0,10080.0,4270.0,2441.0,2985.0,5287.0,8430.0,5861.0,14771.0,2435.0
11572.0,44407.0,9942.0,4312.0,2399.0,2936.0,5720.0,8985.0,5835.0,15656.0,2405.0
11297.0,45507.0,9718.0,4286.0,2370.0,2853.0,5809.0,9092.0,5765.0,15767.0,2387.0
10813.0,44950.0,9333.0,4148.0,2289.0,2721.0,5787.0,8985.0,5609.0,15572.0,2350.0
10095.0,43507.0,8651.0,3929.0,2156.0,2511.0,5705.0,8737.0,5303.0,15259.0,2255.0
9198.0,41405.0,8015.0,3653.0,2001.0,2305.0,5488.0,8300.0,4902.0,14513.0,2149.0
8681.0,37888.0,7661.0,3415.0,1900.0,2167.0,5229.0,7647.0,4623.0,13413.0,2084.0
8378.0,34051.0,7527.0,3276.0,1844.0,2087.0,4859.0,7081.0,4419.0,12325.0,2097.0
8148.0,31301.0,7530.0,3214.0,1799.0,2042.0,4593.0,6634.0,4359.0,11560.0,2091.0
8123.0,29542.0,7442.0,3187.0,1800.0,2096.0,4457.0,6419.0,4346.0,11252.0,2072.0
8282.0,28646.0,7477.0,3229.0,1849.0,2135.0,4372.0,6352.0,4371.0,11125.0,2057.0
8924.0,28306.0,7818.0,3361.0,1933.0,2232.0,4387.0,6389.0,4556.0,11258.0,2084.0
9954.0,28685.0,8488.0,3691.0,2132.0,2411.0,4457.0,6677.0,4971.0,11813.0,2182.0
10551.0,30502.0,8885.0,4091.0,2330.0,2561.0,4642.0,7359.0,5513.0,13019.0,2241.0
10745.0,34202.0,9330.0,4300.0,2420.0,2734.0,4941.0,8300.0,5833.0,14789.0,2371.0
10621.0,37468.0,9257.0,4322.0,2400.0,2778.0,5100.0,8911.0,5867.0,15864.0,2370.0
10334.0,39762.0,9174.0,4211.0,2373.0,2744.0,5330.0,9015.0,5767.0,15940.0,2337.0
10026.0,40532.0,8950.0,4087.0,2298.0,2710.0,5396.0,8879.0,5601.0,15563.0,2281.0
9742.0,40391.0,8755.0,3956.0,2248.0,2656.0,5361.0,8604.0,5469.0,14935.0,2265.0
9623.0,39858.0,8711.0,3838.0,2190.0,2633.0,5298.0,8335.0,5294.0,14277.0,2237.0
9453.0,39277.0,8687.0,3755.0,2168.0,2591.0,5218.0,8042.0,5233.0,13781.0,2239.0
9507.0,39185.0,8724.0,3753.0,2194.0,2613.0,5172.0,7867.0,5199.0,13470.0,2200.0
9580.0,38827.0,9197.0,3802.0,2283.0,2607.0,5198.0,7777.0,5304.0,13353.0,2223.0
10597.0,39314.0,9864.0,4085.0,2365.0,2845.0,5286.0,8004.0,5646.0,13736.0,2332.0
11096.0,41251.0,9973.0,4239.0,2417.0,2919.0,5665.0,8583.0,5779.0,14925.0,2378.0
11077.0,44665.0,9840.0,4251.0,2406.0,2867.0,5986.0,9010.0,5710.0,15773.0,2350.0
10854.0,45298.0,9552.0,4150.0,2362.0,2783.0,6030.0,9076.0,5629.0,15856.0,2314.0
10469.0,44317.0,9300.0,4082.0,2277.0,2696.0,5909.0,8895.0,5473.0,15596.0,2315.0
9901.0,42487.0,8731.0,3870.0,2205.0,2543.0,5791.0,8669.0,5221.0,15248.0,2180.0
9202.0,40385.0,8111.0,3651.0,2066.0,2349.0,5584.0,8312.0,4832.0,14705.0,2068.0
8652.0,37617.0,7691.0,3405.0,1958.0,2209.0,5291.0,7751.0,4420.0,13814.0,1985.0
8254.0,33974.0,7552.0,3240.0,1887.0,2144.0,4942.0,7129.0,4263.0,12811.0,1990.0
8067.0,30724.0,7559.0,3148.0,1848.0,2104.0,4568.0,6648.0,4104.0,11898.0,2004.0
8011.0,28912.0,7500.0,3108.0,1822.0,2074.0,4365.0,6389.0,4060.0,11478.0,1968.0
7953.0,27875.0,7399.0,3109.0,1827.0,2099.0,4231.0,6225.0,4056.0,11238.0,1963.0
8196.0,27182.0,7544.0,3172.0,1873.0,2134.0,4156.0,6222.0,4105.0,11170.0,1961.0
8585.0,26992.0,7694.0,3328.0,1946.0,2228.0,4171.0,6329.0,4260.0,11334.0,1986.0
8935.0,27546.0,7967.0,3508.0,2050.0,2307.0,4215.0,6499.0,4514.0,11693.0,2010.0
9332.0,28908.0,8466.0,3716.0,2210.0,2449.0,4281.0,6855.0,4843.0,12302.0,2172.0
9670.0,30636.0,8568.0,3878.0,2233.0,2537.0,4356.0,7404.0,5085.0,13286.0,2241.0
9670.0,33128.0,8606.0,3951.0,2306.0,2556.0,4546.0,7828.0,5192.0,14145.0,2284.0
9607.0,34978.0,8477.0,3937.0,2301.0,2530.0,4662.0,8126.0,5169.0,14669.0,2259.0
9526.0,36003.0,8428.0,3878.0,2259.0,2521.0,4725.0,8166.0,5148.0,14712.0,2267.0
9417.0,35716.0,8316.0,3846.0,2232.0,2498.0,4784.0,8085.0,5073.0,14424.0,2241.0
9301.0,35967.0,8320.0,3774.0,2233.0,2486.0,4718.0,7916.0,5070.0,14202.0,2237.0
9348.0,35951.0,8179.0,3718.0,2237.0,2524.0,4700.0,7709.0,5031.0,13961.0,2144.0
9427.0,35649.0,8643.0,3771.0,2320.0,2450.0,4656.0,7686.0,5086.0,13946.0,2151.0
10290.0,35808.0,9341.0,3979.0,2439.0,2655.0,4679.0,7773.0,5368.0,14134.0,2198.0
10809.0,37770.0,9432.0,4056.0,2444.0,2697.0,5048.0,8236.0,5469.0,14888.0,2255.0
10712.0,41021.0,9378.0,4012.0,2409.0,2680.0,5361.0,8570.0,5403.0,15396.0,2227.0
10468.0,41295.0,9141.0,3940.0,2343.0,2612.0,5356.0,8517.0,5307.0,15235.0,2211.0
10129.0,40385.0,8958.0,3804.0,2268.0,2517.0,5282.0,8347.0,5168.0,14997.0,2154.0
9597.0,39267.0,8421.0,3640.0,2161.0,2386.0,5247.0,8155.0,4922.0,14678.0,2095.0
8877.0,37885.0,7870.0,3415.0,2028.0,2211.0,5063.0,7841.0,4624.0,14175.0,1994.0
8283.0,35452.0,7410.0,3197.0,1944.0,2070.0,4821.0,7401.0,4300.0,13374.0,1945.0
8000.0,32596.0,7247.0,3030.0,1876.0,1985.0,4508.0,6938.0,4144.0,12598.0,1944.0
7779.0,30160.0,7237.0,2960.0,1834.0,1969.0,4291.0,6519.0,4061.0,11813.0,1959.0
7688.0,28494.0,7119.0,2967.0,1830.0,1932.0,4127.0,6279.0,3984.0,11365.0,1959.0
7612.0,27193.0,7036.0,2969.0,1815.0,1937.0,4024.0,6130.0,3985.0,11192.0,1934.0
7796.0,26461.0,7083.0,3010.0,1844.0,1963.0,3939.0,6105.0,4074.0,11177.0,1945.0
8160.0,26231.0,7253.0,3094.0,1922.0,2024.0,3938.0,6183.0,4155.0,11277.0,1934.0
8422.0,26750.0,7341.0,3274.0,2019.0,2104.0,3989.0,6395.0,4344.0,11762.0,1954.0
8803.0,27833.0,7835.0,3470.0,2146.0,2236.0,4050.0,6780.0,4628.0,12392.0,2100.0
9250.0,29284.0,7947.0,3621.0,2201.0,2335.0,4149.0,7252.0,4807.0,13298.0,2170.0
9305.0,31634.0,7988.0,3676.0,2225.0,2349.0,4344.0,7651.0,4915.0,14079.0,2176.0
9301.0,33186.0,7843.0,3681.0,2207.0,2345.0,4520.0,7878.0,4919.0,14425.0,2180.0
9372.0,34261.0,7812.0,3691.0,2210.0,2350.0,4669.0,7855.0,4978.0,14239.0,2200.0
9343.0,34712.0,7687.0,3696.0,2190.0,2349.0,4697.0,7762.0,4930.0,13899.0,2198.0
9244.0,35129.0,7684.0,3682.0,2189.0,2362.0,4749.0,7753.0,4964.0,13803.0,2234.0
9354.0,35192.0,7725.0,3694.0,2233.0,2381.0,4699.0,7771.0,4989.0,13636.0,2200.0
9430.0,35322.0,8168.0,3770.0,2320.0,2349.0,4690.0,7831.0,5067.0,13636.0,2198.0
10353.0,35741.0,8846.0,3966.0,2487.0,2564.0,4733.0,8031.0,5295.0,13976.0,2247.0
10979.0,37627.0,8989.0,4056.0,2512.0,2617.0,5110.0,8512.0,5372.0,14917.0,2273.0
10838.0,41012.0,8883.0,4016.0,2489.0,2591.0,5376.0,8815.0,5351.0,15641.0,2259.0
10621.0,41580.0,8705.0,3962.0,2455.0,2550.0,5424.0,8761.0,5240.0,15648.0,2233.0
10141.0,41102.0,8542.0,3836.0,2346.0,2424.0,5366.0,8671.0,5072.0,15393.0,2244.0
9458.0,39978.0,7953.0,3641.0,2192.0,2268.0,5191.0,8419.0,4793.0,15009.0,2117.0
8606.0,38058.0,7400.0,3396.0,2035.0,2096.0,5047.0,7975.0,4510.0,14332.0,2037.0
8050.0,35516.0,7029.0,3179.0,1939.0,1981.0,4826.0,7452.0,4272.0,13381.0,1947.0
7784.0,32418.0,6870.0,3077.0,1879.0,1907.0,4548.0,6928.0,4131.0,12394.0,1968.0
7600.0,30060.0,6836.0,3012.0,1844.0,1884.0,4304.0,6526.0,4007.0,11739.0,1979.0
7644.0,28447.0,6796.0,3005.0,1824.0,1920.0,4159.0,6272.0,4008.0,11328.0,1977.0
7802.0,27491.0,6371.0,3037.0,1851.0,1943.0,4079.0,6205.0,4081.0,11190.0,1813.0
8279.0,27201.0,7026.0,3140.0,1923.0,2050.0,4056.0,6270.0,4235.0,11327.0,1990.0
9093.0,27725.0,7579.0,3412.0,2113.0,2208.0,4142.0,6496.0,4658.0,11764.0,2069.0
9631.0,29140.0,8000.0,3745.0,2320.0,2336.0,4332.0,7071.0,5064.0,12811.0,2146.0
10044.0,32403.0,8395.0,3965.0,2382.0,2486.0,4573.0,7835.0,5428.0,14225.0,2259.0
10242.0,35710.0,8391.0,4066.0,2369.0,2559.0,4765.0,8352.0,5520.0,15118.0,2282.0
10094.0,38830.0,8313.0,4092.0,2350.0,2551.0,5003.0,8643.0,5534.0,15540.0,2272.0
9875.0,40259.0,8183.0,4021.0,2296.0,2525.0,5054.0,8747.0,5531.0,15633.0,2286.0
9733.0,40540.0,8075.0,3927.0,2228.0,2493.0,5106.0,8739.0,5477.0,15451.0,2262.0
9618.0,40388.0,8007.0,3865.0,2207.0,2504.0,5061.0,8579.0,5375.0,15141.0,2255.0
9617.0,40202.0,7982.0,3790.0,2187.0,2455.0,5015.0,8483.0,5303.0,14917.0,2253.0
9646.0,40077.0,8033.0,3799.0,2201.0,2486.0,4987.0,8359.0,5328.0,14724.0,2253.0
9745.0,39756.0,8546.0,3845.0,2330.0,2450.0,5009.0,8243.0,5399.0,14560.0,2282.0
10722.0,40020.0,9232.0,4072.0,2486.0,2682.0,5048.0,8281.0,5662.0,14708.0,2354.0
11349.0,41671.0,9437.0,4225.0,2552.0,2759.0,5391.0,8701.0,5820.0,15490.0,2384.0
11227.0,45050.0,9373.0,4212.0,2543.0,2730.0,5704.0,9143.0,5766.0,16245.0,2370.0
10089.0,41787.0,8507.0,3635.0,2153.0,2434.0,5301.0,8340.0,4919.0,13924.0,2294.0
9566.0,41179.0,8105.0,3506.0,2041.0,2345.0,5307.0,8224.0,4753.0,13681.0,2255.0
8828.0,39790.0,7497.0,3278.0,1898.0,2196.0,5151.0,7951.0,4472.0,13234.0,2168.0
8203.0,37487.0,6938.0,3034.0,1775.0,2058.0,4993.0,7494.0,4120.0,12489.0,2042.0
7748.0,34168.0,6611.0,2781.0,1651.0,1953.0,4682.0,6884.0,3847.0,11531.0,1972.0
7459.0,31303.0,6458.0,2688.0,1615.0,1900.0,4424.0,6353.0,3685.0,10649.0,1954.0
7465.0,28897.0,6396.0,2606.0,1561.0,1913.0,4193.0,5987.0,3677.0,10060.0,1965.0
7571.0,27235.0,6483.0,2606.0,1577.0,1942.0,4078.0,5797.0,3660.0,9775.0,1977.0
7897.0,26404.0,6577.0,2630.0,1591.0,1995.0,4014.0,5771.0,3725.0,9714.0,1984.0
8723.0,26062.0,6908.0,2769.0,1692.0,2085.0,3990.0,5811.0,3905.0,9778.0,2032.0
9670.0,26423.0,7603.0,3101.0,1888.0,2297.0,4086.0,6075.0,4317.0,10308.0,2108.0
10139.0,28192.0,7913.0,3441.0,2106.0,2367.0,4318.0,6713.0,4807.0,11354.0,2209.0
9974.0,32259.0,8025.0,3556.0,2152.0,2381.0,4606.0,7654.0,4980.0,13044.0,2257.0
9765.0,35112.0,7923.0,3571.0,2111.0,2415.0,4687.0,8245.0,5023.0,13965.0,2270.0
9476.0,36689.0,7787.0,3484.0,2101.0,2405.0,4778.0,8262.0,4961.0,14001.0,2248.0
9300.0,37520.0,7648.0,3428.0,2028.0,2403.0,4771.0,8262.0,4936.0,13868.0,2216.0
9252.0,37398.0,7547.0,3371.0,2007.0,2372.0,4721.0,8137.0,4881.0,13642.0,2235.0
9153.0,36972.0,7569.0,3331.0,1958.0,2357.0,4713.0,8034.0,4769.0,13368.0,2211.0
9123.0,36670.0,7501.0,3269.0,1945.0,2280.0,4615.0,7973.0,4696.0,13184.0,2214.0
9174.0,36460.0,7550.0,3256.0,1952.0,2304.0,4568.0,7860.0,4701.0,12943.0,2251.0
9267.0,36019.0,7706.0,3260.0,1975.0,2276.0,4556.0,7760.0,4703.0,12781.0,2244.0
9564.0,36066.0,8158.0,3354.0,2073.0,2353.0,4553.0,7764.0,4821.0,12902.0,2272.0
10316.0,36727.0,8611.0,3549.0,2195.0,2506.0,4664.0,7980.0,5071.0,13314.0,2366.0
10536.0,39197.0,8545.0,3641.0,2217.0,2494.0,5033.0,8458.0,5120.0,14182.0,2380.0
10172.0,41631.0,8292.0,3591.0,2140.0,2441.0,5350.0,8712.0,5071.0,14644.0,2330.0
9739.0,40997.0,7954.0,3451.0,2030.0,2349.0,5287.0,8598.0,4869.0,14418.0,2277.0
9001.0,39506.0,7319.0,3209.0,1874.0,2182.0,5130.0,8319.0,4593.0,13997.0,2216.0
8301.0,37330.0,6819.0,2980.0,1734.0,2034.0,4898.0,7823.0,4221.0,13148.0,2071.0
7821.0,33922.0,6533.0,2776.0,1652.0,1918.0,4571.0,7196.0,4002.0,12135.0,2037.0
7524.0,30999.0,6353.0,2660.0,1600.0,1880.0,4266.0,6609.0,3833.0,11128.0,1972.0
7383.0,28552.0,6289.0,2592.0,1575.0,1876.0,4043.0,6222.0,3752.0,10463.0,1972.0
7432.0,26907.0,6379.0,2590.0,1589.0,1906.0,3930.0,6037.0,3722.0,10165.0,2012.0
7716.0,26169.0,6448.0,2628.0,1608.0,1968.0,3877.0,5995.0,3759.0,10085.0,2045.0
8345.0,25777.0,6772.0,2794.0,1686.0,2067.0,3873.0,6038.0,3959.0,10193.0,2064.0
9123.0,26335.0,7457.0,3122.0,1921.0,2253.0,3943.0,6275.0,4401.0,10620.0,2122.0
9574.0,28016.0,7708.0,3466.0,2121.0,2333.0,4151.0,6946.0,4831.0,11816.0,2225.0
9572.0,31994.0,7767.0,3617.0,2142.0,2380.0,4463.0,7880.0,5037.0,13547.0,2251.0
9248.0,35096.0,7792.0,3638.0,2102.0,2427.0,4589.0,8472.0,5007.0,14451.0,2262.0
9078.0,36667.0,7655.0,3632.0,2066.0,2387.0,4736.0,8459.0,4915.0,14268.0,2218.0
8984.0,37539.0,7561.0,3643.0,2025.0,2370.0,4763.0,8359.0,4865.0,13872.0,2203.0
8972.0,37476.0,7494.0,3554.0,1996.0,2352.0,4781.0,8201.0,4827.0,13442.0,2233.0
8889.0,37049.0,7520.0,3511.0,2001.0,2337.0,4805.0,8028.0,4706.0,13079.0,2200.0
8840.0,36546.0,7525.0,3463.0,1956.0,2282.0,4772.0,7866.0,4653.0,12831.0,2216.0
8878.0,36283.0,7603.0,3493.0,1979.0,2289.0,4736.0,7780.0,4680.0,12670.0,2247.0
9143.0,35867.0,7808.0,3473.0,2051.0,2273.0,4703.0,7680.0,4715.0,12513.0,2251.0
9375.0,35791.0,8194.0,3566.0,2153.0,2322.0,4732.0,7781.0,4856.0,12831.0,2311.0
10156.0,36463.0,8653.0,3806.0,2262.0,2507.0,4803.0,8016.0,5152.0,13367.0,2368.0
10360.0,39047.0,8537.0,3908.0,2271.0,2471.0,5235.0,8520.0,5187.0,14239.0,2381.0
10065.0,42192.0,8266.0,3870.0,2203.0,2407.0,5506.0,8843.0,5048.0,14794.0,2343.0
9797.0,41909.0,7902.0,3765.0,2111.0,2292.0,5437.0,8707.0,5050.0,14631.0,2316.0
9408.0,40333.0,7326.0,3541.0,1970.0,2120.0,5285.0,8427.0,4750.0,14243.0,2198.0
8768.0,38216.0,6738.0,3232.0,1839.0,1970.0,5097.0,7972.0,4387.0,13452.0,2111.0
8319.0,35124.0,6417.0,3049.0,1745.0,1865.0,4817.0,7337.0,4129.0,12464.0,2007.0
8023.0,31871.0,6269.0,2950.0,1684.0,1793.0,4500.0,6785.0,3978.0,11487.0,1995.0
7855.0,29927.0,6186.0,2852.0,1666.0,1781.0,4355.0,6348.0,3918.0,10699.0,1992.0
7831.0,28348.0,6308.0,2840.0,1663.0,1809.0,4219.0,6167.0,3921.0,10433.0,2057.0
8052.0,27404.0,6409.0,2878.0,1704.0,1870.0,4129.0,6088.0,3938.0,10376.0,2062.0
8420.0,27152.0,6748.0,3039.0,1803.0,1959.0,4138.0,6140.0,4140.0,10487.0,2095.0
8667.0,27788.0,7442.0,3395.0,2001.0,2121.0,4239.0,6414.0,4565.0,10957.0,2177.0
8829.0,29734.0,7759.0,3773.0,2207.0,2232.0,4475.0,7052.0,5076.0,12070.0,2277.0
8875.0,33939.0,7976.0,3926.0,2281.0,2280.0,4757.0,8032.0,5328.0,13718.0,2328.0
8849.0,36853.0,8044.0,3922.0,2259.0,2333.0,4866.0,8572.0,5335.0,14649.0,2375.0
9100.0,38459.0,7944.0,3823.0,2216.0,2353.0,4953.0,8562.0,5230.0,14511.0,2318.0
8988.0,39112.0,7844.0,3716.0,2174.0,2361.0,5025.0,8395.0,5086.0,14202.0,2272.0
8879.0,39075.0,7754.0,3655.0,2132.0,2340.0,4948.0,8177.0,5043.0,13703.0,2292.0
8824.0,38547.0,7725.0,3578.0,2106.0,2336.0,4928.0,7966.0,4938.0,13305.0,2314.0
8822.0,38069.0,7778.0,3502.0,2076.0,2280.0,4844.0,7802.0,4890.0,12876.0,2309.0
8867.0,37698.0,7765.0,3485.0,2053.0,2279.0,4777.0,7612.0,4816.0,12568.0,2282.0
8830.0,37072.0,7931.0,3513.0,2111.0,2252.0,4715.0,7490.0,4783.0,12306.0,2311.0
9228.0,37084.0,8372.0,3613.0,2194.0,2310.0,4721.0,7453.0,4865.0,12398.0,2352.0
9998.0,37405.0,8876.0,3823.0,2333.0,2489.0,4849.0,7592.0,5216.0,12863.0,2407.0
10316.0,39927.0,8814.0,3911.0,2350.0,2471.0,5266.0,8130.0,5341.0,13802.0,2462.0
9999.0,42891.0,8579.0,3856.0,2286.0,2419.0,5543.0,8618.0,5265.0,14544.0,2422.0
9600.0,42436.0,8254.0,3728.0,2212.0,2330.0,5471.0,8544.0,5052.0,14406.0,2366.0
9010.0,40929.0,7702.0,3503.0,2062.0,2161.0,5363.0,8336.0,4783.0,14049.0,2235.0
8301.0,38742.0,7167.0,3233.0,1909.0,1994.0,5140.0,7882.0,4373.0,13371.0,2146.0
7793.0,35546.0,6849.0,3028.0,1795.0,1920.0,4837.0,7280.0,4167.0,12385.0,2081.0
7556.0,32345.0,6686.0,2893.0,1751.0,1878.0,4511.0,6740.0,4027.0,11440.0,2034.0
7424.0,30009.0,6612.0,2911.0,1715.0,1866.0,4305.0,6349.0,3927.0,10828.0,2037.0
7360.0,28394.0,6692.0,2844.0,1712.0,1888.0,4179.0,6199.0,3876.0,10576.0,2055.0
7552.0,27571.0,6735.0,2907.0,1745.0,1949.0,4141.0,6154.0,3932.0,10509.0,2052.0
8222.0,27108.0,7088.0,3020.0,1823.0,2037.0,4099.0,6207.0,4088.0,10626.0,2077.0
9109.0,27577.0,7693.0,3281.0,2025.0,2222.0,4167.0,6429.0,4493.0,11134.0,2140.0
9517.0,29161.0,8073.0,3637.0,2222.0,2302.0,4410.0,7080.0,4952.0,12153.0,2267.0
9554.0,32982.0,8319.0,3816.0,2293.0,2335.0,4692.0,7972.0,5212.0,13768.0,2350.0
9563.0,35952.0,8229.0,3848.0,2302.0,2420.0,4834.0,8503.0,5232.0,14683.0,2350.0
9394.0,37761.0,8107.0,3776.0,2262.0,2407.0,4958.0,8557.0,5148.0,14631.0,2318.0
9210.0,38734.0,7933.0,3671.0,2222.0,2401.0,5026.0,8489.0,5013.0,14348.0,2279.0
9229.0,38699.0,7825.0,3591.0,2181.0,2371.0,4961.0,8307.0,4926.0,13876.0,2263.0
9094.0,38019.0,7766.0,3486.0,2137.0,2345.0,4864.0,8070.0,4811.0,13265.0,2244.0
8971.0,37606.0,7640.0,3424.0,2128.0,2291.0,4795.0,7928.0,4705.0,12925.0,2229.0
9011.0,37288.0,7577.0,3374.0,2121.0,2289.0,4765.0,7766.0,4624.0,12624.0,2204.0
8977.0,36887.0,7726.0,3367.0,2148.0,2238.0,4713.0,7652.0,4621.0,12437.0,2191.0
9288.0,37217.0,8122.0,3454.0,2216.0,2313.0,4673.0,7646.0,4707.0,12505.0,2257.0
9944.0,38299.0,8593.0,3622.0,2357.0,2442.0,4800.0,7816.0,4965.0,12870.0,2329.0
9997.0,40881.0,8459.0,3663.0,2361.0,2414.0,5221.0,8208.0,5050.0,13600.0,2369.0
9895.0,42702.0,8333.0,3679.0,2293.0,2362.0,5433.0,8496.0,4944.0,14137.0,2335.0
9575.0,42109.0,7954.0,3550.0,2217.0,2302.0,5390.0,8369.0,4807.0,13959.0,2277.0
8994.0,40506.0,7585.0,3400.0,2107.0,2165.0,5274.0,8084.0,4607.0,13599.0,2223.0
8329.0,38379.0,7062.0,3167.0,1982.0,2008.0,5086.0,7733.0,4287.0,13084.0,2111.0
7907.0,35624.0,6756.0,3028.0,1874.0,1904.0,4848.0,7205.0,4029.0,12236.0,2051.0
7582.0,32380.0,6588.0,2883.0,1834.0,1835.0,4564.0,6736.0,3868.0,11521.0,2014.0
7373.0,30243.0,6541.0,2822.0,1781.0,1796.0,4324.0,6357.0,3765.0,10862.0,2052.0
7298.0,28369.0,6513.0,2793.0,1789.0,1766.0,4198.0,6147.0,3729.0,10594.0,2043.0
7234.0,27222.0,6537.0,2779.0,1807.0,1787.0,4085.0,6071.0,3709.0,10465.0,2041.0
7420.0,26711.0,6614.0,2858.0,1816.0,1815.0,4088.0,6050.0,3771.0,10522.0,2043.0
7803.0,26580.0,6854.0,2964.0,1919.0,1898.0,4061.0,6152.0,3943.0,10736.0,2056.0
8070.0,27078.0,7009.0,3154.0,2030.0,1961.0,4099.0,6456.0,4178.0,11311.0,2092.0
8627.0,28593.0,7270.0,3335.0,2165.0,2087.0,4193.0,6839.0,4449.0,12048.0,2146.0
9047.0,29779.0,7479.0,3501.0,2224.0,2242.0,4284.0,7258.0,4684.0,12839.0,2236.0
9270.0,31592.0,7468.0,3542.0,2217.0,2267.0,4460.0,7658.0,4785.0,13450.0,2273.0
9364.0,33288.0,7379.0,3539.0,2197.0,2284.0,4624.0,7821.0,4817.0,13513.0,2257.0
9477.0,34233.0,7311.0,3499.0,2184.0,2313.0,4693.0,7765.0,4835.0,13213.0,2310.0
9452.0,34417.0,7227.0,3399.0,2142.0,2288.0,4668.0,7530.0,4691.0,12830.0,2256.0
9492.0,34350.0,7227.0,3357.0,2121.0,2249.0,4596.0,7318.0,4590.0,12412.0,2240.0
9421.0,34021.0,7162.0,3358.0,2121.0,2243.0,4523.0,7106.0,4537.0,11967.0,2176.0
9337.0,33803.0,7379.0,3369.0,2171.0,2201.0,4505.0,6953.0,4495.0,11739.0,2185.0
9414.0,33917.0,7866.0,3450.0,2256.0,2253.0,4472.0,6873.0,4617.0,11670.0,2226.0
9936.0,34999.0,8166.0,3613.0,2335.0,2357.0,4580.0,7044.0,4842.0,11991.0,2316.0
10135.0,37653.0,8087.0,3671.0,2343.0,2348.0,5014.0,7488.0,4917.0,12803.0,2337.0
10039.0,39798.0,7920.0,3638.0,2332.0,2297.0,5291.0,7864.0,4868.0,13573.0,2323.0
9799.0,39523.0,7674.0,3535.0,2224.0,2217.0,5270.0,7876.0,4752.0,13561.0,2274.0
9217.0,38581.0,7255.0,3379.0,2149.0,2106.0,5197.0,7680.0,4556.0,13301.0,2240.0
8703.0,37247.0,6839.0,3185.0,2028.0,1993.0,5066.0,7409.0,4307.0,12794.0,2134.0
8323.0,34802.0,6541.0,2941.0,1944.0,1884.0,4816.0,6998.0,4052.0,12112.0,2062.0
7978.0,32547.0,6465.0,2841.0,1886.0,1828.0,4684.0,6648.0,3885.0,11492.0,2064.0
7854.0,30405.0,6382.0,2775.0,1855.0,1792.0,4470.0,6304.0,3802.0,10972.0,2066.0
7779.0,28545.0,6320.0,2729.0,1849.0,1771.0,4319.0,6140.0,3766.0,10771.0,2109.0
7918.0,27516.0,6317.0,2743.0,1849.0,1752.0,4247.0,6062.0,3769.0,10650.0,2087.0
8087.0,26987.0,6470.0,2796.0,1909.0,1812.0,4195.0,6116.0,3830.0,10761.0,2093.0
8475.0,26853.0,6655.0,2921.0,1985.0,1872.0,4206.0,6235.0,3968.0,11051.0,2107.0
8840.0,27348.0,6792.0,3114.0,2074.0,1961.0,4306.0,6497.0,4165.0,11548.0,2136.0
9444.0,28242.0,7203.0,3281.0,2202.0,2086.0,4302.0,6864.0,4468.0,12362.0,2240.0
9801.0,29555.0,7376.0,3402.0,2256.0,2223.0,4415.0,7353.0,4625.0,13109.0,2279.0
9920.0,30908.0,7460.0,3458.0,2275.0,2283.0,4599.0,7685.0,4657.0,13580.0,2267.0
9960.0,31792.0,7487.0,3425.0,2234.0,2304.0,4712.0,7768.0,4616.0,13588.0,2247.0
9902.0,32109.0,7550.0,3399.0,2209.0,2274.0,4720.0,7612.0,4669.0,13132.0,2293.0
9771.0,31788.0,7551.0,3346.0,2197.0,2302.0,4727.0,7480.0,4555.0,12652.0,2249.0
9544.0,31840.0,7587.0,3286.0,2170.0,2288.0,4631.0,7337.0,4486.0,12280.0,2262.0
9438.0,31400.0,7542.0,3247.0,2171.0,2283.0,4557.0,7187.0,4436.0,11925.0,2238.0
9418.0,31122.0,7773.0,3246.0,2200.0,2232.0,4487.0,7082.0,4447.0,11609.0,2265.0
9636.0,31063.0,8176.0,3305.0,2282.0,2313.0,4460.0,7072.0,4550.0,11595.0,2279.0
10270.0,31948.0,8698.0,3535.0,2397.0,2462.0,4561.0,7279.0,4796.0,11995.0,2343.0
10584.0,34564.0,8736.0,3661.0,2404.0,2476.0,4987.0,7685.0,4968.0,12918.0,2382.0
10541.0,38101.0,8576.0,3622.0,2335.0,2428.0,5291.0,8044.0,4889.0,13658.0,2356.0
10416.0,38337.0,8230.0,3540.0,2251.0,2331.0,5261.0,7992.0,4765.0,13599.0,2263.0
9923.0,37565.0,7827.0,3372.0,2129.0,2195.0,5210.0,7796.0,4533.0,13269.0,2214.0
9384.0,36031.0,7419.0,3187.0,1996.0,2067.0,5001.0,7423.0,4254.0,12739.0,2113.0
8916.0,33752.0,7100.0,3041.0,1899.0,1972.0,4887.0,6908.0,4054.0,11865.0,2060.0
8785.0,31766.0,6862.0,2944.0,1841.0,1929.0,4659.0,6503.0,3932.0,11185.0,2035.0
8698.0,29546.0,6879.0,2910.0,1812.0,1911.0,4466.0,6196.0,3846.0,10590.0,2077.0
8789.0,28194.0,6991.0,2904.0,1813.0,1938.0,4399.0,6022.0,3868.0,10365.0,2087.0
9026.0,27420.0,7089.0,2960.0,1822.0,1993.0,4342.0,5961.0,3916.0,10345.0,2120.0
9602.0,27155.0,7400.0,3092.0,1911.0,2084.0,4331.0,6032.0,4072.0,10500.0,2142.0
10239.0,27767.0,7907.0,3305.0,2073.0,2260.0,4391.0,6281.0,4437.0,10968.0,2213.0
10740.0,29311.0,8234.0,3589.0,2240.0,2358.0,4559.0,6811.0,4849.0,11859.0,2249.0
10958.0,31746.0,8571.0,3819.0,2341.0,2449.0,4740.0,7511.0,5104.0,13026.0,2343.0
10815.0,34100.0,8575.0,3903.0,2343.0,2513.0,4862.0,8064.0,5143.0,13979.0,2357.0
10451.0,36514.0,8415.0,3859.0,2308.0,2485.0,5017.0,8303.0,5127.0,14362.0,2352.0
10199.0,37758.0,8260.0,3759.0,2281.0,2464.0,5138.0,8351.0,5029.0,14275.0,2325.0
9852.0,37393.0,8010.0,3654.0,2213.0,2433.0,5070.0,8147.0,4963.0,13906.0,2318.0
9515.0,36627.0,7949.0,3532.0,2155.0,2384.0,4937.0,7905.0,4805.0,13379.0,2268.0
9277.0,35814.0,7804.0,3431.0,2126.0,2297.0,4834.0,7679.0,4709.0,12955.0,2259.0
9267.0,35101.0,7874.0,3411.0,2126.0,2308.0,4708.0,7550.0,4694.0,12697.0,2323.0
9268.0,34413.0,8048.0,3413.0,2157.0,2293.0,4640.0,7428.0,4693.0,12438.0,2318.0
9769.0,34527.0,8476.0,3503.0,2245.0,2365.0,4608.0,7404.0,4778.0,12468.0,2337.0
10743.0,35376.0,9001.0,3744.0,2408.0,2573.0,4732.0,7558.0,5066.0,12922.0,2387.0
11040.0,38096.0,8944.0,3859.0,2426.0,2565.0,5148.0,8025.0,5215.0,13753.0,2416.0
11239.0,42165.0,8366.0,3372.0,1951.0,2473.0,5093.0,7383.0,4559.0,12949.0,2053.0
10488.0,42367.0,8096.0,3355.0,1849.0,2332.0,5233.0,7567.0,4349.0,13201.0,1987.0
9614.0,42870.0,7557.0,3156.0,1699.0,2168.0,5399.0,7406.0,4018.0,13184.0,1903.0
8681.0,40198.0,7060.0,2911.0,1589.0,2039.0,5151.0,6954.0,3723.0,12609.0,1831.0
8055.0,36431.0,6570.0,2681.0,1522.0,1966.0,4897.0,6415.0,3551.0,11618.0,1786.0
7734.0,32557.0,6387.0,2569.0,1504.0,1933.0,4382.0,5955.0,3412.0,10665.0,1762.0
7470.0,29862.0,6306.0,2503.0,1471.0,1936.0,4060.0,5661.0,3350.0,10135.0,1772.0
7372.0,28327.0,6309.0,2485.0,1509.0,1985.0,3898.0,5528.0,3365.0,9841.0,1715.0
7422.0,27500.0,6420.0,2542.0,1561.0,2068.0,3809.0,5478.0,3529.0,9753.0,1770.0
7759.0,26886.0,6826.0,2703.0,1673.0,2169.0,3760.0,5613.0,3839.0,9918.0,1874.0
8416.0,27207.0,7289.0,3010.0,1841.0,2274.0,3781.0,6067.0,4260.0,10553.0,1966.0
8975.0,28216.0,7670.0,3374.0,1963.0,2407.0,3891.0,6752.0,4609.0,11677.0,2064.0
9514.0,30774.0,7813.0,3573.0,2028.0,2481.0,4111.0,7401.0,4707.0,12920.0,2132.0
9822.0,34386.0,7834.0,3584.0,2010.0,2539.0,4423.0,7624.0,4697.0,13447.0,2170.0
10088.0,36969.0,7768.0,3521.0,1971.0,2533.0,4651.0,7598.0,4601.0,13251.0,2175.0
10264.0,38225.0,7634.0,3458.0,1921.0,2516.0,4748.0,7476.0,4529.0,12973.0,2121.0
10613.0,39050.0,7649.0,3400.0,1895.0,2529.0,4849.0,7350.0,4515.0,12639.0,2154.0
11046.0,39789.0,7691.0,3336.0,1848.0,2528.0,4881.0,7216.0,4512.0,12345.0,2178.0
11392.0,40589.0,7719.0,3294.0,1865.0,2534.0,4955.0,7108.0,4476.0,12130.0,2190.0
11886.0,41796.0,7701.0,3257.0,1855.0,2533.0,5068.0,7020.0,4456.0,11919.0,2140.0
12346.0,42459.0,7752.0,3282.0,1865.0,2557.0,5158.0,6911.0,4455.0,11769.0,2133.0
12545.0,43501.0,7922.0,3261.0,1898.0,2462.0,5290.0,6923.0,4437.0,11742.0,2089.0
12579.0,44119.0,7959.0,3268.0,1940.0,2421.0,5411.0,6941.0,4422.0,11882.0,2032.0
12579.0,44534.0,8007.0,3301.0,1972.0,2535.0,5508.0,7086.0,4471.0,12210.0,2039.0
12156.0,44329.0,8061.0,3356.0,1979.0,2447.0,5524.0,7191.0,4554.0,12442.0,2009.0
11289.0,44087.0,7825.0,3380.0,1872.0,2295.0,5582.0,7370.0,4341.0,12648.0,1987.0
10189.0,44398.0,7245.0,3236.0,1757.0,2107.0,5704.0,7316.0,4018.0,12798.0,1889.0
9089.0,41895.0,6711.0,2976.0,1653.0,2001.0,5455.0,6890.0,3744.0,12277.0,1831.0
8251.0,37877.0,6332.0,2726.0,1582.0,1902.0,5090.0,6408.0,3556.0,11448.0,1798.0
7833.0,33583.0,6105.0,2629.0,1520.0,1850.0,4641.0,5984.0,3447.0,10549.0,1752.0
7530.0,30625.0,5950.0,2572.0,1518.0,1865.0,4294.0,5660.0,3390.0,9987.0,1707.0
7370.0,28860.0,5934.0,2574.0,1529.0,1902.0,3989.0,5528.0,3447.0,9690.0,1718.0
7459.0,27936.0,6029.0,2623.0,1594.0,1966.0,3862.0,5504.0,3597.0,9672.0,1772.0
7831.0,27181.0,6382.0,2784.0,1715.0,2086.0,3809.0,5683.0,3923.0,9928.0,1868.0
8304.0,27271.0,6923.0,3128.0,1860.0,2188.0,3792.0,6155.0,4345.0,10637.0,1977.0
9043.0,28504.0,7360.0,3398.0,1958.0,2344.0,3931.0,6898.0,4639.0,11808.0,2030.0
9593.0,31023.0,7610.0,3568.0,1995.0,2438.0,4090.0,7531.0,4796.0,12966.0,2108.0
10113.0,34684.0,7622.0,3565.0,1934.0,2471.0,4464.0,7629.0,4629.0,13368.0,2137.0
10598.0,37352.0,7652.0,3488.0,1891.0,2543.0,4784.0,7543.0,4493.0,13125.0,2112.0
11123.0,38800.0,7550.0,3468.0,1876.0,2551.0,4889.0,7310.0,4421.0,12659.0,2095.0
11726.0,40032.0,7739.0,3368.0,1833.0,2587.0,5017.0,7153.0,4369.0,12218.0,2132.0
12382.0,41140.0,7783.0,3269.0,1818.0,2627.0,5120.0,6998.0,4416.0,11950.0,2128.0
12780.0,42163.0,7757.0,3268.0,1826.0,2635.0,5151.0,6921.0,4405.0,11729.0,2173.0
13342.0,43497.0,7728.0,3254.0,1826.0,2670.0,5278.0,6933.0,4380.0,11622.0,2176.0
13753.0,44478.0,7705.0,3261.0,1812.0,2692.0,5437.0,6837.0,4408.0,11439.0,2123.0
13576.0,45783.0,7835.0,3256.0,1829.0,2612.0,5648.0,6828.0,4336.0,11463.0,2039.0
13371.0,46512.0,7937.0,3248.0,1859.0,2551.0,5768.0,6866.0,4380.0,11508.0,2014.0
13265.0,46931.0,8002.0,3290.0,1911.0,2624.0,5836.0,6968.0,4450.0,11763.0,2008.0
12819.0,46623.0,8179.0,3318.0,1901.0,2520.0,5831.0,7081.0,4500.0,11991.0,2037.0
11905.0,46116.0,7957.0,3341.0,1848.0,2348.0,5875.0,7272.0,4338.0,12230.0,1986.0
10666.0,45959.0,7329.0,3202.0,1722.0,2155.0,5927.0,7178.0,3972.0,12336.0,1873.0
9614.0,43148.0,6845.0,2942.0,1620.0,2008.0,5675.0,6744.0,3701.0,11843.0,1817.0
8718.0,38886.0,6417.0,2718.0,1547.0,1916.0,5189.0,6214.0,3455.0,10952.0,1761.0
8138.0,34496.0,6248.0,2594.0,1493.0,1869.0,4776.0,5763.0,3333.0,10101.0,1722.0
7731.0,31370.0,6123.0,2546.0,1485.0,1847.0,4420.0,5464.0,3326.0,9527.0,1709.0
7544.0,29307.0,6119.0,2520.0,1493.0,1879.0,4175.0,5236.0,3360.0,9157.0,1698.0
7556.0,28037.0,6263.0,2569.0,1567.0,1964.0,4030.0,5214.0,3488.0,9050.0,1763.0
7926.0,27324.0,6678.0,2728.0,1670.0,2045.0,3931.0,5320.0,3810.0,9157.0,1836.0
8529.0,27650.0,7216.0,3040.0,1821.0,2156.0,3971.0,5727.0,4201.0,9714.0,1943.0
9254.0,28862.0,7613.0,3347.0,1906.0,2326.0,4062.0,6400.0,4561.0,10748.0,2008.0
9861.0,31329.0,7861.0,3529.0,1972.0,2442.0,4203.0,7095.0,4686.0,12092.0,2105.0
10363.0,35124.0,7842.0,3544.0,1949.0,2545.0,4531.0,7402.0,4649.0,12831.0,2134.0
10977.0,37980.0,7792.0,3511.0,1906.0,2594.0,4817.0,7500.0,4600.0,13031.0,2134.0
11506.0,39248.0,7711.0,3468.0,1895.0,2626.0,5013.0,7500.0,4548.0,12862.0,2146.0
12210.0,40443.0,7673.0,3429.0,1867.0,2680.0,5207.0,7408.0,4527.0,12735.0,2172.0
12874.0,41488.0,7720.0,3418.0,1847.0,2710.0,5314.0,7290.0,4533.0,12495.0,2180.0
13429.0,42434.0,7700.0,3414.0,1853.0,2750.0,5486.0,7193.0,4523.0,12268.0,2178.0
13957.0,43918.0,7769.0,3404.0,1853.0,2759.0,5588.0,7125.0,4518.0,12135.0,2178.0
14448.0,44878.0,7825.0,3384.0,1860.0,2763.0,5801.0,7022.0,4532.0,11905.0,2128.0
14450.0,46030.0,7949.0,3388.0,1895.0,2671.0,5975.0,7034.0,4460.0,11958.0,2076.0
14198.0,46599.0,8032.0,3374.0,1921.0,2592.0,6090.0,7015.0,4473.0,11987.0,2052.0
13957.0,46608.0,8042.0,3379.0,1949.0,2674.0,6173.0,7138.0,4575.0,12280.0,2060.0
13422.0,46123.0,8178.0,3406.0,1952.0,2577.0,6175.0,7299.0,4605.0,12561.0,2045.0
12288.0,45452.0,7933.0,3426.0,1841.0,2385.0,6132.0,7462.0,4393.0,12736.0,1985.0
10947.0,45457.0,7334.0,3268.0,1711.0,2194.0,6201.0,7303.0,4026.0,12677.0,1875.0
9865.0,42586.0,6811.0,3026.0,1620.0,2042.0,5891.0,6889.0,3734.0,12146.0,1844.0
8851.0,38141.0,6358.0,2787.0,1516.0,1948.0,5386.0,6348.0,3485.0,11215.0,1784.0
8258.0,34002.0,6110.0,2613.0,1485.0,1894.0,4913.0,5846.0,3316.0,10254.0,1734.0
7884.0,31472.0,5963.0,2540.0,1452.0,1867.0,4480.0,5533.0,3250.0,9695.0,1711.0
7688.0,29398.0,5913.0,2510.0,1463.0,1885.0,4210.0,5364.0,3252.0,9341.0,1710.0
7727.0,27979.0,5965.0,2525.0,1520.0,1938.0,4070.0,5285.0,3376.0,9185.0,1713.0
7970.0,27216.0,6326.0,2631.0,1628.0,2038.0,3981.0,5385.0,3643.0,9291.0,1798.0
8512.0,27477.0,6787.0,2908.0,1763.0,2165.0,3924.0,5756.0,4013.0,9826.0,1896.0
9295.0,28438.0,7304.0,3217.0,1855.0,2372.0,4040.0,6371.0,4366.0,10787.0,1992.0
9915.0,30829.0,7583.0,3464.0,1936.0,2508.0,4178.0,6991.0,4548.0,12024.0,2069.0
10561.0,34678.0,7718.0,3536.0,1934.0,2614.0,4567.0,7286.0,4565.0,12808.0,2121.0
11196.0,37168.0,7744.0,3504.0,1890.0,2680.0,4901.0,7441.0,4534.0,12971.0,2123.0
11785.0,38507.0,7718.0,3446.0,1871.0,2736.0,5139.0,7389.0,4480.0,12803.0,2093.0
12417.0,39623.0,7758.0,3400.0,1834.0,2798.0,5370.0,7292.0,4488.0,12578.0,2116.0
13191.0,40230.0,7823.0,3409.0,1826.0,2845.0,5515.0,7179.0,4476.0,12333.0,2130.0
13725.0,40662.0,7853.0,3375.0,1812.0,2857.0,5781.0,7111.0,4459.0,12115.0,2101.0
14315.0,41311.0,7757.0,3362.0,1822.0,2876.0,6022.0,7043.0,4426.0,11966.0,2067.0
14647.0,41671.0,7758.0,3361.0,1815.0,2898.0,6252.0,6998.0,4511.0,11854.0,2043.0
14628.0,42182.0,7911.0,3327.0,1815.0,2767.0,6465.0,7055.0,4473.0,11981.0,2013.0
14318.0,42581.0,7975.0,3339.0,1871.0,2670.0,6558.0,7153.0,4505.0,12198.0,1996.0
13957.0,42631.0,7981.0,3381.0,1891.0,2727.0,6594.0,7291.0,4566.0,12512.0,1975.0
13339.0,42376.0,8103.0,3390.0,1882.0,2616.0,6539.0,7375.0,4550.0,12750.0,2004.0
12314.0,41998.0,7782.0,3375.0,1818.0,2437.0,6438.0,7471.0,4366.0,12814.0,1947.0
11165.0,42417.0,7309.0,3244.0,1679.0,2315.0,6389.0,7276.0,4040.0,12708.0,1897.0
10049.0,40338.0,6927.0,3015.0,1584.0,2164.0,6136.0,6980.0,3726.0,12333.0,1903.0
9150.0,37011.0,6492.0,2810.0,1485.0,2060.0,5752.0,6453.0,3464.0,11408.0,1831.0
8430.0,33425.0,6214.0,2660.0,1447.0,1968.0,5295.0,5995.0,3335.0,10560.0,1817.0
7969.0,30758.0,6056.0,2577.0,1427.0,1926.0,4845.0,5637.0,3255.0,9942.0,1802.0
7632.0,28772.0,5877.0,2511.0,1416.0,1892.0,4533.0,5448.0,3202.0,9573.0,1781.0
7505.0,27241.0,5898.0,2515.0,1454.0,1938.0,4323.0,5389.0,3239.0,9416.0,1765.0
7390.0,26620.0,6051.0,2535.0,1480.0,1941.0,4163.0,5377.0,3324.0,9391.0,1841.0
7505.0,26533.0,6184.0,2615.0,1582.0,2041.0,4030.0,5460.0,3435.0,9573.0,1870.0
8437.0,26976.0,6460.0,2851.0,1673.0,2353.0,3966.0,5708.0,3862.0,9965.0,1980.0
9254.0,27576.0,6768.0,3049.0,1749.0,2456.0,3981.0,6121.0,4055.0,10598.0,2039.0
10097.0,29016.0,7031.0,3173.0,1776.0,2555.0,4214.0,6573.0,4138.0,11382.0,2084.0
10845.0,31089.0,7157.0,3241.0,1789.0,2656.0,4623.0,6843.0,4165.0,11902.0,2069.0
11661.0,32254.0,7267.0,3226.0,1768.0,2743.0,4941.0,6908.0,4193.0,12115.0,2074.0
12374.0,33109.0,7374.0,3219.0,1757.0,2824.0,5227.0,6872.0,4201.0,11981.0,2060.0
13021.0,33809.0,7447.0,3178.0,1740.0,2893.0,5495.0,6831.0,4171.0,11875.0,2066.0
13516.0,34244.0,7519.0,3138.0,1757.0,2946.0,5658.0,6727.0,4175.0,11689.0,2076.0
13902.0,34543.0,7554.0,3126.0,1734.0,2920.0,5835.0,6613.0,4219.0,11428.0,2035.0
14229.0,34808.0,7668.0,3082.0,1759.0,2917.0,6005.0,6576.0,4190.0,11276.0,1977.0
14177.0,35252.0,7796.0,3080.0,1760.0,2756.0,6052.0,6574.0,4226.0,11269.0,1932.0
13826.0,35689.0,7777.0,3091.0,1774.0,2657.0,6162.0,6641.0,4191.0,11378.0,1841.0
13384.0,36044.0,7763.0,3119.0,1812.0,2686.0,6189.0,6694.0,4259.0,11542.0,1864.0
12835.0,36404.0,7923.0,3112.0,1820.0,2574.0,6057.0,6779.0,4319.0,11643.0,1918.0
11907.0,37248.0,7731.0,3172.0,1752.0,2441.0,6027.0,6906.0,4199.0,11829.0,1854.0
10958.0,37915.0,7308.0,3118.0,1664.0,2302.0,6061.0,6907.0,3907.0,12048.0,1859.0
9923.0,36552.0,7003.0,2896.0,1579.0,2163.0,5849.0,6626.0,3661.0,11762.0,1891.0
9018.0,34295.0,6599.0,2687.0,1496.0,2037.0,5521.0,6209.0,3439.0,11083.0,1829.0
8399.0,31778.0,6271.0,2568.0,1442.0,1966.0,5137.0,5839.0,3313.0,10330.0,1815.0
7967.0,29626.0,6071.0,2502.0,1421.0,1915.0,4703.0,5550.0,3191.0,9833.0,1813.0
7626.0,27941.0,5969.0,2458.0,1421.0,1884.0,4411.0,5376.0,3176.0,9459.0,1794.0
7478.0,26938.0,5917.0,2441.0,1421.0,1893.0,4179.0,5297.0,3170.0,9296.0,1788.0
7293.0,26108.0,6014.0,2449.0,1450.0,1896.0,4075.0,5289.0,3237.0,9283.0,1843.0
7353.0,25843.0,6067.0,2511.0,1533.0,1993.0,3930.0,5367.0,3370.0,9428.0,1843.0
8208.0,26027.0,6317.0,2744.0,1649.0,2293.0,3873.0,5578.0,3804.0,9739.0,1990.0
8845.0,26493.0,6623.0,2951.0,1723.0,2401.0,3841.0,5957.0,3970.0,10354.0,2032.0
9593.0,28001.0,6873.0,3075.0,1751.0,2511.0,4006.0,6395.0,4071.0,11080.0,2047.0
10264.0,29475.0,7108.0,3130.0,1756.0,2576.0,4262.0,6719.0,4083.0,11758.0,2051.0
10866.0,30424.0,7262.0,3114.0,1756.0,2621.0,4467.0,6762.0,4070.0,11900.0,2043.0
11459.0,31049.0,7404.0,3105.0,1754.0,2714.0,4616.0,6728.0,4045.0,11723.0,2008.0
11770.0,31518.0,7520.0,3095.0,1734.0,2765.0,4732.0,6642.0,4037.0,11569.0,2050.0
12237.0,31797.0,7637.0,3038.0,1738.0,2811.0,4715.0,6595.0,4040.0,11415.0,2045.0
12634.0,31963.0,7870.0,3001.0,1743.0,2788.0,4811.0,6509.0,4051.0,11159.0,2078.0
12817.0,32053.0,8047.0,2942.0,1783.0,2811.0,4885.0,6438.0,4017.0,10993.0,2008.0
12592.0,32088.0,8147.0,2974.0,1803.0,2704.0,4944.0,6438.0,4077.0,10936.0,1999.0
12182.0,32380.0,8131.0,2995.0,1818.0,2603.0,4967.0,6586.0,4093.0,11133.0,1912.0
12182.0,33100.0,8175.0,3027.0,1855.0,2624.0,5024.0,6694.0,4210.0,11375.0,1956.0
11937.0,33822.0,8319.0,3067.0,1853.0,2522.0,4998.0,6794.0,4238.0,11601.0,1963.0
11307.0,34924.0,8086.0,3144.0,1774.0,2350.0,4978.0,6971.0,4127.0,11877.0,1934.0
10396.0,36770.0,7577.0,3032.0,1652.0,2148.0,5155.0,6974.0,3831.0,12074.0,1876.0
9491.0,35954.0,7029.0,2817.0,1547.0,2047.0,5024.0,6604.0,3580.0,11626.0,1854.0
8576.0,33242.0,6562.0,2614.0,1467.0,1944.0,4760.0,6082.0,3443.0,10784.0,1800.0
8099.0,30769.0,6281.0,2513.0,1431.0,1874.0,4418.0,5677.0,3341.0,9912.0,1788.0
7728.0,28463.0,6167.0,2477.0,1418.0,1870.0,4093.0,5448.0,3309.0,9451.0,1779.0
7532.0,26968.0,6067.0,2472.0,1437.0,1882.0,3888.0,5342.0,3327.0,9144.0,1774.0
7556.0,26133.0,6104.0,2512.0,1493.0,1957.0,3794.0,5328.0,3451.0,9062.0,1787.0
7802.0,25799.0,6433.0,2675.0,1646.0,2063.0,3797.0,5435.0,3783.0,9199.0,1911.0
8377.0,26403.0,6841.0,2974.0,1826.0,2209.0,3795.0,5893.0,4196.0,9865.0,1966.0
9053.0,28191.0,7329.0,3338.0,1929.0,2416.0,3946.0,6586.0,4548.0,10868.0,2037.0
9397.0,30728.0,7690.0,3560.0,1983.0,2555.0,4147.0,7222.0,4788.0,12119.0,2119.0
9617.0,34209.0,7837.0,3615.0,2001.0,2679.0,4451.0,7522.0,4805.0,12861.0,2170.0
9716.0,36830.0,7900.0,3571.0,1987.0,2750.0,4761.0,7549.0,4751.0,12950.0,2146.0
9827.0,37658.0,7969.0,3520.0,1946.0,2788.0,4828.0,7499.0,4709.0,12736.0,2147.0
9969.0,37641.0,8113.0,3470.0,1921.0,2822.0,4904.0,7405.0,4666.0,12495.0,2186.0
10038.0,37286.0,8207.0,3421.0,1914.0,2858.0,4913.0,7302.0,4619.0,12224.0,2186.0
10123.0,37078.0,8249.0,3372.0,1895.0,2854.0,4861.0,7206.0,4594.0,12062.0,2184.0
10463.0,37260.0,8393.0,3337.0,1926.0,2882.0,4851.0,7068.0,4569.0,11841.0,2172.0
10608.0,36788.0,8479.0,3321.0,1944.0,2855.0,4777.0,6989.0,4605.0,11697.0,2149.0
10562.0,36962.0,8602.0,3311.0,1952.0,2758.0,4755.0,7030.0,4549.0,11753.0,2098.0
10496.0,37134.0,8594.0,3336.0,1989.0,2671.0,4733.0,7094.0,4545.0,11911.0,2054.0
10717.0,37643.0,8475.0,3342.0,1985.0,2709.0,4709.0,7248.0,4608.0,12218.0,2094.0
16744.0,53155.0,10347.0,4817.0,2293.0,3284.0,8781.0,7777.0,5612.0,12296.0,2472.0
15721.0,51309.0,10073.0,4671.0,2133.0,3022.0,8519.0,7681.0,5340.0,12202.0,2418.0
14536.0,50422.0,9424.0,4413.0,1970.0,2767.0,8381.0,7526.0,4917.0,11984.0,2353.0
13402.0,48139.0,8725.0,4047.0,1824.0,2520.0,8103.0,7120.0,4499.0,11597.0,2222.0
12398.0,43606.0,8010.0,3673.0,1713.0,2402.0,7563.0,6530.0,4140.0,10759.0,2103.0
11685.0,39122.0,7580.0,3443.0,1625.0,2317.0,7019.0,5999.0,3927.0,9887.0,2080.0
11073.0,35051.0,7288.0,3276.0,1579.0,2283.0,6466.0,5632.0,3840.0,9211.0,2030.0
10662.0,32926.0,7026.0,3170.0,1580.0,2267.0,6092.0,5371.0,3795.0,8780.0,1958.0
10530.0,31391.0,6994.0,3130.0,1600.0,2346.0,5824.0,5306.0,3865.0,8545.0,1965.0
10779.0,30392.0,7119.0,3159.0,1673.0,2429.0,5639.0,5308.0,4030.0,8502.0,2032.0
11132.0,30331.0,7465.0,3288.0,1776.0,2622.0,5555.0,5551.0,4331.0,8767.0,2074.0
12046.0,31516.0,7998.0,3533.0,1932.0,2855.0,5594.0,5943.0,4720.0,9272.0,2122.0
13209.0,33561.0,8528.0,3784.0,2068.0,3060.0,5596.0,6507.0,5068.0,10195.0,2199.0
14431.0,37235.0,8969.0,3973.0,2132.0,3232.0,5862.0,7029.0,5296.0,11008.0,2220.0
15408.0,40639.0,9283.0,4075.0,2168.0,3359.0,6217.0,7390.0,5468.0,11614.0,2243.0
16208.0,42957.0,9495.0,4137.0,2194.0,3466.0,6445.0,7573.0,5587.0,11839.0,2272.0
16914.0,44707.0,9653.0,4220.0,2236.0,3545.0,6614.0,7643.0,5704.0,11919.0,2284.0
17508.0,45969.0,9860.0,4286.0,2262.0,3644.0,6894.0,7696.0,5801.0,11916.0,2330.0
18031.0,47319.0,10000.0,4345.0,2286.0,3685.0,7145.0,7719.0,5791.0,11936.0,2340.0
18571.0,49040.0,10083.0,4423.0,2308.0,3648.0,7542.0,7802.0,5810.0,12000.0,2325.0
18945.0,50103.0,10288.0,4452.0,2325.0,3574.0,7864.0,7774.0,5809.0,11979.0,2368.0
18996.0,51588.0,10525.0,4520.0,2327.0,3478.0,8114.0,7771.0,5726.0,12008.0,2393.0
18792.0,52692.0,10242.0,4545.0,2312.0,3397.0,8301.0,7793.0,5605.0,12176.0,2418.0
18287.0,52984.0,9921.0,4516.0,2242.0,3365.0,8388.0,7720.0,5527.0,12268.0,2424.0
17733.0,52355.0,9716.0,4421.0,2192.0,3183.0,8352.0,7658.0,5424.0,12224.0,2418.0
16649.0,50421.0,9484.0,4314.0,2056.0,2952.0,8071.0,7606.0,5176.0,12168.0,2385.0
15272.0,49437.0,8893.0,4109.0,1874.0,2721.0,8007.0,7479.0,4835.0,11992.0,2286.0
14011.0,47135.0,8216.0,3787.0,1736.0,2547.0,7646.0,7040.0,4456.0,11583.0,2225.0
12781.0,42677.0,7733.0,3489.0,1635.0,2409.0,7161.0,6481.0,4077.0,10687.0,2146.0
11818.0,38313.0,7355.0,3279.0,1561.0,2330.0,6614.0,5950.0,3915.0,9818.0,2095.0
11166.0,34684.0,7111.0,3148.0,1524.0,2275.0,5995.0,5577.0,3778.0,9146.0,2040.0
10734.0,32521.0,6937.0,3061.0,1511.0,2266.0,5622.0,5344.0,3733.0,8724.0,1969.0
10584.0,31167.0,6950.0,3041.0,1537.0,2320.0,5343.0,5243.0,3797.0,8517.0,2004.0
10734.0,30193.0,7133.0,3086.0,1631.0,2425.0,5185.0,5262.0,3989.0,8451.0,2062.0
11113.0,30302.0,7521.0,3233.0,1754.0,2592.0,5125.0,5539.0,4230.0,8756.0,2093.0
12139.0,31364.0,7919.0,3497.0,1903.0,2803.0,5085.0,5903.0,4574.0,9312.0,2134.0
13301.0,33817.0,8457.0,3747.0,2007.0,3012.0,5160.0,6443.0,4960.0,10151.0,2216.0
14306.0,36791.0,8822.0,3920.0,2051.0,3167.0,5599.0,6937.0,5187.0,11000.0,2257.0
15244.0,40160.0,9011.0,4029.0,2073.0,3286.0,6117.0,7301.0,5318.0,11553.0,2255.0
16073.0,42159.0,9318.0,4100.0,2111.0,3384.0,6623.0,7501.0,5460.0,11787.0,2292.0
16875.0,43603.0,9503.0,4187.0,2133.0,3501.0,7033.0,7547.0,5571.0,11752.0,2287.0
17663.0,44614.0,9648.0,4266.0,2163.0,3601.0,7362.0,7609.0,5674.0,11806.0,2280.0
18250.0,45736.0,9914.0,4358.0,2191.0,3657.0,7663.0,7680.0,5707.0,11890.0,2330.0
18759.0,47132.0,10168.0,4423.0,2224.0,3715.0,7971.0,7720.0,5794.0,11943.0,2352.0
19173.0,48651.0,10350.0,4468.0,2228.0,3657.0,8257.0,7729.0,5827.0,11897.0,2395.0
19428.0,50381.0,10403.0,4545.0,2262.0,3621.0,8574.0,7786.0,5820.0,12056.0,2424.0
19208.0,51630.0,10208.0,4574.0,2264.0,3522.0,8813.0,7815.0,5782.0,12206.0,2424.0
18545.0,52142.0,9914.0,4546.0,2213.0,3479.0,8858.0,7822.0,5612.0,12345.0,2418.0
17912.0,51724.0,9697.0,4459.0,2179.0,3338.0,8824.0,7742.0,5542.0,12325.0,2418.0
16591.0,50451.0,9415.0,4358.0,2069.0,3066.0,8492.0,7698.0,5279.0,12203.0,2375.0
15170.0,49583.0,8796.0,4138.0,1898.0,2803.0,8292.0,7515.0,4870.0,12044.0,2280.0
13840.0,47184.0,8264.0,3815.0,1781.0,2612.0,7899.0,7143.0,4454.0,11724.0,2204.0
12704.0,42867.0,7715.0,3492.0,1670.0,2453.0,7306.0,6541.0,4152.0,10893.0,2113.0
11882.0,38436.0,7387.0,3265.0,1570.0,2359.0,6772.0,6030.0,3943.0,9963.0,2084.0
11320.0,34745.0,7118.0,3122.0,1553.0,2314.0,6213.0,5626.0,3845.0,9137.0,2050.0
10969.0,32606.0,6872.0,3043.0,1531.0,2313.0,5848.0,5402.0,3780.0,8747.0,1984.0
10862.0,31125.0,6826.0,2979.0,1551.0,2348.0,5490.0,5256.0,3796.0,8507.0,1990.0
11018.0,30293.0,7041.0,3036.0,1622.0,2438.0,5301.0,5304.0,3979.0,8467.0,2017.0
11317.0,30406.0,7406.0,3177.0,1771.0,2609.0,5226.0,5535.0,4253.0,8724.0,2096.0
12243.0,31456.0,7901.0,3428.0,1903.0,2841.0,5142.0,5908.0,4636.0,9234.0,2186.0
13187.0,33666.0,8470.0,3687.0,2018.0,3053.0,5162.0,6482.0,4930.0,10147.0,2211.0
14410.0,36823.0,8646.0,3847.0,2068.0,3239.0,5582.0,6939.0,5166.0,10997.0,2223.0
15429.0,40431.0,9000.0,3982.0,2093.0,3355.0,6182.0,7340.0,5366.0,11569.0,2284.0
16445.0,42532.0,9254.0,4068.0,2123.0,3451.0,6693.0,7540.0,5478.0,11808.0,2284.0
17390.0,44177.0,9452.0,4155.0,2143.0,3552.0,7177.0,7613.0,5651.0,11866.0,2325.0
18346.0,45616.0,9691.0,4266.0,2174.0,3606.0,7541.0,7696.0,5810.0,11916.0,2361.0
18945.0,47005.0,9956.0,4366.0,2207.0,3688.0,7887.0,7809.0,5935.0,12010.0,2420.0
19502.0,48750.0,10064.0,4482.0,2248.0,3661.0,8220.0,7943.0,6048.0,12117.0,2435.0
19895.0,50168.0,10261.0,4596.0,2271.0,3558.0,8554.0,8031.0,6133.0,12188.0,2474.0
19914.0,52130.0,10193.0,4691.0,2293.0,3466.0,8890.0,8143.0,6212.0,12371.0,2489.0
19497.0,53270.0,10149.0,4737.0,2293.0,3384.0,9139.0,8220.0,6151.0,12510.0,2491.0
18793.0,53697.0,9974.0,4675.0,2249.0,3349.0,9207.0,8220.0,5992.0,12628.0,2501.0
18092.0,53167.0,9878.0,4561.0,2217.0,3224.0,9104.0,8143.0,5832.0,12648.0,2489.0
16899.0,51685.0,9606.0,4397.0,2080.0,2994.0,8813.0,7997.0,5533.0,12466.0,2407.0
15430.0,50849.0,8891.0,4178.0,1918.0,2743.0,8658.0,7800.0,5059.0,12340.0,2312.0
14186.0,48414.0,8158.0,3825.0,1754.0,2555.0,8225.0,7349.0,4593.0,11928.0,2196.0
13130.0,43799.0,7573.0,3508.0,1664.0,2399.0,7629.0,6698.0,4183.0,11007.0,2128.0
12316.0,39420.0,7303.0,3267.0,1553.0,2335.0,6977.0,6150.0,3972.0,10052.0,2068.0
11661.0,35535.0,7080.0,3123.0,1522.0,2280.0,6421.0,5682.0,3833.0,9256.0,2040.0
11316.0,33329.0,6871.0,3027.0,1496.0,2271.0,5937.0,5432.0,3739.0,8869.0,1986.0
11316.0,31706.0,6803.0,3010.0,1511.0,2355.0,5635.0,5342.0,3820.0,8590.0,1954.0
11635.0,30701.0,6992.0,3054.0,1597.0,2455.0,5402.0,5348.0,3946.0,8523.0,2004.0
11990.0,30709.0,7353.0,3184.0,1732.0,2609.0,5317.0,5500.0,4237.0,8734.0,2082.0
12816.0,32039.0,7855.0,3422.0,1879.0,2807.0,5345.0,5863.0,4609.0,9218.0,2144.0
13911.0,34327.0,8366.0,3695.0,2016.0,2991.0,5410.0,6419.0,5005.0,10075.0,2233.0
14775.0,37064.0,8684.0,3911.0,2068.0,3126.0,5864.0,6946.0,5225.0,10932.0,2282.0
15839.0,40499.0,8965.0,4035.0,2097.0,3179.0,6487.0,7338.0,5436.0,11560.0,2284.0
16738.0,42435.0,9199.0,4128.0,2133.0,3226.0,7077.0,7544.0,5628.0,11884.0,2318.0
17442.0,43802.0,9465.0,4241.0,2197.0,3258.0,7521.0,7618.0,5837.0,11948.0,2340.0
17982.0,44980.0,9735.0,4349.0,2224.0,3279.0,7982.0,7753.0,5996.0,12012.0,2357.0
18274.0,46154.0,9852.0,4493.0,2275.0,3320.0,8352.0,7890.0,6055.0,12047.0,2361.0
18526.0,47785.0,10092.0,4619.0,2315.0,3347.0,8757.0,8029.0,6205.0,12185.0,2405.0
18642.0,49119.0,10239.0,4711.0,2338.0,3293.0,9096.0,8081.0,6296.0,12252.0,2422.0
18397.0,50649.0,10271.0,4778.0,2340.0,3219.0,9241.0,8247.0,6322.0,12445.0,2472.0
17923.0,51703.0,10220.0,4847.0,2312.0,3121.0,9098.0,8261.0,6214.0,12555.0,2478.0
17347.0,51937.0,10011.0,4832.0,2259.0,3161.0,8829.0,8192.0,6051.0,12609.0,2492.0
17021.0,51090.0,9747.0,4673.0,2203.0,3059.0,8501.0,8053.0,5847.0,12526.0,2467.0
16051.0,49371.0,9474.0,4525.0,2064.0,2851.0,8301.0,7896.0,5534.0,12295.0,2388.0
14899.0,48519.0,8998.0,4299.0,1897.0,2674.0,8191.0,7642.0,5049.0,12035.0,2323.0
13851.0,46187.0,8437.0,3961.0,1751.0,2511.0,7892.0,7431.0,4624.0,11954.0,2235.0
12815.0,42459.0,7815.0,3616.0,1634.0,2365.0,7454.0,6885.0,4246.0,11185.0,2135.0
12039.0,38522.0,7419.0,3362.0,1553.0,2267.0,6994.0,6353.0,4008.0,10315.0,2082.0
11417.0,35100.0,7164.0,3181.0,1507.0,2213.0,6483.0,5897.0,3848.0,9585.0,2049.0
11025.0,32865.0,6890.0,3086.0,1494.0,2175.0,6093.0,5591.0,3711.0,9062.0,1971.0
10787.0,31359.0,6710.0,3001.0,1511.0,2204.0,5781.0,5427.0,3702.0,8747.0,1949.0
10662.0,30254.0,6741.0,2972.0,1498.0,2231.0,5579.0,5350.0,3708.0,8582.0,1985.0
10748.0,29647.0,6804.0,2988.0,1595.0,2327.0,5460.0,5347.0,3767.0,8567.0,1992.0
11507.0,29747.0,7152.0,3102.0,1673.0,2532.0,5351.0,5396.0,4060.0,8592.0,2013.0
12713.0,29995.0,7632.0,3315.0,1754.0,2747.0,5255.0,5723.0,4359.0,8980.0,2103.0
14014.0,31745.0,8176.0,3528.0,1838.0,2951.0,5431.0,6129.0,4638.0,9775.0,2170.0
15439.0,33991.0,8564.0,3700.0,1914.0,3095.0,5723.0,6539.0,4915.0,10459.0,2199.0
16742.0,36507.0,8952.0,3900.0,1967.0,3210.0,6193.0,6894.0,5121.0,10960.0,2242.0
17638.0,38774.0,9319.0,4060.0,2033.0,3271.0,6650.0,7113.0,5379.0,11300.0,2309.0
18366.0,40517.0,9541.0,4209.0,2080.0,3318.0,7088.0,7245.0,5500.0,11490.0,2289.0
19015.0,42245.0,9762.0,4309.0,2171.0,3356.0,7562.0,7393.0,5627.0,11636.0,2313.0
19509.0,43484.0,10018.0,4444.0,2201.0,3369.0,7910.0,7520.0,5711.0,11732.0,2314.0
19669.0,44795.0,10283.0,4575.0,2228.0,3318.0,8221.0,7622.0,5778.0,11831.0,2366.0
19367.0,46150.0,10448.0,4656.0,2205.0,3246.0,8466.0,7747.0,5770.0,11991.0,2371.0
18774.0,47374.0,10464.0,4627.0,2191.0,3134.0,8665.0,7822.0,5591.0,12218.0,2340.0
18199.0,47825.0,10264.0,4542.0,2158.0,3116.0,8665.0,7804.0,5440.0,12325.0,2375.0
17428.0,47209.0,10075.0,4427.0,2126.0,3011.0,8400.0,7745.0,5383.0,12268.0,2378.0
16071.0,46037.0,9848.0,4340.0,2030.0,2836.0,8139.0,7626.0,5180.0,12050.0,2358.0
14860.0,45986.0,9261.0,4160.0,1885.0,2652.0,8121.0,7463.0,4837.0,11940.0,2284.0
13660.0,44418.0,8712.0,3867.0,1759.0,2464.0,7766.0,7083.0,4506.0,11640.0,2219.0
12611.0,41389.0,8189.0,3587.0,1643.0,2355.0,7305.0,6604.0,4176.0,10963.0,2123.0
11818.0,37893.0,7727.0,3361.0,1569.0,2244.0,6863.0,6124.0,3977.0,10135.0,2096.0
11260.0,34531.0,7383.0,3193.0,1504.0,2191.0,6347.0,5735.0,3837.0,9497.0,2083.0
10887.0,32175.0,7148.0,3091.0,1456.0,2165.0,5993.0,5481.0,3739.0,8993.0,2048.0
10637.0,30561.0,6939.0,3012.0,1471.0,2212.0,5708.0,5296.0,3684.0,8690.0,2030.0
10493.0,29586.0,6891.0,2972.0,1451.0,2205.0,5499.0,5224.0,3663.0,8530.0,1995.0
10489.0,29035.0,6865.0,2962.0,1529.0,2291.0,5379.0,5215.0,3719.0,8540.0,1986.0
11297.0,28976.0,7137.0,3052.0,1649.0,2418.0,5271.0,5253.0,3936.0,8564.0,1988.0
12440.0,28858.0,7651.0,3270.0,1763.0,2590.0,5109.0,5483.0,4234.0,8869.0,2065.0
13834.0,30157.0,8256.0,3481.0,1855.0,2747.0,5294.0,5948.0,4490.0,9532.0,2138.0
15097.0,32233.0,8716.0,3722.0,1964.0,2910.0,5443.0,6376.0,4709.0,10226.0,2196.0
16345.0,34058.0,9142.0,3908.0,2047.0,3035.0,5590.0,6731.0,4955.0,10822.0,2238.0
17341.0,35559.0,9581.0,4072.0,2111.0,3140.0,5718.0,7009.0,5176.0,11174.0,2281.0
18162.0,36651.0,9918.0,4194.0,2168.0,3261.0,5941.0,7136.0,5314.0,11333.0,2313.0
18637.0,38171.0,10258.0,4297.0,2224.0,3307.0,6136.0,7307.0,5426.0,11513.0,2355.0
19053.0,39705.0,10522.0,4381.0,2264.0,3324.0,6177.0,7408.0,5490.0,11587.0,2351.0
19041.0,41496.0,10881.0,4448.0,2292.0,3318.0,6245.0,7474.0,5494.0,11621.0,2378.0
19139.0,43489.0,11161.0,4517.0,2281.0,3266.0,6210.0,7560.0,5390.0,11740.0,2405.0
18669.0,45428.0,11075.0,4513.0,2236.0,3158.0,6186.0,7602.0,5214.0,11979.0,2400.0
17926.0,46636.0,10839.0,4475.0,2209.0,3129.0,6239.0,7669.0,5108.0,12209.0,2418.0
17125.0,46873.0,10676.0,4375.0,2171.0,2981.0,6325.0,7614.0,5020.0,12214.0,2428.0
15972.0,45841.0,10368.0,4238.0,2040.0,2772.0,6226.0,7550.0,4831.0,12107.0,2423.0
14436.0,45758.0,9691.0,3966.0,1891.0,2587.0,6410.0,7383.0,4472.0,11973.0,2284.0
13096.0,44035.0,8951.0,3650.0,1751.0,2438.0,6270.0,6813.0,4159.0,11372.0,2206.0
11892.0,40688.0,8277.0,3361.0,1637.0,2315.0,6007.0,6244.0,3936.0,10553.0,2168.0
11244.0,36783.0,7800.0,3166.0,1541.0,2230.0,5595.0,5811.0,3786.0,9661.0,2093.0
10746.0,33728.0,7419.0,2995.0,1511.0,2201.0,5234.0,5488.0,3621.0,8989.0,1999.0
10496.0,31508.0,7191.0,2962.0,1518.0,2229.0,4944.0,5260.0,3599.0,8620.0,1980.0
10367.0,30041.0,7148.0,2940.0,1543.0,2284.0,4766.0,5160.0,3719.0,8428.0,2008.0
10718.0,29147.0,7374.0,3012.0,1634.0,2380.0,4648.0,5220.0,3932.0,8360.0,2089.0
11209.0,29522.0,7762.0,3166.0,1761.0,2545.0,4652.0,5499.0,4189.0,8667.0,2104.0
12283.0,30907.0,8249.0,3412.0,1903.0,2763.0,4728.0,5853.0,4531.0,9152.0,2142.0
13333.0,33006.0,8872.0,3664.0,2004.0,2972.0,4777.0,6365.0,4756.0,10049.0,2182.0
14483.0,36451.0,9409.0,3869.0,2053.0,3144.0,5217.0,6791.0,4920.0,10852.0,2247.0
15443.0,40202.0,9765.0,4030.0,2090.0,3271.0,5760.0,7192.0,5010.0,11484.0,2242.0
16400.0,42926.0,10034.0,4188.0,2084.0,3363.0,6222.0,7445.0,5076.0,11877.0,2216.0
17168.0,45257.0,10308.0,4295.0,2105.0,3454.0,6603.0,7500.0,5188.0,11938.0,2238.0
17946.0,47037.0,10493.0,4404.0,2132.0,3535.0,6895.0,7627.0,5275.0,12082.0,2276.0
18515.0,48616.0,10459.0,4515.0,2163.0,3588.0,7169.0,7748.0,5412.0,12176.0,2294.0
19142.0,50879.0,10582.0,4637.0,2197.0,3600.0,7567.0,7913.0,5629.0,12317.0,2368.0
19621.0,52433.0,10793.0,4713.0,2195.0,3530.0,7891.0,8020.0,5712.0,12403.0,2432.0
19765.0,53946.0,10801.0,4766.0,2231.0,3435.0,8193.0,8152.0,5772.0,12567.0,2403.0
19610.0,55033.0,10547.0,4795.0,2222.0,3362.0,8413.0,8219.0,5722.0,12727.0,2413.0
19058.0,55590.0,10342.0,4738.0,2192.0,3333.0,8525.0,8244.0,5578.0,12900.0,2393.0
15800.0,42748.0,8458.0,4120.0,2057.0,2480.0,7196.0,8073.0,5046.0,13134.0,2137.0
14432.0,42728.0,8204.0,4087.0,1931.0,2324.0,7028.0,7960.0,4779.0,13057.0,2148.0
12889.0,43156.0,7477.0,3824.0,1761.0,2112.0,7012.0,7764.0,4337.0,12938.0,2003.0
11464.0,40800.0,7014.0,3494.0,1635.0,1963.0,6648.0,7205.0,3946.0,12325.0,1943.0
10430.0,36948.0,6561.0,3195.0,1538.0,1867.0,6122.0,6559.0,3664.0,11266.0,1909.0
9714.0,33054.0,6356.0,2992.0,1483.0,1839.0,5607.0,6073.0,3521.0,10327.0,1834.0
9194.0,30100.0,6207.0,2875.0,1449.0,1806.0,5035.0,5672.0,3403.0,9531.0,1833.0
9067.0,28502.0,6134.0,2796.0,1466.0,1809.0,4730.0,5449.0,3371.0,9090.0,1821.0
9049.0,27499.0,6170.0,2800.0,1492.0,1892.0,4544.0,5306.0,3471.0,8887.0,1831.0
9419.0,26685.0,6460.0,2886.0,1619.0,1982.0,4406.0,5400.0,3660.0,8898.0,1894.0
10189.0,26985.0,6955.0,3096.0,1759.0,2110.0,4362.0,5653.0,4073.0,9248.0,1975.0
11240.0,28494.0,7359.0,3417.0,1860.0,2292.0,4338.0,6203.0,4422.0,9992.0,2048.0
12161.0,31209.0,7627.0,3705.0,1941.0,2422.0,4591.0,6823.0,4719.0,11109.0,2131.0
13071.0,34784.0,7656.0,3812.0,1968.0,2532.0,5007.0,7185.0,4813.0,11927.0,2152.0
13879.0,37065.0,7698.0,3846.0,1962.0,2600.0,5377.0,7362.0,4887.0,12254.0,2203.0
14618.0,38386.0,7719.0,3890.0,1959.0,2619.0,5650.0,7477.0,5029.0,12308.0,2191.0
15231.0,38471.0,7823.0,3947.0,1990.0,2691.0,5939.0,7493.0,5146.0,12299.0,2266.0
15875.0,38736.0,8014.0,4008.0,2005.0,2752.0,6164.0,7533.0,5268.0,12343.0,2296.0
16562.0,39242.0,8104.0,4064.0,2047.0,2763.0,6324.0,7619.0,5369.0,12347.0,2317.0
17131.0,39953.0,8300.0,4118.0,2089.0,2818.0,6557.0,7656.0,5534.0,12430.0,2354.0
17732.0,40509.0,8481.0,4171.0,2103.0,2814.0,6774.0,7729.0,5607.0,12485.0,2364.0
17725.0,41351.0,8697.0,4178.0,2125.0,2718.0,6970.0,7819.0,5563.0,12607.0,2325.0
17452.0,42084.0,8764.0,4178.0,2156.0,2631.0,7077.0,7905.0,5503.0,12778.0,2262.0
16876.0,42685.0,8682.0,4174.0,2143.0,2662.0,7064.0,7951.0,5413.0,12981.0,2251.0
16179.0,42965.0,8705.0,4135.0,2127.0,2571.0,6962.0,7926.0,5365.0,13014.0,2260.0
14977.0,42902.0,8377.0,4111.0,1999.0,2387.0,6731.0,7911.0,4973.0,12953.0,2190.0
13531.0,43549.0,7746.0,3866.0,1814.0,2173.0,6688.0,7715.0,4530.0,12848.0,2057.0
12095.0,41424.0,7137.0,3508.0,1703.0,2022.0,6423.0,7196.0,4100.0,12277.0,1975.0
11135.0,37649.0,6687.0,3233.0,1592.0,1925.0,5909.0,6561.0,3775.0,11227.0,1922.0
10434.0,33600.0,6373.0,3059.0,1512.0,1856.0,5410.0,6005.0,3613.0,10258.0,1902.0
9884.0,30845.0,6221.0,2945.0,1501.0,1843.0,4968.0,5690.0,3547.0,9647.0,1844.0
9514.0,29082.0,6087.0,2843.0,1474.0,1849.0,4663.0,5503.0,3446.0,9218.0,1833.0
9395.0,27870.0,6103.0,2837.0,1549.0,1915.0,4428.0,5349.0,3531.0,8956.0,1822.0
9513.0,27080.0,6419.0,2932.0,1639.0,1989.0,4332.0,5396.0,3729.0,8952.0,1919.0
9942.0,27422.0,6885.0,3127.0,1780.0,2163.0,4262.0,5691.0,4159.0,9327.0,1961.0
10916.0,28852.0,7326.0,3465.0,1904.0,2357.0,4246.0,6227.0,4532.0,10016.0,2056.0
11875.0,31619.0,7635.0,3736.0,1953.0,2499.0,4490.0,6875.0,4801.0,11184.0,2156.0
12769.0,35130.0,7837.0,3861.0,2009.0,2636.0,4917.0,7232.0,4940.0,11965.0,2203.0
13589.0,37718.0,7982.0,3891.0,2031.0,2693.0,5269.0,7430.0,5027.0,12254.0,2205.0
14349.0,38942.0,8040.0,3948.0,2047.0,2728.0,5585.0,7486.0,5090.0,12187.0,2222.0
15181.0,39996.0,8179.0,4017.0,2062.0,2774.0,5985.0,7490.0,5164.0,12197.0,2281.0
15949.0,40616.0,8234.0,4065.0,2097.0,2844.0,6324.0,7514.0,5245.0,12180.0,2278.0
16575.0,41382.0,8275.0,4104.0,2091.0,2866.0,6615.0,7508.0,5262.0,12093.0,2329.0
17162.0,42746.0,8235.0,4155.0,2112.0,2897.0,6914.0,7512.0,5269.0,12077.0,2278.0
17613.0,43731.0,8440.0,4215.0,2135.0,2905.0,7236.0,7517.0,5222.0,12058.0,2294.0
17570.0,45042.0,8691.0,4194.0,2123.0,2797.0,7534.0,7516.0,5126.0,12155.0,2232.0
17128.0,45977.0,8500.0,4198.0,2132.0,2704.0,7727.0,7557.0,5083.0,12244.0,2206.0
16392.0,46559.0,8492.0,4188.0,2110.0,2734.0,7782.0,7555.0,5032.0,12445.0,2213.0
15955.0,46641.0,8544.0,4106.0,2097.0,2615.0,7691.0,7526.0,5023.0,12452.0,2205.0
14736.0,45945.0,8300.0,4052.0,1963.0,2435.0,7509.0,7555.0,4763.0,12430.0,2129.0
13216.0,45987.0,7720.0,3832.0,1809.0,2205.0,7407.0,7434.0,4319.0,12394.0,2042.0
11793.0,43545.0,7172.0,3505.0,1684.0,2056.0,7039.0,6969.0,3982.0,11910.0,1974.0
10619.0,39167.0,6722.0,3219.0,1583.0,1975.0,6449.0,6399.0,3701.0,10984.0,1935.0
9873.0,35034.0,6468.0,3032.0,1522.0,1886.0,5871.0,5901.0,3517.0,10084.0,1877.0
9291.0,31745.0,6259.0,2937.0,1485.0,1867.0,5350.0,5586.0,3450.0,9481.0,1845.0
8916.0,29843.0,6166.0,2852.0,1492.0,1882.0,5030.0,5394.0,3402.0,9069.0,1833.0
8914.0,28358.0,6183.0,2836.0,1566.0,1948.0,4838.0,5318.0,3502.0,8962.0,1847.0
9093.0,27563.0,6433.0,2939.0,1623.0,2034.0,4633.0,5403.0,3687.0,9021.0,1881.0
9735.0,27796.0,6869.0,3137.0,1784.0,2180.0,4605.0,5704.0,4072.0,9451.0,1974.0
10817.0,29234.0,7346.0,3460.0,1922.0,2387.0,4544.0,6269.0,4440.0,10222.0,2043.0
11745.0,32157.0,7665.0,3718.0,1991.0,2539.0,4734.0,6940.0,4751.0,11430.0,2146.0
12589.0,35482.0,7846.0,3820.0,1983.0,2676.0,5174.0,7275.0,4812.0,12208.0,2196.0
13380.0,37840.0,7949.0,3845.0,1971.0,2780.0,5637.0,7423.0,4865.0,12424.0,2199.0
14233.0,39240.0,7997.0,3827.0,1983.0,2835.0,5997.0,7441.0,4919.0,12322.0,2207.0
14939.0,40283.0,8080.0,3843.0,1988.0,2931.0,6352.0,7364.0,5045.0,12168.0,2260.0
15690.0,40864.0,8123.0,3877.0,1991.0,2996.0,6609.0,7325.0,5083.0,12042.0,2255.0
16366.0,41540.0,8307.0,3847.0,1983.0,3053.0,6849.0,7276.0,5032.0,11908.0,2255.0
17037.0,42548.0,8298.0,3844.0,1999.0,3070.0,7167.0,7229.0,5044.0,11821.0,2246.0
17504.0,43030.0,8600.0,3878.0,2005.0,3085.0,7370.0,7188.0,5120.0,11791.0,2253.0
17612.0,43620.0,8855.0,3815.0,1994.0,2953.0,7628.0,7240.0,5026.0,11881.0,2203.0
17180.0,44082.0,8887.0,3814.0,2025.0,2843.0,7739.0,7268.0,4997.0,11931.0,2181.0
16639.0,44180.0,8810.0,3816.0,2037.0,2848.0,7694.0,7335.0,4998.0,12138.0,2199.0
16020.0,43757.0,8783.0,3812.0,1967.0,2734.0,7506.0,7398.0,4991.0,12315.0,2188.0
14930.0,43208.0,8511.0,3805.0,1872.0,2519.0,7314.0,7447.0,4781.0,12358.0,2121.0
13530.0,43275.0,7863.0,3660.0,1740.0,2283.0,7277.0,7353.0,4366.0,12292.0,2019.0
12160.0,41401.0,7314.0,3383.0,1639.0,2130.0,6906.0,6959.0,4017.0,11938.0,1966.0
11060.0,37557.0,6793.0,3106.0,1541.0,1993.0,6386.0,6405.0,3702.0,11064.0,1893.0
10211.0,33520.0,6513.0,2975.0,1510.0,1945.0,5866.0,5930.0,3557.0,10129.0,1841.0
9687.0,30360.0,6305.0,2861.0,1472.0,1905.0,5321.0,5653.0,3441.0,9608.0,1831.0
9419.0,28804.0,6424.0,2812.0,1488.0,1912.0,4978.0,5460.0,3425.0,9241.0,1821.0
9322.0,27392.0,6158.0,2816.0,1493.0,1970.0,4726.0,5366.0,3516.0,9063.0,1802.0
9469.0,26912.0,6394.0,2930.0,1603.0,2052.0,4583.0,5464.0,3725.0,9106.0,1868.0
10067.0,27160.0,6868.0,3158.0,1782.0,2210.0,4479.0,5825.0,4094.0,9602.0,1940.0
11014.0,28679.0,7336.0,3464.0,1918.0,2427.0,4455.0,6395.0,4396.0,10462.0,1992.0
11906.0,31490.0,7796.0,3691.0,1978.0,2582.0,4649.0,6997.0,4560.0,11702.0,2104.0
12584.0,34860.0,7980.0,3788.0,1986.0,2709.0,5064.0,7291.0,4640.0,12430.0,2131.0
13164.0,37193.0,8068.0,3798.0,1953.0,2787.0,5417.0,7438.0,4656.0,12684.0,2143.0
13618.0,38189.0,8310.0,3742.0,1924.0,2815.0,5658.0,7400.0,4592.0,12570.0,2116.0
14012.0,38622.0,8196.0,3716.0,1899.0,2898.0,5818.0,7267.0,4578.0,12380.0,2132.0
14385.0,38715.0,8268.0,3688.0,1902.0,2926.0,5985.0,7171.0,4538.0,12219.0,2117.0
14880.0,38496.0,8360.0,3665.0,1876.0,2961.0,6040.0,7075.0,4519.0,12004.0,2133.0
15385.0,38992.0,8229.0,3659.0,1876.0,2970.0,6194.0,7049.0,4536.0,11891.0,2077.0
15539.0,39366.0,8267.0,3657.0,1904.0,2941.0,6301.0,6960.0,4548.0,11725.0,2088.0
15508.0,40069.0,8343.0,3605.0,1911.0,2802.0,6501.0,6981.0,4421.0,11752.0,2013.0
15140.0,40363.0,8305.0,3612.0,1900.0,2735.0,6593.0,6989.0,4464.0,11851.0,2010.0
14629.0,40927.0,8169.0,3615.0,1906.0,2771.0,6616.0,7023.0,4465.0,11912.0,1998.0
14209.0,41236.0,8264.0,3577.0,1910.0,2667.0,6542.0,7071.0,4478.0,12061.0,1996.0
13299.0,41198.0,7982.0,3590.0,1836.0,2506.0,6368.0,7128.0,4342.0,12054.0,1992.0
12256.0,41661.0,7455.0,3519.0,1740.0,2327.0,6384.0,7072.0,4050.0,12073.0,1924.0
11039.0,40300.0,7013.0,3277.0,1626.0,2202.0,6213.0,6833.0,3773.0,11954.0,1915.0
9941.0,37085.0,6606.0,3073.0,1566.0,2066.0,5769.0,6364.0,3523.0,11168.0,1870.0
9259.0,33374.0,6308.0,2906.0,1507.0,2001.0,5315.0,5941.0,3404.0,10422.0,1821.0
8796.0,30509.0,6102.0,2784.0,1485.0,1938.0,4877.0,5600.0,3277.0,9824.0,1794.0
8421.0,28552.0,5983.0,2758.0,1474.0,1908.0,4561.0,5393.0,3277.0,9431.0,1797.0
8268.0,27290.0,5953.0,2740.0,1477.0,1932.0,4360.0,5356.0,3330.0,9281.0,1792.0
8149.0,26547.0,6054.0,2781.0,1518.0,1940.0,4238.0,5369.0,3344.0,9318.0,1826.0
8391.0,26365.0,6229.0,2853.0,1602.0,2050.0,4160.0,5434.0,3534.0,9492.0,1863.0
9343.0,26605.0,6502.0,3073.0,1699.0,2376.0,4042.0,5649.0,3892.0,9819.0,2019.0
10141.0,27061.0,6811.0,3270.0,1758.0,2473.0,4057.0,6036.0,4055.0,10431.0,2044.0
11041.0,29116.0,7079.0,3405.0,1799.0,2597.0,4330.0,6433.0,4136.0,11106.0,2064.0
11970.0,30909.0,7224.0,3468.0,1790.0,2697.0,4701.0,6696.0,4182.0,11491.0,2056.0
12706.0,32476.0,7244.0,3468.0,1795.0,2758.0,5019.0,6710.0,4192.0,11599.0,2034.0
13466.0,33809.0,7269.0,3490.0,1784.0,2831.0,5328.0,6696.0,4206.0,11554.0,2054.0
14089.0,34805.0,7235.0,3484.0,1789.0,2896.0,5581.0,6671.0,4223.0,11469.0,2047.0
14713.0,35657.0,7217.0,3473.0,1772.0,2952.0,5796.0,6622.0,4229.0,11320.0,2057.0
15205.0,36647.0,7112.0,3485.0,1811.0,2911.0,6021.0,6573.0,4284.0,11251.0,2040.0
15541.0,37395.0,7235.0,3457.0,1825.0,2935.0,6209.0,6565.0,4238.0,11122.0,1992.0
15479.0,38377.0,7296.0,3514.0,1831.0,2792.0,6412.0,6608.0,4319.0,11188.0,1974.0
15091.0,39376.0,7173.0,3537.0,1830.0,2704.0,6589.0,6693.0,4288.0,11339.0,1878.0
14530.0,40171.0,7209.0,3511.0,1845.0,2674.0,6655.0,6751.0,4273.0,11459.0,1875.0
13941.0,40429.0,7341.0,3505.0,1852.0,2582.0,6558.0,6745.0,4310.0,11528.0,1871.0
13076.0,40378.0,7337.0,3535.0,1795.0,2440.0,6436.0,6847.0,4208.0,11589.0,1843.0
11988.0,40814.0,7075.0,3448.0,1704.0,2293.0,6410.0,6812.0,3954.0,11627.0,1853.0
10938.0,39524.0,6824.0,3237.0,1617.0,2156.0,6158.0,6570.0,3646.0,11432.0,1881.0
10070.0,36678.0,6502.0,3014.0,1524.0,2031.0,5742.0,6133.0,3449.0,10747.0,1835.0
9353.0,33641.0,6249.0,2861.0,1481.0,1962.0,5310.0,5752.0,3291.0,10032.0,1794.0
8873.0,30695.0,6090.0,2754.0,1448.0,1913.0,4886.0,5471.0,3172.0,9502.0,1775.0
8565.0,28599.0,6015.0,2684.0,1440.0,1878.0,4552.0,5289.0,3163.0,9110.0,1772.0
8385.0,27002.0,6031.0,2656.0,1454.0,1896.0,4339.0,5170.0,3136.0,8879.0,1792.0
8197.0,26323.0,6069.0,2645.0,1456.0,1867.0,4169.0,5149.0,3157.0,8808.0,1808.0
8222.0,26012.0,6146.0,2702.0,1512.0,1957.0,4085.0,5163.0,3257.0,8836.0,1821.0
9118.0,25886.0,6360.0,2900.0,1644.0,2256.0,3940.0,5273.0,3630.0,8981.0,1935.0
9995.0,26077.0,6554.0,3096.0,1704.0,2376.0,3968.0,5547.0,3834.0,9434.0,1982.0
10980.0,27839.0,6688.0,3219.0,1742.0,2449.0,4222.0,5985.0,4012.0,10204.0,2017.0
12150.0,29422.0,6789.0,3307.0,1766.0,2569.0,4592.0,6341.0,4090.0,10941.0,2012.0
13180.0,31307.0,6888.0,3383.0,1800.0,2679.0,4962.0,6571.0,4179.0,11316.0,2019.0
14187.0,33068.0,7006.0,3445.0,1808.0,2753.0,5380.0,6674.0,4260.0,11500.0,2042.0
15185.0,34820.0,7131.0,3498.0,1801.0,2861.0,5799.0,6726.0,4344.0,11564.0,2062.0
15986.0,36245.0,7240.0,3545.0,1833.0,2913.0,6095.0,6686.0,4382.0,11528.0,2098.0
16728.0,38202.0,7352.0,3599.0,1827.0,2935.0,6415.0,6727.0,4560.0,11613.0,2130.0
17249.0,39682.0,7648.0,3635.0,1879.0,2957.0,6728.0,6789.0,4590.0,11571.0,2128.0
17336.0,41225.0,7756.0,3707.0,1911.0,2840.0,6966.0,6846.0,4646.0,11602.0,2114.0
16704.0,42707.0,7733.0,3743.0,1952.0,2715.0,7228.0,6948.0,4626.0,11912.0,1998.0
15991.0,43696.0,7721.0,3739.0,1963.0,2723.0,7279.0,7071.0,4621.0,12168.0,2017.0
15234.0,43744.0,7870.0,3711.0,1953.0,2644.0,7095.0,7124.0,4619.0,12308.0,2054.0
14038.0,42763.0,7795.0,3673.0,1863.0,2479.0,6806.0,7147.0,4383.0,12214.0,1991.0
12713.0,42643.0,7344.0,3508.0,1726.0,2265.0,6738.0,7068.0,4016.0,12154.0,1940.0
11314.0,40998.0,6910.0,3227.0,1620.0,2115.0,6503.0,6622.0,3726.0,11601.0,1922.0
10331.0,37342.0,6538.0,2968.0,1524.0,2010.0,5920.0,6111.0,3481.0,10744.0,1853.0
9709.0,33452.0,6278.0,2836.0,1504.0,1952.0,5390.0,5691.0,3408.0,9965.0,1831.0
9213.0,30435.0,6142.0,2755.0,1466.0,1935.0,5007.0,5514.0,3335.0,9451.0,1819.0
8837.0,28684.0,6050.0,2700.0,1472.0,1931.0,4690.0,5314.0,3310.0,9149.0,1814.0
8869.0,27494.0,6095.0,2724.0,1512.0,2000.0,4483.0,5252.0,3384.0,8919.0,1819.0
9147.0,26788.0,6347.0,2809.0,1631.0,2092.0,4330.0,5307.0,3618.0,8958.0,1879.0
9733.0,27112.0,6805.0,3031.0,1784.0,2253.0,4311.0,5676.0,4026.0,9465.0,1968.0
10694.0,28431.0,7292.0,3387.0,1883.0,2487.0,4330.0,6221.0,4423.0,10316.0,2067.0
11689.0,31217.0,7613.0,3655.0,1961.0,2676.0,4495.0,6910.0,4712.0,11494.0,2150.0
12621.0,34839.0,7757.0,3816.0,1988.0,2848.0,5018.0,7271.0,4806.0,12203.0,2181.0
13762.0,37883.0,7887.0,3871.0,2003.0,2962.0,5472.0,7510.0,4875.0,12569.0,2181.0
14852.0,39527.0,7944.0,3928.0,2012.0,3040.0,5820.0,7565.0,4952.0,12624.0,2176.0
15920.0,40779.0,8134.0,3997.0,2025.0,3127.0,6215.0,7570.0,5111.0,12598.0,2257.0
16840.0,41822.0,8305.0,4077.0,2041.0,3209.0,6650.0,7599.0,5219.0,12522.0,2270.0
17643.0,42746.0,8428.0,4140.0,2064.0,3223.0,6937.0,7606.0,5354.0,12483.0,2338.0
18344.0,44170.0,8551.0,4173.0,2089.0,3269.0,7290.0,7612.0,5498.0,12453.0,2322.0
18918.0,45095.0,8829.0,4220.0,2083.0,3274.0,7612.0,7588.0,5579.0,12323.0,2347.0
18947.0,46301.0,9057.0,4211.0,2103.0,3134.0,7910.0,7576.0,5507.0,12354.0,2294.0
18585.0,47154.0,9140.0,4203.0,2111.0,3022.0,8085.0,7643.0,5471.0,12509.0,2256.0
17805.0,47515.0,9042.0,4180.0,2095.0,3004.0,8074.0,7670.0,5426.0,12710.0,2260.0
17261.0,52588.0,10676.0,4427.0,2302.0,3061.0,7767.0,7703.0,5443.0,12311.0,2508.0
16263.0,50904.0,10313.0,4316.0,2153.0,2861.0,7714.0,7590.0,5205.0,12212.0,2483.0
15068.0,49919.0,9700.0,4123.0,1965.0,2630.0,7698.0,7492.0,4823.0,12060.0,2422.0
13808.0,47335.0,8960.0,3801.0,1839.0,2454.0,7416.0,7053.0,4463.0,11627.0,2327.0
12712.0,42595.0,8450.0,3496.0,1728.0,2321.0,6931.0,6490.0,4092.0,10858.0,2255.0
11864.0,38044.0,8050.0,3284.0,1641.0,2218.0,6435.0,6024.0,3869.0,9986.0,2158.0
11265.0,34141.0,7713.0,3160.0,1603.0,2184.0,5925.0,5630.0,3811.0,9300.0,2154.0
10743.0,31709.0,7427.0,3053.0,1588.0,2183.0,5574.0,5457.0,3715.0,8927.0,2119.0
10684.0,30704.0,7395.0,3042.0,1620.0,2236.0,5332.0,5356.0,3778.0,8783.0,2104.0
10846.0,29874.0,7517.0,3074.0,1673.0,2317.0,5156.0,5379.0,3919.0,8763.0,2114.0
11087.0,29804.0,7782.0,3205.0,1823.0,2473.0,5136.0,5636.0,4143.0,9059.0,2123.0
11902.0,30640.0,8087.0,3426.0,1976.0,2693.0,5103.0,5995.0,4508.0,9562.0,2140.0
12824.0,32551.0,8680.0,3682.0,2072.0,2887.0,5139.0,6500.0,4835.0,10365.0,2225.0
13678.0,35930.0,8956.0,3817.0,2141.0,3026.0,5525.0,6963.0,4958.0,11201.0,2211.0
14538.0,39211.0,9371.0,3937.0,2180.0,3141.0,6065.0,7237.0,5156.0,11690.0,2253.0
15363.0,41108.0,9680.0,4026.0,2170.0,3226.0,6573.0,7438.0,5261.0,11904.0,2253.0
16156.0,42259.0,9887.0,4117.0,2207.0,3318.0,6901.0,7487.0,5349.0,11973.0,2254.0
16628.0,43538.0,10211.0,4218.0,2234.0,3400.0,7304.0,7545.0,5420.0,12015.0,2278.0
16957.0,44696.0,10621.0,4314.0,2267.0,3432.0,7680.0,7636.0,5572.0,12082.0,2338.0
17250.0,46049.0,10721.0,4463.0,2357.0,3426.0,7985.0,7711.0,5699.0,12140.0,2365.0
17538.0,47495.0,10864.0,4563.0,2377.0,3324.0,8257.0,7855.0,5825.0,12246.0,2386.0
17618.0,49027.0,11110.0,4665.0,2386.0,3258.0,8533.0,7938.0,5890.0,12280.0,2433.0
17389.0,50401.0,11106.0,4726.0,2405.0,3174.0,8702.0,8039.0,5797.0,12407.0,2484.0
16944.0,50934.0,10923.0,4689.0,2361.0,3175.0,8785.0,8064.0,5623.0,12657.0,2438.0
16487.0,50559.0,10729.0,4600.0,2336.0,3089.0,8660.0,8004.0,5560.0,12706.0,2426.0
15438.0,49045.0,10307.0,4461.0,2194.0,2879.0,8308.0,7911.0,5268.0,12583.0,2378.0
14217.0,48025.0,9466.0,4233.0,1986.0,2675.0,8127.0,7751.0,4932.0,12326.0,2322.0
12969.0,45447.0,8765.0,3891.0,1826.0,2496.0,7719.0,7304.0,4502.0,11969.0,2210.0
11911.0,41159.0,8148.0,3565.0,1694.0,2345.0,7131.0,6751.0,4173.0,11128.0,2129.0
11202.0,36948.0,7813.0,3308.0,1615.0,2271.0,6491.0,6147.0,3946.0,10147.0,2074.0
10648.0,33772.0,7476.0,3162.0,1580.0,2226.0,5949.0,5745.0,3811.0,9447.0,2016.0
10333.0,31639.0,7293.0,3048.0,1555.0,2210.0,5560.0,5527.0,3737.0,9024.0,1959.0
10266.0,30055.0,7236.0,3006.0,1588.0,2271.0,5259.0,5417.0,3742.0,8796.0,1966.0
10507.0,29409.0,7377.0,3042.0,1650.0,2352.0,5018.0,5412.0,3915.0,8768.0,2017.0
10792.0,29478.0,7686.0,3179.0,1801.0,2536.0,4960.0,5639.0,4225.0,9040.0,2087.0
11667.0,30509.0,7912.0,3432.0,1941.0,2745.0,4918.0,6040.0,4656.0,9544.0,2176.0
12711.0,32212.0,8384.0,3721.0,2051.0,2936.0,4961.0,6597.0,5003.0,10413.0,2196.0
13718.0,35382.0,8676.0,3883.0,2135.0,3111.0,5321.0,7085.0,5248.0,11239.0,2219.0
14653.0,38609.0,8870.0,3998.0,2174.0,3200.0,5860.0,7447.0,5421.0,11821.0,2277.0
15476.0,40183.0,8956.0,4116.0,2188.0,3306.0,6384.0,7690.0,5553.0,12107.0,2281.0
16103.0,41519.0,9256.0,4243.0,2238.0,3404.0,6786.0,7797.0,5708.0,12242.0,2327.0
16771.0,42518.0,9418.0,4413.0,2294.0,3476.0,7240.0,7924.0,5909.0,12377.0,2366.0
17370.0,43685.0,9621.0,4559.0,2311.0,3513.0,7549.0,8132.0,6003.0,12581.0,2397.0
18006.0,45128.0,9779.0,4700.0,2378.0,3543.0,7960.0,8307.0,6107.0,12769.0,2395.0
18534.0,46337.0,9966.0,4816.0,2402.0,3488.0,8208.0,8436.0,6215.0,12905.0,2434.0
18753.0,47783.0,10258.0,4906.0,2414.0,3419.0,8494.0,8565.0,6285.0,13128.0,2503.0
18546.0,49164.0,10296.0,4983.0,2405.0,3340.0,8680.0,8712.0,6275.0,13322.0,2519.0
18005.0,49638.0,10074.0,4965.0,2352.0,3309.0,8739.0,8712.0,6087.0,13447.0,2534.0
17329.0,49351.0,9860.0,4852.0,2294.0,3192.0,8627.0,8618.0,5856.0,13341.0,2468.0
16170.0,47957.0,9532.0,4697.0,2159.0,2953.0,8288.0,8409.0,5554.0,13129.0,2426.0
14803.0,47158.0,8921.0,4414.0,2020.0,2745.0,8092.0,8175.0,5078.0,12906.0,2321.0
13554.0,45027.0,8315.0,4003.0,1839.0,2541.0,7647.0,7638.0,4604.0,12387.0,2212.0
12733.0,40636.0,7838.0,3656.0,1735.0,2414.0,7008.0,6969.0,4206.0,11435.0,2174.0
11979.0,36590.0,7554.0,3418.0,1649.0,2341.0,6460.0,6363.0,4029.0,10469.0,2127.0
11337.0,33275.0,7272.0,3225.0,1618.0,2301.0,5841.0,5901.0,3842.0,9681.0,2100.0
10863.0,31755.0,7082.0,3107.0,1609.0,2284.0,5419.0,5615.0,3759.0,9240.0,2020.0
10818.0,30198.0,7040.0,3062.0,1615.0,2335.0,5172.0,5485.0,3795.0,8948.0,2045.0
10983.0,29211.0,7204.0,3100.0,1670.0,2410.0,4907.0,5484.0,3943.0,8857.0,2054.0
10862.0,29359.0,7479.0,3241.0,1803.0,2579.0,4833.0,5657.0,4257.0,9021.0,2103.0
11831.0,30313.0,7827.0,3487.0,1951.0,2778.0,4776.0,6038.0,4623.0,9512.0,2154.0
12816.0,32370.0,8373.0,3784.0,2077.0,2984.0,4793.0,6575.0,4940.0,10340.0,2212.0
13833.0,35192.0,8574.0,4016.0,2133.0,3135.0,5232.0,7003.0,5234.0,11183.0,2232.0
14855.0,38297.0,8854.0,4191.0,2194.0,3263.0,5815.0,7451.0,5523.0,11843.0,2296.0
15758.0,40023.0,9066.0,4344.0,2220.0,3372.0,6295.0,7745.0,5746.0,12196.0,2319.0
16632.0,41138.0,9237.0,4519.0,2267.0,3458.0,6776.0,7888.0,5967.0,12343.0,2369.0
17520.0,42031.0,9614.0,4704.0,2296.0,3526.0,7252.0,8023.0,6194.0,12498.0,2436.0
18196.0,42942.0,9883.0,4856.0,2339.0,3474.0,7618.0,8242.0,6258.0,12637.0,2433.0
18758.0,43998.0,10197.0,4983.0,2366.0,3353.0,7976.0,8351.0,6347.0,12898.0,2464.0
19175.0,45030.0,10493.0,5076.0,2381.0,3265.0,8287.0,8495.0,6492.0,13020.0,2471.0
19217.0,46626.0,10792.0,5100.0,2405.0,3209.0,8523.0,8645.0,6518.0,13229.0,2529.0
18724.0,47855.0,10867.0,5165.0,2380.0,3137.0,8661.0,8737.0,6474.0,13371.0,2565.0
18069.0,48361.0,10602.0,5094.0,2331.0,3153.0,8702.0,8722.0,6303.0,13415.0,2549.0
17480.0,48280.0,10359.0,4976.0,2272.0,3061.0,8600.0,8617.0,6144.0,13360.0,2536.0
16312.0,46999.0,10037.0,4791.0,2139.0,2861.0,8239.0,8405.0,5757.0,13153.0,2480.0
15391.0,46450.0,9411.0,4507.0,1978.0,2640.0,8021.0,8114.0,5255.0,12938.0,2380.0
14173.0,44392.0,8708.0,4166.0,1833.0,2475.0,7514.0,7543.0,4824.0,12392.0,2266.0
13110.0,40588.0,8096.0,3801.0,1715.0,2350.0,6869.0,6930.0,4433.0,11455.0,2217.0
12341.0,36632.0,7691.0,3540.0,1626.0,2278.0,6286.0,6318.0,4209.0,10368.0,2111.0
11737.0,33344.0,7306.0,3348.0,1593.0,2230.0,5702.0,5882.0,4051.0,9604.0,2010.0
11344.0,31113.0,7060.0,3230.0,1582.0,2235.0,5343.0,5595.0,3958.0,9083.0,1994.0
11112.0,29577.0,6950.0,3157.0,1615.0,2279.0,5011.0,5486.0,3955.0,8846.0,1966.0
11176.0,28852.0,7167.0,3185.0,1661.0,2374.0,4818.0,5501.0,4104.0,8808.0,2008.0
10984.0,28948.0,7427.0,3301.0,1801.0,2526.0,4714.0,5703.0,4406.0,8988.0,2075.0
11907.0,29932.0,7897.0,3512.0,1905.0,2717.0,4610.0,6068.0,4685.0,9435.0,2119.0
13106.0,31629.0,8393.0,3789.0,2017.0,2935.0,4697.0,6563.0,4944.0,10293.0,2182.0
14103.0,34650.0,8697.0,4029.0,2071.0,3092.0,5103.0,6953.0,5215.0,11131.0,2193.0
15101.0,37787.0,9148.0,4219.0,2089.0,3206.0,5610.0,7339.0,5366.0,11804.0,2241.0
16087.0,39429.0,9444.0,4366.0,2111.0,3278.0,6054.0,7574.0,5529.0,12123.0,2262.0
17039.0,40506.0,9647.0,4498.0,2141.0,3356.0,6487.0,7652.0,5766.0,12205.0,2291.0
17819.0,41240.0,9786.0,4634.0,2199.0,3409.0,6789.0,7680.0,5892.0,12299.0,2345.0
18451.0,42057.0,9667.0,4733.0,2217.0,3413.0,7171.0,7739.0,5965.0,12304.0,2335.0
19068.0,43148.0,9316.0,4854.0,2249.0,3448.0,7525.0,7770.0,6059.0,12327.0,2326.0
19471.0,44098.0,9210.0,4956.0,2233.0,3387.0,7891.0,7760.0,6106.0,12343.0,2338.0
19596.0,45539.0,9371.0,5018.0,2224.0,3370.0,8207.0,7817.0,6113.0,12433.0,2389.0
19304.0,46745.0,9294.0,5053.0,2194.0,3279.0,8367.0,7826.0,6082.0,12512.0,2426.0
18629.0,47468.0,9178.0,4987.0,2146.0,3282.0,8504.0,7814.0,5910.0,12526.0,2413.0
17954.0,47408.0,9163.0,4859.0,2129.0,3174.0,8439.0,7772.0,5746.0,12543.0,2397.0
16777.0,46253.0,8960.0,4664.0,2015.0,2982.0,8077.0,7636.0,5461.0,12334.0,2366.0
15928.0,45693.0,8583.0,4417.0,1860.0,2763.0,7799.0,7473.0,5078.0,12134.0,2289.0
14763.0,43998.0,8103.0,4078.0,1742.0,2578.0,7326.0,7261.0,4587.0,12038.0,2232.0
13519.0,40453.0,7711.0,3739.0,1656.0,2448.0,6757.0,6767.0,4299.0,11286.0,2176.0
12714.0,36541.0,7344.0,3456.0,1595.0,2360.0,6153.0,6271.0,4048.0,10449.0,2107.0
12132.0,33401.0,7137.0,3278.0,1519.0,2282.0,5579.0,5843.0,3868.0,9699.0,2050.0
11617.0,31139.0,6896.0,3125.0,1501.0,2231.0,5187.0,5569.0,3772.0,9197.0,1982.0
11386.0,29635.0,6741.0,3027.0,1497.0,2237.0,4819.0,5442.0,3689.0,8941.0,1945.0
11144.0,28576.0,6756.0,2983.0,1492.0,2249.0,4592.0,5362.0,3680.0,8810.0,1940.0
10584.0,28120.0,6824.0,2996.0,1582.0,2365.0,4449.0,5345.0,3783.0,8761.0,1954.0
11031.0,28228.0,6972.0,3116.0,1713.0,2589.0,4304.0,5452.0,4096.0,8879.0,1973.0
11761.0,28445.0,7314.0,3347.0,1814.0,2766.0,4149.0,5796.0,4459.0,9287.0,2058.0
12612.0,29947.0,7834.0,3590.0,1906.0,2922.0,4435.0,6245.0,4832.0,9944.0,2160.0
13408.0,31936.0,8228.0,3799.0,1978.0,3085.0,4937.0,6627.0,5078.0,10585.0,2227.0
14057.0,34138.0,8602.0,3970.0,2031.0,3200.0,5434.0,6977.0,5271.0,11154.0,2257.0
14618.0,36171.0,8888.0,4112.0,2118.0,3309.0,5972.0,7199.0,5501.0,11400.0,2272.0
15172.0,37870.0,9206.0,4269.0,2170.0,3371.0,6433.0,7291.0,5623.0,11546.0,2324.0
15860.0,39502.0,9477.0,4405.0,2226.0,3430.0,6938.0,7422.0,5749.0,11664.0,2359.0
16402.0,40741.0,9615.0,4532.0,2260.0,3443.0,7416.0,7547.0,5882.0,11686.0,2301.0
16533.0,42187.0,9644.0,4657.0,2265.0,3421.0,7820.0,7621.0,5923.0,11775.0,2350.0
16272.0,43712.0,9529.0,4751.0,2249.0,3362.0,8159.0,7708.0,5944.0,11854.0,2387.0
15414.0,45198.0,9413.0,4733.0,2234.0,3236.0,8409.0,7800.0,5757.0,11993.0,2375.0
14729.0,46040.0,9185.0,4687.0,2172.0,3191.0,8555.0,7800.0,5579.0,12183.0,2357.0
13958.0,45800.0,9102.0,4554.0,2148.0,3074.0,8456.0,7674.0,5523.0,12089.0,2382.0
13040.0,44795.0,8933.0,4393.0,2031.0,2887.0,8106.0,7560.0,5207.0,11993.0,2296.0
12790.0,44441.0,8592.0,4192.0,1911.0,2697.0,7837.0,7356.0,4922.0,11838.0,2285.0
12025.0,42728.0,8207.0,3863.0,1801.0,2526.0,7435.0,7064.0,4516.0,11559.0,2201.0
11288.0,39702.0,7743.0,3552.0,1677.0,2370.0,6915.0,6599.0,4178.0,10956.0,2109.0
10716.0,36476.0,7437.0,3341.0,1592.0,2273.0,6368.0,6144.0,3962.0,10162.0,2070.0
10358.0,33247.0,7152.0,3158.0,1538.0,2206.0,5784.0,5770.0,3766.0,9539.0,2004.0
10070.0,30960.0,6931.0,3040.0,1514.0,2171.0,5418.0,5506.0,3681.0,9106.0,1963.0
9895.0,29465.0,6761.0,2959.0,1501.0,2209.0,5080.0,5349.0,3620.0,8806.0,1920.0
9733.0,28295.0,6714.0,2933.0,1488.0,2200.0,4874.0,5239.0,3592.0,8616.0,1904.0
9264.0,27614.0,6677.0,2899.0,1559.0,2284.0,4749.0,5258.0,3666.0,8590.0,1905.0
9997.0,27590.0,6807.0,3008.0,1676.0,2491.0,4572.0,5273.0,3990.0,8640.0,1922.0
11034.0,27561.0,7283.0,3227.0,1776.0,2686.0,4396.0,5561.0,4309.0,8956.0,1993.0
12191.0,29000.0,7714.0,3440.0,1886.0,2896.0,4726.0,6021.0,4637.0,9662.0,2074.0
13414.0,30413.0,8230.0,3647.0,1964.0,3060.0,5260.0,6437.0,4909.0,10298.0,2146.0
14433.0,32382.0,8681.0,3828.0,2041.0,3214.0,5787.0,6722.0,5113.0,10879.0,2181.0
15310.0,34354.0,9154.0,3981.0,2110.0,3315.0,6248.0,6937.0,5269.0,11162.0,2210.0
16014.0,36296.0,9479.0,4154.0,2195.0,3401.0,6709.0,7055.0,5408.0,11402.0,2241.0
16386.0,38289.0,9720.0,4314.0,2239.0,3448.0,7217.0,7129.0,5602.0,11587.0,2318.0
16644.0,40173.0,9843.0,4468.0,2282.0,3514.0,7558.0,7280.0,5759.0,11652.0,2337.0
16687.0,42103.0,9759.0,4612.0,2325.0,3509.0,7804.0,7429.0,5880.0,11777.0,2357.0
16034.0,43984.0,9788.0,4744.0,2322.0,3475.0,7973.0,7543.0,5891.0,11920.0,2403.0
14947.0,45850.0,9571.0,4784.0,2275.0,3372.0,8143.0,7694.0,5778.0,12235.0,2386.0
14353.0,46917.0,9419.0,4745.0,2238.0,3295.0,8225.0,7741.0,5627.0,12415.0,2395.0
13532.0,46932.0,9352.0,4626.0,2199.0,3182.0,8068.0,7705.0,5530.0,12464.0,2408.0
12780.0,45788.0,9166.0,4475.0,2086.0,2944.0,7855.0,7611.0,5270.0,12296.0,2373.0
12414.0,45526.0,8693.0,4182.0,1935.0,2718.0,7809.0,7481.0,4865.0,12225.0,2269.0
11599.0,43784.0,8156.0,3845.0,1775.0,2535.0,7557.0,6915.0,4454.0,11598.0,2190.0
10721.0,40189.0,7615.0,3497.0,1676.0,2404.0,7241.0,6365.0,4122.0,10804.0,2105.0
10320.0,36765.0,7403.0,3274.0,1587.0,2308.0,6724.0,5876.0,3925.0,9878.0,2064.0
9943.0,33600.0,7075.0,3126.0,1555.0,2257.0,6185.0,5588.0,3792.0,9296.0,1991.0
9785.0,31350.0,6954.0,3010.0,1519.0,2257.0,5756.0,5347.0,3752.0,8882.0,1966.0
9897.0,29837.0,6930.0,2982.0,1554.0,2327.0,5469.0,5269.0,3792.0,8621.0,1954.0
10208.0,29010.0,7109.0,3039.0,1644.0,2413.0,5259.0,5307.0,3889.0,8655.0,1986.0
10233.0,29296.0,7422.0,3177.0,1805.0,2588.0,5201.0,5520.0,4248.0,8915.0,2057.0
11061.0,30595.0,7900.0,3430.0,1922.0,2821.0,5235.0,5957.0,4726.0,9424.0,2123.0
11905.0,32293.0,8389.0,3721.0,2043.0,3049.0,5244.0,6529.0,5039.0,10313.0,2208.0
12818.0,35698.0,8663.0,3968.0,2138.0,3248.0,5570.0,6988.0,5285.0,11126.0,2215.0
13632.0,39249.0,8896.0,4140.0,2206.0,3385.0,6139.0,7408.0,5522.0,11840.0,2279.0
14385.0,41561.0,9149.0,4306.0,2269.0,3511.0,6582.0,7650.0,5726.0,12168.0,2292.0
15063.0,43274.0,9419.0,4446.0,2336.0,3604.0,6978.0,7785.0,5957.0,12310.0,2341.0
15565.0,44812.0,9734.0,4585.0,2393.0,3693.0,7332.0,7908.0,6126.0,12409.0,2379.0
15999.0,46571.0,9678.0,4717.0,2475.0,3754.0,7566.0,7987.0,6206.0,12534.0,2382.0
16376.0,48549.0,9665.0,4877.0,2497.0,3804.0,7761.0,8102.0,6305.0,12619.0,2456.0
16725.0,50225.0,9436.0,4967.0,2508.0,3787.0,7976.0,8120.0,6369.0,12656.0,2440.0
16813.0,51931.0,9513.0,5031.0,2508.0,3727.0,8133.0,8148.0,6317.0,12686.0,2495.0
16551.0,52932.0,9658.0,5055.0,2503.0,3618.0,8186.0,8178.0,6164.0,12801.0,2488.0
16174.0,53389.0,9557.0,5037.0,2440.0,3565.0,7978.0,8152.0,5939.0,12937.0,2504.0
15757.0,52945.0,9674.0,4896.0,2391.0,3382.0,7699.0,8101.0,5794.0,12968.0,2471.0
14754.0,51412.0,9550.0,4729.0,2244.0,3111.0,7357.0,7993.0,5532.0,12848.0,2429.0
13969.0,50459.0,8951.0,4430.0,2041.0,2875.0,7199.0,7800.0,5074.0,12633.0,2349.0
12859.0,48015.0,8472.0,4051.0,1895.0,2678.0,7064.0,7315.0,4630.0,12127.0,2258.0
11735.0,43476.0,7885.0,3694.0,1750.0,2519.0,6660.0,6700.0,4277.0,11158.0,2190.0
11079.0,38877.0,7537.0,3426.0,1684.0,2435.0,6139.0,6128.0,4062.0,10257.0,2133.0
10577.0,35232.0,7253.0,3248.0,1618.0,2363.0,5643.0,5789.0,3908.0,9544.0,2079.0
10331.0,32935.0,7078.0,3123.0,1603.0,2341.0,5327.0,5533.0,3791.0,9148.0,2041.0
10357.0,31213.0,7082.0,3079.0,1635.0,2409.0,5148.0,5402.0,3839.0,8898.0,2010.0
10560.0,29958.0,7242.0,3105.0,1684.0,2487.0,5003.0,5436.0,4014.0,8883.0,2056.0
10443.0,29984.0,7499.0,3243.0,1823.0,2661.0,4967.0,5660.0,4240.0,9175.0,2092.0
11363.0,31319.0,7863.0,3476.0,1967.0,2884.0,4975.0,6023.0,4624.0,9664.0,2135.0
12265.0,33307.0,8336.0,3740.0,2111.0,3102.0,5043.0,6505.0,4942.0,10418.0,2211.0
13161.0,36696.0,8685.0,3950.0,2164.0,3287.0,5320.0,6981.0,5165.0,11206.0,2230.0
14047.0,40291.0,8986.0,4116.0,2260.0,3426.0,5614.0,7341.0,5323.0,11780.0,2257.0
14817.0,42669.0,9352.0,4266.0,2291.0,3539.0,5650.0,7576.0,5445.0,12114.0,2268.0
15613.0,44383.0,9619.0,4385.0,2360.0,3650.0,5980.0,7664.0,5689.0,12230.0,2316.0
16221.0,45727.0,9827.0,4537.0,2397.0,3675.0,6166.0,7767.0,5832.0,12273.0,2349.0
16715.0,47191.0,9790.0,4680.0,2445.0,3732.0,6324.0,7908.0,5929.0,12395.0,2390.0
17112.0,48867.0,9908.0,4834.0,2497.0,3761.0,6459.0,7990.0,6157.0,12482.0,2426.0
17312.0,50568.0,10148.0,4943.0,2503.0,3718.0,6605.0,8078.0,6300.0,12508.0,2469.0
17153.0,52228.0,10417.0,5011.0,2489.0,3706.0,6886.0,8234.0,6297.0,12687.0,2530.0
16516.0,53499.0,10460.0,4991.0,2457.0,3606.0,6976.0,8302.0,6232.0,12868.0,2543.0
15754.0,54118.0,10276.0,5010.0,2413.0,3561.0,6975.0,8311.0,6084.0,13039.0,2542.0
15409.0,53555.0,10248.0,4879.0,2325.0,3414.0,6885.0,8186.0,5941.0,12987.0,2524.0
14613.0,51856.0,9912.0,4710.0,2191.0,3154.0,6854.0,8087.0,5626.0,12815.0,2482.0
14012.0,50897.0,9235.0,4425.0,2003.0,2884.0,6843.0,7896.0,5157.0,12618.0,2401.0
12948.0,47982.0,8597.0,4047.0,1837.0,2650.0,6661.0,7405.0,4717.0,12124.0,2287.0
12014.0,43569.0,7987.0,3751.0,1723.0,2499.0,6291.0,6770.0,4337.0,11205.0,2201.0
11243.0,38863.0,7575.0,3451.0,1655.0,2405.0,5855.0,6240.0,4125.0,10260.0,2125.0
10839.0,35187.0,7266.0,3231.0,1609.0,2352.0,5405.0,5810.0,3961.0,9501.0,2079.0
10496.0,32620.0,7111.0,3137.0,1599.0,2331.0,5076.0,5527.0,3899.0,9072.0,2017.0
10462.0,30827.0,7100.0,3105.0,1615.0,2379.0,4878.0,5422.0,3917.0,8829.0,1998.0
10520.0,30323.0,7245.0,3151.0,1692.0,2465.0,4743.0,5430.0,4076.0,8806.0,2081.0
10882.0,30381.0,7525.0,3279.0,1815.0,2645.0,4704.0,5701.0,4317.0,9152.0,2111.0
11846.0,31500.0,7952.0,3488.0,1952.0,2874.0,4729.0,6055.0,4760.0,9582.0,2181.0
12904.0,33435.0,8495.0,3733.0,2080.0,3092.0,4785.0,6595.0,5128.0,10477.0,2223.0
13880.0,36603.0,8844.0,3965.0,2173.0,3272.0,5084.0,7058.0,5371.0,11168.0,2254.0
14790.0,40149.0,9251.0,4106.0,2203.0,3396.0,5436.0,7411.0,5578.0,11767.0,2312.0
15341.0,42616.0,9494.0,4233.0,2221.0,3510.0,5651.0,7624.0,5716.0,12049.0,2314.0
15784.0,44298.0,9745.0,4361.0,2269.0,3624.0,5944.0,7705.0,5896.0,12131.0,2360.0
16351.0,45615.0,9756.0,4490.0,2296.0,3720.0,6234.0,7794.0,5997.0,12226.0,2394.0
16856.0,46845.0,9643.0,4613.0,2369.0,3771.0,6536.0,7888.0,6145.0,12325.0,2412.0
17440.0,48696.0,9601.0,4760.0,2408.0,3785.0,6885.0,8042.0,6279.0,12483.0,2468.0
17833.0,50489.0,9558.0,4864.0,2419.0,3772.0,7240.0,8087.0,6373.0,12560.0,2454.0
17987.0,52376.0,9542.0,4941.0,2417.0,3670.0,7563.0,8164.0,6373.0,12701.0,2511.0
17686.0,53748.0,9394.0,5002.0,2382.0,3571.0,7683.0,8251.0,6319.0,12927.0,2534.0
17227.0,54277.0,9316.0,4944.0,2366.0,3517.0,7695.0,8268.0,6082.0,12991.0,2524.0
16880.0,54037.0,9469.0,4809.0,2286.0,3352.0,7574.0,8173.0,5951.0,12970.0,2517.0
15826.0,52378.0,9218.0,4645.0,2173.0,3102.0,7425.0,8067.0,5634.0,12807.0,2456.0
14504.0,51327.0,8585.0,4381.0,1983.0,2865.0,7336.0,7857.0,5168.0,12577.0,2370.0
13218.0,48360.0,8129.0,4006.0,1815.0,2650.0,7034.0,7381.0,4697.0,12112.0,2262.0
12159.0,43781.0,7702.0,3652.0,1718.0,2506.0,6491.0,6730.0,4322.0,11110.0,2181.0
11393.0,39217.0,7347.0,3398.0,1621.0,2401.0,5981.0,6177.0,4072.0,10196.0,2113.0
10844.0,35746.0,7086.0,3254.0,1582.0,2356.0,5490.0,5752.0,3919.0,9519.0,2052.0
10464.0,33242.0,6894.0,3125.0,1571.0,2334.0,5136.0,5508.0,3834.0,9023.0,2006.0
10393.0,31401.0,6846.0,3075.0,1572.0,2396.0,4883.0,5407.0,3902.0,8829.0,1983.0
10471.0,30394.0,7093.0,3130.0,1645.0,2474.0,4717.0,5394.0,4074.0,8779.0,2020.0
10720.0,30375.0,7430.0,3274.0,1775.0,2649.0,4716.0,5634.0,4361.0,9027.0,2091.0
11783.0,31276.0,7826.0,3472.0,1876.0,2857.0,4704.0,6017.0,4727.0,9522.0,2148.0
12832.0,33443.0,8298.0,3735.0,2000.0,3115.0,4774.0,6512.0,5073.0,10305.0,2222.0
13915.0,36574.0,8573.0,3943.0,2098.0,3308.0,5180.0,6986.0,5333.0,11109.0,2225.0
14991.0,40294.0,8836.0,4083.0,2133.0,3461.0,5736.0,7364.0,5566.0,11743.0,2291.0
15986.0,42749.0,8985.0,4197.0,2184.0,3572.0,6198.0,7613.0,5724.0,12002.0,2312.0
16685.0,44680.0,9123.0,4282.0,2222.0,3683.0,6523.0,7710.0,5910.0,12137.0,2300.0
17436.0,46208.0,9333.0,4413.0,2272.0,3754.0,6855.0,7792.0,6038.0,12136.0,2350.0
18169.0,47565.0,9578.0,4513.0,2279.0,3820.0,7277.0,7908.0,6159.0,12256.0,2368.0
18676.0,49481.0,9738.0,4636.0,2322.0,3845.0,7674.0,8043.0,6299.0,12355.0,2428.0
19011.0,51431.0,9757.0,4700.0,2310.0,3817.0,8026.0,8129.0,6360.0,12468.0,2440.0
18950.0,53288.0,9722.0,4767.0,2306.0,3736.0,8327.0,8179.0,6366.0,12608.0,2503.0
18576.0,54356.0,9606.0,4789.0,2265.0,3654.0,8569.0,8235.0,6270.0,12707.0,2529.0
18130.0,54737.0,9424.0,4701.0,2213.0,3608.0,8661.0,8198.0,6112.0,12832.0,2508.0
17575.0,54255.0,9539.0,4577.0,2161.0,3396.0,8614.0,8140.0,5928.0,12754.0,2488.0
16554.0,52633.0,9359.0,4440.0,2037.0,3108.0,8318.0,7994.0,5546.0,12591.0,2401.0
15134.0,51677.0,8750.0,4198.0,1883.0,2843.0,8159.0,7761.0,5082.0,12486.0,2334.0
13823.0,48664.0,8147.0,3847.0,1756.0,2637.0,7752.0,7299.0,4632.0,11988.0,2227.0
12693.0,44182.0,7593.0,3543.0,1639.0,2488.0,7220.0,6725.0,4207.0,11178.0,2129.0
11890.0,39574.0,7306.0,3316.0,1555.0,2387.0,6689.0,6153.0,3968.0,10226.0,2092.0
11276.0,35463.0,7085.0,3152.0,1512.0,2348.0,6133.0,5730.0,3823.0,9430.0,2023.0
10808.0,32952.0,6820.0,3054.0,1488.0,2334.0,5752.0,5467.0,3705.0,8966.0,1972.0
10747.0,31144.0,6794.0,3003.0,1532.0,2392.0,5435.0,5366.0,3754.0,8728.0,1996.0
10766.0,30341.0,7060.0,3051.0,1600.0,2471.0,5221.0,5346.0,3932.0,8643.0,2017.0
11013.0,30233.0,7273.0,3173.0,1728.0,2624.0,5093.0,5603.0,4176.0,8963.0,2057.0
11960.0,31466.0,7595.0,3400.0,1860.0,2828.0,5091.0,5993.0,4546.0,9416.0,2102.0
13093.0,33326.0,8083.0,3656.0,1953.0,3067.0,5124.0,6500.0,4854.0,10347.0,2195.0
14165.0,36361.0,8433.0,3858.0,2011.0,3228.0,5545.0,6967.0,5082.0,11161.0,2190.0
15264.0,39828.0,8745.0,3958.0,2005.0,3357.0,6126.0,7346.0,5303.0,11868.0,2236.0
16275.0,42032.0,8967.0,4071.0,1988.0,3452.0,6672.0,7608.0,5419.0,12132.0,2252.0
16999.0,43646.0,9276.0,4155.0,2006.0,3559.0,7123.0,7717.0,5640.0,12224.0,2295.0
17758.0,44850.0,9584.0,4238.0,2006.0,3627.0,7445.0,7848.0,5768.0,12262.0,2269.0
18500.0,45911.0,9802.0,4352.0,2031.0,3653.0,7892.0,8028.0,5924.0,12408.0,2291.0
19127.0,47279.0,10081.0,4437.0,2043.0,3575.0,8227.0,8251.0,6029.0,12621.0,2329.0
19497.0,48666.0,10164.0,4497.0,2044.0,3462.0,8523.0,8404.0,6110.0,12695.0,2340.0
19391.0,49790.0,10170.0,4548.0,2028.0,3370.0,8858.0,8548.0,6106.0,12878.0,2350.0
19013.0,50366.0,10003.0,4600.0,2029.0,3300.0,8963.0,8543.0,6038.0,13031.0,2341.0
18483.0,50772.0,9731.0,4552.0,2009.0,3276.0,8931.0,8518.0,5863.0,13118.0,2329.0
17944.0,50269.0,9584.0,4427.0,1999.0,3162.0,8685.0,8340.0,5675.0,12953.0,2298.0
16852.0,48822.0,9250.0,4261.0,1925.0,2966.0,8351.0,8156.0,5360.0,12785.0,2213.0
15484.0,48272.0,8635.0,4052.0,1799.0,2757.0,8210.0,7911.0,4948.0,12525.0,2138.0
14167.0,45744.0,8118.0,3765.0,1673.0,2578.0,7857.0,7553.0,4540.0,12273.0,2072.0
12987.0,42132.0,7466.0,3470.0,1583.0,2408.0,7316.0,6988.0,4153.0,11378.0,2010.0
12075.0,38146.0,7009.0,3228.0,1518.0,2334.0,6789.0,6385.0,3876.0,10513.0,1945.0
11288.0,34756.0,6811.0,3091.0,1488.0,2253.0,6237.0,5914.0,3688.0,9705.0,1910.0
10816.0,32246.0,6566.0,2974.0,1469.0,2196.0,5837.0,5603.0,3588.0,9224.0,1901.0
10531.0,30678.0,6468.0,2911.0,1471.0,2248.0,5515.0,5414.0,3575.0,8913.0,1850.0
10220.0,29567.0,6467.0,2860.0,1481.0,2252.0,5270.0,5339.0,3577.0,8708.0,1876.0
10042.0,28935.0,6570.0,2897.0,1530.0,2345.0,5122.0,5314.0,3633.0,8703.0,1864.0
10983.0,29336.0,6645.0,3033.0,1639.0,2510.0,4958.0,5405.0,3898.0,8787.0,1932.0
12236.0,29873.0,6968.0,3234.0,1740.0,2741.0,4813.0,5754.0,4229.0,9256.0,2012.0
13620.0,31075.0,7209.0,3426.0,1789.0,2941.0,5078.0,6261.0,4534.0,10042.0,2048.0
15076.0,33216.0,7570.0,3609.0,1856.0,3119.0,5622.0,6731.0,4796.0,10793.0,2140.0
16145.0,35537.0,7668.0,3763.0,1856.0,3248.0,6178.0,7157.0,5034.0,11399.0,2193.0
17011.0,37579.0,7889.0,3897.0,1905.0,3345.0,6733.0,7512.0,5320.0,11769.0,2225.0
17839.0,39301.0,8108.0,4075.0,1956.0,3444.0,7157.0,7819.0,5523.0,12095.0,2275.0
18538.0,40985.0,8342.0,4219.0,1963.0,3501.0,7591.0,8065.0,5674.0,12361.0,2315.0
19234.0,42110.0,8545.0,4355.0,2034.0,3554.0,7977.0,8290.0,5885.0,12583.0,2332.0
19779.0,43585.0,8842.0,4490.0,2074.0,3537.0,8235.0,8501.0,6000.0,12795.0,2324.0
19778.0,44669.0,9138.0,4603.0,2102.0,3513.0,8363.0,8665.0,6034.0,13016.0,2350.0
19172.0,45761.0,9165.0,4620.0,2089.0,3398.0,8527.0,8715.0,5993.0,13209.0,2373.0
18599.0,45932.0,9042.0,4575.0,2086.0,3339.0,8453.0,8788.0,5830.0,13422.0,2341.0
17902.0,45376.0,8911.0,4465.0,2066.0,3195.0,8263.0,8645.0,5703.0,13303.0,2335.0
16711.0,44548.0,8691.0,4309.0,1963.0,2972.0,7989.0,8505.0,5383.0,13108.0,2284.0
15458.0,44696.0,8144.0,4084.0,1826.0,2765.0,7943.0,8292.0,4940.0,12889.0,2203.0
14339.0,43038.0,7787.0,3774.0,1716.0,2593.0,7560.0,7807.0,4561.0,12499.0,2140.0
13169.0,40032.0,7392.0,3487.0,1605.0,2450.0,7067.0,7214.0,4191.0,11642.0,2082.0
12310.0,36728.0,7074.0,3246.0,1527.0,2330.0,6551.0,6643.0,3953.0,10742.0,2042.0
11651.0,33688.0,6903.0,3076.0,1491.0,2260.0,6139.0,6158.0,3755.0,9972.0,2000.0
11167.0,31173.0,6673.0,2962.0,1481.0,2223.0,5763.0,5826.0,3638.0,9482.0,1954.0
10793.0,29650.0,6603.0,2882.0,1443.0,2215.0,5429.0,5592.0,3558.0,9151.0,1945.0
10595.0,28447.0,6602.0,2852.0,1462.0,2222.0,5178.0,5432.0,3552.0,8878.0,1947.0
10518.0,27916.0,6617.0,2855.0,1510.0,2291.0,4986.0,5413.0,3632.0,8832.0,1947.0
11060.0,27909.0,6625.0,2958.0,1573.0,2460.0,4822.0,5429.0,3887.0,8851.0,1956.0
11871.0,28231.0,6961.0,3167.0,1673.0,2656.0,4622.0,5723.0,4236.0,9237.0,2044.0
13106.0,29294.0,7298.0,3370.0,1774.0,2823.0,4875.0,6151.0,4556.0,9896.0,2098.0
14379.0,30850.0,7703.0,3596.0,1863.0,2998.0,5420.0,6671.0,4880.0,10738.0,2182.0
15365.0,33250.0,8070.0,3816.0,1922.0,3140.0,6033.0,7078.0,5180.0,11422.0,2240.0
15965.0,35813.0,8525.0,4009.0,1997.0,3232.0,6664.0,7450.0,5443.0,11923.0,2292.0
16795.0,37993.0,8914.0,4222.0,2080.0,3309.0,6953.0,7691.0,5692.0,12243.0,2348.0
17549.0,40226.0,9348.0,4418.0,2156.0,3361.0,7458.0,7982.0,5828.0,12579.0,2422.0
18386.0,42381.0,9720.0,4580.0,2244.0,3411.0,7888.0,8177.0,6059.0,12853.0,2440.0
19012.0,44448.0,10011.0,4715.0,2325.0,3418.0,8170.0,8430.0,6137.0,13080.0,2472.0
19284.0,46443.0,10262.0,4816.0,2328.0,3392.0,8335.0,8558.0,6112.0,13272.0,2507.0
18730.0,48259.0,10194.0,4798.0,2354.0,3282.0,8600.0,8667.0,5944.0,13528.0,2493.0
18210.0,49160.0,10022.0,4719.0,2280.0,3262.0,8725.0,8755.0,5808.0,13735.0,2505.0
17718.0,48918.0,9968.0,4595.0,2241.0,3141.0,8517.0,8638.0,5592.0,13643.0,2485.0
16469.0,47801.0,9698.0,4475.0,2109.0,2970.0,8206.0,8507.0,5266.0,13510.0,2432.0
15214.0,47517.0,9111.0,4248.0,1941.0,2732.0,8066.0,8275.0,4840.0,13310.0,2341.0
14105.0,45333.0,8587.0,3935.0,1769.0,2578.0,7682.0,7652.0,4481.0,12584.0,2252.0
13069.0,41396.0,8118.0,3642.0,1634.0,2440.0,7170.0,6994.0,4202.0,11589.0,2189.0
12431.0,37371.0,7682.0,3439.0,1545.0,2352.0,6622.0,6483.0,4053.0,10682.0,2128.0
11895.0,33864.0,7461.0,3302.0,1535.0,2310.0,6077.0,6113.0,3921.0,9925.0,2079.0
11493.0,31479.0,7293.0,3214.0,1512.0,2299.0,5700.0,5862.0,3870.0,9413.0,2056.0
11437.0,30096.0,7262.0,3199.0,1554.0,2343.0,5352.0,5704.0,3908.0,9137.0,2034.0
11659.0,29313.0,7500.0,3243.0,1639.0,2440.0,5188.0,5714.0,4102.0,9086.0,2084.0
11979.0,29254.0,7747.0,3377.0,1766.0,2609.0,5147.0,5949.0,4364.0,9412.0,2131.0
12956.0,30494.0,8166.0,3594.0,1900.0,2817.0,5243.0,6340.0,4774.0,9872.0,2201.0
14097.0,32809.0,8777.0,3921.0,2017.0,3052.0,5388.0,6898.0,5167.0,10734.0,2284.0
15152.0,36329.0,9189.0,4187.0,2080.0,3201.0,5680.0,7452.0,5466.0,11582.0,2277.0
16410.0,40210.0,9666.0,4390.0,2155.0,3327.0,6066.0,7906.0,5691.0,12246.0,2357.0
17244.0,43008.0,10002.0,4607.0,2201.0,3427.0,6399.0,8274.0,5900.0,12682.0,2401.0
18088.0,45201.0,10213.0,4743.0,2271.0,3505.0,6666.0,8464.0,6106.0,12830.0,2432.0
18885.0,47162.0,10397.0,4881.0,2333.0,3580.0,6895.0,8697.0,6300.0,13064.0,2481.0
19586.0,49199.0,10411.0,4966.0,2380.0,3645.0,7228.0,8946.0,6378.0,13289.0,2500.0
20259.0,51530.0,10341.0,5056.0,2386.0,3679.0,7772.0,9079.0,6458.0,13489.0,2542.0
20893.0,53554.0,10193.0,5128.0,2398.0,3656.0,8184.0,9211.0,6524.0,13633.0,2543.0
20909.0,55465.0,10268.0,5198.0,2374.0,3617.0,8545.0,9321.0,6518.0,13863.0,2600.0
20491.0,56808.0,10264.0,5183.0,2358.0,3563.0,8777.0,9354.0,6429.0,14026.0,2600.0
20157.0,57342.0,10175.0,5115.0,2316.0,3511.0,8864.0,9316.0,6229.0,14171.0,2580.0
15025.0,49403.0,7971.0,3726.0,1939.0,2571.0,7217.0,7998.0,4976.0,12460.0,2104.0
13988.0,49634.0,7589.0,3579.0,1795.0,2354.0,7136.0,7882.0,4534.0,12488.0,1995.0
12930.0,47895.0,7066.0,3301.0,1670.0,2140.0,6776.0,7399.0,4153.0,12037.0,1922.0
11795.0,44251.0,6575.0,3000.0,1561.0,2005.0,6243.0,6753.0,3854.0,11086.0,1845.0
10834.0,39804.0,6166.0,2787.0,1474.0,1954.0,5728.0,6114.0,3603.0,10069.0,1783.0
10172.0,35625.0,5913.0,2616.0,1444.0,1851.0,5205.0,5672.0,3464.0,9257.0,1767.0
9721.0,32227.0,5771.0,2547.0,1411.0,1865.0,4805.0,5308.0,3379.0,8671.0,1708.0
9446.0,30649.0,5711.0,2493.0,1401.0,1866.0,4487.0,5089.0,3362.0,8356.0,1710.0
9457.0,29229.0,5784.0,2501.0,1466.0,1913.0,4333.0,4999.0,3461.0,8167.0,1774.0
9935.0,28557.0,6154.0,2599.0,1612.0,2065.0,4210.0,5064.0,3734.0,8179.0,1836.0
10118.0,28713.0,6689.0,2876.0,1725.0,2150.0,4202.0,5394.0,4110.0,8549.0,1870.0
10768.0,30080.0,6957.0,3144.0,1801.0,2270.0,4279.0,5995.0,4306.0,9383.0,1869.0
11390.0,33272.0,7303.0,3301.0,1865.0,2423.0,4507.0,6517.0,4515.0,10478.0,1961.0
12207.0,35939.0,7292.0,3342.0,1869.0,2518.0,4661.0,6779.0,4534.0,11033.0,1926.0
13059.0,38578.0,7317.0,3364.0,1856.0,2545.0,5039.0,6960.0,4597.0,11301.0,1909.0
13984.0,40129.0,7470.0,3384.0,1863.0,2618.0,5356.0,7110.0,4672.0,11408.0,1992.0
14857.0,41242.0,7519.0,3451.0,1873.0,2680.0,5578.0,7177.0,4785.0,11372.0,1995.0
15659.0,42168.0,7662.0,3495.0,1886.0,2706.0,6029.0,7262.0,4904.0,11460.0,2042.0
16358.0,43250.0,7732.0,3560.0,1926.0,2745.0,6381.0,7397.0,5041.0,11589.0,2053.0
17033.0,44772.0,7964.0,3642.0,1980.0,2806.0,6769.0,7581.0,5163.0,11727.0,2135.0
17414.0,46264.0,8089.0,3744.0,2009.0,2801.0,7039.0,7703.0,5251.0,11823.0,2141.0
17393.0,47890.0,8253.0,3805.0,2032.0,2762.0,7281.0,7830.0,5245.0,11988.0,2132.0
16999.0,48925.0,8374.0,3840.0,2064.0,2774.0,7429.0,7898.0,5245.0,12183.0,2152.0
16575.0,49087.0,8568.0,3827.0,2096.0,2736.0,7414.0,7875.0,5272.0,12315.0,2195.0
15503.0,48528.0,8319.0,3828.0,1999.0,2575.0,7280.0,7892.0,5088.0,12421.0,2135.0
14227.0,49037.0,7829.0,3638.0,1845.0,2350.0,7147.0,7820.0,4644.0,12506.0,2048.0
13064.0,47384.0,7228.0,3362.0,1694.0,2157.0,6822.0,7388.0,4205.0,12054.0,1940.0
11876.0,43663.0,6725.0,3055.0,1568.0,2008.0,6291.0,6696.0,3902.0,11077.0,1875.0
11071.0,39130.0,6294.0,2810.0,1507.0,1915.0,5740.0,6086.0,3648.0,10024.0,1824.0
10261.0,35016.0,6026.0,2661.0,1445.0,1866.0,5277.0,5632.0,3489.0,9196.0,1767.0
9769.0,32187.0,5846.0,2575.0,1413.0,1841.0,4772.0,5285.0,3387.0,8650.0,1713.0
9531.0,30050.0,5795.0,2541.0,1413.0,1853.0,4487.0,5081.0,3384.0,8297.0,1728.0
9491.0,28700.0,5871.0,2533.0,1481.0,1917.0,4350.0,5025.0,3469.0,8140.0,1788.0
9910.0,27851.0,6192.0,2633.0,1614.0,2056.0,4214.0,5044.0,3751.0,8130.0,1843.0
10165.0,28172.0,6700.0,2882.0,1726.0,2130.0,4215.0,5376.0,4121.0,8475.0,1877.0
10691.0,29763.0,6941.0,3121.0,1784.0,2247.0,4314.0,5980.0,4332.0,9358.0,1881.0
11439.0,32995.0,7231.0,3291.0,1856.0,2453.0,4496.0,6453.0,4486.0,10368.0,1961.0
12282.0,35588.0,7377.0,3341.0,1854.0,2524.0,4632.0,6775.0,4607.0,10944.0,1964.0
13233.0,38198.0,7435.0,3328.0,1852.0,2587.0,5062.0,6936.0,4671.0,11234.0,1982.0
14188.0,39998.0,7536.0,3323.0,1874.0,2678.0,5385.0,7069.0,4707.0,11296.0,1990.0
15154.0,41226.0,7632.0,3384.0,1868.0,2780.0,5711.0,7022.0,4819.0,11252.0,1986.0
16152.0,42547.0,7750.0,3450.0,1887.0,2828.0,6021.0,7016.0,4945.0,11203.0,2012.0
17009.0,43739.0,7878.0,3513.0,1922.0,2895.0,6386.0,7088.0,5106.0,11248.0,2071.0
17758.0,45418.0,8173.0,3563.0,1959.0,2932.0,6765.0,7199.0,5210.0,11391.0,2130.0
18060.0,47090.0,8309.0,3633.0,1967.0,2915.0,7119.0,7273.0,5297.0,11432.0,2127.0
17878.0,48811.0,8398.0,3677.0,1983.0,2878.0,7410.0,7351.0,5349.0,11632.0,2134.0
17399.0,49802.0,8419.0,3727.0,2003.0,2867.0,7559.0,7412.0,5305.0,11755.0,2139.0
16827.0,49935.0,8492.0,3742.0,2043.0,2792.0,7521.0,7417.0,5299.0,11866.0,2148.0
15662.0,49171.0,8316.0,3735.0,1952.0,2605.0,7341.0,7584.0,5070.0,12041.0,2118.0
14384.0,49665.0,7855.0,3596.0,1795.0,2397.0,7257.0,7548.0,4656.0,12198.0,2023.0
13199.0,47819.0,7228.0,3306.0,1645.0,2183.0,6863.0,7135.0,4229.0,11793.0,1916.0
12019.0,43901.0,6712.0,3025.0,1527.0,2043.0,6359.0,6548.0,3919.0,10875.0,1850.0
10993.0,39268.0,6278.0,2791.0,1443.0,1936.0,5839.0,5996.0,3618.0,9885.0,1807.0
10385.0,35152.0,6024.0,2641.0,1413.0,1880.0,5313.0,5525.0,3495.0,9072.0,1771.0
9862.0,31993.0,5831.0,2550.0,1377.0,1867.0,4871.0,5217.0,3396.0,8548.0,1723.0
9573.0,30026.0,5705.0,2515.0,1377.0,1880.0,4595.0,5030.0,3397.0,8188.0,1706.0
9590.0,28530.0,5797.0,2508.0,1424.0,1930.0,4364.0,4972.0,3425.0,8055.0,1738.0
10081.0,27715.0,6180.0,2617.0,1568.0,2067.0,4249.0,5009.0,3725.0,8034.0,1850.0
10496.0,27904.0,6697.0,2860.0,1699.0,2182.0,4230.0,5352.0,4116.0,8416.0,1870.0
11006.0,29525.0,6933.0,3108.0,1764.0,2291.0,4321.0,5989.0,4366.0,9283.0,1910.0
11511.0,32615.0,7201.0,3252.0,1842.0,2486.0,4538.0,6529.0,4534.0,10298.0,1949.0
12232.0,35334.0,7279.0,3324.0,1872.0,2586.0,4726.0,6761.0,4542.0,10924.0,1940.0
13138.0,38461.0,7325.0,3334.0,1860.0,2691.0,5111.0,6958.0,4559.0,11175.0,1910.0
14153.0,40099.0,7459.0,3331.0,1879.0,2780.0,5405.0,6985.0,4667.0,11146.0,1959.0
15241.0,41676.0,7532.0,3377.0,1898.0,2874.0,5717.0,7004.0,4812.0,11109.0,2003.0
16206.0,43208.0,7724.0,3399.0,1909.0,2887.0,6121.0,6988.0,4956.0,11098.0,2042.0
17029.0,44908.0,7789.0,3419.0,1927.0,2953.0,6600.0,7005.0,5019.0,11021.0,2062.0
17788.0,47420.0,7995.0,3471.0,1950.0,2983.0,6853.0,7038.0,5168.0,11135.0,2100.0
18159.0,49067.0,8188.0,3521.0,1952.0,2958.0,7121.0,7080.0,5240.0,11180.0,2109.0
18029.0,50765.0,8376.0,3569.0,1976.0,2891.0,7354.0,7097.0,5213.0,11296.0,2102.0
17637.0,51739.0,8372.0,3583.0,2017.0,2885.0,7362.0,7141.0,5252.0,11455.0,2142.0
17037.0,51723.0,8522.0,3562.0,2017.0,2847.0,7271.0,7179.0,5190.0,11574.0,2123.0
15919.0,50759.0,8363.0,3555.0,1935.0,2667.0,7167.0,7331.0,4939.0,11869.0,2102.0
14680.0,51211.0,7846.0,3421.0,1806.0,2434.0,7111.0,7313.0,4523.0,12037.0,1977.0
13355.0,49273.0,7277.0,3203.0,1652.0,2237.0,6786.0,6965.0,4105.0,11642.0,1898.0
12033.0,45497.0,6688.0,2964.0,1534.0,2076.0,6263.0,6432.0,3805.0,10804.0,1825.0
11052.0,40715.0,6340.0,2735.0,1462.0,1962.0,5795.0,5872.0,3508.0,9867.0,1775.0
10385.0,36364.0,6075.0,2612.0,1424.0,1887.0,5261.0,5424.0,3358.0,9072.0,1717.0
9947.0,32947.0,5875.0,2553.0,1396.0,1888.0,4837.0,5115.0,3296.0,8513.0,1723.0
9660.0,30792.0,5742.0,2504.0,1401.0,1900.0,4569.0,4945.0,3324.0,8209.0,1697.0
9637.0,29659.0,5820.0,2519.0,1457.0,1932.0,4351.0,4938.0,3431.0,8094.0,1755.0
9964.0,28769.0,6114.0,2612.0,1576.0,2078.0,4230.0,5031.0,3706.0,8114.0,1801.0
10244.0,28941.0,6598.0,2846.0,1716.0,2165.0,4170.0,5353.0,4095.0,8482.0,1867.0
10861.0,30388.0,6796.0,3119.0,1790.0,2289.0,4326.0,5932.0,4252.0,9302.0,1872.0
11704.0,33494.0,7038.0,3255.0,1852.0,2480.0,4480.0,6442.0,4357.0,10422.0,1904.0
12478.0,35888.0,7133.0,3324.0,1860.0,2582.0,4676.0,6694.0,4508.0,11078.0,1922.0
13486.0,38633.0,7156.0,3310.0,1845.0,2649.0,5012.0,6913.0,4536.0,11294.0,1931.0
14487.0,40445.0,7351.0,3325.0,1856.0,2745.0,5378.0,6966.0,4581.0,11345.0,1957.0
15536.0,42346.0,7384.0,3325.0,1900.0,2869.0,5634.0,6931.0,4637.0,11266.0,1964.0
16561.0,44099.0,7544.0,3361.0,1906.0,2921.0,5940.0,6917.0,4756.0,11229.0,1970.0
17379.0,45992.0,7562.0,3403.0,1925.0,2972.0,6306.0,6969.0,4853.0,11217.0,1984.0
17995.0,48267.0,7759.0,3442.0,1959.0,3001.0,6749.0,6933.0,4909.0,11224.0,1990.0
18259.0,49836.0,7864.0,3470.0,1959.0,2965.0,7092.0,6909.0,4981.0,11166.0,2000.0
17963.0,51108.0,8018.0,3524.0,1965.0,2873.0,7409.0,6922.0,4982.0,11258.0,1990.0
17325.0,51472.0,8040.0,3494.0,1974.0,2888.0,7573.0,6920.0,4957.0,11379.0,2002.0
16556.0,51141.0,8152.0,3489.0,1968.0,2809.0,7498.0,6952.0,4954.0,11529.0,2019.0
15457.0,50330.0,7925.0,3483.0,1885.0,2644.0,7251.0,7066.0,4783.0,11640.0,1962.0
14257.0,50736.0,7530.0,3337.0,1761.0,2423.0,7163.0,7005.0,4385.0,11665.0,1910.0
13288.0,48523.0,7007.0,3140.0,1599.0,2221.0,6749.0,6659.0,4050.0,11186.0,1815.0
12029.0,45183.0,6482.0,2918.0,1495.0,2083.0,6312.0,6323.0,3761.0,10687.0,1764.0
11144.0,41152.0,6132.0,2739.0,1417.0,1978.0,5847.0,5855.0,3495.0,9906.0,1686.0
10533.0,36878.0,5878.0,2576.0,1369.0,1902.0,5406.0,5439.0,3340.0,9174.0,1657.0
10006.0,33376.0,5741.0,2477.0,1319.0,1861.0,4943.0,5114.0,3211.0,8605.0,1653.0
9721.0,30961.0,5589.0,2426.0,1333.0,1838.0,4637.0,4893.0,3186.0,8233.0,1614.0
9445.0,29246.0,5566.0,2412.0,1319.0,1849.0,4408.0,4822.0,3185.0,8076.0,1640.0
9488.0,28318.0,5659.0,2421.0,1390.0,1913.0,4252.0,4787.0,3277.0,7972.0,1677.0
9340.0,27805.0,5809.0,2510.0,1435.0,1943.0,4165.0,4921.0,3367.0,8050.0,1651.0
9760.0,28246.0,5932.0,2606.0,1532.0,2091.0,4154.0,5090.0,3517.0,8318.0,1653.0
10735.0,29209.0,6229.0,2767.0,1592.0,2243.0,4116.0,5340.0,3815.0,8841.0,1762.0
11835.0,30456.0,6329.0,2887.0,1646.0,2383.0,4198.0,5748.0,3923.0,9445.0,1778.0
13111.0,32962.0,6493.0,2979.0,1676.0,2519.0,4544.0,6078.0,4044.0,10127.0,1778.0
14297.0,35355.0,6641.0,3026.0,1667.0,2641.0,4926.0,6255.0,4125.0,10457.0,1821.0
15498.0,37823.0,6765.0,3073.0,1702.0,2752.0,5259.0,6300.0,4218.0,10575.0,1845.0
16490.0,39721.0,6835.0,3084.0,1741.0,2860.0,5612.0,6268.0,4338.0,10538.0,1851.0
17254.0,42076.0,6879.0,3134.0,1769.0,2914.0,5968.0,6301.0,4433.0,10470.0,1870.0
17712.0,44485.0,7107.0,3169.0,1808.0,2941.0,6380.0,6316.0,4624.0,10433.0,1895.0
17901.0,46601.0,7243.0,3221.0,1808.0,2914.0,6661.0,6339.0,4808.0,10388.0,1907.0
17499.0,48223.0,7378.0,3266.0,1830.0,2822.0,6791.0,6461.0,4819.0,10442.0,1903.0
16885.0,48809.0,7374.0,3256.0,1830.0,2814.0,6879.0,6528.0,4782.0,10611.0,1932.0
16234.0,48690.0,7576.0,3277.0,1852.0,2735.0,6746.0,6588.0,4850.0,10710.0,1930.0
15197.0,47747.0,7413.0,3271.0,1793.0,2561.0,6601.0,6724.0,4582.0,10875.0,1905.0
14257.0,48104.0,7264.0,3189.0,1671.0,2387.0,6580.0,6671.0,4307.0,11065.0,1857.0
13368.0,46250.0,6876.0,3022.0,1558.0,2219.0,6294.0,6431.0,4043.0,10756.0,1804.0
12360.0,43519.0,6517.0,2817.0,1488.0,2063.0,6038.0,6062.0,3779.0,10242.0,1756.0
11411.0,40127.0,6091.0,2649.0,1402.0,1950.0,5650.0,5653.0,3522.0,9598.0,1702.0
10718.0,36448.0,5867.0,2497.0,1339.0,1873.0,5345.0,5296.0,3373.0,8990.0,1659.0
10149.0,33223.0,5675.0,2419.0,1308.0,1836.0,4890.0,5035.0,3290.0,8523.0,1673.0
9823.0,30736.0,5619.0,2359.0,1317.0,1808.0,4563.0,4865.0,3275.0,8138.0,1651.0
9513.0,29162.0,5528.0,2350.0,1317.0,1818.0,4360.0,4750.0,3271.0,7959.0,1655.0
9372.0,28159.0,5612.0,2347.0,1361.0,1857.0,4218.0,4734.0,3333.0,7865.0,1684.0
9167.0,27439.0,5656.0,2395.0,1382.0,1883.0,4114.0,4782.0,3380.0,7936.0,1667.0
9493.0,27479.0,5745.0,2489.0,1492.0,2025.0,4096.0,4914.0,3520.0,8198.0,1663.0
10437.0,28098.0,6056.0,2641.0,1549.0,2200.0,4015.0,5150.0,3789.0,8609.0,1717.0
11495.0,28942.0,6236.0,2791.0,1615.0,2317.0,4133.0,5519.0,3959.0,9210.0,1739.0
12719.0,31316.0,6463.0,2888.0,1634.0,2457.0,4451.0,5902.0,4137.0,9869.0,1811.0
13832.0,33862.0,6600.0,2949.0,1646.0,2550.0,4856.0,6100.0,4241.0,10176.0,1794.0
14668.0,36605.0,6783.0,2974.0,1660.0,2674.0,5231.0,6211.0,4356.0,10342.0,1817.0
15452.0,39294.0,7013.0,2995.0,1697.0,2763.0,5483.0,6204.0,4414.0,10296.0,1815.0
16320.0,42281.0,7292.0,2995.0,1707.0,2823.0,5699.0,6228.0,4449.0,10298.0,1868.0
17007.0,45007.0,7652.0,3002.0,1750.0,2852.0,5978.0,6255.0,4486.0,10266.0,1953.0
17382.0,47010.0,7861.0,3032.0,1784.0,2863.0,6277.0,6267.0,4606.0,10258.0,1964.0
17355.0,48827.0,7969.0,3061.0,1827.0,2798.0,6545.0,6380.0,4713.0,10417.0,2014.0
16795.0,49919.0,8047.0,3124.0,1883.0,2791.0,6724.0,6504.0,4762.0,10613.0,1984.0
16257.0,50222.0,8243.0,3194.0,1892.0,2708.0,6723.0,6682.0,4817.0,10917.0,2012.0
15107.0,49340.0,8039.0,3213.0,1825.0,2562.0,6604.0,6898.0,4668.0,11255.0,1987.0
13942.0,49542.0,7683.0,3125.0,1692.0,2358.0,6544.0,6906.0,4419.0,11459.0,1940.0
12816.0,47352.0,7193.0,2935.0,1572.0,2162.0,6249.0,6577.0,4048.0,11075.0,1855.0
11670.0,44070.0,6906.0,2701.0,1469.0,2056.0,5964.0,6029.0,3809.0,10267.0,1801.0
10814.0,39972.0,6416.0,2522.0,1401.0,1948.0,5574.0,5548.0,3559.0,9414.0,1762.0
10196.0,36132.0,6105.0,2429.0,1363.0,1879.0,5178.0,5206.0,3459.0,8785.0,1694.0
9754.0,32419.0,5982.0,2371.0,1348.0,1893.0,4809.0,4973.0,3352.0,8252.0,1694.0
9546.0,30623.0,5899.0,2353.0,1350.0,1913.0,4564.0,4837.0,3297.0,8016.0,1694.0
9591.0,29211.0,5995.0,2362.0,1416.0,1953.0,4413.0,4780.0,3394.0,7867.0,1721.0
9978.0,28246.0,6286.0,2455.0,1570.0,2104.0,4302.0,4869.0,3757.0,8002.0,1817.0
10416.0,28280.0,6832.0,2740.0,1713.0,2204.0,4310.0,5254.0,4128.0,8490.0,1877.0
10919.0,30204.0,7070.0,3043.0,1799.0,2317.0,4415.0,5914.0,4345.0,9389.0,1877.0
11530.0,33557.0,7186.0,3192.0,1850.0,2515.0,4681.0,6489.0,4481.0,10565.0,1920.0
12306.0,36440.0,7330.0,3243.0,1874.0,2595.0,4919.0,6784.0,4553.0,11153.0,1934.0
13114.0,39309.0,7322.0,3242.0,1863.0,2683.0,5269.0,6923.0,4543.0,11422.0,1910.0
13734.0,41107.0,7395.0,3221.0,1848.0,2734.0,5582.0,6981.0,4531.0,11371.0,1923.0
14504.0,42615.0,7485.0,3222.0,1845.0,2834.0,5885.0,6898.0,4535.0,11199.0,1932.0
15136.0,43840.0,7544.0,3215.0,1865.0,2821.0,5976.0,6915.0,4546.0,11213.0,1956.0
15890.0,44872.0,7571.0,3226.0,1892.0,2861.0,6126.0,6922.0,4596.0,11154.0,1949.0
16572.0,46530.0,7873.0,3253.0,1941.0,2865.0,6423.0,6915.0,4607.0,11135.0,1991.0
16875.0,47771.0,7973.0,3292.0,1913.0,2861.0,6630.0,6921.0,4644.0,11170.0,1998.0
16813.0,49039.0,8132.0,3328.0,1951.0,2798.0,6782.0,6957.0,4706.0,11251.0,2039.0
16580.0,49615.0,8159.0,3376.0,1991.0,2832.0,6918.0,7014.0,4784.0,11334.0,2057.0
16187.0,49425.0,8385.0,3433.0,2017.0,2773.0,6883.0,7125.0,4828.0,11587.0,2094.0
10236.0,42534.0,8766.0,3797.0,2233.0,2627.0,5312.0,8149.0,5166.0,14208.0,2182.0
9798.0,41521.0,8395.0,3636.0,2122.0,2519.0,5289.0,7972.0,4970.0,13882.0,2138.0
9210.0,39980.0,7832.0,3394.0,1985.0,2378.0,5158.0,7609.0,4642.0,13249.0,2048.0
8542.0,37740.0,7314.0,3129.0,1821.0,2218.0,5011.0,7121.0,4302.0,12469.0,1938.0
8141.0,34681.0,7023.0,2930.0,1705.0,2106.0,4785.0,6548.0,4052.0,11444.0,1861.0
7919.0,31831.0,6888.0,2800.0,1660.0,2060.0,4537.0,6038.0,3880.0,10474.0,1847.0
7774.0,29773.0,6914.0,2715.0,1644.0,2057.0,4318.0,5661.0,3824.0,9832.0,1867.0
7785.0,28041.0,6896.0,2690.0,1645.0,2069.0,4217.0,5451.0,3801.0,9538.0,1878.0
8015.0,27015.0,6965.0,2725.0,1658.0,2127.0,4165.0,5387.0,3818.0,9363.0,1861.0
8546.0,26657.0,7343.0,2848.0,1758.0,2196.0,4153.0,5375.0,3967.0,9395.0,1917.0
9510.0,27472.0,7845.0,3166.0,1945.0,2396.0,4218.0,5585.0,4419.0,9797.0,1982.0
9884.0,29512.0,8219.0,3486.0,2102.0,2463.0,4435.0,6174.0,4866.0,10800.0,2067.0
9796.0,32891.0,8411.0,3641.0,2143.0,2571.0,4640.0,6992.0,5074.0,12318.0,2139.0
9660.0,35807.0,8291.0,3667.0,2122.0,2570.0,4794.0,7510.0,5104.0,13206.0,2142.0
9428.0,37172.0,8084.0,3648.0,2084.0,2545.0,4879.0,7516.0,5045.0,13206.0,2119.0
9292.0,37425.0,7851.0,3570.0,2062.0,2491.0,4913.0,7497.0,4935.0,13068.0,2085.0
9234.0,37109.0,7744.0,3496.0,2011.0,2424.0,4867.0,7354.0,4853.0,12847.0,2092.0
9212.0,36659.0,7759.0,3445.0,1971.0,2410.0,4753.0,7255.0,4804.0,12692.0,2107.0
9217.0,36436.0,7680.0,3389.0,1994.0,2373.0,4630.0,7204.0,4716.0,12525.0,2115.0
9435.0,36559.0,7855.0,3394.0,1999.0,2406.0,4604.0,7099.0,4702.0,12410.0,2133.0
9497.0,36625.0,8159.0,3404.0,2048.0,2363.0,4528.0,7057.0,4740.0,12213.0,2113.0
10152.0,36745.0,8820.0,3586.0,2194.0,2544.0,4585.0,7071.0,5012.0,12314.0,2198.0
10820.0,37915.0,9042.0,3752.0,2238.0,2658.0,4824.0,7424.0,5227.0,13045.0,2239.0
10660.0,41562.0,9004.0,3750.0,2213.0,2614.0,5245.0,7884.0,5210.0,13750.0,2226.0
10263.0,42340.0,8762.0,3660.0,2146.0,2562.0,5324.0,7956.0,5046.0,13829.0,2176.0
9821.0,41379.0,8361.0,3518.0,2072.0,2448.0,5232.0,7734.0,4907.0,13439.0,2111.0
9141.0,39666.0,7852.0,3310.0,1946.0,2312.0,5132.0,7551.0,4592.0,13183.0,2014.0
8519.0,37293.0,7307.0,3050.0,1811.0,2162.0,4930.0,7084.0,4247.0,12360.0,1910.0
8021.0,34149.0,7053.0,2842.0,1684.0,2061.0,4707.0,6496.0,3967.0,11333.0,1845.0
7743.0,30752.0,6920.0,2708.0,1609.0,1999.0,4413.0,5991.0,3843.0,10409.0,1843.0
7592.0,28928.0,6976.0,2627.0,1573.0,2014.0,4206.0,5630.0,3751.0,9780.0,1875.0
7628.0,27975.0,6968.0,2601.0,1580.0,2041.0,4126.0,5428.0,3726.0,9428.0,1865.0
7789.0,27013.0,7042.0,2623.0,1649.0,2092.0,4042.0,5335.0,3777.0,9281.0,1864.0
8388.0,26733.0,7328.0,2768.0,1723.0,2197.0,4009.0,5338.0,3886.0,9265.0,1901.0
9287.0,26882.0,7882.0,3062.0,1893.0,2366.0,4124.0,5553.0,4325.0,9642.0,1957.0
9584.0,28728.0,8309.0,3405.0,2077.0,2439.0,4307.0,6111.0,4797.0,10663.0,2048.0
9607.0,32552.0,8388.0,3548.0,2083.0,2521.0,4583.0,6943.0,5015.0,12216.0,2103.0
9516.0,35310.0,8255.0,3591.0,2069.0,2547.0,4689.0,7391.0,5030.0,13057.0,2111.0
9413.0,36953.0,8069.0,3579.0,2047.0,2513.0,4798.0,7475.0,5020.0,13133.0,2119.0
9282.0,37587.0,7830.0,3501.0,1976.0,2504.0,4794.0,7442.0,4833.0,12945.0,2067.0
9323.0,37405.0,7717.0,3423.0,1945.0,2480.0,4772.0,7220.0,4732.0,12626.0,2054.0
9367.0,36923.0,7680.0,3399.0,1943.0,2430.0,4675.0,7122.0,4697.0,12387.0,2058.0
9497.0,36582.0,7641.0,3368.0,1922.0,2397.0,4608.0,7064.0,4693.0,12224.0,2086.0
9720.0,36583.0,7759.0,3366.0,1954.0,2422.0,4552.0,6966.0,4653.0,12012.0,2096.0
9897.0,36410.0,8093.0,3392.0,1999.0,2387.0,4498.0,6872.0,4683.0,11920.0,2094.0
10466.0,36589.0,8675.0,3548.0,2141.0,2563.0,4542.0,6922.0,4946.0,12062.0,2142.0
10982.0,37905.0,8825.0,3697.0,2209.0,2644.0,4838.0,7276.0,5164.0,12764.0,2199.0
10756.0,41352.0,8812.0,3706.0,2211.0,2624.0,5154.0,7822.0,5135.0,13671.0,2180.0
10337.0,42088.0,8516.0,3642.0,2129.0,2549.0,5264.0,7956.0,5004.0,13868.0,2135.0
9910.0,41235.0,8200.0,3475.0,2052.0,2458.0,5195.0,7809.0,4865.0,13701.0,2101.0
9212.0,39384.0,7726.0,3273.0,1922.0,2310.0,5047.0,7593.0,4598.0,13299.0,2013.0
8497.0,37269.0,7156.0,3030.0,1782.0,2161.0,4905.0,7174.0,4223.0,12608.0,1904.0
7990.0,34226.0,6910.0,2809.0,1692.0,2056.0,4661.0,6598.0,3983.0,11692.0,1825.0
7737.0,30957.0,6806.0,2666.0,1629.0,1987.0,4398.0,6123.0,3767.0,10732.0,1829.0
7596.0,28526.0,6845.0,2602.0,1613.0,1966.0,4202.0,5726.0,3730.0,10103.0,1851.0
7498.0,27684.0,6832.0,2589.0,1609.0,2012.0,4044.0,5556.0,3728.0,9795.0,1840.0
7712.0,26905.0,6931.0,2629.0,1635.0,2061.0,4009.0,5494.0,3755.0,9681.0,1856.0
8300.0,26129.0,7280.0,2758.0,1731.0,2169.0,3969.0,5503.0,3925.0,9800.0,1881.0
9214.0,26525.0,7817.0,3080.0,1918.0,2347.0,4020.0,5751.0,4350.0,10242.0,1957.0
9566.0,28302.0,8210.0,3415.0,2075.0,2427.0,4258.0,6380.0,4778.0,11305.0,2077.0
9664.0,32198.0,8436.0,3548.0,2110.0,2524.0,4527.0,7293.0,5003.0,12980.0,2098.0
9660.0,35051.0,8357.0,3580.0,2089.0,2544.0,4661.0,7711.0,5002.0,13779.0,2123.0
9563.0,36961.0,8188.0,3525.0,2052.0,2527.0,4809.0,7762.0,4999.0,13803.0,2092.0
9516.0,37675.0,7896.0,3434.0,2036.0,2478.0,4830.0,7676.0,4871.0,13601.0,2073.0
9459.0,37489.0,7772.0,3357.0,1959.0,2482.0,4802.0,7471.0,4748.0,13184.0,2082.0
9483.0,37096.0,7774.0,3283.0,1951.0,2445.0,4688.0,7271.0,4658.0,12861.0,2081.0
9319.0,36570.0,7737.0,3213.0,1918.0,2405.0,4688.0,7116.0,4596.0,12563.0,2079.0
9386.0,36529.0,7894.0,3209.0,1922.0,2426.0,4589.0,7023.0,4584.0,12292.0,2086.0
9513.0,36216.0,8224.0,3242.0,1983.0,2395.0,4585.0,6943.0,4626.0,12219.0,2100.0
10175.0,36481.0,8788.0,3458.0,2143.0,2578.0,4572.0,7035.0,4934.0,12297.0,2186.0
10683.0,38007.0,9034.0,3654.0,2233.0,2623.0,4870.0,7377.0,5136.0,12845.0,2217.0
10450.0,41382.0,8966.0,3640.0,2208.0,2591.0,5176.0,7998.0,5140.0,14054.0,2232.0
10237.0,42106.0,8703.0,3575.0,2169.0,2537.0,5235.0,8102.0,5039.0,14202.0,2160.0
9798.0,41244.0,8358.0,3449.0,2064.0,2435.0,5150.0,8004.0,4922.0,13992.0,2121.0
9173.0,39484.0,7829.0,3249.0,1906.0,2291.0,5026.0,7723.0,4627.0,13495.0,2018.0
8533.0,37200.0,7444.0,3018.0,1782.0,2135.0,4846.0,7282.0,4265.0,12768.0,1917.0
7965.0,34136.0,7073.0,2823.0,1684.0,2018.0,4604.0,6715.0,3958.0,11754.0,1834.0
7685.0,30841.0,6959.0,2706.0,1629.0,1967.0,4338.0,6193.0,3845.0,10890.0,1828.0
7510.0,28259.0,6961.0,2638.0,1626.0,1940.0,4063.0,5807.0,3775.0,10184.0,1875.0
7467.0,26854.0,6885.0,2604.0,1588.0,1961.0,3984.0,5622.0,3740.0,9910.0,1836.0
7601.0,26243.0,7023.0,2610.0,1599.0,2008.0,3873.0,5502.0,3779.0,9738.0,1831.0
8089.0,26145.0,7391.0,2750.0,1699.0,2088.0,3875.0,5551.0,3918.0,9824.0,1861.0
8996.0,25999.0,7893.0,3021.0,1888.0,2267.0,3896.0,5770.0,4341.0,10273.0,1928.0
9291.0,27796.0,8255.0,3345.0,2062.0,2357.0,4079.0,6378.0,4736.0,11313.0,2040.0
9463.0,31639.0,8326.0,3504.0,2112.0,2460.0,4342.0,7211.0,4974.0,12892.0,2101.0
9394.0,34478.0,8274.0,3570.0,2098.0,2499.0,4517.0,7662.0,5080.0,13816.0,2146.0
9293.0,36207.0,8047.0,3522.0,2071.0,2483.0,4697.0,7797.0,5002.0,13866.0,2086.0
9223.0,36928.0,7793.0,3417.0,2049.0,2453.0,4823.0,7759.0,4857.0,13761.0,2062.0
9297.0,37050.0,7659.0,3327.0,1994.0,2430.0,4741.0,7569.0,4740.0,13427.0,2052.0
9349.0,36672.0,7548.0,3248.0,1974.0,2419.0,4702.0,7418.0,4728.0,13123.0,2049.0
9372.0,36317.0,7475.0,3205.0,1945.0,2365.0,4627.0,7286.0,4715.0,12884.0,2010.0
9572.0,36376.0,7552.0,3193.0,1971.0,2375.0,4591.0,7222.0,4686.0,12724.0,2008.0
9664.0,36124.0,7918.0,3200.0,2024.0,2340.0,4584.0,7139.0,4701.0,12560.0,2005.0
10064.0,36254.0,8472.0,3359.0,2139.0,2487.0,4568.0,7193.0,4918.0,12747.0,2092.0
10465.0,37703.0,8541.0,3489.0,2180.0,2515.0,4810.0,7517.0,5059.0,13370.0,2121.0
10282.0,40757.0,8466.0,3461.0,2151.0,2500.0,5124.0,7845.0,4960.0,13868.0,2111.0
9885.0,41061.0,8166.0,3358.0,2092.0,2435.0,5167.0,7798.0,4818.0,13842.0,2040.0
9533.0,40135.0,7920.0,3260.0,2003.0,2358.0,5079.0,7603.0,4656.0,13414.0,2000.0
8995.0,38538.0,7526.0,3131.0,1915.0,2269.0,4943.0,7307.0,4454.0,12926.0,1935.0
8432.0,36525.0,7079.0,2927.0,1779.0,2135.0,4800.0,7188.0,4129.0,12661.0,1838.0
7988.0,33699.0,6737.0,2743.0,1684.0,2025.0,4596.0,6743.0,3866.0,11840.0,1785.0
7595.0,30684.0,6535.0,2600.0,1595.0,1944.0,4335.0,6240.0,3716.0,10907.0,1775.0
7435.0,28199.0,6594.0,2515.0,1582.0,1934.0,4094.0,5849.0,3582.0,10230.0,1793.0
7365.0,26516.0,6462.0,2463.0,1549.0,1918.0,3931.0,5590.0,3528.0,9788.0,1778.0
7333.0,25605.0,6407.0,2462.0,1566.0,1904.0,3843.0,5454.0,3535.0,9569.0,1758.0
7519.0,25471.0,6487.0,2508.0,1597.0,1952.0,3803.0,5446.0,3618.0,9512.0,1771.0
7868.0,25370.0,6632.0,2648.0,1665.0,2050.0,3812.0,5519.0,3802.0,9626.0,1798.0
8178.0,25786.0,6916.0,2804.0,1766.0,2125.0,3847.0,5721.0,3964.0,9984.0,1819.0
8695.0,26737.0,7203.0,2977.0,1868.0,2337.0,3821.0,6018.0,4262.0,10619.0,1977.0
8912.0,28220.0,7391.0,3136.0,1925.0,2409.0,3996.0,6458.0,4476.0,11402.0,2087.0
9007.0,30378.0,7392.0,3197.0,1928.0,2454.0,4185.0,6862.0,4552.0,12097.0,2107.0
9093.0,31732.0,7330.0,3198.0,1906.0,2458.0,4351.0,7115.0,4547.0,12512.0,2086.0
9068.0,32792.0,7242.0,3200.0,1886.0,2445.0,4456.0,7164.0,4555.0,12584.0,2081.0
9044.0,33251.0,7219.0,3146.0,1851.0,2435.0,4460.0,7184.0,4507.0,12592.0,2085.0
9073.0,33304.0,7199.0,3118.0,1860.0,2408.0,4454.0,7173.0,4496.0,12520.0,2062.0
9197.0,33182.0,7166.0,3123.0,1856.0,2413.0,4474.0,7154.0,4502.0,12514.0,2020.0
9211.0,33237.0,7386.0,3146.0,1899.0,2317.0,4488.0,7217.0,4530.0,12600.0,1982.0
9748.0,33155.0,7948.0,3257.0,2065.0,2456.0,4506.0,7234.0,4667.0,12692.0,2014.0
10164.0,34704.0,7990.0,3327.0,2074.0,2483.0,4762.0,7555.0,4750.0,13345.0,2040.0
9916.0,37707.0,7897.0,3289.0,2055.0,2462.0,5042.0,7833.0,4708.0,13737.0,2048.0
9616.0,37777.0,7728.0,3210.0,2024.0,2388.0,5014.0,7766.0,4611.0,13568.0,2000.0
9242.0,37086.0,7632.0,3103.0,1945.0,2315.0,4937.0,7578.0,4514.0,13288.0,2019.0
8749.0,35919.0,7131.0,2991.0,1833.0,2202.0,4835.0,7395.0,4334.0,12889.0,1909.0
8268.0,34392.0,6855.0,2791.0,1735.0,2087.0,4726.0,7070.0,4076.0,12310.0,1821.0
7871.0,32180.0,6628.0,2638.0,1624.0,1983.0,4572.0,6703.0,3819.0,11688.0,1788.0
7482.0,29702.0,6457.0,2497.0,1588.0,1905.0,4335.0,6286.0,3663.0,10954.0,1780.0
7262.0,27682.0,6507.0,2416.0,1530.0,1895.0,4104.0,5930.0,3567.0,10328.0,1798.0
7185.0,26692.0,6448.0,2397.0,1527.0,1878.0,3948.0,5684.0,3538.0,9922.0,1797.0
7136.0,25828.0,6414.0,2407.0,1527.0,1862.0,3807.0,5566.0,3512.0,9751.0,1785.0
7213.0,25237.0,6415.0,2453.0,1560.0,1880.0,3759.0,5527.0,3568.0,9713.0,1762.0
7500.0,25008.0,6516.0,2573.0,1632.0,1945.0,3672.0,5543.0,3692.0,9751.0,1738.0
7759.0,25095.0,6704.0,2731.0,1738.0,2019.0,3724.0,5759.0,3888.0,10157.0,1817.0
8246.0,26147.0,6987.0,2932.0,1792.0,2230.0,3729.0,6052.0,4182.0,10703.0,1945.0
8534.0,27237.0,7149.0,3083.0,1883.0,2319.0,3832.0,6422.0,4399.0,11461.0,2047.0
8819.0,28938.0,7165.0,3152.0,1892.0,2383.0,4044.0,6837.0,4494.0,12113.0,2084.0
8988.0,30130.0,7180.0,3189.0,1892.0,2379.0,4223.0,7105.0,4509.0,12603.0,2078.0
9171.0,30972.0,7190.0,3204.0,1892.0,2384.0,4314.0,7146.0,4549.0,12681.0,2071.0
9243.0,30742.0,7212.0,3146.0,1883.0,2366.0,4379.0,7164.0,4483.0,12600.0,2059.0
9346.0,31040.0,7321.0,3118.0,1868.0,2348.0,4375.0,7143.0,4503.0,12569.0,2111.0
9536.0,31273.0,7382.0,3111.0,1918.0,2376.0,4422.0,7103.0,4503.0,12502.0,2114.0
9608.0,31571.0,7704.0,3157.0,1997.0,2258.0,4456.0,7096.0,4518.0,12458.0,2063.0
10111.0,31757.0,8262.0,3321.0,2122.0,2437.0,4450.0,7210.0,4693.0,12723.0,2061.0
10511.0,33598.0,8294.0,3450.0,2132.0,2492.0,4679.0,7576.0,4796.0,13379.0,2094.0
10236.0,37347.0,8201.0,3444.0,2128.0,2456.0,4996.0,7885.0,4755.0,13908.0,2094.0
9933.0,37713.0,7976.0,3374.0,2052.0,2404.0,4973.0,7863.0,4684.0,13838.0,2068.0
9536.0,37325.0,7796.0,3254.0,2009.0,2304.0,4910.0,7739.0,4556.0,13603.0,2097.0
8783.0,36249.0,7289.0,3070.0,1825.0,2170.0,4821.0,7477.0,4257.0,13143.0,1947.0
8118.0,34203.0,6929.0,2826.0,1710.0,2039.0,4619.0,6803.0,3988.0,12049.0,1865.0
7680.0,31775.0,6697.0,2663.0,1615.0,1922.0,4474.0,6329.0,3818.0,11159.0,1817.0
7410.0,29513.0,6621.0,2556.0,1549.0,1892.0,4229.0,5872.0,3664.0,10319.0,1802.0
7337.0,27613.0,6601.0,2492.0,1541.0,1886.0,3993.0,5536.0,3606.0,9703.0,1831.0
7268.0,26521.0,6579.0,2486.0,1522.0,1901.0,3864.0,5386.0,3572.0,9384.0,1826.0
7420.0,25882.0,6675.0,2497.0,1568.0,1961.0,3792.0,5299.0,3569.0,9273.0,1819.0
7948.0,25607.0,6998.0,2609.0,1645.0,2054.0,3764.0,5327.0,3741.0,9265.0,1851.0
8683.0,25987.0,7478.0,2904.0,1852.0,2218.0,3835.0,5515.0,4151.0,9654.0,1930.0
9187.0,27491.0,7845.0,3232.0,2031.0,2328.0,4028.0,6081.0,4551.0,10611.0,2014.0
9473.0,30468.0,8050.0,3368.0,2055.0,2440.0,4229.0,6879.0,4735.0,12219.0,2064.0
9403.0,33307.0,8073.0,3459.0,2040.0,2493.0,4435.0,7362.0,4865.0,13115.0,2121.0
9337.0,35354.0,7986.0,3423.0,2000.0,2457.0,4601.0,7479.0,4856.0,13310.0,2103.0
9312.0,36325.0,7728.0,3372.0,1965.0,2445.0,4697.0,7489.0,4783.0,13224.0,2086.0
9390.0,36368.0,7736.0,3332.0,1942.0,2447.0,4674.0,7472.0,4718.0,13071.0,2077.0
9461.0,36010.0,7780.0,3295.0,1930.0,2428.0,4658.0,7420.0,4686.0,12950.0,2074.0
9623.0,35825.0,7717.0,3268.0,1906.0,2373.0,4652.0,7376.0,4633.0,12935.0,2079.0
9783.0,35950.0,7842.0,3265.0,1913.0,2382.0,4608.0,7350.0,4648.0,12823.0,2109.0
9834.0,35850.0,8188.0,3281.0,1983.0,2349.0,4580.0,7305.0,4667.0,12718.0,2085.0
10416.0,36131.0,8765.0,3459.0,2129.0,2513.0,4584.0,7397.0,4908.0,12802.0,2152.0
10907.0,37429.0,8846.0,3575.0,2170.0,2597.0,4819.0,7691.0,5069.0,13383.0,2159.0
10666.0,41228.0,8775.0,3514.0,2150.0,2543.0,5184.0,7965.0,4989.0,13899.0,2183.0
17995.0,52067.0,8939.0,4632.0,2104.0,3080.0,8440.0,8310.0,5816.0,13217.0,2334.0
16631.0,50769.0,8676.0,4473.0,1943.0,2795.0,8127.0,8170.0,5437.0,12992.0,2234.0
15058.0,49995.0,8137.0,4200.0,1805.0,2548.0,7787.0,7878.0,4937.0,12724.0,2153.0
13521.0,46743.0,7524.0,3824.0,1671.0,2364.0,7205.0,7287.0,4501.0,11971.0,2071.0
12306.0,42101.0,7026.0,3503.0,1578.0,2254.0,6609.0,6653.0,4155.0,10967.0,2000.0
11449.0,37773.0,6760.0,3266.0,1501.0,2163.0,5951.0,5909.0,4014.0,10013.0,1961.0
10829.0,34461.0,6437.0,3127.0,1462.0,2149.0,5386.0,5784.0,3845.0,9285.0,1925.0
10551.0,32346.0,6268.0,3033.0,1429.0,2123.0,4992.0,5495.0,3767.0,8862.0,1873.0
10518.0,30762.0,6262.0,2984.0,1481.0,2195.0,4728.0,5294.0,3798.0,8623.0,1858.0
10730.0,30168.0,6552.0,3029.0,1592.0,2295.0,4509.0,5312.0,3915.0,8587.0,1928.0
11122.0,30138.0,6931.0,3185.0,1701.0,2427.0,4456.0,5491.0,4183.0,8796.0,1969.0
11831.0,31641.0,7216.0,3385.0,1802.0,2609.0,4498.0,5929.0,4447.0,9371.0,1974.0
12714.0,33675.0,7567.0,3602.0,1920.0,2804.0,4564.0,6372.0,4805.0,10113.0,2057.0
13852.0,36755.0,7663.0,3799.0,1964.0,2942.0,4860.0,6850.0,5064.0,10928.0,2074.0
14796.0,39495.0,7857.0,3930.0,1991.0,3033.0,5438.0,7233.0,5274.0,11495.0,2136.0
15868.0,41349.0,7957.0,4065.0,2027.0,3092.0,5876.0,7387.0,5433.0,11812.0,2138.0
17001.0,42926.0,8059.0,4218.0,2109.0,3198.0,6292.0,7584.0,5658.0,11966.0,2208.0
17918.0,44159.0,8326.0,4431.0,2142.0,3298.0,6756.0,7737.0,5906.0,12133.0,2248.0
18763.0,45856.0,8550.0,4603.0,2192.0,3334.0,7177.0,7911.0,6022.0,12408.0,2257.0
19842.0,47812.0,8826.0,4739.0,2255.0,3315.0,7628.0,8070.0,6171.0,12663.0,2339.0
20463.0,49909.0,9030.0,4882.0,2269.0,3308.0,8058.0,8217.0,6247.0,12761.0,2344.0
20557.0,52029.0,9187.0,4949.0,2295.0,3259.0,8425.0,8332.0,6252.0,12917.0,2368.0
20342.0,53393.0,9211.0,4960.0,2243.0,3201.0,8670.0,8339.0,6141.0,13031.0,2361.0
19812.0,53902.0,9099.0,4869.0,2221.0,3194.0,8803.0,8267.0,5968.0,12957.0,2360.0
19094.0,53442.0,9072.0,4720.0,2155.0,3040.0,8600.0,8168.0,5825.0,12921.0,2358.0
17871.0,51782.0,8758.0,4567.0,1990.0,2747.0,8337.0,8101.0,5425.0,12795.0,2259.0
16343.0,50719.0,8178.0,4228.0,1847.0,2504.0,8027.0,7799.0,4920.0,12533.0,2172.0
15006.0,47324.0,7615.0,3841.0,1694.0,2324.0,7445.0,7234.0,4476.0,11834.0,2097.0
13756.0,42639.0,7105.0,3521.0,1602.0,2210.0,6811.0,6619.0,4092.0,10840.0,2042.0
13173.0,38199.0,6804.0,3291.0,1544.0,2127.0,6173.0,5918.0,3909.0,10033.0,1986.0
12531.0,34951.0,6606.0,3133.0,1508.0,2087.0,5559.0,5818.0,3771.0,9369.0,1941.0
12295.0,32857.0,6427.0,3027.0,1497.0,2098.0,5145.0,5575.0,3697.0,8959.0,1916.0
12460.0,31198.0,6463.0,2970.0,1529.0,2186.0,4868.0,5374.0,3750.0,8731.0,1905.0
12358.0,30376.0,6721.0,3007.0,1611.0,2286.0,4664.0,5404.0,3895.0,8669.0,1946.0
12580.0,30178.0,7037.0,3169.0,1715.0,2417.0,4570.0,5620.0,4127.0,8914.0,1974.0
13435.0,31641.0,7270.0,3362.0,1835.0,2578.0,4640.0,5994.0,4469.0,9407.0,2012.0
14385.0,33986.0,7646.0,3598.0,1925.0,2759.0,4740.0,6507.0,4821.0,10220.0,2087.0
15525.0,37120.0,7866.0,3799.0,1980.0,2912.0,5048.0,6935.0,5087.0,10958.0,2115.0
16620.0,39784.0,8010.0,3939.0,2028.0,3024.0,5563.0,7376.0,5302.0,11628.0,2138.0
17567.0,42070.0,8050.0,4092.0,2071.0,3119.0,6046.0,7583.0,5452.0,11898.0,2180.0
18322.0,43812.0,8196.0,4239.0,2150.0,3254.0,6530.0,7733.0,5697.0,12042.0,2215.0
19093.0,45337.0,8413.0,4397.0,2221.0,3340.0,6996.0,7903.0,5899.0,12186.0,2257.0
19746.0,47109.0,8699.0,4586.0,2279.0,3404.0,7526.0,8044.0,6083.0,12247.0,2272.0
20431.0,49552.0,9109.0,4747.0,2345.0,3405.0,7916.0,8200.0,6256.0,12461.0,2337.0
20914.0,51696.0,9419.0,4886.0,2364.0,3370.0,8346.0,8274.0,6365.0,12467.0,2371.0
21211.0,53651.0,9690.0,4944.0,2368.0,3340.0,8662.0,8336.0,6372.0,12572.0,2386.0
20863.0,55149.0,9606.0,4975.0,2345.0,3278.0,8802.0,8345.0,6205.0,12714.0,2403.0
20244.0,55502.0,9493.0,4924.0,2284.0,3259.0,8877.0,8264.0,6038.0,12788.0,2386.0
19582.0,54672.0,9473.0,4785.0,2227.0,3094.0,8841.0,8174.0,5844.0,12689.0,2375.0
18293.0,52942.0,9109.0,4615.0,2066.0,2828.0,8646.0,8095.0,5426.0,12545.0,2289.0
16469.0,51902.0,8482.0,4290.0,1894.0,2581.0,8413.0,7845.0,4930.0,12380.0,2218.0
15109.0,48686.0,7867.0,3907.0,1757.0,2403.0,7863.0,7327.0,4580.0,11805.0,2148.0
13979.0,44060.0,7305.0,3569.0,1646.0,2251.0,7244.0,6691.0,4208.0,10847.0,2080.0
13172.0,39512.0,7087.0,3326.0,1561.0,2171.0,6629.0,5963.0,3963.0,9971.0,2030.0
12539.0,36072.0,6794.0,3192.0,1527.0,2136.0,6009.0,5875.0,3862.0,9352.0,2004.0
12094.0,33682.0,6638.0,3074.0,1500.0,2114.0,5618.0,5616.0,3793.0,8890.0,1947.0
11969.0,31934.0,6575.0,3005.0,1531.0,2179.0,5278.0,5400.0,3814.0,8645.0,1925.0
12456.0,30883.0,6816.0,3057.0,1611.0,2293.0,5052.0,5403.0,3968.0,8617.0,1981.0
12531.0,30631.0,7120.0,3188.0,1707.0,2418.0,5033.0,5626.0,4206.0,8843.0,2002.0
13161.0,32085.0,7433.0,3399.0,1817.0,2609.0,5057.0,6016.0,4558.0,9396.0,2051.0
14628.0,34469.0,7850.0,3615.0,1922.0,2794.0,5132.0,6535.0,4798.0,10220.0,2107.0
15780.0,37609.0,7924.0,3836.0,1980.0,2925.0,5497.0,6926.0,5077.0,11010.0,2120.0
17122.0,40690.0,8243.0,3941.0,2016.0,3065.0,6110.0,7343.0,5291.0,11651.0,2181.0
18398.0,43241.0,8420.0,4109.0,2060.0,3173.0,6694.0,7586.0,5478.0,11974.0,2195.0
19248.0,45152.0,8664.0,4270.0,2119.0,3278.0,7220.0,7733.0,5795.0,12144.0,2252.0
20159.0,46914.0,8907.0,4429.0,2185.0,3387.0,7729.0,7918.0,6008.0,12318.0,2272.0
21063.0,48778.0,9191.0,4553.0,2224.0,3449.0,8169.0,8127.0,6124.0,12486.0,2284.0
21478.0,50892.0,9511.0,4696.0,2293.0,3496.0,8602.0,8244.0,6180.0,12680.0,2279.0
21938.0,52707.0,9804.0,4773.0,2342.0,3476.0,8939.0,8334.0,6183.0,12838.0,2294.0
21832.0,54444.0,9998.0,4830.0,2339.0,3410.0,9031.0,8407.0,6234.0,13022.0,2330.0
21222.0,55354.0,9945.0,4834.0,2288.0,3307.0,9074.0,8434.0,6088.0,13076.0,2344.0
20574.0,55530.0,9717.0,4754.0,2262.0,3291.0,9227.0,8378.0,5939.0,13079.0,2341.0
19710.0,54553.0,9585.0,4610.0,2192.0,3128.0,9155.0,8203.0,5733.0,12809.0,2333.0
18422.0,52545.0,9272.0,4465.0,2060.0,2886.0,8910.0,8049.0,5448.0,12613.0,2290.0
17152.0,51388.0,8682.0,4187.0,1905.0,2670.0,8609.0,7803.0,5006.0,12409.0,2219.0
15828.0,48138.0,8111.0,3827.0,1761.0,2484.0,8074.0,7366.0,4613.0,11927.0,2156.0
14702.0,44076.0,7558.0,3540.0,1653.0,2322.0,7426.0,6765.0,4236.0,11057.0,2078.0
13729.0,39731.0,7138.0,3274.0,1561.0,2233.0,6867.0,6009.0,4023.0,10211.0,2071.0
12959.0,35929.0,6868.0,3106.0,1531.0,2183.0,6213.0,5900.0,3848.0,9477.0,1975.0
12411.0,33466.0,6631.0,2986.0,1497.0,2124.0,5830.0,5597.0,3784.0,8982.0,1975.0
12068.0,31605.0,6488.0,2899.0,1496.0,2142.0,5462.0,5330.0,3768.0,8696.0,1932.0
11865.0,30237.0,6568.0,2888.0,1511.0,2171.0,5243.0,5245.0,3800.0,8512.0,1945.0
11632.0,29719.0,6634.0,2933.0,1569.0,2249.0,5048.0,5273.0,3828.0,8564.0,1915.0
12350.0,30202.0,6660.0,2995.0,1630.0,2432.0,5001.0,5330.0,4041.0,8624.0,1932.0
13479.0,30460.0,7053.0,3207.0,1698.0,2647.0,4857.0,5633.0,4417.0,9009.0,2053.0
14968.0,31863.0,7451.0,3430.0,1792.0,2852.0,5181.0,6074.0,4766.0,9622.0,2086.0
16482.0,34374.0,7965.0,3651.0,1886.0,3033.0,5683.0,6484.0,5090.0,10326.0,2205.0
17796.0,36945.0,8352.0,3804.0,1971.0,3185.0,6315.0,6853.0,5352.0,10896.0,2215.0
18807.0,39338.0,8707.0,3961.0,2058.0,3340.0,6949.0,7106.0,5580.0,11218.0,2250.0
19856.0,41944.0,9049.0,4136.0,2132.0,3378.0,7547.0,7278.0,5653.0,11466.0,2258.0
20518.0,44384.0,9214.0,4263.0,2147.0,3409.0,8078.0,7425.0,5662.0,11662.0,2237.0
21102.0,46254.0,9546.0,4360.0,2173.0,3425.0,8524.0,7500.0,5640.0,11747.0,2227.0
21398.0,47959.0,9806.0,4443.0,2192.0,3417.0,8875.0,7622.0,5666.0,11771.0,2210.0
21462.0,49328.0,10024.0,4520.0,2202.0,3368.0,9200.0,7714.0,5666.0,11914.0,2267.0
20764.0,50284.0,9977.0,4540.0,2165.0,3255.0,9295.0,7818.0,5515.0,12096.0,2247.0
19827.0,50600.0,9850.0,4460.0,2167.0,3221.0,9324.0,7801.0,5385.0,12146.0,2255.0
18991.0,49792.0,9710.0,4351.0,2118.0,3070.0,9023.0,7647.0,5319.0,12033.0,2243.0
17579.0,48322.0,9446.0,4225.0,1994.0,2865.0,8654.0,7545.0,5046.0,11916.0,2234.0
16084.0,47943.0,8807.0,4011.0,1850.0,2603.0,8361.0,7321.0,4687.0,11758.0,2152.0
14831.0,45305.0,8356.0,3692.0,1698.0,2452.0,7891.0,6913.0,4354.0,11313.0,2100.0
13655.0,41970.0,7756.0,3405.0,1607.0,2309.0,7328.0,6408.0,4066.0,10502.0,2013.0
12866.0,38302.0,7316.0,3213.0,1522.0,2217.0,6755.0,5767.0,3834.0,9735.0,1979.0
12215.0,34771.0,7038.0,3075.0,1476.0,2140.0,6192.0,5694.0,3701.0,9127.0,1949.0
11632.0,32184.0,6734.0,2975.0,1453.0,2087.0,5812.0,5396.0,3616.0,8671.0,1911.0
11406.0,30399.0,6549.0,2894.0,1432.0,2084.0,5491.0,5199.0,3586.0,8451.0,1877.0
11166.0,29525.0,6581.0,2857.0,1458.0,2110.0,5207.0,5120.0,3599.0,8247.0,1898.0
10815.0,28907.0,6508.0,2849.0,1485.0,2177.0,5062.0,5062.0,3609.0,8243.0,1864.0
11527.0,28732.0,6553.0,2934.0,1578.0,2366.0,4964.0,5119.0,3807.0,8310.0,1863.0
12579.0,28678.0,6993.0,3111.0,1678.0,2545.0,4832.0,5383.0,4181.0,8660.0,1949.0
13978.0,29810.0,7447.0,3324.0,1768.0,2769.0,5066.0,5789.0,4479.0,9213.0,1990.0
15452.0,31927.0,8000.0,3539.0,1849.0,2940.0,5541.0,6189.0,4757.0,9898.0,2093.0
16823.0,34189.0,8564.0,3709.0,1932.0,3115.0,6126.0,6536.0,5016.0,10414.0,2140.0
17908.0,36906.0,8912.0,3900.0,2016.0,3252.0,6660.0,6791.0,5338.0,10791.0,2196.0
19086.0,39358.0,9151.0,4062.0,2047.0,3329.0,7185.0,6996.0,5483.0,11039.0,2229.0
19640.0,42050.0,9287.0,4205.0,2120.0,3401.0,7746.0,7249.0,5696.0,11341.0,2265.0
20209.0,44441.0,9564.0,4337.0,2197.0,3425.0,7973.0,7445.0,5869.0,11530.0,2344.0
19993.0,46733.0,9630.0,4472.0,2221.0,3399.0,8100.0,7630.0,5976.0,11667.0,2382.0
19851.0,48584.0,9661.0,4593.0,2241.0,3344.0,7956.0,7837.0,6045.0,11909.0,2417.0
19193.0,50052.0,9580.0,4619.0,2232.0,3252.0,7627.0,7996.0,5927.0,12124.0,2393.0
18870.0,50735.0,9504.0,4544.0,2220.0,3229.0,7258.0,8032.0,5762.0,12267.0,2407.0
18045.0,49971.0,9535.0,4427.0,2152.0,3062.0,7041.0,7943.0,5670.0,12239.0,2400.0
16929.0,49067.0,9228.0,4265.0,2011.0,2798.0,6858.0,7838.0,5297.0,12133.0,2358.0
15724.0,48869.0,8567.0,3999.0,1836.0,2576.0,6679.0,7556.0,4804.0,11980.0,2280.0
14575.0,46017.0,8104.0,3648.0,1694.0,2410.0,6415.0,6960.0,4457.0,11263.0,2220.0
13479.0,42208.0,7570.0,3351.0,1567.0,2294.0,6029.0,6374.0,4138.0,10353.0,2132.0
12893.0,38060.0,7243.0,3148.0,1507.0,2208.0,5639.0,5723.0,3933.0,9560.0,2087.0
12326.0,34893.0,7036.0,2999.0,1454.0,2186.0,5169.0,5644.0,3828.0,8952.0,2053.0
11919.0,32853.0,6865.0,2923.0,1456.0,2188.0,4916.0,5412.0,3772.0,8576.0,2030.0
11854.0,31200.0,6813.0,2895.0,1474.0,2243.0,4756.0,5240.0,3802.0,8382.0,1995.0
12285.0,30538.0,7071.0,2938.0,1578.0,2365.0,4615.0,5248.0,3991.0,8377.0,2057.0
12560.0,30849.0,7384.0,3117.0,1693.0,2510.0,4659.0,5513.0,4251.0,8638.0,2064.0
12953.0,32284.0,7638.0,3354.0,1821.0,2716.0,4752.0,5907.0,4542.0,9247.0,2089.0
13828.0,35064.0,8180.0,3612.0,1947.0,2913.0,4908.0,6431.0,5029.0,10096.0,2194.0
14488.0,38379.0,8436.0,3822.0,2035.0,3068.0,5262.0,6991.0,5315.0,10888.0,2224.0
15553.0,41862.0,8592.0,3992.0,2109.0,3186.0,5698.0,7431.0,5567.0,11537.0,2255.0
16510.0,43601.0,8932.0,4140.0,2159.0,3309.0,6073.0,7752.0,5787.0,11950.0,2257.0
17559.0,45302.0,9273.0,4267.0,2229.0,3445.0,6433.0,7928.0,5997.0,12108.0,2308.0
18366.0,46965.0,9585.0,4436.0,2251.0,3535.0,6725.0,8101.0,6167.0,12282.0,2357.0
19253.0,48529.0,9888.0,4585.0,2327.0,3589.0,6968.0,8301.0,6254.0,12514.0,2388.0
19878.0,50461.0,10372.0,4714.0,2392.0,3553.0,7247.0,8463.0,6337.0,12720.0,2435.0
20373.0,52202.0,10666.0,4783.0,2379.0,3451.0,7458.0,8569.0,6365.0,12788.0,2474.0
20360.0,54249.0,10890.0,4822.0,2386.0,3379.0,7724.0,8620.0,6301.0,12997.0,2493.0
20005.0,55377.0,10933.0,4837.0,2376.0,3329.0,7994.0,8636.0,6202.0,13108.0,2499.0
19444.0,55887.0,10738.0,4788.0,2337.0,3290.0,7995.0,8530.0,6055.0,13099.0,2501.0
18816.0,54614.0,10694.0,4663.0,2262.0,3083.0,7880.0,8365.0,5861.0,12996.0,2485.0
17499.0,52642.0,10183.0,4527.0,2070.0,2818.0,7815.0,8197.0,5479.0,12815.0,2419.0
16279.0,51551.0,9364.0,4200.0,1910.0,2575.0,7698.0,7853.0,5039.0,12540.0,2337.0
15055.0,47997.0,8617.0,3823.0,1771.0,2421.0,7292.0,7256.0,4613.0,11823.0,2242.0
13628.0,43477.0,8087.0,3505.0,1634.0,2286.0,6782.0,6602.0,4286.0,10829.0,2193.0
12715.0,39229.0,7633.0,3296.0,1548.0,2216.0,6217.0,5892.0,4058.0,9957.0,2140.0
12125.0,35482.0,7365.0,3146.0,1485.0,2166.0,5779.0,5790.0,3929.0,9216.0,2107.0
11782.0,32883.0,7156.0,3052.0,1481.0,2158.0,5439.0,5534.0,3866.0,8798.0,2034.0
11645.0,31144.0,7090.0,2991.0,1507.0,2219.0,5152.0,5315.0,3917.0,8592.0,2032.0
11836.0,30283.0,7326.0,3041.0,1604.0,2355.0,5024.0,5337.0,4098.0,8568.0,2106.0
12188.0,30438.0,7703.0,3222.0,1700.0,2500.0,4924.0,5576.0,4365.0,8847.0,2089.0
13260.0,31651.0,8032.0,3398.0,1834.0,2680.0,5084.0,5976.0,4631.0,9335.0,2106.0
14012.0,34381.0,8538.0,3657.0,1938.0,2870.0,5265.0,6412.0,4952.0,10146.0,2213.0
15159.0,37466.0,8841.0,3811.0,1996.0,3019.0,5630.0,6885.0,5178.0,10942.0,2213.0
16316.0,40680.0,9261.0,4046.0,2049.0,3123.0,6124.0,7199.0,5359.0,11501.0,2255.0
17333.0,42731.0,9512.0,4121.0,2098.0,3195.0,6625.0,7452.0,5551.0,11831.0,2265.0
18177.0,44507.0,9798.0,4237.0,2141.0,3299.0,7180.0,7609.0,5746.0,11918.0,2292.0
19237.0,45823.0,10164.0,4379.0,2204.0,3410.0,7643.0,7696.0,5854.0,12069.0,2341.0
19892.0,47303.0,10413.0,4470.0,2269.0,3451.0,8036.0,7809.0,5878.0,12198.0,2335.0
20319.0,49459.0,10771.0,4600.0,2322.0,3497.0,8440.0,7969.0,5995.0,12333.0,2395.0
20668.0,51434.0,10928.0,4702.0,2348.0,3466.0,8695.0,8072.0,6013.0,12450.0,2426.0
20475.0,53432.0,11029.0,4756.0,2364.0,3340.0,8958.0,8215.0,6011.0,12671.0,2424.0
20071.0,54679.0,10936.0,4800.0,2342.0,3295.0,9057.0,8253.0,5941.0,12800.0,2451.0
19578.0,54981.0,10726.0,4738.0,2304.0,3259.0,9039.0,8218.0,5842.0,12846.0,2462.0
10909.0,42146.0,8887.0,3317.0,1956.0,2346.0,5297.0,7292.0,4553.0,12528.0,2082.0
10335.0,43088.0,8509.0,3186.0,1860.0,2170.0,5339.0,7204.0,4298.0,12605.0,2001.0
9627.0,41019.0,7953.0,2999.0,1725.0,2037.0,5166.0,6837.0,4012.0,12112.0,1906.0
8899.0,38363.0,7599.0,2780.0,1633.0,1935.0,4920.0,6389.0,3792.0,11391.0,1827.0
8469.0,34943.0,7260.0,2597.0,1598.0,1872.0,4643.0,5932.0,3633.0,10544.0,1790.0
8104.0,31716.0,7041.0,2512.0,1542.0,1811.0,4355.0,5443.0,3551.0,9708.0,1769.0
7918.0,29097.0,6953.0,2474.0,1528.0,1838.0,4065.0,5334.0,3516.0,9245.0,1761.0
7844.0,27557.0,6973.0,2471.0,1511.0,1859.0,3934.0,5174.0,3523.0,8981.0,1783.0
7896.0,26633.0,7198.0,2500.0,1572.0,1943.0,3841.0,5154.0,3666.0,8917.0,1845.0
8318.0,26187.0,7470.0,2651.0,1707.0,2085.0,3796.0,5276.0,4008.0,9025.0,1918.0
8824.0,26367.0,8137.0,2965.0,1870.0,2195.0,3854.0,5727.0,4458.0,9637.0,1984.0
9089.0,28057.0,8435.0,3304.0,1923.0,2295.0,4035.0,6479.0,4768.0,10740.0,2016.0
9391.0,31982.0,8605.0,3425.0,1985.0,2423.0,4331.0,7074.0,4785.0,12073.0,2061.0
9496.0,34575.0,8519.0,3439.0,1974.0,2502.0,4439.0,7261.0,4818.0,12670.0,2087.0
9464.0,36632.0,8293.0,3357.0,1922.0,2480.0,4638.0,7345.0,4651.0,12734.0,2034.0
9272.0,37418.0,8062.0,3259.0,1874.0,2473.0,4680.0,7231.0,4524.0,12501.0,1995.0
9773.0,37571.0,8006.0,3175.0,1847.0,2458.0,4685.0,7019.0,4515.0,12136.0,2056.0
10025.0,37572.0,7828.0,3098.0,1825.0,2448.0,4706.0,6858.0,4404.0,11885.0,2039.0
10286.0,37833.0,7775.0,3040.0,1814.0,2426.0,4665.0,6785.0,4338.0,11702.0,2061.0
10618.0,38555.0,7737.0,3029.0,1843.0,2385.0,4719.0,6693.0,4309.0,11463.0,2029.0
10770.0,39188.0,7914.0,3015.0,1866.0,2341.0,4692.0,6625.0,4331.0,11350.0,2051.0
10948.0,39969.0,8181.0,3026.0,1952.0,2387.0,4799.0,6639.0,4431.0,11403.0,2038.0
11501.0,40575.0,8531.0,3150.0,2018.0,2470.0,4840.0,6673.0,4639.0,11514.0,2094.0
11364.0,41066.0,8546.0,3276.0,1997.0,2455.0,4948.0,7001.0,4656.0,12042.0,2095.0
10793.0,42677.0,8368.0,3283.0,1954.0,2334.0,5267.0,7305.0,4530.0,12580.0,2045.0
10268.0,43185.0,7961.0,3153.0,1852.0,2198.0,5303.0,7192.0,4294.0,12598.0,1970.0
9643.0,41010.0,7533.0,2974.0,1734.0,2043.0,5100.0,6835.0,4016.0,12092.0,1899.0
8874.0,38353.0,7144.0,2756.0,1646.0,1945.0,4872.0,6378.0,3769.0,11361.0,1829.0
8444.0,35023.0,6849.0,2574.0,1566.0,1878.0,4552.0,5902.0,3566.0,10488.0,1790.0
8172.0,31523.0,6639.0,2455.0,1507.0,1852.0,4229.0,5413.0,3489.0,9717.0,1759.0
7874.0,29207.0,6481.0,2404.0,1507.0,1869.0,4008.0,5313.0,3454.0,9157.0,1786.0
7824.0,27718.0,6474.0,2423.0,1501.0,1903.0,3860.0,5185.0,3485.0,8953.0,1813.0
7927.0,26716.0,6649.0,2459.0,1558.0,1965.0,3792.0,5129.0,3585.0,8901.0,1839.0
8222.0,26237.0,6989.0,2604.0,1691.0,2132.0,3766.0,5237.0,3886.0,8985.0,1898.0
8751.0,26583.0,7582.0,2933.0,1847.0,2238.0,3798.0,5672.0,4348.0,9560.0,1980.0
9123.0,28105.0,7951.0,3263.0,1943.0,2307.0,3998.0,6399.0,4598.0,10670.0,2002.0
9417.0,31912.0,8114.0,3398.0,2008.0,2413.0,4350.0,6991.0,4691.0,11941.0,2063.0
9239.0,34444.0,8052.0,3414.0,2017.0,2508.0,4454.0,7184.0,4634.0,12509.0,2061.0
9550.0,36435.0,7868.0,3335.0,1994.0,2479.0,4651.0,7229.0,4527.0,12571.0,2016.0
9575.0,37144.0,7617.0,3233.0,1941.0,2460.0,4720.0,7189.0,4436.0,12451.0,1995.0
9715.0,37261.0,7591.0,3159.0,1914.0,2460.0,4769.0,7028.0,4405.0,12126.0,2066.0
9937.0,37208.0,7510.0,3074.0,1893.0,2443.0,4690.0,6876.0,4337.0,11886.0,2047.0
10244.0,37290.0,7566.0,3027.0,1886.0,2439.0,4736.0,6761.0,4280.0,11621.0,2076.0
10561.0,37899.0,7625.0,2962.0,1910.0,2383.0,4803.0,6638.0,4267.0,11330.0,2032.0
11017.0,38441.0,7853.0,3005.0,1933.0,2351.0,4813.0,6547.0,4288.0,11070.0,2040.0
10905.0,39081.0,8108.0,3016.0,1980.0,2368.0,4909.0,6567.0,4373.0,11175.0,2036.0
11390.0,39631.0,8595.0,3116.0,2045.0,2469.0,4940.0,6623.0,4638.0,11306.0,2099.0
11486.0,40152.0,8710.0,3266.0,2047.0,2473.0,5024.0,6937.0,4665.0,11812.0,2120.0
10835.0,42010.0,8513.0,3253.0,1982.0,2319.0,5346.0,7208.0,4480.0,12401.0,2088.0
10347.0,42651.0,8158.0,3142.0,1858.0,2188.0,5370.0,7132.0,4235.0,12487.0,2002.0
9667.0,40524.0,7634.0,2963.0,1761.0,2026.0,5161.0,6783.0,3968.0,12040.0,1925.0
8971.0,38066.0,7158.0,2729.0,1643.0,1936.0,4898.0,6356.0,3760.0,11410.0,1852.0
8495.0,34919.0,6819.0,2562.0,1591.0,1846.0,4606.0,5859.0,3544.0,10530.0,1798.0
8149.0,31675.0,6594.0,2449.0,1536.0,1825.0,4331.0,5403.0,3484.0,9820.0,1788.0
7954.0,29122.0,6575.0,2405.0,1537.0,1824.0,4019.0,5313.0,3473.0,9314.0,1774.0
7819.0,27464.0,6651.0,2413.0,1546.0,1855.0,3862.0,5219.0,3510.0,9116.0,1815.0
7903.0,26649.0,6787.0,2470.0,1599.0,1949.0,3796.0,5154.0,3623.0,9064.0,1803.0
8200.0,26033.0,7048.0,2596.0,1715.0,2102.0,3752.0,5288.0,3886.0,9230.0,1872.0
8700.0,26245.0,7644.0,2891.0,1860.0,2195.0,3770.0,5665.0,4253.0,9793.0,1945.0
9080.0,27809.0,8177.0,3245.0,1989.0,2277.0,4002.0,6319.0,4567.0,10860.0,1992.0
9393.0,31474.0,8406.0,3404.0,2047.0,2417.0,4291.0,6978.0,4682.0,12062.0,2065.0
9495.0,34123.0,8289.0,3434.0,2009.0,2480.0,4387.0,7199.0,4726.0,12793.0,2065.0
9566.0,36150.0,8100.0,3373.0,1977.0,2483.0,4605.0,7296.0,4594.0,12930.0,2044.0
9553.0,36896.0,7928.0,3249.0,1908.0,2445.0,4732.0,7201.0,4497.0,12722.0,2011.0
9770.0,36918.0,7805.0,3164.0,1852.0,2417.0,4761.0,7014.0,4380.0,12353.0,2064.0
10025.0,37035.0,7787.0,3044.0,1825.0,2401.0,4805.0,6851.0,4269.0,12051.0,2013.0
10314.0,37208.0,7759.0,2990.0,1802.0,2391.0,4791.0,6708.0,4239.0,11718.0,2002.0
10672.0,37931.0,7689.0,2980.0,1805.0,2359.0,4853.0,6548.0,4276.0,11368.0,1995.0
11042.0,38252.0,7783.0,2964.0,1814.0,2325.0,4864.0,6457.0,4278.0,11198.0,1948.0
10915.0,39049.0,8027.0,2973.0,1882.0,2361.0,4995.0,6443.0,4330.0,11135.0,1980.0
11273.0,39588.0,8495.0,3047.0,1949.0,2461.0,5010.0,6450.0,4532.0,11216.0,2014.0
11024.0,40079.0,8562.0,3166.0,1959.0,2440.0,5071.0,6721.0,4546.0,11705.0,2017.0
10594.0,41764.0,8382.0,3155.0,1902.0,2346.0,5310.0,6891.0,4417.0,12164.0,1992.0
10187.0,41895.0,8077.0,3062.0,1814.0,2247.0,5299.0,6805.0,4175.0,12177.0,1917.0
9666.0,39816.0,7621.0,2940.0,1747.0,2183.0,5117.0,6529.0,3991.0,11766.0,1870.0
9042.0,37665.0,7386.0,2733.0,1640.0,2075.0,4864.0,6549.0,3748.0,11835.0,1870.0
8494.0,35081.0,7018.0,2590.0,1590.0,2001.0,4649.0,6130.0,3510.0,11153.0,1815.0
7969.0,31956.0,6764.0,2480.0,1537.0,1933.0,4347.0,5691.0,3469.0,10444.0,1813.0
7755.0,29543.0,6735.0,2443.0,1519.0,1917.0,4064.0,5532.0,3428.0,9868.0,1812.0
7632.0,27777.0,6710.0,2427.0,1505.0,1955.0,3745.0,5417.0,3442.0,9572.0,1832.0
7571.0,26953.0,6698.0,2435.0,1527.0,1979.0,3752.0,5316.0,3489.0,9467.0,1839.0
7679.0,26143.0,6777.0,2495.0,1554.0,2059.0,3682.0,5354.0,3636.0,9471.0,1877.0
7776.0,25949.0,7042.0,2625.0,1649.0,2080.0,3697.0,5505.0,3774.0,9681.0,1920.0
8225.0,26485.0,7306.0,2884.0,1722.0,2341.0,3769.0,5837.0,4131.0,10168.0,2039.0
8665.0,27439.0,7500.0,3065.0,1772.0,2359.0,3922.0,6228.0,4294.0,10830.0,2079.0
8885.0,28568.0,7491.0,3149.0,1831.0,2374.0,3957.0,6580.0,4351.0,11554.0,2087.0
9094.0,30656.0,7394.0,3139.0,1808.0,2368.0,4183.0,6865.0,4325.0,12183.0,2082.0
9346.0,31999.0,7259.0,3075.0,1788.0,2343.0,4350.0,6884.0,4230.0,12339.0,2056.0
9627.0,32957.0,7221.0,3017.0,1731.0,2333.0,4420.0,6760.0,4176.0,12222.0,2033.0
9952.0,33438.0,7112.0,2938.0,1742.0,2339.0,4515.0,6627.0,4095.0,11984.0,2004.0
10102.0,33876.0,7148.0,2896.0,1745.0,2334.0,4536.0,6513.0,4091.0,11705.0,2054.0
10771.0,34666.0,7196.0,2850.0,1767.0,2307.0,4606.0,6387.0,4088.0,11512.0,2039.0
11132.0,35486.0,7265.0,2809.0,1779.0,2338.0,4731.0,6386.0,3981.0,11378.0,1942.0
10919.0,36245.0,7494.0,2834.0,1840.0,2285.0,4741.0,6380.0,4123.0,11419.0,1926.0
11075.0,36839.0,7619.0,2898.0,1888.0,2316.0,4855.0,6539.0,4269.0,11652.0,1841.0
10665.0,37535.0,7634.0,2991.0,1882.0,2294.0,4912.0,6775.0,4257.0,12085.0,1846.0
10222.0,39046.0,7514.0,3002.0,1820.0,2220.0,5173.0,6939.0,4132.0,12372.0,1809.0
9721.0,39402.0,7265.0,2932.0,1751.0,2123.0,5092.0,6838.0,3973.0,12252.0,1766.0
9050.0,37688.0,7141.0,2778.0,1656.0,2070.0,4961.0,6608.0,3740.0,11933.0,1837.0
8740.0,35830.0,7011.0,2640.0,1593.0,2006.0,4770.0,6315.0,3602.0,11376.0,1896.0
8230.0,33369.0,6697.0,2499.0,1505.0,1912.0,4528.0,5969.0,3390.0,10800.0,1842.0
7852.0,30937.0,6519.0,2372.0,1462.0,1876.0,4249.0,5561.0,3298.0,10192.0,1839.0
7697.0,28681.0,6471.0,2327.0,1432.0,1876.0,4028.0,5496.0,3288.0,9648.0,1829.0
7510.0,27109.0,6454.0,2286.0,1435.0,1855.0,3857.0,5329.0,3227.0,9359.0,1841.0
7323.0,26021.0,6452.0,2282.0,1435.0,1901.0,3733.0,5225.0,3298.0,9192.0,1861.0
7357.0,25407.0,6469.0,2372.0,1497.0,1920.0,3691.0,5218.0,3352.0,9169.0,1868.0
7450.0,25097.0,6657.0,2466.0,1558.0,1975.0,3661.0,5321.0,3517.0,9338.0,1872.0
7867.0,25346.0,6811.0,2699.0,1660.0,2195.0,3671.0,5543.0,3865.0,9730.0,1985.0
8244.0,26192.0,7122.0,2868.0,1744.0,2267.0,3801.0,5910.0,4081.0,10357.0,2012.0
8481.0,27281.0,7257.0,2977.0,1782.0,2281.0,3824.0,6310.0,4133.0,11063.0,2047.0
8768.0,28973.0,7297.0,2998.0,1789.0,2281.0,4082.0,6615.0,4076.0,11706.0,2034.0
9091.0,30075.0,7301.0,2942.0,1794.0,2309.0,4235.0,6688.0,4019.0,11950.0,2038.0
9380.0,30735.0,7367.0,2889.0,1762.0,2326.0,4362.0,6638.0,4003.0,11976.0,2032.0
9734.0,31160.0,7496.0,2861.0,1752.0,2348.0,4448.0,6564.0,4002.0,11811.0,2049.0
10323.0,31796.0,7679.0,2831.0,1757.0,2372.0,4503.0,6524.0,4019.0,11777.0,2103.0
10619.0,32509.0,7884.0,2809.0,1777.0,2355.0,4643.0,6439.0,4067.0,11587.0,2109.0
10922.0,33383.0,8182.0,2790.0,1809.0,2403.0,4745.0,6438.0,4042.0,11547.0,2069.0
10920.0,34306.0,8390.0,2839.0,1882.0,2328.0,4799.0,6495.0,4169.0,11576.0,2010.0
11249.0,35109.0,8421.0,2931.0,1954.0,2379.0,4867.0,6638.0,4288.0,11856.0,1925.0
10967.0,36418.0,8327.0,3052.0,1933.0,2335.0,5048.0,6981.0,4308.0,12371.0,1934.0
10517.0,38619.0,8170.0,3057.0,1878.0,2220.0,5182.0,7179.0,4173.0,12735.0,1874.0
9960.0,39338.0,7820.0,2942.0,1782.0,2111.0,5205.0,7093.0,3980.0,12621.0,1841.0
9199.0,37732.0,7554.0,2746.0,1643.0,1967.0,5018.0,6782.0,3708.0,12148.0,1836.0
8478.0,35461.0,7093.0,2560.0,1580.0,1872.0,4775.0,5993.0,3552.0,10833.0,1790.0
7908.0,32690.0,6770.0,2418.0,1483.0,1803.0,4533.0,5557.0,3400.0,10017.0,1735.0
7610.0,30170.0,6584.0,2339.0,1445.0,1780.0,4216.0,5151.0,3328.0,9339.0,1718.0
7479.0,27992.0,6527.0,2268.0,1424.0,1784.0,3945.0,5134.0,3336.0,8893.0,1757.0
7408.0,27072.0,6553.0,2280.0,1467.0,1841.0,3798.0,4973.0,3370.0,8629.0,1779.0
7530.0,26398.0,6731.0,2322.0,1537.0,1922.0,3734.0,4961.0,3533.0,8631.0,1819.0
7967.0,25701.0,6974.0,2500.0,1688.0,2089.0,3681.0,5116.0,3851.0,8814.0,1850.0
8629.0,26049.0,7610.0,2799.0,1863.0,2177.0,3734.0,5569.0,4284.0,9477.0,1926.0
8960.0,27511.0,7932.0,3159.0,1923.0,2271.0,3930.0,6300.0,4592.0,10557.0,1992.0
9295.0,31295.0,8126.0,3313.0,1984.0,2391.0,4247.0,6939.0,4651.0,11872.0,2001.0
9471.0,34253.0,7941.0,3345.0,1969.0,2473.0,4416.0,7153.0,4718.0,12529.0,2043.0
9569.0,36261.0,7664.0,3279.0,1910.0,2458.0,4673.0,7261.0,4608.0,12656.0,2002.0
9711.0,36860.0,7415.0,3196.0,1889.0,2461.0,4769.0,7248.0,4523.0,12611.0,1982.0
9935.0,36822.0,7453.0,3120.0,1832.0,2444.0,4824.0,7066.0,4462.0,12333.0,2063.0
10038.0,36729.0,7453.0,3025.0,1800.0,2430.0,4857.0,6969.0,4389.0,12108.0,2028.0
10582.0,36669.0,7514.0,3017.0,1779.0,2431.0,4884.0,6866.0,4353.0,11899.0,2042.0
11009.0,37112.0,7489.0,3007.0,1794.0,2410.0,5013.0,6733.0,4354.0,11624.0,2014.0
11246.0,37508.0,7675.0,3005.0,1817.0,2361.0,5074.0,6665.0,4404.0,11479.0,2014.0
11338.0,38270.0,7897.0,3044.0,1910.0,2394.0,5178.0,6692.0,4459.0,11512.0,2033.0
11817.0,38867.0,8379.0,3143.0,1960.0,2480.0,5238.0,6792.0,4689.0,11733.0,2066.0
11522.0,39693.0,8372.0,3264.0,1959.0,2464.0,5318.0,7109.0,4690.0,12333.0,2076.0
11196.0,42152.0,8162.0,3244.0,1873.0,2326.0,5583.0,7354.0,4471.0,12870.0,1998.0
10361.0,42478.0,7816.0,3121.0,1776.0,2176.0,5571.0,7142.0,4218.0,12721.0,1961.0
9563.0,40545.0,7288.0,2908.0,1661.0,2030.0,5294.0,6789.0,3938.0,12124.0,1890.0
8829.0,37847.0,6910.0,2694.0,1548.0,1926.0,5010.0,6321.0,3696.0,11383.0,1813.0
8256.0,34715.0,6522.0,2518.0,1500.0,1857.0,4721.0,5813.0,3518.0,10481.0,1737.0
7859.0,31570.0,6343.0,2402.0,1465.0,1813.0,4275.0,5304.0,3417.0,9655.0,1734.0
7699.0,29054.0,6269.0,2363.0,1454.0,1848.0,4030.0,5217.0,3407.0,9164.0,1709.0
7582.0,27826.0,6247.0,2369.0,1462.0,1872.0,3862.0,5086.0,3417.0,8855.0,1772.0
7695.0,27246.0,6390.0,2393.0,1528.0,1970.0,3765.0,5047.0,3539.0,8879.0,1804.0
8164.0,26797.0,6684.0,2534.0,1686.0,2128.0,3728.0,5133.0,3865.0,8940.0,1867.0
8724.0,27050.0,7301.0,2854.0,1835.0,2236.0,3745.0,5547.0,4283.0,9530.0,1934.0
9043.0,28506.0,7603.0,3192.0,1898.0,2324.0,3933.0,6286.0,4586.0,10648.0,1963.0
9469.0,32212.0,7778.0,3327.0,1945.0,2431.0,4272.0,6913.0,4628.0,11956.0,1995.0
9464.0,34951.0,7576.0,3363.0,1920.0,2478.0,4427.0,7087.0,4614.0,12516.0,2037.0
9641.0,36699.0,7298.0,3272.0,1870.0,2484.0,4585.0,7130.0,4521.0,12577.0,1973.0
9960.0,37275.0,7183.0,3195.0,1821.0,2480.0,4700.0,7079.0,4399.0,12451.0,1956.0
10320.0,37062.0,7231.0,3128.0,1799.0,2484.0,4772.0,6918.0,4395.0,12139.0,2016.0
10767.0,36864.0,7236.0,3064.0,1785.0,2486.0,4838.0,6885.0,4372.0,11905.0,2000.0
11166.0,36806.0,7314.0,3057.0,1771.0,2449.0,4865.0,6814.0,4354.0,11701.0,2052.0
11643.0,37199.0,7365.0,3024.0,1788.0,2431.0,4993.0,6693.0,4393.0,11405.0,1998.0
11906.0,37736.0,7492.0,3010.0,1810.0,2392.0,5053.0,6661.0,4380.0,11260.0,2043.0
12022.0,38349.0,7734.0,3051.0,1882.0,2444.0,5168.0,6691.0,4459.0,11302.0,2009.0
12317.0,38980.0,8036.0,3153.0,1966.0,2504.0,5233.0,6753.0,4697.0,11455.0,2064.0
12035.0,39744.0,8125.0,3278.0,1964.0,2484.0,5302.0,7088.0,4684.0,12116.0,2065.0
