elec_demand_AZ,elec_demand_CA,elec_demand_CO,elec_demand_ID,elec_demand_MT,elec_demand_NM,elec_demand_NV,elec_demand_OR,elec_demand_UT,elec_demand_WA,elec_demand_WY
20214.12845767722,35090.948744209425,17129.795981102852,7066.55958918022,3715.4207860658025,4170.9058790174,10149.33144450725,13659.321751324676,10477.653530755062,23904.298809728898,3297.0950575499123
18832.48830492377,34637.86776904552,16190.587681891953,6747.227369224798,3529.081257713273,3973.1236495970393,10056.22728692559,13440.124829196073,10035.495604838112,23599.945359774985,3163.6516562775673
17236.431364473607,32340.47859502989,14868.447992740947,6292.958414568021,3273.6550397493193,3686.13758831145,9598.205304436055,12786.035815819492,9374.714749060751,22432.240962913453,3020.3082365852533
15553.070938713845,30289.625566356546,13319.570118170861,5754.830990166111,2951.252733180088,3338.5051603894467,9115.197375100155,12013.40432737661,8518.533113709516,21143.587987836352,2847.458101301457
13955.350713265481,27508.77473489833,11902.378426713518,5213.677998840423,2680.1226461358197,3063.3040228173836,8500.418344536853,10989.215507169552,7737.723304748811,19386.106769761413,2607.352125812737
12991.29197961301,24245.946173975262,11241.811455050585,4781.254381970407,2490.4224592350824,2884.772521190506,7716.976210881834,9943.631782748003,7273.16085904966,17413.146904010384,2532.0407599303867
12389.642452840606,21150.986559080862,10703.111825596461,4551.121797218354,2378.279378264198,2802.4440752279615,6958.170055566678,9052.58628824854,6956.506994181767,15630.710050000625,2507.8929139962083
12070.282079150304,19306.645516792858,10395.37306067417,4421.132545762238,2281.0121270917466,2755.271851627097,6574.184775452524,8486.359960798125,6751.1043205212445,14600.754381980809,2441.511573265219
12162.897034037294,18021.213852422774,10325.521915935204,4354.515761329936,2284.0093292821957,2803.195722370426,6287.885975366974,8176.950321396133,6701.235769961717,14066.459311438774,2397.6455222473232
12948.354994728445,17152.144375723015,10751.885230523345,4483.150748199418,2388.6792047917675,2917.335858020396,6110.789113220489,7947.192873506202,6961.7417952273645,13664.304623434571,2446.6321913755414
14632.602280842717,16908.07824525584,12035.82091444169,4957.839051625242,2735.9897114857145,3254.9329242106646,6070.656241981415,8066.879707741833,7761.864689085709,13925.82366130484,2574.1900933066586
16320.935030635235,17705.894936287008,13766.928884449384,5687.473583836835,3181.566945820285,3563.75673667925,6453.140182306724,8857.505424337294,8936.907487173119,15327.781225129342,2849.2218541302004
17503.208611105456,20395.9705919532,15641.390617483969,6352.4450930872645,3523.6668965708036,3876.3363222374505,7089.9489557969355,10262.867457578403,9974.063722722774,17828.141630930786,3165.9567765654533
17364.195696348917,23985.573073410866,15757.766616160156,6575.599190981392,3605.192715923436,3864.3025764244794,7786.100882836473,11656.687567674573,10051.42026597625,20331.73228161128,3112.0246758789726
16612.847837092773,27340.043521411888,15051.430182498754,6453.585151287695,3512.5714925841726,3709.5965152274694,8571.415247550425,12509.787688876473,9711.802555068034,21978.742058453536,2990.7443044271336
15948.297439036704,28141.33422348501,14156.799835251286,6298.217612148558,3349.2923484232388,3512.107903145278,8815.370082037756,12661.624566996448,9370.31047571188,22142.3875629832,2903.1888765847816
15881.549842927416,26763.44369120428,13806.262966191158,6157.829597583562,3318.812809279329,3434.017547275505,8501.945714694588,12316.591073564505,9174.06516202384,21593.802945892974,2843.344784099806
16121.68173647215,25488.674199559893,13682.711170036324,6099.0099900007,3297.4366029502667,3403.039928990667,8086.481900093313,11856.213783281148,9033.126115835825,20630.974195796436,2832.346151615339
16143.145066187688,25261.337581246175,13631.505672457068,6035.672299021037,3267.0914928652123,3362.0404191363477,8018.733193561185,11737.100153849467,8881.0297811583,20424.669154104507,2876.774737830874
17034.545244203484,25406.480328009402,14206.916723457465,6123.282278078785,3346.8790111546673,3485.3553651585503,7924.121979201,11709.560289574301,9109.379266294178,20220.7431307805,2941.7570874382827
18103.562864623436,25190.542426562257,15340.171064280861,6413.694040351838,3562.9857318579343,3728.1002288483387,7847.906723526211,11698.586601966324,9583.069106032244,20093.645313298788,3111.822765704947
19928.45573682525,26466.055898232837,17087.774763391528,6924.437786306879,3852.470349393799,4130.748581852797,8044.809210055107,12103.623494878979,10353.109866233028,20926.4554951549,3321.504606121341
21424.30753095959,28859.40326359279,18100.418893223366,7374.081456954807,4090.8742443926226,4378.289888900131,8742.977504319626,13015.034225607516,10923.446419879396,22714.557572760517,3497.413801264819
21106.757527349862,32506.715277398736,18039.82194013524,7445.3126065766955,4053.078245917615,4338.342071922077,9700.695904104394,13900.585877342326,10959.548549323552,24421.871492047685,3459.465758617962
20008.13421535762,34596.26621760027,17114.253343915367,7241.9983569267315,3858.3218765282027,4130.946014097103,10108.121511120115,14328.335383225272,10550.859445255222,25393.3438061153,3365.006621073493
18636.527579703747,34451.28950658199,16080.582216847424,6908.055796238103,3685.076751431747,3921.1673959805335,10077.681211932373,14221.254814251084,10123.61502136782,25118.368479672325,3238.600374212582
17095.58896505599,32328.28801362938,14791.867952581693,6488.073091214392,3399.344576083043,3646.420750624018,9617.37143870738,13567.33879030386,9518.512518237754,23996.3021410694,3070.9873937741604
15405.168871820451,30304.55803537038,13215.502983087415,5930.6035416681925,3042.221780352954,3309.5283076136384,9213.301003964216,12760.767080530522,8714.051938492506,22598.156645275394,2869.2055203257596
13861.627103851517,27472.492716520217,12011.641046856073,5434.355351200877,2786.909355427983,2995.170225218175,8570.526918482255,11679.359796056246,8125.693164255104,20672.306544403935,2737.8662907856765
12771.12113274916,24191.812214262645,11170.533767095943,5058.226994166522,2578.9195325697688,2809.7938138683176,7763.856006209492,10577.708116777289,7729.813092487162,18639.792304946506,2671.3786348579383
12150.625947163837,21346.269070150327,10730.387985025589,4851.531981428867,2482.132244316764,2697.363863486551,7030.904847137166,9533.883709130376,7417.308475058665,16707.421503912035,2602.719846629566
11879.520514997996,19336.362080757513,10303.45510473385,4703.153570023188,2396.4015543699766,2681.3660835446344,6588.561705200993,8946.07830594678,7177.969713581615,15758.422717231142,2525.4940981735476
11994.345182956204,17914.698030834472,10286.017481840432,4633.168352588939,2387.411178074053,2691.20400372089,6277.821136863559,8606.403804125162,7166.952110573707,15141.828198898314,2514.6145782021454
12879.935999361207,17077.92951313679,10765.254869778371,4815.522513614832,2488.564689291039,2817.265757388715,6118.620772211949,8446.875774403765,7449.37984517716,14835.959100246086,2583.4827127456774
14594.447618276658,16906.97960671576,12221.402948468662,5303.327038318207,2848.521990802042,3114.8397626975975,6044.131195879568,8569.676724062285,8262.42156297985,15120.580939527697,2734.286662169949
16147.08706347766,17655.847913234327,13948.323477062258,6069.647677759931,3293.3622889930366,3459.0026624150314,6338.024891401761,9374.962767672738,9484.72600124323,16487.36036603677,2978.343982345926
17300.523663558237,20374.72371792118,15956.927481985822,6734.999136294577,3650.1726735535913,3732.228026491479,7054.055929587486,10789.52949045712,10678.354454519043,18973.253896899703,3306.7961678187194
17380.794327310865,24091.026863166975,16237.263947044781,6921.310695755684,3673.980901531531,3716.207387874347,7768.165332595901,12114.39639877829,10741.80669612635,21374.382928755585,3290.321873126784
16552.055653792635,27629.93789188689,15552.489200342266,6759.407629063657,3579.2748805373863,3594.516599494843,8582.914802046962,12993.753054055049,10396.812843524624,22852.40602196021,3166.9597233596323
15897.508083973577,28297.085738554593,14700.436137296394,6455.638385991832,3455.746526308092,3445.1100242661096,8736.240507096443,13124.700029826596,9931.754748168827,22976.67115866391,3067.501053461444
15833.736013712485,27048.69066291455,14491.273379183367,6275.291770141679,3367.671313650093,3388.0714568486615,8508.944513748283,12647.298169953598,9809.734021736818,22043.069876497528,3028.3233030763918
15893.505753789019,25790.704558765177,14373.140354012961,6160.274853561075,3295.0158330000513,3373.0402864565676,8158.718657404967,12136.958757169463,9623.851373162912,21053.429109133725,2986.3279416234777
15927.374536463027,25484.584696941543,14346.705484222874,6089.96250878531,3267.0914928652123,3348.0405892708022,8016.740656750341,11868.185911310597,9505.629103907086,20679.249066376164,3070.9907715513177
16424.728864726167,25434.96538870657,14992.708953796813,6181.56347902816,3366.1169678526066,3511.278071643579,7973.445100153519,11785.379962880728,9655.760288687783,20381.536653507905,3085.985788517522
17322.87722113035,25195.775938432624,16265.128735061806,6476.98714650211,3580.8139699451476,3756.6254610361752,7856.395653015017,11733.899961130712,10026.552523017823,20212.76117157615,3270.8407986452503
19103.069914998512,26314.680803467727,18058.73622318212,7053.509621248811,3904.6296333434807,4137.464590040435,8207.73243874154,12105.059425716043,10860.58594559928,21101.695617415513,3493.129436376026
20636.885275527122,28687.908177606383,19234.32787756534,7522.384458597507,4129.216342871632,4340.773780311003,8930.794771459443,13029.44373795832,11599.149733129612,22816.144544243394,3650.5023343149314
20659.760590616424,32501.553854292637,19209.197819874724,7627.023871346261,4139.655450884977,4303.545380252404,9730.132064216252,13986.241051647148,11679.99972324957,24523.316443522526,3651.104612866538
19709.302899592494,34864.12643789941,18183.3438127631,7435.225370965165,3915.722901783875,4104.972547160142,10177.359317564198,14536.550792321692,11267.757787553388,25514.826057670165,3506.1130817688213
18656.25403178902,34757.21374858222,17277.814778962584,7115.782870445244,3727.387355447745,3868.9810643713854,10163.240780996595,14417.487517379943,10768.947551496745,25290.669395399073,3379.7087770815656
17224.93995440808,32713.760462746555,16066.366457338878,6694.265518138723,3450.4417280712873,3572.243684591273,9754.8578479242,13717.717539906627,10188.730907286183,24058.49684639516,3212.0983281424383
15528.86666291277,30780.63404808667,14471.922852076184,6178.161519636774,3112.448133621214,3276.3323155369853,9219.704482856398,12881.991499334556,9283.242255833697,22708.723758356595,2990.111604113907
13955.418678688704,28070.93393492812,13329.118956435492,5672.44966049358,2860.4852719622195,3016.499787000985,8638.773292194355,11832.878825152056,8571.966923916936,20855.557170765376,2831.602341578399
12939.985722541049,24791.313539770876,12448.825637667373,5270.450755918758,2657.1176935917115,2824.7894619479334,7852.474663311229,10683.280843961746,8099.335735452668,18733.271527292964,2734.286662169949
12255.615809139435,21769.190445894834,11968.020814037589,5059.7845481762415,2543.3459773416007,2741.562283029834,7134.019116873323,9639.023999916886,7807.211789885171,16853.866722617244,2689.9773618416766
11868.428686397132,19691.654981076175,11503.295689706973,4902.5615948715595,2452.3433577527803,2703.3630378909356,6642.375534517836,9045.847917069395,7583.933156730752,15807.939888309911,2630.711940592343
11980.959683718916,18313.54917043299,11383.75240952345,4862.243169833318,2427.36898607129,2703.277182664322,6387.03605486922,8705.838044713642,7592.33200082035,15221.325008450465,2585.5972056857345
12699.987386853833,17505.681057513637,11926.63245775933,5033.376034262268,2557.491217464155,2829.34652645885,6169.054153116158,8537.397517081325,7877.2583560997255,14914.803965876787,2644.845056034571
14477.603799584896,17146.068158245995,13503.905476552107,5547.934366985355,2909.3557343855646,3148.9653957961114,6176.797747879567,8700.11252858502,8713.685952315827,15130.95661321017,2835.5999760596214
16101.23408667178,18090.571008646537,15322.667292822856,6340.6249733695,3362.286541087869,3533.154445029196,6472.681227573832,9459.827706788366,9993.197784037813,16450.41186752625,3066.2731047697007
17466.14382442021,20977.969546995257,17508.625183525564,7025.42799860768,3746.911666636995,3884.5346080082463,7168.161174292058,10917.307549112413,11244.787840392171,18979.615621576322,3436.1396327760763
17736.507754240185,24703.568803992912,17827.938380064035,7239.143325306478,3816.3694082442835,3959.418007112381,7949.993103902903,12246.336255361353,11319.996687539597,21326.1155877029,3400.6814497809787
17121.480977970063,28267.610182927943,17123.859168419796,7073.773148874778,3677.96889203598,3884.669094730596,8734.341332503123,13134.469612718793,10952.187346515888,22794.569994706,3280.214525274835
16548.13776088589,29021.53923995149,16083.515641515114,6772.114860083265,3491.754425949973,3753.1985586568285,8940.981604881954,13303.610810227907,10442.878334993271,23043.359298675412,3204.7674375410984
16345.846399498387,27513.53548545363,15702.233725631735,6477.21295138177,3394.5952709687103,3683.1028428885684,8683.805011964441,12790.75313743238,9979.62355282632,22013.551112249697,3072.500218015385
16457.427281790387,26115.5187181353,15458.669424145954,6331.652731952479,3349.2923484232388,3623.066784093067,8352.501454434789,12165.512992923957,9723.104813057082,20832.29048025223,3040.4085377888255
16292.616652698282,25618.74539187696,15365.97829954836,6235.422188620769,3302.4225146234007,3630.0666542593985,8210.030473361832,11807.328236897169,9683.059422959961,20274.565994277295,3081.987112419037
16829.531457971818,25525.885420533134,15849.194368079485,6296.644682300535,3406.9957464316185,3801.3252997409218,8130.339910711767,11709.958112747236,9838.759617315252,20081.23417845912,3159.429086252261
17944.86711365141,25247.37647582166,17125.61899781274,6552.72729494551,3636.096451391459,4074.6124140057045,8007.3583789549875,11637.136606502105,10184.921152837303,19927.59997165598,3290.321873126784
19748.33567455582,26374.828758032247,18855.80763890901,7194.438729763518,3966.812669822834,4441.3953457584075,8262.95313873775,12113.284696230568,11167.971700840202,20785.617900678157,3584.2992804813452
21107.978309206686,28761.82379845074,20153.431119778736,7686.749879546963,4210.952510492223,4652.956990060752,8988.412652736793,13091.164818956004,11895.597445968511,22637.48982699287,3757.2566053490254
21042.124635310538,32777.26250300819,19992.10852806041,7838.730443415664,4177.527400122139,4597.751371512891,9894.334886006058,14146.123364302211,11903.548115249101,24418.724957290262,3778.0273210365754
20081.85187901579,35164.84664078482,19015.395770976997,7696.265481914145,4015.743358704304,4386.944506767355,10389.861770625692,14724.350452213654,11525.066820674649,25425.145414303726,3616.2586385773016
19059.295541237363,34986.4068546048,18021.329850549228,7348.320810146162,3822.5522423377324,4158.199748399033,10392.037006094777,14564.992141562927,11084.666569935305,25172.59944958245,3488.854814920055
17743.869729504193,32944.38254306977,16675.96325736791,6935.8504942339,3577.523093309577,3849.9965851960123,10010.496830011229,13910.55347278217,10443.793256881761,24135.181843426544,3335.227758779138
15932.967222807918,31101.314067478612,15013.183084096529,6383.322778115269,3251.90479946282,3500.6007383955216,9529.5189560245,13116.086271187578,9547.258966646843,22794.36962778614,3102.2453296966432
14441.468158914435,28415.610355224046,13652.953719354206,5856.271873561739,2992.222952658748,3201.409570063864,8975.91817177181,12044.683692512857,8779.94102114991,21005.094037108967,2912.748773988788
13437.187314800165,25122.05957658138,12765.142164833926,5440.348309783804,2789.6018199152813,3003.8718196189348,8153.287243298215,10955.933707014108,8233.276943111125,18956.629189094492,2837.4124193633843
12741.972345642507,21882.305034249697,12269.350438623214,5201.337593174721,2652.917049723736,2881.6481293928446,7456.826617710832,9882.202949477401,7970.588195212675,17092.68427252418,2810.7429274191372
12392.981596913214,19830.283798698325,11782.230082291346,5032.204568614378,2580.2203720260723,2853.3435502465677,7000.670875263136,9276.227219962997,7786.631618962706,16110.044621754772,2690.830117028762
12377.003931032561,18464.557374659787,11596.434320659026,5000.869165360726,2595.2067994746676,2855.262155433164,6718.275982810155,8978.316472542352,7732.794712456632,15512.133624424094,2650.7063989181975
13144.676711717571,17536.209302854746,12104.404033419127,5120.770049583489,2709.851741618351,2971.329630670213,6574.499188303335,8780.982260862824,8004.286674936621,15258.931840040603,2691.9766087988305
14869.803885958312,17236.499218769244,13620.447856416205,5638.114651353255,3039.563501722972,3276.926456653386,6548.896756650286,8968.767059740183,8824.763997184564,15632.155811289022,2875.576699413129
16749.344266781096,18084.946952820952,15532.90470878048,6430.0423755854235,3504.6667094077034,3665.0732353608473,6799.4885635245,9802.308242631007,10121.180506069055,17051.47827459187,3122.4537036422803
18282.808271433994,20729.903727168934,17800.916481307024,7149.991241239379,3924.27941910013,4076.6110686489037,7462.185961964293,11214.172346973784,11320.991658358591,19611.30094523127,3453.624201999098
18332.079437766923,24410.414708746524,18099.317418583767,7401.534224965819,3989.8208187074265,4107.515376781407,8267.810322793332,12610.846464832404,11419.085598361327,22061.371110656713,3461.631631038733
17513.487670179653,28093.79075259596,17577.52580280783,7234.181987106823,3906.623611574352,3998.754741729772,9205.549369494956,13596.21706973583,11054.733050551196,23711.659882857446,3354.186750025129
16692.085942399543,28795.87435264665,16657.796019976235,6924.0003723820355,3729.381806728635,3841.2538106997545,9474.473088642397,13756.177035076478,10562.908673790409,23787.097185116047,3225.6885481523977
16238.251983144415,27605.52380795544,16115.695591907099,6657.012719466124,3617.702980968479,3730.146499970101,9207.835849290508,13184.981632368652,10238.076188822452,22573.373363304865,3142.488807626465
16132.615013695688,26396.71076332943,15919.366315711739,6463.254170130963,3528.0840980493067,3687.1027301946533,8883.025420180864,12549.809227331743,9947.2240538138,21243.770489850627,3105.4947731834013
15844.683766881502,26008.64949847727,15805.323934253676,6360.424585146311,3481.35906658462,3646.103897148528,8746.534533645738,12133.20475267651,9844.313628620208,20595.437205566835,3112.9769442333973
16291.114105563855,26076.364361164233,16256.67616162565,6403.755516960008,3572.3939113464144,3739.330790728708,8640.94086775827,11897.729165057997,9918.789962536404,20226.076294889823,3137.43952626675
17132.495650815832,25871.33181620057,17423.46719799799,6657.307332527133,3766.1512234186753,3981.6765417243364,8642.93309763567,11771.412989547362,10375.526403896683,20042.120653920287,3281.3285753399678
19141.26969004774,27051.90958400066,19099.930194684857,7233.811009173099,4009.2129809826956,4385.455019033,8900.46959499606,12292.39331806975,11227.62177496768,20959.331550480067,3598.662448589365
20499.025777988612,29334.213184191798,20237.220250974813,7682.8931598437775,4238.277758832717,4615.999319950057,9657.844892119218,13266.618811685712,11806.493652614463,22861.703527329617,3769.4448967314156
20483.879330289106,32696.636095464815,20102.04112919597,7781.433775512481,4240.270776048942,4567.056503785288,10397.254507268139,14149.710541763197,11722.025949960856,24636.348159854508,3693.3546342909112
19581.179673730334,34877.06462920771,19042.36362669876,7556.354468270431,4042.2295416356465,4349.980065342312,10860.025106003393,14686.535117530535,11302.101169989382,25585.044731304988,3611.24848657943
18683.53621410265,34561.58687013712,18117.856032057305,7307.135323155782,3848.481187241487,4158.199748399033,10715.163110055393,14448.432378426412,10851.365241245803,25222.42345086202,3473.872564177543
17425.068390583176,32357.834416710433,16949.955822558608,6870.061409949335,3669.120351451281,3809.401532525922,10252.483449176885,13831.81088783941,10263.933623233821,24160.567741771127,3309.375695662471
15841.197514291667,30537.28275409273,15313.183966025443,6409.26142813462,3356.4476579768047,3443.0394621219993,9779.609507014455,13487.963938243389,9379.55376020431,23586.463450714473,3057.280156236132
14430.127578880929,28164.259212295496,13760.425506990932,5846.798492958396,3050.115461234248,3093.233752938886,9163.189421482652,12546.936937985836,8308.194293840033,22010.79109456832,2797.797330102763
13115.345634003863,24918.383211163247,12925.629743556274,5375.568531520599,2846.8227672345997,2914.6060710764787,8356.036912866311,11370.789390965034,7844.148266299685,20074.062165535604,2704.3629006557694
12469.36461072587,21696.469426257703,12412.657796321977,5100.652662345484,2721.398666095641,2779.1686041013395,7286.482312258018,10182.366022837592,7423.077055893932,18006.113297613098,2655.206816464796
12049.393077974953,19535.641207449793,11978.669282631345,4897.723355272714,2612.6932526590763,2683.5444923510163,6748.741473111211,9552.310278083993,7188.343596636209,16875.95909356862,2543.0237310365837
11682.673786933176,18041.766453631855,11510.627429519842,4796.158384393208,2558.24058316616,2656.937780030029,6371.7758202549885,9074.857618225516,7031.897581156512,16101.497527345133,2499.0241513362903
11822.812277751851,17044.08187842269,11518.292011542108,4790.9737589718325,2564.7777871942776,2676.548353817432,6115.5461643675135,8847.312006385046,7028.417313377669,15692.10681436868,2471.0
12371.232696339894,16294.442937748687,11878.994807831194,4953.248640164685,2663.920873774687,2772.0570668638616,5977.300217914889,8763.187881645208,7272.017311677263,15466.337871736703,2514.005984041813
13197.071249223778,16199.228062366088,12811.625450205647,5272.810818486843,2882.9264426029226,3089.1199741661194,5958.5839669894585,8857.257598287431,7849.3632152004875,15761.409437305794,2620.145160868576
14323.880531846164,16952.874603965927,14128.320599057963,5680.432368092232,3211.916257361593,3417.07084514618,6109.0106407306075,9329.120900607379,8567.24139346181,16545.38568612428,2772.049090863725
15185.931614983461,18274.489182947105,14669.004933172031,6054.695813013453,3337.624476326088,3606.7220774146904,6364.743116203934,10188.129031959854,8993.656049743924,18108.89803720878,2919.130102622141
15481.308900705684,20341.108065492455,15102.604977540463,6250.226326458211,3511.712791501566,3678.8222912007163,6839.208941989842,11068.716171928689,9282.697155169024,19886.90252090977,2929.126446836764
15588.35493550421,21870.18457052313,15054.640291583606,6319.45634800387,3575.716374664739,3656.7119379868145,7129.882684826614,11677.636985424679,9293.203921875851,20922.79466084317,2940.1809645767153
15957.766506318376,22933.505784053064,15475.613929336374,6339.4099416517165,3619.8300155872266,3737.0611483019197,7346.377383273107,11941.405953842153,9534.638133726297,21376.084039270834,2990.123898414791
16207.041531385321,23325.59166207113,15452.872132577584,6438.020415827071,3598.886752894709,3771.335873593399,7501.075955987606,11962.589669167566,9559.016287632203,21237.246979965897,2993.0447760848724
16170.13286065048,24514.878773151442,15619.946898986305,6446.608825407553,3647.0627285647383,3708.7016907003776,7655.733554480839,12075.147466956134,9696.432205642646,21582.695741563555,3053.1794610617862
16367.903259178995,25185.76294049176,15797.59117003738,6435.129316657384,3679.9628981178994,3641.104041276202,7768.661027344404,11989.757133795496,9757.843593657339,21559.38284510899,3054.1242816618546
16888.928769160197,25651.78878257888,16735.671469742298,6629.90030403527,3837.3002660496854,3654.0041133452805,7816.5125700829985,12115.033819797784,10032.722613507334,21814.546161451395,3269.8420533747108
18374.09188923725,26191.77473287729,18124.598070925415,7005.559910444606,4046.6524394651638,3926.1896932568275,7951.06175524435,12222.649035897153,10576.297303802958,22046.245713820852,3330.9810932242513
19184.09526682103,27737.635515424467,18452.103749133956,7177.969713581615,4081.5516204759965,4010.381031117651,8601.28365692323,12946.991867510354,10814.071604068497,23247.280378190753,3395.042230865504
19025.622818135584,30160.16161772474,18532.465651040297,7176.516389630035,4018.734492304541,4009.308139764918,9163.840030849073,13610.47667265028,10789.829359908012,24328.22523662813,3399.962574823552
18455.626559579763,30798.554386750988,17785.66620709244,7026.539222275488,3899.2020144536395,3866.0979281433747,9248.570584046189,13665.785141603617,10442.798715497423,24406.42324002727,3290.7191813171303
17687.357145750106,30480.660625528806,17203.885382727112,6757.533883004266,3747.3321618337704,3711.0365952644747,9161.84913313076,13541.3068323195,10116.287019082627,24264.040363599634,3159.429086252261
16740.916249952395,29545.44087950035,16251.981268389927,6460.648466888159,3565.1430056797676,3522.107593554228,8981.89182889108,13135.289919161376,9605.948656444178,23466.904627882504,3125.1900449698373
15280.276598939134,28396.976826086368,14881.668207742847,6013.7212173776525,3295.8041450339283,3232.0,8631.697305910011,12551.406478835013,8944.411941840948,22538.338104483613,2984.5581566839746
13769.242271682577,26518.82030534268,13139.25604254541,5516.032735059073,3035.1428343440857,2904.2487018209927,8147.905754779451,11822.627548696324,8029.099107985771,21146.097929396954,2720.820655513154
12788.349549211007,24186.743789599543,12251.202170742781,5102.559819532004,2844.4631767099495,2696.908152713522,7539.5868124541485,10996.21624535849,7588.085610829061,19716.456668841874,2620.2096264476754
12098.661134623531,21478.309504874436,11700.793193065434,4844.624530363186,2704.723404509891,2580.6033283674765,6918.320056010898,10060.295626940788,7242.170840489892,17902.52598643901,2567.094574886622
11664.76761361387,19376.18038793478,11195.616041102927,4726.632637197957,2605.4425407618505,2492.8527717081984,6441.62577055862,9438.755323436282,6990.062038442128,16772.815844358847,2503.0
11289.004732236412,17779.997594479435,10743.607503843341,4607.818467200728,2538.5110255360496,2450.312327688699,6089.143132974053,8986.246833033687,6853.0618945709675,16078.55478936661,2452.0061358050375
11325.380940598947,16734.49448833158,10671.749629461085,4575.691385223222,2533.025756367615,2458.3052207891524,5802.516128072503,8731.000164696565,6892.43704857482,15663.397192216862,2435.0
11840.856715895665,15965.823060422745,10984.193602517793,4671.8588260100705,2631.9454787003965,2538.458989899289,5663.853520104887,8610.765498120416,7057.314545232516,15413.0834490041,2442.00616100686
12562.835396566152,15866.565059818122,11620.43320083903,4988.488656216014,2837.7152308694976,2841.254118925777,5665.465389534887,8743.763327047955,7427.927409527615,15766.676710201658,2519.0540648172623
13669.800736442758,16507.81335505385,12802.13637714794,5372.153426363179,3141.0110894536742,3144.0191734067835,5804.308267678084,9262.255525131106,8035.231916263131,16589.27312669905,2653.0056696478523
14654.952157688796,17709.252761156717,13299.518216227196,5712.335866500693,3300.6927919070617,3333.558055938786,6094.199627971133,10011.384565344262,8413.808554877969,18022.558045395963,2789.0869668831965
14960.202630682857,19742.246135343063,13614.188058105285,5874.14810014638,3447.4498144028116,3388.548775789237,6598.433077600799,10865.410979424434,8672.491159586329,19720.509414323828,2770.0857345623003
15163.81804981096,21145.450952534065,13482.03427114214,5965.714985072933,3472.967482197638,3398.6525613402523,6931.970284183034,11399.513065844343,8714.459063013941,20603.581154240477,2748.0316801062645
15707.191786339094,22219.84676889206,13924.85454751831,6095.001444938715,3556.578446143846,3476.749843524586,7274.150632295705,11567.50415611268,9028.062713033809,20814.245233415426,2847.330386939467
16114.432010569019,22939.60490308625,13948.98513859534,6211.525013066704,3550.0220182224352,3546.267396154098,7381.123720062929,11593.475656937886,9060.904992635828,20619.362604480626,2896.0820418129974
16150.160944039875,24189.770482586628,14129.137487198708,6292.2368996895075,3602.6648849163316,3510.52925317178,7700.515767056524,11890.36443989391,9256.421683455002,21135.800593724543,3002.1264610519797
16631.70196443571,24879.789997754448,14510.440376437675,6370.390639622302,3673.980901531531,3433.0705121171186,7791.078878516462,12097.260229555663,9358.18747742444,21243.86796565854,3060.1240350179296
17228.10306030794,25550.652686557147,15494.021544751848,6595.5224003897965,3825.8730778699446,3506.004287347287,7875.281407484775,12311.311431027958,9687.92988193178,21533.064597487562,3260.5744837959755
18681.64377922584,26209.71718614741,16758.77133578995,6959.222726616095,4099.937855168222,3774.1447718272934,8076.671548724967,12565.872175768067,10173.813193467933,21963.992200224442,3320.299808400414
19613.204920320673,27732.266248579646,17113.090562794103,7151.545869207966,4153.780884151396,3864.2522766407055,8687.452129184627,13251.965772741127,10363.239315678054,23347.896912023592,3403.414866553169
19318.676875607656,30199.98957105568,17169.780802144774,7171.0870833079725,4101.494861723681,3840.19399913438,9180.65869531047,13876.040172549769,10356.898960779085,24673.92969895678,3391.1712316520025
18665.82194642554,30968.449599553667,16568.77939148128,7029.526454140519,4009.891052435727,3741.064660920579,9338.161024260296,13924.81733569958,10048.888340676325,24927.477832940593,3275.5467463334976
17686.383621893045,30829.073213688273,16017.390376268255,6754.481121466523,3833.5220510178515,3552.0042317093494,9294.360132147693,13894.422226035624,9662.465519890357,24776.11496676973,3217.402274807197
16650.79776985183,29902.38652632562,14908.213340060462,6406.27367959896,3605.45039109885,3465.858394456659,8946.600687345264,13394.77733157441,9126.100113463614,23912.740402276617,3070.4975963613
15081.721843196008,28479.060953187323,13633.77040539071,5943.958194497736,3303.177654734155,3192.1787734921795,8640.657660462954,12320.580134260126,8540.32416886576,22137.528793516783,2883.7672144001326
13422.740441097218,26573.484039013016,12221.22875592126,5449.272089592081,3035.1428343440857,2927.1984822792306,8168.8161904320405,11490.32963387745,7992.191051921211,20624.714953556642,2714.674767268976
12648.556742605828,24152.349913583108,11381.774856448947,5147.910902978467,2847.458101301457,2743.681723818801,7608.7829870880705,10633.996026427069,7544.980821754326,18940.268289977168,2656.326094144192
12007.087220601328,21296.950219087183,10888.449263774772,4933.208569050574,2702.1357516122366,2650.470196824504,6984.574472345675,9738.546375387572,7213.006664505944,17238.15954889042,2592.7227129372122
11742.357561184459,19293.55834091309,10446.071920080407,4779.045133489201,2617.9586545224315,2630.2850293966458,6533.318593866142,9114.932758129135,7075.332202927781,16146.507542144407,2541.490904068924
11717.156454530714,17913.260302893977,9715.823556798747,4724.345390583419,2590.211305184898,2623.2093826035225,6247.459105585705,8798.30410947996,7099.660848750724,15579.355706866305,2350.531955083779
12334.280405085416,17001.531920360765,10559.364386678937,4831.480573777891,2687.6134532160313,2747.2726583998306,6055.937008904677,8649.19589863197,7334.285610376749,15321.521588415511,2539.608347001618
13806.676440442585,16793.23908226226,11844.29852002606,5258.86076515457,3029.485233742654,3012.738704471374,6066.074931159987,8786.654329487426,8175.253341444142,15534.10922242345,2710.481628498802
15521.386064688986,17463.51091107729,13561.80139780639,5972.9475140108725,3482.705415125543,3359.8683269581134,6341.0170797443925,9492.148692206687,9242.731371334143,16789.24305202883,2964.3556678698387
17214.428548655127,19924.406976268176,15510.659293891886,6661.279118997393,3862.6183936129623,3709.446811845158,6930.979130177426,10731.29418544771,10429.646577748523,18981.301849922114,3292.364049693354
17534.50334227019,23612.5654710124,15733.320574816818,6999.517914966502,3945.9544805085234,3757.193756180838,7706.401263135721,12010.475263379774,10586.22696518773,21242.555841822374,3287.546154916928
16883.32664599205,27666.803508124354,15121.961028406038,6980.613557554512,3863.3071086460254,3659.507215664646,8613.331939257832,13163.257517634584,10379.233621659885,23294.03434835052,3197.9501088552274
16226.32427025767,28628.958916048115,14411.965535656562,6741.112690726786,3710.009454642702,3521.1553059397443,8776.069728748505,13540.136660175614,10094.08786697603,23898.0806290141,3130.490726577855
15997.190543748537,27597.546358644773,14136.987953578262,6523.07889394705,3576.9469792117284,3441.039485205984,8621.533958903034,13231.462903430433,10001.937337764752,23164.143895368285,3069.2435646529484
15985.174815836746,26589.041487593116,13997.065783698623,6418.50570071661,3535.634522555579,3444.039450590125,8333.573961167043,12741.402361904218,9821.621506352458,22226.929884146317,3062.4055378871017
15981.697482093461,26359.18064987307,13906.919273380698,6327.12496115071,3496.3196474431365,3390.0177760172724,8233.934709180245,12558.676606394358,9723.64675836884,21867.93774138024,3062.7262854099904
16502.405884230997,26423.702366826987,14449.463155239939,6397.299576451515,3579.8170048927973,3505.278555756925,8196.084136258201,12410.114557658415,9919.088356622442,21541.141680715744,3135.11605022507
17370.384764859835,26236.19652756712,15630.633318742746,6625.408268726589,3824.8762309249396,3720.6521988874615,8183.623835790867,12235.738457768859,10325.428889977402,21277.325146332834,3280.7246566908166
19324.324557275417,27328.081313851635,17344.94655620472,7146.566786872386,4139.266326915706,4117.487697954434,8434.721085165429,12542.678689963388,11040.911817412181,21941.805112264967,3505.4030165442623
20847.66705432234,29508.043319026914,18540.326449746146,7605.689848970187,4363.489521718222,4329.786709465461,9097.929464343864,13317.128405828867,11649.535767239458,23409.297778583066,3654.100109040669
20683.099580829592,32853.97190019178,18494.95197155239,7677.490749412659,4391.232371096778,4304.816355961298,9841.883305688554,14241.959563145389,11555.806544209752,25071.132205038677,3634.821077843096
34675.64724260797,44326.57300522599,17778.661113314378,8496.780809142874,3927.85232816456,4694.58894948885,15566.610573782615,13868.789317987133,12037.505842654884,23174.775955979967,3514.343856080726
31774.394002846686,43384.196703927046,16515.2182287966,8093.463162277615,3600.8107004706903,4325.457418788167,15347.029230551772,13818.458579666258,11098.139382956228,23033.50585390319,3364.575650137139
28866.692062116137,41243.84387333199,15141.916187562749,7435.702055338045,3250.5082505200508,4012.613604313126,14854.429696974934,13187.508843342943,10086.384980515068,22284.33897764411,3175.8965379797733
26554.343622843557,37756.48136975724,13572.384906939711,6706.915224781522,2945.1183599014107,3703.7564769230125,13658.384598303634,12193.675645290556,9166.653455217664,20783.065166030017,3047.9994623066914
23695.815735839027,33945.810481908586,12006.009181407839,5995.093077172906,2610.313299900872,3411.429146152943,12563.736468094536,11172.762928785782,8080.380258827272,19008.70928241792,2815.566199442073
21903.580161953567,29825.04072630889,11103.520266722526,5500.31869278657,2404.1974507313817,3222.788294554136,11477.447340278695,10089.161814941674,7510.550770690955,16941.527342026697,2700.600099699386
20527.425200859114,25779.045164824303,10360.540034307438,5100.148502430681,2304.9603388515106,3079.5236711792077,9998.135851248595,9145.051883511405,7058.058770458742,15226.501130489778,2598.204104850887
19424.441785498326,23206.353444518303,9833.573971980495,4855.988220808087,2207.4558315041395,3025.879495364535,9276.143952852695,8480.06086324478,6738.472683769207,14039.956259760058,2577.603755356469
18969.771160548236,21163.662780661132,9583.124504879881,4718.984658099973,2194.671373113952,3048.468893018335,8618.864654863584,8048.880909097051,6712.3533990799115,13269.160647411483,2573.263099841021
19244.64161976138,19721.001324154433,10039.979861536909,4793.208808509676,2284.1060551896717,3183.5631543501936,8172.26584679682,7875.75111951312,6932.744232441801,12807.801649378933,2592.7576056573243
20235.272381715164,19098.799789954188,11091.824867599978,5084.128251098498,2528.2810839150197,3409.5565115927448,7824.457549492051,8048.867306637411,7537.197947838084,12903.467300554956,2719.8405843791825
22296.60756733598,19819.543380509516,12667.811405922655,5641.56953026228,2854.4353629325997,3784.0134067636773,7992.890055864388,8562.204561927807,8361.177615799234,13624.509142316829,2839.713201505855
24677.29468273221,21988.02544669954,14308.638625342493,6259.437819245644,3206.157818360012,4228.570196091487,8286.852164683907,9455.094140581567,9312.71800607869,15139.918931604525,3078.800577395214
26130.22220000388,26571.067888096404,14769.333327589544,6607.193761477546,3289.341125834718,4376.592346626966,9347.802010576472,10926.05362464889,9712.51833837704,17650.79538654404,3098.0707890888543
27022.32309026852,30866.93554221274,14622.191996745985,6676.883667911152,3252.942352916907,4419.069065674519,10803.290974097303,12020.765931225022,9845.971834324873,19546.42039556382,3160.341331470841
27695.171741561553,32366.358016132184,14485.028768446955,6698.7115141556615,3266.8727756684525,4462.960282455648,11646.282334818057,12364.690454589674,9953.637731144436,19982.18212506681,3091.227381210678
28585.135092222274,32409.86557312143,14796.00778181733,6853.662280898988,3342.5989205175924,4564.518126574202,12326.71670563509,12152.307446610735,10373.612121756356,19588.64448904528,3182.2935538516745
29514.50058699353,32123.46705604967,15364.26625993885,7005.559910444606,3452.6960384142953,4714.955099371399,12723.694949097899,12085.789198483179,10825.087124149024,19252.509160248388,3186.9491332026805
30673.44915355337,33075.818868277915,15941.63826486424,7181.421051561406,3518.439700815058,4796.572716842731,13192.453947532827,12180.396230782211,11094.389435503288,19249.43416787458,3333.107009782528
32537.2071439411,34278.44799444689,16917.759993091746,7460.552059011547,3681.8958222421443,4950.859091947085,13535.829998153757,12401.072326840933,11635.225860882143,19552.026348939253,3317.068644197867
33935.02281928551,35202.99011902783,17905.32129816077,7736.082521053503,3750.6847774627254,5054.339235994681,13693.972938502853,12448.46900962851,11715.523377149811,19554.01744383142,3354.3127951655897
34836.624846211445,37145.25745907768,19139.587177924408,8087.88991971106,3866.827421675302,5169.320390935921,14196.976910066132,12439.821318177093,12039.654276629579,19750.689174773477,3550.0041449067085
34960.87045891668,38539.27963332804,20036.00583031237,8356.5708999758,3985.5565260429053,5291.885013373548,14454.059151410116,12750.195357676832,12169.941052838363,20464.788200541127,3687.846045369113
33489.35845839035,40752.19328868721,19814.75084804477,8371.753729745711,3956.703191854557,5252.522299910857,14789.212823861037,13159.892190193726,12213.904741734452,21436.828871491052,3671.883443175152
31055.435581399346,42497.59518886428,18986.250233302217,8142.906999591056,3770.290462646033,4951.121432156467,15194.308455064545,13587.419323503069,11772.088159171035,22282.63579293687,3568.596278592531
28555.97216813373,41819.26153933832,17586.682898754476,7765.18289666538,3478.2534970908837,4524.2157857647535,14915.068941272888,13561.544352988583,10868.202507420317,22288.604896779543,3402.5083504673908
25730.648672259435,40027.40513954792,15957.393114960474,7203.119060124384,3182.3784778775985,4164.052868485744,14422.171604824425,12949.044366277281,10005.520567018642,21494.10300746539,3211.8373883489003
22887.28497148629,36636.2809708246,14301.134308839653,6551.330954944127,2894.7951341969047,3839.7658538932733,13267.861636327965,11985.510381928876,9194.187145027447,20093.36850451627,3050.991910846313
19570.657075955583,32975.2968788374,12505.02888804423,5895.426808577018,2591.881472170194,3511.5745091630397,12139.409019390705,10933.718826118127,8282.212948728,18391.50625110554,2864.2176797311254
17572.251477582777,29043.912927084566,11423.393718957177,5367.252737453499,2414.609346203797,3286.621798881096,10731.070178202426,9888.87278709497,7645.810576252055,16558.842488378636,2720.5798201971506
16492.050125532973,25011.524888447868,10766.561614543605,5032.366539625592,2301.5049885377643,3165.714232867192,9255.874884587345,8968.706209386344,7185.253823279168,14862.828536192532,2596.205900535003
15910.153198459371,22473.07718254848,10142.389165513174,4784.242964600924,2199.4776925335996,3088.5028950893793,8934.215278323834,8341.060375846671,6842.7833774278715,13755.01558288245,2544.016510967797
15815.375799176352,20553.86082998725,9973.646903972354,4665.1829023621185,2190.0837464180386,3121.683142972645,8298.340138434736,7979.641637414853,6876.579650101971,13055.908932933307,2502.293729329602
16246.73462356823,19192.903876264856,10353.742146616025,4697.067411474111,2284.1060551896717,3253.7820013622218,7654.590330427883,7796.542002388186,7221.476824910148,12678.879572551416,2592.7576056573243
17351.46226592542,18688.51857988663,11488.36642149673,4978.5186951889755,2527.8637056710168,3478.782146872351,7522.593509769914,7990.19706348031,7876.914516786113,12691.375235312646,2733.8251101077776
19128.108954064875,19397.735019455213,13129.184554261037,5498.590563441598,2838.4882454243857,3804.359820166913,7612.241736206452,8527.489913917505,8688.026033184777,13374.515138692783,2893.6595326113165
21367.493970607564,21571.037124831135,14850.558872407999,6118.876429724945,3152.79981866659,4192.824898784301,7750.231173179119,9439.56146163247,9551.229508820063,14973.944876033696,3063.820493869658
22337.021948069545,26072.422920388766,15394.68461490136,6452.7816847833465,3272.359628270156,4312.765529901501,8415.380031772762,10903.617555919122,9872.877689106317,17473.47672296741,3095.3824036859323
22819.029702405634,30306.173432530824,15436.72021846175,6524.912695069026,3234.4939241701436,4320.322733609471,9186.004345149164,12036.399783068524,9905.283604044625,19461.09967753853,3092.7821751144083
23134.57863605694,31680.226547657596,15520.810496467795,6526.310318885526,3197.136665491971,4307.537570609583,9448.038562309468,12267.579587209997,9921.823631802125,19828.355757308138,3072.522651401941
23424.750460066458,31601.557675988348,15757.417939700006,6672.81996242652,3258.9026484136266,4418.07156563978,9305.867450050608,12026.764866716578,10100.684115603197,19296.626329869658,3097.492322308916
24339.604242092017,31168.402129847487,16031.23597704806,6819.7405565646295,3348.575615166686,4509.659083555359,9174.685033615671,11894.605026721232,10265.980624273756,19050.667319162516,3185.6681767627283
24638.7726590069,31708.4028690941,15943.018376904318,7004.564015646604,3396.409305479594,4543.986083085148,8975.832239397163,11939.336651440979,10382.224696338451,19050.667319162516,3201.9293417983317
25030.124050445538,32870.634058291405,16690.182131516583,7274.179908520246,3543.355801753918,4639.574391490397,8996.284435546748,12117.268279761087,10788.01606104836,19244.64161976138,3310.3742779483164
26181.321646594806,33889.36160189433,17355.160856633545,7612.093133753937,3674.925668522803,4746.475055661991,9053.578786140239,12184.977202063612,11359.931049922998,19293.330433535033,3372.9017358953924
27194.226937970223,36014.013191405014,18143.133318308504,7913.999650124322,3835.5500234271035,4848.021511427191,9375.44311387337,12212.175986174185,11822.866617848367,19433.86831958998,3548.008447592916
27472.49086715116,37191.737170387154,18751.79272926772,8269.441259583084,3985.5565260429053,4972.561413844071,9679.79876224524,12550.415689063413,12181.186441799066,20138.025465870956,3663.3036702425434
27799.213940870868,39489.79086696688,18694.760277643105,8304.870061621827,3948.744083514685,5005.431526161887,10199.060420930997,13053.808166872881,12116.176581073923,21216.29033134463,3654.923570915532
27140.5846112852,41155.41862020831,18244.017694172206,8033.020303620914,3747.404256359232,4717.487870918937,10636.34914836592,13424.4819052664,11695.18587970654,21972.854006433085,3550.6326328279733
25693.729444760385,40654.339908007176,17101.464097402557,7654.78387260152,3449.963283992812,4343.39528660925,10705.867192355528,13446.377029287713,10812.891883827493,22048.860997335356,3343.613552310552
23871.00401932553,38737.3564178124,15860.342219768258,7040.571305792669,3134.0379268372753,4010.6206197972715,10552.04895746886,12856.34851456518,9888.713602749014,21267.629955449018,3205.833749648498
21874.05541981207,35558.96999268302,14255.953930497177,6400.518125555529,2838.7505188149835,3687.853718628568,10025.168526106001,11836.40793279259,9025.520723850177,19906.679240331094,3029.250934823076
19562.796163878917,32202.706685250017,12469.380266624647,5713.581304256131,2504.2040433797324,3372.6571303394153,9346.307428256905,10832.173853194972,8071.444485815142,18140.30466659772,2781.9187897084075
18196.011430031285,28296.349812299148,11340.761019232275,5241.16397013828,2340.84143547165,3186.467128983037,8452.804009816586,9840.60368472358,7509.947008390852,16395.92201337746,2720.4102238300784
17040.52245774673,24325.88179716098,10578.27196451427,4923.289282470424,2209.337109874969,3056.976856696264,7547.713894403158,8926.363596829555,7092.187361093958,14725.351848805645,2579.7299291822023
16142.803356543736,21841.92460325404,9965.52358525396,4708.026500060901,2166.1456537072972,2975.614815781728,7021.494406029673,8306.743429029499,6814.611139047996,13625.552083455208,2483.0688720824905
15707.019956010772,20004.96881598723,9819.679317416518,4588.965562370364,2159.3653507267036,3014.5359019324733,6615.446129794218,7963.689755477389,6726.902284174996,12941.357026305455,2477.8435606526195
15496.97471551118,18801.635994098342,10114.585333643368,4615.381374410594,2290.4581422143974,3148.2808860198415,6345.956891556406,7769.190397809508,7062.265137586755,12540.256655694498,2576.2240196143825
16662.230009274295,18435.09479767977,11318.003361782614,4933.6918492627165,2524.8713553411817,3379.6199139987425,6166.651585174039,7983.625964166338,7628.927537993195,12689.977827235309,2706.855105900421
18457.761700560593,19120.569082004302,12922.459177108394,5435.821402858029,2863.8793306427256,3754.083464659135,6267.264461019231,8539.857844281481,8479.757945956724,13430.98288018857,2857.215291663501
20624.950454832873,21493.794812004886,14696.18996853368,6061.123375768861,3201.1242337425856,4156.341877391783,6825.165525917069,9446.118359574646,9323.645917329077,14984.915015490227,3042.8487301847995
21864.076696303346,25828.2276267744,14976.0284220758,6420.373322583738,3265.9065548676613,4298.804171237498,7679.678709028279,10907.662910027797,9782.733623407163,17453.48421513095,3082.795301354441
22347.494293546602,29963.81294036057,14799.444629211155,6495.042587813464,3220.050660188344,4307.537570609583,8730.344808241802,12065.827760139924,9949.645186699629,19542.440044486946,3090.7847930942185
22848.88567441556,30989.364798196326,14530.786470373192,6528.359241383191,3174.7160128552136,4339.460582770369,9267.76136477221,12349.760237288363,10010.260423819747,19862.767294608617,3091.499553566213
23529.514302207845,30729.88062265512,14766.951430279769,6620.453612658285,3229.0161481113437,4412.682359687821,9376.986307762025,12150.21433536095,10327.903828975968,19349.941054427665,3171.9445251525294
24563.701430293153,30447.05220353365,15200.487533796771,6832.687632455689,3348.575615166686,4451.2391192098485,9576.115528179744,11975.71802081414,10652.171657924911,18937.614497670795,3186.663086539576
25677.92756274527,31015.912843870225,15615.127483066359,6987.634006350761,3384.4504257702056,4493.1234165168435,9837.616257554739,12050.349233926363,10886.68429644978,18991.469185872138,3307.400366166045
27135.555378641726,32284.2306817092,16268.551026444866,7253.724497762147,3588.22088647136,4510.077258837338,10188.810176545307,12175.480464951475,11287.523860035455,19166.98970695251,3352.3155523210307
28369.420507844756,33433.54371066404,16725.512186924538,7571.162023374274,3716.836744055185,4603.009977075529,10434.327838089435,12196.392261121353,11773.370685030139,19123.631152529284,3403.1754220678695
29543.005152685557,35644.89836481632,17593.76028824681,7932.901298661785,3903.383101863631,4722.974860685477,11012.291967541789,12117.53389092986,12248.287568129346,19145.471046799958,3550.0041449067085
30248.522621536613,36939.191395003516,18310.9160662573,8197.963539491744,4023.9520379651194,4880.409913870516,11667.867792729669,12408.940851909094,12498.738221036478,19855.07889236535,3676.8717181251773
30367.37445334468,39322.78374987779,18139.01831822354,8212.415974221427,4009.02862240185,4865.440548510806,12473.966647801517,12822.639827103972,12311.007783752708,20703.30357623956,3670.909601925838
28954.476472502192,41130.65065584196,17721.892108019812,7955.83054707397,3808.105874558709,4594.943726343478,12882.64977282587,13165.859448109297,11854.505202702796,21588.265655719308,3531.6714439744683
27070.328695433083,40761.48218291821,16644.349564989552,7590.145152070273,3518.630460345694,4232.298751336428,12486.823742371083,13203.251995588094,10998.9674749207,21568.967618547893,3371.9090540665707
24816.340205584398,39033.80820360623,15328.091386216869,7004.75640973282,3181.815290779977,3934.9195861773424,12313.372916249435,12621.188735418924,9982.246186985953,20745.24619418192,3193.2004355104923
22456.346101007453,35622.31679174545,13782.806142885564,6350.180872849642,2894.7951341969047,3611.595829357392,11584.095604483744,11639.18657712553,9067.691941077212,19512.133839101185,3028.6439558835514
20059.24637466511,32045.063334560113,12213.97876666071,5707.182848486025,2551.528439447858,3332.219998520559,10874.356306015416,10668.606038851716,7971.176879079508,17802.61331488675,2788.3113986084036
18571.524158305507,28370.414713376933,11173.680883265137,5186.856376418598,2378.720254880834,3132.1950819514673,9798.949032018561,9692.159746222367,7396.637317487244,16144.921613150893,2648.654349566816
17467.24495462474,24558.227963074238,10431.281782540416,4876.4259595888825,2217.4287493453653,3026.648763370057,8695.931007691113,8761.477850137937,7001.4272559688525,14484.232000477126,2583.7254304315206
16646.407294439832,22149.784121211494,9860.957029138055,4618.859979358802,2152.7712119848848,2947.051550360519,7853.555048061986,8169.325580611989,6689.416117786967,13385.365592949933,2481.3143149471
16417.369812870984,20451.31502746724,9621.005757786046,4503.781207813206,2167.1430441533507,2981.243850576808,7347.3249982704365,7849.139442148829,6729.884916310017,12802.432406487567,2446.101978149417
16822.72845097342,19210.961159579347,10021.494715788946,4529.198286220781,2281.6785384825807,3118.3359168260176,7019.946818506657,7675.766394012125,6993.028964897817,12352.492900639123,2537.022384611814
17870.10172640837,18618.863662356533,11173.023320926997,4852.491945043508,2519.3058093415407,3358.294682598721,6810.725132213705,7891.632767903704,7538.810064680317,12493.256982814908,2647.655415027093
19844.441160071365,19386.351071264344,12719.714501995668,5390.987872917578,2856.4287989083414,3750.092898362744,6909.353980795106,8398.846823204025,8422.096741480633,13293.91315459791,2867.7593424588486
22143.239186973904,21607.943078240576,14353.659451621925,6007.811956010357,3178.700914952306,4137.394219788784,7377.199910427454,9325.356910566652,9406.777869124642,14893.063022151826,3068.4238952800065
23426.489480381326,25781.97968202547,14698.115984768305,6329.229969117219,3254.917646415779,4293.818039017655,8322.4275308984,10857.806433047064,9793.347137020493,17404.5577251324,3104.6871103968856
24271.5849170009,29865.419635250513,14552.957620467758,6340.627461899151,3198.135940252311,4293.976965498953,9573.518291357183,11968.588415830496,9868.171086928049,19427.112114885906,3102.0651607765467
25009.29759306857,30997.159999804873,14391.918963798356,6289.761761866921,3157.2801753496155,4283.198916305902,10269.47815560624,12231.320728597735,9957.594415484613,19698.254953184864,3057.8285190254514
25779.944678419084,30647.481030149327,14500.55222306975,6292.685679658468,3189.659614196395,4368.7892402012185,10646.511442331015,11931.639937615191,10345.461611231134,19169.64962170245,3100.374805312723
26949.636882212708,30341.179474421042,14996.365964125862,6413.245112895227,3250.4459394247942,4492.292249803182,10955.845134420502,11749.069410231223,10583.644538977705,18718.481646713084,3193.044535787761
27971.21878990275,30922.01291105246,15363.047516010633,6498.4232277086385,3269.8616155419677,4517.6383464087,11340.317510873934,11754.048286130435,10749.27736957465,18718.031387664418,3182.9544446252166
29400.51003538406,32101.66420636077,16029.04415448723,6693.809464116324,3365.5100889565347,4639.007775788697,11871.475974048075,11895.521432205458,11188.317269316472,18930.508677048692,3210.5207487029916
30910.28816761021,33167.32484507939,16741.067475598273,6921.54794867833,3432.7609117378397,4660.288205610021,12397.537605840906,11946.921302516621,11607.606814206867,18865.133738172324,3321.9442031524018
32116.289179778087,35149.074391350165,17898.468989186655,7212.071874236969,3555.02830852769,4816.122169739941,13093.360172450482,11883.886860810446,12062.075869176046,18879.486888910676,3405.9407795235334
32224.061620412085,36635.66434851092,18637.39877530199,7505.995765549619,3683.7294300179797,4956.152252676911,13838.025906273117,12164.461931316304,12242.855486862136,19505.95222304074,3535.3782710833048
31714.11878987594,38957.41066525453,18312.718938292463,7578.119009906972,3687.3148133134837,4948.657099790898,14475.866000108768,12559.2461884819,12062.261117736694,20475.82159532905,3518.47295049069
30506.832103342767,40731.43691531371,17633.531493645107,7349.905536891773,3496.1703976072567,4645.2559873971395,14847.521207258156,12984.898662044317,11584.287100352765,21297.418782958594,3347.317180864363
28063.367702565734,40066.14867353486,16425.508930225456,7004.964251061007,3268.9758252225834,4333.914995228871,14646.20104822353,12949.261704805429,10745.785362145358,21310.574134659706,3202.527391284228
25565.546819242674,38254.64544105844,15046.930105738444,6552.325852657341,2978.9417475910045,3921.2862999759086,13908.795255709785,12418.570575701204,9808.608781806226,20590.097181211277,2998.3274884276643
23243.707625816485,35122.86518322579,13552.305180874677,5983.499076488253,2720.412213899562,3619.8425144430357,12963.80441781515,11436.556981110723,8857.121789924639,19178.805723231813,2784.276650972028
20955.930696613006,32010.581783045887,11968.473391972122,5491.923893789258,2481.9832354119926,3303.2609740362213,11939.027333233105,10498.137755479085,7834.303183798616,17575.328206301867,2594.7561816374446
19020.898522224314,28246.86161156139,10911.49545024876,5000.037837802441,2283.4730302101466,3084.723553695454,10833.10802362247,9454.382709668838,7168.731024717551,15941.692507159698,2486.421008949918
17649.45468624047,24749.106659779893,10122.09648118137,4635.7948158402,2136.020406354331,2920.1649360759247,9556.606644499358,8520.308375595447,6706.963976835899,14323.47488892662,2381.789002149851
16740.534630499336,22140.32713075349,9544.56067426999,4421.093339680912,2079.441412876687,2821.4820578611857,8694.638387037594,7883.591085669002,6405.242051230547,13134.55937584322,2298.5443479953974
16075.526345129292,20033.242430850954,9172.336081039184,4272.160041861285,2030.2774437076941,2776.8387538469833,8037.387948077,7407.65018997627,6195.0230522733955,12362.854598583217,2240.558870240293
15687.808678777876,18703.589991511835,9047.23396245871,4176.063715154854,2038.00128291944,2764.105101050029,7396.048205558674,7143.218113675142,6119.98466046075,11884.350411057485,2272.55076353792
15684.820441847987,17666.78176070963,9199.267343782534,4221.466523449436,2116.4519133990702,2887.569847907797,7120.566892249965,7060.1664529975105,6270.0014976548055,11684.777013701349,2287.6775981098717
16924.225395089354,17323.724157001692,9732.464156154856,4387.850475744618,2312.069382068319,3111.6319218000335,6977.099479167024,7098.11979336164,6579.082921032275,11700.977740260609,2272.058849093322
18790.544887357464,17562.76685437006,10531.732582930965,4722.1331722184905,2465.1156749096804,3370.2639512086016,6710.4139521174775,7493.663495916956,7043.880982926734,12380.980122103263,2387.0249826374456
21119.526879405705,18798.81296304771,11117.461161790701,4999.460921006011,2594.9309870677594,3594.1161397095107,7265.134147669181,8122.387470799137,7592.514995170063,13390.588102416816,2440.0061291193347
23360.11367872028,20568.17136871024,11689.723509257532,5242.333652628535,2663.792349678153,3833.7984865884455,8025.32458915533,8808.620331645536,8059.396421206089,14577.041405687583,2527.0529618887035
25217.893069629245,22215.372166488996,12194.748064506342,5461.582841705511,2729.7730184231013,4040.237116218577,9090.255327763254,9243.507018233842,8558.286306998018,15377.154865200293,2569.143916690422
27018.063751073736,24014.447926696248,12855.329016645475,5665.083334089924,2848.6872170707193,4283.8853126589875,10092.573563648644,9604.587786253895,9245.835449364264,15887.032802679832,2666.0056109719576
28618.949992005288,25513.033048570316,13535.608724446405,5922.575137306902,2918.343127495019,4484.853323605812,10895.602975437689,9864.857527994533,9704.085662166579,16287.68275268919,2727.0218844894134
29895.45916947451,27756.39751396288,14081.358112101476,6136.72367092566,3020.9203261855496,4614.732756501371,11766.993458106486,10235.167349499692,9996.811299092557,16883.091519634912,2822.0
31311.050256859893,29451.829780710803,14834.99567093614,6400.240974000514,3129.8871079435853,4778.222816762073,12449.633259388193,10628.784976487428,10534.920874166175,17347.82748952477,2904.9025485566526
32949.925322272844,30696.40867380259,15804.533003337294,6749.97584382511,3279.3333053187703,4867.00319968072,13039.625289925654,10866.634619014634,10985.070122333349,17696.709144268603,2950.33202477758
33658.46176146609,32346.963726190796,16751.997553182107,7087.59172665249,3402.4009527245794,4957.567546167724,13559.711576924468,11212.507937723949,11398.264039079737,18274.342902710134,3104.455475456053
33223.053052203744,34094.51456208396,17233.991945471073,7310.227164515901,3470.1845247427523,4918.516530137483,14242.343966303031,11620.721923324927,11530.376496877436,19051.29057796926,3204.1811412413467
32455.345088365455,35833.001496511075,17134.285039247396,7325.769395324826,3449.21119775098,4801.948807595486,14556.331571439707,11918.378508435451,11324.436384274093,19701.408743596676,3253.5162039716947
30990.48503987111,36067.23973699595,16666.942012623727,7124.772788946909,3365.51620138685,4548.984637290323,14574.205429261368,12114.738630719152,10946.856673382103,20059.958886397133,3196.861859495787
28609.159327311838,35549.53692807733,15817.284181411771,6865.285717075731,3166.262359857709,4238.42955671626,14059.16255864152,12113.742887359796,10290.766262168996,20125.795753476043,3086.7165841697356
26095.52968897532,34426.72920734884,14691.353161882565,6425.787461607742,2957.5229419262264,3950.2364719040224,12969.02632384958,11738.115954631816,9511.926347677425,19662.863094141594,2925.161037473627
23876.639685549806,32235.392957890406,13546.138111355483,5958.032015236671,2723.9269209412546,3684.750973183328,12262.060304421248,10930.594973159546,8764.354026428,18539.688728446545,2794.5074593406503
21375.194786945984,29836.542767132323,12168.235619470968,5447.716378491495,2478.4209553518635,3353.4690303692873,11744.814726948653,10103.78362933241,7921.7622969233735,17161.868543886492,2693.739741449795
19447.27387520911,27025.306638809965,11060.467941728804,5056.438816521294,2290.2389090758984,3128.186792025125,10833.349288230393,9283.137794196551,7395.484650222072,15776.142955435538,2513.0489420941444
18071.163293178804,23544.835781009817,10162.430187813176,4721.075667688592,2133.0473549999556,2991.3332348306544,9633.615221011081,8459.055809903346,6895.82795255509,14304.227315143431,2425.7741941418753
17133.090337418307,21063.362230913048,9704.411966092035,4479.890873679344,2082.790073197744,2876.676197955646,8981.996278633911,7816.727100296926,6569.83909315576,13167.030566256846,2371.7924469505942
16310.379946271636,19055.362302603495,9279.88425326411,4317.473342207662,1991.0515322140395,2787.0466618595096,8149.897202422067,7333.116744997155,6378.4042277758435,12367.609047492195,2280.6797475224007
15754.621138859378,17697.706030895442,9129.627879256996,4233.295247978127,1995.047157654098,2774.2673366126687,7563.930318853868,7094.286379422088,6331.395074361747,11860.709092490375,2311.5411959472594
15639.621465647624,16721.956392076732,9176.325869721835,4249.7590308279105,2072.507573955749,2855.403129883626,7141.99205297039,6939.318665794899,6454.945844314268,11537.684751362276,2268.4345158095102
16788.288717366453,16313.593406504568,9610.246151318475,4361.806461835473,2244.169375514309,3083.465810252685,6909.378277298289,6915.974305785501,6733.567013616908,11459.588119744436,2247.059497494971
18785.436043095164,16376.430429662209,10525.118521735294,4661.680968604028,2388.5799422736536,3384.254110685194,6783.64041413108,7215.706183135783,7289.660376997398,11902.724505372918,2373.0063016375607
21093.277652909284,17486.079265077537,11383.803341003419,4962.394252828787,2503.392353425975,3648.281844115641,7139.694915829373,7882.9861723862705,7780.003190699322,12924.585975771433,2451.00610169413
23714.64874811702,19112.77921847724,12384.05294911894,5283.091587960812,2626.2374818893254,3911.9366371640835,8005.856907387172,8571.996483169292,8400.897409405474,14141.810371253197,2529.005914048437
25833.30856654181,20613.489206346825,13236.379979239011,5606.808460966557,2723.186941799212,4137.372343531101,8983.690344968154,9082.784998248024,8952.171602361115,15038.112324506956,2599.0515070058023
27949.85059849157,22354.885259866507,14444.18044369017,5915.598260605512,2851.5337657882815,4388.023375601997,9923.661385122516,9456.167608208612,9691.779760343074,15711.399105748691,2695.0496871077594
29305.04430979998,23908.93316693632,15479.816426127849,6252.798914610206,2968.633673775152,4557.028929116201,10809.394052058353,9734.39821172872,10296.159020039267,16130.268091418682,2827.0211143613587
30718.819303445238,25976.744556706322,16200.945828640228,6548.19542010992,3071.2144657627273,4629.716452197185,11621.077437303262,10169.317459453609,10646.230297701819,16849.182781565924,2913.005162326012
32173.17505828165,27737.520806797085,17139.33930666073,6864.040844408505,3231.0177949602357,4696.648849266563,12422.752709397177,10510.271963344554,11178.830982152396,17369.206678059796,3040.180239759829
33725.43259196898,29005.066997131016,18093.353042673367,7220.260532409594,3389.957366309332,4790.142512121883,12985.87317017123,10785.431230507209,11630.422030737142,17751.993008400863,3117.3982274049354
34850.926902943385,30775.764756534903,18946.034140296713,7578.817984583986,3494.622597414576,4845.034602161463,13559.297771238638,11025.311857359437,11954.580342552199,18181.708535758222,3277.9172809417228
34390.18416801053,32697.76517619422,19272.15027775084,7739.552436189347,3566.8518507967265,4746.874071163961,14013.139215419,11430.949851719717,11897.296051386296,18908.354341942253,3358.933858514472
33676.397550087735,34750.93445951701,18931.626100834193,7691.7287266602625,3565.2703276380053,4738.955672905921,14669.922080681856,11634.435948974586,11608.485819422294,19537.97132086154,3385.538256310415
31996.053603564684,35224.508985718065,18348.83511870052,7446.3382468916725,3443.7188243472738,4502.709561498971,14501.679135461289,11900.90746292984,11017.042787731601,20021.57529543649,3341.9507085005234
29441.556789013623,35079.449710671586,17274.36885496076,7162.186585616786,3251.928922019514,4202.498613757365,14107.883771890618,11881.94015366864,10309.852550354697,20102.326717186435,3246.163989884056
26546.24122980821,34213.83208052788,15998.818259810972,6636.529393126319,3039.350175754931,3991.6876581112033,13452.347655770396,11508.315199154837,9617.886140977005,19693.497485698226,3112.005343573706
24230.980617340363,31903.127913946035,14699.263019447199,6105.666412591203,2828.084124690577,3730.6616149117226,12365.071537701018,10796.53038113306,8985.903617476151,18682.96728144121,2964.9573649637437
21455.077838124154,29259.74934402061,12914.664270232166,5517.540579980886,2544.0697249028544,3422.8508184454745,11495.876845257515,10045.879140507233,8115.229838590017,17338.82486189543,2850.2345430719297
19933.169864664433,26512.53252036695,11785.536202172563,5092.9769040655,2303.450122431902,3238.606475690885,10462.814860615947,9354.907235136961,7561.619603996976,15983.736338532268,2719.8405843791825
18590.419349994736,22658.881774493697,10932.93870345784,4802.927929758848,2210.3339285470333,3108.2560917947926,9199.872857553952,8316.132731921607,7118.484338226927,13762.166971980849,2593.2085995536845
17730.85903206858,20433.685094061595,10248.504147387932,4534.718754072176,2117.1700546308575,3039.6176384724595,8419.234257757767,7827.940992449307,6771.227769671004,12810.959482378283,2563.6310488019067
17584.07460305814,18751.486374792206,10065.814405561161,4434.5526408840215,2131.8227488637567,3069.787842725953,7680.133630804845,7471.860610008185,6746.377631368056,12160.414458137182,2569.2702805078475
18120.638776959586,17544.575284804167,10408.03085492399,4511.764408052408,2273.700556432541,3229.828642096505,7264.081759044854,7358.485609991203,7095.207309944255,11821.566825824153,2594.7561816374446
19061.42864531287,17247.798775226493,11541.65659176696,4865.94905367284,2517.3113303360274,3471.7970432443294,6998.524625953453,7642.850637735794,7696.061607646109,12046.627055654391,2729.5707972610758
20924.35161421888,18088.09550082518,13108.706821885558,5415.91023520527,2846.4617215687945,3871.2016498172193,7128.549975519665,8240.788882545397,8636.040420595215,12846.43578500271,2863.443551484548
24155.329186808078,20388.490690020648,14924.403250824647,6080.691150638439,3195.1476714218506,4320.7435729676945,7655.598547645721,9210.486169478998,9606.544064367628,14509.25581742731,3099.489918525832
26290.304107116594,24693.065370506934,15591.439620808265,6485.7523441536805,3340.1291997234093,4545.980766518242,8558.026854454323,10728.350083884661,9987.78624397477,17093.05140740465,3174.693429142606
27770.95928364131,28824.81881780412,15828.759961815766,6651.109708470095,3297.2631137627086,4609.813311568756,9733.11729577846,11939.007764139009,10174.550174870094,19183.88673015223,3182.9544446252166
28919.69187596802,29889.305345437217,15904.228852854321,6704.2230421723825,3275.839363866319,4626.363633406446,10524.9475735067,12286.62823480213,10258.349163945255,19701.57014290435,3164.690281186061
30242.839430278655,29549.921384683123,16396.06842124596,6842.176846229228,3399.9248365132335,4761.836500331062,10901.578188671625,12099.888597809531,10746.608216871839,19289.779819406398,3197.934600085054
31805.20286346526,29470.790039483898,16991.95385257194,7057.407874551944,3532.3989868416,4890.741806806777,11590.57532098734,12004.066468787356,11185.83413645347,19092.120466779448,3246.871140115987
33170.45835787858,30362.037370084152,16978.266219684116,7251.195672615614,3609.102878077611,4969.950583333943,12001.444841083383,12165.928716535154,11508.174362497291,19301.750084360552,3303.0870976072024
34920.030746103104,31801.85022826765,17849.426863584154,7514.764240097583,3758.108977471493,5111.271866768029,12588.954205018299,12326.325898908352,11986.684023806056,19523.05475959973,3411.162338464704
36600.27908100826,33029.70888718992,18528.026897218457,7859.762562739895,3884.1915779023984,5226.176048457064,13091.718098560623,12363.698756294407,12463.052422480223,19605.890879317107,3518.3126009053194
37956.9109573718,35255.60099509343,19451.305755619785,8160.920973882821,4021.377803785331,5304.815961302009,13716.248611609048,12350.684366394808,12920.032310524175,19794.074754348996,3649.9354510438347
38118.88816057751,37027.14677409138,20175.3160039329,8493.797306842624,4160.037715177184,5398.977071144685,14577.254830220676,12671.46283666591,13187.002340965793,20472.824201613894,3797.432698482845
37097.94705682438,39647.26258193487,19967.072802695882,8564.897990551426,4130.005409009583,5356.627951284869,15266.14850841529,13103.988523697095,13057.945632992314,21458.554860681998,3822.3495671581354
28026.97698934192,38652.01835169135,15693.763349510882,6907.691079804465,3358.5406436764024,4191.246824294276,13421.946083124087,13703.531765612397,10219.566766196267,22042.200803709216,3173.2358866376694
25786.80432365674,38681.75591410977,14612.775816205165,6529.5112984220095,3096.5197561105165,3805.5808228051797,13317.27654280726,13591.913863658881,9275.06307079898,22107.19046606617,2978.3580022201113
23674.63870532878,36388.64954628978,13207.97230023033,5999.252647223321,2852.9776328718085,3390.172223698434,12484.84507960783,12726.433965890466,8512.59226936956,20994.846178086664,2701.0220940130084
21166.86871418002,33149.91591085486,11955.13782883256,5404.132193353668,2602.9382132308956,3124.686669279279,11127.570304570163,11568.069679817769,7771.488247097549,19188.686748201937,2638.335539497481
18720.283520253302,29847.96698149305,10513.3403227478,4889.237713074384,2338.7304167553243,2904.7538224506825,10105.817070798646,10464.406252287788,6981.930040835281,17423.99386502237,2394.025217133819
17086.30555911152,26276.41173647345,9630.011088492482,4485.1609790399225,2203.9059181852203,2696.3055753815784,9047.076797709546,9534.68989805529,6544.330718926849,15726.32390319683,2312.0
15870.85601355664,22610.856058501402,9055.22586468754,4239.821990678363,2098.407731701112,2628.8503790398445,7989.287100413405,8606.558694588064,6239.945877342374,14149.474626868005,2202.060701352772
15030.753538172276,20491.43173841678,8661.531828226907,4074.9140162355848,2031.8653627331305,2583.0194154923784,7254.267666946057,8002.475662207918,6036.666404032056,13166.84567158138,2168.109223018705
14726.835073625232,18794.445548573338,8602.992585254204,4006.128667134044,2071.5088683512045,2603.011282195916,6816.231002822245,7619.095182937866,6071.637540310387,12482.563844426024,2204.0606468144247
15309.67220769846,17724.81771344373,9185.941575302402,4117.219245467427,2259.1467621050847,2806.257804272646,6531.769987068254,7503.399871745189,6452.650237994167,12111.632250885199,2307.0065226834877
15973.74618722581,17341.813295048134,10548.063122058944,4556.086810234756,2487.7431907935843,3003.0593203441204,6434.115487006797,7809.11203419823,7205.506990926769,12418.862863686209,2444.510927896901
17772.636283722313,18046.868824806374,12049.284767737276,5115.071385950847,2789.8428964586724,3312.2515633534863,6522.793918615536,8593.943367065147,7898.722840756765,13439.028879521424,2559.2147107824744
19582.552878676637,20397.4599666291,13528.856758977312,5647.038937395008,3042.3011278881836,3581.992486223654,7073.242823100637,9550.014369509212,8625.689742100873,15303.031251058635,2795.3508321275913
21002.90321992289,24031.995043990915,13500.670792681607,5834.402870368485,3046.2890659520135,3651.892109835198,7708.014345465672,10484.875200538481,8704.988213735793,17060.136549158884,2771.0875378493047
22051.93312853827,27646.905171181686,12917.720864573508,5773.083178968248,2947.1405715995716,3537.4330642815194,8651.839243833858,11265.835239031429,8580.324228679845,18472.00682587154,2668.2702854367376
23293.210346141594,28573.928212990402,12765.491765964502,5685.892836583432,2888.427281583695,3536.15463882107,9157.993974548139,11478.012428297227,8559.032621230017,18640.867873108975,2716.6489790349683
24819.267197908815,28127.97404533941,12791.42129741957,5720.305184058508,2898.399016748663,3614.270015816235,9339.156523737405,11295.462616636665,8720.807332155371,18116.595506076235,2702.906204883039
26239.312703294356,27869.142305784153,13128.358381387814,5819.897041386798,2953.1222586396766,3718.3326928481533,9770.305101948577,11054.406264185192,9016.034569420688,17660.488027839085,2736.69509927555
27493.951499594896,28594.1234458193,13278.413723397218,5939.451955091979,3020.826402158656,3780.4906255828155,10486.407148465007,11332.328922445642,9254.787863806592,17978.76290278871,2804.2574118206308
29355.67025145006,29676.414188932213,14101.228241159797,6173.601048005179,3175.2567005732235,4014.252278246708,11188.019961225611,11648.088978361746,9737.149321992498,18362.52158902735,2953.0050669965103
31218.237980760707,30728.30406090956,15016.499466984891,6489.524285168961,3326.1531911384504,4207.79620914519,11624.371214190838,11822.90963564617,10176.882027437014,18534.314680481628,3089.4628425080987
32293.28866269223,32832.62041723476,16051.84078119454,6803.820924323892,3495.546487101396,4317.73290735579,12313.988948067268,12197.288078128233,10603.406083990258,19160.37701883314,3157.9001574208387
32754.017027056238,34463.18983551497,17025.70733801508,7121.692084134859,3682.5622914017117,4478.327563118742,12921.669311306763,12601.265370859584,11038.411035957733,19994.177127922143,3388.9323278573834
31955.18639814873,36647.69544072311,17229.738153232647,7204.792645960712,3711.859357710588,4446.825257411199,13331.781178100153,13019.502354469349,11023.985099982843,20967.32901976104,3350.6823794546426
29281.572034943696,38217.9680703326,16226.047049863622,7062.128970395665,3465.6355466601835,4170.881849818814,13568.333114432977,13514.900012856138,10474.7950950581,22016.985988291424,3186.5573729779917
26345.922443146046,38430.149884309,14894.694714812096,6631.557528338343,3181.202745237567,3771.5572884131257,13354.712582354607,13474.937154696145,9479.443766863424,22143.61248120848,2968.714232462462
23852.855269336804,36162.42442648705,13410.218415191563,6086.387161270614,2893.309180678026,3411.151520208658,12539.166116827768,12650.024656761892,8576.106469192991,21020.090514634347,2711.0055180864824
21456.891953545364,32828.17743597163,12130.991183529415,5486.30049801462,2619.3380073546036,3128.6830357076774,11180.262128601857,11432.354253074991,7826.081790446092,19178.17196797286,2612.2102794840594
19266.213314807923,29480.044491752324,10651.81855521777,4924.066168857517,2388.3995940967875,2868.7769059761104,10103.206481475963,10397.072194985985,7046.183313817172,17361.16596063483,2444.0246981209148
17323.872376098912,25925.799075334246,9724.396989005227,4539.335606843448,2220.611634983465,2716.4782064843703,9156.317190218211,9460.467270035904,6562.546956357667,15623.687898766082,2309.0
16015.939858195292,22632.29995455081,9100.785201233806,4285.166358409923,2091.777195601892,2604.858490480875,7916.495218827688,8560.234150200187,6245.909385269889,14136.522415074707,2197.107800297578
15159.796142856043,20274.747678442964,8717.44524116524,4117.219245467427,2025.0149337257085,2560.873770506383,7215.348678693305,7981.5412290084905,6059.537296295478,13083.190024550133,2180.1086297766274
14747.26800226302,18638.394894745183,8665.210867417658,4048.4713302348196,2091.777195601892,2610.1730000933976,6800.774091030778,7650.830141745184,6083.179127435503,12418.062872628727,2213.060402599752
15251.917677320527,17459.624865059806,9165.319204492012,4157.0773821578305,2252.8524170687356,2788.045888622611,6438.604787912522,7467.718894592135,6468.569535736912,12034.042914282774,2315.0260831610344
16003.118049506653,17177.565389496074,10471.84594660931,4555.592841704509,2486.744813062755,2986.3484079544783,6318.6175944098695,7796.892780633786,7223.014384826785,12305.964076581518,2442.511357961372
17692.997723861066,17976.33861807972,11898.35889294738,5091.624204567204,2743.7408343213215,3291.5386274778525,6473.0477820132855,8563.244757257928,7923.601999676197,13386.38817080955,2568.292051229921
19830.901042222962,20296.305139158212,13332.351357288579,5628.605377568645,3032.331436847144,3606.9705705523907,6936.766438351409,9458.027865829057,8601.43835070645,15170.358424578015,2792.4457042366435
21424.290680354276,23892.98733078285,13529.091036486805,5823.9188827653825,3037.77157078464,3663.074420107794,7622.839583983795,10467.478141601145,8805.041536731116,16950.022468153387,2799.0486135677543
22581.764951433932,27524.89293229317,13076.604349397972,5741.259408974747,2936.725561346727,3595.5164524992024,8654.700546020882,11256.334347749598,8686.969078851116,18428.15851254552,2739.263408095457
23956.48894905233,28577.912996892213,12935.601042828162,5600.212212238863,2898.399016748663,3622.2058432998274,9184.86736110756,11463.011285225319,8628.271534479132,18581.56008342896,2719.5371797630696
25651.627508280042,28173.825425911695,13049.71021703918,5620.691899316427,2880.4500493890446,3746.2603498001777,9499.445880810694,11134.0530786553,8856.072026964139,18026.960444899483,2674.376144177442
27317.758245348155,28163.489754335696,13385.15973833766,5751.161491073926,2920.913911735255,3904.5660334022973,9865.036065862669,10780.209274807017,9178.198433720578,17383.6108873542,2734.895955970918
28989.600687446295,28892.018271117537,13590.668236585045,5868.216403331912,2974.616687623237,4001.754160922563,10471.920700743693,10945.431480683606,9440.224588545307,17552.939832479642,2807.3349985426416
31177.990660052885,30165.471645217738,14498.28486094519,6039.584941780516,3114.986775100508,4208.525238034114,11190.575487210866,11174.283306174999,9908.325812242678,17913.24811900685,2942.0
32863.13843284564,31263.82614393109,15407.670947025223,6329.132932386552,3228.550121978817,4410.8060732430085,11726.461062910466,11261.467587456615,10357.052772602048,17970.99441930764,3105.2119021342924
33622.82904731562,33343.73708553697,16306.559922957274,6611.0279270761,3395.3962459458417,4527.803812912325,12520.123422050216,11537.758065556163,10827.640382107411,18613.403045618,3155.157811329704
33792.449932613534,34993.7108937929,17094.914879190215,6948.155791898049,3570.389256774605,4674.344086525335,13112.467819164252,11928.7547149425,11204.895639773498,19330.013554239802,3286.8244940154486
32692.47869265606,37123.225896734424,17154.015067284978,7072.301187549463,3606.6786147585594,4575.753009744023,13517.599894161778,12371.795093156552,11149.030021010049,20329.231849478118,3281.08717085379
29811.53963645425,38638.34344656,16231.014174646734,6927.917331519976,3381.449091190246,4246.520850419078,13742.602105514168,13089.136960577682,10545.49894260077,21472.798664998114,3167.9098793014887
26695.693547860177,38838.36075714617,14872.00042837228,6558.346330711346,3092.022857778723,3861.4611287544676,13535.864681270796,13075.819380394898,9590.29785205752,21692.158978902753,2956.923100548177
24157.8645590024,36461.26064676653,13368.872515118073,5991.457157730198,2831.991288939164,3488.854814920055,12558.0378295314,12281.353334498466,8673.312450722404,20588.53545116723,2665.0502418566793
21723.24559119144,33061.93422484002,12081.162247341126,5438.947546292173,2563.0581112996697,3204.1065411204204,11284.923533771764,11240.107482442234,7899.449570501121,18891.68755011928,2570.1480258685992
19158.78145498382,29651.359392138904,10643.842519340718,4900.183498969881,2304.806648166582,2904.9592822098034,10310.1653364244,10279.578441220836,7043.895472449256,17177.446375687094,2423.0562265041135
17556.21261347699,26087.31659680994,9731.770263128188,4518.0021160776405,2178.3238475000994,2745.654947564799,9232.131586829522,9306.993706508822,6594.012228956388,15483.74161086112,2317.0064944426954
16383.072341633253,22664.315745894633,9098.498701106406,4246.792617506045,2064.4684772312366,2648.1554819823273,8023.0049650179235,8477.532069186385,6270.413007630117,14001.523563618839,2213.060402599752
15456.39480643448,20405.283233470123,8623.591273114242,4095.796814856997,2001.6029210361946,2605.175344730298,7393.748131477544,7920.275966063273,6089.990507444641,12959.585128987068,2165.061728304539
15239.518660085347,18659.770892364824,8585.333278369459,4030.0503154552844,2021.2882625435982,2635.3371268197266,6813.213592977263,7583.59111701305,6056.931932622796,12298.730794442166,2175.061447339019
15795.876519633988,17494.886164288953,9163.667655455958,4143.61812089195,2195.6365741080685,2813.251872858111,6485.926407464438,7431.178228877235,6443.695833643795,11943.625173856242,2317.0064944426954
16714.118652774137,17086.390528211872,10479.252230842516,4532.6755621044595,2465.1156749096804,3043.2816039667828,6365.886989998606,7762.58774925288,7210.481286541847,12234.362277736016,2441.511573265219
18516.03935387909,17918.071172370113,11920.273289053777,5066.7618632979675,2735.1571844382624,3340.7549584894005,6505.884705833814,8575.599213317168,7961.419970499927,13310.314838937838,2634.161874811518
20208.967181806496,20206.72700310968,13319.270807553941,5584.76948102035,3009.952308332075,3635.7175440395436,6972.221841610462,9542.223391632522,8656.75066094478,15066.00752574889,2777.353155203265
21354.62683877285,23856.58632592724,13421.471368949029,5818.469126993923,3060.698462295956,3727.037167731359,7735.896032754577,10452.523372762153,8713.935996725264,16910.24119643999,2775.049037368511
22205.293744950144,27732.140085019066,12918.717621383128,5746.708079256442,2950.1314048103904,3699.5016085706143,8794.86951947795,11293.681537775468,8555.6937955374,18367.406040761398,2663.3527226653937
23463.002763309298,28732.839382950482,12800.680633230872,5625.122354273977,2895.9795576142747,3734.2611998386465,9214.296289311642,11389.264770254738,8579.12015218036,18444.04923909093,2674.7820304435872
25533.22120875966,28555.259243025106,12853.10400383847,5620.168206117656,2909.942643174925,3851.3210025563,9445.138379891556,11131.062038410018,8807.13494268056,17868.54245651225,2700.201468336949
27365.66066910874,28621.24305560873,13294.984484088798,5673.947219489264,2955.241927277158,3988.6512189032555,9897.792612287862,10764.902120896802,9166.65154162338,17269.47501387664,2730.887790840945
28942.973490872493,29552.158685509465,13434.304771021962,5731.723368298534,2989.5745510919946,4091.847767630768,10832.173853194972,10878.439138713213,9298.767896669155,17303.77395792164,2805.3352325045453
31123.830146817603,31285.894425988496,14277.137356884225,5921.0496379734805,3109.546701725757,4293.8782511314785,11324.94673610192,10988.49540498262,9783.147590724417,17593.956013584026,2919.0
33110.22617234933,32384.176823088408,15210.276194345315,6149.825547565254,3220.576497818933,4464.359398036024,11733.988366132387,11025.382081604248,10229.5304896272,17660.609560691777,3039.314737874409
34054.40961199396,34453.62779723504,16264.158868742406,6442.115293018955,3397.388736414805,4560.124106613141,12389.604873969383,11231.367052171314,10616.746496728825,18211.395430599983,3175.9363855002325
34167.2684104791,36227.621256587074,17064.148790776406,6753.993507162248,3580.2541501427336,4695.847103368234,12921.187277890624,11583.534818373593,11078.846391427931,18993.372999164705,3289.4385184806374
32887.3012351844,38230.46302041497,17207.343367107223,6798.710665737771,3570.251066338113,4641.002064429564,13274.506000764015,12072.01143823317,10958.53246878834,19961.1330511399,3270.8609720841987
30107.716786707573,39573.193597767495,16302.900386643492,6669.53867501714,3358.5406436764024,4314.338518781447,13442.886736629032,12722.84651922732,10307.628856824542,21217.74311604682,3197.8553243548927
27231.979239159216,39711.340406037685,14882.154163637953,6292.720627915342,3111.4503173761627,3910.729802605353,13180.764867149823,12720.857088690494,9352.18544025818,21446.049703445435,2894.7601741650938
24466.238822947165,37310.2337096153,13445.0897317817,5842.646091700285,2830.0495464735477,3548.785415523647,12444.094732867201,12011.763009482842,8469.672751741651,20359.331515736718,2664.0
21572.95150945148,34012.80006727357,12056.25790412866,5360.982021627516,2562.615928419287,3252.3153472695267,11205.749581022674,11056.27423273083,7728.810740141441,18756.072423730442,2544.1495608256596
19158.60126799146,30397.74861187031,10716.62531281211,4828.543462395327,2330.140411284684,2935.9375503077185,10280.967615485974,10100.724847732257,6889.573745212096,17110.97171096394,2390.0570100640994
17494.48180549569,26666.278358953783,9817.754007726284,4472.084716982065,2181.9486752574644,2738.2847031327524,9059.013113502679,9163.011281393268,6437.03825117963,15434.352033631027,2267.0066381462098
16258.515203847397,23100.605412410012,9159.37946630803,4265.355146455353,2082.4360506059706,2673.3172953893836,7988.722686808212,8337.559732100946,6154.47796457112,13904.399295888565,2217.0268857188066
15514.025330481996,20857.62484811727,8674.154898917492,4093.369916527096,2013.0277007968675,2608.8571278451755,7305.43837287651,7813.1546324345945,6002.859339260591,12947.243966616512,2149.110175685793
15153.255067026254,19174.434177174287,8607.299371387957,4026.0558038926815,2074.117704937326,2629.1641751414877,6775.8489901819685,7537.299257937915,6068.8664536651095,12342.028118506145,2187.0272520642425
15498.967208082153,17939.960867928985,9086.46344008346,4133.16213245913,2212.907706492039,2820.245972525117,6448.084079770309,7447.3887187230575,6427.777251843877,12031.428651454056,2265.0266627002743
16198.409270271284,17566.901248692116,10358.729622794634,4517.730017224488,2481.086970269679,3025.302410179536,6267.786098015211,7768.955310119313,7183.620575100897,12321.550218702509,2432.4044908250244
18022.84064085343,18313.838745818386,11756.920084298978,5068.840248097392,2762.0912656436562,3337.7585585852626,6492.929048205951,8526.492287096891,7839.016435502348,13344.238884262313,2561.214540175486
20317.859594400044,20594.781676283455,13126.049177691024,5586.761959007523,3018.9261219758437,3629.7222785133845,6901.453101872785,9445.462433952442,8452.650860923663,15231.804088441033,2722.275210716818
21605.99425565694,24106.219997102555,13254.112030122405,5817.473281653495,3038.768366613941,3729.229904800997,7659.621578751547,10374.760909846036,8672.54174694032,17111.97796755146,2765.0877298410296
22906.89396019338,27845.72484835182,12694.049480912296,5718.822126715586,2918.343127495019,3671.6028415428714,8621.980722263534,11234.878348624485,8509.70947298351,18487.951866464184,2694.1972235122735
24170.582570269195,28922.635700356044,12616.901779447842,5608.6796129630075,2874.0383657122343,3706.333789627404,9184.86736110756,11354.90234831368,8469.09740642928,18659.74856182696,2679.657679951601
26045.43032921201,28843.77618248671,12626.022274448533,5557.385202512271,2918.343127495019,3855.3966483579457,9398.888472441244,11045.772290688872,8591.057802917916,18047.8947047792,2658.2197044602904
27938.94272654678,29056.72648849487,13042.948565454386,5646.0427132825935,2966.0828618025084,4017.549754237372,9750.984663845295,10687.71046687385,8872.796317854296,17414.553811135873,2695.9084781663023
29674.080273476473,30261.954633318528,13132.36182449826,5722.2593856843105,2989.5745510919946,4104.845008307034,10483.534153856019,10819.757020283421,9083.71596555679,17519.60423835784,2727.344619055599
31585.065812587167,31855.698063950513,13921.958967750244,5892.166079695568,3140.371428586953,4310.866325529537,11219.01069076482,10859.985140874367,9485.980177661855,17707.983628935945,2808.0
33322.58899823503,32850.98874626965,14782.254957436491,6121.50403159157,3252.925160898455,4489.009926879229,11689.63123334108,10837.431215493365,9928.132461375186,17616.814229752068,2956.923100548177
34020.65637165117,34709.16871595931,15845.637051300926,6431.355734636997,3402.877246960278,4552.548561980559,12456.685908975816,11012.160842460378,10360.952137084789,18103.80006803596,3023.583650889204
33850.18031160299,36010.41361943594,16674.691554455396,6647.674471114565,3548.9312464891937,4694.425172574501,13187.915054216037,11310.58564456499,10736.250383947707,18783.444240084063,3168.9345387600997
32427.490464921208,37883.27223721938,16750.134649727384,6730.497947485437,3528.9364719304704,4600.120243766196,13596.103816942405,11767.165622921159,10697.002220153185,19767.068527191277,3209.613003353833
29467.894289325835,39338.0215243549,15771.36111839562,6573.818388320017,3335.23139265,4290.402145139906,13653.22042976011,12370.305384566496,10143.9854647971,20815.366063511876,3056.2590638917236
26557.59541059981,39536.914750584954,14506.739603023136,6210.474353657789,3048.6870161265856,3892.768771491665,13473.975108203045,12345.297094848731,9199.663058400056,20889.569928047844,2823.607093661662
24318.16052931315,36996.26222609926,13517.594018650338,5786.578942161803,2799.1485497936055,3474.1928372138495,12377.521315344366,11632.964172943935,8471.172770203553,19739.806768554954,2785.9112665528774
21589.39059530509,34024.84108711073,12168.516186024786,5315.2400692929095,2553.088736009289,3198.585602201751,11237.56387136192,11089.4069871345,7694.076352779526,18866.98078841685,2672.907865765424
19443.295096989194,30871.14839467545,10959.503495944035,4874.8994114379975,2320.7704708407596,2922.638777203841,10345.961055172455,10261.18913405209,6923.336078632174,17383.88424447838,2484.7913364850115
17825.05176662059,27057.681284897742,9979.646831670534,4435.255728033829,2154.6485110091426,2731.4559059195617,9340.155154885455,9326.812259835571,6408.544217673167,15810.492213058733,2368.298711836817
16604.30094072432,23802.34037113343,9341.502401578826,4153.196389006484,2001.312676311865,2601.377602979159,8173.9894650649785,8460.91131246616,5999.805318594435,14379.49401524139,2301.397539936338
15779.33936322498,21239.818694222995,8855.160485753848,3966.783698702435,1974.3464732747384,2591.9903373869597,7420.551228731759,7821.014985488756,5787.573275307545,13249.51037208871,2230.8546924326297
15002.433304558936,19326.25721273026,8510.955178075737,3864.1585302382164,1908.8780296738412,2549.764149119557,6845.093190646273,7458.317902152466,5649.2497924880645,12528.497399464906,2192.3613773173306
14786.138881526549,18134.765421200504,8488.15495078775,3817.3311415691564,1960.5836979902667,2590.717593191469,6482.963292505334,7223.219615224704,5691.429547099915,12103.610836612412,2214.6124079158476
14566.927682272722,17200.06558539253,8783.600437379433,3933.8967785138816,2025.530124851038,2647.205416527021,6236.4189055008555,7232.774545343221,5844.831366736558,11933.329076633583,2185.1059624827726
15429.320607557313,17048.064001356182,9256.757907097925,4091.5231645761405,2214.336404080894,2775.3534152232455,6107.98222299839,7345.523725302314,6182.144633906659,12071.159242331598,2148.0277435080316
16798.036821860373,17670.52102522557,10018.067561783884,4405.807426700283,2357.310781324183,2845.2966835161424,6070.7571176427555,7722.186099194188,6744.241081055078,12836.331571934626,2322.0
18653.624538673444,19036.095627472594,10495.947395751984,4663.741557778713,2468.1102621194427,3015.942998049221,6408.790244710415,8253.916555276557,7035.008275645696,13692.836165131144,2496.22889328106
21118.235690607573,20855.221129034475,11106.798330750742,4868.435135798097,2549.6586677648406,3218.885352068681,7000.544773848427,8763.056185322923,7396.125058524793,14766.007613280331,2537.49169871729
23479.837807973916,22582.864298244218,11574.057386674516,5017.873871684544,2555.2956044496445,3412.5196562128476,7624.208679068202,9136.557787266607,7681.149348587306,15446.685723717965,2667.9857226137265
25911.455594251067,24544.03341831262,12186.056872282019,5171.303657135934,2678.5028362853536,3637.328110828466,8306.678429586087,9412.062969449666,8084.853482106395,15976.27795713563,2747.2803170356133
28085.16441023649,26190.517305269655,12668.662112297827,5325.3417298133,2798.8186819576767,3862.061675467483,8992.17300351608,9571.127520241173,8488.28797257266,16268.820700275459,2795.25742126743
29879.35294087528,28637.026740872356,13000.996154507078,5504.8624941112175,2875.0356711288337,3995.0037478135932,9893.769092956167,9858.125103097651,8790.122304222232,16625.99667658305,2827.2426069878543
31461.232448333154,30914.316743659925,13654.41446147872,5636.9471854290605,3037.359386917538,4137.058427287979,10706.46017023934,10048.808011928497,9427.642017180819,16914.816118871433,2858.586508722415
33022.74024664865,32772.79141519898,14399.531809686983,5838.457642251509,3106.049340979966,4272.606720217147,11246.192848723942,10259.113286808004,9982.69516175671,17141.585093664624,2966.009256874144
33355.51652622633,34573.692518695294,14987.554460975696,5989.075496489113,3228.3150098634605,4431.730879696766,11615.237749815651,10617.600907203941,10133.74839141395,17602.153350283024,2932.704472504617
32812.885154531046,35689.64168865651,15169.661537176908,6095.228910262627,3254.605038311242,4481.028548181222,12254.082775549266,10914.338837839148,10310.844119857913,18184.073957181212,3015.383473119224
31242.237642965796,36711.36721222009,15291.898263044784,6132.649149972473,3272.520194006892,4373.460506466239,12395.08018443046,11225.078446785097,10268.48771884636,18767.536642467705,2988.577345686406
28595.07255164816,36644.39209236533,14649.129946755844,6049.856493045026,3138.4557149644356,4096.946709896688,12301.376488855507,11611.41780292603,9597.515150792706,19345.166193169644,2934.2990202777646
26249.52823611624,36573.285403298854,14150.169756457506,5851.468667148213,2912.687553368981,3807.1704071748336,12054.906264906218,11544.829283574507,8983.613927559709,19543.225281227442,2861.504686385041
24355.30426105139,34711.84848284797,13206.245898761757,5537.858276274327,2713.9593711108505,3420.8335012427733,11307.712380865743,11107.33191943505,8404.439657192532,18915.56459254048,2780.210441924859
22369.670622237107,32518.7960958468,12309.617978697434,5157.025250223768,2549.6531770237275,3177.420656389246,10762.248288879633,10483.756465430135,7819.075548454793,17991.930694222046,2650.9616121610306
20039.85718904116,30127.836462408835,10925.31454573619,4772.05754388218,2306.802096025129,2900.7681257455597,9934.285569095095,9826.799388208807,7033.385157197797,16842.704323968588,2504.126578013549
18169.17695406719,27247.124270764933,9981.637122203741,4360.042552822166,2123.706245360401,2701.4610964063236,9181.775772940144,9127.461021859102,6538.420954486397,15642.37460735029,2368.298711836817
16892.213006593567,23864.27535842312,9269.272525701352,4108.397080653493,1999.6057119766397,2585.4823294957887,8072.894753176056,8401.892554630573,6200.849072797612,14252.2537196404,2320.367598856872
16063.928804348567,21208.474717547782,8870.585130842303,3917.506665510319,1958.366971270161,2569.018935539257,7305.43837287651,7819.614918569167,6022.021645859755,13119.455098806551,2291.236400654361
15202.195318360453,19345.192886180288,8445.181224222697,3799.896364458998,1899.6375023383437,2531.067402254102,6791.2978807011705,7371.137364873947,5911.394203322814,12376.06248079982,2220.206240802693
14643.144432092786,18054.083554116525,8407.949174263187,3740.615372692442,1925.3862019992193,2548.0455287916616,6417.232671684485,7177.8633520972735,5924.052134913827,11946.755917016468,2205.085698686392
14393.141032875199,17050.07744374715,8568.36073889878,3798.4000798150337,1979.806655631475,2595.274189162462,6132.292964774148,7092.708197079556,6019.141256063484,11759.565535778374,2207.621259537967
15041.799093972633,16747.834909254885,9008.546647485846,3956.920756489476,2172.3845480495734,2713.3616701923834,6065.659832288826,7153.107652643905,6317.842028316607,11897.903671602577,2151.027705076256
16293.883523396227,17190.376260907662,9817.157886144452,4257.2661117727785,2313.378568189371,2807.31353813351,5922.4515573089275,7501.948140067923,6846.784263658432,12532.015308810607,2271.0
18176.81244756241,18406.2546315091,10369.434986304725,4552.118340018874,2428.8413724374323,2974.8259006548033,6267.852676134131,8005.144401128129,7250.314134913072,13377.368404574194,2408.1581383359417
20614.132704045805,20136.256128262,11096.83330104115,4763.815737094445,2496.0604209197504,3183.6603415675545,6849.105174489976,8573.418827938565,7660.00267653532,14440.107737822014,2565.4861895988624
22833.239988448266,21968.305701769284,11611.461790661288,4932.691220819432,2544.668611679479,3332.5318378386046,7548.987403628405,8975.943189047903,7980.226267679478,15117.449027519882,2648.1554819823273
24905.900186536357,24137.67384526492,12331.164166480958,5071.73356297735,2639.9888537051315,3564.3347091376872,8269.311933570578,9314.903781340437,8593.692562277469,15713.455158689065,2706.9709977525476
26564.71776664871,26305.145606756232,13186.824162657804,5180.811802858981,2735.1571844382624,3780.0630030960438,8871.666931683778,9524.101240056916,8845.436723106697,16009.594643850109,2757.455239195824
28213.737926050366,29155.40428842997,13749.472778409952,5282.640244259875,2788.430273979766,3902.0038369711556,9447.336880484927,9805.219968298094,8966.399391563855,16463.59976578274,2828.2421496640513
30039.06470695451,31524.311636092785,14670.795788435096,5337.832742931421,2950.0971209394406,4037.0336238957507,10073.766224537518,10017.274675863886,9223.262359315993,16757.40320232025,2978.641561709252
31903.18791464318,33100.44382255229,15473.04502430377,5486.110167453276,3062.6938019168365,4210.476956026876,10635.39004829315,10207.61853155641,9544.946513854873,17021.072563152073,3078.1068479050455
32876.38191019447,34943.3689368233,15917.725798852052,5597.724023600446,3211.8120968826083,4389.414385614228,11190.06675978128,10545.373528227727,9828.460973866546,17597.59075971759,3041.7919160788856
32314.94324059015,36343.55235626838,16169.444205318996,5793.913946712685,3306.926799569282,4428.30350588973,12016.564050005949,10894.278002092908,10181.015917493158,18205.363969918697,3117.997000619512
31094.709413639575,37582.793877200835,16262.050573567478,5920.701092821958,3289.8822375183686,4320.6159796279,12363.611127741187,11339.488215155068,10163.818259399368,18987.874444083653,3092.1528313702515
28383.63258522782,37642.92484119323,15597.978054471201,5888.012268820918,3170.8656374789057,4076.5659062071054,12279.83694953748,11837.345840826521,9723.251542021115,19794.29465875766,3017.4971306892453
25738.132868212884,37468.79143177521,14863.58718039827,5702.185346241012,2932.1250258075343,3766.8596868299687,12015.160086867974,11831.098513874906,9236.362783955563,20000.060556407465,2932.882838308458
23490.805824484516,35411.20393235374,13391.288586913683,5379.876911448562,2716.426018492216,3395.1672696630585,11193.461964335895,11300.46989566692,8597.199545826448,19296.884796162907,2567.0924378826294
21041.448381164326,32781.92991659673,12591.82224456857,4973.796015244487,2504.785417184181,3213.8466506181708,10522.215818880388,10279.961476350718,8037.383577895097,17735.599209120952,2509.151678095162
18618.856035596258,29993.412459466264,10919.709011496963,4533.683000097624,2268.2947087696944,2914.7475164112293,9798.18202856124,9513.776050407345,7162.050264016563,16386.591713782997,2373.0254416818993
17216.094256819244,27048.031899897207,9929.09927552784,4240.471133880281,2121.0722778559484,2739.4652339091167,8988.180505400353,8857.635468877097,6686.4876573042775,15167.474798836314,2242.0067124094576
16000.462344632795,22864.078290384216,9333.475271493578,4045.686550194091,2025.1991525734525,2669.984956637368,8003.221060690261,8184.11878055483,6319.098312365649,13618.446388459837,2187.0272520642425
15326.738763226607,20597.545769843244,8896.76898955777,3912.5275437032337,1968.3541182855554,2627.850713955087,7371.300578157562,7677.664507735722,6055.1194703604015,12723.031916596865,2145.110378368799
15079.523919442338,18930.83064204244,8840.209469825131,3854.7101778309807,2004.0373827761578,2643.9950081297234,6951.25537461574,7350.953460890381,6091.612033949161,12074.885627869155,2149.110175685793
15521.387296376211,17677.768372538703,9284.790598870719,3953.3257462919414,2205.917603242794,2845.2251499648105,6618.433563408792,7259.416431927232,6532.029643503733,11886.36969495661,2273.0066205668945
16376.229786211878,17233.405583388474,10629.692582093969,4403.161322850448,2472.76767336685,3067.528780541019,6559.154719748799,7665.58359860772,7255.054798734217,12315.326061843578,2442.511357961372
18074.603472935272,18133.05899221958,12040.864790649579,5000.978555521934,2766.6887323129063,3361.7299496265105,6701.137434389755,8481.045771998663,7943.084653247604,13416.323886054077,2556.2149672023234
19986.439966085818,20541.119025705368,13311.609465277823,5536.467406521873,3025.3527851258978,3668.917580107495,7303.90486018273,9496.933292630669,8603.051192131496,15352.333149777924,2784.4405001908804
21350.499060685226,24254.25955463336,13537.151205357619,5751.296179491304,3063.689016140484,3741.2224105002824,8169.355065607308,10470.024129861315,8730.837701984696,17148.089031660005,2768.0491623724965
22176.413384724747,28025.9941226247,12946.095564026571,5656.5503812424395,2962.5499582736984,3699.5981671384893,9203.258556600455,11251.350815093963,8507.72043153289,18628.054781277493,2667.270384866278
22938.97897753184,29118.408315579858,12725.460171341734,5511.566582522251,2866.0599969015566,3693.33498599462,9553.106823382237,11375.83059722632,8349.326501769734,18679.733257604148,2640.7917768629404
24203.512985207602,28961.857621749543,12803.672187378721,5423.405339031703,2851.1009157772687,3797.2567980181825,10044.488780351307,10988.045258260823,8299.237643403405,17971.676308982496,2633.0750632438157
25143.9679017365,28873.381978448368,13027.545081006929,5442.7957839975925,2901.9636891881,3888.4767085273,9976.385034081837,10658.0854412919,8367.64397949571,17393.592451600503,2686.778647570867
26561.536307717593,29474.943421775635,13114.480071082984,5457.251514465717,2943.705272439004,3967.7607962078855,10210.549263757714,10758.917635168043,8451.39811672828,17463.62020868799,2689.349385045472
28773.280555588117,30645.86186292594,14018.562566774212,5591.252718561157,3091.6018312872293,4138.570039063198,10708.307765061425,10856.370149610644,8682.990669705276,17616.285441570693,2797.0053488643234
30547.496243229587,31486.639030204886,14819.467050038043,5796.560902393139,3176.211504973939,4337.593014716709,11057.638939380058,10866.801683452684,8962.39905229718,17652.63607323385,2968.0977083621897
31580.05601211096,33307.39202925248,15831.575832915827,6072.866777357875,3376.049977847513,4417.6703616502145,11562.717670452688,11099.801403350551,9429.674373038368,18123.720961158495,3040.0197598373916
31981.164428570966,34655.386179882385,16642.75075643693,6427.411195740872,3560.0043462921208,4578.893780104103,12064.756422851447,11465.529892844184,9942.756670382782,18780.127778845985,3243.4614022470273
31095.39126732286,36577.73873605467,16848.779690949046,6595.670975923072,3573.8212184999447,4473.3402338084015,12629.605915678942,12028.20577870394,10017.66508150533,19898.289176268743,3220.2127026507214
33049.25337101163,39044.463379443645,20001.975262431624,7131.528975247754,3664.5182154685776,5231.7196587505705,14942.208776418116,12986.306943336762,11368.064026661485,21801.966176476042,3429.133140836393
29764.63709022329,38820.953042073066,18866.851305378554,6944.562827762339,3459.6934080136725,4756.955027294661,14600.069135957272,12905.70925515416,10808.40579621178,21629.069249448836,3277.5543508873716
26864.31717864235,37319.04949954155,16923.207302522154,6643.484389678618,3191.769861703175,4248.910303224531,14089.290839366899,12482.705446757602,9853.005545432701,20833.452908226624,3077.499385350677
23800.86782626792,35257.33728130048,15058.59288731601,6142.775780901656,2923.674668585872,3862.1495654442165,13313.631230670528,11801.740600949784,8870.809513254546,19922.864252259144,2902.5302800475606
20549.196878296178,31824.626353512776,13312.08264178265,5627.6241505675025,2626.777027047371,3508.132835258458,12079.194880217869,10967.834232904095,7924.57167284486,18513.443147356134,2736.200593581124
18888.266079708093,28182.529428151534,12176.934854104164,5207.672936581824,2493.2782134430377,3250.572670303259,10948.945883969292,9853.92386135326,7418.434302510511,16782.706224034177,2670.205635116041
17434.28515139665,24863.249280671847,11309.39006638587,4935.723686702709,2368.8657186725645,3071.318688089264,9878.732657925195,9278.709928901895,7012.701184811586,15277.437916154917,2557.023600355771
16464.562803521512,22389.872272123564,10615.624817020602,4730.070416748285,2316.7794640273896,2969.18461478224,9075.388549445986,8659.864689478683,6703.404823468167,14177.462477103483,2492.0546558078468
15766.987578365439,20670.45991795628,10336.939474375004,4615.076738455264,2323.7637481269826,2978.3288402884377,8499.186075468726,8235.801395850189,6609.826525811768,13525.947292604616,2479.0979723105806
15409.297938393016,19475.266562803834,10602.05093583536,4697.718911983741,2443.2666113614378,3075.4997180836867,7996.35321517255,8108.96729632284,6881.605879786215,13115.983424292053,2508.219154837043
16216.799826430253,18924.39351776522,11766.286866285387,4980.658309596206,2665.3349203019234,3389.1740508670655,7780.616772985051,8285.59635027523,7522.8475692769225,13284.856800894802,2671.3674848904934
18492.20370871233,19462.834122887212,13496.906602083563,5506.948396811299,2992.4549184160146,3844.5623167650842,7796.0601596825945,8799.374078065215,8327.674068650136,13927.103130719792,2704.651775620371
21574.54720123232,21998.129139683642,15564.42163801936,6148.688629663535,3307.2249655278138,4339.243879582641,8150.924901686763,9809.375668155542,9421.786741824919,15474.223417456176,2915.182493500499
23516.97738640769,26524.844885053135,16111.523499673112,6498.501585428023,3344.109791493741,4580.767998136877,9330.384374498195,11089.375403480573,9805.761093908202,17679.450021298024,2984.3983579461874
24842.559336333918,30707.958201000387,16057.897274741623,6523.641454704676,3270.36503460263,4645.619541560208,10803.992403302998,11964.59220472981,9842.878717348302,19328.952943177774,2907.7780761438644
25986.242083298708,32070.264596585363,15880.736173354971,6493.832852386091,3237.520622261737,4723.833747732167,11573.607821079626,12124.53148863404,10014.475396756425,19550.56959935963,2878.558195547812
26835.45614037784,32079.91412473075,16216.398474458976,6524.993214792542,3239.986794375835,4876.024656517091,11974.800156227559,12033.344611064096,10196.71936509018,19290.930167092454,2866.3799451069835
28333.06703722135,32085.961448807477,16599.923734293694,6649.101232574917,3270.413998142097,5024.35857566158,12126.523616023029,11997.473074466276,10435.907711262977,19090.632494206773,2906.3238362248203
29915.55368197938,32853.60714251849,17070.64640840687,6741.041270350278,3328.1456892884144,5156.042938597324,12802.588254808516,11953.141170180757,10681.639048827945,18978.550235507704,2903.786790400748
31687.279491636447,33971.429362603594,18186.149823170996,6905.22816410914,3426.783996141772,5411.968410849766,13318.75329663516,12005.985143072883,11195.551893491807,19067.218410091093,3033.6939879930333
33811.07792042169,34827.759940159674,19196.92432851353,7212.732812143939,3569.7695209779054,5549.569773871613,13750.081815212117,11947.6721269112,11660.998126891971,18873.946221071215,3192.771132321967
35317.2619081054,37144.15479518706,20835.008468413285,7583.502563162622,3710.315025997941,5759.676852862007,14519.588613383574,11957.401984151811,12289.101889088013,19046.839125053568,3414.3629011941603
36492.34269936563,37805.328839649424,21937.27183651198,8010.3460064254095,3825.900689493208,5878.268681726761,15139.003516970351,12238.269469134966,12814.84429345271,19598.25746959689,3614.304373859888
35573.848201771485,41050.49193950211,21585.65435967727,8193.176850381995,3776.123943085988,5740.509716245911,16064.475786081088,12758.144981221794,12738.805324320745,20657.579764281334,3615.7108143131813
33562.15331622772,43094.981695113434,20540.21055087412,8040.939698852658,3672.610423857338,5460.3208947979965,16784.837471210718,13337.900492047807,12291.803467960366,21769.531963128906,3565.5032883680938
30534.049793163078,42392.070228622884,19702.14292067522,7735.784189090555,3451.203251776306,4986.234900894317,16362.24846823291,13245.354860895759,11613.325816027016,21677.255219163708,3432.432960815874
27184.294492902325,40500.23036098978,18041.729291915086,7290.655934123203,3195.1476714218506,4443.652342088617,15772.660211726374,12783.687387649907,10575.001376883562,20922.768195986217,3193.388548834278
23984.656949111428,38160.71824379977,16206.394946034272,6649.006820287581,2920.687005746364,4022.24759116368,14925.319950113875,12123.056053066883,9513.186597501171,20058.898806098776,3069.6552653931117
21075.955736409593,34305.93143030512,14239.147802370304,6041.1361932582095,2627.7737374318885,3667.3751846822274,13575.563032188571,11219.872548731377,8488.430324707155,18725.21597278639,2833.1936170893905
18788.87151152548,30295.946332934946,12966.968669622785,5496.600600951516,2469.3568707883887,3403.0251961918193,12332.148635591067,10106.482543568769,7849.084658963505,17061.180374234347,2716.2758303990927
17329.104787637498,26527.232215248598,11952.314975027733,5107.053359514623,2353.346005612524,3252.6826725563715,10370.95747432686,9440.656357696958,7282.29761325293,15418.910959521952,2592.0525291273034
16292.217871127885,23816.480100335335,11193.811759155811,4849.608960784038,2287.098200026144,3104.6003246126297,9718.191241659417,8790.794371679976,6926.923303241434,14274.619267715669,2504.054391557964
15580.165251020133,21924.946565148282,10960.387160747388,4727.629683073251,2266.89480851099,3132.594815955056,8792.188924931641,8313.836872757201,6789.299527593429,13592.811889605706,2519.096398253834
15371.955704479053,20599.896673658433,11058.146448393227,4763.967188721582,2404.3602206860205,3225.6885481523977,8189.664209174417,8173.3561224364375,7006.953490061577,13239.474823889392,2553.1490259048005
16468.409393873608,20080.046676283866,12075.590883211076,5051.348681215535,2625.2396570474384,3523.433597125642,7923.587483830119,8358.55673821748,7748.273661690644,13345.476536056549,2701.5708422670923
18812.815163899322,20557.19321989626,13660.830634994096,5595.8627105359965,2976.505341875021,4000.8775197571035,7947.030602845672,8878.94353587527,8616.03676014298,13918.496003798833,2725.0907553706725
22158.489449841738,22990.515693146102,15959.664125563902,6297.1324709520895,3306.2287687207595,4578.772350570145,8264.028485794452,9902.764260188129,9781.165204708328,15524.89372361656,3035.175381097935
24295.133785853195,27506.04068966226,16775.816442428,6728.153653764218,3336.6182073048076,4815.034435791132,9420.030897363078,11278.207643582955,10454.513656411937,17878.17449119276,3002.5511886920785
25760.854417973307,31980.308950031984,16851.949319053514,6786.348169081415,3305.7294589622174,4915.1471933757275,11085.3697778564,12176.813372677529,10686.719023084253,19460.36442861347,3026.2791108937627
27341.653473279956,33864.461410652875,16763.29454955964,6826.020622700474,3297.27042588232,5044.353018136696,12079.478680372773,12445.816848559021,10863.149519960305,19716.995294511453,2931.4603493339837
28591.375565115257,34232.42949673485,17029.793328334257,6967.6860543940775,3365.572092590514,5256.848470082125,12671.401386290938,12440.85347158361,11261.677515627145,19461.778738694422,3017.9093585505548
30120.368630587524,34622.6713347432,17360.57049874521,7144.057911559742,3418.8636117555643,5415.425747841958,13013.899902671637,12545.45701982413,11637.442095027536,19437.34928161433,3063.601261413885
32011.339733681794,35451.675047905825,17733.171610654656,7318.048266234296,3493.038742455623,5504.55578646227,13584.706524739004,12658.064589127885,11801.373288740464,19380.061566380067,3062.602364500206
34535.012824465855,36665.187388011225,18687.840017637416,7629.474749685714,3658.932826947842,5691.5839491858915,14215.46216558816,12739.310519790857,12348.81140301129,19534.98348239436,3211.6166988459217
36230.30247294561,37843.72254365028,19653.05748071846,7961.940901975957,3767.53931068753,5789.071379054335,14851.13279707078,12815.4835574556,12753.509525949705,19447.307310931687,3341.7376966606116
38417.26014364482,40043.84909033156,21055.622448946502,8371.001543008673,3907.7753754754926,5945.298849722538,15609.543789944993,12848.097073963376,13402.65952068889,19613.28494062288,3550.5231511936277
39459.99286731088,40765.04904886119,22074.536452482982,8778.523712922404,4044.265512364425,6060.304047848834,16340.746857999287,13244.523232734515,13894.314608434688,20311.626235784308,3733.227401091263
38726.3600677902,43769.15964941339,21737.383621717963,8932.09290873032,3994.800577421397,5991.085502562277,17319.233737471655,13781.842083767737,13775.572910797358,21441.101409514853,3741.8371932723603
36681.24697975242,45815.57825852152,20836.985777711638,8748.435918602056,3856.0329993884343,5695.914513043996,18090.17225302619,14288.216887907874,13280.424708040935,22524.96559819392,3716.318987096939
32976.64352766375,45161.61940616629,19659.658704882517,8341.60860347391,3611.759593998996,5221.107654825677,17664.590886845086,14149.617629406748,12480.209152389718,22439.62656402697,3548.5636981349967
28812.259512100492,42986.81749296284,17779.026231435102,7849.6801054776215,3299.394892888245,4731.110237997551,16801.367953242887,13627.524127885235,11309.684291539992,21615.570152749056,3269.4693820678485
25543.08804820262,40297.60406521366,16346.870149501548,7112.709905765193,2983.494441770888,4305.084735490251,15867.633278024658,12870.269714120814,10157.822843050331,20752.860110168942,3091.7192718383017
22735.155598238227,35988.605680012515,14284.97423536256,6399.260167839667,2663.116947111813,3851.78972816064,14184.735764594612,11832.139245320068,8953.491477186926,19305.520330273877,2857.261968559284
20686.614625974988,31701.42776762951,13047.699734705739,5841.817564507674,2475.873459835013,3533.1245416464035,12775.763942762087,10481.590068125832,8262.10955719926,17484.120383880145,2727.0889656210893
18571.196981626475,27609.767071585335,12106.744528660305,5434.368392430655,2329.9740381183133,3375.8984287685957,11233.036941052453,9869.598800011494,7750.647616085314,15859.748723032217,2624.051883113243
16945.22467851649,24726.548967175317,11340.066860255947,5147.435129632016,2257.3230566886937,3299.672680368989,10198.474819706651,9131.700454122878,7335.350123715723,14708.439698685997,2513.0240159987175
16320.425899515878,22667.810844538843,11070.116554261624,4961.716234906014,2237.5733945905067,3312.788072949146,9305.310155459163,8625.050917556346,7134.100685614511,13908.237653373717,2502.097061005393
16282.593917305681,21085.67338285124,11129.781982680242,4968.248627000462,2341.7238063684676,3424.1616206086665,8608.585749234591,8394.624128291513,7312.355639636786,13504.204233903314,2515.218534007481
17114.11287551549,20451.163454235702,12231.01832920741,5232.156726265074,2623.4465733400752,3675.7009595200357,8280.269788470516,8489.650092619619,7993.619033125167,13457.610463684252,2666.467303359272
19593.063388592123,20887.468993093302,13888.481756123658,5781.589703657439,2949.5918089015513,4127.000902828138,8180.133614990778,8964.88087922279,8923.876452063118,13986.724869156536,2720.8943948971714
23168.3170461486,23250.194120629538,15668.629055093214,6562.106970520231,3279.8245799888123,4648.695960634385,8498.665058429624,10032.244361309264,10209.68647263034,15695.887400869673,2968.2434301998856
26071.68068903661,28098.79225333804,16179.691805852299,7014.727878924443,3382.4453002851556,4860.9940979464955,9678.572653529613,11480.5357850711,10878.106364183071,18059.02696232483,3045.390547109436
27715.415104240263,32870.048546029415,16017.060701447457,7221.005811521975,3333.126978732749,4887.993506279075,11528.818562941085,12520.521162951032,11195.633403169153,19952.51661550932,3016.8976736489817
29433.690513766272,35000.71898089011,16022.208900110742,7271.745191624957,3324.6609977250887,4923.9034299196455,12512.131615997587,12894.638760423379,11306.595918508498,20374.043890364566,2991.682449168061
31443.148181456396,35650.176378994525,16297.710654004492,7432.347965320304,3449.231494970858,5059.348879739943,13163.511258462704,12978.84836115104,11606.454453544176,20323.07065168426,3037.8852793176375
33558.2472399013,36176.45850349336,16599.95934291514,7694.515230492629,3535.890004259605,5125.60127834209,13839.835686618952,13178.15816453686,12014.072421638724,20460.048429282055,3063.854416220708
36362.22316168342,37222.11089972603,16927.687499132364,7860.308461247105,3606.6137823516406,5162.883375896035,14749.57084352535,13349.530206713835,12203.031999517849,20558.6820164432,3065.3541133336594
38682.354840966065,38686.10861711914,18002.848281980703,8206.701816843293,3760.050245261969,5317.83324132551,15617.508155804991,13512.516657869193,12686.831533039323,20852.598123110438,3165.1838214032728
40856.494713468506,39897.03032028507,18923.520153136582,8504.748206299088,3876.679658943385,5359.039242592027,16202.966570872883,13672.817853678216,13073.06685140626,21125.079253123262,3268.8722192377495
42307.288331943266,42066.844678757545,20070.888412204728,8846.202728031441,4023.227836311085,5465.478430415139,17164.76790709152,13779.211529096425,13557.339497920697,21418.083539065257,3483.4399227709273
43632.63222355925,42714.13312406222,20914.640808846092,9252.345640993173,4152.752493342164,5546.836214071266,17732.662739660696,14183.602261301592,14015.048731784005,22191.12770020406,3687.8970041542193
42374.93099740858,45813.25511328863,20443.087333529664,9415.747884272316,4093.465087453201,5512.236560760066,18461.21369594461,14659.580471440611,13894.69227256177,23196.20173552867,3711.9782149382227
40486.59243022694,47765.82947932333,19515.73467750261,9171.422740077618,3953.133037165745,5209.125238156995,18892.811633126417,15141.882984116302,13364.62146003045,24196.62479000033,3589.227410308054
37067.68584439454,46910.7903450735,18571.651781359287,8783.45237458726,3735.751436141836,4735.864592667564,18562.6956028526,14904.13421436654,12599.75569637353,23958.291266631535,3442.878579871321
32995.717171006894,44614.03627533504,17390.603814249258,8247.654789025233,3452.262106406565,4443.207231740336,17777.27682208162,14308.689039251625,11475.878176940256,23039.283539725693,3471.066280620108
29435.547182700007,41620.29067829425,15550.041522228064,7568.620742275431,3110.954520157602,4076.748187576883,16751.37739321196,13931.67210288411,10496.647707002496,22722.652046000385,3302.7884017422257
26102.790596642386,37324.75361165977,13637.85694911786,6828.1831818077435,2789.181007838678,3689.255254979918,15221.438760658473,12845.275550045566,9327.678219642768,21119.560925587382,3005.799458451397
23390.600485634313,32901.15192329498,12300.746764134605,6197.9951437856935,2577.0156785124045,3440.1560254462756,13489.092884727912,11315.744371152385,8531.012222676742,19151.26390434225,2873.4345587431962
21702.966941967232,28915.41527989996,11543.214603079618,5810.439310275356,2443.088459678567,3251.9338131531995,11974.579452630598,10659.445421767741,7970.2858337464395,17283.98746264368,2752.074098297605
20801.680040108684,25718.588499334073,10840.765991066164,5525.987578377378,2334.130764805736,3157.9937292454506,11317.793553465246,9766.800890456207,7581.399978707662,15878.627871185114,2717.582841933187
19850.431223548887,23411.729392179663,10232.667894924369,5283.890566948548,2281.4773022026966,3043.3129398201245,10436.626733229334,9014.667342458511,7331.01867994659,14853.751884091469,2651.918222188584
19001.408353238658,21710.904388850886,9960.426693930793,5071.285947049406,2234.2059873966696,3025.321070033284,9225.323429674023,8650.419056158042,7159.203501789455,14208.953502797158,2582.76476053695
18607.481991530603,20391.982392421556,10243.050956584017,5064.852346941111,2370.609250058335,3253.0569090766207,9169.163437101655,8379.398591137115,7320.922051897072,13705.21330269676,2588.1833870845658
19521.485114126557,19850.307716608742,11026.049190425982,5309.50527625762,2584.590228909877,3453.4638222192507,8415.758898259792,8400.337617143172,7822.534496768344,13559.168199624608,2614.00572227809
21711.932349945593,21049.990419559657,11983.53296264309,5787.394452774448,2737.313234764612,3679.1029558300024,8311.202434257953,8955.761242302577,8649.848641113567,14346.751723193718,2783.0871563758487
25171.26768305661,22723.10710116793,12966.890528044993,6191.285297535465,2941.6854710306015,4003.2433863612523,8990.636279507238,9475.446499197671,9552.4514777392,15069.967294647997,3061.993785625795
28769.702256282857,25361.852633727096,13982.185948405584,6678.312853639562,3073.5375958075147,4342.425920829725,9950.069150268753,9969.069198263845,10371.35411014482,16015.913181370337,3336.2882111477534
32741.646846253137,28477.073416326853,14753.75019341714,7051.4305889675325,3223.785637144762,4613.561126778342,11283.625450009504,10571.91018260448,10925.48573493061,17022.2387732349,3488.8384901502336
35661.27020013995,31652.044856734392,15656.556813863688,7427.44232693561,3376.087101440836,4922.256702913401,12611.320094489602,11328.807857627498,11754.157778756777,18114.003540148366,3582.759943837945
38802.34324949777,34237.0176013331,16275.063235960435,7790.594774693125,3508.476146730122,5160.733864180223,13942.755915929181,11948.980629244164,12186.73825712182,18985.298191601487,3688.1357888847
40356.91020635415,37480.66526016769,16352.547512626788,8089.470922363533,3614.6255440331374,5267.158034416628,15426.366611426014,12467.604324857986,12508.41696471114,19583.770145771345,3692.4475834049376
41678.154269954175,39703.657974132446,16551.364412741892,8350.509103583949,3747.698060970568,5346.634590778767,16564.54997039726,12795.834502686297,12832.051362148244,20094.211594245826,3678.4684820525194
42511.55421490702,41154.728414901096,17036.642341355433,8621.652236618185,3774.0416062185586,5405.4543351762795,17086.6167995509,13118.826828633426,13241.602232458621,20492.95893225125,3738.6775145995675
43028.23181465435,42716.01760725551,17663.660235976702,8794.179870224087,3828.443133973686,5427.107804502287,17498.873710256732,13613.811725527168,13621.17547967288,21219.80455383838,3785.6552149585677
42875.605237700176,43863.608928893664,18123.414093277144,8829.468562286906,3871.804265780422,5374.353177358485,17945.57623961239,13972.620511873709,13404.709302624771,21796.57593397155,3592.8496098038304
41554.43408922327,45076.39884084052,18103.89555796074,8857.296840919327,3778.1148846008305,5243.8761144174205,18402.56529868687,14288.096958034927,13219.31907813194,22572.56369316631,3587.923385978287
39921.088371664526,45369.66889376883,17714.93884210108,8648.004138791059,3658.678311550843,4971.851801402965,18387.9139855488,14434.09143578469,12837.10125282245,23023.44517537516,3483.142105611205
36434.309764717276,44418.85821517692,17229.623896787492,8369.89853670169,3534.448711517559,4643.06833502439,18011.334056911008,14160.180388043882,12200.62855031703,22740.566854736917,3386.5690826834157
33283.70445035555,42878.6892700118,16191.56883491042,7989.601154842794,3316.7010041021676,4307.094361263083,17492.96079928473,13714.25914663461,11266.535518318353,22098.426430968277,3307.168154378293
30031.52861827838,40710.83093069749,14930.012663394065,7396.651947691484,3044.2200486822435,3987.836977564604,16559.555937836576,13256.779121005504,10267.721049687274,21651.83042390317,3141.719147034883
27490.95377187496,37477.750865562586,13182.245976117923,6716.112258498534,2769.78099492781,3625.097190384018,14574.460939757846,12436.292597518634,9198.483650005004,20481.63411650437,3000.563973495155
25317.62740995695,33799.9910532056,11940.71749086232,6135.2247489111305,2573.160308982505,3388.1744099274038,13479.527407552563,11223.923803884163,8591.64160548901,18879.939546099125,2776.2835825613433
23214.98179757217,29236.06353924251,11138.23694139746,5739.203862664763,2413.338324422607,3219.9434016963583,12203.375809846264,10616.664500804334,8113.337804849814,17160.492768919958,2708.109651311143
21347.399503917368,26129.52172843844,10455.18923454993,5427.357967269886,2317.401633589079,3114.0233104104454,11331.324943062224,9855.675735525767,7855.983127665993,15799.596290367932,2657.911201502294
20059.72475122955,23764.91714128285,9875.962724058187,5183.787887340482,2217.8791879089918,3019.68394119739,9654.725592289864,9082.454280294513,7722.18689520143,14754.194366436881,2598.981740829654
19156.931022925095,22068.083113891986,9647.023694508567,4997.520848151595,2229.2162487767932,2981.3413742876464,9194.922623123895,8715.200322668812,7548.934400385126,14157.635078647247,2546.2517632762397
19061.286103865816,20638.482167493694,9853.299785404715,4946.762313585894,2297.733197270686,3189.122058392294,8929.901710852937,8402.81744358597,7698.314051693102,13629.994371624813,2550.579111145519
20077.64392467039,19846.61756624775,10424.130119028514,5213.737518450376,2485.0798565576683,3381.3316328337482,8314.154764315661,8373.416785822174,8130.191733013793,13483.454613992584,2565.0
22286.31705641454,20802.81235346578,11267.65825094562,5703.774180113975,2682.1184895793667,3584.0675168128328,8080.342750926081,8953.264621781607,8867.015333352916,14252.603939691384,2754.08808402198
25264.75591116759,22362.489848639376,12202.234583108799,6208.236050299037,2833.175856543538,3846.142030235779,8607.69638910265,9459.474747778038,9631.758529300652,15073.959529281829,2996.8739234624463
28697.736465765513,24803.972735894637,13050.628665200296,6714.6605139788635,3019.6656444939963,4143.298012119163,9829.510691250553,9991.340172817087,10417.72120422123,16054.179504698206,3271.123521176854
30591.117818679573,27878.798683319124,13554.182012321147,7100.736204756871,3168.9345387600997,4382.348134087186,11396.346845543034,10731.975031551254,10999.980978530884,17151.6947682692,3437.6510093514357
33687.78810594251,31268.04999309913,14290.848172658594,7498.714365043189,3359.1379914050776,4655.956872809283,12765.088502031305,11557.070334624874,11625.308834359908,18409.692564180667,3531.5766952890453
35530.65768458409,34028.300289220555,14843.968618115126,7847.879619848401,3490.7571897359544,4859.4062283439625,13917.9907792867,12211.94754233594,12160.905972997494,19398.294825907386,3621.197215207707
36903.389250357985,36958.38232126123,15041.822248770155,8153.732104287043,3614.101247861988,4984.648174227777,15155.957060434623,12818.348451528396,12509.04254980701,20189.98478926137,3629.9506897340316
39007.35455090593,38950.40783931875,15709.814073373505,8433.698772647898,3760.050245261969,5106.228851298387,16379.116829383738,13261.544416786686,12866.12997105496,20870.282607134686,3704.450281269785
40699.19707490064,39859.54843464648,16321.774978227388,8762.061017239092,3887.178332710002,5228.867249734546,17092.385941515975,13660.77286169344,13287.277098913988,21435.47392701368,3788.611494110362
41209.4030506544,41021.40992393562,17140.118224001948,9015.8427492007,4017.255279444405,5247.384412889548,17586.79969208738,14224.504233931979,13704.279536650716,22291.050087910135,3780.196273220996
40561.0342478898,42269.95445336733,17407.16998712021,9115.946114061659,4079.0973908172787,5142.337198845374,18074.20264063192,14683.956618957005,13561.285721569833,22994.917335794027,3603.2141300656217
39465.47940332789,43565.14109537999,17204.96090635633,9102.259297617014,3990.947746613903,5007.874498911755,18572.196005112874,15048.324391861703,13419.972760987475,23921.066149937844,3599.9985727469666
37931.46844982178,43856.67926766926,16914.306573882714,8882.594787152084,3904.1037106482663,4806.113166362328,18636.66805996743,15128.45982041329,13035.514169840599,24272.91516179122,3526.374955789095
35038.84609572747,42841.63430162801,16396.30082132655,8361.936419355776,3682.891568926219,4408.460614037135,18271.65434206721,14857.287170550379,12356.914066605117,24048.678066709414,3519.096856187223
32260.708482777954,41512.310429647216,15117.9064287459,7972.938958992279,3377.5954358618715,4109.282468358201,17456.5231566529,14533.7965805835,11448.848395495086,23350.199673554867,3218.2028310261367
29917.36126323133,38755.52222584008,13913.454747162617,7339.108785776705,3073.595175418245,3818.8951877184522,16622.553997733878,12902.659465959916,10449.755703811927,21146.921970164844,3077.5165435160557
26572.154743179148,35461.36407254664,12310.089111692414,6721.78579847095,2746.80566604076,3460.281499088036,15442.348107202475,11939.749971560197,9279.76516440661,19831.647596696526,2898.177448754499
23783.1261033757,31837.18044730897,11233.961662434436,6192.29885441996,2547.0495313660126,3246.315823397972,13873.727350424078,10608.251443200717,8540.47834556047,17968.312337239462,2753.803294191055
22114.166594933005,27115.476826228514,10549.340188973483,5791.581869950169,2404.639785324184,3091.4959990987636,12325.16724147751,10130.40391929132,8009.762283827893,16228.84288574731,2703.3718609890325
20779.138630904814,24345.200003785245,9951.652426527433,5494.1182304238755,2302.501856099994,2994.5760914964803,11466.264015258608,9378.7835617668,7592.653353567973,15025.726448721834,2556.0065208434366
20068.340273137524,22163.771776879694,9749.517429211935,5311.782245667855,2288.65941181091,2990.2267398832028,9811.66233999938,8807.981314572538,7444.280125458555,14099.805927896583,2536.7984375622386
19741.941565819467,20631.345305689727,10033.998400494138,5286.8764155914205,2403.2002967005374,3095.37889001626,8794.899217512575,8565.697347568796,7577.48135274601,13550.767880822792,2597.972321601506
20702.029393481585,20012.70903180578,11115.239561466586,5548.403153049993,2667.751832308823,3390.5965245898847,8518.060625272263,8591.943732223412,8392.917036476068,13419.265517276344,2761.7946618696055
23173.572395868297,20600.781355713967,12735.219601192393,6176.07885877464,3031.264078488309,3775.0342963069857,8553.40813261054,9105.284763617794,9516.744859837303,14022.357121142126,3016.7886368855
26415.75464904032,22664.657844891284,14447.690980656314,7028.074539919023,3444.715013150092,4189.252208811667,9983.35297410249,10199.64026727783,10713.147632025233,15755.353738102713,3201.5344136209937
28820.63895562052,28917.873407991,14860.082269957476,7637.973274667396,3563.2780491238764,4371.6056756943235,11385.041657454365,12557.13353224544,11450.873727268041,19667.78611901401,3302.088422114811
30478.41736610651,33609.992026988584,14479.745734698156,7943.80821316021,3574.2357007744267,4361.408370548398,12938.453604130176,13854.454644876723,11779.089467062338,21796.979671805253,3295.809694583942
32179.100823447716,35460.598929146945,14255.227024281814,8093.142813815529,3570.744703150262,4386.960909729058,13832.525094319955,14385.078734666067,11983.396206213863,22625.967598272728,3299.8047646217383
33340.47253962015,35810.81826132919,14569.582411377094,8321.242516134223,3647.468187987304,4477.923732477397,14702.985223282156,14430.285851282259,12455.775056667162,22405.336360108908,3339.4845054963653
34702.50148611297,36093.208705685276,14999.13749307615,8595.763644490022,3728.1608863250594,4610.403066525949,15369.474389961999,14446.686701789893,12825.7896267195,22290.447255687952,3448.475881598758
36382.02602008696,37368.53083173273,15105.78065912924,8845.94607221924,3784.956584583225,4673.650886610029,15952.195454950488,14598.851262644765,12890.735885484039,22463.399584416635,3381.275915411906
38239.26330793439,38419.41942202299,15875.863096889872,9135.412389590685,3953.8345555289256,4800.417700620853,16090.028880188567,14858.502251608157,13430.09341585618,22820.486806303932,3515.6878247699083
39787.65090105188,39575.37172613273,16568.206583940322,9371.26061269638,4070.407861777828,4832.66204308238,16872.544390110346,15093.452717439854,13782.152602564505,23072.20402325216,3613.8511425514757
41494.87596339508,41908.00283854411,17812.65487694615,9693.691051378,4255.294959177368,4910.287974598731,17533.00669676568,14489.813582674016,14331.539875610046,22288.34023078505,3796.0625668798716
41919.2405111162,42267.452672285464,18705.06208590805,10047.521178376797,4395.023572057353,4960.095091569249,18073.31362621418,14903.676376707084,14803.98781413295,23049.7493061296,3954.481108198018
40841.48628028501,44775.24981268535,18658.40361240439,10064.68518147879,4312.044561439549,4897.320342750209,18728.794816938578,15379.000984239743,14601.385296637052,24104.21794179746,3918.147407365602
39115.71535196155,46951.81101305667,17769.42689099393,9786.248318481257,4146.921474422332,4696.070993967518,19202.749518778957,15753.453724621966,14028.320817065458,24946.313821188734,3709.3247227392617
36347.96681681104,46101.74965896228,16966.640493064944,9419.947478241125,3909.352709446942,4332.433187918986,18832.566827321338,15468.624328199312,13131.35377003444,24710.532145448597,3629.38905481144
33086.83810608091,43971.1742830042,15617.9285528219,8862.04108328161,3588.7560318322294,3967.2878169038054,18062.18477003327,14803.42608713697,12050.39692967507,23719.379066630358,3456.212251197983
29839.78884920045,40994.65277322186,14064.71405441878,8136.046696165998,3216.1152073980115,3652.9694030435817,17049.86097050802,13846.345742095527,10878.121064334255,22532.71256167154,3197.934600085054
26485.690116234422,36731.502414268696,12474.445923832607,7402.94330504764,2858.896640008201,3331.7748215823185,15707.671654978665,12587.950677930778,9551.627920471034,20707.583354016722,2997.2135085634623
24187.374206317156,32373.325590067943,11380.879015611461,6795.009841846712,2655.6422954498853,3146.57152452287,14508.955447416909,11014.218486044187,8819.034185347626,18553.114973450734,2839.713201505855
22732.804571559038,27796.64512295607,10608.120334390434,6315.193299758896,2490.38682117463,3008.6923458406936,12847.905774480298,10338.198967109174,8285.641505147474,16445.45675724587,2707.345166663838
21432.3006153288,24918.512009175913,10030.860810881508,5905.593002923197,2406.1917666226864,2920.362842654172,11646.504138117061,9572.085953952606,7791.057813410778,15167.28298879022,2637.4111327761225
20785.10868571083,22779.52609040826,9845.220258673788,5656.502433630511,2360.8876166598116,2921.0069439504655,10874.517229067791,8911.209442913094,7639.695740594766,14297.786167079379,2597.972321601506
20697.375827997024,21266.64809820844,10067.893669972194,5597.729441348412,2457.632652022067,3008.5478978461415,9831.495109276108,8646.473459559065,7759.965294600605,13705.603789771387,2626.7337071117718
21218.220653249256,20540.665857160257,11117.728551664375,5749.657879174646,2741.9750007003945,3282.4534786015206,9221.339682357033,8650.794502079136,8521.788968914738,13603.964639081822,2847.795523935971
22950.74036522576,21098.8521986852,12884.068100029637,6321.538385236636,3120.967601510003,3689.2395397323894,8967.234740449836,9212.424284091236,9492.938599565006,14191.745836995706,2995.3299477023625
25443.5240068025,22986.062159363068,14590.177642579534,7128.183113944731,3488.107845301734,4133.405306816791,9468.498418874791,10210.612311829971,10769.772548806506,15810.339851706201,3300.6927919070617
27003.32280877772,29255.198677026685,15009.824865649513,7750.576193836404,3595.6658638562435,4299.801401946346,10725.228148565004,12507.78473228569,11584.647790770308,19472.369832071476,3326.056869025387
28177.036684189992,34082.371172160674,14696.161608122406,8061.829931987607,3591.66797637588,4308.938846719119,12403.91218761901,13793.835117703615,11875.434354652472,21578.01877930343,3342.752562254279
29135.506662790933,35965.19460302265,14323.074410885838,8183.752533000457,3592.1770293603095,4315.518206431998,13718.298052249736,14229.416005178187,12045.664472089655,22212.619988306866,3335.760962486525
30141.569190863167,36475.70316669212,14441.867835764619,8381.065720154533,3698.7759998631586,4428.04662170465,14532.598915087876,14194.391146494152,12368.611506751753,21997.267226524174,3375.992672826765
31732.617452365786,36835.50336561718,14827.670986380346,8590.247882579562,3785.9498083139647,4537.180360380449,15296.794975958455,14210.900234675035,12780.02334299163,21800.919987904097,3449.1857685915948
32918.78512744139,37800.45494855187,15100.253159274585,8785.116189398714,3864.1585302382164,4617.385777677816,15903.015544814883,14417.231086455145,12917.850654270836,21940.083173538682,3459.172831283774
34119.83821904918,38973.319930169855,16158.559589517874,9069.601581462703,4013.63804594795,4719.214166068653,16532.935725983793,14637.254888465231,13330.101501843697,22244.485839052806,3590.9170895096577
36488.034825106566,39768.1665220066,17118.336767975245,9313.273892658417,4145.231707762058,4778.30369846616,16963.66451158712,14811.146999513201,13780.167579158297,22369.670622237107,3609.8198416087366
37945.3931125484,41362.59883160569,18405.906544604884,9619.281003035598,4289.806111916608,4856.477703571094,17567.190766281008,14197.338216999213,14313.687449452305,21608.826918462757,3794.8669196341148
38908.856649352034,40814.59471660526,19364.299645929434,9891.900804032533,4488.320601618864,4914.274708838446,17939.784274355337,14518.105649474672,14717.948395523863,22335.345420762216,3931.3167230198615
38365.17420467067,42787.024005965446,19249.426897843823,9881.956364155023,4390.23407989521,4877.902290804484,18627.473740530462,14938.695710258928,14512.175112803241,23311.14497708426,3941.519324049213
