elec_demand_AZ,elec_demand_CA,elec_demand_CO,elec_demand_ID,elec_demand_MT,elec_demand_NM,elec_demand_NV,elec_demand_OR,elec_demand_UT,elec_demand_WA,elec_demand_WY
19122.064994945584,33291.8551012985,16184.833645824872,6716.614952290069,3569.8590022864632,4071.774904030694,9603.487639198449,13033.315974819057,9887.718902531335,22812.202547930312,3206.811420164612
17849.59487334938,32850.835730805724,15311.424154329847,6413.353104483986,3389.7918188458734,3886.620140400647,9513.466538666666,12827.081045936302,9475.10124910978,22517.131835769087,3092.5263065861036
16330.403120288722,30728.042779527834,14070.829878558638,5978.102611726549,3150.511399839705,3602.622718027051,9102.291370193112,12215.278874041865,8853.360379929021,21441.230055524993,2942.655894645163
14751.373342965238,28800.71867392677,12637.311649115434,5472.489421901559,2837.431489237279,3267.497437325001,8655.507334983211,11477.76075086129,8049.345492825772,20226.923334126554,2759.882320132762
13296.104047263138,26161.389783501,11349.340920683178,4970.67601403519,2589.012695601488,3014.2594001970638,8072.96150415472,10504.937035651219,7328.0147198921995,18545.84337012224,2561.2688161426645
12421.13455163755,23083.087166132704,10754.859276671894,4564.20040557435,2418.6778116862133,2848.153845842549,7348.7005330024895,9514.03595317755,6896.317775257005,16685.8864268046,2492.207050810434
11865.222593429415,20210.58763195592,10268.74177812337,4353.782526196554,2309.649463759944,2775.0885244846586,6645.562831143929,8678.045017856246,6609.603915777518,15010.031800789395,2471.177704168757
11592.171944341593,18499.970407440844,10003.812096151658,4233.588470850717,2228.399291123279,2734.0542301615587,6297.781891293559,8147.411098831514,6424.134238272606,14054.664920723593,2414.1019293691966
11701.704782175622,17318.92269628006,9950.448716108367,4180.271731624277,2231.39874021547,2785.0390596540956,6034.330756873554,7870.741746169615,6380.964546076665,13565.82054914311,2367.1285528023172
12468.796991759245,16531.337403198653,10357.71745270945,4309.2006682263,2326.5311255296256,2893.0669844752156,5876.919266752114,7677.003474658716,6632.064886763887,13225.610136571617,2416.1259090995327
14063.22340105106,16326.538320674666,11554.27737173499,4761.533154676362,2654.7899157536367,3212.1857620237047,5846.696956282013,7806.745557016033,7386.874086125506,13497.319183348593,2531.2366823827974
15604.231148058758,17112.50409353496,13134.435117317958,5449.247616067022,3078.101097211203,3502.3493097705114,6209.989189158463,8578.870122039298,8483.449533898643,14868.509966033602,2787.441119775099
16677.634365792914,19685.097034978484,14829.630881509647,6058.417924496314,3387.7105959823525,3802.4642643877264,6804.737807609473,9920.730765330589,9434.4339873454,17277.569373853054,3059.177705123957
16548.435887633572,23032.345075233396,14929.094112469425,6275.449271150836,3456.009760960513,3809.259268476474,7441.9443413409,11231.073687310869,9519.11517409974,19624.050069901456,3050.4022326372187
15856.192454891623,26139.14741615733,14296.271207841244,6176.859672553105,3369.887777882912,3673.1189098479113,8154.571692645555,11989.055865462911,9233.62954806734,21094.58726108312,2954.1482495498385
15237.300092782065,26949.425849908213,13470.778013472383,6034.591471959221,3219.636597252852,3497.021549655057,8399.369426721756,12124.415912646216,8928.751398003906,21235.105903200783,2885.0376963167346
15163.54439522314,25702.701104624906,13125.865897345573,5907.319216828057,3185.738465532943,3428.003507404387,8115.699196725995,11839.037394026765,8738.70232979053,20779.030052029135,2819.068759636586
15383.962034905415,24505.370108236093,13008.757502198636,5848.354300478376,3167.6646891326204,3394.0079787227087,7726.215722233547,11430.981239838578,8600.713328705913,19907.294726482894,2808.069031576166
15395.247833723484,24300.911271736128,12953.911950756285,5781.483649719898,3140.596952326114,3353.008076577202,7658.26446250758,11314.958615840802,8434.27818767427,19707.23430533308,2840.1542854003146
16186.671690038498,24402.919751706195,13476.164753963078,5855.798899999999,3220.555550765786,3458.070886760274,7556.535117507389,11284.048856187701,8642.737412626411,19506.24831924111,2905.1507850472126
17099.963373919774,24183.127030536587,14520.16911428638,6123.27162225365,3423.7732193900642,3644.615359044988,7483.492659118672,11273.053989809512,9076.653849550461,19382.228787666143,3053.362246123447
18792.87345160439,25347.385920159508,16149.634863167801,6591.200396838906,3703.8691815709853,4021.9412534913467,7657.060109655768,11622.23894965378,9769.612062758802,20103.54782066903,3237.694941917622
20215.02515075169,27475.521297494255,17065.10004579729,7001.108443980753,3919.3408613814518,4260.048308351801,8306.072205717102,12482.106181039622,10289.84772228875,21801.945595923004,3400.8745111783755
19931.13853803269,30925.9207929469,17014.789522509243,7069.153995729813,3888.184905231836,4220.0585547169985,9205.193030151617,13316.000655278549,10329.673986927859,23412.58007223916,3362.8847088358702
18950.0921606529,32843.74492448717,16172.728089442995,6878.896515005823,3703.036044812585,4031.7828023682155,9576.057557726022,13700.931422922833,9957.759640928705,24295.437365339818,3274.79405480119
17670.211743789507,32684.332408970735,15204.42205246219,6571.320779134465,3542.7914721835564,3834.628761031111,9548.971651731095,13603.719671393164,9560.125334581586,24033.245373649916,3154.713766723578
16209.848931834948,30729.61589213432,13993.910812357959,6173.931438790404,3276.4508498175664,3559.6786524092963,9131.93450179269,12998.75522096036,8994.322536606227,22992.662578959833,2996.592588156696
14630.612477744915,28815.70561636741,12536.29775790586,5645.446256313566,2935.229476882441,3238.5020004359453,8750.528249422809,12220.444228564225,8242.253873333893,21668.45404312193,2807.4379003523586
13215.767155505167,26121.529465178963,11434.978112618983,5181.809509262524,2695.970993715656,2949.2328382197256,8146.788352272728,11193.577260737133,7700.206686808445,19825.301115714537,2682.370707449803
12213.904615299849,23018.450667166555,10673.195555073673,4835.196497251964,2500.7758529067914,2773.15806771947,7388.872406237988,10156.466391162438,7337.448343203042,17905.430116170905,2609.472004113645
11645.82701323709,20379.229892928848,10285.991713605075,4644.864123030314,2413.6205951664083,2673.072553144765,6711.706739392584,9170.517335365494,7047.958204861028,16092.39054058273,2569.1433457579938
11411.022056104046,18509.501974576775,9905.02395288753,4509.593777357364,2337.4763194444445,2657.0729944758805,6302.051250105127,8624.769046991778,6835.305762414928,15211.210364632552,2498.098460146604
11532.792104854805,17195.409009352552,9907.545852995243,4456.20461370393,2328.478212353763,2673.040708608637,6017.51379869037,8314.242921320816,6831.107171750814,14646.306022126957,2484.122415443342
12396.910758103324,16443.6874812645,10367.790018838974,4632.2746378715165,2426.508614215618,2796.053017514812,5878.082297882607,8180.74548929381,7104.192315180893,14392.34730534376,2556.0961993895726
14011.58482688727,16308.911771569934,11716.78365935586,5104.433929365465,2770.6978841460686,3075.1672344036683,5816.790045595062,8313.509654746444,7871.985881742223,14687.076212892141,2688.2558747476355
15440.064553141743,17045.887747726647,13295.903570208646,5822.283253182484,3190.061045338863,3394.3980126827305,6097.966221442534,9093.764158677153,9012.613021463143,16026.231615140248,2913.46535069252
16477.69457102185,19640.63756988051,15122.127090602657,6435.332912062542,3507.810154861457,3661.4427581429413,6768.758620505737,10451.468631794667,10106.885707869125,18414.39636929192,3219.7524728015487
16547.942912240866,23124.630230161893,15375.778454080692,6615.394737221897,3524.968568509461,3664.2403431530006,7417.15220859355,11683.017770466457,10177.585272094084,20651.98385047763,3222.461145085869
15808.84209284839,26402.714500829385,14754.2601080905,6456.412846808635,3430.0257334787434,3561.1029980917156,8162.669147300445,12470.855235467408,9883.220966107854,21953.524614583894,3124.19107408532
15199.950163878431,27075.16026070751,13978.49051711034,6185.67447525115,3312.9218173018357,3430.0219726510163,8316.538708782791,12592.041179266176,9461.231713960167,22057.968819813555,3037.099877804246
15135.994396880764,25965.142302193242,13775.457339065233,6011.605883975257,3234.710925494091,3376.0142743831657,8115.89425023056,12173.784947809627,9342.22690750939,21225.88761879543,3004.064487185262
15189.145121500464,24801.377053029726,13667.235713221324,5906.406394392141,3168.582213412042,3364.00805008873,7788.457691854397,11708.931894967458,9172.858472448126,20327.18868156289,2962.0654098938767
15216.31504788735,24517.960433760738,13644.150774719401,5832.540662016404,3140.596952326114,3339.0081105429754,7656.265909838718,11442.975800004551,9033.594293360884,19952.348828566715,3028.197226709686
15646.948854572516,24434.81895849646,14237.325066715759,5910.854150075704,3229.798210937524,3487.0554859511076,7602.598472299641,11360.013670482267,9167.010515563392,19657.40454418783,3043.196239374169
16441.517540535577,24201.78099315716,15421.168802504517,6176.524450926867,3434.935520642165,3679.521458229912,7488.588129361982,11305.115584399646,9494.140676329282,19498.25184154148,3183.7612402631
18103.904842094966,25209.116236071142,17100.44197270901,6710.410227553335,3746.0964886447423,4031.8852134291806,7810.241192481006,11620.324345467405,10254.903886006823,20265.791418095625,3399.818422352622
19529.215979578308,27324.033566115493,18162.28848741935,7149.973760834976,3954.4079570088456,4228.946437930059,8484.232779571945,12493.186404476752,10937.185707382208,21897.06093514093,3550.892150252352
19552.191947931726,30934.4993515644,18144.068789469824,7248.099090508701,3961.493886692866,4194.901317057658,9231.278168184834,13395.12920622945,11021.963396850797,23494.05896201857,3545.010871279046
18681.34434250074,33105.71972789303,17201.144453822868,7065.942142844865,3763.918896396953,4005.7880232045477,9642.104405468184,13896.170002025789,10649.941309205062,24396.923213252314,3412.8152100042016
17696.964045610828,32994.93065658863,16368.478053178089,6769.463914200842,3581.8524924194103,3785.5918774257234,9634.886677777942,13780.157041609187,10180.390524709977,24185.696029806237,3292.735300153606
16339.723660249741,31102.710663925718,15232.018842242507,6373.970303475213,3317.6662147581105,3488.6436093992847,9263.030261763224,13136.02561410739,9639.56564760311,23044.89660179292,3134.614615193982
14740.944040804796,29279.723692468648,13752.583748291941,5883.556661962631,3002.274103903079,3208.463204622613,8760.412097344315,12352.097284190992,8789.490431933356,21772.565500089644,2928.419382636081
13289.312374190227,26715.229650810557,12705.469675749506,5413.8292728687275,2763.0843618802455,2964.2982102909064,8211.83684195376,11347.4837464217,8127.458219868245,19995.546667214254,2779.3184754226836
12373.074439418167,23613.162279182066,11907.649810648252,5041.241270266704,2575.814993530883,2788.157204908058,7477.798611719847,10255.578965070834,7694.552893193926,17985.720245052595,2688.2558747476355
11734.216787484434,20800.02141637633,11486.316269977524,4846.914447066534,2471.6628082273933,2711.1120376707017,6811.729614139429,9272.545178065115,7428.942060798312,16232.478317909377,2650.1945007430336
11393.199925531257,18862.365233397544,11067.388693996423,4709.478596957303,2393.4648699553736,2679.07238901834,6356.015103894693,8724.724077134988,7225.49623561832,15264.11563156542,2597.1417781243226
11522.71648592349,17595.185384819615,10970.889399948004,4672.416059444149,2368.469912582964,2682.055290830105,6130.360523399132,8417.131934802948,7244.183790439765,14729.207220534461,2555.118968728556
12219.920281844206,16865.639967209638,11488.259867254255,4847.246571811286,2495.494162390531,2805.069106115224,5931.971416769856,8264.848306785048,7523.1709596802675,14461.51379384345,2608.168223892185
13911.223166531812,16551.73335431835,12962.082854975944,5339.553793336831,2821.8622654221253,3106.192198290261,5949.725026679619,8437.595677763376,8311.040160172946,14703.953177501624,2783.3180081684677
15387.28849552476,17484.637813667112,14616.564235956037,6080.475657357536,3249.2429485983207,3465.4281061153524,6232.899223306771,9178.737688628933,9505.70851453325,15989.24172164601,3001.4513792186244
16616.401583268103,20248.294664649544,16600.248545232957,6716.418180776113,3604.7593067911066,3807.503533430635,6879.779664629562,10579.425173113163,10661.780352198432,18427.270635816418,3323.2142241724814
16884.27934896549,23728.542731921116,16886.090324605757,6906.949725730577,3654.2409005765817,3901.282201961298,7589.3148595757,11821.809901456874,10733.821606761407,20606.931202445943,3326.5323442869612
16335.709428201806,27028.653639565357,16241.707129778784,6768.290398033543,3528.966232260352,3845.1333623874025,8307.753319005065,12618.604325161714,10416.492693893319,21895.556538454475,3231.241686093722
15832.07638511571,27788.05668911357,15283.879781566115,6499.573255006779,3355.727644444445,3732.039636870901,8511.684553856448,12768.024391758216,9946.649151635253,22118.103849807718,3146.351317727321
15629.213946776206,26414.309500261756,14932.237571910335,6217.395507272028,3261.696119998909,3668.020540437572,8281.063227598446,12310.874620652925,9502.401480992714,21192.98193608513,3042.0997118211526
15734.328031408675,25113.53772456138,14698.125907830554,6071.481055346161,3219.636597252852,3611.013341979083,7972.611621560951,11740.844421199925,9255.298666333403,20102.357342757907,3013.0814615335958
15592.777761137253,24632.38449401953,14611.990571863384,5971.631225780957,3172.661946153754,3618.0133160699384,7836.518866227945,11382.0035764902,9197.874220623,19543.606339828635,3039.1965016957784
16083.741108351776,24509.195449900155,15045.205015715512,6022.870579278073,3270.774624426954,3774.0649038045485,7756.578842458,11281.12692816356,9333.401183475895,19356.540685300413,3107.2842302542763
17072.74074444522,24240.09473417539,16233.04960626144,6245.669346580126,3486.991042926987,3994.5190215151483,7629.776891561296,11208.16174344349,9646.213746974594,19202.61205866333,3222.461145085869
18730.961843807134,25252.53669855176,17841.629537686906,6848.397336554617,3798.3282744051553,4332.87181053407,7869.089580231038,11611.760071313154,10546.176092246305,19948.97090895628,3487.852026384389
19998.84929196799,27377.602674223075,19022.48290196701,7308.046124860755,4036.3566818474324,4534.982899203538,8548.963871686607,12548.327794666619,11217.46984767309,21704.51942107269,3648.04096689528
19939.68267009765,31180.22423110081,18867.418595309842,7450.238269332486,3999.4690166405426,4482.942253128278,9396.124210962307,13545.302508065286,11225.460362409505,23395.942781658076,3642.5858880032542
19058.870291484687,33376.44643657294,17987.939694110177,7314.14666005442,3854.1191839183207,4284.782697036267,9852.00937175687,14074.327217797316,10887.392353113704,24306.985192277345,3519.844044239153
18101.585812987567,33211.16472661371,17066.362619040316,6999.375317929769,3673.885132621124,4068.635299259022,9847.238054595326,13934.86545436722,10483.533232689662,24070.681783676988,3398.7642301578235
16839.908729471666,31323.83350230694,15798.918255256682,6606.085929634862,3441.682577163096,3766.5949366035243,9502.351361989371,13325.994358153435,9881.774483960078,23115.03094632964,3254.6402814877324
15146.577007403725,29594.663462426215,14254.417555977601,6089.394224228843,3135.3641269836753,3426.516434599224,9057.573002323245,12573.312524017841,9040.690461102162,21851.692267713825,3037.445902484161
13770.129880525694,27047.363801214393,13009.829639885149,5587.990840170659,2895.0330724185437,3149.280369871481,8539.867396256568,11556.446373456789,8336.260143637646,20145.456606664,2857.347513602532
12858.116219777345,23931.309871532852,12207.908697825198,5208.2220260451695,2711.7135536956484,2964.1735901234565,7772.763888916205,10525.511942196763,7825.542403109227,18209.595211745946,2788.280837551281
12215.092965977532,20923.653524665184,11771.577797976386,4988.827555983574,2584.578327542883,2848.129120008582,7128.693667124385,9526.188623213953,7586.016528418291,16468.44319758675,2742.544087845009
11895.506036884477,19008.09750638615,11333.57279754007,4839.40906127301,2521.440658963094,2829.068514271371,6711.878804203653,8965.406229556995,7425.438606161586,15560.136908792047,2654.1652635774776
11902.92249821571,17743.18751628211,11174.023820027222,4811.343197741645,2536.437985817454,2834.052300723028,6445.604601408467,8690.029910797415,7385.079627665272,15017.17012728688,2617.1406792155103
12658.860683037354,16899.54747045886,11656.411766711473,4938.127881709482,2641.565489376944,2947.0657458646956,6318.256015023279,8518.570150193656,7647.177155466385,14809.342569368282,2652.19435162496
14294.263716503663,16645.62179498608,13072.18951846238,5426.589428362723,2958.7062856867287,3234.1844798399497,6305.941730335014,8716.330980582317,8419.056029353078,15195.993078583622,2823.313409944634
16013.508694986822,17475.71169344148,14813.806996368306,6180.165993804489,3395.1213243773686,3597.41206898225,6547.058568888661,9521.635832990787,9630.706005149197,16581.25555256656,3054.4871364081946
17422.146335120342,19996.477514636463,16883.307602930458,6841.333398187299,3775.8319784639216,3996.5187559883166,7167.785595853447,10883.202117425602,10734.8206361556,19053.209488093496,3366.718674163471
17475.004414143117,23434.70738279826,17148.166377188278,7076.636246559429,3828.134254060636,4046.301557206369,7894.476183586606,12193.517942758523,10829.839711684064,21336.78640844286,3387.522524927827
16725.51758708171,26871.29713882866,16679.840479058614,6922.3710881890465,3748.0953172540007,3956.1504090631247,8759.99198310763,13081.360328333409,10519.404823278619,22817.989124981716,3305.236185937678
15966.262446556671,27571.925629340283,15836.133337426225,6641.747237922108,3583.85141187151,3817.050655150409,9022.978845741805,13214.941069119297,10063.655815075475,22856.85926536504,3189.1371861875914
15528.097233650728,26519.91572489024,15326.52533836805,6387.552814467202,3471.9139293172248,3712.0292524291285,8786.26745327341,12695.92062261366,9758.296297624787,21743.948700602206,3112.097444667305
15415.363088547005,25411.9879606868,15143.264898225469,6203.403527819204,3388.7923717971407,3672.0205179603568,8487.716781188377,12115.903537586431,9473.323356325809,20511.256197049508,3075.098630018793
15140.179657305085,25039.7786224198,15032.255861580616,6086.827844491518,3348.6501091438413,3631.020750710339,8350.815519262622,11711.783797910886,9359.730069884026,19868.38556398329,3070.1944868588903
15533.437836406538,25084.311272883155,15433.496658895514,6126.89275574655,3429.853225731933,3712.0659966971607,8244.89428717278,11475.886202295098,9417.213019521116,19491.70636766341,3085.2862950937506
16264.247072908,24875.500284012083,16518.21710478006,6350.5879901351955,3614.002274876977,3901.5316760231667,8246.892781241617,11346.02011516329,9834.138580003892,19310.714561787732,3213.4624669653253
18128.333053770544,25951.57685003515,18072.849976119032,6884.470185286747,3844.2111086544423,4276.883548144215,8494.998968583108,11801.39043900041,10606.108738052857,20106.30714342292,3469.513783015053
19394.242032116465,27979.316418499693,19099.636966290014,7297.268837782889,4053.616024119014,4497.991220460652,9193.247557361612,12724.221625616727,11131.448732496088,21922.56215754726,3630.6678178910497
19386.01903622335,31137.12660960742,18963.794868151155,7396.180057425099,4055.6146686160714,4449.002459811125,9887.112160653132,13559.026110644127,11046.551051757853,23597.26130526658,3584.060186166492
18563.124734222587,33118.70778765308,17997.51664230779,7177.16297782066,3884.018621142828,4247.789697129544,10303.239559050502,14049.972189108697,10670.396767996635,24457.16174810927,3485.432528231353
17727.824532565202,32802.001805394575,17145.854658667846,6947.728833566197,3699.8712927638403,4068.635299259022,10161.265262185303,13824.755459024387,10252.666730755862,24120.647622753295,3383.767718317731
16595.801607079957,30748.91740624829,16042.697067816556,6546.931581792641,3526.7999647583983,3779.0800924880755,9738.35057414171,13247.044377294831,9711.605740756551,23137.10654888426,3215.8667648
15126.475362635832,29032.043353779176,14534.809458513277,6108.577578667538,3233.4709608403396,3434.0078855133465,9294.787269484208,12868.245151139066,8875.746280282916,22513.84239875224,2992.4527694878716
13823.304575952208,26791.683603024332,13151.7507816593,5581.8983481406485,2953.012039201452,3114.046855052667,8720.921522310931,11975.453611499572,7886.916423925152,21025.335391933946,2761.1587648177765
12632.79563970537,23730.37172462914,12412.634955688933,5143.264794234579,2765.757179428333,2947.121662199901,7965.911392697435,10860.441904106863,7459.124858377399,19205.228929371064,2680.0723617361014
12032.012430617222,20713.466221379902,11965.266191053906,4887.888815268433,2646.6734151629253,2823.2349453353404,6971.430055789198,9756.789428265254,7067.523293849852,17266.88228899119,2637.0412686041336
11664.034346803648,18702.557467346236,11573.48175435481,4711.314280123534,2547.5341096058255,2733.310788531964,6479.500035050918,9162.18875181046,6855.9885340047185,16221.280904630248,2537.0047424578447
11329.49852804769,17319.42288467151,11150.685965162562,4616.203169473698,2499.4446391332144,2712.3902213551705,6125.113552389162,8720.510698389735,6719.509979798077,15505.20749879827,2493.004826383887
11476.329063518335,16393.109496891997,11171.423093995623,4620.9706819820285,2512.353107006481,2726.3115703365615,5891.6754857128735,8525.81464990059,6719.416107158281,15131.540917185317,2471.0
12012.412670654823,15711.804813798208,11509.758906985562,4786.828617091052,2608.381473561824,2830.414267070557,5766.430534764165,8461.397342817636,6953.534576410916,14951.603512602998,2511.0011963312295
12787.169850200733,15646.173157627914,12374.868039955341,5087.136276642629,2811.580392878214,3104.02403331935,5754.289800189111,8562.214733410105,7495.191293835661,15250.421556694235,2605.028976163147
13823.707540864702,16381.301905104388,13594.578395679553,5482.2593571971765,3124.7760595567875,3405.014152331967,5898.373979238753,9018.385443719686,8198.17106016384,16012.61508866893,2763.0098074814537
14587.681780213166,17675.42551317121,14072.890094175951,5830.7046735425165,3231.112712665407,3567.143883994452,6134.714830056395,9835.978511947387,8605.449663648697,17499.702131957496,2904.025975516638
14836.735869426742,19656.53447848906,14463.792177326473,6026.6130772639335,3392.3270505289775,3636.1638184459416,6580.199982655367,10661.881404597765,8895.263377250882,19151.867535456167,2944.025332124366
14933.941009065851,21105.731907053476,14395.385497222655,6092.658417158698,3446.5243066945377,3617.1418708860206,6868.136853820903,11252.063819405503,8909.166891283474,20169.849265312685,2958.0362659339226
15236.58712225017,22104.779443256943,14759.749905850986,6112.649359818966,3480.7428894088757,3688.211298152397,7068.43070162256,11496.411661780598,9120.839748442131,20587.496067532404,3005.024820731547
15438.813419498401,22447.778435197604,14716.385525599513,6188.161716805679,3459.75394213632,3716.2658636188867,7206.764178135579,11507.643878643665,9128.304605965443,20441.72379174049,3002.008964142438
15408.635916035233,23525.994518010073,14859.986181385548,6169.864270308675,3497.984484576039,3669.1398361526603,7338.285209925969,11590.341477708369,9214.752130405499,20714.38085094568,3035.0358208797816
15596.787433247855,24117.73611080976,15010.69761397661,6154.965985865561,3530.965066213973,3626.0207794562307,7421.053700307287,11494.656306929162,9266.027508085162,20664.102608877758,3039.0248152566064
16098.99067927963,24517.307489652507,15841.445441902884,6326.508368402032,3675.2274673134034,3651.0008224435646,7455.41554079048,11579.688869633841,9510.784777471423,20855.700321810808,3182.7614867210605
17496.592381563383,25011.284407643707,17159.61014301474,6676.029669665091,3885.101491493506,3905.0378703169467,7576.71867452291,11687.61419731104,10007.87367361389,21091.44722425365,3253.59154078484
18268.183304905244,26456.21844852777,17498.93315939226,6835.305762414928,3920.0818679068584,3980.0760134593816,8184.54623788748,12386.880181137833,10229.220734785556,22238.241735471172,3330.4058263577426
18122.895097347842,28708.65264214892,17569.198840121513,6830.41236302647,3857.1174587392866,3982.0614878188726,8711.243269216006,13004.76001832992,10201.367760075742,23261.213585878235,3309.785403327757
17592.111919198134,29297.708285098855,16881.869425583453,6690.220836855451,3744.0127192573523,3851.0195601110604,8789.386217964131,13043.211231434665,9880.77553591748,23295.42488863439,3232.341782776365
16882.883651905056,28968.311439941295,16349.739174580547,6434.023046841233,3601.841743368039,3702.0073131088902,8709.245028886806,12911.507596430609,9577.28429159447,23138.935037360505,3107.2842302542763
15967.597016670199,28088.287733596328,15397.529111622822,6149.8484635934965,3432.6079930239102,3507.0214879141195,8545.862300593977,12528.11155937156,9099.630619895996,22400.73261431446,3047.6326572686476
14597.901816658625,27008.019989101027,14129.316296511672,5732.2746559940315,3179.344478476508,3232.0,8211.627083213716,11990.15470327953,8470.13153295191,21537.44498607895,2893.902242242338
13204.541449301316,25226.417321278666,12566.128246970535,5263.74699507886,2938.017396285219,2925.049858645942,7757.079605047653,11303.412578454401,7627.506285573608,20232.827528924267,2684.1633884320145
12311.795450168836,23020.242319100944,11770.156929572324,4876.261760715798,2756.8833142099043,2735.182483057997,7184.428391880671,10518.741743231323,7215.915982154242,18873.71777461892,2602.041828015221
11673.873351223214,20494.62906903476,11281.89826022934,4644.686537723214,2626.737406918463,2630.322703272966,6605.5919184627755,9637.775133480978,6903.150304782846,17169.76690053453,2555.0188852407096
11282.107258830443,18542.662187072885,10822.076483095918,4536.491871739649,2543.484583934346,2545.3731266102436,6164.867561131859,9055.07965148242,6670.737210887758,16121.252479517225,2503.0
10938.563029803034,17053.662968784745,10415.28708035963,4434.135924793636,2476.498059295645,2508.4660766102816,5845.184523957941,8638.39068933049,6543.541145074233,15482.218665290753,2449.001226659375
11001.046347109004,16086.189364578277,10353.118046188169,4411.914681035842,2477.402148961434,2516.4646329231127,5584.668673107626,8405.94934156097,6593.223829460166,15109.401512851551,2435.0
11504.140798580564,15385.878542250619,10646.402856569963,4504.947806599734,2576.3863253173818,2599.49568784253,5462.342020041637,8315.314001882729,6748.396162080693,14901.553383785265,2439.0012316956118
12165.122316341472,15316.238585547395,11214.63100296576,4802.268532442416,2769.5386383006557,2862.050947286406,5467.265806158144,8455.11732396092,7092.908595543195,15272.080689087954,2510.010799998274
13165.082739480133,15935.485334334608,12318.949817850209,5173.400078298736,3053.7946762328274,3138.0038322331675,5596.431667803239,8951.411762839936,7691.775646718086,16066.396293240037,2650.001133501242
14052.075482742714,17112.574431057634,12757.202060482236,5497.633042469746,3194.1260807589806,3300.1112358149403,5873.607417417731,9668.831835914034,8051.085709814538,17436.241902078113,2777.017368226572
14334.517192163432,19066.56026492999,13045.725925159328,5666.40040196597,3314.667790066111,3355.1093921319234,6342.243139540968,10464.820937866969,8313.829114307258,19008.39744663503,2782.0171714723597
14515.02972728866,20382.978690941844,12903.086499529261,5751.5119396754635,3343.573286948291,3362.1300419552,6673.153460365782,10980.038715066983,8362.627217608524,19866.610193755514,2789.20735808237
15002.27819720901,21393.040548245353,13282.616727025475,5867.764750095116,3420.6933636052877,3437.1493956906415,6999.386009394794,11145.037444007892,8643.3337868183,20051.133656944494,2871.0662601531435
15345.889006585956,22060.975899172685,13279.422808319732,5977.86779714747,3410.78028517155,3494.252229727923,7096.57714267867,11154.424267987004,8669.498654127248,19842.548448537487,2908.0164308500653
15395.446145361597,23193.363619616743,13429.233443745192,6028.595220497607,3450.1021404827366,3477.1055129120846,7376.438463785989,11415.187422762596,8804.162377946706,20283.203853357292,2987.0252496834514
15823.725006286593,23810.935606750703,13780.87963980588,6096.821252275331,3524.968568509461,3421.014085882614,7440.135444456604,11588.950904569703,8892.507193375584,20344.391845787017,3045.0247660904706
16384.392020631047,24412.475784195783,14653.724597818666,6295.434385643478,3667.1438298371736,3503.000857224489,7514.370744890475,11769.744101803002,9185.433105833597,20569.995608668236,3176.7086783884583
17774.2869885261,25022.468580455356,15857.65947085282,6632.963596889927,3935.1575926473865,3756.0289079146373,7689.03347220356,12014.854953565755,9624.581503968135,20998.788236746088,3252.456792881916
18660.98747012852,26433.73186667393,16223.946682183594,6812.222922460075,3989.1270432494375,3840.050349625761,8267.579655039597,12692.680879121397,9800.860432483461,22332.36274865998,3319.677294240987
18389.49261691339,28748.619351041547,16263.470516991147,6821.523589608513,3940.07081809758,3819.0387283598448,8735.013132029359,13274.480560504413,9790.988549731392,23587.548426697005,3310.6291578337905
17796.15129641806,29457.883940111744,15719.103252576473,6693.218365796646,3854.952170951905,3729.012918272313,8879.30704097058,13309.828178634392,9502.594941873376,23797.633682502496,3220.3075938319703
16875.084079674976,29318.004541080943,15214.04970175438,6437.817655177769,3684.8792523914854,3549.0008461032176,8835.345536531579,13269.14158671628,9145.926087919737,23632.14775398031,3165.2789266902864
15804.912785058865,28443.084703838642,14128.201173895759,6105.57995128934,3469.6684071938434,3388.567375873602,8507.000232745726,12798.622269128167,8631.655769683877,22830.898258474757,3002.495785661784
14330.133447283624,27093.842014918384,12942.353078193712,5669.125325625573,3183.417824402632,3127.432774973754,8220.619414769226,11843.035263327443,8088.721991617748,21267.154270854884,2828.351154426545
12799.396356218973,25288.157176806064,11648.703914040985,5203.598083363381,2938.017396285219,2881.2384309084696,7778.0622719504945,11054.395309391044,7573.107881747534,19821.205693658005,2662.3327773475835
12090.989158503045,22989.165291698297,10885.048289081382,4925.135142799082,2759.882320132762,2710.1357852814185,7257.2719279784205,10232.935007720285,7162.284873356243,18219.93639721143,2610.263670873089
11501.916666216348,20333.167352951663,10447.808567797463,4719.9968112099805,2630.621534899868,2623.0937137198157,6668.641965604759,9382.255628958756,6856.703102749145,16624.14430543152,2559.1439140617704
11270.185523731732,18473.34457898923,10047.949298616963,4592.376963413157,2549.586503568608,2609.056851829511,6256.807893362711,8800.544508484872,6739.1807670215685,15609.834890814867,2514.09782594461
11278.362047318105,17197.323268485117,9349.506112117275,4544.239617608224,2531.4388732551765,2605.041779472128,5990.442813555965,8513.027131977578,6773.854741982288,15081.213942005503,2323.1059745247
11866.780497879792,16363.805417618543,10164.810894633181,4648.266464601048,2622.5184130487673,2726.0543906847383,5821.948079366518,8386.612012468157,6998.9780390930155,14875.261839036542,2509.1211792611793
13245.430817029091,16194.962426222914,11355.565947478077,5056.5384444480915,2938.8879531891494,2976.147138692212,5838.779077265994,8527.50556908865,7787.9525255470135,15110.786593040162,2661.2945149433144
14832.924440816329,16859.821087413857,12921.799364244605,5725.3415580986675,3373.128902253092,3298.3713621559305,6100.96469897176,9217.603969792912,8776.61228770525,16325.208856486513,2899.4676535665753
16387.870508018077,19192.7704143317,14694.876613621593,6368.191837284437,3720.702127651293,3635.4860734988793,6648.743106202226,10396.422222852887,9874.551425526679,18432.208815325306,3189.0613900492367
16719.30178812714,22651.73387811846,14890.590547755097,6683.6309991887065,3784.1602515968366,3705.237642187716,7355.197948880285,11588.836628200117,10035.276633946416,20529.8210040321,3216.50551834185
16130.896759573827,26439.688429324917,14349.764573811137,6678.258756533456,3708.0331713283263,3626.101132881304,8189.750656216632,12640.758798686342,9875.913038435381,22389.45330231409,3155.189168475691
15522.915815442871,27407.941422116808,13706.201908526056,6461.768489071836,3567.778361793108,3503.0310077417253,8356.505659164712,12988.324089316833,9624.10256945405,22958.052362360926,3100.0978259716285
15306.693068842173,26511.92011545606,13444.009483279087,6263.369418148474,3437.765672543076,3432.007890122062,8222.009959356574,12745.81898225135,9535.072647876448,22325.905319617723,3048.0486003678607
15281.080907767722,25598.053410762408,13307.023680356599,6165.256747260714,3399.7042892337254,3435.0078832110075,7967.234957135967,12307.82404329373,9361.009939086522,21476.28976396808,3035.08086514419
15280.987596057645,25387.687670418047,13219.994497297463,6063.573463663714,3363.6424273584717,3384.0035530989544,7867.304952072718,12134.681009815375,9252.404339450328,21123.290503023494,3026.1446748917792
15724.88631975816,25422.37864933613,13709.27303908584,6123.803566179992,3433.936110954436,3481.055582327247,7822.529268804543,11975.96317391041,9427.881562880057,20809.133332884096,3089.222111937747
16478.81139612484,25234.474948383246,14811.87257783003,6332.216897922347,3666.1444427995793,3643.526731839697,7813.439307692859,11807.888876775396,9797.72996107363,20548.168779816577,3222.3428648153554
18294.73425147275,26228.4157148995,16404.4763957743,6807.2269718351945,3971.222067015245,4011.8897556268766,8044.8502090762595,12052.251321162616,10439.580477666506,21104.42375365569,3408.872394186123
19712.952947049012,28150.284249585613,17493.086864617693,7223.228666180759,4189.266625120761,4217.948978969943,8658.870406447817,12784.929958867337,10994.873016849437,22484.897245130083,3548.0099880982725
19561.646795321918,31294.998040337323,17451.013700171738,7288.385177471494,4203.607862454992,4192.95480511607,9353.841060632325,13654.879516154635,10907.730477930943,24046.633718194575,3531.9549741124256
32532.60065132943,41956.94841536435,16709.693976389943,8038.004806711826,3721.5060538857438,4490.8745392188475,14645.55656491588,13171.358532008042,11245.711910898846,21966.383639084946,3398.254538889232
29861.092058092694,41041.86668789166,15542.461099600921,7664.356178558701,3420.9113955976322,4137.651563817762,14435.44120878998,13124.29374082811,10376.08067403383,21824.524451929392,3258.1031561604477
27150.85109513622,39080.69577775397,14268.253682275948,7045.6189878134055,3093.4602453451753,3837.4851045742407,13986.349941262835,12539.324859783237,9433.566381972645,21148.734421243622,3078.9691726078754
24985.848366086193,35832.73171196043,12821.416692115336,6352.07068539745,2804.187230007434,3541.3160591595492,12883.194077502125,11593.57091831666,8580.05791931809,19735.11188748122,2934.382129344507
22349.671042578833,32218.45649199047,11384.413428600421,5692.93186110608,2495.6377007818023,3271.8595111385716,11860.698007843152,10634.411425423115,7587.668241570945,18068.08161416827,2737.706562602135
20707.11194856499,28320.575474589117,10568.363655881732,5227.3878051818265,2309.2228012303626,3099.537369683721,10850.077297846248,9612.312099658224,7064.531822508934,16120.887985054967,2635.5157856531273
19436.73669617951,24566.50618939742,9894.8018334985,4856.767116482104,2206.3717355999624,2969.2888493014743,9486.47567841127,8736.918682903584,6648.655659558789,14530.33601384948,2539.4374550754146
18426.5906344747,22170.037572248217,9413.828585410307,4632.3441093846795,2122.0767884948095,2922.1622021918492,8806.692886083936,8114.135353950688,6362.762284109425,13435.46492056509,2492.9104785700683
18035.898532124236,20267.351354083046,9186.348261957644,4505.147390983782,2115.9228722126104,2948.0815480571896,8191.854503271397,7722.315627808803,6343.544642192097,12730.131931242364,2491.8434661744673
18304.87517689387,18925.454447629334,9627.51754512599,4576.191569895077,2208.81201868451,3080.100355502005,7784.954946552049,7568.897782592815,6561.428326474625,12311.276323710319,2540.3491257071496
19230.174278353395,18355.433176435305,10594.25201867712,4854.372713733623,2430.2396202896302,3293.29610927662,7470.2095849432035,7745.725072817602,7130.105199656445,12423.818891517953,2651.563295608873
21147.176123020723,19064.385290687544,12024.574811077571,5382.85250656444,2733.6627041677148,3648.5831722731245,7618.685423725486,8246.792760545919,7898.274887054645,13123.0253965648,2771.5382389700735
23328.803161177733,21164.074900045038,13508.444336376886,5954.806062839207,3052.391622998955,4064.0860209810207,7893.070034789608,9091.558336004011,8766.330417350315,14558.28716310857,2994.7530919847563
24714.774410204325,25326.90565162936,13936.166375937195,6283.150700470929,3132.427904735393,4209.090854228019,8878.62682824272,10410.881420730764,9139.878020432268,16805.139874,3010.8063917950594
25565.385359589727,29324.952245588516,13826.972204985941,6353.090725979199,3112.959246334501,4254.988362154297,10228.87447787548,11406.171560766936,9277.57973696093,18545.58743422114,3050.2532484779285
26209.75085493361,30754.019476280086,13717.161648902658,6381.862267870281,3120.1411621098155,4298.967146844558,11026.65804201348,11747.964711137414,9389.322093993063,18965.739121724935,3013.6399994022136
27047.72379360682,30849.364542712017,14008.549218610871,6527.048700451691,3189.2833858305903,4394.0768854685375,11675.137400943631,11555.498873841787,9776.097814452416,18615.657647681965,3072.243916215649
27921.77524810043,30623.724418076814,14537.382240467467,6676.029669665091,3303.1075491708066,4538.163050624588,12073.747265526747,11512.812433969599,10190.97080111045,18319.654464029878,3099.7825144042095
28987.913680732432,31551.798622224836,15085.848596257416,6842.198757353429,3362.2532264418724,4613.284420522022,12520.093362454812,11607.73634714852,10440.42030781423,18323.44483867781,3213.4040387580076
30691.76899470343,32683.099553178155,15978.824544244193,7094.811113916346,3505.7336257400216,4754.537055679595,12840.55860184871,11818.869602865423,10920.138728431115,18596.147182513065,3226.8062343650427
31934.015888114493,33569.6011249809,16876.078945316214,7354.111292650189,3567.8879094933027,4844.827284017388,12981.976927808591,11856.142376706055,10986.584426234318,18598.145460339158,3260.854421877021
32683.79207320086,35367.59173218387,17999.859214668995,7662.244640259315,3674.1113931219456,4943.215298563689,13431.343402512288,11885.039800854724,11265.96801807235,18857.131486592058,3427.3843839721712
32729.742310804497,36728.60472445668,18801.46938045538,7897.156996446215,3779.448979591836,5045.716876652924,13647.527476619009,12165.700461211127,11371.798170362523,19494.911686700438,3555.5500620192824
31428.786609257182,38670.424522215646,18593.223444197003,7905.38687178254,3750.477282565907,5009.645850653924,13956.143195390689,12528.814550652058,11405.178012616545,20374.07063567693,3539.5573604779484
29209.347506025944,40210.769753272805,17852.792013196264,7693.025937368716,3577.20083727775,4731.1753291100285,14296.105869399305,12899.284361375194,11000.24064228229,21115.765252925758,3449.304276637174
26863.32020917942,39546.89296326798,16569.951521213177,7352.104334385341,3304.801957888759,4326.800772105707,14036.668433578348,12873.30850999542,10162.70281116275,21121.759292585913,3296.089981029398
24200.315998542188,37921.82200855515,15041.937274733751,6822.503599597715,3021.629337465274,3982.5717038193043,13583.713171004592,12303.427516012822,9359.398087710995,20403.903576315908,3114.9575840133084
21551.140896165365,34760.09991956001,13514.957913086526,6209.761187098997,2757.123867801567,3674.3185412112475,12511.894318888475,11391.53724942968,8604.161486848154,19091.191982257697,2937.380656958402
18521.1899517107,31299.570204291627,11864.615888966397,5599.801353157196,2473.74860400038,3368.888364670896,11455.435893042808,10401.401241392376,7769.219263885507,17479.64797556336,2789.637868224022
16688.397576406474,27577.960474056752,10868.731041282426,5104.179149246163,2316.303513632192,3163.5049197990725,10159.8309062764,9425.059376283743,7179.164930165283,15764.361961893244,2655.5117951067386
15704.207002495225,23820.399946670255,10271.394124504854,4795.614151085234,2206.282631658368,3052.326487669389,8807.055781181469,8566.850232810682,6765.888863121502,14192.812094543398,2537.4378087604055
15154.6382807298,21461.78440702249,9703.184973165193,4567.198192071374,2114.081046513656,2978.2847940881506,8491.11990823786,7978.134602028595,6457.017819293054,13163.279655829327,2488.4003270566454
15080.095776100256,19676.1917706054,9557.647827445975,4457.990484967709,2108.0037764392646,3018.123823038773,7901.165285035147,7656.268508121272,6490.978625459706,12523.081813291603,2443.4551025505725
15499.16830491494,18416.237520120016,9921.863752845287,4489.968076729153,2208.81201868451,3147.1435321806666,7316.843907793346,7492.856528667644,6826.962093637997,12192.095148439123,2540.3491257071496
16515.072974652026,17970.984658026417,10964.750548962038,4755.253086172,2433.157783350994,3359.3406026263406,7194.648423705413,7693.593428708208,7439.830529619342,12224.6040179552,2665.560252774286
18163.744747152527,18665.029358386117,12460.040423455164,5249.66055130894,2717.6729778607014,3665.651222474601,7270.970970781949,8218.652420448292,8195.025395721379,12885.829637507664,2825.5276764658706
20214.11851157325,20762.879784359156,14024.822717775935,5827.500680821363,3009.126298314919,4034.939786660941,7405.969620015237,9072.649885531522,8984.820076581787,14395.29170039393,2979.757002044675
21132.007542725474,24850.58166909435,14525.82346484488,6135.069320500075,3122.236271107104,4145.124590543399,8015.173807382674,10391.796200552768,9283.337188113392,16634.076587180578,3004.8677960189634
21612.624505326585,28782.799671881512,14599.665502213393,6210.900405999767,3091.0669763042347,4156.037811301849,8719.665014483047,11435.710893645375,9323.028672351684,18470.32964912241,3008.749478863249
21922.539464793917,30110.209619676596,14698.100601789854,6222.587815527221,3056.99696977819,4149.883758287347,8968.868396821463,11653.942406327651,9346.74580150855,18814.77173221143,2991.6982607766204
22158.131005186173,30106.93406543373,14907.804084489739,6355.883262972201,3112.146955252161,4253.988849639893,8843.444467526513,11436.392260041746,9515.914727254687,18343.26234108691,3016.6923016681026
22993.05424997907,29730.535077599,15158.354305762543,6499.868671590057,3195.278868994571,4339.104363096562,8729.018226821281,11320.970327799701,9664.3619406375,18134.294010613798,3072.3174978748475
23283.089916148798,30244.928738062776,15090.728096937579,6675.030464614228,3250.05122114122,4370.168590249908,8546.65564792534,11372.72324226085,9781.216722717008,18134.294010613798,3114.7786286747482
23634.133119489332,31345.956569714806,15760.710030432047,6921.542377065559,3380.432289021093,4459.284229775878,8563.743966197091,11534.101111204849,10150.15041184178,18304.87517689387,3216.866486639822
24649.870441326304,32316.69006079641,16347.847626868192,7233.112477232109,3498.7394018202413,4549.656879121979,8617.80173725924,11602.044783192174,10664.69079119639,18360.619887823985,3272.970502953512
25550.964876103037,34283.951763585916,17040.564801658646,7498.069985968601,3639.2518779130673,4637.959836631021,8920.16735871269,11673.717138500388,11069.425894208807,18552.969457113264,3425.385224495162
25809.406929563764,35448.51511383617,17577.636041292477,7813.130958728537,3779.448979591836,4742.45667084231,9184.21289029196,11982.351834380655,11372.23181493328,19180.760861759278,3527.6398013138923
26137.970116496086,37472.36293120049,17527.435512433334,7845.214594048995,3742.4851722119874,4775.431502303593,9653.435402282781,12425.797479348053,11314.035777698691,20156.158948443484,3522.5651907747892
25543.28980486453,38939.55685706162,17149.156399953205,7596.658335163735,3554.2228050850963,4507.050340541688,10043.661450044121,12746.10058086527,10930.065130693516,20818.610551064463,3431.3113834884707
24205.780430680512,38446.73126177612,16099.903456987888,7241.22016840535,3272.93996229654,4155.639500673557,10102.956884591638,12768.08032176663,10110.641911852339,20881.001561761987,3237.110574716482
22486.873463008873,36706.439910788824,14947.926317456053,6673.201144064115,2976.5626516451784,3835.4864663320595,9980.019544547426,12217.291281380734,9245.433488061146,20180.00441989391,3082.5462257617723
20621.145394015984,33747.86289375439,13455.50500417261,6061.796314527097,2690.504380776624,3532.139455078246,9489.26044017573,11259.126474119059,8448.83680780562,18907.251143354122,2922.235169397947
18495.799969662046,30562.059933938956,11821.878616714395,5427.6353234852295,2392.6158160402747,3239.708164266692,8856.309160024392,10299.489237061145,7578.680555417319,17248.21719866151,2700.776011929802
17238.302197833782,26882.871390647993,10785.802081221622,4987.966055041515,2242.348635558954,3066.474277998911,8018.230933233648,9373.201678040014,7056.802293719142,15611.181403303295,2626.0692902909564
16168.44627737287,23187.294785741004,10089.336505168258,4689.598407624621,2117.249393892064,2943.377721577238,7178.843254381917,8527.783077879643,6675.874877281211,14054.913555469764,2514.541321280201
15339.936262199333,20872.969842863957,9529.210403219884,4494.155503012915,2084.0158434338096,2875.1100775868813,6692.016984561325,7953.876913523912,6425.178151643172,13046.992840444344,2427.410643762557
14950.806031582022,19159.62363339546,9406.653513829466,4384.947628687465,2083.862692288386,2914.0946511298803,6315.419599403459,7640.277868484187,6354.6513997152115,12414.973305782738,2425.366078139405
14798.234682045306,18057.5959929789,9688.832049403278,4414.833580570839,2211.8812336493006,3048.0447658531116,6068.931849888691,7468.787522501378,6684.530763300548,12053.168602331123,2517.4413773217007
15888.6578058222,17733.704693425432,10800.678712464944,4717.09129020998,2430.159274644982,3263.3084973704276,5902.6757878299,7700.2850619872115,7215.247848775922,12226.526031740656,2638.5661508432727
17542.698219870475,18410.603686916143,12262.897595756493,5193.509969277188,2739.74957352211,3618.5968447356863,5996.796101029978,8227.724663089992,8010.388778146447,12945.725332286058,2795.4398263421226
19517.22854173482,20705.43965532366,13876.749517004939,5769.548472776929,3054.189911764803,3995.0410272216786,6522.365883867685,9082.563054235592,8777.316572557365,14406.28588375712,2958.762544838917
20688.430713972342,24632.9566157985,14133.303474193393,6105.989509018482,3112.3429826639426,4131.132115995913,7307.837282163764,10389.000168193523,9206.920595227433,16620.882893429356,2998.7520561144943
21173.93280704206,28463.337370755893,13998.02296364582,6180.925537613181,3073.175651721264,4149.883758287347,8279.533044460575,11461.794477846981,9374.711512047601,18541.591227902052,3006.7499928994075
21660.013147566984,29447.841943815296,13763.114924601368,6217.792488292872,3031.110050988414,4181.8687388014205,8794.813036693211,11732.978196734766,9435.637562425383,18845.852116444526,3010.6937225589945
22284.308365935358,29266.601486938423,13986.343539214104,6313.6163331180915,3082.1689615826667,4251.9124670718475,8918.273255649745,11560.285786892775,9730.153873409336,18393.324044218145,3065.1753104026193
23267.131662975364,29047.87699155531,14393.840525921147,6512.858421790306,3195.278868994571,4277.217878475736,9118.10479297406,11405.797861618625,10038.403452938603,18024.28297346506,3102.726089173206
24298.935498860123,29598.048217325322,14782.357525037427,6658.0440172988665,3238.0592056100663,4319.195344665245,9370.204111900448,11487.531260489679,10252.893424127602,18071.449972823357,3194.2651940035043
25640.597413354702,30802.093618357667,15365.194840800683,6904.453446819148,3418.6013846655505,4336.186353478464,9705.439200889434,11595.947837711417,10616.836311553177,18226.94249155924,3258.8549629820936
26764.30211724341,31883.332581816794,15771.550882647582,7198.930757410916,3533.9172967155614,4412.565263316736,9948.346573389885,11616.930763730486,11048.362198189941,18186.872309832346,3300.024446972656
27795.307657010744,33930.73197390829,16545.129685947824,7517.0510142187995,3700.414560740136,4515.950115805077,10487.123527442587,11585.591176536052,11450.67327351648,18267.08556050134,3427.3843839721712
28390.70943629423,35205.40709715701,17184.299328181278,7751.843183686992,3814.5262575163733,4653.426564139964,11079.604552839817,11847.258331611742,11662.922792316685,18910.574447392977,3544.5550723375327
28506.68238100505,37297.74953960931,17022.12321114211,7752.3196592602135,3799.541034028855,4645.237220276853,11805.576197538448,12207.568147284797,11484.778508753512,19661.962966070336,3515.1503125872687
27232.004175486723,38897.18478727151,16673.963037940764,7522.620732253962,3615.1651914519052,4390.9433924542045,12149.4609385371,12503.782665509583,11068.708654126434,20453.298312901235,3412.318969672065
25486.85165679771,38533.34285365288,15682.90641181827,7176.2897695673355,3341.8756830763814,4047.620099073444,11769.296316013222,12537.859397021162,10276.238938771017,20430.434683435855,3262.168753242863
23366.306958162262,36969.30835762374,14458.901701602785,6637.236854355109,3024.5196248317575,3766.3490422648456,11630.236518876132,11995.06363400277,9328.731010064743,19697.14685744081,3093.029017773586
21153.372128544295,33783.709535921655,13029.306323128696,6014.730287604292,2757.123867801567,3452.284205693297,10950.204272159091,11068.081980372488,8484.063803877885,18531.947218304394,2918.3123211788948
18959.475072743935,30400.322803692623,11593.214495916758,5417.75242972246,2436.6794369787676,3195.8182513192946,10286.276627503754,10155.987553341052,7477.820926362356,16923.080109619026,2713.6562795838377
17566.571817358228,26936.46889060656,10642.200403712355,4936.905722493695,2280.3250814674434,3015.420753875835,9276.021315744967,9231.114152083002,6953.547162737455,15366.179700639055,2583.5264583333333
16562.174216189942,23386.144118637072,9958.947092358423,4649.429672428384,2132.071512908983,2916.3132590772652,8248.452230823385,8372.609167932875,6591.726446883449,13833.49822677922,2518.5404367826586
15821.25236782764,21147.72543777182,9437.903625498835,4408.122495253787,2073.942352512673,2843.1958080017816,7472.0092904567955,7829.598914178962,6309.944907292616,12806.150836407582,2422.459154423432
15629.268871118295,19586.888946442155,9224.325174334424,4302.911170977166,2085.0153348528693,2884.037160493827,6998.376128679475,7532.169666693106,6357.648056267189,12285.791715330699,2390.4171646298555
16029.146316373717,18441.05296470008,9605.6182439377,4331.797375202665,2193.1206895930923,3018.0555351167413,6700.714876128411,7388.508008672267,6618.484224965709,11875.01827172052,2481.401484535075
17004.591028161005,17907.856033607957,10672.291212927514,4639.051818665961,2421.244435891958,3245.244540035402,6511.279747333109,7601.482429539053,7128.224171274732,12039.384017241851,2582.526667907468
18823.983142635734,18656.95402482815,12069.751040984915,5148.5422569049315,2735.6614288211645,3614.598685593713,6603.403135717062,8106.329474228658,7952.453988032755,12811.711272106488,2776.9416399830666
20947.853612441104,20799.861449359054,13546.642982266354,5719.487398401748,3035.107123567763,3976.0512212260223,7028.351912093063,8978.217258172033,8857.343135980422,14330.922478175426,2977.875930484549
22138.857533950075,24576.298297563255,13868.123436885513,6017.960940658284,3108.149863594423,4126.134816593491,7911.572375949478,10345.832775421124,9214.039631498807,16585.506770844164,3010.927824169638
22949.272779632964,28357.649569362326,13760.926006542091,6032.843577559518,3051.1921804557765,4132.969921104536,9070.546631594128,11374.552332954807,9292.812554964581,18443.137098106094,3014.8052874232667
23651.806877314,29438.38649237666,13627.139479358468,5988.6744414908035,3017.0248168573194,4128.81722614328,9731.128304202199,11614.086489904224,9382.70175521419,18694.556410340574,2973.7585774607874
24369.91148028118,29163.303071971703,13729.263576306037,5998.464529884887,3046.099114884037,4207.933315837543,10092.332484058421,11344.367252831575,9744.262243386072,18219.265979983928,3009.8663061876646
25453.805614981735,28910.87705624564,14195.815081421824,6112.574418992998,3100.2529965922326,4325.032361518288,10409.815763237752,11188.6699194325,9958.882114713482,17811.255625263857,3076.3913931869797
26427.511459936624,29466.23831657923,14543.145297799867,6194.609685817139,3123.13899773316,4347.10032125181,10781.910535891526,11193.66583073438,10111.200574710427,17807.362795720845,3095.783557157465
27733.494966117818,30588.1530164636,15135.093987543554,6370.076370929406,3212.266167791943,4455.369151102951,11280.529728954278,11328.759011121418,10506.376072608306,17993.04197168691,3116.8952156874398
29084.735795310033,31592.263914416282,15773.046749276627,6581.4167975314385,3276.31551762101,4466.619953411808,11780.935170748922,11370.032340082958,10881.59901447045,17937.7735808619,3195.568256271564
30147.8188893943,33433.15292818382,16801.62649559417,6831.494499608956,3374.953436793272,4599.174770488486,12424.074334654424,11347.854335676944,11266.822375772537,18007.08714137411,3286.3715876128676
30184.484727348445,34880.2777705353,17444.524848878253,7095.259938828267,3490.2855506490387,4722.571877382716,13098.766476729035,11591.74906963224,11401.51917770181,18570.54752298274,3379.241307690096
29714.521386502864,36920.45231544782,17143.00188186764,7153.673019778145,3490.3994245913673,4718.475208365437,13658.8784682126,11946.684631558175,11234.208386658982,19437.062130255603,3369.0642229383166
28614.7404960052,38482.11080398346,16549.441415325648,6938.435073317406,3322.785896750454,4438.004662746973,13968.755266872804,12315.178292362545,10803.854720568695,20157.714477590634,3234.2489375744
26367.97176179969,37831.242337086136,15448.710132440701,6630.471750913269,3108.551517887062,4142.741046831956,13769.884486454554,12272.443232241572,10032.199444880142,20163.9391963766,3099.093358784372
24098.16167260684,36183.241778132375,14236.11961154412,6210.7602026317,2844.9577726575767,3799.243986665152,13092.44028939477,11795.136546881542,9168.411926832223,19517.089892,2933.4620999405115
21927.063009897473,33282.20128159457,12836.23489926366,5667.400024931092,2602.6575672973017,3516.959179724987,12227.491825826837,10933.201432634876,8282.950282644237,18324.36985553235,2722.4519178284013
19811.199509794074,30351.812682841162,11381.335050041987,5215.505636650985,2387.1810799572654,3222.646816262974,11268.165586684201,10053.13742928033,7354.456416414855,16814.70501836943,2542.3488447612526
18024.870808361247,26819.3602473437,10420.18671739741,4759.744892647384,2204.8841423796857,3013.5404663085938,10230.810804830686,9080.810866532329,6742.174977537588,15284.812844533797,2440.2824255473083
16762.43772859271,23560.511736212422,9699.736429026349,4425.10986328125,2073.59809943761,2858.4298996372886,9053.563673486315,8204.813006740595,6324.051406643724,13776.8053536793,2348.1570518125286
15912.277847194047,21134.831436823704,9167.846055514976,4226.776334944939,2013.6808970414206,2756.492550655665,8261.005792266344,7619.885061203495,6045.51992340787,12675.248726763284,2271.108433541136
15313.712101340621,19171.068453176824,8828.212711562286,4087.593170035331,1977.4514802090644,2721.3652743632015,7646.1728946128405,7179.3056782571175,5858.892619996281,11968.12572540852,2213.1113144948854
14965.789137459866,17939.174155851008,8722.799872992488,4001.3782980247834,1988.3969646083535,2721.219867212686,7060.932017352315,6943.826197947874,5797.495645125612,11531.435155665675,2245.1097063455736
14962.791416942835,16990.444784348507,8855.19931104898,4050.2615853947646,2060.4859956521263,2835.312056295622,6801.641206278675,6873.618690577718,5937.694705970742,11351.124883908411,2257.134912004749
16144.658414155783,16686.647907098904,9352.827798880928,4243.552562706855,2246.6079900719533,3056.324431280767,6664.549143368759,6911.6095237884965,6289.153084577131,11386.77014520921,2281.01178524437
17893.878419184904,17060.70734399588,10103.666855471327,4552.001796978417,2386.814262718461,3302.4497189376007,6444.435735551645,7307.519830414711,6717.897398562409,12057.771335278283,2393.005000694155
20103.840078233483,18216.899989753503,10657.203349324522,4813.263124735843,2506.974840455746,3526.420542617529,6960.1662693256185,7907.860718151438,7223.804784308879,13013.484073501051,2443.0012263250896
22211.308848892575,19906.95752145315,11193.84412504174,5036.6310709709,2575.9477368627417,3769.357662957547,7688.598111731303,8549.49890414606,7661.369599206394,14126.55997912666,2536.0106048687476
23944.811898010194,21497.590264480124,11659.63341718412,5249.680658787352,2632.1405587008135,3966.4446713089465,8681.958141906287,8958.871102952895,8124.1309688833,14865.567347659267,2584.028838747433
25602.973708703274,23184.37810128282,12260.922376422264,5430.171153282193,2741.320280199407,4197.573143015666,9626.002175766334,9294.281174440954,8755.410996102873,15349.937573050405,2669.001122614427
27081.68812029855,24583.06762431176,12878.346699038733,5671.464147000648,2804.4490953838113,4382.764742146639,10390.598148500021,9538.531384898493,9177.241386274185,15711.655539750018,2733.004380094643
28258.936733978564,26661.087448472077,13381.276088381197,5865.8852377863805,2900.562550338599,4499.938592417458,11206.655218144731,9873.182558660357,9446.773759702264,16235.110865175522,2822.0
29544.172826641858,28236.332693776334,14058.158212518852,6113.183053629999,2992.9478617133545,4644.232745552703,11843.564409987677,10237.697429263211,9931.159510547786,16654.040527827536,2865.1796806170987
31014.628321698638,29399.82101028735,14930.60407391719,6436.719018987742,3136.0358069784525,4713.583520692349,12394.346515271152,10456.060964909599,10341.163263430046,16966.8019275825,2926.0662220641107
31627.453661162963,30926.283699403804,15784.033312525806,6730.816170180458,3242.440276075868,4771.283912324039,12864.535739635656,10772.625360395807,10685.336254861695,17498.711086186064,3052.2894492239125
31157.304283031182,32529.33067170054,16179.7508525844,6909.108725753911,3303.5935479892128,4725.469822866735,13473.415164482181,11148.2564094104,10760.485155495695,18210.07314098801,3104.025240186157
30431.575982052258,33915.17872631671,16086.612662327438,6921.214205327634,3289.40352151341,4631.965810790989,13729.163758895615,11412.973263733296,10574.914150701492,18797.467005328304,3140.2878234706777
29065.454102540465,34090.9763140515,15680.79703051595,6736.824375445141,3219.0719755964005,4391.775821021716,13725.91540058665,11534.997805859715,10231.023580799707,19036.89095523874,3099.9623787466094
26888.32581921934,33602.44621913102,14901.108527175367,6504.144108844809,3019.216675568407,4100.46949159403,13236.513279779936,11533.998629659416,9624.836512484007,19096.05438977467,2992.9335988726134
24570.71589014948,32593.55779721463,13910.421003519457,6090.654399640608,2826.87583545593,3828.234228827166,12264.369829062049,11177.678928163088,8898.69579457656,18686.700770571046,2863.429130961438
22510.220954196295,30560.166962502033,12837.0078337843,5645.308959614253,2609.56266496,3581.941217918623,11610.203655685924,10473.228755052382,8196.800471317882,17720.757536923404,2729.4975520417993
20200.837697422,28287.03596930853,11571.484984938557,5167.659594764859,2380.2668556139583,3269.6879467033687,11108.151219772015,9691.479382337564,7417.320213671029,16420.41767717864,2615.740610856222
18414.72548158189,25638.04805497361,10552.572730729016,4806.018363871415,2205.034513101356,3050.632017512887,10252.080510531083,8922.566319340507,6938.098412987197,15112.095997011296,2473.208669938133
17151.163111764883,22393.2559594166,9736.801899089305,4493.555455394327,2060.8001562026607,2926.463232524913,9134.371430436633,8146.76327657197,6481.996583994639,13744.148788622166,2392.1541179407077
16285.58376059131,20095.441788899912,9318.013407407474,4272.127739121297,2023.5526392725158,2808.530956709287,8539.077572545531,7552.9116490243,6186.219582073716,12694.537687541737,2338.1577342474393
15518.465127283069,18234.50072851265,8929.320551085913,4122.850051635588,1941.4068482626656,2728.406427537281,7759.0779500074495,7111.200536723767,6018.5511221172665,11956.470757709496,2250.135338040743
15019.143300008447,16967.801322228144,8792.073660614371,4048.6194190330243,1945.4059879803558,2728.2520528961013,7219.105200570439,6894.839594110033,5978.354723063198,11504.505759184098,2284.107808150255
14900.337792356711,16070.279851926445,8832.210720907044,4068.514646044021,2016.4969278680244,2806.2790011363873,6826.528996908443,6752.648587994067,6095.462925805794,11207.106504505513,2244.086590374158
16004.865174364242,15704.423106868206,9226.98058167082,4200.936674669868,2178.6276022332872,3031.2914928381597,6610.212419100795,6745.3832328313865,6416.834288671275,11141.890239146653,2256.011915266874
17902.466990089568,15905.442379180211,10086.938125596644,4488.109119143383,2316.7086848131985,3316.4477773254443,6514.480365370981,7032.528007709082,6933.636144642856,11588.720403656422,2376.0012608573584
20067.181258754084,16931.753292289202,10893.858353676196,4769.446011327434,2421.8687586401247,3577.4533832263514,6847.88406788311,7664.97853505115,7391.2909836570925,12543.680068825153,2454.0012208355715
22529.194995737165,18478.87749613905,11842.693935451174,5070.779699277546,2535.035131548117,3844.385076342627,7665.702166156851,8312.572625296436,7973.054038257311,13690.710524315013,2532.0011832763403
24500.26036294646,19939.2167931143,12632.934473418469,5375.117114943699,2622.2217732379177,4060.4714983572335,8595.4563227916,8797.925537026877,8484.890336721393,14532.55825673428,2608.01031321469
26448.07953195182,21584.674278313258,13748.854114673457,5664.468639292154,2737.4862075436295,4298.60052047873,9480.432541031796,9152.198242690763,9161.376137053374,15174.009156934993,2704.009948414271
27714.878971486913,23042.258544642595,14705.544378669088,5978.900517221085,2851.5062041787924,4451.7995027546285,10314.361650648008,9414.440807493029,9719.426886851934,15560.573714368178,2833.0042258478716
29029.986027738916,24967.777551713294,15377.54874207306,6251.370271165835,2947.6203493059884,4514.935385919073,11063.670667871274,9807.211863292861,10043.02672705928,16201.128644981309,2910.001032110078
30343.56478428176,26581.67799504668,16236.384384331035,6547.732364275095,3090.973895020373,4559.316594277459,11816.58751305233,10125.596426997578,10525.313061050976,16672.114876913212,3022.0359760000424
31723.28653441119,27768.159842735906,17096.728295331483,6881.167675005611,3246.9627976344327,4636.610787461354,12340.39442913386,10378.02082614238,10929.595814928436,17018.857715048576,3090.079411688527
32716.076583893693,29411.650680923758,17862.00478453067,7196.253420264074,3324.679123708377,4665.179035461478,12860.649836363982,10598.390311871795,11198.37255110637,17412.586583914064,3216.3810313226386
32223.861046884336,31182.78596933994,18115.357433115732,7319.370325601968,3393.7243002669843,4570.147252892562,13257.178886919537,10968.104496197067,11097.24792134967,18083.693990551023,3249.1736052896563
31570.344659068844,32873.767046416506,17797.86413924878,7260.792566416523,3402.4157232532007,4578.770566094768,13825.667604542088,11141.787629261242,10835.507628977844,18660.794807609756,3279.095836056317
30012.545727537894,33286.43763074928,17282.95943689407,7035.325886345916,3287.3073587362874,4348.721669444445,13653.006394461969,11344.444160210021,10298.06068513409,19026.03693209628,3241.980101455613
27668.38194813589,33151.2304445194,16294.917111467666,6770.905134066867,3105.1520500271577,4064.4829991870065,13274.847501748774,11332.255255722517,9647.660277217592,19100.18390653607,3155.8249509382304
24952.797198814234,32397.187018850167,15090.632164033068,6274.383823135569,2888.4279863703177,3816.499477852418,12683.184665836196,10977.935906423823,8987.269207714036,18731.239980449758,3014.9904823363527
22774.199000495504,30243.918073238245,13890.375315061288,5779.628097316165,2690.1797848997353,3568.2976461743924,11682.178502385852,10287.778541854766,8394.489631195454,17754.93472079685,2880.7838628632862
20235.36904878682,27735.682252355826,12248.13210914288,5230.820560497676,2425.7850839883367,3279.9420913141325,10854.549359003546,9565.451751576602,7597.606849652778,16481.72834114541,2775.641181767454
18815.23576244636,25137.08788936987,11214.956190265997,4832.318191628146,2201.467478205554,3108.697753636014,9883.36175290121,8909.867720531673,7083.707199773571,15197.532368506123,2651.563295608873
17585.551623055853,21566.089290904314,10431.468684490976,4561.917000521282,2118.248775510204,2991.4326481265143,8716.223382731798,7939.539414094862,6684.513908359411,13102.262049298553,2534.4383403615243
16809.490460303812,19497.915559746787,9806.207952870516,4320.289618967816,2028.2163139437955,2929.3071865899883,7994.92504560843,7477.10870377534,6374.491183286373,12226.65474280975,2478.9158162346234
16682.947366014323,17943.32803732859,9646.680992932903,4230.061454159623,2052.9524043444476,2966.1442913743394,7311.730999156938,7157.309294854885,6360.13209593031,11635.372540767281,2487.84487171998
17214.671839985713,16841.187726943255,9972.920477455622,4304.103235223708,2185.1249777777784,3123.1526538309718,6925.133050939464,7063.843919662321,6700.102734288281,11346.226806001412,2542.3488447612526
18096.80650156597,16587.250708372772,11021.61220640371,4642.336519331296,2419.2455111111117,3352.3435129744526,6689.436931337822,7355.524431645354,7268.663077656753,11581.847532441087,2664.51001943623
19835.33673528528,17409.311537560203,12442.947250281597,5166.722515224403,2725.6678251934063,3732.6203580986066,6816.442528213465,7934.7102696095235,8149.833548901338,12360.008671325933,2798.4849674976354
22804.38734241267,19631.180581482367,14091.987427452268,5778.854194328345,3048.1944538521066,4153.120314087594,7304.236187209654,8856.438348415415,9036.881712802775,13929.546943330766,3018.6918293303715
24798.31654305518,23531.72307617141,14712.972089122644,6161.2586758171,3183.386874377795,4372.167554338375,8137.6908149528235,10215.938019390582,9395.320900546667,16259.186113299775,3061.3224271267104
26212.235761883603,27364.940490849476,14958.454158776824,6320.329493710861,3147.2175637764826,4436.134919847121,9234.275316900352,11331.023320757526,9583.083526630531,18195.480680349367,3095.783557157465
27303.166437005577,28381.627491381343,15051.768667133765,6383.962082701142,3129.1346820800836,4456.046758572049,9977.221765112088,11666.146791331883,9670.851530640353,18684.007101318555,3080.731431539756
28534.150121248782,28127.211828265543,15514.325135947443,6518.953933870812,3256.9564765162722,4585.139926868277,10334.542153110408,11513.221946484113,10112.070865235051,18329.487039047253,3110.77966109099
30001.98403837537,28095.820173249547,16077.891464964456,6721.195414880227,3369.440657395364,4704.31787571808,10988.131011174062,11437.670933229569,10521.701404643643,18165.577616685245,3159.7671996298495
31268.18287170637,28938.654335363644,16057.146409375579,6905.350298364325,3446.383259556809,4780.359064146695,11383.303560442253,11596.645033481864,10817.352583597913,18372.50678256229,3212.8098574336
32874.61074387262,30294.187460424615,16848.128543300554,7152.657893859061,3578.7756838369805,4908.618500142834,11934.991278998994,11750.723497707339,11248.61931773392,18573.95759273954,3308.021883512074
34375.5234201522,31474.75271790848,17466.610744205616,7464.439483796698,3694.9876043536237,5006.991761971307,12408.533215379304,11784.79648230953,11674.051492083681,18643.316054514915,3412.051640347154
35553.888755146785,33540.06136773517,18288.389827097468,7739.05672723272,3815.414479411496,5072.312826740356,12990.419803402277,11812.621723035429,12068.986878311265,18883.5975571287,3517.5675088104
35662.81962321079,35259.37435756471,18920.11183523452,8035.007985640761,3940.7386097984763,5149.7354663577335,13760.760889012154,12100.361692018738,12290.529354578797,19496.11382114814,3635.2531948573123
34736.30273968737,37599.23459173141,18739.287856826697,8092.416822912436,3917.537504591323,5110.667069029739,14371.881899001917,12486.442866363024,12175.130341221351,20378.601821979315,3660.237045997057
26370.539491249547,36550.9009780588,14773.393885686792,6515.1946774749895,3212.076720343695,4030.022511617066,12624.269792388604,12970.669199637441,9571.217085208305,20821.816626033295,3073.0359579142096
24306.408082217735,36598.26719993556,13831.50248475407,6170.379273683162,2962.8758847736626,3673.498277890867,12526.138759703852,12865.548065731124,8692.752086525838,20890.62102931869,2900.665674680868
22335.44239093303,34487.14268275181,12621.46401623354,5672.741065808124,2735.573126608527,3309.6293530801363,11756.688303954405,12048.669314447656,7975.87625461922,19860.79479763819,2707.0044220609047
20005.578063323133,31454.08145788815,11409.09903017451,5116.934675838506,2498.368634795051,3053.53320288635,10509.09773828652,10993.253565030522,7287.684864253162,18231.468175995975,2592.265537922395
17747.359528342855,28319.34011988515,10088.589974050954,4638.172693801654,2256.9348346137726,2849.3485104054325,9552.775939448791,9957.947260689778,6565.017451772402,16563.76187339827,2388.005039193334
16238.625363428027,24955.505095392422,9280.150277036912,4256.765245502892,2131.7725027070605,2650.2596144281815,8566.261722958394,9086.826427150394,6164.120712160761,14980.475362905503,2312.0
15111.775116744773,21538.498874161894,8757.208907411012,4038.1128483672896,2032.6743034041358,2592.1692785822925,7587.542609144214,8227.428768025593,5886.460690167071,13518.153158105595,2211.012156683711
14337.384189176353,19576.28045293259,8405.481254684166,3882.9346968590216,1972.5674055996017,2543.2028264361684,6901.559352868584,7672.431881170495,5706.821816891863,12617.46135381799,2180.0218844903834
14073.421933033407,17999.929077967387,8353.374938250818,3827.5857319868355,2015.4971820463338,2563.201216499105,6499.7692078636355,7338.376165951488,5752.427713121792,12002.032609715585,2213.012145746528
14630.783875378647,17008.43172961914,8897.956531560008,3935.603994490358,2193.6231680222177,2744.448204406084,6231.482373650813,7239.043079321217,6117.627921046373,11686.867710949431,2304.0013039698365
15238.973786639599,16671.449897346556,10140.143949364357,4351.971147669281,2412.740986193294,2928.6067368123718,6147.158714006896,7541.987275055555,6828.384562858709,11978.110145768687,2417.1018012639834
16899.889499029796,17354.659138605788,11500.128243227738,4898.970804452846,2682.3506165240433,3231.644964913927,6236.096322442897,8288.545305197938,7496.626775556082,12970.341688400084,2541.0428401158806
18616.444903547483,19656.782141231943,12857.784785673726,5391.748923096243,2918.637209056123,3501.593962803735,6757.5776477919735,9193.346897085768,8163.988280075702,14741.721296927428,2771.069962280724
19962.692345843956,23008.18956000302,12850.16359682976,5559.211455264304,2922.6348627444804,3587.376171390343,7339.707913838233,10056.694595362544,8222.629959817352,16362.295770030267,2759.017482088876
21005.120281393145,26385.68486927518,12374.435871127796,5507.953531528578,2826.6054004063667,3507.0863639931717,8218.044605462244,10792.472864749114,8121.916810094194,17673.23296453317,2689.0541968382786
22202.57216079692,27298.499002597004,12272.215441999428,5430.720591538315,2774.4654810288316,3518.0308747755107,8698.468038552346,10991.704090824891,8114.470898039041,17832.402110971085,2749.1303096934644
23634.34846904259,26946.15968939529,12298.201714912997,5475.410438464923,2784.459978129094,3590.0538821027035,8880.306170760028,10839.008565161204,8273.428355288243,17364.172856995716,2741.1820898245433
24963.121547405437,26750.625543818966,12605.778430875187,5561.722105155096,2832.6018387207196,3691.0663752627956,9312.947889363362,10713.44483539421,8542.058754792175,17090.030749077156,2789.3411708215954
26139.619023006675,27423.603715567606,12722.5729822317,5674.831142907136,2893.7399307442597,3747.0978347802156,9973.142523958564,10899.394666402242,8764.401820409348,17273.03014447027,2825.0516090934543
27835.47306256484,28444.643721569933,13445.885886765132,5889.252133139919,3041.8247854651936,3940.4476664788062,10629.046315096017,11172.328382755513,9203.448372866158,17583.74643004279,2956.001013741821
29436.79044379626,29431.800683564037,14181.007046816587,6178.8244326610375,3176.1962516070885,4076.3448369727444,11046.31271671055,11337.489737977503,9599.565967190503,17739.09790956736,3037.290906009693
30365.078262655417,31369.196140879078,15104.994699234396,6452.8585957591085,3332.4692330944536,4166.725815370821,11672.801193816518,11672.347999982367,9953.804621791858,18295.67671661846,3083.57542051336
30717.710242064524,32871.85504504935,15959.466838735736,6723.197130681499,3496.0583869784386,4311.039246741182,12220.300005759771,12019.713285969225,10312.325243145544,19032.984558489334,3232.348738422931
29982.18385252018,34733.34833000072,16171.895233024434,6792.60569330595,3528.921668883998,4276.136744594922,12569.07343285442,12387.932606053771,10305.049658693293,19913.164651097544,3234.3206997231114
27518.189155460048,36128.88707771303,15273.036776909803,6673.892973091902,3309.291212245634,4012.9508870842715,12764.346596599105,12802.15577377132,9802.845005510542,20792.968856132084,3092.902396403729
24811.794971928044,36345.53579359145,14100.68366243377,6269.3892422198,3034.2051256824284,3649.297026193777,12560.22371358707,12751.551538762584,8884.022107294919,20923.70336164162,2913.3406925058002
22507.486314783688,34256.4860291293,12810.70852705323,5756.768024952759,2772.638182861499,3330.625278190051,11807.751185259958,11982.39457930874,8039.783234534845,19889.648148859204,2714.001104023536
20265.362370085026,31144.935172160654,11575.266632872108,5195.968124491329,2511.4469776823653,3057.5324872672313,10562.03841685824,10877.723407005997,7342.606993049752,18224.367811843407,2594.041958016666
18250.323169368792,27960.352284561435,10220.684153764887,4673.139571945513,2300.0663253315943,2813.3530677090794,9553.657276334225,9900.686675899195,6626.067327487309,16507.600095656675,2438.004935563106
16442.516604869208,24617.383154712807,9378.029983347424,4314.6048861587515,2141.911211482829,2667.293838852886,8665.503867460884,9015.782538645688,6185.968905718938,14884.350654445861,2309.0
15240.182407817441,21556.585598532,8806.122341854743,4080.1803026854773,2032.5501128665283,2568.1708856494683,7521.387826308564,8184.365108260778,5892.453671664743,13505.162427727179,2209.02159891227
14456.58845044063,19355.536355324,8461.464280234839,3935.603994490358,1975.3996500175451,2524.173912593956,6869.3799107819195,7651.444629269514,5729.796948525219,12540.332694753062,2192.021765409205
14097.311218757159,17833.3096224183,8412.418032539754,3866.6528965705197,2032.5501128665283,2567.2333016763064,6487.679928093669,7363.520436214469,5760.533147214818,11950.738098465006,2222.012096771763
14586.440676142392,16742.58872482195,8874.030798064394,3975.576462220803,2190.5651436002554,2729.4062750714884,6155.058941397497,7209.909238350775,6133.6123467208035,11615.751768824026,2309.0052121032254
15271.851310614244,16496.79267208588,10067.101125511997,4354.874625062801,2411.7413040692786,2908.663789394546,6051.6698172652805,7523.140613774321,6842.483411923424,11874.933362067664,2415.1018866316504
16819.959381774333,17273.94699313117,11352.141875853784,4872.078821375154,2646.1342764848523,3207.701630372714,6199.754650757955,8264.408035902465,7521.603437943803,12924.215705231849,2547.0582485304067
18838.099005753735,19558.751475052137,12657.074460916296,5376.664134869553,2908.6431044051333,3526.5896454314957,6634.28843594697,9111.153087199316,8136.133574803012,14608.78510749486,2765.088848156588
20340.744863917884,22872.18742506913,12875.245724648243,5552.116951801102,2910.7292747554457,3595.4123029995326,7257.673285931795,10042.616785197324,8319.641309590414,16255.272998508612,2790.00971222896
21485.260974379908,26259.8770490789,12523.60940650415,5469.182893335936,2819.5240900842805,3562.102968875224,8227.822778291677,10779.570467872043,8222.043138516083,17629.262415486366,2760.0528143340784
22809.801116965453,27295.691413517572,12422.629369056294,5351.587171427701,2784.459978129094,3601.0410882150986,8725.443573608194,10969.89938296133,8180.517955571038,17769.53714922559,2749.107823014872
24393.983990670335,26992.130807220026,12533.651167665297,5382.290037621242,2766.469913305889,3722.0519573967604,9041.168718942037,10683.927749773215,8391.870158577218,17281.048195355652,2721.2768222338823
25962.774980805996,27028.890547476563,12836.327994365702,5499.578009407429,2810.3649615898867,3868.1128525416116,9394.286170072073,10445.40559625723,8687.480976697694,16825.857687245858,2773.180020876795
27526.899258152403,27708.780080268378,13012.015404670272,5606.784753550743,2857.5028972033933,3959.150293728906,9962.04760483245,10535.021367521367,8936.682830843518,16869.671410670464,2831.0671876236424
29498.24641112444,28901.244088379295,13820.289604711325,5765.052986280194,2984.771712675436,4128.501812284713,10628.154541965716,10714.168768706968,9357.872810024766,17160.299701006203,2942.0
30934.47474947703,29945.100792287067,14549.432674203468,6024.747079109369,3091.8824219525677,4266.543878161092,11145.330952439706,10798.205193481264,9762.989125583243,17211.44595924082,3027.6369556306504
31580.911608605016,31868.221540451315,15343.330981495974,6269.702708613422,3242.244095907698,4363.936621573374,11872.82904824555,11044.850203924241,10165.04658948748,17781.092883534107,3077.6263174095347
31672.743308712073,33380.155011162846,16025.507986646619,6562.897054957972,3393.8290679341644,4487.435161063739,12401.456972911592,11379.219324307836,10461.807712308018,18411.168286861892,3170.3484513061403
30655.79867658142,35193.45548278326,16092.141294922003,6666.5088811581745,3433.69078276506,4395.319010849982,12745.234322214013,11779.205489749753,10416.446618903674,19303.751443720306,3171.2035851813216
27986.932529453792,36530.15832998596,15278.030463564166,6539.044713881476,3228.2543423727225,4082.076409995833,12921.788404938272,12392.003664520817,9863.175337866203,20281.344413689738,3070.971786044367
25142.14246081231,36741.5805756487,14088.35397472169,6199.347505824179,2954.9742046872616,3729.4748941068888,12735.255419935113,12375.136224833448,8977.57557187303,20498.222347836563,2898.382053604626
22782.267666985357,34542.65123966941,12772.640733301232,5675.391940646702,2707.7713062708035,3398.7642301578235,11837.338641008431,11633.066336647384,8123.211256953499,19484.147535472846,2674.010059611121
20522.433713427352,31362.278985893085,11532.1044921875,5151.899069848496,2458.3919594817708,3126.6162311608377,10660.167915426176,10691.674008144726,7402.066077859328,17954.076547338358,2555.029546934094
18142.43273093832,28125.414945623143,10212.688815734067,4649.1622271067445,2222.9497191050345,2846.3891930098284,9744.039849217175,9782.78463872971,6620.205255849645,16326.653449433914,2414.0112312792567
16654.97401057523,24765.67989189068,9382.103283912114,4289.734562742109,2102.8545861340963,2693.3288643361393,8734.662868912526,8875.494055650686,6214.05951152454,14747.360260946882,2314.0012983265738
15560.380012615304,21574.97895223038,8797.262639685774,4045.107162393945,1998.6861943392823,2605.2298363715827,7628.293060133111,8101.4229169721175,5913.551669137014,13373.161947651102,2222.012096771763
14716.48748947112,19472.836935782503,8367.49290686371,3910.7167254450974,1945.5156446760952,2562.2337654320986,7034.6539533923915,7593.39245877234,5756.885298624051,12416.409492861863,2174.0123626347686
14529.729935486146,17844.57873636152,8332.442032332046,3844.765865054722,1968.4536060817072,2589.2658516709685,6503.570556640625,7299.473350052982,5730.679273758112,11844.476441455814,2184.0123062873226
15077.607730358697,16767.83574425417,8869.09934291154,3958.6820702366786,2136.5225104291962,2751.447035627104,6199.122031725686,7169.999371504346,6108.636719647946,11521.865899558636,2314.0012983265738
15927.02667773094,16408.758086569585,10071.180781930423,4331.890675803403,2386.814262718461,2965.650659714323,6088.918280758239,7492.080619884412,6833.37960394745,11809.81498441828,2414.1019293691966
17573.531813023506,17218.894380569513,11374.125285317576,4853.910038755926,2634.215970060138,3253.7443758618942,6225.918492669002,8273.477679954038,7559.568277901092,12841.3975306273,2591.231101020239
19176.08841344217,19459.030225354818,12650.863924000138,5332.6959595832595,2889.5687746293866,3558.5396170184385,6679.9865109375005,9192.191693655326,8188.194786948911,14517.519735743474,2753.0704241900003
20270.809792202857,22832.304403939652,12774.12419321506,5543.224283722869,2933.7150638697385,3659.404943929924,7367.685013750172,10027.62558365498,8231.61990804578,16222.119883017729,2766.0097968056775
21158.996490516383,26454.121702401237,12375.43524089141,5478.075354527094,2829.603617585933,3666.1000182669654,8351.246331504068,10813.638547784329,8090.182787543252,17575.1150035351,2687.070752910292
22376.337478886493,27440.87319508953,12297.44855654983,5369.765096166536,2785.377754425536,3710.05212666955,8751.527338514026,10895.948603271554,8127.682644628097,17631.632083414108,2710.1570905757644
24306.12417330828,27340.804239522862,12353.335737264415,5378.38319171176,2799.370561049407,3824.0640484576447,8990.108404058989,10680.929492870191,8349.687431650318,17128.965734565852,2744.24158834308
26003.951144656403,27464.235643605894,12749.29332561102,5425.535750016794,2841.4293841869794,3949.129811225725,9440.848609825929,10433.345112978313,8679.37453789505,16714.830743220115,2786.38008702345
27473.166229886443,28347.005958613823,12868.747993196064,5476.687720356733,2872.4946929479097,4046.1689186551152,10299.489237061145,10461.21875000494,8801.592773308179,16626.638047174663,2829.067234679209
29457.82592662639,29980.72292088117,13605.259491535026,5646.143042010999,2982.685553932461,4207.571749764355,10763.033037373181,10538.013786418878,9242.642736912729,16857.04551739111,2919.0
31168.688553144195,31017.76118995589,14365.159836517063,5851.6859663556215,3083.88754627326,4323.4561174570545,11149.433741262672,10574.991747217202,9641.886386477077,16910.36930426776,2990.261520139419
31961.38490633631,32933.792017998116,15304.252738005844,6110.5237286453485,3244.2426397254976,4392.999569677512,11748.727075768375,10747.772333445751,9960.064219945276,17394.893936998258,3069.173719324745
32031.907067277265,34559.92542249504,15994.552781222732,6364.251649836923,3410.607824686641,4512.337868578178,12205.789172113324,11049.979209051757,10349.409978946878,18080.236245376433,3176.2726482750363
30855.38013794925,36253.09445710567,16142.205568264353,6409.197285338283,3407.4119897264463,4457.368039305589,12493.795102489237,11485.245708541628,10239.15426824394,18951.534686910192,3154.3555723919476
28288.38992367541,37423.72101513409,15343.203107015564,6289.968475294742,3212.076720343695,4150.040887385995,12634.646017893408,12048.555049647393,9641.810237693986,20039.136863006403,3074.5504287282492
25635.1735511853,37579.973374922956,14091.578442652237,5950.029096790345,2971.0578167373606,3775.527794957483,12406.650318219487,12046.557087723493,8752.35687921572,20265.004460183984,2839.349764479499
23074.537682583723,35363.847693832686,12845.683566013793,5529.42736618066,2712.587108431953,3458.75058882976,11726.3484,11379.754698816425,7929.084489156253,19267.91141222782,2664.0
20388.986624821013,32271.84435479195,11507.123035800265,5070.0994855825,2461.305355859609,3171.65751131875,10584.133340122075,10517.51033745496,7244.746630234942,17831.76087209287,2529.0298527134287
18166.619538109477,28850.49657268021,10285.646556638098,4577.231705226787,2245.0153027560345,2877.384905060108,9711.195391755478,9613.617027776287,6472.1409418282565,16277.17069925132,2381.011387598145
16617.247089032044,25336.481976294468,9458.29659708353,4250.555523294284,2109.7808648116106,2692.2554873548675,8578.249443854047,8741.301452045825,6056.256595886731,14708.088866449389,2264.001327042142
15473.296187039681,21999.038237840985,8858.239322114801,4053.4118991469422,2016.6798473812,2627.2619314973886,7590.432663377023,7971.2321957361955,5800.562992702546,13292.746377334968,2223.0053819699174
14788.02559703202,19899.296664493104,8411.603979650372,3898.0237467399525,1963.4021613072553,2572.1706156892797,6963.2028895316125,7489.36827150648,5672.858972138831,12414.146967658968,2161.0220757237134
14467.09227819352,18350.515333895528,8354.435385026623,3847.5715965935437,2011.6171709181456,2586.2315560598868,6469.499146947468,7256.415962164399,5742.666654892673,11884.534899952303,2193.005455371525
14800.233226264547,17210.6564049828,8795.059025693374,3951.5929112739577,2150.5759941393285,2758.445872927864,6167.957204021834,7192.844321196523,6092.652429722081,11609.827525947134,2259.005327807732
15454.104512422575,16883.663896279355,9957.077945851757,4316.901240595042,2402.8086440283887,2947.6547494636525,6000.702553293021,7495.152823490175,6806.406473964488,11893.852111949413,2408.0806269987843
17130.32081761388,17608.85015568737,11210.250611876247,4862.729661144483,2661.2031123366614,3250.745083281822,6212.927103353489,8217.652883506786,7436.683464587494,12875.382699523567,2543.042806156259
19288.873603522152,19847.845825276603,12463.819319051978,5334.694501017309,2898.563678351534,3552.540550421774,6609.03144808321,9095.238314445392,7990.173461981688,14673.67651933906,2701.0548985018936
20519.688497982675,23079.233892310593,12613.053028413035,5542.225088096879,2911.7286519957343,3658.443129027808,7301.435899061963,9949.671783619342,8193.542924954078,16414.264927163134,2753.017520375463
21808.093277531967,26561.23650656802,12160.303548972259,5450.097441895947,2804.4490953838113,3635.120166750034,8188.071940104167,10754.676777992403,8050.991060466741,17689.222293246992,2712.0395314575535
23024.62567586527,27621.029750970396,12123.29529578439,5356.678532441418,2763.389212126552,3679.066593542346,8725.443573608194,10864.877579295086,8020.677271854093,17837.769829109056,2712.1320637954086
24785.753270278547,27626.71101605801,12139.122948759059,5315.425323487518,2804.4490953838113,3825.0791208180785,8940.254334728981,10592.068219027238,8139.6706184036075,17302.035414024926,2702.245275350189
26555.2050343815,27887.331971068244,12510.089521537691,5390.749655221018,2845.5941756899997,3981.109616735821,9283.275416525394,10349.504060533998,8398.20563755281,16856.8465181452,2734.1825487620895
28155.16614097048,29021.556149774624,12572.757823225802,5463.792383968762,2872.4946929479097,4059.168370903631,9963.36212846159,10409.08482053625,8592.580716411432,16839.60552394444,2751.06912270108
29882.65350756964,30518.273940308638,13266.027412580257,5617.165598125959,3006.8470767403246,4224.56939671871,10653.239514240582,10415.913380848313,8954.607218732472,16961.247066053056,2808.0
31357.342938455724,31468.922062191752,13949.15130051777,5819.8180217938225,3106.1513207222883,4341.584121373889,11108.363844380883,10383.196315765585,9345.999646649838,16873.213528164193,2898.382053604626
31927.432199658397,33173.09443117253,14890.533880920919,6092.764996315282,3246.338065241509,4382.082819212114,11819.548742196706,10534.730987088169,9706.293720185475,17300.581681690313,2942.710243321058
31705.65887524929,34355.68842570691,15609.84521656947,6267.994585534282,3375.739657093953,4514.255162720192,12466.73890453859,10782.987546414404,10011.674864104196,17900.468577430984,3045.5658579237474
30389.183946767826,35921.85990374338,15700.15864586687,6333.5430658528885,3362.5455321921263,4416.391041740832,12802.914809411863,11193.078771599956,9979.43338419703,18780.936366411584,3072.8946379378153
27677.028598659665,37201.49103528419,14830.092069708364,6200.827666794473,3171.601784624356,4126.053285152186,12831.907043885054,11708.446706193181,9477.069552626146,19666.476980540112,2932.6290262819316
25003.315699433137,37401.2777962257,13728.494488561975,5860.36886004009,2914.90835429603,3757.535406912391,12669.469817795174,11672.833590685916,8602.44672414599,19737.51731064888,2771.3194140625005
22925.714896596903,35052.04514045872,12734.621134597923,5469.608133219099,2681.606351502728,3406.435685037112,11659.430372296372,11009.790492197199,7923.374369546003,18673.60936098116,2694.9713675479657
20391.460537822593,32259.630957132307,11467.039108077719,5024.149190566701,2448.397915403011,3143.3152761377933,10616.097591200294,10495.288447832532,7209.797489484602,17845.857662451428,2575.166871285047
18410.729573425728,29273.74605833349,10368.306023247724,4620.301345441333,2238.942656035665,2889.127264018352,9780.000508950361,9701.849716763285,6506.095356260706,16454.07588482277,2399.947148995631
16917.94479884087,25691.342457407623,9471.380330758891,4213.588574993935,2085.7217800386175,2704.0908749793653,8839.668434153607,8840.21266289235,6031.160500228202,14982.04118098715,2289.850071075989
15768.62094754474,22641.356067451008,8892.98371367936,3951.1852938422644,1948.4584026772568,2577.075284194428,7769.485967520945,8043.6676215784,5659.236767502938,13652.889105225097,2232.6726297202886
15013.063760082605,20245.11746921764,8446.133604983586,3784.713454941403,1921.465041322314,2523.5927284250447,7068.420716330553,7456.513631171042,5470.607041875272,12618.740652369479,2158.762481722286
14298.711867665881,18458.65419418313,8145.114831179509,3688.590812894371,1862.3725137354688,2484.548048442301,6542.351849381929,7119.985026734979,5349.154157336658,11973.976960036143,2136.4682042040045
14109.06757238025,17351.988655142442,8135.762552228455,3648.4289345760385,1917.3143805155555,2525.53889584726,6202.933752751125,6911.378394754623,5394.994967918781,11578.41066927232,2155.517764205957
13909.634555801467,16492.478199694473,8421.850956401384,3758.5400532179183,1982.3038218726751,2575.63521753697,5972.630587895495,6931.095766916634,5542.074415974637,11427.963660017384,2132.417761116862
14709.887565864796,16373.693978004087,8932.706933465583,3930.0763283013894,2158.463294611748,2751.070475890029,5857.348900875033,7050.851336742682,5887.553393585033,11586.34376902264,2154.005553840878
16136.491836073219,17004.19758576588,9652.358692288126,4228.329047927768,2288.6556219978434,2892.2607506131703,5830.108841323787,7414.9824697205195,6410.355755094142,12319.77209637236,2322.0
17912.593215102104,18567.7873724673,10074.51295680946,4466.708674648184,2389.8132032743456,3057.189452905157,6138.703986909391,8068.372814357688,6671.0915412498025,13354.744140223473,2453.2443542583837
20211.658793852443,20314.60350834675,10622.856067952136,4655.040793530958,2464.921216851284,3260.1778222254666,6698.245401267004,8584.202901981083,6998.895360170039,14412.778882076409,2510.0979837279324
22427.328987697518,21966.521378237936,11043.885943850382,4791.322673642091,2473.849828234709,3445.104260295802,7289.76916596852,8932.50016267558,7253.679965219244,15052.308334454721,2628.1961562727656
24706.196782057985,23813.133941098444,11596.255325993476,4938.4074403650675,2584.0873767849616,3664.0657823062984,7926.645926329065,9172.99530943301,7620.597257562575,15534.017582859127,2701.254619995418
26708.85950429196,25360.609879604766,12032.351001335506,5069.001267148113,2691.3458991564917,3874.0123477948077,8573.332031989688,9306.4027921997,7994.26795557289,15774.913040375639,2749.250091771778
28371.636685732108,27643.270818653826,12324.391996082655,5228.493774095586,2764.388687189347,3998.0007497500783,9399.0140031285,9557.993792130537,8262.208531294153,16076.932056028605,2781.2471613861953
29789.712715468293,29775.68957877253,12917.840343251322,5350.7060052664265,2886.429766738627,4125.011674096869,10162.933693688004,9729.325334902027,8842.672836337308,16326.683288938231,2806.31534784141
31102.011671997665,31514.749623590622,13503.913167592418,5532.196214947768,2955.369815579036,4208.319718759505,10666.664570077195,9897.172003276633,9350.851668261403,16500.816271559688,2862.1875493206912
31283.3958335645,33165.67544136996,14034.473297068993,5669.512165050629,3060.8120096836665,4254.314153031202,11002.454627426498,10087.570921418228,9492.057571889323,16694.157480838352,2832.127598167167
30726.61947808971,33913.63137528396,14181.656202993056,5755.125880323306,3090.674002130198,4300.372637149471,11574.179577935734,10354.301058212182,9616.010090826954,17226.314257763912,2891.6532245342987
29300.79675416182,34762.452078710565,14322.737699153251,5789.207856399662,3108.657609467847,4199.260978085535,11673.538947021527,10635.031284853216,9595.16862213356,17745.96474865788,2871.495237110588
26859.88980763106,34674.23401533921,13747.83890555326,5713.0531049499195,2984.44924886805,3932.1593155860432,11575.789134789173,10953.043811645772,8974.00410242282,18217.19863326481,2820.4405053064
24725.523505461868,34634.24049488304,13288.871982248518,5527.781596612512,2781.9077679357706,3661.810231848418,11359.91952285847,10886.122936835334,8403.047391906066,18419.824486335085,2747.4805481902395
22977.161061950428,32911.22179529025,12449.968197299411,5237.271431039902,2599.568970823051,3359.364481654218,10672.515486634848,10485.245411461197,7867.038428504452,17834.913349611787,2662.618378008458
21115.687884661253,30851.66384047116,11598.254406211547,4882.717248805677,2448.312606507344,3125.2825628638034,10166.643131653633,9932.378785552713,7321.185893327501,17022.868023959425,2553.177354651254
18954.010652839173,28569.095498512335,10330.46332372131,4513.525634671086,2224.9488304385623,2864.152974198208,9394.476728154732,9303.992466179847,6602.493559581254,15945.452783619216,2416.0130490851207
17228.750503115298,25843.40360952849,9473.378455742906,4141.546498930369,2054.733076527576,2674.091906084669,8705.009790578928,8653.948098085286,6147.525771961544,14813.21136661156,2289.850071075989
16043.800727834809,22689.733632355892,8823.93841863662,3906.2241048801943,1943.5161923492872,2558.0961232826735,7671.466792644902,7974.05310074144,5843.635498890776,13542.451804024728,2251.66676120208
15274.570434364387,20210.245287607293,8465.021363643693,3731.854257053614,1905.4690668533242,2500.5983462168715,6963.2028895316125,7444.82575637726,5685.084887082101,12498.533988491994,2206.03402398736
14488.861761754766,18470.837061180402,8079.158723655404,3627.5392637601467,1856.32497942622,2462.6078648052817,6481.586895970573,7042.753959087084,5580.961929390659,11827.891201856786,2154.6348297376126
13982.677299333733,17277.854946934727,8058.721947182993,3571.484064206534,1885.2752926006744,2479.6035693179424,6143.7905705556195,6862.504022083354,5600.701389501918,11438.047213018808,2152.4137736364974
13725.065749870586,16345.47991169173,8212.80315949501,3629.442309336041,1933.3584680116167,2523.648719652694,5871.605491512544,6787.277785683427,5692.719606887889,11270.617858727977,2148.5195027492514
14334.78348014926,16066.039699360768,8690.664824541407,3795.1536930171474,2116.4727586430736,2689.072117118227,5818.2856172590855,6857.964917971925,6003.080120198125,11426.097189701086,2157.0055461402835
15674.676062020922,16526.363726885018,9454.375841553225,4079.418246627795,2244.6689113355783,2854.264158704209,5694.8524763881005,7200.9350465164935,6489.046403093397,12031.513156376937,2271.0
17451.43239275528,17943.818218790242,9954.412123733271,4354.781854986381,2353.76021942121,3013.16588471303,6007.51992998611,7819.417685212668,6855.930756406561,13061.45394906458,2393.0315612132804
19733.245216624287,19604.609680382237,10612.862856249847,4550.114635194642,2417.8034464765856,3219.1325557985942,6553.158737895195,8391.274565515028,7239.457045445788,14115.403166982802,2538.0968898138512
21806.013454078104,21344.804799974005,11071.160312371083,4709.286541378021,2459.9231611117048,3365.10671227163,7217.725547043169,8768.57624460119,7533.0862858106675,14742.063872457811,2605.2298363715827
23721.277430071423,23396.45630139141,11724.667079620202,4831.685998736336,2542.1826672900916,3591.0671084874134,7892.574155216227,9078.963793356681,8078.92907571897,15283.855023817507,2667.193240485904
25265.59257038252,25439.32373742307,12500.554640794742,4937.701929466213,2634.215970060138,3792.0126138737132,8452.42768681575,9249.594663520737,8314.270141815145,15521.868115510462,2708.2893006953473
26799.946387697575,28106.32809875758,13027.269188280177,5019.254060602566,2684.2697010478873,3905.000767590613,8978.536941015385,9495.209192456003,8421.651808717224,15920.853682952777,2782.24707091777
28469.52834036852,30333.671192822618,13865.28427446237,5078.09708267789,2809.1831194340116,4028.0067197606586,9562.404301227125,9684.613714037001,8651.403010255002,16175.601800274027,2897.721615762698
30065.146319045,31823.074627555827,14512.188526400785,5202.736545916433,2915.3002075805534,4149.293948757294,10088.114163317006,9842.271072494923,8949.926879269467,16386.71537423797,2947.7950457309516
30844.395596561902,33522.80932452167,14920.100378246318,5307.8569131789,3047.7139931733263,4215.2520011224,10606.834174382147,10018.526101262178,9217.22391276801,16693.04794458244,2947.948355083138
30297.49622810776,34545.81347606081,15141.016476545185,5480.478984519378,3139.7370573849066,4254.23041554772,11346.076443763004,10341.094374801149,9503.462116727873,17251.17633137697,2967.359689985274
29170.30550241541,35602.73710118862,15252.168155868292,5593.827426330209,3129.533419072591,4146.291232286923,11645.447628158956,10749.917413666271,9497.03760305865,17981.25485147954,2968.60835567867
26672.22088833531,35631.735420040444,14648.596659590306,5571.498961789716,3013.529357039614,3915.08464880885,11557.68429820908,11173.032231107027,9096.955197984747,18658.03473476161,2900.479615574227
24236.24699326103,35491.73564570843,13963.543126028742,5395.3365226425285,2804.797932871745,3624.7491758276087,11319.968300593733,11173.789984464622,8639.389310428422,18875.409366470507,2822.3589050377295
22161.278784684284,33578.685864847,12791.72213751918,5089.079234175214,2598.660247506713,3314.6283780583394,10568.271546480228,10672.27417556478,8035.767902864197,18214.591411844212,2579.0185161324243
19897.10660602709,31119.302557515388,12006.821930805234,4705.671031836847,2403.3383390664576,3139.5648866436777,9950.051690310236,9793.469281840435,7512.02170526693,16876.492162154827,2494.030274475013
17662.88627978029,28458.42798241864,10469.055322635135,4295.061830451016,2183.0453919067118,2859.3472652921155,9268.260993541151,9065.843110239062,6714.011048674276,15591.506921204593,2367.0050840272747
16348.169537989932,25667.8000813801,9556.560842494808,4028.4343148870917,2048.805026808779,2690.291275677763,8514.086902073166,8452.031120180154,6285.734290201183,14440.306213318387,2239.001341881587
15228.089202548135,21765.128947434943,9019.455109170289,3843.280056769039,1962.6331262349331,2630.196004606391,7601.52984985152,7817.340656156855,5951.879126723074,13005.94950747771,2193.005455371525
14606.968553497938,19665.693971344535,8624.725243258044,3726.8582989089455,1915.4665427733983,2591.1693449397026,7015.566545928991,7360.271786189913,5711.298327598681,12196.104547638723,2157.0221164100117
14399.949076863142,18116.39618801404,8574.614986139939,3675.6984606054925,1954.4040655840226,2604.1979947486216,6624.969919578788,7076.347573118866,5755.006049395742,11623.506153060183,2161.0220757237134
14819.315397697259,16947.813443539224,8987.123756774265,3774.6239534073,2143.5779359647136,2783.4417693485493,6325.2218056607435,7007.849325006049,6186.896937151278,11467.815585585597,2270.001323529383
15629.07046151934,16552.761563264707,10215.267597004815,4201.984876773155,2397.7457831425595,2986.6994649300227,6269.167016497073,7388.275902109069,6867.686018344982,11881.004474405821,2415.1018866316504
17182.27496948308,17437.696701127992,11481.436657841718,4787.952140374061,2669.124104590442,3274.73946128674,6408.16433918017,8185.368751546226,7537.697561237124,12954.203146730577,2538.0428911564622
18980.399900652694,19800.715614432687,12629.319245824727,5280.831972961332,2901.647256474393,3588.579204389574,6985.512749317748,9150.13463878166,8134.252683478878,14804.388134814275,2735.2863879332444
20273.59014622845,23231.046669277453,12876.45246033317,5472.385147868453,2936.7132274765036,3670.441649204019,7775.167360609936,10048.527887625258,8248.60098511055,16463.895144328686,2759.009821752066
21130.01965627726,26748.899602611855,12399.50930151591,5391.044041632719,2838.6855913440745,3663.1192380553625,8723.103905489867,10774.573667210203,8048.9931722000465,17839.851903480754,2688.0542168272473
21871.13459833466,27820.790992285394,12225.405094000307,5255.851188114208,2755.393425954309,3666.066831637747,9070.882485722721,10885.863646551272,7914.331773199589,17871.375974963867,2676.159057091393
23050.807373371168,27741.72746212374,12300.446912135118,5191.233102996679,2740.401396174897,3773.0512500852897,9529.544745849938,10540.92565439741,7877.92479637694,17228.99235577821,2674.2161228610903
23953.29212341646,27710.263808467356,12498.010462520548,5200.50499958264,2791.3746623250076,3855.0950675685476,9481.93977660402,10326.381013701046,7936.199104966067,16835.85407965042,2722.156408070714
25276.167288762976,28272.96350930612,12561.585258846531,5218.398706230095,2826.5201413397817,3925.1516112979916,9703.168284694946,10348.1161195083,8013.346547535646,16776.804430624572,2713.070081451907
27264.586979333086,29376.126773251297,13362.950646304504,5335.790367219594,2964.696275565103,4058.510657306634,10171.709277502157,10402.184447565294,8218.04730023913,16869.305706612024,2800.001070154563
28773.220938643768,30171.869475411753,14000.610367796584,5521.24205099591,3036.011493297476,4196.501833640709,10498.165902137433,10409.26892657245,8470.71229665435,16902.374454768677,2893.614285852511
29669.21773963009,31841.958494453116,14897.746863255767,5764.083113464355,3212.5666969387344,4256.910126311006,10960.158478705178,10609.052089134759,8869.711003987622,17313.76171424227,2965.5989555584842
29997.566960116972,33078.30872123643,15602.889413988662,6060.7470648146245,3379.9488083773426,4405.150603564104,11408.531557116428,10928.17273673257,9307.056253852492,17879.992035213414,3100.060666318958
29192.469800827923,34694.38321005415,15817.317396793376,6212.187286304711,3400.7183745593843,4306.041717068684,11888.031384398653,11441.283297324428,9375.23297977857,18895.369874384305,3110.228120052092
31032.598891776823,36751.39618688104,18856.16907712127,6767.999010639432,3484.8548558100474,5075.528307446211,14067.502018300245,12320.06313107689,10618.843019861217,20640.019842246806,3326.0161623687586
27996.82041114562,36526.68222204102,17835.22113708385,6597.614705665553,3296.4976861164255,4626.179921684702,13741.277019816438,12239.140791925483,10113.354737650217,20476.84390890879,3206.507133741275
25339.90744268632,35183.41756992623,16067.994604407795,6323.0126567235275,3034.510842131506,4162.578073327832,13270.344615014597,11862.968482076702,9238.329612789212,19757.966509596845,3047.0995463888266
22500.934656150865,33280.76397398435,14320.718436320041,5851.481197333357,2786.100544685258,3791.427261940202,12568.461900801774,11255.215840249133,8321.923447736002,18971.728059966328,2872.105683274062
19500.33046470933,30056.707542529788,12715.681490470422,5368.863091866539,2515.532917327284,3459.2255059574536,11409.005391760833,10459.643706800836,7455.928532718556,17643.271609303247,2718.0400296296293
17947.18923556728,26625.768115965257,11662.083235232432,4978.284393763869,2388.4347494452663,3217.1141388277756,10361.197536593872,9417.2880784321,6986.120473926617,16023.165723890983,2652.041033410994
16584.42891836899,23515.601783739716,10876.406580042703,4725.901996691187,2277.1576709078013,3047.0635690930126,9366.590881160213,8891.26586005863,6617.19776022778,14628.955886511454,2551.004716362837
15686.916703464469,21213.006692242838,10234.469701432621,4536.577606882945,2234.944411935798,2951.0368474751904,8615.544262895914,8321.31468321392,6334.554544187022,13610.390322317508,2483.010917911682
15048.629259439638,19628.993170071284,9975.13806322167,4431.382574561482,2241.941343389399,2954.065588649839,8085.526531556584,7929.712709633067,6258.0525857038565,13030.9148685485,2467.0195625536644
14717.102018469948,18525.998559761683,10217.553306206471,4507.508657155267,2355.0403834733843,3045.09961249584,7625.580671708534,7829.1560076999585,6524.011983931187,12653.331958829387,2490.0437246677357
15489.595005423338,18038.459528032185,11294.171767659633,4777.693693915445,2564.25062121175,3340.2336707862787,7433.045116570116,8006.083522280364,7129.648029573702,12829.111072334112,2647.0732730447344
17604.809972221192,18561.54868655494,12884.038741754302,5324.967351560136,2868.6671165619828,3767.5090011168772,7445.131814504244,8504.237505362724,7974.863438472229,13449.357436762122,2737.130873463749
20449.963886244084,21110.66314071756,14790.468083274516,5914.899686620687,3157.2101681865956,4233.841809344781,7814.520418006293,9453.222325582796,8963.234658734596,14916.563227486495,2933.0365729598348
22275.203834663687,25270.252088328165,15336.10185308601,6228.647884172398,3200.9924087908776,4478.747934840873,8902.375237934406,10608.773301844294,9307.206535990541,16915.72932494217,3011.079907847103
23574.93875861531,29206.786383742903,15347.222459647546,6267.283717750207,3127.041965414258,4578.322331544565,10260.8433362072,11421.992531969798,9354.840173725244,18416.961373877166,2963.357857221174
24691.885544817236,30560.074857846183,15210.212509147768,6260.732792333693,3100.8766902470275,4675.166173598189,10995.358443406827,11565.372081459842,9537.372805376679,18635.887914532657,2956.717984502192
25482.102194064024,30638.054233318187,15519.734744548281,6298.56799168975,3099.9678759817375,4821.2041584667395,11398.008900457693,11504.553766969582,9720.226419015435,18406.17601769791,2952.884656232858
26878.179687528507,30684.891049427817,15877.230294638422,6419.58950708683,3133.8559693165093,4960.270551594415,11567.3705559733,11468.578696393628,9939.654838198689,18232.530916513555,2992.8732120230047
28369.8441352781,31417.411939716258,16318.764780802103,6501.774358309168,3178.1947968918357,5076.406465907692,12201.167822258385,11427.513609015077,10162.189051777603,18123.514254303216,2984.76429102023
29992.307183819245,32477.35996474281,17332.017273795296,6653.007780841654,3270.3199922879826,5313.590048112786,12684.788471892203,11487.287874320642,10633.1499835361,18212.449902798486,3103.542880624961
31887.310113912732,33298.81969702325,18225.904053862407,6934.499957355515,3403.5131989715132,5425.9070808841625,13103.855223115406,11425.421902872196,11048.408409916117,18018.591035229896,3231.1548404081213
33227.82330775206,35452.03472023495,19622.736595713297,7269.23970303065,3530.8155555555554,5607.323420293651,13807.324088820627,11465.586658072278,11591.766045572536,18215.789425593342,3387.0723860012763
34245.502147428255,36230.357749289025,20613.707950614735,7632.774495865314,3639.9305058908717,5696.834330732591,14342.55136956438,11726.95331382664,12020.822944082187,18731.460260166397,3543.457830254122
33342.97383260471,38792.12463269147,20306.42152701738,7774.912141118918,3589.973679256225,5558.881524421233,15167.178157346249,12180.495391675508,11890.132946662608,19678.067300460523,3525.7359202879497
31480.521963931475,40645.900386925474,19351.190623653783,7622.059388656747,3486.0676832993263,5294.647058482078,15795.778202087651,12659.18142740495,11476.35282479566,20610.935125037326,3478.69489330716
28685.040941685245,39957.10386089556,18618.257237087466,7343.442760868382,3291.40198203225,4849.235382265703,15388.658878561671,12566.269161990731,10854.897683967827,20511.269324289253,3361.483200464619
25587.234093724543,38214.621630425296,17125.078383472577,6934.635285397255,3048.1944538521066,4344.724979695774,14834.956283529053,12144.356771411032,9903.693137945815,19837.223198575673,3166.077487174121
22625.837397140338,36046.80923745377,15410.662268026841,6325.114547395199,2783.1029336406796,3948.44674059945,14050.523370328816,11560.474468161301,8917.972861312697,19097.930699196026,3014.329044010227
19956.233602441007,32440.762298186986,13594.480472859717,5756.35579338363,2516.5322781976893,3612.273647870461,12785.809713647972,10705.6526230441,7973.070594302541,17838.618787381827,2815.0386404095816
17840.501209473954,28640.2295201036,12413.680182355158,5254.467129840996,2364.450032346827,3357.204112023472,11627.969626749998,9653.593918031129,7380.026995109691,16285.455133875534,2695.0550217921664
16489.198104153893,25124.00227992826,11483.98203736213,4884.162798504243,2258.25171186968,3216.1360199359206,9833.027841572977,9050.256049382184,6859.898481525833,14764.049046070048,2583.0104935856684
15520.84834802843,22593.331272534542,10783.900517246519,4649.683510431139,2195.202930814162,3071.119630716649,9219.289592997568,8442.49730622292,6538.045862817337,13704.421392577473,2495.0108651893884
14878.272342126756,20843.291875047315,10566.620273603745,4537.491296937549,2184.9669257735104,3099.118536893709,8358.918912540768,7997.916034755172,6424.340575361837,13081.280857708323,2507.0192487580375
14696.644161291895,19613.3238000064,10647.965793304173,4570.557528633038,2316.058646137984,3189.1371861875914,7805.8376690946925,7880.428910806317,6632.469676568946,12770.4287665164,2538.029746153069
15711.301295716134,19149.984137042313,11587.42831824318,4841.829120231454,2534.035556407612,3468.2852103866744,7566.235495322136,8069.2723953721,7335.121833124507,12883.232966881229,2671.113736707479
17888.711131267326,19628.624896494806,13031.415334629295,5404.147248760655,2852.676919086055,3917.571462754476,7579.517413923618,8577.349598696703,8240.326796109899,13437.434601042056,2783.421099567728
21001.541193424353,22065.13428089109,15156.102591340601,6056.987186363107,3156.210905525112,4463.946378450493,7924.541151609475,9550.102556325384,9292.895544036304,14960.694930830585,3053.035144794727
22997.407840542335,26227.296192460894,15951.13814065647,6448.776452468843,3190.091774899221,4706.80076475253,8999.111379721355,10794.741375943155,9899.525797491791,17098.067413599234,3055.312037361106
24420.56059504126,30452.668174283637,16089.213575870666,6527.227114594154,3159.113362417838,4835.427095809463,10532.918908678015,11621.232168594106,10136.178603790091,18555.652180278066,3090.459007005386
25938.312724944157,32291.709396636517,16027.499046247109,6576.966830238154,3154.023600876658,4980.26944955573,11465.116091859538,11877.429603176628,10323.679573695155,18789.167111615876,3029.103975339138
27134.047102805784,32711.947567187664,16277.79329011008,6718.901543140755,3225.887305888082,5180.367886527872,12048.910559994014,11899.655214062494,10702.980131204547,18574.147401720384,3101.7890055674593
28582.420442772607,33133.823886677674,16595.946823323844,6888.975011312741,3275.9445778737945,5326.482469035641,12392.620092273788,11997.77370371112,11052.5214169213,18559.868102138254,3144.726517814231
30324.73835879672,33938.02396474215,16942.45699010822,7059.973565199928,3333.370102426572,5412.508281337979,12944.780994001236,12110.697518897285,11206.703999784058,18519.42087486075,3143.726742298408
32646.363209028976,35100.71640008706,17804.545212365952,7345.450662129409,3489.5455933520075,5580.712084487534,13536.517547524229,12195.550431143249,11707.766933682331,18664.60180238353,3267.3251914928583
34145.67855354265,36214.80427218604,18645.71229087024,7651.935271101762,3591.6646001254207,5656.006403873165,14140.042462700168,12261.780176469854,12068.878667708594,18576.664615384612,3380.148101027917
36067.25447998443,38254.9671135038,19823.245994657093,8014.927687824049,3708.2963131737815,5783.44631932717,14846.102462061324,12318.117812535625,12633.244617767967,18766.879273836796,3517.1043002388483
36951.24724816054,39079.685228601,20730.34190882868,8362.399171119487,3838.392796672014,5866.03838921002,15497.095101083158,12688.594264815974,13035.090078190784,19419.731314305234,3662.4426346525765
36220.07970251392,41411.05740094084,20444.758488718195,8471.680265546387,3799.1070643275516,5799.995266971102,16361.114773949907,13169.832292941963,12861.4571302343,20433.368976932874,3648.760986096933
34345.77443619314,43260.01531582979,19635.34435259536,8290.74550402172,3656.3460461066466,5520.764309341454,17030.02177216799,13571.63969098872,12406.454866971242,21338.220511605276,3607.0531980865467
30945.25410139377,42624.01655276828,18568.551218827753,7916.997350416568,3431.9015189877937,5071.407724455931,16619.903961744083,13422.106081297627,11666.048208661316,21245.542787497863,3474.509130950048
27120.99137355442,40618.1493347483,16861.328787105682,7461.228538789527,3135.6333938786543,4622.815694469652,15819.493533724548,12949.915517784495,10592.609586705641,20501.579490863758,3239.0935841768646
24100.29624564975,38109.390581722764,15544.755853661129,6773.254674983474,2839.2608160690243,4215.612623107554,14958.788870984969,12275.910886066278,9519.87895961367,19756.512671826917,3055.14328333056
21479.397397391025,34057.49199613505,13640.446818766508,6105.382091046068,2541.7949786899135,3787.3559309457864,13387.46190977412,11282.293827105961,8408.669466410553,18396.876824886105,2836.0522635336574
19579.16381345083,29999.530544580764,12494.627938668447,5583.7066847908,2374.3554637089037,3484.2238626553603,12066.705501323031,10012.812242403408,7770.424482871716,16685.836298876584,2715.017766806288
17632.3682093305,26151.893624176442,11632.066748962008,5202.225926880211,2238.178764521363,3333.178922451876,10643.023278823217,9463.442265439373,7302.359591164143,15182.410478594966,2615.010364681775
16152.04876015547,23461.93583460787,10917.147186938993,4928.042100226402,2172.0509175614116,3263.13403640591,9673.737899365902,8777.480090061994,6927.327082601792,14115.77956041037,2507.004799359744
15579.913170602067,21544.05010328321,10659.959963784835,4758.704959977141,2158.9037451753206,3273.1569818628527,8846.335874666504,8309.762791196636,6749.693843303879,13387.36532710502,2490.01938088268
15535.14103709087,20069.86842589177,10713.090674749219,4768.6134217171675,2259.9335436445094,3375.231208638162,8209.019992971656,8095.482108532625,6921.745022095239,13015.768978985341,2497.04360110202
16311.223092176866,19505.204273197112,11736.512617619164,5012.988006793069,2522.272376320544,3614.3382810874527,7903.565985314575,8197.291045405444,7560.579984755011,12992.259543512499,2639.093139010903
18623.544456006694,19942.875848219323,13249.543742989907,5580.290507124066,2825.693724857048,4040.595942628775,7813.343533256181,8653.533959264732,8528.687880369787,13502.479722978867,2776.3814256588894
21911.044380181684,22322.07226489538,14884.704056144956,6309.1790974084515,3133.1318146395492,4533.931355669741,8149.666706781788,9673.197152851353,9695.389798946071,15112.086609156717,2989.048799351
24638.44583498578,26801.44632597901,15407.940091630382,6732.694226950289,3229.2536073803703,4752.792818244591,9248.218560308856,10997.610853986609,10297.033686052135,17276.03943635064,3072.078336483649
26251.02057352875,31297.403193742393,15313.058762676737,6932.749431610107,3183.1911685206023,4811.396600337338,10950.3991650145,11959.17694677981,10608.944462200729,19028.879933886365,3075.381961137439
27917.283018123686,33380.35183692102,15345.305608065533,7000.30648231637,3178.1000788346514,4872.1800495920315,11889.051722737384,12310.592567023572,10741.159376550591,19417.57081189835,3072.7430432065744
29813.33447961515,34072.68691755842,15611.404969444075,7161.229011888259,3303.0166845768167,4995.268628900491,12522.13025450573,12412.04777814132,11028.328804433128,19400.599693545362,3121.784101447597
31791.095170253375,34627.57163155233,15884.041741728304,7417.262560946747,3383.1458649884344,5055.318780632302,13180.197932445515,12611.913774124841,11409.841750036554,19541.400765659568,3147.7778165013124
34355.75299463314,35632.09512208979,16185.576657523588,7573.418702390626,3447.2876893071534,5086.374799070064,14038.127226960944,12776.987316965746,11582.224776384704,19640.32969872257,3143.676456219329
36447.62584789929,37022.27475864403,17154.95732625233,7893.8892122509005,3587.569091952337,5222.5632303265165,14854.095570758016,12943.7897866475,12019.357331684536,19928.31481221225,3229.439686930812
38381.268522403225,38165.438291251,17961.823267442134,8162.487209677394,3690.8877416587816,5244.802039374306,15403.773643619363,13084.240610211391,12365.378679767458,20177.800981411343,3310.175173443988
39654.47380462471,40171.73503306146,18897.122707702,8464.360335803683,3824.190526763905,5319.283958791744,16300.105595788933,13214.535470770019,12774.572225185133,20492.021517334826,3453.087727765526
40782.74522061818,40929.27542716334,19635.18496654077,8806.952566492326,3947.293674787803,5374.748645553869,16783.424788150667,13593.005063560293,13138.620750648966,21206.206705694334,3594.7727469975603
39592.62333297878,43348.844102026065,19210.909807508106,8915.589920977012,3891.2372529170443,5336.827363654108,17427.67591291738,14002.567221960344,12966.868210569195,22094.960097857984,3596.1829904559595
37832.82307977839,45100.025684228,18385.11693230003,8691.135580997414,3750.3662949418313,5059.411173279304,17769.512115543348,14393.970434583482,12473.073334836705,22915.919091700798,3505.64040553146
34698.638358180266,44269.00922152867,17549.17951045806,8318.943518222313,3552.9008011374685,4617.964731435488,17444.67918057439,14148.40721187926,11779.155730716242,22680.046593747975,3365.5713523526206
30914.203081125084,42144.15022464402,16379.933932902099,7843.421260606829,3285.608559572082,4325.032074520004,16715.425804108516,13588.73180438639,10752.64956337149,21837.28670657695,3368.0030589455396
27637.34816953107,39409.952895707786,14674.894379222513,7199.825238423807,2973.9609447348266,3980.743674881786,15765.688623097914,13147.252784535754,9839.236850573525,21421.046552793163,3186.341404645083
24592.184842620376,35374.948965872965,12922.14844694949,6511.759943289225,2671.612658874631,3618.448134203906,14358.773903544796,12125.99972049198,8770.710477344119,19922.87700196659,2934.5554089952457
22092.26719314352,31204.320072225815,11697.585520278677,5923.93859726066,2472.3837059468383,3391.230100283214,12758.776310167696,10691.13342415154,8037.214974735234,18092.88683203767,2808.4831962734033
20526.60225686053,27480.083432367297,11006.11166782881,5555.632602699956,2348.201578547831,3209.1859382491666,11356.329543687589,10105.31974459665,7523.097746635589,16367.70618232674,2693.411836892473
19673.760710812316,24478.391999015894,10362.848445649555,5280.542900165877,2249.01342088793,3096.3961248504993,10721.171173383675,9275.01925837021,7149.921681838603,15071.289649439528,2652.5123897476938
18777.731753965887,22321.47900396315,9803.848710431255,5051.327305549953,2202.8849769756785,2994.2611644126982,9898.9640063135,8585.623731522552,6919.456842753712,14132.358183738972,2583.578557978965
17991.358795194446,20738.16059921292,9561.213113245452,4861.816923661079,2158.8315565855187,2976.2627728507864,8793.55792540924,8250.987696752662,6767.908392143686,13533.418291438988,2530.3505372519235
17613.175175498545,19524.01922918373,9841.14052305432,4858.732014537592,2298.714427322374,3175.606464620187,8726.916494877578,7999.591679611788,6926.855212008796,13065.685473728152,2545.2353560864794
18503.183670156643,19034.906533819896,10609.14276159334,5117.272713321285,2499.9078330018656,3398.291191393283,8039.466918809679,8034.189084788094,7454.615017896117,12956.69948248983,2617.0011448924884
20660.507980200546,20146.610515666132,11505.220776037095,5562.840833511685,2652.8536195161273,3664.0205629640886,7954.966708568933,8560.665525866665,8216.046421196164,13695.599002199015,2771.017406015517
23891.079213400797,21927.111600792578,12400.055962839746,5944.21274796208,2841.12388545589,3979.0485788764568,8595.641275960188,9178.056405245465,9038.92236326341,14574.333227220499,3019.197823894286
27264.474447490025,24461.442908943936,13329.876932377814,6398.807397137701,2963.2915670284738,4309.08496521801,9510.316954546939,9688.58893600365,9791.465538629993,15524.930836124267,3268.454505128549
30942.914838860615,27410.046113477292,14028.552093141732,6756.027694021601,3100.5368518960845,4574.111903959039,10769.604728152639,10253.14950909324,10313.079250619065,16473.783802201728,3411.56345436241
33619.69599793305,30398.187405625093,14855.27409008022,7102.61841045587,3239.7924005064824,4861.250295005107,12016.114337081328,10942.311010351747,11071.77092766349,17451.901200844983,3505.5479753334075
36522.176161131676,32848.34617942909,15413.739751226842,7449.845446377651,3352.260296870841,5087.345115958206,13255.962915173513,11507.328244787484,11478.276320848177,18224.92227314202,3604.6223636104796
37960.824447557614,35881.204713425665,15463.612200166606,7729.213592704934,3462.0944966903894,5184.429327286471,14638.040587206588,11987.040495634788,11766.187103961202,18777.800229915458,3592.8813995988876
39164.794287690616,37957.95100138168,15624.744000717033,7970.613104402113,3564.890478647443,5254.523862994777,15687.03140687306,12299.282722612625,12066.701571112799,19252.47586850737,3604.490349357243
39870.75442366538,39321.53540425188,16020.518620585275,8208.423248661775,3594.7626430255928,5272.081770181152,16183.437901246945,12592.870153563916,12435.781940548983,19594.7972317822,3635.926799541496
40289.98726035602,40758.139368059565,16558.240672934742,8360.917161915388,3639.036246097994,5244.998518686358,16566.0748639488,12953.386797170939,12771.059282361939,20114.62188130904,3636.90518450306
40078.5687696704,41714.13868473388,17010.006055236125,8399.778763826738,3679.106917876723,5182.24303050912,16951.770182636184,13285.936735002939,12578.38558396427,20648.554957778946,3480.157472679751
38824.54818993371,42716.94864425671,17018.937247425703,8403.52471958343,3591.9719279125543,5058.149025309812,17368.743562542855,13554.200481268272,12366.660924231262,21330.086586778314,3465.368605627593
37368.43253539615,42966.17073102342,16666.972010025907,8207.27142459926,3472.0807934954546,4808.750641104734,17325.78124686111,13672.97891010892,12007.226331274385,21719.815644784765,3389.8209106693766
34154.84929035287,42056.61581877868,16239.354154775656,7948.859292600482,3364.645482512346,4492.595914652355,16957.858342156334,13394.38261050191,11417.158816079731,21449.64215564067,3289.9049816455486
31257.689360222823,40621.43029458544,15252.555884834283,7598.214128655103,3163.3031674779827,4192.009660527201,16472.198243030754,12988.421834955638,10556.386825599317,20864.249381744936,3187.4159706963437
28261.608856038816,38573.299688452,14094.105806558216,7044.440213179621,2913.8170353978608,3891.761148990309,15604.751522080922,12528.907437275851,9626.860869176271,20422.51721643654,3057.737101448686
25913.20197952808,35518.144262977796,12482.025684628989,6402.745444407035,2655.5342989850847,3557.416800380665,13779.02400978478,11750.222143332094,8651.477414874913,19324.1080832236,2900.1001392550083
23905.427958887245,32033.852849373612,11346.577280681497,5860.9831401526335,2475.216090705485,3339.2337419041337,12752.66631619136,10595.361526934767,8087.531609990025,17830.8211240063,2714.4532834657157
21975.396500475166,27795.017161795087,10616.918472275385,5487.58623325429,2325.054375,3177.1878390044994,11551.264480776945,10062.362016155597,7645.691524247032,16233.192137085514,2649.4188449919507
20253.154852214313,24873.576652463264,9989.733792438068,5188.419366016844,2238.870191291397,3052.401963167376,10731.274639871135,9350.384989392098,7397.6197839116685,14988.477562872808,2589.5771781104127
19074.676603754036,22658.71289196001,9459.709204975132,4961.111255464103,2145.767273983613,2964.334709320863,9203.834111214263,8646.777644613307,7266.657690395728,14032.44376487811,2530.591039540816
18223.736066279864,21072.5880806733,9257.133005327276,4787.862584752341,2153.833562210531,2932.266789268257,8766.479526244815,8309.14056663999,7110.218961423002,13485.355856825725,2487.446840590018
18103.583989637766,19747.50922407161,9457.187856446471,4743.713921022455,2225.738702839037,3111.6192841154275,8514.278718053816,8019.673603907269,7253.294301851446,12993.642302346041,2501.3137667313867
19092.660974738843,19014.35857988208,10025.960639150344,5021.31801813289,2406.807251450752,3329.264947766853,7951.152924441606,8000.39985943357,7725.525063842215,12887.559657870092,2565.0
21264.220812378582,19891.965558367345,10817.85092309564,5485.71896603183,2591.0118833029605,3572.0134881959343,7757.210353351681,8554.763878590855,8402.85922168694,13604.569627916655,2742.017591004844
24047.031694053298,21552.57847998557,11670.533081940192,5961.203163113273,2739.023488056882,3828.0283613367233,8248.869010710281,9162.061935600648,9097.565665730614,14578.331708509879,2957.174007166879
27271.949618302773,23912.465023091598,12443.177186070136,6431.875576114931,2909.316552305141,4116.059471333628,9389.402610913337,9707.642376499598,9834.537287538742,15559.983326159245,3206.4218729073773
29030.764645538056,26817.18648245748,12886.65348393285,6802.087702330496,3045.5658579237474,4352.069465843212,10855.331703034919,10410.16252844328,10377.370272849348,16596.873741111707,3363.5263447423113
31896.78492556217,30006.578738691325,13546.541307105257,7177.476414997594,3222.8023007042334,4604.190660898033,12136.045119248578,11164.363105834978,10956.410864128837,17744.840985980856,3457.5116939141967
33611.49790977837,32612.18369780823,14049.736463140332,7503.901403430903,3354.72818268615,4795.279999387276,13224.203346203405,11757.518708436863,11452.308541022547,18622.119014836797,3537.6344604492188
34892.401963157536,35343.92907499999,14220.487274086847,7790.264953915782,3458.1875352813536,4914.328072497154,14376.958732298266,12325.187523890378,11773.920737671087,19355.236184679965,3549.5857285135157
36795.4653334809,37209.289123234055,14842.463500070218,8050.650599038508,3587.569091952337,5023.443339295928,15514.751075174343,12742.61942612806,12104.523456558456,19990.080066843348,3630.48675810254
38230.20881654659,38056.49343243384,15362.179025456962,8349.30880092204,3697.985042489191,5104.965658324939,16196.19853683097,13109.25331970145,12481.719592458665,20499.29342355917,3685.913837555045
38600.0929623163,39119.62063494919,16078.161059474352,8573.047888089983,3818.1958316859213,5074.85592883797,16657.866776443938,13538.720824304173,12851.080604220711,21145.067572918782,3661.2260220917324
37954.784841282584,40169.80509416052,16346.787649941574,8670.068722712205,3873.3603245019626,4963.042935787413,17084.504629738753,13965.396944340213,12732.305742309434,21796.215087888646,3519.6377909048547
36920.69417807505,41241.07992650932,16171.96990899756,8642.519296839622,3788.330515784439,4834.9517227083115,17535.67361855979,14275.83473002483,12557.79040732739,22611.168630184104,3506.7927119383094
35560.64250235305,41498.964824231894,15929.482955243351,8432.38823057575,3714.9706078435693,4652.605044627787,17568.736335012276,14335.445518033062,12206.922727511954,22915.50232070402,3429.8668855383326
32944.32056994283,40528.363637388786,15468.924144440027,7940.866611293877,3506.732802573451,4267.475928061856,17219.535611132684,14066.604086892825,11581.636421205707,22704.259828497303,3425.8120227742197
30310.933949336388,39287.53907277908,14282.892891480253,7567.669426081027,3210.673024499759,3934.420803409994,16439.112962326875,13783.533251724228,10707.41648729925,22055.18894953056,3127.8325732557128
28136.156389712585,36752.4994542848,13164.044928361129,6972.918736495549,2933.085899866499,3660.1481279473282,15639.721291527352,12304.987152900227,9774.03021502638,20096.891866857877,2996.6970607620397
25056.872755230983,33632.52281923099,11686.236716972477,6391.266877334099,2625.734606117364,3320.8307902682386,14541.922671367452,11383.413655022066,8693.887925668922,18852.65997752029,2823.6299618617923
22465.56740969913,30208.954638346302,10699.255550747768,5883.973393469926,2435.5858347739345,3126.444777099268,13096.06878058994,10105.722964919101,8018.274189960032,17092.82769478221,2685.555962456633
20925.644858552587,25804.54929700756,10073.959133226861,5516.246109875645,2306.309433952238,2981.283448015123,11659.613830376069,9684.383278495283,7527.354010261409,15474.38453636207,2618.865099872304
19706.90490695104,23223.77146123899,9528.84445983018,5241.7635649034955,2207.2820226485755,2894.1025081906923,10845.84724825765,8981.476349395807,7154.164958707739,14359.597628617932,2500.398358258749
19048.770576564762,21195.746127875555,9346.425849796218,5072.501670577852,2200.1169641589686,2893.0338133062123,9351.01784695519,8442.925605430593,7022.702886436456,13502.24020848773,2484.357180155246
18769.521763807632,19777.504282658403,9621.5211501591,5047.519930295972,2308.2233552637604,2995.06394310157,8416.300749013564,8230.28156411274,7156.549200781777,13009.05607888581,2542.3916173840225
19650.299037094028,19221.20239309098,10614.333148861746,5299.624209388724,2563.3323551534695,3274.3039276696986,8165.7442143769895,8269.937853968335,7919.6129333185,12907.369267088696,2693.5542646717654
21954.733107784767,19797.218625161928,12081.849488752423,5895.150187936259,2900.825586257048,3639.587249365127,8197.812372695598,8771.00626882724,8974.9500552183,13498.389105079197,2945.553279043293
24956.04630866884,21798.789332804485,13627.03827595621,6688.325234809128,3288.306619869585,4028.023560597379,9488.933579356026,9817.66777426164,10081.98119085011,15134.962437953896,3107.8978950239884
27207.155142281183,27322.42489288401,14020.312702183126,7259.089310783438,3400.417219902137,4204.093451248694,10785.220007686967,11857.58087303444,10763.293617604733,18548.546643333328,3211.810117470625
28770.87654636345,31681.679278314572,13690.884140027903,7552.254164849744,3411.40901120366,4203.858551076869,12226.646839674402,13062.5978812142,11075.533292351533,20504.680950686638,3208.755130246033
30398.80323872879,33449.7874135453,13503.809243862006,7702.125474521161,3411.3130884699967,4232.770765743578,13079.252189687868,13564.11283558121,11277.401470930603,21299.076279157467,3212.7541617336356
31460.217224475164,33843.89194653319,13802.075569592984,7924.146391047358,3488.259433460425,4313.960017452186,13901.127105008334,13634.182862798125,11713.255834702357,21119.787789110196,3255.6909897048677
32751.40181634599,34173.02690240429,14205.57622315429,8182.444807448003,3562.3952134835495,4440.054449268045,14535.617098658302,13664.67802842915,12056.844513770542,21029.031910803533,3332.280351163149
34305.2386039181,35384.07304872074,14305.70223267222,8412.871954560234,3619.3555696066314,4500.103253446665,15092.957003075737,13817.517027775586,12115.028633565884,21202.83037433753,3287.847183427457
35991.572399932535,36390.643963218216,15009.280373984198,8686.159734061392,3771.7233104766683,4610.450040760569,15245.342474812554,14060.840336192503,12611.073159353604,21544.045143691466,3415.9285546409374
37374.12286841295,37499.22810102827,15631.1017683773,8898.716321879487,3881.8358935304723,4632.693831166576,15975.421948881632,14289.832812676425,12922.250614063772,21779.38113248494,3510.960872360027
38854.9620019915,39674.48281472258,16758.111969727765,9180.775767424651,4050.205188336605,4697.012227988351,16575.87849693086,13869.634642757548,13399.460122021434,21259.420575355743,3643.9850245227117
39173.71001872227,40284.197620155326,17555.720093163567,9497.717891128737,4169.737791643365,4733.365560425088,17055.497143558063,14240.587223069602,13817.09907509744,21954.870928561213,3796.067591373154
38172.00159831455,42501.3870737552,17508.785547598785,9507.944167907302,4082.9357421499176,4677.21391119384,17625.925462890656,14662.824890166003,13623.979223811602,22899.503516971796,3763.0020901162525
36619.18832655834,44453.96240751258,16696.842171285076,9256.273765846785,3934.521300491149,4488.968771902364,18034.85989269332,14987.085881039715,13097.798871256708,23647.86495499304,3590.251162734849
34067.97511487281,43621.13725505112,15978.548311396791,8912.823182584036,3706.4086958937164,4144.646859516355,17676.81953290568,14708.117188473425,12267.245583446786,23411.099995217013,3493.656450100793
31056.099735676064,41659.31201755369,14736.067270423126,8397.864189230202,3415.705763013931,3795.421197071244,16976.992736507276,14085.294332026211,11258.691100800843,22499.310834779473,3333.42502354583
28033.2067222525,38886.099858343485,13298.485422041931,7714.080991003278,3062.383376517807,3497.161929535135,16037.367388075685,13183.297453777754,10172.68724010582,21394.61434515228,3110.77966109099
24948.751540340156,34869.559689177644,11844.3074453267,7030.081756601274,2734.7529340438514,3198.731072953664,14787.376275355882,11989.237206398559,8953.058779467101,19676.62791156174,2900.031224836911
22818.978765790456,30761.01320945225,10843.240341811206,6461.311048719617,2537.7022217876497,3026.494623799301,13663.866169476367,10495.914123953853,8280.579133797211,17652.18303720832,2771.5382389700735
21473.52341674518,26481.196407298812,10132.916496081718,6010.758759750773,2392.2602105664214,2898.321760879426,12125.122093297783,9896.148686000288,7790.5278399608615,15701.919873207546,2645.4654138404494
20289.692708841983,23788.640308525097,9604.885573377604,5634.053815035154,2311.2216946676413,2823.060431093042,11019.895582452067,9168.536352527146,7339.439605441421,14515.1206676791,2575.478401954081
19712.899126918135,21792.896536691074,9442.368064344337,5404.644166572667,2269.1619360316818,2826.990448984303,10296.91910152794,8549.774912839292,7204.9797055468125,13710.84579902931,2542.3916173840225
19631.755787324084,20397.56611444978,9655.500783695401,5352.4928099737945,2366.1122503605507,2908.0969964644414,9339.960176821254,8311.237962446832,7325.839199535967,13177.63256493379,2574.3444103388733
20116.508253142983,19746.999788128076,10620.233338144464,5494.675015280346,2634.376344938722,3169.2755709342555,8789.561073158728,8328.908758785425,8045.58941332929,13099.114702633113,2756.948721573382
21748.374840133176,20293.038146466333,12227.821159178111,6034.24072265625,2990.7679859741156,3553.6272939777987,8555.148739300304,8875.033950863515,8961.599218460951,13661.465862136849,2930.462584654967
24028.409160041418,22110.869636165222,13773.746036807186,6785.347060612966,3321.578708188229,3972.0533803210265,9016.983748620036,9828.662324152934,10138.909161165124,15196.763938874372,3194.1260807589806
25507.745158627782,27654.297109421434,14167.264312613966,7365.207585714132,3429.4931171637845,4132.131576696093,10188.693893230902,11811.512642499038,10894.251539983912,18366.26969749095,3235.80392231852
26634.283837962812,32149.36994976643,13904.772638071372,7667.259214612065,3432.2982041939313,4147.962489578401,11749.176087539583,13001.67102212088,11172.407551720986,20302.298262075015,3255.743904994421
27558.578558753194,33953.32601977733,13564.974638997684,7793.049951552754,3436.202248923561,4157.87998082756,12975.012666552922,13421.788503234426,11336.45421870192,20904.810107961974,3248.745555642572
28492.154762627513,34508.29293493084,13670.324421709756,7977.3073159515025,3529.515202905226,4263.983985513934,13754.467371607452,13404.200950908004,11639.835499050609,20734.38184936287,3285.7913152998617
29978.31647822225,34894.09067092129,14029.872855596343,8180.344186236592,3613.5496245208624,4370.010541959975,14480.095605190683,13445.328626898678,12021.501734914376,20572.342105972824,3355.829485306361
31103.331932853234,35810.867548616734,14286.182894697775,8358.70977210526,3688.590812894371,4447.051077488776,15057.532753490053,13638.58920407255,12145.857502530356,20712.181109004476,3365.8269448167352
32194.07283305511,36919.01837695351,15258.19539020829,8627.001250578494,3824.880478849016,4532.409873885729,15648.300579856777,13852.595842937859,12514.073375350641,21000.456572300063,3468.3673752728896
34355.181013752815,37664.967865903476,16138.103221505782,8854.328863804334,3943.19212514626,4574.819143887743,16063.446108657748,14016.770845973855,12920.253482572376,21115.687884661253,3497.1516443200458
35614.080223698635,39123.17688740996,17311.943168396818,9116.500856481482,4074.4999267538683,4643.0490548940015,16613.720273310468,13579.735862696403,13381.488332493078,20618.73082403076,3669.357958943477
36418.212430135325,38871.02129361572,18168.742831141597,9355.401558141684,4252.990950439939,4687.400369417646,16917.78112853648,13867.473722093058,13734.089945716603,21279.202468962794,3799.446671152121
35899.87878889707,40571.13276098525,18056.765845402067,9345.412261981923,4157.973281134372,4654.327456621711,17524.05581155188,14234.762682038365,13534.129978458257,22144.899116566812,3783.0750277548946
