elec_demand_AZ,elec_demand_CA,elec_demand_CO,elec_demand_ID,elec_demand_MT,elec_demand_NM,elec_demand_NV,elec_demand_OR,elec_demand_UT,elec_demand_WA,elec_demand_WY
16095.133961065218,27449.590794922275,14164.263240692188,5746.628219666289,3293.5926457914393,3815.1370314083083,8473.591856892011,11690.115918630932,8588.928004291845,19581.30499591287,3278.9911608721272
15268.502194051682,27372.953594393224,13427.231312781434,5514.102416765253,3129.2929415328686,3663.801749271137,8378.575391101742,11538.129496402877,8243.944606087734,19382.01967738801,3175.8561414202986
14082.370750099219,25720.0516540917,12492.080399017344,5147.605286981713,2898.0435494433527,3423.6019914651497,7952.468501170961,10925.077827741266,7724.8565965583175,18403.187996514785,3074.6972853535353
12771.930533235938,24078.676537850304,11486.998618223199,4760.8672809253085,2657.752503576538,3168.378319950587,7557.669462259497,10265.289582757669,7097.634695471109,17278.497922816223,2862.4914908100745
11657.424503257984,22123.423455382406,10684.532817174028,4355.963265306123,2450.1821023837433,2937.1929648241207,7069.719339933993,9450.249874762048,6448.7140393734735,15857.782123904359,2729.32269630692
10943.35598176658,19712.406428028862,10141.33109682229,4078.255867464335,2325.0313531353136,2797.079589671029,6519.523816355811,8574.908647990256,6108.683642444512,14370.554089709762,2672.2117647058826
10478.77447268794,17758.61995236835,9865.959796095027,3915.8715794527125,2259.8248828291435,2734.0522117476435,6047.030924630924,7811.5464420847065,5931.011921568627,13102.05879360465,2651.289619504987
10231.94162812211,16403.09891248058,9586.725077030116,3787.46368159204,2182.6730088495574,2706.0180147058823,5719.162986156889,7409.992781644753,5780.385260441864,12353.04277992278,2628.0962406015037
10392.414422638065,15422.674507154701,9547.154961984794,3768.3103879849814,2202.6671052631577,2736.0131004366813,5482.5777050310135,7198.617940199336,5738.103756708408,11958.049032154855,2618.0849697885196
11144.969699548898,14835.649019356491,9911.72791995382,3906.092516347784,2272.7141036533562,2857.0281739130437,5391.955696202532,7105.407142857142,5915.227904040405,11750.387796720777,2616.136021100226
12654.592395778758,14707.496660831226,11048.984293193718,4327.363079615048,2574.9719730941706,3115.1396895787143,5484.791587329063,7218.725806451613,6538.283086138049,12027.274008810573,2682.2664473684213
13930.549179774522,15605.513063696995,12371.75514075423,4942.351335877863,2941.546783625731,3355.489089322083,5694.054648450517,7939.913180550503,7548.2223317722455,13072.642667649226,2870.909213180901
14838.01290119572,17847.760661862823,13640.830044383749,5409.6817551161985,3176.160586124402,3649.9240775152643,6298.029133503529,9153.985849056604,8302.525111607143,15183.51374928883,3097.9098283931357
14831.927890984796,20936.646290774373,13784.195149959469,5534.923936981196,3173.5228017883755,3740.5057471264367,6803.865801463482,10199.93606281548,8395.042463784142,16866.15454134659,3161.736729057993
14327.422726378598,23577.212480063798,13438.761808695654,5457.1042097998625,3091.4778219639034,3712.2546369899314,7334.615855212847,10670.095508609977,8252.310196699073,17664.359627528633,3214.1914828431372
13814.303643173305,24279.80985615137,12852.050816564597,5284.571428571428,3000.026599113363,3651.1194151096665,7538.460134128167,10682.191455415707,8038.445865798348,17613.453023555292,3171.0528620581795
13594.860772639158,23684.87622123859,12582.583327125085,5147.350761328196,2925.1267423014588,3589.070698702016,7389.868147208122,10466.342919548599,7882.232712608232,17211.802543544374,3129.0384005077753
13449.226967705858,23078.167502878765,12288.141930560854,5048.26505798728,2905.9882352941177,3535.055009823183,7172.11427073778,10179.188369034198,7733.883633724447,16674.98247221904,3070.005198180637
13286.964189667375,22964.44499606967,12212.03417031406,4957.227956579699,2870.815048060988,3471.0346407099914,7097.946747913631,9997.061232300039,7630.125627525407,16338.712197403813,3048.026418786693
13676.389079434764,22646.768036491463,12599.631930527723,4963.616960728515,2922.2323395981853,3494.102208380521,7029.010828877005,9893.376061776062,7684.918273311508,16117.233341223813,3141.0709555345315
14318.625969623883,22202.990206514798,13271.742566619916,5075.526033973412,3055.2933333333335,3494.6956037840846,6959.9567976238695,9774.665886255,7864.840344055615,15912.625920383118,3184.61850946854
15500.143524619623,22950.251664337964,14458.226285347042,5395.180124223602,3277.658205941736,3674.395391463734,7128.8244184518335,9904.290267011196,8245.86720232117,16217.618908666473,3239.9032547028964
16730.235688928333,24060.624454998444,15324.167120140275,5781.926021228691,3480.879750271444,3926.5285329414646,7578.249230011088,10387.304106346171,8691.007722416165,17214.493965328067,3391.8333809659903
16665.181802995714,26655.174128305065,15228.01338606632,5906.181303116147,3436.026351907768,3931.4517629774728,8251.311362351611,11210.289844079225,8683.86199957636,18614.51676798379,3371.838171888474
15957.895408460552,28631.389960886572,14655.31813280903,5778.65651683583,3295.5383510485494,3787.111791730475,8578.527931445926,11641.380173321453,8448.537865560891,19361.500704670263,3278.711196682464
15299.988372093025,28356.710047689525,13919.232452325192,5530.2172814552805,3130.448609431681,3655.8034528552457,8556.55550723062,11489.170237215792,8142.72283286119,19137.236760584157,3168.8264058679706
14088.960762257659,26656.76781520558,12967.100674996409,5179.50099045561,2910.086049543677,3401.5800630191925,8158.420932358318,11000.019331557694,7654.587958494209,18239.325218380112,3028.0343839541547
12756.489349242369,24932.492409191436,11875.081136381521,4771.986121970289,2674.7907637655417,3151.359117738428,7765.689572321,10297.372716423391,7020.377649072002,17095.921913801667,2874.84061869536
11752.391123882502,22727.655629139073,10872.950060480387,4384.123693751333,2478.3414258188823,2942.1770414993307,7331.683365200765,9507.156636110005,6492.79648922506,15778.114424285972,2747.3642831732477
11051.318139217858,20357.419768993605,10291.649077727814,4100.355901189387,2345.0229132569557,2821.1012259194395,6715.442259414226,8688.785847096138,6111.749810116969,14334.734236615996,2684.2108345534407
10636.088488506257,18146.03392996109,9977.137858908538,3939.849403341289,2278.8182586644125,2761.060638679584,6261.186608617325,7925.348873629683,5884.071428571428,13127.996517701684,2681.147004777655
10448.941267107768,16716.631947978512,9768.94803548796,3843.472535556645,2213.6639022261024,2724.0233576642336,5907.399681020734,7548.010632911392,5802.35915153463,12463.937820660081,2660.230627306273
10666.533226581265,15630.527257291855,9659.500296267035,3817.2152399802076,2225.6275532377226,2750.0130340333094,5760.740813648294,7358.459054810572,5814.017028112449,12078.90609398526,2633.084491175366
11439.873837981408,14928.495634440125,10055.877986348123,3967.1533142584644,2301.7054133445235,2833.02841108383,5667.123975238414,7228.068667817771,6012.248096939568,11872.173280530185,2644.270200148258
13087.545711388004,14933.2388927955,11152.066666666666,4384.426721346859,2604.8886010362694,3085.1410297409657,5699.850666666667,7383.451861528413,6676.188478747204,12156.01721948897,2735.2613840086055
14497.736691768372,15772.47117248062,12444.925791855203,5021.342040969743,2978.528410914928,3392.5074798619103,5959.179646440516,8084.719584923664,7599.501406727829,13290.357215447155,2884.8378016085794
15477.332286697663,17992.678019067796,13799.109198893164,5499.714846416382,3191.250669045495,3691.944633954343,6604.119822273184,9332.718199608611,8398.750937568939,15435.025855086911,3130.804764851485
15217.024120108294,21037.67705382436,14057.46863199735,5625.95548516172,3188.5115727002967,3762.502857142857,7065.976320340561,10389.74237412716,8395.39644316801,17339.394635382243,3211.510476768904
14684.622040189428,23582.26687128792,13890.291829317539,5512.228786067953,3095.474793767186,3738.2693319305627,7613.886282696794,10857.911369193154,8233.531529491678,18106.712611811476,3200.224031960664
14122.37580806398,24267.052858140076,13421.645255882147,5357.622864188832,3002.0749525616698,3675.130142511428,7755.671254376434,10885.201984161518,8068.605558772438,17928.946893311513,3198.0792569659443
13773.224043715847,23574.1297853596,13165.97984043311,5216.2422979340345,2933.121241513094,3612.079264947888,7581.044661635531,10681.359978588633,7940.425561963046,17341.63093734556,3152.045340050378
13526.156156573734,22809.45008523554,13025.389145163615,5114.267454746952,2884.002633311389,3567.071130869686,7345.308213920164,10382.048962655601,7878.981591448931,16710.65680778032,3139.007939028263
13258.989930506312,22596.583890079415,12834.393580463553,5016.4018427980445,2842.030707610147,3519.0341711380966,7239.1111688311685,10275.929643090112,7756.243344175401,16381.734414183238,3101.0259698621353
13550.760995850622,22563.930133937945,13117.83667499108,5033.670533208606,2892.201702685003,3530.1234602463605,7122.1017284602185,10116.004256929336,7774.877563256985,16121.140075748608,3169.0902279113334
13980.889459297287,22419.878881201483,13602.01293634497,5173.611594202899,3020.318495297806,3542.770010964912,7151.074658254469,9991.237803711498,7982.820304332676,15947.652610201887,3183.6461068702292
15142.916299559472,23274.151840739538,14713.520432009094,5497.190105049136,3259.672078863439,3710.457631510754,7374.883153210426,10142.077678989237,8375.809125893347,16272.421089385474,3262.1718334809566
16618.104042375246,24615.428832603313,15552.496216860292,5889.065056055582,3485.0416892257717,3970.512236491398,7855.3911750713605,10687.978723404256,8946.97242514662,17372.315110966058,3426.1528285955533
16646.776620628203,26941.124109408127,15475.315928143713,6008.052044609666,3458.1773358757832,3965.4766990291264,8448.47757897062,11467.092888962217,8916.866184821889,18846.380494643035,3418.1202370872143
15937.129585350207,28760.11118324947,14799.75616799548,5847.707006369426,3319.626389284697,3836.1310153691106,8764.772905828644,11837.107345083341,8619.649545211343,19550.505680724054,3310.981903093987
15246.598059555772,28461.455320264868,14145.428778399737,5623.239144845874,3172.365890083632,3688.7964718272774,8702.782362373062,11646.20775959825,8213.76404494382,19311.429323198365,3236.5565924142084
14110.471353135314,26778.761158611065,13182.445370435766,5248.618514570007,2957.155819172812,3466.6205056179774,8324.689767129423,11118.036306436527,7736.838186157518,18417.232344958265,3106.7797878976917
12754.752981634594,25033.445257654967,12004.453859321507,4826.9880146916685,2698.679365079365,3188.3975460122697,7914.911608721273,10469.189550754767,7023.522356654393,17336.946978769734,2884.805164319249
11696.508016674683,22900.467284757393,10983.72819107953,4445.993893451253,2498.3756209400076,2988.1897233201585,7371.832340641236,9617.286192633444,6477.817505720824,15885.085127900058,2762.2982269503545
11055.314623967295,20494.2175523644,10447.581094527362,4145.372256166554,2365.137246963563,2857.0886119764623,6776.628816134825,8776.87734112807,6140.781524039915,14446.758559622194,2694.2277696793003
10761.987975072414,18382.114082270375,10166.212692487166,3980.812101158119,2274.8196443691786,2805.050901378579,6248.139632861871,8033.426500297088,5949.988113856741,13163.023225526373,2696.1766423357667
10519.942463533225,16947.723976347206,9931.994628812585,3861.5139092240115,2213.767958206356,2780.022889842632,5941.370558375635,7614.7189189189185,5792.43765084473,12467.026557477422,2651.0954155795753
10626.309087659725,15931.422005239341,9863.436411149825,3815.327398615232,2215.630292448712,2780.012893982808,5747.64286889291,7375.328133125325,5798.0351103237235,12071.994372225745,2629.096204434423
11431.779661016948,15230.553271261639,10221.87805560739,3968.1525625744935,2329.6972210700956,2912.049046321526,5616.211201079623,7272.972258916777,5982.152272372326,11930.229191797347,2617.135969868173
12916.459155963303,15066.393259850502,11417.140340673037,4353.449804432855,2595.002223869533,3188.1497524752476,5691.905405405405,7356.390477439664,6599.211649936378,12137.023285385043,2699.2648020341444
14268.593352239002,15931.47832083958,12600.955520786769,4967.330674264008,2964.760205721633,3421.5272312517823,5940.092071611253,8080.7208830548925,7579.320284697509,13334.23946720718,2870.909213180901
15282.162223309282,18405.49494687743,13963.11176352839,5473.679698216735,3211.3386477708887,3725.967247205615,6513.187481847226,9285.58359229335,8314.652517825312,15434.98791201944,3132.1438671995083
15675.296761085216,21349.76306342242,14071.384126563844,5606.036789297659,3216.6512925969446,3827.51697727853,7089.01405462742,10336.861005999077,8361.229446355264,17298.50521551962,3221.508931274599
15257.799975343647,23978.4904128926,13633.125659834099,5469.093663911845,3156.482314148681,3822.2474253347063,7635.862339252909,10815.04424778761,8125.46037389609,18097.666963257616,3165.1248049921996
14891.394100519054,24803.155455166656,13069.386352232816,5306.5535396656,3016.06580604534,3719.1286207812914,7885.599049316696,10773.230289179925,7960.532331885929,18019.985502678854,3176.0701809107923
14533.132295719844,24273.1767018254,12766.766722960569,5156.453879941435,2947.061191626409,3637.0697737803216,7821.0519745528745,10537.395733526168,7814.372384937239,17432.719303036924,3154.045311516677
14505.099480181936,23635.35043181362,12520.216453135536,5034.331458567679,2908.1385267275095,3622.0536986301368,7574.33254687694,10169.2365550959,7722.023973846713,16684.75707412075,3142.011414077362
14365.597281502398,23447.43375496635,12311.241623515078,4937.299636919549,2882.0543120473994,3583.0399223731633,7521.0893617021275,9958.123475756121,7599.225362496928,16255.932871322018,3073.0323310701583
14626.08695652174,23241.613362719887,12543.950018621974,4939.695942084206,2892.201702685003,3622.1320240043647,7582.150837988827,9761.400449833758,7619.929706601467,15942.422430800503,3146.080553807426
15006.24805186709,22943.75460021454,13249.906544024714,5029.573370577281,3036.3069245165316,3654.6924920127794,7571.04527363184,9611.710886377157,7832.885156712005,15738.869746628772,3151.4474744344593
15986.65260401513,23437.296332085196,14526.346424459512,5363.219986120749,3260.6713043478258,3784.3930297634192,7695.931812637228,9689.33880742913,8219.832195231165,16020.87268327234,3246.8694096601075
16949.295119680122,24640.649764150945,15393.430978457094,5781.926021228691,3483.155844155844,3976.547762998791,8076.40430705106,10203.500046292009,8654.989803505045,16949.43107001615,3400.9245873648265
16895.22638606517,27185.307051083324,15302.05389692969,5895.195491092543,3493.0351161534304,3941.4115347018574,8684.534301075268,11097.65558578473,8688.853604318832,18628.7303410586,3413.121820237422
16105.397657106585,28942.950095103002,14725.574304284723,5769.73564516129,3354.706877113867,3784.146030125096,9003.884281282317,11648.543770226537,8463.66721115104,19514.945975903614,3295.020222743259
15245.394603504059,28767.82412272167,13881.346569186398,5569.103448275862,3204.395032525133,3619.8112094395283,8911.862231042405,11557.394666014192,8158.697997964032,19394.587416319006,3240.6350540216085
14228.061926605506,27088.996998240345,12832.404856832185,5241.4947480861665,3006.072331017056,3367.611737496386,8493.821644166392,11111.041687936022,7690.7582232893155,18601.303514376996,3097.692259479787
13038.561160874238,25252.78158196691,11695.348790805332,4830.983388062585,2750.6491167301697,3106.407803650094,8102.891577370665,10470.294994578966,7053.477076237883,17638.59631454896,2898.801401869159
12072.683866956793,23216.69820291724,10588.385721896644,4485.078464106845,2534.3569543912554,2897.1797485558955,7567.936766703718,9666.096302834167,6482.738527519657,16248.701747233546,2772.50702247191
11534.47091503268,20758.50478598519,9963.19842549559,4208.310798750558,2410.957336523126,2762.1033619456366,6996.7118757531125,8798.668684466544,6133.720666161998,14753.243935396693,2694.210065645514
10852.300600156563,18533.26902753785,9652.901041666668,4063.8538675312643,2329.8371227780076,2692.0445836403833,6375.140770252324,8119.426202516759,5960.043865126444,13528.633895197123,2710.175744371823
10497.011186287777,16855.121826842253,9419.68052184466,3978.4718994545888,2266.7159284497443,2680.0300222386954,5982.279678385622,7690.810501430882,5804.356787148594,12873.466894553021,2642.120985810306
10555.557512580877,15752.854952191954,9363.07231742146,3929.2361712361712,2262.7171501706484,2700.0132743362833,5770.679062909568,7472.4495318712325,5720.124612624368,12493.718045112782,2573.0864387245488
11290.72218016654,15094.683281870313,9700.569167240192,4055.140989729225,2375.7513206013814,2785.035650623886,5653.133657554922,7331.0272536687635,5976.28886111545,12324.8751950078,2613.122310305776
12926.7102235251,14988.48026734564,10833.673497985637,4450.4309721335885,2635.987221613728,3023.157808933812,5721.885956175299,7446.466839378239,6603.272919903941,12575.921683046683,2689.2657674079474
14421.863078930202,15943.428228948158,12243.517524350027,5031.389461841365,3011.469802924348,3349.489944622559,6024.186731799558,8158.766367289058,7568.33423445564,13755.114085001756,2898.833889259506
15616.435779267418,18348.617607317326,13515.444084390514,5557.7792975346165,3277.446949985545,3663.9516256938937,6524.126033357506,9409.765474974463,8284.694947462553,15945.988231744115,3104.9078455790786
15749.656937343954,21331.882744245864,13673.655785743493,5749.955109369899,3312.4224384659415,3790.521907216495,7085.077055702918,10494.732053498317,8332.197840124694,17965.384975526707,3181.7619628162147
15423.000975609755,23990.774378060727,13359.401274331327,5694.3562572326,3252.464764123471,3771.234925606891,7671.823436166322,10991.127015607484,8165.346123101519,18771.454067710965,3192.1237623762377
14831.787682539682,24811.494765192325,12845.871570344425,5563.732564059053,3137.186081694402,3707.140953903544,7780.582831687937,11074.327117194183,7985.440074906367,18741.88430420712,3152.061635220126
14337.301366263795,24121.516497710283,12575.344943317423,5426.45837687217,3083.1216507545428,3669.0780448285172,7686.940529979241,10846.359729302161,7895.346709280304,18267.75481346204,3156.045283018868
13964.111373289286,23256.704730831974,12255.807671694358,5325.320255636428,3041.049671977507,3622.0616100766706,7410.3068628694655,10553.18057319064,7770.970751083293,17569.799564388784,3123.0051101884383
13672.965033039649,22875.900116192213,11890.927569356872,5237.334295507848,3005.973750790639,3551.04027972028,7178.108681419405,10391.002672318466,7701.175564183451,17108.678220035777,3055.026358607224
13987.388146855494,22700.197146075854,11992.532315838655,5257.705755782679,3074.177777777778,3610.109589041096,7088.133730947648,10118.131770488704,7773.812380038388,16471.043878970555,3055.0935577856912
14603.757608695652,22339.47993063486,12591.78408084981,5386.522747080356,3209.4434936559455,3626.697693133047,6934.101015572106,10105.3119916777,8035.6771362586605,16496.48285829913,3090.432680151707
15756.156191037737,23033.688397790054,13786.277247039827,5659.931387102095,3412.716463414634,3751.404822986147,7034.985233470799,10245.910431154382,8354.765873015873,16743.140737384605,3147.251069028711
16866.618316831682,24294.38215235233,14666.16215704825,5976.751987529228,3582.018455048774,3982.4706308919503,7370.492476925022,10736.790249933763,8809.88677668686,17692.0168965886,3301.158493870403
16843.437000716214,26834.931539319576,14608.878198631872,6006.329309811204,3547.1581605528972,3886.39405204461,8136.648466117216,11431.013408376097,8808.888436226887,19205.20081624625,3333.91030478955
16154.12756159337,28683.05531167691,14024.168387609214,5815.882917466411,3389.787844995818,3790.144277338771,8522.874386653582,11758.060693641619,8517.581465843889,19845.475729537367,3224.7521058965103
15583.519629518973,28394.53095050545,13386.077564637197,5564.243261342709,3235.373278640492,3645.776978417266,8485.922487409678,11572.15723834366,8139.651814058957,19576.850555903162,3147.8005540166205
14772.18307273533,26864.247339870642,12662.754762959681,5273.327900797166,3048.0451995012468,3468.1638225255974,8117.807132209608,11072.909393680615,7696.787871495609,18633.83304620997,3170.194099378882
13570.372131600774,25346.614371610904,11607.986495228854,4905.578214421977,2801.857530529172,3219.0520801232665,7868.571140382105,10542.561782639885,7171.577524893314,17814.948626868838,3021.094599018003
12394.02033692518,23608.408185928452,10881.167245269919,4547.76665978956,2607.320616287601,3029.0,7438.566524144869,9801.677543927399,6690.904980523093,16571.419956640802,2903.0167980802194
11531.938685052943,21223.042011232475,10189.946500139808,4230.053603202847,2453.057902973396,2791.05204192266,6887.267910651049,9014.269587194609,6279.792124814265,15206.000935453696,2804.0014245014245
11072.71538791256,19076.256113828367,9857.305813953488,4059.406468124709,2355.8647323252962,2732.107116382506,6355.811443818559,8181.618192419825,6036.9003409795405,13787.507768800497,2783.000359582884
10749.601913366994,17419.741527264825,9709.47823511993,3933.019740009629,2294.7417998317915,2739.1795918367347,6037.797900673664,7713.757259865972,5914.341154090044,12971.852670349908,2756.013119533528
10692.674559914216,16246.16190309194,9518.800464505706,3860.7101769911505,2240.623488773748,2720.1978309648466,5774.051446416831,7432.987328678562,5781.924163689509,12481.600799016594,2694.018283582089
10924.68947414472,15542.464366689135,9477.739500912963,3887.4004408523147,2268.584543125534,2761.2123110947296,5609.565976933514,7269.78218869922,5794.674022391692,12231.223983676033,2650.0060560181682
11549.989157424267,15054.954046334498,9844.298245614034,4037.4543524416135,2344.6600660066006,2859.11477151966,5561.2643126499825,7234.188034188034,6017.880625,12166.299097244219,2648.001508295626
12340.187282701074,15072.25773457849,10496.910826288518,4279.786936236392,2507.958956655159,3008.012016021362,5635.998643837938,7447.062621800702,6463.651561365287,12493.91228748068,2748.0436823104696
13386.619824698924,15759.404316109421,11324.552236301082,4635.627906976744,2730.142806894126,3247.0375193798445,5790.321363860979,7895.23263506064,7115.354975486948,13263.261369424434,2904.001379310345
13996.443358447023,16804.09851851852,11904.069262687519,4966.382864792504,2856.331432405233,3432.0,5999.435453100159,8507.97247706422,7511.628032008002,14362.479000602854,3079.000324991875
14110.42692101021,18416.657194523377,12265.232705864126,5131.2793845012975,2966.5780998389696,3535.000282725474,6406.485333333333,9197.204979253112,7764.106419123893,15608.37947872795,3167.184674575184
14121.41999196572,19632.649985466524,12296.914250462678,5208.377031221472,3004.559020044543,3573.022556390977,6770.645722300141,9709.204643841007,7812.40922780388,16492.761398439758,3240.165623043206
14064.794385635803,20487.92357192819,12501.565450562732,5205.67553773241,3036.8123627235645,3635.03308722997,6898.169070182667,9851.789038966088,7870.185547340807,16776.01918806582,3290.2252781211373
13904.92769781742,20714.92767367985,12577.114652069586,5206.0894220283535,3049.9466625077976,3653.108313024641,6790.567153792624,9788.120691338736,7829.409172554186,16661.52965422487,3274.226397515528
13795.971200980392,21386.65874893959,12637.572685254212,5208.2484573502725,3018.1144654088052,3634.05352266521,6802.168052091992,9761.094588005852,7763.725551670083,16668.334890876973,3285.2427996283677
13826.822697927286,21334.681464449946,12643.035417285417,5200.418300653594,3050.349162011173,3615.004416229644,6736.631872732347,9652.74965585054,7786.274450978039,16453.343467495826,3223.0528620581795
14068.996548061603,21215.217395139593,13055.776399741917,5246.060785368478,3131.3431164901663,3598.315330060011,6688.91608195341,9485.084502836668,7863.784438926333,16141.370932881593,3245.0150352868977
14852.45483100892,21472.663490405954,14107.813485518242,5410.177966101694,3334.6684628474195,3728.4412073490817,6734.736630087512,9458.13960941412,8096.9674583238175,16074.513012246822,3192.6170018281537
15835.348655170385,21959.72837935276,14456.265275899814,5645.496106048053,3402.6179744017804,3822.9132420091323,6961.647098244202,9854.691251320464,8358.100409609211,16824.981750800158,3281.4760487950016
15970.654900816802,24144.057590612578,14655.953271028038,5702.625286979338,3376.6370515695066,3843.968994202168,7683.390522478737,10591.470756317529,8505.400152273221,18221.338239867317,3364.2805020431992
15740.531448218626,25204.795204795206,14198.91556988681,5613.59467110741,3283.442712842713,3725.8173051863437,7916.777672993046,10848.75797455116,8217.645070422535,18545.68355397149,3281.2185907046473
15290.282353660026,25265.455789590174,13625.307406898446,5434.089593383873,3154.174894641782,3592.7316017316016,7920.904604875751,10816.836420831878,7949.9375145721615,18579.04327728958,3242.160888077859
14624.203983604457,24607.248795660584,12829.764688687517,5167.741935483871,3007.8762658227847,3495.1131541725604,7726.276870995043,10524.783520936515,7574.167380923228,18053.492483369126,3126.1392045454545
13563.135750363246,23558.923400372885,12083.717310087173,4861.188271604939,2804.6649677200135,3287.0302388872087,7531.46749533872,10059.032364597095,7109.30687899752,17217.52033413937,3018.0946920052425
12744.424587617426,22352.596417060817,11216.176708519424,4568.566227889757,2608.3201320132016,3089.0003235198965,7242.770226537217,9444.586532663317,6670.929827008928,16259.014922763043,2894.027815934066
12202.134948365558,20585.495744002914,10582.089970369041,4294.881720430108,2467.1328671328674,2951.0341180484475,6982.758620689655,8877.813771685585,6288.781718355839,15202.349181556916,2809.050829509354
11779.561046511628,18835.464050000002,10196.441862644055,4111.365747126437,2381.892525252525,2859.090555359038,6447.733255337818,8220.462825278812,6003.0646216132045,14120.362850971922,2844.0428773919207
11578.7815741808,17286.734664842683,9949.455421686747,3981.8816384853535,2318.6348080133553,2809.144456482484,6142.772881355932,7745.575847562484,5856.5244643428205,13341.41649321754,2768.013062409289
11498.927413320029,16203.140178152837,9640.830491574434,3919.671432032954,2269.648061354921,2796.2096069868994,5948.086845466156,7455.940167633785,5763.941530944626,12865.361600477754,2734.0058694057225
11700.451150601917,15586.298771168307,9526.797396831802,3942.462819893771,2282.5208333333335,2796.2096069868994,5803.640701869465,7326.7613606514315,5745.719496238142,12666.860950789795,2688.0059701492537
12380.934643050507,15047.826260957947,9770.451432496075,4068.4365339578453,2343.6603384234418,2871.114285714286,5721.222314876584,7242.219391837823,5951.823696682464,12582.817965451055,2661.0015009380863
13346.19165533529,14950.104170670766,10458.976835385318,4330.660510114336,2504.9600614439323,3009.0083361120373,5783.100264288074,7412.039817232376,6376.554917550059,12869.444862343915,2748.0436823104696
14239.663268044003,15577.196013289036,11335.594383906118,4636.718955592105,2723.1456276445697,3240.0376009944066,5979.310344827586,7782.297069051167,6997.398815133971,13585.576336421953,2892.001385041551
14490.474443934127,16527.847936949467,11842.059752967596,4940.300827082131,2828.386125211506,3395.0002947244325,6168.525746095562,8394.974638512738,7363.650395105787,14679.074458305975,3038.0
14394.33315761729,18275.455108842827,12304.405372028405,5073.266591676041,2920.5574092247302,3473.0002877697843,6515.563583394028,9139.145541866777,7656.200786917497,15979.98931151848,3152.352883992223
14084.556398040662,19424.39146831227,12528.215480063554,5062.321877934272,2973.755128205128,3494.0182336182334,6810.61980474198,9688.394148359766,7742.4722390961,16937.158057967747,3175.140759655282
14059.628628897084,20232.832908404154,12878.97852221082,5107.640416047549,3021.9156171284635,3545.0473256790815,6926.1492680257215,9985.895619668361,7849.266881797538,17334.82709919453,3282.1781076066786
13989.789074049186,20562.82806919902,13000.267765115774,5126.989108362563,3027.009419152276,3574.1219579646017,6951.551564625851,10134.081091286698,7876.608256007614,17492.272081717376,3290.123076923077
13752.435802974485,21432.590392585,13054.727128312514,5094.28327771598,3017.1656711725873,3577.054368932039,6898.313165801694,10368.026853043959,7834.776410133843,17866.890405117272,3337.109427099121
13619.323620582765,21542.51121626358,13301.187111362351,5077.463124651681,3075.3310748383124,3589.0044481512373,6887.72819112628,10456.255148532895,7920.255105654586,17956.892023500768,3389.04279346211
13895.857545271629,21618.855626326964,13728.76543294182,5168.191965097255,3158.375824835033,3584.3165388828043,6840.131842502401,10438.484688777828,7988.831974848626,17845.691850594227,3400.029239766082
15023.315384615385,21806.359620909985,14765.755130390857,5358.234031413613,3351.6556590460063,3722.485556722689,6897.878594682583,10462.298397377528,8200.888537906138,17945.94794535056,3357.465522257783
16065.146301878043,22325.355648360826,15144.304401354262,5636.505808164619,3441.589870630333,3881.929552835373,7168.736780411565,10824.842563291139,8433.138279192275,18574.03075979766,3419.5035683699684
16365.252476374815,24582.737704918032,15235.931716577867,5709.745621214602,3414.557158712542,3916.9514851485146,7904.595392793857,11393.557640974308,8527.4415274463,19672.46969258938,3413.2945067587
16127.004860267316,25452.769270241544,14705.00095407709,5645.62361318099,3322.4155251141556,3798.8594787940724,8027.781344498721,11428.68276664727,8407.594421783706,19685.82243395409,3404.2265895953756
15543.516681695222,25627.292441500784,14072.404554231307,5448.2639079670325,3207.240011837822,3657.7189577240097,8067.931628875521,11386.009668278046,8198.811275897204,19642.485236741966,3307.1861781352395
14590.318900915903,24788.499284584683,13054.064350064351,5149.950054486015,2977.0914886834557,3507.4912280701756,7893.156872037915,11001.413557858377,7701.073651327647,18940.366236623664,3082.638398486759
13346.225127953447,23423.659838188993,12068.86938996977,4780.7792537605,2759.6439917127072,3208.37370347773,7556.884710539337,10301.34476384139,7187.132921174652,17741.529068834574,2944.5291005291006
12319.912123988395,21913.270409685807,11225.917399681663,4401.728647497337,2594.2840280339356,3092.2150127226464,7198.12743823147,9535.848212502497,6707.145185799144,16369.23100127625,2826.3765560165975
11828.560816196397,20039.26096695912,10557.821329515971,4169.288223373114,2410.11689860835,2970.1200132978724,6752.218997361478,8838.127198187507,6363.048598949212,15072.696724932164,2724.243515850144
11562.1282219131,17802.284801098842,10357.23616202346,4035.820895522388,2359.8633210934313,2920.066485753053,6203.181487653385,8131.287342813492,6133.373768006065,13720.398259658892,2733.174288800864
11478.898171891802,16569.74620823355,10209.069728367404,3936.5068263473054,2291.777871266302,2905.027711255559,5914.224206665604,7734.789753743349,5997.726693598508,13030.477382875606,2736.1301369863013
11711.410139746506,15785.267367788461,10118.481925436527,3942.2260848717333,2303.704821802935,2939.0216582064295,5815.698423020647,7521.266139321255,6017.307417752949,12646.69231935704,2649.2315672471286
12673.88463271744,15149.316467630422,10526.84966905431,4076.0734371368812,2391.712727272727,3059.0392729633236,5691.107482086319,7458.09401159047,6271.347048300537,12480.930596210137,2721.159609120521
14408.525694307013,15101.107027642483,11734.280769852821,4480.461652229031,2663.0148121387283,3348.1558632881556,5702.948060595972,7630.478502781993,6898.522862554113,12768.797472186483,2761.258969804618
15842.834573929613,15993.013160256027,13072.10493782793,5065.4730962576805,3041.5408805031448,3604.5725108225106,6060.064126685481,8324.748088064889,7829.75893599335,13935.128996463,2956.6078238001314
16805.123500864618,18330.218108924295,14376.418633298754,5567.709274873525,3286.287983824379,3932.9780680138,6660.079055879425,9574.665327037073,8735.0014858841,16068.833523101815,3149.2503052503052
16455.799100022785,21260.144155381327,14435.816545137768,5742.084449526298,3310.686750428327,3976.565815324165,7181.9871677360225,10614.670146701466,8764.605909764881,17854.353032492905,3261.552435016433
15642.269972948601,23709.73913733582,14044.635613521426,5689.131875414181,3228.588166373755,3943.322789539228,7645.915250091721,11056.030531732418,8599.82919423056,18617.662118126274,3262.1464004839686
14790.11381855198,24363.506243476244,13399.04304080492,5546.691181477699,3120.3509411050395,3799.189203218272,7823.662875613552,11092.314314998292,8412.062305641937,18566.061065197428,3253.0879221174323
14127.779619275825,23528.726265505196,13049.220825852783,5405.420528064346,3037.1019068458895,3715.1065246338217,7629.058035165375,10916.366812227074,8220.82338902148,18054.875685943436,3215.1485118134397
14097.39813084112,22596.341111297632,12841.569101533967,5307.280242294673,3006.122474747475,3662.0781926406926,7307.343918745179,10519.027767662054,8066.351420289855,17328.91657470757,3187.0199812675614
13433.300867618249,22247.664391742022,12729.558346839545,5248.4348686577905,2951.159974301317,3578.0543538546867,7099.123345685548,10350.895428465667,7950.608363679079,16943.759013711,3200.037554314091
13538.08535657467,22055.194001029864,13000.15363590592,5244.548578625405,3015.116462071136,3600.132821075741,6973.183764135702,10245.242579802129,7915.244261330194,16708.18810353694,3265.109294580684
13938.615384615385,21730.690757470467,13587.303704718208,5373.535290006988,3167.474155960562,3605.814266487214,6862.170928483522,10073.550037907506,8093.097697858207,16407.62404136649,3276.476758045292
15068.385281651208,22409.289433898874,14790.83758321819,5669.118130964133,3420.7639579878387,3767.55124936257,6975.984978540772,10238.114418173389,8502.06866673887,16704.32160689968,3364.9341575618173
16704.778639915756,23585.957841350344,15840.66996313418,6022.830626450116,3633.142857142857,4061.591856060606,7319.554085008907,10702.020626770538,9014.329863237395,17639.27110467921,3523.9881965413124
16918.620502710695,26220.739003454786,15834.321091782347,6095.012375859435,3597.228773584906,4080.472976162379,8051.617439574419,11602.045517578921,9023.080910111214,19254.43660521671,3505.897761812655
28203.417853319927,34352.395276100084,15719.065789473683,6866.644513345916,3286.355807365439,4269.372333406642,12574.375018240187,11369.332212287754,9907.586804918334,18569.570721463926,3265.056543281842
26052.006752954418,33863.58354516878,14764.033437305054,6494.721849578992,2975.924906132666,3892.9527141133894,12249.146695606616,11381.717642243144,9103.508091908092,18509.58026982296,3131.8514911746806
23594.77258058245,32527.110556348074,13591.373287206621,5967.660550458716,2725.4887140902874,3561.4912882787753,11616.956597359474,10812.397428152239,8278.298779817522,17908.4389281263,2968.757945425361
21232.67525505793,29838.719642189255,12272.596172681384,5399.657550739594,2489.9722326454034,3280.161743619157,10726.511962953435,9964.405992509364,7565.293643149531,16686.93922651934,2820.1852230166837
19316.505606183502,26917.520164495283,11000.77956352563,4824.392126592049,2263.3330568228953,3018.645,9650.382718409483,9125.141804788213,6810.775335120644,15266.893892244798,2681.8639798488666
17943.871591727544,23730.616861697952,10104.985572921483,4447.50650440621,2098.013004484305,2869.063140495868,8636.170695187166,8324.391768806927,6366.026743350108,13729.730091805508,2565.729739917075
16749.49723481916,20815.07656706358,9403.021841029222,4159.793343827299,2003.7518832391713,2767.879203843514,7759.627329192547,7614.769268713774,6049.720351835002,12481.133193024654,2469.5971731448763
15779.056651551735,18624.128698896002,8907.403677480714,3976.2963224893915,1924.541031941032,2690.5901523202265,6992.211479557864,7145.442553752803,5801.475654242665,11632.017153491382,2363.825519771708
15622.946449845127,17166.99473424387,8725.537962362103,3881.0850858109743,1938.3749388154674,2726.5246762338115,6500.8661111909205,6860.675389064867,5816.833624107851,11083.280722686211,2397.4965545196596
15987.367426672108,16141.211441620799,9060.819602124779,3953.836584205518,2079.382541133455,2857.501337792642,6174.755842185129,6775.996642887118,6054.622880708722,10793.16366827556,2465.483234714004
16762.378121350313,15940.773886675783,9874.16628636623,4216.183905483727,2270.657202505219,3063.7059190031155,6058.381077733044,7037.819997301309,6557.655910948288,11071.516815374056,2539.6413582602063
18522.21246615184,16739.587114337566,10941.648719911542,4642.855497170574,2508.2854996243427,3361.1906647807637,6125.315555555556,7528.901363980804,7099.2385404492925,11727.885936487362,2620.0308256880735
20657.5094719871,18684.70841805612,12264.280153591328,5142.1511627906975,2781.04076819407,3712.8125,6428.929717118694,8232.038807001381,8074.078638898373,13058.668698744466,2862.4125710464727
22313.12988196314,21757.336360115332,12828.90381712314,5456.771716826265,2858.024614374795,3890.9454722492696,7130.111779317558,9318.543993571715,8481.210520619115,14754.394741843522,2892.440952695997
23624.48509972624,25167.50653485875,13067.714912591124,5548.666835016835,2861.7814656588894,3952.699663623258,7948.653168397713,10172.157552441147,8651.155071694106,16235.955134082054,2932.218801179168
24725.410984494676,26456.703936009024,13204.862727208927,5597.357632502925,2853.7303000329707,4003.569731527679,8618.3081232493,10440.105423032252,8725.713562539548,16519.351748606183,2924.069805729338
25716.79101961769,26636.76395814313,13724.219556696851,5736.462304177546,2989.7829921259845,4108.74768732655,8986.178985507246,10320.326724606193,9085.998685408029,16282.41756416132,2955.171112556929
26974.243277368278,27040.275226177684,14197.50065257113,5902.8542458808615,3068.062787136294,4204.983980144404,9448.624507486209,10319.625907111757,9468.174583171773,16070.156695156697,2968.1661807580176
27787.101003410935,28057.650369034498,14565.35672960773,6087.100614439324,3155.2190476190476,4289.079168509509,10072.894231656668,10398.668317277394,9600.666539270018,16146.330208875774,3001.5172084130018
28782.388120708925,29211.259387526054,15230.920002426006,6323.8069657615115,3297.5656623081295,4409.461158798284,10666.21058587969,10533.840117312477,9928.36320058997,16326.971467779747,3113.635666052793
29822.634968947918,30261.540111420614,15858.5856238015,6597.546250529585,3400.024463991204,4493.939756507137,11351.621802729427,10499.06664884612,10169.829441350817,16328.101120384132,3209.463560334528
30724.89941690962,32101.745337639288,16397.365827680926,6834.827651772375,3478.593415417559,4539.415993370623,11851.009849136246,10545.307623718234,10390.584281463329,16482.956904883733,3245.2649897630886
30866.44280823939,33494.368268156424,16836.539705001906,7001.9612792388,3573.093555093555,4576.982800982801,12521.864283081459,10709.35049921177,10582.676148046607,16908.901597656033,3345.1521182826273
30326.17060414788,35042.52313450665,16678.255535410142,7037.4266018907565,3501.977194378149,4531.966921645649,12920.380260628071,10905.965555650759,10447.529799600936,17451.031106605486,3346.009111617312
28586.37955714605,36119.893924238924,16115.578911331737,6854.588870880605,3331.6418410041842,4260.320987654321,13039.327142254115,11111.37283018868,10061.590199440483,17883.363584504485,3266.2015706806283
26280.89294793662,35669.66160396708,15060.249694077338,6485.591221046611,3059.093702464253,3882.784209251635,12785.378136200718,11116.366806370495,9240.100727916584,17862.107873688583,3133.8969604863223
23684.342290714783,34381.00364608653,13869.545158286777,5941.695706479313,2777.7628935030143,3549.561672842774,12221.386210004506,10600.24861392238,8448.173122444588,17311.821482277122,2987.840662842575
21503.48655799266,31686.9123656861,12527.737778762368,5384.537704918032,2520.133654202147,3267.05734870317,11186.234907057082,9765.110463449593,7772.349637257197,16163.43186268863,2808.1900854700857
19157.839102009424,28580.809607498533,11289.033723614775,4836.445150115474,2276.380873866447,3005.4900974536313,10320.54253611557,8963.803792851933,6978.210071942446,14841.401029245637,2698.893495353824
17863.14802954393,25127.68902235569,10305.150204081632,4415.412262156448,2153.1388040157135,2833.0879892940784,9298.792183315147,8156.444903107442,6479.229160779882,13461.710404103416,2595.7215803205368
16811.72363716376,22000.150384893463,9663.130012622583,4144.746049661399,2037.7796296296297,2735.801250868659,8155.155166534046,7451.505799293999,6147.032821124869,12217.151933701658,2537.611387084448
15975.698258850842,19971.478585868084,9127.383218082361,3963.2479299739766,1979.5004784688997,2674.6461374154505,7476.244900497512,7017.381630186652,5918.9078906492705,11440.897845040303,2422.5484775641025
15390.41864263247,18410.916956610727,8925.487407407407,3864.859956236324,2002.3826458036986,2700.5386789120453,6866.16888949374,6803.6656484309915,5922.2017434620175,11038.31645136453,2420.491967871486
15603.837672831747,17255.189221753655,9258.825497195308,3949.7237845567206,2147.437610619469,2833.4696356275304,6513.340615119288,6751.910686701306,6163.055613850996,10791.16510137804,2469.538340542666
16317.37670802127,16983.745244603113,10144.088938299055,4221.120294052127,2330.7700121901667,3002.693358754369,6420.9378102189785,6981.658363958078,6608.877724986026,10967.534632034633,2563.697999244998
17928.757907290263,17557.450689002973,11160.717170031703,4664.773752012882,2559.2987108655616,3303.129570976101,6392.479576843961,7569.924506971486,7300.379201415213,11766.812050722881,2687.72920417717
19853.30725449032,19447.355908203124,12437.466696368901,5148.015982564475,2819.063829787234,3659.798447606727,6739.293602225313,8263.965572641726,8167.078343088699,13094.59212336205,2871.4083333333333
21261.95311071444,22663.83050146761,13084.112537018756,5393.647516871431,2907.221649484536,3824.9408415841585,7449.531531531531,9281.58332493195,8510.079861860566,14770.185248496358,2927.2208005249345
22335.9675265428,26127.496040239726,13264.648618476138,5433.407878892138,2900.982524271845,3901.6335524713904,8341.185630074518,10132.87044534413,8638.018727388806,16156.056239926318,2966.1290950373013
23176.880287884847,27426.74947304005,13413.717604757294,5409.115937013324,2895.9273434965944,3960.5962554008643,9104.068624451922,10322.178361780909,8731.86009270965,16380.321655689302,2939.1772400261607
24058.819000692893,27732.93338280433,13793.55306136165,5452.8836169847,2917.0881028938907,4078.7176141658897,9769.366372353556,10248.148914827649,8946.920139601723,16154.369241427086,2967.091499026606
25249.223548800586,28040.112377959074,14220.61266367012,5568.075395489735,2975.031565656566,4193.89087616029,10217.471502590673,10131.447154471545,9192.453201478374,15850.07955683894,2954.2890548879504
26266.718587308285,29053.30565952504,14429.18725534236,5638.251827242525,3028.0409556313994,4261.047417631345,10724.344212622284,10222.414216359806,9354.053855208946,15972.136924606655,2989.61054313099
27450.240839630562,30301.31202077665,15177.850648165055,5792.71876009041,3093.4027861901877,4398.41639767592,11166.376142216315,10311.823716203957,9609.468648751668,16059.688677051849,3079.3170199501246
28475.199612778317,31358.212885488883,15924.098523023456,6004.3875330328,3173.6959340011786,4464.7969972510045,11384.861459521095,10311.69731348702,9895.097322253001,16042.773634301007,3189.5138138138136
29130.260080518336,33072.99623794303,16683.67048773767,6229.664926152469,3259.1867314841293,4534.362033195021,11752.931200252187,10426.181818181818,10106.134196797984,16298.342827550492,3217.2836921262165
29549.836519161287,34474.77798613942,17220.723114562283,6426.889641262066,3346.761653718091,4578.919123669124,12109.541749351245,10578.175401259201,10271.927978817299,16730.520538758174,3284.5463976945243
29134.01827185257,36029.24975443313,17043.0635449707,6422.263317016988,3314.5255331088665,4530.84457781457,12525.816155988858,10840.780220727711,10055.329125338143,17352.745867325033,3273.4497829232996
27659.6983554482,37080.42327896738,16440.53002012522,6285.654684737773,3149.2540620384048,4239.341085271318,12425.970438628823,11114.773869346733,9670.302076482196,17890.927122776076,3193.9561717352417
25366.820206036507,36442.2281469421,15395.098779466316,6023.726544446156,2921.655491698595,3879.786960736791,11816.693564703135,11213.787345345843,8960.841864716636,18054.848768447573,3091.6029684601112
23053.666706500957,34903.528824390894,14060.930206625122,5587.9695912263205,2658.2370916754476,3550.4426490066226,11345.35815314583,10723.501130631414,8149.95522054718,17567.56653247166,2916.3875205254517
21123.02902776569,32085.483242898183,12711.058583800306,5082.096178460413,2404.8090979782273,3261.0626443418014,10766.21088260497,9915.265505882353,7468.060129284059,16387.56245027844,2748.5130253560264
18977.149615496935,28807.049872329422,11230.039032070938,4629.888240032219,2190.1635193133047,2988.503476611884,9863.430603649977,9059.02133580705,6712.1220375919365,14967.18202764977,2594.2417866371356
17482.63351700752,25375.25811073961,10387.44572353629,4276.984914735461,2045.8290322580644,2821.0450420168067,9010.207802874744,8287.494242492663,6231.369466097956,13649.172269770626,2524.6763803680983
16294.197355673334,22204.995784148396,9695.403636011992,4050.406293382693,1949.5756547041708,2734.801876955162,8094.388155629519,7576.626038437694,5907.926559825735,12349.142162818955,2420.6088871096877
15619.678369195924,19946.96330491309,9172.746819860484,3896.0703275529863,1897.4030969030969,2674.5992162451016,7417.569849246231,7095.48532731377,5647.566154851355,11562.789576547231,2338.762788778878
15235.669444274246,18474.57822226758,8962.900242028833,3823.720855878013,1938.3749388154674,2713.53164556962,6948.335708523797,6847.5771673108775,5671.154009126467,11051.306101521108,2318.4844928751045
15477.883490452019,17383.03666032091,9238.896597527333,3902.592565773594,2061.3450184501844,2828.472118959108,6608.30389794472,6740.021931674399,5991.201854714065,10829.294482818921,2423.464070654356
16225.63025210084,17015.51607152805,10124.048366134422,4219.005353557885,2263.6110645431686,3004.737860996509,6450.846321605118,7024.631258457374,6539.312632621304,11018.600947867299,2525.6142034548943
17901.358309917785,17578.436575623447,11187.482301990505,4689.572087427311,2515.223097112861,3325.116165951359,6630.157500353456,7580.869385194479,7091.71875,11784.703186768858,2623.954495412844
19735.319740674622,19548.339940727783,12529.881975199292,5114.924300603401,2751.8253155919483,3684.7804627249357,7022.998001332445,8281.953275309208,7732.313956252971,13115.577562527107,2760.3333333333335
21009.29476838997,22739.752730269935,12983.212181585313,5344.50751222921,2776.045899426257,3832.8311078140455,7774.7604017216645,9222.26848090983,8003.644260599793,14758.262210959772,2787.159200551344
21859.61647088758,26097.065742461054,13123.12250370475,5328.202878202878,2705.809573361082,3899.6844411979546,8686.569337606838,10053.831154381085,8043.265483686319,16204.720840751164,2764.3314859715965
22416.993338849814,27533.22769324613,13262.283915203247,5331.009657594381,2665.49240551042,3993.5277579223252,9314.634100189223,10301.203402099167,8125.056040839479,16495.10866008463,2768.246969172151
23093.207147159203,27810.659880884283,13582.560240552177,5376.961504964292,2699.577901707912,4081.715715948778,9699.544357156543,10134.211612903226,8345.395338561802,16146.378653113086,2816.9260273972604
24003.246323103645,28127.02503750625,14020.527259494507,5482.039644565961,2745.71174255392,4186.895464852608,10097.656255758246,10044.413397931614,8645.378061767839,15907.015681898272,2824.0313672008183
25069.43227069558,29017.72776933769,14324.467227434488,5564.266655450875,2793.7263547627063,4245.007599463567,10404.023967089965,10178.523310344828,8802.898400752587,15923.062426660408,2879.321238348868
26074.3111213398,30150.35275825611,14898.077481389579,5770.871113989638,2934.1323106423774,4368.385698808234,10785.77679110268,10299.836603088102,9199.681664006384,16078.666956976136,2973.052819183409
26969.641577672388,30916.046421429004,15211.392002423509,6029.555847772277,3031.5314620604563,4458.801820876562,10828.83997258631,10355.966763005781,9448.355710549258,16093.715139211137,3066.243810717643
27481.392081651713,32023.734063047286,15591.764543099387,6287.867631851085,3146.121965660154,4502.391186299081,10869.863237673508,10474.432531849992,9618.00037878788,16386.499799713878,3081.833333333333
27474.055792135205,32847.09908241194,15969.088909257562,6531.104748405386,3249.609602743641,4555.942398683399,10994.91874895187,10655.343161415243,9741.771905294556,16899.65559982293,3118.4046751669703
27248.810050048705,34111.09300422746,15752.167364016737,6563.572595409098,3221.576535024503,4513.9233963047545,11014.051778854184,10904.032302287722,9621.230972615676,17530.001859427295,3143.283257918552
26026.100987306065,35263.4253586254,15269.883683165934,6391.087711680417,3080.204106280193,4218.301202137133,11000.190956869943,11131.820720796053,9217.353446573177,18074.175600739374,3087.6932591218306
24195.33126829083,35024.473066243554,14310.45460979219,6110.178826027605,2863.7919375812744,3863.8608949416343,10949.398573227025,11181.962630045777,8569.30185067007,18170.470588235294,2977.942528735632
22061.266338369085,33555.151697214686,13073.434304252769,5689.046367346939,2622.344827586207,3526.464676086377,10501.171245501624,10698.596949891067,7882.5939849624065,17595.80464206408,2839.339068825911
20021.533526490068,30919.550048152163,11890.75532908044,5172.187780772687,2401.685769980507,3243.0786419036563,10009.65821267177,9940.433933933935,7210.030356691121,16508.34814020432,2685.1216022889844
17970.26817339374,27813.17427385892,10645.33659645136,4672.105462519936,2156.195557491289,3012.4846298619823,9293.196918489066,9048.099143711957,6472.242257106492,15077.051521523998,2543.873057976506
16605.54732786061,24498.636073180936,9787.500382043936,4345.296304254404,2019.9086672879776,2822.0957018132976,8573.374784110536,8219.567690557451,6025.441024078025,13652.297837393922,2442.731408227848
15663.58173076923,21180.938132484865,9176.635926796851,4090.677264409881,1929.5372549019608,2724.8574416172883,7708.12775436484,7460.7373254497425,5738.345734445157,12180.004927246131,2360.900162999185
15012.861891153081,19274.346819400438,8682.02603601649,3921.1064848049773,1854.3817066939193,2655.5635319454414,7183.518014515293,7022.377348362856,5541.276482345103,11398.761436829067,2316.513411567477
14721.689340101524,17744.895925197896,8494.282586954105,3858.8063337393423,1888.358111501758,2684.501955207963,6846.451608505999,6744.603025633843,5548.669779853236,10874.172818063396,2273.5526652452027
15072.430964939496,16686.386001700197,8770.501453019051,3914.7551069454457,1995.2888465204958,2808.4821367812183,6554.486224125625,6649.034757834758,5829.850468774829,10612.876506830968,2343.7268232385663
15705.917395182872,16392.076384873366,9574.79268412278,4198.200760966875,2209.5969957081547,2998.741176470588,6416.0046735796695,6885.621084586725,6311.909117560833,10808.339924422182,2461.661030279198
17220.976110690735,16964.88928671329,10687.216183259297,4629.807622136631,2436.233565351895,3307.127121081392,6580.02351432236,7371.902023978342,6949.560175345377,11574.49355024238,2589.7558790593507
19174.805413243113,19052.066041967802,11927.442370255616,5075.292517006803,2692.945024356298,3669.739220242706,7068.331261571013,8117.861682242991,7555.822906523857,12929.246148202496,2741.4281729428176
20378.550317604357,22109.407109265772,12245.611031572602,5343.705533251877,2743.95490263068,3836.777063766683,7604.288720332762,9105.455255316963,7738.067522586781,14567.8947165693,2794.1176470588234
21011.582933168862,25479.467308184845,12385.577595220315,5383.528360797918,2666.7267605633806,3888.5926197458457,8354.813123475948,9897.088334901224,7707.726827520305,16127.47639385894,2721.9936328263175
21941.366587857807,26712.20496699151,12445.619200119163,5390.3269164065205,2664.5512005649716,3935.5631795119593,8683.362763915547,10029.332188602191,7692.28807669263,16285.167399623051,2690.967788117395
22924.945454545454,26422.169594163894,12708.116458834682,5421.421134287192,2681.5941774815856,4086.761738726174,9098.656179775282,9853.205796003409,7904.870760983568,15924.309155836554,2729.3478260869565
23818.579581681053,26430.10659286069,13109.287832780172,5546.54010785305,2749.7673385719168,4179.950283768445,9392.085830521928,9737.749472472664,8056.399565813528,15640.122306452577,2738.4736658528077
24839.981226952732,26855.53906059019,13486.76754084855,5653.808029076491,2794.965100671141,4249.055580357143,9660.56711668274,9799.68001525553,8205.933863916602,15587.248533109807,2758.4197573656847
26167.911771960113,27671.116469671826,14212.393332900125,5747.159090909091,2908.5393258426966,4371.383499350368,9907.008460236886,9859.806803107826,8469.4735188996,15716.7572250905,2804.2721367521367
27079.50731276935,28350.593195706027,14799.363981337481,5903.773501577287,2975.924906132666,4433.822051936994,10196.01276673354,9808.0609059764,8494.57845988153,15658.891872581125,2828.386125211506
27707.195379886976,29649.14896299565,15255.957687222022,6085.070079219988,3050.38222763238,4470.480033627575,10455.787598827395,9864.479558851493,8594.164456233422,15910.801447654916,2906.8412438625205
27670.128670405807,30699.5224895557,15683.21824009324,6265.350036845984,3144.7522097819683,4498.064724245577,10970.821948959825,10040.480849874195,8562.663937041369,16249.863495346432,2973.6263875673963
27323.77180198549,32048.242762661717,15495.571184140657,6275.789040693404,3148.6037124337067,4464.9739932885905,11219.180132884914,10241.208462238399,8474.586314319477,16787.250498338868,2987.4498576399874
26024.140005632613,33142.648934684876,14981.557275731244,6145.384176550067,2985.2578538102644,4209.430800089147,11215.455557374366,10477.898519897191,8305.241670320036,17265.870222460464,2930.7330081300815
24388.626355013548,32733.289263907733,14064.62788568439,5909.541601501407,2805.864811133201,3874.9100606060606,10888.555489814893,10477.110648476259,7879.600092571164,17403.67291012611,2841.980293921176
22655.15916758119,31260.420433969546,13105.92028119508,5568.640957446808,2650.68214032601,3707.879937222077,10718.056867966669,10053.711840888067,7331.301032466725,16720.24913974914,2802.529471890971
20734.848144032007,28856.60037988539,11887.335427817858,5117.756879073136,2428.071928460342,3419.6554765291608,9980.402091430688,9558.951500484027,6709.211824002179,16044.233590511285,2687.5918439716315
19091.72120418848,26272.516768076977,10520.053305092226,4733.714734157347,2194.556420233463,3125.282574568289,9412.093212847461,8820.822406377845,5945.1806242274415,14763.683469004383,2512.1134020618556
17608.686365555088,23231.888488199704,9688.399557436982,4270.383053068355,2077.104415823367,2905.211505922166,8638.281595026261,8042.738493482524,5577.6768010575015,13393.392074140675,2401.9607843137255
16446.221825599183,20193.094986562875,9073.362895740951,4004.7068160597573,1953.991189427313,2772.171875,7621.927279393791,7376.956455696202,5298.7445102823285,12333.71700680272,2314.8423460898503
15568.682587303492,18211.50348099634,8534.92974934037,3817.2112883435584,1895.8101265822786,2603.8536494998148,7024.444680851064,6884.578718192952,5061.982638888889,11473.923553887575,2252.7551369863013
15056.878559880612,16638.308837683293,8172.49567723343,3687.8496183206107,1871.562209602478,2560.764150943396,6665.683974179063,6537.344410876133,4968.247245564893,10903.861415151254,2195.603349493169
14762.692078012833,15705.281625781627,8067.85359859567,3604.569491525424,1870.631443298969,2577.759280089989,6230.455106959927,6361.636673584347,4978.022952043292,10536.677335717479,2200.6344463971877
14670.218618311837,15076.401394735189,8123.863768452865,3632.4851074851076,1928.5791583166333,2653.8727735368957,5906.74749243751,6347.261089610003,5052.135318992461,10419.87641569267,2200.5396475770926
15572.341331408983,14934.575857687421,8686.496330375725,3757.9904354392147,2068.7087604846224,2975.1461716937356,5798.379892804937,6375.970906931869,5448.3913864104325,10515.314529914529,2311.003904555315
17233.774613105037,15345.867422833768,9508.445154845154,4056.300163132137,2232.8720930232557,3315.207171314741,5688.963349917081,6687.323338048091,5932.670959635621,11019.576483724126,2450.001635322976
18915.268699166707,17329.476496562518,10188.240905716406,4337.678711362647,2307.998336798337,3543.125964010283,6003.660081530261,7603.836266258608,6216.612440191388,12516.314690183337,2525.1559454191033
20917.070345882246,18955.356464945402,11166.795485175202,4547.1773358193495,2399.2061403508774,3788.0769845498135,6630.435319148936,8175.573655402189,6533.668038603463,13446.393312675651,2680.177679882526
22652.43280984544,20312.783971132845,11783.851212723657,4730.6520270270275,2471.4818812644567,3968.049746192893,7282.730199613651,8505.138429987468,6714.2798620689655,14030.235229307256,2767.297699115044
24033.839911169984,21738.75442086649,12662.531220051604,4902.96570881226,2578.655846551088,4173.011781678288,7963.954508052192,8713.69710739222,6972.078525003316,14460.40599001664,2782.531818181818
25340.006786162132,22856.690182763246,13430.296121883657,5083.395018450185,2663.001067235859,4342.002069917204,8511.145570315073,8911.495899870522,7225.268607174773,14660.613734466973,2853.419089976052
26593.208656036444,24371.721086837366,13558.822045516863,5200.832583258326,2723.16776658562,4452.0109717868345,9091.71012710127,9057.23146091188,7311.898349918125,14906.029988465974,2852.443228454172
27418.94840153236,25826.63047801429,13773.377419354838,5312.478734622144,2772.1754978062772,4531.070943726735,9533.587264381287,9139.529787456811,7569.956886082098,15154.172418128104,2847.5466347796378
28249.37832270721,26786.828066321832,14024.214299731799,5485.137398097826,2827.3711169861203,4532.605648986632,9974.812785388127,9243.641458891409,7676.2510775862065,15285.794524799801,2791.863852961198
28583.370274003402,28067.223330749264,14128.495332555425,5593.546407185629,2853.8043052837575,4385.166306228373,10303.778358410667,9062.214087117702,7762.900094585008,14980.591857000994,2775.543672627235
27936.51245656592,28218.342831641927,14200.60546145424,5584.764082173625,2852.670695851029,4344.456564337035,10721.492702305899,9240.203143893592,7704.921364282331,15445.216719754793,2733.9650325677067
27303.24781644719,28837.678810504633,14049.642014726005,5510.023302598491,2813.8545935228026,4267.461453256535,10874.88,9409.365969206474,7558.935300520015,15860.075,2737.778730703259
26141.257062543922,28885.467949951875,13680.531719420602,5406.5829627095445,2736.475638841567,4023.2716165413535,10672.288645572895,9473.127835653782,7346.755112219452,15882.0268110487,2765.084275436793
24398.057038239403,28592.79697225104,13104.410939691445,5198.0057000356255,2617.4771664868754,3756.6790404040403,10409.86380910296,9561.142140306862,7019.043075316538,16011.653981029032,2683.785056657224
22672.833163701504,27796.336552277207,12389.539906103286,4902.194891201514,2445.1134697028174,3612.7276641550056,9875.021004480956,9279.443294866693,6553.421787709497,15751.988292454487,2613.494890510949
21103.11881014873,26068.192155323173,11464.323943661973,4548.609547123623,2292.7451466336224,3397.5308641975307,9137.463407227453,8835.934488188977,6214.482458726416,15172.515827426058,2566.4295277054666
19335.30158121706,23964.15672569121,10362.480454423472,4181.693950177936,2122.4043887147336,3141.319500780031,8496.120736624169,8292.897011082503,5714.7812600450015,14127.736918127503,2425.1102766798417
17783.225872153747,21867.570984367678,9577.668513658014,3885.973854641401,1966.0286825473993,2933.244057582859,7853.712110481586,7751.790073132718,5359.644402472527,13220.77556898005,2327.241789819376
16648.985850903195,19384.82495901244,8988.646704096485,3670.1774604793472,1894.8105369807497,2796.2025316455697,7014.52446625116,7134.973071895425,5136.692528735632,12074.693310701336,2263.8234793704805
15830.624462127911,17500.40870590758,8531.239727532411,3501.7904175588865,1837.6788894709273,2605.888272290048,6295.320855614973,6706.451612903226,4936.945328590152,11225.74539391413,2171.782261640798
15363.943585686466,16140.286255758354,8147.806004618938,3389.4747922437673,1784.5886486486486,2565.8307634449043,5869.3250279508065,6340.409481481482,4844.27472737708,10664.729474982381,2126.589626933576
14847.165427743479,15243.102167182664,8041.09781843772,3357.208800448431,1817.5114422565193,2565.762711864407,5574.642628475147,6201.659222120936,4820.950327300732,10397.455229291281,2115.529546495648
14744.793120922277,14548.260068970005,8082.119733924612,3393.2346089850253,1872.5289256198348,2618.8489314664703,5296.957163170991,6130.380673949839,4906.976532929599,10184.957306908685,2092.810661764706
15485.195049803802,14342.41974084358,8630.67562506884,3545.8834977339375,2011.622179548728,2913.1354554690147,5134.306291390729,6139.934698906515,5287.312245979855,10214.274805627545,2258.016028495102
17401.729014053937,14650.715796302302,9378.430133657352,3811.1653445711454,2151.7892617449666,3305.207808177067,5080.185267857143,6462.334259394648,5703.478118876551,10720.911173775115,2388.0037783375315
19357.099129335085,16485.25177742523,10083.430913348946,4022.774631406506,2228.9513350559864,3515.139441083261,5398.925654450262,7311.7539787798405,5955.606046439146,12116.388103792415,2465.040241448692
21293.840243740895,17860.334415408754,10986.843258042438,4218.123049487293,2300.1679833679837,3795.0960873037,5954.820937944102,7868.633320983081,6296.639064568319,13178.36661030655,2594.1672989377844
23352.81108433735,19195.68833776796,11752.00836853431,4362.463194145501,2354.2281770198942,4011.042409033877,6535.4049777010505,8201.058844381425,6522.485260770975,13711.228005916742,2674.267228739003
24864.354056902,20548.719117921883,12486.340435075128,4495.818352450469,2443.593774319066,4225.008544979824,7209.3174830640955,8462.6362391602,6942.570934716128,14143.334059055655,2732.281205164993
26455.042668735452,21725.621712120545,13148.555319600764,4653.341576196221,2541.7778192681103,4396.003633060854,7894.964556661925,8617.493421052632,7240.62725884449,14316.64156626506,2768.561797752809
27772.909654086998,23482.122849724117,13551.348939383537,4803.753403345002,2603.93922852984,4504.022104332449,8717.22257857601,8832.125081362552,7418.2682714977045,14703.95661210704,2824.3997233748273
28511.3399622445,24989.209856372065,13982.36602521566,4944.1813207547175,2675.9625481274065,4613.085966043413,9312.521582733812,9022.457467119219,7826.110915699379,14934.97071957132,2854.4928327645052
29089.229140919604,26333.392268375206,14167.960339576179,5150.009030160737,2742.2722316865415,4600.665534804753,9914.544695619548,9196.481297274895,8108.230621468927,15089.774878984095,2816.704768346297
29061.832465524312,27909.261609802328,14160.190525498318,5344.381457644808,2797.6029313790805,4448.485215911508,10435.167081629023,9051.292620078335,8266.596742021276,14838.497681994737,2796.488213187564
28135.216921575007,28331.807865574956,13921.386802363757,5380.621305841924,2810.5210753401925,4409.567967409948,10860.440965705511,9285.080766529547,8238.032489777876,15337.937288135592,2731.9055956059046
27284.66980055067,29207.380134594627,13725.089429809936,5380.9950257289875,2799.7353723404253,4348.453556667392,11134.699237526936,9476.48760411563,8156.118349135528,15787.887558685446,2718.6777316735825
26101.694162302745,29426.164867671585,13355.413446995739,5300.6666085744155,2738.5399795848925,4095.324099722992,11006.750480809433,9546.39405060846,7889.665934827825,15900.68148148148,2768.030479452055
24345.315147164394,29033.488564958054,12881.602584237578,5094.082970225127,2606.5454545454545,3826.733019335647,10779.737331513394,9561.218041485768,7368.226349678059,16029.468952840485,2662.7984302533
22459.55798471275,28106.75280639197,12390.141447867658,4773.374903025601,2398.985427333596,3658.184120284885,10211.78884677856,9238.7341519417,6815.850542386501,15707.13615023474,2747.0131627056676
20773.372908508365,26269.69208979534,11410.614020686258,4406.590029448885,2252.8279479647504,3414.0526166902405,9371.856804500148,8824.314049586777,6299.829808806489,15064.472921055893,2592.046289211936
18658.522994226558,24180.705601723606,10212.767467652495,4031.472081218274,2057.446494464945,3152.768757687577,8746.080004227437,8197.274377711807,5733.724297573435,14025.980158465942,2484.0144230769233
17435.7324762616,21895.14650114786,9465.572660716076,3741.812204234122,1918.9651046859422,2978.5760940561727,7938.098483080514,7649.46932778254,5375.251921434671,13042.171721517172,2384.000419815281
16320.770535816291,19092.248800078363,8956.926987849072,3565.2923762116848,1849.82944530845,2875.489325652321,6979.363333333334,7096.185837193911,5166.261357562801,11872.093102357223,2356.003829787234
15589.04994610133,17285.255820263745,8482.908710880127,3396.963666391412,1790.8142398286936,2771.4071856287424,6415.832363213039,6655.00991360997,4968.499628804751,11135.735767536427,2306.1272007042253
15249.005761569108,16182.191168770727,8317.73530089924,3340.522606009548,1815.6498673740052,2754.458598726115,5929.387509881422,6470.593695014662,4954.14336316182,10676.526530975025,2236.01618705036
15094.66218643543,15160.727635185647,8458.4736782648,3343.519640852974,1872.7412731006161,2808.761199172984,5703.640243902439,6311.005578169757,5045.229994506501,10395.431449766462,2249.0004442470013
15337.47452887538,14806.545222115692,8985.385885570047,3548.0548523206753,1999.1002865329515,2954.059341375937,5442.059871950164,6340.230215827339,5423.385622025833,10330.613627992634,2273.1110629067243
16647.501897109698,15144.87728834739,9819.657784545108,3905.061523672194,2244.6753904601096,3295.089285714286,5434.240782413017,6551.844351222335,6048.558036397003,10677.177077771845,2416.0590163934426
18819.451300784913,16399.174573822595,11126.30742876243,4398.980638297872,2479.25351577347,3743.9015799015797,5673.787653095002,7126.794004509882,6725.45378496983,11697.133980582525,2613.096786389414
20374.63475323015,18790.05968659547,11597.461909741774,4688.688309101773,2536.2057291666665,3978.7667481662593,6242.835200956222,8016.74950134929,6968.217874140667,13074.747482738781,2719.029594446474
21638.778678626877,21723.550174051314,11849.40369958717,4744.434036679156,2488.1895375284307,4141.324792408066,7120.362783424551,8974.987541876046,7087.80007814535,14753.154893725341,2781.043856469735
22884.125617674683,22905.20812058331,12067.253031844144,4744.9375,2457.8875192604005,4239.252961672474,7645.580547112462,9269.24614760746,7206.398280066744,15208.799814871953,2842.1575000000003
23886.56987146931,23096.187772037585,12349.467161097944,4810.637465780212,2499.9094696969696,4354.292815183009,8060.271108026833,9224.96327365729,7456.621695420132,15073.57903951976,2883.3865814696483
24800.87557776859,23442.96372556905,12609.654093217807,4930.820938215103,2509.9547511312217,4461.388118811881,8406.198733614752,9327.653708072623,7659.655334538878,15154.903878902554,2870.2398864442866
25561.970033903246,24325.082865222947,12859.888142032585,5021.152580403889,2549.0319109461966,4537.49730196417,9036.57555440949,9242.87728111544,7829.300659754948,14903.685142857143,2902.0891986062716
26892.21755646108,25685.57090003297,13540.164504554237,5200.832583258326,2670.374293785311,4601.033755274261,9761.257956927768,9278.310912416175,8243.714572864323,14936.925486982285,2990.001336005344
27699.38161661895,26891.40146138517,13827.703159441588,5450.582590815628,2801.777926870178,4667.433135367602,10260.861728171185,9424.469793958791,8603.997543259988,15027.24995302812,2977.4729773992794
28349.257420609203,28832.036546902942,14402.319540229886,5730.8533181891935,2910.2185387833924,4634.053128205129,10769.145013802623,9711.544627299128,8859.722376973074,15401.218310288115,2993.9064214262667
28682.843777919592,30363.689870882252,14901.776938662737,5967.752476780185,3044.710518245937,4631.561733442355,11281.222003284072,10020.062540899316,9080.634965034964,16065.097778036295,2989.394495412844
28387.079703130043,31658.100167189747,14897.955976389572,6024.2695958358845,3081.604672330097,4622.463824554212,11898.399644210689,10343.756112965804,9084.35501598721,16798.141019955656,3045.807259073842
17711.024512360487,26432.799644028757,14189.244566623544,5219.938329150234,3085.473604368932,3752.6364101252875,8137.20474676357,11041.388879442271,7743.524444444444,18058.20412072268,3354.5130890052355
16332.494892747702,27375.8136102668,13691.68149741246,5083.273449039882,2943.3091603053435,3560.399945989738,8395.488218454086,11145.348921469498,7344.726074280644,18491.863781321183,3295.4063520332443
15120.736176252778,26260.42903066271,12874.138069321112,4809.580121306984,2768.8090230664857,3411.351910370583,8153.52016404648,10618.358129649308,6929.552727272728,17763.51466004543,3140.28125
13490.8225,24462.14010028871,11820.379854653434,4452.973957230573,2557.3004054552157,3212.1766871165646,7517.992295265316,10005.627679578789,6405.078093009653,16726.46782608696,2989.31497869551
12199.533070317939,22422.673523556736,10575.356231858563,4099.903031705624,2362.905162064826,2998.0268567639255,7090.179551451188,9267.662399674897,5918.447238580296,15479.480454048804,2852.0887656033287
11425.783541147133,19911.897632637785,9945.71137218045,3818.3938185443667,2255.5660774410776,2897.0003449465335,6517.780273578113,8380.320162107397,5665.598031036209,14093.940311476505,2781.0513368983957
10824.51152966027,17429.90986686708,9565.982440651364,3678.9215380618343,2220.3453453453453,2855.0056199508253,5867.82026091158,7903.450384430562,5505.031169278457,12903.726618705035,2761.029147175243
10493.599417334304,16022.219720952045,9322.614265508184,3600.620239680426,2164.061919504644,2842.028682719547,5522.070717473395,7472.647261146497,5418.58691457639,12245.758818958819,2717.023417489938
10516.155547465185,15039.382068965517,9393.992361809045,3641.5232067510547,2185.226637554585,2887.0125217391305,5207.281432748538,7291.010082493125,5538.51297028002,11896.474233424306,2719.029594446474
11038.851294036182,14359.082542194092,9777.456326609401,3710.4959854959857,2354.1423342822286,3023.0,5092.835269865068,7318.312066029084,5933.658697047496,11824.561370817468,2783.0356760613627
11994.359053497943,14097.825208726097,10769.572151898734,4020.805151442881,2584.3756007393713,3144.1018867924527,5108.693602693603,7682.968953430145,6615.748960573477,12301.883957177464,2835.0785340314137
13056.120025904871,14821.706286080822,12092.809634089857,4584.795180722892,2845.0286762254086,3351.562954347194,5266.878172588832,8404.155387610213,7381.040413054564,13543.91781016708,2995.2052545155993
14123.321063394684,17165.927321891726,13179.333263083947,5082.915999254982,3042.1474853440295,3588.2781208053693,5679.014202172097,9247.148086695011,7898.897369044797,15230.494453548468,3173.467856044294
14500.756590340581,20038.51800762676,13333.549684049718,5301.914694454256,3045.14457459926,3676.6282285416123,6240.739622641509,9879.791682747975,7912.353801169591,16483.720134150575,3438.331748251748
14421.968425130755,23151.70535426731,12906.2099467396,5221.686288585785,2925.8991326694504,3682.6256837718156,6881.009745533297,10510.047000895254,7598.571917808219,17711.957503320053,3535.608707632957
14338.665280665282,23688.722706385677,12329.788403386756,5007.86779342723,2789.848872433524,3628.3007698433767,7019.645791783008,10571.370743787034,7328.275989311617,17621.657647620563,3501.3239002521714
14556.55078601219,23068.987796860874,12064.571252027497,4823.802065069161,2702.752258512856,3583.7900298022214,6897.627512221619,10222.5396941672,7159.2106222337925,16989.989749242217,3452.4756649688734
14893.407419011217,22301.428011919965,11901.298668754895,4673.825266117695,2674.8401122019636,3596.968783638321,6772.955364568894,9880.957345971565,7094.492457037912,16355.592342084145,3446.256702795208
15268.690204455295,22186.806388164365,11768.79029957204,4673.705326633166,2642.75,3597.845510919385,6753.279428095503,9711.883640219801,6995.275485759915,16043.03909669137,3457.3473206691237
15781.613094887934,22442.595648690814,12081.432673800908,4655.026983487716,2678.9594405594407,3665.9825719566943,6870.531024137461,9586.080983510587,7137.059091500716,15816.900467483283,3475.4280889389247
16552.440844598368,22362.625211220005,12433.698195857152,4763.477022780832,2762.314507947244,3744.4829268292683,6884.454867256637,9478.263334319236,7306.326618522742,15628.039322480248,3424.85597057159
17072.05517578125,23236.175427229286,13015.184092186622,4835.463414634147,2904.609380019274,3729.732464146023,7075.323556612499,9524.145825128004,7368.383465259455,15784.449227110583,3272.9929161747345
17878.349513062298,23505.982230879315,13877.268882175227,5027.021185653224,3100.043269230769,3885.9073891625617,7213.881355932203,9742.879013539652,7801.295031424167,16227.978466538976,3357.811146404851
18315.808806488993,24690.736186653663,14158.685760413302,5122.435542607429,3165.9646434885094,3912.894788353315,7669.180256472297,10222.43257394819,7950.153890959926,17082.846745399616,3365.638623879734
17490.350986720277,26431.66699273337,13694.506833712983,5097.815712187959,3014.6145026340255,3722.6896729332993,8082.62010533547,10792.758617695581,7625.745401388719,18135.927794110063,3296.707424867413
16319.585987261145,27381.773496907634,13055.01971969857,5002.17095139801,2863.205035971223,3511.380339539978,8321.570537802027,10854.88096676737,7197.704756980352,18452.716438356165,3192.590243902439
15074.526873065017,26233.686624203823,12291.379217273954,4697.74225154969,2688.826238660153,3347.358501609599,8114.154348573393,10402.322009396457,6752.495027624309,17843.497133238652,3113.265216020183
13574.246336743157,24458.659520279773,11215.725125504074,4315.977520733304,2471.4937286202967,3146.165726817043,7672.666220979701,9790.826312254101,6210.094922404701,16783.41214629236,2957.2789386401328
12150.573148004349,22358.47986688852,10070.965943700969,3939.9624909834097,2287.8549586776858,2949.0336813742,7136.257011795544,9050.56582778702,5708.34388916378,15535.48729736269,2793.2198381990856
11331.09719547928,19833.656346894673,9493.440476190477,3651.3028407610113,2162.6822757111595,2842.0,6519.538261997406,8193.307710011508,5406.473960153792,14121.745711806714,2741.0437929786463
10781.44277507733,17428.847731543625,9103.708384837248,3517.8709940249864,2084.283234353586,2783.005765765766,5871.817157572831,7738.509868824323,5238.9083016820405,12972.420437102552,2672.0725925925926
10451.665296052632,16036.206419868791,8887.363626734455,3439.6506124721604,2073.106451612903,2767.029465260094,5486.941400172861,7348.578238341969,5169.598971722365,12291.588613477923,2664.013452914798
10487.254515599343,15033.387104867035,8935.866687777074,3424.4931353320258,2129.0359712230215,2822.008890469417,5208.377031221472,7074.899608689785,5267.341040462428,11845.367309087977,2668.083395107487
11052.713087103191,14256.211322758347,9408.258371766593,3574.432912073138,2294.044713748433,2965.0003370407817,5044.8610060514375,7079.293990254467,5626.508035865336,11787.371584255043,2752.043619322278
11844.308012820513,14047.808175675675,10481.366783248139,3916.768665850673,2523.3185606060606,3070.1043142305216,5028.690159574468,7438.985012919897,6251.590750568613,12272.780520294626,2767.0804433321414
13029.788873656109,14706.778416801291,11790.240811153359,4452.8258547008545,2759.1409948542023,3284.5741399762755,5197.9146319074725,8127.106534090909,6967.890058006205,13421.850398220564,2916.3651911468814
14146.494864366605,16977.063573499887,12762.473401553088,4931.9754601227,2968.9183027232425,3547.2923452768728,5641.090771558245,8943.28311382375,7509.617042481625,15060.564793577982,3140.3196004993756
14464.59637275709,19984.56265634587,12948.71707561342,5166.805580721145,2975.031565656566,3649.5993690851737,6200.889968128699,9619.988125865822,7580.029770619814,16311.771086448598,3374.9638968481377
14337.868675716049,23141.583863691292,12537.091988130564,5043.683927245731,2830.9297082228118,3671.5901725039207,6900.985421166306,10332.209697962155,7328.297287018256,17479.992736859094,3455.7888233642234
14318.888852693986,23718.51199145164,11955.03518489624,4853.892781110896,2689.704855047153,3638.408670367433,7043.61829025845,10430.46228950197,7128.180938684795,17441.792253709755,3402.3140138408307
14406.201180361892,23085.87327009158,11687.885857860732,4718.663147410359,2636.755871886121,3591.788321167883,6934.839249561344,10136.504847197859,6983.020549773152,16797.067584131935,3411.242432977803
15063.736450913595,22357.2918188769,11624.761068334938,4651.786276488396,2612.71875,3617.9633395772007,6839.254525507405,9815.837770779654,7024.4435024506565,16217.670692245465,3415.2421537575583
15278.745136305422,22353.5437829115,11543.327136043974,4570.744147843942,2574.695335276968,3604.8738569123184,6878.276830765035,9691.779398975747,6941.342627345844,15834.881421055741,3391.211611030479
15976.01030027933,22676.423740136113,11831.131514818018,4611.886109416311,2630.8846153846152,3673.012644889357,6960.378520415038,9594.072340840401,7125.214983713356,15653.267068872827,3428.225028702641
16872.194919903446,22672.654593197734,12244.310737445332,4710.598889109304,2748.265555933356,3755.478750640041,6996.5263298941445,9417.396370487902,7254.401734472644,15365.392411990028,3368.611560693642
17275.296851574214,23539.542907390383,12840.597392419493,4762.478098605382,2849.4760812581917,3730.787760416667,7122.400131233596,9489.180910977177,7289.13290978399,15535.881281293357,3202.7571168988493
18010.143171130647,23787.25000982125,13648.78532318376,4943.116669813102,2998.9642968022354,3866.916357337293,7235.320066975785,9585.843470570895,7704.363930885529,15892.569366384665,3271.741619697419
18305.358099939553,24933.0453954456,13907.245924270313,5095.204141469672,3069.87879708384,3879.952909270217,7667.829921259843,10008.459028689293,7867.345760319888,16612.570397925825,3322.8194282380396
17398.779614178668,26588.330648521038,13310.8954586176,5086.764305427783,2970.343523479357,3687.705041580042,8059.289277094587,10532.841169673806,7603.84430333374,17687.358960819514,3261.432724003596
16243.688371030385,27421.524317032043,12706.662688941926,4909.262796027502,2790.2195776064364,3480.3921568627447,8322.42548451771,10693.61226993865,7108.679968598717,18068.129159120308,3152.3801986343888
15084.646436525612,26283.04399562162,11877.045200806326,4634.62307380373,2632.88256227758,3344.3388042203987,8079.991251295038,10215.379332536546,6640.561465057536,17510.64288774636,3015.2375366568917
13709.219565514415,24540.247235686158,10995.234612477958,4254.859136212624,2445.5186180422265,3140.166038920276,7650.625868584664,9643.846543330088,6113.0723684210525,16509.49943188274,2908.2461174881837
12251.937206617931,22371.87654269686,9782.714502801786,3876.95554469956,2266.9258642232403,2941.0273741128763,7165.289257277118,8861.97519872814,5659.387429331559,15210.49675865901,2757.103547115729
11460.520009922277,19817.87723256251,9181.20846044336,3586.342523860021,2143.4898139946854,2822.0,6546.87317282889,8056.424763240968,5330.424672102092,13864.910622113555,2702.036737692873
10891.042961928048,17530.802498798654,8855.466433714528,3419.7887087758522,2054.398520573278,2758.0090975254734,5891.855813953488,7602.758689423197,5131.932841328414,12691.880387770321,2652.0183795948988
10472.6989149266,16090.274605954466,8600.155942219304,3344.6103635843115,2024.1775788977861,2736.029801324503,5516.921066208083,7197.865250098984,5063.619520419633,12015.9,2603.0137667304016
10481.38669950739,15066.359454215435,8592.760886256445,3308.5432956849118,2068.153668666359,2764.0130813953488,5287.376934148974,6946.153086419753,5129.377501853224,11673.501839587932,2617.018624097301
10881.798858647937,14173.273424986652,8961.18431290085,3409.42,2187.1368006993007,2866.0,5074.7998495109105,6907.543743078627,5446.520866072988,11553.559506050058,2652.023988005997
11492.394736842105,13873.823621939544,9875.225643950194,3753.7170582226763,2423.3254531126872,2989.095600396957,5063.542225580956,7173.211898395722,6026.594751728472,12007.766311744457,2665.162910971555
12756.985865724382,14590.753760989906,11083.205785888487,4276.88671701466,2703.1295064753235,3235.531485387165,5202.866972477064,7811.385257985258,6809.919873120949,13115.921931176168,2866.1976664378863
14002.87634551495,16751.964965813415,12232.213070115726,4788.977904912212,2910.795410471881,3506.3068899258856,5592.073414716853,8638.471115537848,7343.734444585825,14735.622047244095,3096.2851711026615
14328.907634429526,19543.765139826424,12371.231557683675,5002.983380018674,2921.0234575835475,3615.613793103448,6157.754740061162,9362.096384318505,7391.014001750219,16005.901498929336,3288.3121894182987
14402.469091143983,22696.785564810638,12013.450267048533,4910.699676252142,2788.9101615074023,3645.561084781464,6883.805010155721,10090.379233345739,7138.48024948025,17252.144468050334,3413.5284366961987
14636.381973156924,23198.53667313602,11547.586529920052,4750.871343873518,2691.643730352777,3598.3482214495857,6952.65754159957,10177.68530571088,6973.234846461949,17174.703121601044,3361.2989781021897
14842.138696691409,22575.13043295855,11371.462572763794,4626.750202922078,2606.7856115107916,3563.8235774571194,6877.773679912902,9900.696780893042,6902.186918408631,16542.023921280324,3340.4009958992383
15344.532717662069,21952.559493452045,11332.508965290343,4581.613491900758,2592.7997107736805,3588.0032353734164,6870.531024137461,9611.926394703534,6894.539706080625,15955.942325745129,3312.2327790973873
15790.671463961307,21978.999352918338,11264.124627360054,4524.72853587723,2557.651376146789,3572.8814432989693,6912.612007047025,9442.174502622984,6833.341861731084,15564.30054054054,3311.2010110020815
16630.087555803573,22334.051350436035,11541.94917847938,4541.019801980198,2610.0326048011466,3658.0166622586617,7015.069875983464,9380.308274419995,7009.229516876241,15442.564964916526,3326.3814008240142
17507.509420022165,22366.44910356465,11895.32281572215,4615.511133603239,2682.0819672131147,3733.5257334019557,7125.268932930831,9250.390979719505,7179.290721649485,15173.609658566595,3251.5798143156635
17984.13565592724,23295.179118928514,12533.515642091446,4687.431963288109,2803.6627906976746,3710.820512820513,7378.416171825647,9295.317380352644,7245.341507024265,15306.244266405725,3111.809523809524
18471.516689051386,23579.33368945869,13163.488624576448,4892.9776760160275,2965.86966080402,3805.0336429826766,7707.639126763961,9418.108558873464,7582.547613248904,15605.659241420832,3146.996625766871
18675.697723689398,24815.237960339946,13446.960133116001,4968.351969981239,3033.988950276243,3869.0014825796884,8080.404423561769,9785.620534431568,7692.381759192502,16359.649030486758,3245.555088561993
17638.90914327608,26536.551752892534,13014.615287072913,4946.788130788131,2927.517868538609,3691.7032710280373,8409.066952036,10267.06373486297,7414.030261348005,17200.789776115358,3175.6476890113254
16403.899531258823,27200.04918700567,12423.513897102306,4806.182172810611,2798.14787554366,3492.3494904984855,8629.881748071979,10448.867084639498,7052.751416897325,17546.584605564127,3110.3637507866583
15309.451091251749,25927.103502501788,11621.56066512849,4560.396864686469,2621.649946255822,3352.8123192596877,8286.834733893558,10014.69700374532,6597.279937791602,16986.93031973539,3013.032970656116
13924.490856721815,24284.933720663557,10751.685734156306,4206.618801884676,2420.023419203747,3140.5217256362507,7887.210986414649,9485.165814536342,6111.8837494256395,16189.500761837788,2929.0675629093416
12562.053716847216,22372.222803738317,9882.389201028474,3915.927655456085,2245.6746835443037,2935.177457229118,7435.086012054245,8818.092354277063,5566.123709595532,15080.643663659874,2811.22636725824
11509.328815508461,19831.131192186695,9274.752095685953,3596.1462639109695,2142.2044543429843,2817.0285714285715,6671.99324989453,7947.775488069415,5274.092067480258,13791.317791326035,2747.630769230769
10871.597782434084,17609.187354126883,8812.141620685925,3425.533034714446,2038.0366025340215,2721.005862953463,5972.847261791707,7524.373107518604,5023.495086923658,12674.820403825717,2672.5269438029254
10555.432283677705,16050.346551422064,8522.225915113408,3304.2681222707424,2017.9610821072615,2691.0,5551.99880423642,7053.634250343878,4963.046047582502,11919.312012987013,2675.6808182169048
10332.682712741384,14904.012190500252,8367.235450653709,3276.0603829160527,1987.774068698597,2666.0094126506024,5195.961079493299,6772.139876241186,4949.5981849777945,11466.308377140918,2646.9560878243515
10191.356432858214,14130.01229453428,8456.369883546638,3298.952227432591,2042.7174528301887,2681.0183727034123,5042.466970387243,6657.848289029226,5077.450688289648,11360.68399347023,2613.348922326149
10237.295657067818,13457.750845546787,8806.881678539627,3437.914953534216,2151.682368775236,2796.175872093023,4912.1533203125,6683.511836494633,5262.661032351872,11396.079610982013,2625.4716981132074
10871.759887502198,13117.479953599652,9625.48052732213,3689.17451596023,2356.827882256746,2958.0988372093025,4830.87318335656,6911.385459729152,5783.189336414658,11768.852213868004,2784.5041984732825
11918.288017152387,13737.776123537153,10113.26697047375,4060.878738317757,2485.0058004640373,3182.07965152458,4911.113738518663,7327.483416140728,6250.178715761113,12621.976566757494,2981.1360081604894
12457.04647993944,16043.442898100586,10453.925720520048,4253.747228381375,2537.1842900302113,3277.269703326341,5179.795021961933,7929.573341599504,6324.750146972369,13662.270122783082,3122.038486005089
13068.528406234289,17569.08419738342,10790.406662586342,4327.557771515283,2543.441860465116,3378.7188039102934,5614.857142857143,8378.80629681648,6420.898197548666,14531.854124613106,3220.3314059646987
13613.509004674183,18603.317018341593,10833.513412622624,4332.116720604099,2501.6550151975684,3431.916502115656,5899.5212256623045,8653.71516233404,6436.689759036144,14891.11140600725,3232.414095583787
14178.524912788786,19707.33635399595,11243.60063285869,4326.649946178687,2530.887308124298,3518.1584864272004,6159.22296782065,8659.400510770598,6544.9803287902205,14846.574557436361,3272.525625744934
14881.304980938692,20324.095864223436,11378.665873081027,4350.452685421995,2547.03341997772,3574.246697222971,6352.883446444379,8574.991619175327,6589.026711185308,14638.420385494937,3295.9204578808335
15552.352362791251,21184.359198218262,11518.422092646582,4331.695661466125,2563.1290084777,3625.413527851459,6638.298060708263,8672.807506053268,6665.21507150715,14682.21300317625,3315.7908745247146
16001.963796194552,21865.6030180914,11548.851597805036,4355.807095814745,2569.178978316795,3686.54441260745,6801.903875119814,8687.35302498904,6742.647833763412,14633.577149893072,3296.825690770135
16631.040221606647,22260.505022485606,11856.757556724502,4419.082845188284,2608.4852092352094,3729.3040592290017,6989.4190628328015,8741.801369863013,6898.43531283139,14659.389462809917,3294.6249261665685
17098.33580273617,22812.314136125653,12430.271242319795,4461.104026845637,2750.766393442623,3625.375796178344,7236.418804515136,8842.132810822419,6939.325183700735,14748.908519776909,3188.1146031746034
17399.74786392825,23067.282789041317,12641.823797953022,4549.011532125206,2788.9101615074023,3679.1775970619096,7503.073793873248,8960.880221653879,7101.106446972669,15024.677850224727,3188.183439490446
17754.290052083335,23317.678359096313,12884.728922631959,4606.077079520032,2852.96875,3707.0683359415752,7795.506186057578,9220.534677917267,7223.016857547292,15522.153172334083,3244.15125
17037.097495917256,24078.29493918582,12737.838338704953,4703.856515665536,2808.7714190093707,3607.701267187921,7883.957814336075,9458.669065467268,7114.33224244011,15812.940535714286,3193.1399555696603
15976.73377190429,24697.017808270535,12403.977486635044,4636.444805194805,2720.501731301939,3458.621903153153,8153.52016404648,9615.817931576878,6786.324071526823,16204.229419624702,3151.311103917125
14968.718133748056,24194.98369773686,11463.39906255051,4427.0527771866355,2548.42282127031,3261.714796070259,7906.525194254768,9436.418429760353,6352.514491687509,16046.338190364277,2920.0122783083216
13689.84113997409,22936.020136131592,10789.580032931797,4122.357257509746,2406.0345368916796,3104.502512562814,7545.8968165489905,9015.121693121693,5948.491650913674,15449.240787450017,2882.089824561404
12109.345948041877,21374.5988258317,9818.272457099032,3784.6602306920763,2222.6392324093817,2914.19446320054,7075.692847682119,8431.399614556172,5487.1931389365345,14474.720284322759,2751.250463134494
11260.250860260177,19562.260536580725,9221.584610636766,3533.0890207715133,2128.2120125504257,2776.043245175125,6543.33893919793,7683.520958083833,5187.103592923582,13444.229911190054,2667.4716981132074
10589.43359024915,17531.885572669617,8789.0625,3370.5570088143304,2084.9314627414906,2689.005932517612,5894.638844301766,7344.464417016807,4985.470106626048,12339.984736391247,2633.8327430145614
10098.992639426253,15882.270372337285,8579.284153005465,3272.2422816818585,2024.8368121442127,2619.0,5482.743114498528,6922.7556333100065,4876.9548828125,11592.336391692384,2617.9531560142914
9817.10623174294,14635.903356481482,8507.3582395087,3230.0749477455956,2021.7615421227986,2604.0061633281975,5121.955874138894,6590.170533471258,4849.6493404213425,11142.37358326068,2567.57411957412
9839.710462287105,13862.95186874532,8515.336082474227,3275.8936484490396,2066.7455731593664,2625.0310701956273,4965.503563860528,6416.8342474101155,4956.422556971804,10934.698991881523,2582.3789126853376
10146.944270685244,13323.740999003841,8719.870601461495,3385.9608683233364,2156.6808415398386,2702.2170308967598,4811.115453639082,6447.5664484700865,5201.561913523459,10952.12250559284,2592.187604690117
10821.099150141643,13164.403020667727,9411.471962136022,3676.044198895028,2293.8131037379253,2853.115015974441,4778.931228634627,6558.437443744375,5650.124852170975,11278.837022834234,2715.0759641604986
11882.586113328012,13480.837517630465,9990.198481353325,4008.762671719564,2417.032962668785,3083.0630022500804,4788.125200320513,6960.4918055948,6089.098433660934,12031.969956731162,2884.14064697609
12406.641813755325,15595.395221717234,10344.896564394636,4190.743757030371,2489.206153846154,3175.278207109737,5112.894239674014,7549.58427697514,6275.744113727233,13038.369579920341,3029.0327976385697
13099.862236860949,17007.30753290395,10551.437544674767,4258.626980633803,2511.552691432904,3264.743162901308,5531.813917789527,8052.858394160584,6303.920751394188,13878.87066112793,3133.3007824726137
13723.898119122257,17804.638228711498,10642.45371024735,4238.157303370786,2478.620636747219,3308.949444769141,5859.556697719242,8372.732887762157,6327.55594456601,14340.226683676896,3122.4057608015028
14396.461478699988,18620.711427844235,10997.357282710478,4252.673232654848,2517.8448795180725,3383.1669515669514,6172.45120097294,8460.477347564438,6452.978350662299,14346.628256513026,3212.510321797207
15119.036697811654,19141.32850790514,11016.62143159678,4283.1887323943665,2507.064078401809,3446.2542609667503,6355.256183745583,8467.082325002828,6520.905397807141,14207.591178052715,3237.6356263142084
15792.307299312937,20020.552262677582,11282.501982488024,4269.4935994792795,2511.226436349981,3498.385270678758,6701.422546972861,8552.691337352087,6592.266777824094,14363.26208449212,3279.8298375184636
16376.666760833945,20562.586150416308,11444.9099788377,4297.818162255218,2519.2197678771995,3554.519038617337,6902.460460730163,8576.41895040497,6688.000546896364,14356.410105680317,3313.7038991498093
17161.65135889999,20901.268275245755,11789.977591920468,4413.315690376569,2574.695335276968,3618.2748553392953,6960.941176470588,8633.820862676057,6853.690657070505,14379.332083168838,3302.5457497048405
17611.87522945403,21394.46399477238,12301.498146607157,4383.383517887564,2685.8904013961605,3516.4167805411316,7128.422826652785,8725.05984114895,6872.635910560345,14451.867381637458,3227.1520578071004
17637.892050209204,21683.38706347841,12490.151790367006,4484.142708116002,2777.1072151045178,3607.200267379679,7248.438504048323,8830.769630110319,7039.4733306993285,14666.656879901484,3196.1829733163913
17793.899413200394,21885.178895405257,12850.245564486928,4567.243752560426,2873.0097975179624,3669.0790305584824,7442.496754867698,9095.266311723562,7211.241339343206,15169.940195407306,3286.3178150217254
17142.167685731292,22729.595222619435,12751.153564899452,4684.059235541325,2800.8383635144196,3566.7367847411447,7523.880597014925,9314.45669611128,7086.502429415627,15490.997510625379,3245.165364176305
16114.524795294661,23561.21929652191,12341.982598169025,4527.485987128918,2633.698395721925,3372.5849220103987,7784.8167382999045,9569.691798418973,6742.506777316736,16021.451444340066,3005.326537546721
14847.59244832569,23488.882957284546,11436.148877542752,4346.09124645274,2490.595704596835,3208.111213801602,7702.829964903788,9155.309504132232,6377.567455621302,16051.333979441997,2879.078975078975
13725.078498293515,22542.3283090355,10563.427670200648,3977.489590811199,2351.309476209516,3043.046951418324,7404.975819724016,8916.85028668507,5968.743106180666,15677.194216867469,2728.023598820059
12338.311514316338,21035.32436129374,9817.877861873225,3715.7338834450748,2219.9085884353744,2899.0030981067125,7016.786193029491,8323.232896983494,5590.821980635298,14574.934440049283,2642.0550038197093
11550.457074852266,19176.171066014434,9128.400715380685,3483.429674572532,2094.6267510167195,2773.009048136084,6493.977516681172,7689.54316724223,5290.001082055906,13543.154669464848,2562.0888625592415
10920.596737613398,16880.304955527317,8844.600614602099,3313.0835760046593,2048.452524316813,2727.0447319778186,5739.541948244602,7401.3600772698,5108.520794304983,12487.757356304313,2543.159808230124
10560.609427304804,15524.832841217234,8677.203167371732,3262.9294605809127,2038.2629612330686,2712.0629188384214,5337.442801140413,7014.4071243346525,5060.37485800833,11796.741783656576,2535.1155537784884
10458.225596926173,14385.907287792785,8654.726159230097,3250.868374032162,2063.2019408502774,2733.0235553919765,5103.920014950477,6798.808844306301,5158.37253808993,11474.434199497067,2511.214604462475
10870.760393776918,13818.550531914892,9204.904178674351,3400.9567690557456,2226.2050622050624,2849.0003512469266,4932.562984496124,6757.265734265735,5446.370683579986,11386.529471630905,2534.212620578778
11367.638173789886,13801.806239286938,10234.424758398527,3781.2151607963247,2424.4156508061346,3007.2209872507356,4931.226132607428,7066.971252566735,6074.531627687961,11787.029585798817,2595.0470268169456
12667.620559502664,14440.659556313993,11642.141633992158,4318.2578574590525,2681.936350777935,3258.744490768315,5079.577480700433,7726.05313283208,6810.824670824671,12810.910303030303,2777.051410210639
13884.570655803393,16638.531913691822,12791.795122304242,4786.484854445319,2898.7480519480523,3528.0,5613.611657065401,8586.164480322906,7398.206710228701,14394.989890198178,3013.7717775634846
14176.037282138645,19644.351890556718,13090.518801784576,4985.068552163327,2895.2341526520054,3628.689992078162,6199.424829674489,9277.71592775041,7478.4060493827155,15867.187560096154,3245.807405195581
14223.805786476403,22932.37346079067,12764.807703530785,4898.7767601602745,2801.8974874371856,3673.433507853403,6862.100664767331,9942.269194222728,7324.866962025317,17043.91975377107,3323.567575491058
14158.416836970137,23713.24721189591,12239.514468962358,4761.860776967068,2683.4766584766585,3635.122476089267,6992.009729441556,10120.524695377173,7144.430600808028,17273.074197241454,3306.1717352415026
14345.011140065146,23132.304935490476,12100.346694470189,4678.582194533762,2627.5263157894738,3627.86848436247,6908.930128639134,9923.17531663651,7094.953864353312,16953.34529523384,3289.1201562030637
14809.176426095177,22419.152711864408,11997.203396432187,4639.500506790999,2605.4879017695916,3668.8890063424947,6832.26149622512,9712.218655478584,7108.138062147634,16492.600264687266,3299.108181000899
15119.201036013814,22297.33089174687,11825.87833992095,4622.51606997559,2577.3971501644137,3686.9150893796004,6864.229738964056,9638.961432506887,6985.883491258508,16182.25382765296,3282.0871531966227
15679.875571386168,22425.203366177528,12118.174813332307,4659.718605119935,2611.6594750089894,3751.088917525773,6908.61613559322,9538.725029844807,7134.375277378933,15992.07889581478,3306.096947935368
16425.724626234132,22251.323478038597,12546.272344822495,4759.045329128892,2678.9594405594407,3845.161809045226,6870.469103805757,9416.65548166062,7324.818828611358,15674.13982204467,3269.2193800782425
17183.897810612598,22977.79708773806,13270.28717948718,4878.692634014655,2836.425749094501,3827.636618283677,7085.994187582563,9535.188654877806,7542.836018839861,15960.33309608541,3196.208128078818
17919.6686564092,23218.830131811606,14134.896775029141,5086.854605993341,2990.0435594275045,3974.1253346312974,7254.383831872099,9764.1822153189,7845.209246901811,16300.981838226762,3252.087948874011
18289.275149125468,24451.59191162562,14462.866256969082,5173.068884042166,3079.068944662836,4018.0498915401304,7628.0548095703125,10241.68894625242,7937.23656927427,17198.966708645894,3255.1096264804128
17462.30158898868,26223.36689533861,13980.927552429162,5166.613321167883,2948.494453248811,3814.8271384928717,8044.45388433568,10739.95869870221,7741.069341738393,18143.749236897926,3180.070093457944
16432.84563530278,27129.808543980376,13315.586168741356,5019.124270382225,2783.2911349899264,3584.5511703865,8329.569292568623,10846.696305953934,7330.20392458638,18567.643373981682,3079.032268473701
15109.709751268409,26279.474213703274,12499.266666666666,4696.463370332997,2585.8688880840277,3372.228704784131,8100.223808427355,10358.596224005838,6839.250034440005,17966.387717642123,3018.03335557038
13598.65055838963,24541.66367662087,11353.627996086743,4263.796878483835,2405.436938695822,3170.0799500312305,7679.942043102399,9658.111089380012,6289.143522693117,16859.726036595603,2822.001419446416
12148.463719701678,22381.350091331784,10460.227280810956,3907.982378854626,2227.9021186440677,2996.0083166999334,7070.513463324049,8907.122637502654,5827.770234986945,15594.768545454544,2718.044881305638
11239.007428040855,19943.875717284816,9859.613576033371,3622.4529052799153,2128.6021361815756,2858.0056140350875,6447.192324529403,8094.8264792032805,5511.9736614105,14220.299346492398,2635.111111111111
10570.237060414787,17705.821709519034,9436.927030519932,3444.147017642117,2042.3569101907865,2826.0227758007118,5702.253904951812,7646.316945345645,5311.428442519401,12971.38998382115,2607.1558239189717
10313.295846467643,16139.502961672475,9195.324792456699,3356.0023034840196,2006.234456573327,2816.0433070866143,5343.343249020306,7261.255282620179,5318.425378514779,12264.654528405095,2597.2453867294857
10263.768555690413,15076.555091090591,9097.876522644456,3328.9116279069767,2060.157943492358,2829.017406749556,5108.871871497945,6981.700096432015,5373.361185502589,11850.521513232667,2546.2504006410254
10736.435100222718,14371.25934441306,9396.131942344522,3467.876222408494,2233.1143958868893,2977.0,4959.549643339117,6970.198891966759,5718.4973154362415,11708.73992251257,2602.4034672970843
11620.614010764964,14261.630522888845,10429.713253882268,3860.295028728454,2438.3176654915787,3123.196974472108,4947.301181483634,7306.036016949152,6329.57491709376,12061.210788248514,2615.046664095642
12800.245215223289,15028.462923193532,11912.419319515056,4398.2185732927355,2687.9834273624824,3381.7181844297615,5173.618044000739,8017.104602005073,7095.872170439414,13126.16532466573,2781.0602066262913
13930.08268923241,17184.442400350414,13232.403022670025,4818.399687133359,2877.708864900229,3654.0229885057474,5614.611045231239,8816.230752429836,7611.143573437691,14599.209883874373,3028.7375160051215
14135.161334822309,20096.033519293353,13689.338909583474,4988.065144140772,2858.024614374795,3747.8027593254983,6213.3510654375095,9435.624722278328,7625.407609354174,15995.208740758406,3222.752558699579
13954.799906654222,23266.80239018346,13576.63871543265,4871.80667433832,2728.61,3744.4449011045467,6806.102146861753,10028.148190045249,7396.0551447549815,17142.897534881155,3299.4058701452714
13822.47831073332,23947.015713166144,13168.09918294849,4736.8848592944905,2610.541786743516,3674.144809461235,6952.058019563178,10057.407320726456,7189.510619010619,17241.275372604683,3279.145651519711
14006.936658221097,23248.37820434446,13020.750503162737,4646.435803969218,2562.4684287812042,3640.8066666666664,6891.0770587437255,9869.163140258497,7096.085642979115,16896.441191289257,3294.119976004799
14424.897406041788,22523.23412062421,13063.517169689583,4626.512398373984,2574.3997805413314,3672.8581616481774,6816.338880484115,9676.038118569328,7050.275525029719,16454.777483138296,3292.097355769231
14585.040885533304,22425.34699754383,13032.176326765426,4604.532666394447,2542.4866863905327,3648.8636363636365,6838.316742081448,9536.929409425333,7002.929845580405,16199.192650334076,3290.077062010837
15285.030656934307,22746.340421983154,13275.36487248133,4616.759861732411,2601.609245214879,3722.9994799791994,6865.660801963993,9473.667735149755,7038.700303790781,16122.043706190729,3286.0678528347403
16228.003936783249,22668.75261309474,13645.266439754934,4718.086429564872,2678.9594405594407,3810.0403860807724,6927.658734451055,9365.740658227849,7223.15575562701,15888.897023667225,3253.2204414877533
16978.48037719394,23585.24691407502,14435.181638002685,4857.770466421521,2842.4189944134077,3797.5440987400357,7111.220439300276,9522.19795086044,7432.485137338517,16173.971405133014,3163.101281650516
17939.94270592467,23845.28932122446,15232.788194863138,5070.810876020787,2972.9965571205007,3965.9701784404792,7432.636638147962,9722.160085795067,7761.694230769231,16607.545542690925,3192.0794044665013
18354.371717476606,25123.743796480376,15362.203335126413,5176.18442548557,3056.96098750381,4032.9846153846156,7866.303694056358,10136.82948622487,7909.917452830188,17496.48515064949,3203.192130341223
26715.597686948764,31826.634319081895,16393.96045229523,5975.093414292387,3095.7178636089316,4727.990454914704,12186.017517366356,10882.382272416155,9027.963403568909,18136.16299897646,3120.870737755735
24210.621250094933,31603.929498370577,15606.218327402135,5841.51260370134,2938.3775867558106,4334.531229162036,11894.719631949278,10793.766606358233,8632.087498679066,17984.29712163417,3031.8954415046223
22057.046314115974,30578.68869460356,14202.83167278448,5628.51445663011,2700.06273830156,3966.769004413928,11513.24233938715,10511.353202057831,7924.408335257447,17433.529512221154,2975.1461716937356
19686.69123730726,29018.534107910233,12712.60474337323,5215.94259059921,2489.657627118644,3630.5685115529286,10957.067340918667,10060.896590273896,7149.46086845139,16895.596202811914,2786.2758620689656
17229.761469873007,26243.084369605807,11403.701712497941,4803.123779773527,2267.1519302615193,3349.281735561419,9967.752041573869,9356.884310776943,6446.988595866001,15743.600570952776,2656.179259259259
15904.999765437165,23263.94279467303,10536.225624496374,4475.357217902921,2159.846590909091,3136.180904522613,9094.365017848037,8454.525444444444,6061.593707250342,14354.998104327364,2614.037965072134
14741.537778904667,20610.049008587743,9915.28260038241,4262.909171270719,2076.4842393787117,2987.1071782997024,8258.315054610966,8042.873708920188,5765.534913516976,13205.825314106225,2529.0251473477406
13989.803291850663,18670.29759180018,9392.83764062025,4110.420822799357,2047.4030612244899,2903.0767132628707,7626.65411419489,7577.620810405203,5542.532576010692,12365.645262513393,2466.0064672594985
13477.09872589292,17360.736105150216,9169.543424059839,4020.3280846063453,2058.298659269533,2898.087372013652,7186.586713468539,7255.828290766209,5502.801687763713,11931.90385534491,2439.026069246436
13207.21577973819,16462.752596039267,9363.095765207678,4096.111213872832,2165.237444933921,2973.1462686567165,6815.4015401540155,7197.43034792962,5743.185125303153,11624.129106250512,2448.0582524271845
13889.302129097669,16099.979295102943,10253.191495249515,4328.631027711106,2340.66031617349,3228.311057108141,6665.878045345726,7382.141804550155,6272.0290069557495,11817.74154491888,2589.1101791841406
15654.845107398567,16599.715512371484,11539.114480852102,4915.704214410565,2598.156,3592.6771397616467,6676.8073136427565,7843.3922618323395,7197.511588320021,12392.97574684324,2814.174729241877
18001.568303755674,19152.534873389606,13107.529633582355,5399.797715289982,2832.8082282680825,3994.1525054466233,7070.112653497064,8673.361251372118,7964.592588249091,13677.764517699423,2995.1640121992546
19575.54049954974,22532.53088265836,13642.180024660913,5644.560301507538,2876.945496083551,4251.935373372917,7970.330115375559,9565.632968765396,8219.08999320806,15231.473648439915,3076.1188281764316
20817.967146433042,25948.202023110982,13789.561221707118,5703.305098820794,2816.589966555184,4424.429078014185,9086.516162134429,10236.539343360235,8287.600494882467,16438.12719398222,3104.5841059602653
21881.55161537806,27255.861028124036,13728.457166392092,5741.678098078198,2798.548484848485,4563.221309703912,9740.337832663221,10356.664340101523,8494.842673125619,16634.54739923441,3141.89035232137
22540.369301979583,27482.866750965448,13991.85726789201,5799.316447368421,2798.435940660823,4697.256975036711,10139.012259194395,10341.142376579688,8673.777789769048,16483.099646965038,3175.4319526627223
23739.415209036004,27615.269688192195,14295.453443961544,5907.486447241045,2829.5787545787543,4811.377578109046,10345.10204821461,10309.054182249385,8857.151051019331,16349.746109228738,3213.3708630759247
25024.041369313112,28269.020403408336,14668.341602564102,5978.492903843087,2859.6098846787477,4900.480392156863,10882.353027175783,10280.787551487414,9032.791166735622,16257.41468769862,3201.419817470665
26319.133295758773,29207.156301330157,15465.328066351858,6099.845397815913,2926.1403396347323,5089.785125551083,11303.914907706316,10340.9081066327,9409.199326666007,16332.762474131985,3265.63779527559
27745.851627705917,29944.007789678675,16111.292706888582,6327.437378131093,3038.397534668721,5154.088784165881,11683.395339525945,10279.8466044298,9719.867118838365,16148.639053598417,3332.2938837920487
28744.818917535667,31750.20625350947,17024.87116498025,6573.740528128588,3139.7333333333336,5264.759296574464,12253.149733434882,10376.91113334546,10090.910554234499,16406.224441765684,3326.086011904762
29440.087158104365,32771.17087641485,17774.29143004646,6814.464457582841,3234.8856482818364,5289.4794421300485,12627.597954077128,10598.341995194447,10323.033079106066,16837.348153940682,3390.5077720207255
28591.183412261613,33917.238283594306,17557.587604041248,6859.4464624559505,3184.9425725168476,5151.54300575887,13235.355377094971,10924.021068019607,10088.08442962696,17540.98100826887,3309.228912158231
27034.967353020864,35367.79225792988,16794.471175470353,6718.213010380623,3090.7234814143244,4924.188546941956,13675.786343760512,11191.611818560134,9744.0526364909,18104.418161320078,3271.132586918091
24735.383850378505,34715.98112155488,16279.514379902239,6491.5405250322765,2934.445683338643,4539.679601357082,13297.873903129966,11089.0793491025,9243.037256061501,17992.784882522672,3180.9526123936816
22167.714499252615,33298.90179710466,15134.98769609351,6161.404639175258,2721.1035075653367,4124.9048964218455,12826.695621013401,10756.66117708243,8473.12398921833,17484.15333900468,3093.168525007964
19708.587893553224,31493.86223201175,13676.856080251126,5629.449891972744,2486.660633484163,3776.6449948400414,12169.045815377636,10323.496371552976,7644.0234449760765,16998.93092448991,2914.1787162162163
17535.415378916172,28404.712357792483,12183.575391016257,5142.519781221513,2273.975518672199,3482.405845980888,11089.614349775784,9575.34018600098,6870.333689411136,15907.93009297399,2767.0804433321414
15784.409917355373,25065.728568790397,11198.190508246382,4721.660362333267,2143.6435512367493,3258.220108695652,10111.258755928493,8663.685500488016,6380.705577172504,14588.19433901576,2650.053851907255
14645.970745697896,22079.102374448412,10447.994290375203,4402.959751659174,2054.4993077988,3132.181132075472,8666.965676284459,8183.2037805440295,5952.461157536366,13321.123930112471,2562.013986013986
13843.517448938184,19934.16227313022,9879.407161420733,4205.675190668461,2000.3839582344567,3000.1188281764316,8129.273267779556,7675.915268870252,5704.179063360882,12446.850269818347,2478.006436041834
13341.626126126126,18486.06212465304,9691.18445077059,4120.2516647531575,1999.3846153846152,3022.1578604044357,7418.105448596955,7310.891603847153,5633.476558644514,11957.134085312575,2477.0324649298595
13198.343463098712,17462.320017136128,9739.593192236418,4150.229418472064,2122.3558942178397,3103.198223913733,6963.871505376344,7232.504474861806,5826.426250398215,11721.404124046112,2497.0669837495043
14059.86316632197,17121.419755790397,10507.642863566867,4388.530273647921,2319.6745707277187,3340.4009958992383,6783.944775086505,7428.298973042362,6439.511664746544,11857.90270965667,2607.109428246876
15877.504761904762,17594.135150997758,11653.551283082617,4985.667944050584,2584.11265544989,3728.7601668404586,6778.254253700373,7904.495413951243,7418.007359472148,12370.170662144454,2887.1702427013715
18479.479577995477,20032.885158426594,13408.439102341415,5531.81067627875,2831.8091603053435,4201.327205882353,7175.083037241742,8763.545711183495,8229.53630082682,13704.039397932997,3093.03940084663
20181.06481694152,23433.5918106206,14158.351420847894,5845.675618831904,2861.0216393442624,4458.126711584438,8079.045713621031,9738.768970189702,8700.550565393642,15394.444471624265,3145.1042135734965
21513.973606911448,27113.64921718739,14415.999023501074,5946.495699267282,2843.623716462405,4655.546773176372,9329.89298561151,10409.793977098549,8942.166007905138,16569.42768326457,3230.4337769328267
22903.54777095948,28855.44505066251,14415.868506917255,6026.889695439482,2845.508783559828,4835.34187512711,10129.479966917846,10641.931098367886,9148.575680358781,16767.65869868752,3238.931629392971
23978.595044852627,29385.93249944016,14633.197570537952,6174.660441426146,2916.5617723156533,5013.414495592557,10696.072270227809,10700.518010894395,9491.769170271333,16638.25102950302,3317.284818067754
25235.049367695312,29864.629253524236,14915.643807122598,6330.757940689448,2955.7553360942975,5127.598587516702,11041.62570968562,10796.313404218232,9785.483947794608,16646.82180340819,3353.19083023544
26676.94117032757,30616.77863276801,15214.076048681041,6483.045808251358,2991.8972021376926,5200.699173243142,11546.036157276045,10911.15353413308,9914.864123285097,16629.599649658136,3350.153083359157
28567.281163928583,31665.75603368747,15873.093261805105,6718.53068438914,3121.3128004807695,5326.973866959064,12057.8812257564,10991.313404710922,10316.342432432433,16748.02467335838,3418.664560770156
29646.951430968584,32640.19762811634,16458.223233465236,6967.223823769377,3199.7955607476633,5355.33840028954,12589.642798781846,11046.322536651891,10588.740828298747,16660.109101155256,3477.2459783562444
31042.238593071677,34336.4465604991,17185.462197931738,7236.422204847537,3286.95680591077,5419.9225026661925,13187.911898016997,11153.389415749365,10978.867651998657,16912.642924764717,3444.1148105625716
31603.91772151899,35379.82193572496,17854.87651530717,7456.420913884007,3401.152895964864,5436.621345544206,13667.68245220113,11469.962487660416,11195.796958050534,17461.95055744062,3505.5388254940162
30887.01171921124,36312.47986217458,17673.785688283322,7471.251275668948,3367.324660946582,5369.738379341051,14292.751617494825,11826.777910210567,10919.836858760826,18237.25286293843,3429.187464867903
29362.587176218167,37750.03853404167,17052.595200778254,7303.121420389462,3229.2229593308334,5125.428704914969,14756.434693113772,12016.361492514157,10546.603623813633,18766.870931037894,3391.864038846044
26602.3773545921,37150.2717194064,16219.748888128635,6993.345887676338,3044.710518245937,4733.910069021518,14385.11248960798,11857.553330191644,9935.559926639156,18664.14993785732,3288.955026455026
23491.367503623333,35500.14966128192,14877.104371208805,6623.987027636774,2787.2228187919463,4376.116006198805,13707.65498489426,11480.334470989761,9066.24896683802,18079.840575983544,3163.1648488625738
20988.06966005541,33388.64375693673,13795.048031389528,6031.033953488372,2534.673945225759,4010.843265503876,13006.158629981563,10972.946024425655,8160.960434880072,17588.43811144194,2975.160317986088
18776.445079584093,29882.381507911883,12227.593090211132,5460.875536480687,2284.136850783182,3644.4296455424274,11666.314285714285,10094.556701989217,7245.041914651134,16411.46791398095,2781.102664298401
17188.247207382225,26320.131917291907,11277.17977434183,5015.978264942852,2148.8555116381203,3374.2796856810246,10537.832850750197,8987.97532671197,6718.397509578544,14937.762434061793,2663.1479837217908
15587.58234275133,22994.06386500343,10582.106746599857,4688.398393574297,2035.5646511627906,3239.2054086903677,9361.429591431972,8569.222393652193,6340.992005813953,13686.721893491123,2592.018802762855
14400.630033775007,20711.96339053095,9980.833872502379,4449.920305214074,1977.5545454545456,3177.1936783390147,8541.369768962511,7991.053810596184,6049.630235402018,12809.325238060088,2489.0143942423033
13934.298124117528,19105.72577651885,9755.484559181685,4315.478527607363,1984.2001920307248,3182.2090290661718,7857.388941736028,7607.096677491882,5920.795646727216,12232.502328108025,2462.0258272800643
13889.158278235056,17856.04151180443,9790.758727695888,4330.413808171292,2072.386978450252,3265.288848812744,7330.176928972917,7433.575509158447,6076.938339438339,11934.6110801116,2453.068172650262
14548.534735623312,17435.902811374508,10644.699076540579,4534.8509265042685,2302.5851546391755,3478.4063027574566,7085.19631495228,7545.418066961465,6628.89456020137,11952.127561189509,2582.0861408882083
16503.020223703537,17873.46799012657,11854.595015822784,5138.90103973264,2553.247506464721,3844.79271991911,7010.088302291304,7963.646115168203,7662.545577229787,12422.372458764863,2877.1708436286617
19199.059743268022,20273.078064486024,13182.772913719944,5758.011869436202,2809.889742733044,4275.238353686114,7388.970057581574,8872.671705800365,8578.121972412295,13829.156357388316,3036.056146179402
21541.866345988663,23961.919104991393,13724.833435561915,6103.12596719282,2895.9273434965944,4510.024531956101,8305.249405906981,9931.888087327954,9038.37037037037,15549.885702184305,3153.235237173282
23067.67217664093,27874.16244966443,13773.224043715847,6298.922025240385,2860.7240131578947,4640.486486486487,9695.391212383425,10725.970498117833,9340.107430617725,17004.600451840422,3217.5362041467306
24618.868688394577,29835.425192398303,13861.232156222359,6401.339071078795,2862.6073074391047,4745.299522920556,10534.326015756396,11036.273377010124,9512.142689141512,17333.194639576355,3264.9239543726235
26278.30143625301,30615.09672961769,14098.595693459944,6564.188405797101,2979.734429339235,4852.324412003244,11125.431833445266,11170.617101937658,9773.298978910201,17380.10156587473,3341.357855361596
27966.812232294054,31221.739659073766,14308.441936969537,6798.431328671329,3045.906703738029,4898.388287204172,11741.523263224983,11362.677796188898,10098.97757475083,17523.961905272183,3359.1886209029067
30025.4455021565,32145.141278217532,14561.911605065909,6929.7411264903385,3098.0349013657055,4917.440830173618,12485.821121173565,11521.538964755908,10228.765214227236,17630.62111602622,3349.1923076923076
31647.05285073671,33370.82204346599,15304.183581085214,7198.268010009219,3204.5994741454865,5005.749463833106,13188.17242355606,11677.803774497943,10575.979274611398,17891.03076923077,3385.614567526555
33089.65722764588,34363.48297680024,15872.045281248167,7407.95557824866,3283.895560614684,4986.066822520943,13661.071838295547,11791.933631499081,10834.47751367989,18101.368961759974,3428.430787589499
33998.60912613,36026.66638861373,16381.136690647483,7620.290900111125,3391.2299862448417,4994.6349237009845,14413.978228567737,11965.169730924012,11092.300822464069,18451.514842395187,3383.1168565585745
34737.51465148613,37012.92740763405,16897.428718672018,7834.2855779553865,3498.4352345415778,4988.365783410139,14738.470317909978,12291.680049128732,11268.325160347487,19049.785541574143,3418.527682648402
33669.21482442624,38019.84786795719,16572.658782473827,7837.237147595357,3443.5688023790212,4949.341784401006,15198.818927789935,12569.506990654207,10995.473514585572,19700.230162501186,3368.9655568312287
32191.050971629,39348.856492027335,15946.37188221709,7643.073822243808,3312.3915120854413,4716.035002035002,15359.569436965236,12755.281809544691,10587.956704750452,20145.975210800352,3297.196261682243
29647.64089775561,38571.911240903864,15346.93414943014,7325.093159030334,3154.84610831607,4346.3859649122805,15050.70538001708,12507.447025537935,10034.702506356702,19911.363577084303,3178.9531914893614
26489.248757077752,36819.416643641205,14212.915737619911,6955.786164365196,2920.525743524144,4057.4083135391925,14443.881720430109,12038.070205346765,9214.2158808933,19240.59986472123,3123.6306609547123
23793.71474815985,34627.29611169172,12799.66755722435,6398.656738209957,2669.7238832219487,3762.0210959608953,13654.58660196792,11467.492866929959,8442.26130326358,18621.85124294345,2959.0943396226417
21342.49078510078,31148.741491931876,11368.245998039856,5818.376972624798,2411.198124267292,3459.570583262891,12496.131413805831,10581.989691622259,7573.348975384989,17345.058263275514,2756.0558464223386
19296.671906450683,27518.751275553303,10384.709097446961,5319.3472271282235,2243.7811973018547,3277.3257553096023,11177.079549221082,9336.057915057914,6974.285393555203,15806.176153981161,2663.6123861566484
17985.299062532195,24358.60330831674,9826.951114922813,5000.6995481927715,2138.5950376606115,3113.2301862961795,10009.906128133705,8906.280688935281,6555.883537529926,14380.96129032258,2558.577010622155
17246.81012522169,21771.846682118634,9309.268019382193,4752.399722552517,2060.345639132441,2960.475625823452,9437.189838519102,8212.423365122617,6223.414503930001,13316.686752883606,2486.044418694477
16475.22653830997,19943.72728127056,8862.703715532843,4547.234624145786,2030.1288199341798,2878.392396469789,8736.73969538822,7645.915250091721,6032.878425968458,12568.793693291685,2433.7008343265793
15817.565306721457,18611.66141652784,8678.974177380693,4394.910105127655,1998.928092042186,2860.3948087431695,7846.826533047006,7366.3273189326555,5917.381838074399,12067.555003878975,2407.5227914481643
15464.68624040307,17618.889637832344,8949.931359069276,4400.7382535936495,2134.0336473755046,3002.7745161290322,7761.237779918131,7158.731962812622,6077.009612450412,11678.526091843289,2439.409109069117
16314.13074466872,17235.586972004603,9679.03605015674,4683.21897810219,2313.16170388751,3278.325657894737,7211.375520833333,7228.944429984383,6647.576576576576,11638.47960584767,2624.001526717557
18366.022583926755,18162.7318742869,10448.311515480716,5072.613428090518,2456.3084402956047,3635.0134283365305,7182.299054373522,7694.516069901014,7271.410686827267,12272.670108612514,2741.0293584632113
21113.87197918504,20155.196417600077,11160.568055321302,5393.429823024357,2619.4464285714284,3929.042730720607,7729.484059381844,8512.103599550055,7926.897696714603,13473.995104647038,2905.435337588176
24003.76252031891,22464.819395583436,11907.03501731193,5784.052356874898,2718.715085754288,4234.103133769879,8544.44103410341,9053.556605777401,8547.633167459975,14433.427071566217,3126.4509681449094
27067.05727866498,25048.3208505477,12454.181048054577,6104.402286420516,2828.040241448692,4483.149062844543,9639.2758050394,9548.02252614642,8991.755110426297,15244.815906667502,3240.6906474820144
29234.6931692696,27635.377680345275,13120.45413267116,6394.00765606596,2939.3788999678354,4721.333263903353,10719.022097999825,10086.63307786924,9611.673602454694,15982.54127512787,3316.9472303207
31638.772428438442,29790.293216144182,13543.754007398273,6700.488629983156,3027.472994068061,4917.478763708874,11761.534951995556,10532.973831438369,9950.826380538341,16554.005372963704,3405.988078342322
32833.270787240595,32363.579737991266,13543.686589619094,6936.03913337847,3126.779252110977,4997.550460513424,12915.711735061195,10930.86125813449,10174.78713408023,17003.332907525688,3394.7439931350114
33785.52411488194,34139.80004960181,13633.949898305085,7137.50801787592,3176.5036862282514,5044.6971340046475,13787.920301561659,11202.340043985789,10426.467700713845,17395.401116773282,3409.088335220838
34239.4909343745,35311.017540590896,13844.763624294723,7313.320537428023,3193.997955607477,4975.372228704784,14230.386286534447,11437.008934480476,10713.81077147016,17628.857600341587,3387.5907805429865
34458.013704076766,36486.33481614811,14197.527702615642,7420.10315762989,3219.302977739231,4837.700532649437,14548.302301855512,11520.572494929005,10956.582261566728,17723.5374731211,3343.6531196336578
34139.23150224215,37044.92626670028,14630.133980582523,7462.0553122262545,3260.1189931350114,4754.027616569942,14816.23736963717,11789.568273569224,10808.864271795306,18155.208067072235,3261.897359833877
33031.874758780395,37600.16294063882,14692.807300456278,7426.693214599272,3183.0773060029283,4649.75794220127,15139.908253522844,11952.52830922383,10550.462788486471,18647.339204207183,3226.1117418583804
31922.841018897056,37766.48810518555,14427.120783113322,7252.5684940300425,3072.8752655538697,4441.415824553859,15043.200061255742,12009.788758492898,10239.887454367376,18919.31288433382,3164.4016368596544
29298.344181397966,36938.1191361125,14108.390500457337,7030.232481123328,3006.1220730565096,4157.120082815735,14702.056933483653,11745.509155485399,9751.296237364284,18671.317516805062,3079.0891739674594
26910.142599216488,35733.93158017826,13237.171561804009,6744.306808746194,2828.054690089493,3939.235539215686,14288.103217071755,11409.756036094626,9043.95551511475,18198.7083608305,2955.1331380208335
24462.590201534065,33936.39936521834,12291.089364900414,6264.613057087495,2611.9042667622803,3675.012111637704,13560.193199591975,10956.177687695297,8260.937846222025,17774.906089394175,2849.3763440860216
22526.441046425938,31272.927869047267,10972.717150351129,5718.293577981652,2402.0930871956007,3399.6061300486967,12065.430951101558,10272.116825797155,7480.79193806071,16830.039984642386,2711.7549054584374
20873.225057593478,28209.4935770751,10054.697087738823,5258.34541882479,2250.8294834103317,3225.330902461258,11183.709573145461,9244.896620675865,7001.786549323526,15565.089073634204,2570.6646571213264
19298.206710893184,24657.584711447493,9476.566106719369,4939.63807890223,2123.5540178571428,3079.2500797448165,10150.560179257363,8855.625458739645,6640.5120055517,14231.38115394634,2498.852237654321
17879.064532916993,22128.224512205423,8966.055631220534,4672.297580645161,2056.348127600555,2912.5347593582887,9434.543343500934,8267.624394093113,6413.416020671835,13219.220760953653,2437.7328577090766
16930.78487154041,20238.2938344751,8542.633704889085,4472.128053917439,1979.1565510597302,2840.4209621993127,8228.745042170049,7691.186710398445,6289.465340742908,12463.105724561667,2380.715909090909
16203.137978772496,18897.22691581354,8397.812563323201,4330.684325267059,1990.0168188370976,2814.4247572815534,7836.4021296961,7422.1439030547845,6167.885471106465,12022.602491241727,2348.6917695473253
16026.520879376527,17791.596983328924,8591.666960449487,4296.601670696857,2061.068645640074,2938.7908432147565,7600.520448386302,7179.588319832767,6300.825870646766,11607.659723904093,2391.391765185487
16964.22670191672,17191.843278256572,9143.637872031526,4598.977667493797,2226.2050622050624,3212.3322147651006,7147.078379800106,7190.92046049189,6845.650592562321,11577.477187855171,2571.0035087719302
19031.125240277983,17894.20119867515,9825.765838628924,5003.609552691433,2390.298042349181,3546.013764044944,7034.865583456426,7679.707487154392,7397.41617480849,12190.568612351764,2714.0234432234433
21395.16956483747,19762.57081648373,10503.994266260526,5412.361285814116,2517.64501510574,3790.02624671916,7461.404174573056,8494.15415821501,7947.596415687188,13474.082488119724,2864.2498286497603
24177.22051163329,21934.896499371014,11114.235418071477,5815.970783963642,2660.849447021049,4055.070677427244,8423.554911361356,9069.550572519083,8576.037160706592,14463.454744380348,3049.7028316894684
25644.152450090744,24469.505969917816,11434.124714332354,6145.424186617556,2776.9733515544926,4280.1020360944,9675.048742746614,9690.202416320064,9037.061899897855,15357.847135740973,3187.8216347614707
28021.796662362172,27229.89317960828,11943.264231757652,6471.939446870451,2924.336675291074,4489.224906654953,10767.318079389843,10288.84153917478,9520.3588030215,16258.710009354538,3275.8936484490396
29470.163574034472,29496.457174852025,12328.351331027223,6747.562926829268,3036.7993176178657,4646.390743871513,11715.852686032631,10751.327208480565,9926.788038942976,16914.321250769142,3358.6947337962965
30557.606650298567,31808.24026627219,12449.119979172865,6992.045680505173,3117.843457237836,4753.436738906089,12683.318961724593,11237.161420977132,10196.435661432955,17517.91112907572,3371.720253529242
32030.760004609754,33393.60853541889,12975.334878414034,7210.557709824333,3200.7303534910898,4834.59004451639,13645.476388132825,11602.626674289448,10469.315156304883,18051.14540136836,3442.945474985947
32954.49308011473,34108.20465116279,13301.156649837472,7450.301784816491,3284.025298465037,4825.284109149277,14251.288264807454,11899.46144674086,10763.561279317697,18443.696439502142,3439.527049637479
33045.922004646534,34962.0228649547,13815.755536401008,7611.276864573111,3383.3055938275006,4690.465362673187,14643.174039802258,12051.951264938692,11035.351755041076,18657.344949646027,3379.9898477157362
32412.91364455457,35604.749017655995,14080.438017067292,7705.171113267039,3434.1805328983146,4562.760960334029,14946.268871137532,12406.909275711489,10959.5880876694,19189.153969022263,3315.1180919139033
31507.646815286622,36214.11339361184,13961.359384251036,7640.107726054106,3352.2758620689656,4452.545201371037,15301.738781180165,12605.800487336632,10728.277082801464,19785.621859355262,3277.4344262295085
30501.066170736096,36404.209050626465,13810.640981202507,7450.9342910680825,3295.210466760962,4310.132326820604,15270.221531216035,12613.964958775028,10437.575802641939,19990.46020153462,3219.0434652278177
28456.39131557708,35516.00941575378,13470.497533232836,7024.172390929585,3128.428870919437,3956.8746066327762,14950.195711116588,12365.662186514492,9929.61068631967,19807.13902495918,3221.9742128935536
26144.89163945363,34475.14412887957,12477.884689491626,6683.981762494779,2849.4760812581917,3548.270772498009,14248.55655319424,12152.755201958384,9126.582784102256,19270.415514592936,2923.145065789474
24308.644571255812,32409.4018018535,11540.4352468888,6167.194566037736,2614.156841729189,3308.907924743444,13529.874277947672,10998.919556881125,8332.748195143295,17817.25791926279,2810.99931459904
21793.078720162517,29672.243557589816,10327.710113574905,5670.051012012506,2352.5498007968126,3015.3749607781615,12608.41244340587,10172.030682760527,7444.735297728667,16726.626269389577,2657.8029807342787
19614.60835964375,26669.9414247837,9531.01324828263,5225.187801824361,2191.103907256333,2858.9691132514113,11409.106617052255,9015.046847408332,6899.687699256111,15182.468880688808,2537.6418480336006
18354.431392353923,22950.181211059982,9035.169334719334,4919.5005709935285,2091.6821880650996,2736.704347826087,10217.53907524932,8696.773493195074,6498.21882951654,13824.162927821078,2457.6306661411118
17358.59518459069,20770.307890222983,8597.813349408154,4691.928814237152,2003.5354442344046,2666.557382910261,9507.298567111804,8102.442041623067,6209.894674380656,12893.915616118924,2360.755928045789
16844.88158840772,19072.23700049334,8463.0875,4548.644921552436,2006.4302600472813,2676.3733476241514,8339.501907540396,7643.423328802669,6117.125433962264,12188.933952049498,2351.690916563913
16641.98873634071,17904.09705153225,8711.383589854759,4527.545341357128,2106.4145241317096,2769.4579020013803,7590.856841321083,7493.576631259484,6247.078561917443,11814.365361518136,2416.5209003215436
17378.51254557152,17486.219002220896,9519.66544988161,4754.8075859344135,2330.82257409663,3017.6853257432003,7396.126852324986,7557.228140703517,6902.3315937374555,11773.507853403142,2547.6090597639895
19315.477692307693,18030.351695137975,10666.310329785378,5280.504887151235,2620.2481988472623,3341.0589911655743,7419.272623138602,8028.36974789916,7813.022684310019,12332.636678466986,2769.0139082058413
21795.968995207193,19880.42812172088,11864.763168131954,5946.127886881382,2940.2497610704045,3669.739220242706,8413.518239272647,8962.455978835978,8727.866779089376,13767.51523488548,2892.3155452436195
23722.934745366765,23872.966298663567,12208.44148775325,6435.073054065807,3044.206163328197,3835.7269354439773,9484.617402368602,10355.436634812895,9294.435998813877,16142.137769393472,2991.4369398207427
25111.131669059978,27525.65768148942,11991.246118192352,6700.291922005571,3057.132985257985,3850.567620927937,10692.68002423403,11355.494965898019,9573.672460149799,17733.683705739022,2997.3111395646606
26557.21196503813,29119.80933667163,11873.121951219511,6844.323192360164,3062.0684258975148,3888.3998530852105,11456.40891081103,11805.703205629397,9762.747667954396,18445.454413965086,3007.189578005115
27420.937849491344,29599.229670157885,12140.328948374761,7050.415584415584,3137.0578537170263,3952.552694898941,12171.643003880392,11916.790870982766,10123.794825238312,18355.50813743219,3062.988027725268
28535.444872209642,30018.767578426825,12487.99197264754,7277.678906149698,3197.2388366627497,4060.778531337699,12734.368298537862,11980.900270793038,10409.656255514381,18328.885578910227,3108.973913043478
29828.04723776548,31082.448619609015,12568.379170357248,7470.111361079865,3250.3080034672057,4111.894991922455,13239.670868347339,12127.91221899373,10451.983225013175,18491.089241992704,3087.9461995620895
31172.216790648246,31998.912675157386,13136.321987315012,7698.834725753723,3373.6120066703725,4193.198057813912,13423.719280027692,12342.118217345558,10857.365394359062,18791.607256993953,3202.048809882495
32203.64531290056,32998.833839918945,13611.732827015663,7872.2291124260355,3458.153430578066,4190.631839675749,14032.510974481025,12551.331288343557,11086.8355893034,18992.052142613942,3264.605394312518
33243.80298491054,34833.36637380192,14494.715780794115,8068.703392754456,3593.588586251621,4225.116625862453,14515.137770403931,12499.692979813197,11415.842991698595,19014.325673143307,3345.694968553459
33346.09159200175,35952.11254362661,15102.908599866481,8310.875918912898,3677.097067745197,4239.401372592429,14863.50351040696,12789.657088263393,11722.008762406947,19556.70088944147,3477.9363336992315
32491.470947669368,37560.70022060828,15044.509068776628,8309.098307726565,3596.854888773926,4191.387732258787,15257.793646009164,13104.16487839771,11549.849669603524,20284.71840956102,3453.815439955728
31313.216731812612,39036.45028392217,14402.512843393459,8101.665790976585,3473.667559603536,4034.9384758797482,15536.266619435588,13325.757890307195,11119.38187913975,20826.267966275595,3324.6621582733815
29205.770066706333,38259.16179677279,13860.404306220094,7820.543223052294,3283.895560614684,3732.5117276166457,15202.382111861138,13056.930210940292,10434.05104712042,20595.361992786293,3222.4989592625634
26709.345077186965,36651.173224555976,12831.519634637514,7390.495224930887,3032.789910796678,3420.153125860644,14648.964153662968,12524.842262348902,9582.812054377793,19845.20663480461,3084.354898911353
24168.531325941676,34314.45342406333,11641.94377286464,6801.313781788351,2727.1604938271607,3156.8103345280765,13868.5645343056,11733.78712555768,8674.346263008514,18924.606133700894,2893.4834765366822
21635.56448661759,30826.51005981512,10471.80366352481,6216.201917315758,2456.508027522936,2905.297622924129,12810.09381509949,10679.380768893949,7675.962345090563,17433.113119751833,2710.821097647897
19878.8540040877,27257.41818057409,9666.058368018585,5731.177734375,2285.078762886598,2766.830642390931,11847.094264843021,9356.75624875025,7132.837170418006,15691.738969931528,2603.9615526802218
18763.610776967067,23616.58795782464,9092.174914763922,5351.17794091942,2171.782419495213,2657.6561604584526,10572.22765009176,8913.51430381083,6727.699658703072,14064.797291889006,2491.8545454545456
17816.170397750935,21319.947864376925,8666.867891703816,5038.440186046511,2103.568018018018,2600.5481861487724,9665.437901601612,8285.231154634479,6371.097628001157,13075.338636527249,2445.4870775347913
17387.72464698331,19629.377907813327,8557.068131625441,4848.957397366383,2072.386978450252,2613.404970760234,9041.366256410256,7753.337193709618,6275.334805003678,12412.581761484636,2420.4646302250803
17320.53493367703,18475.574729094256,8745.356479481641,4814.633841344275,2163.476733977173,2684.4571326929918,8265.760847514934,7576.467643009137,6390.385193753615,11999.123914759273,2449.5426080063417
17726.60282088926,17991.327486304257,9526.718679152293,4937.814511521615,2400.721058870012,2915.7415032679737,7840.895798519933,7618.138920064846,7019.379146919431,11981.118607785618,2585.660921693518
19140.148527342422,18519.117942412133,10807.203877638949,5409.500694444445,2704.3461270062808,3253.1606777680395,7650.282283753982,8133.207134502924,7810.950472813239,12499.280739107293,2761.97976979421
20983.43209060462,20181.27434294043,12014.535184188264,6036.156680600712,2964.225102750553,3613.779407911973,8032.260975893793,8975.396364020717,8780.93504452593,13843.253234750462,2976.088320931737
22276.66420419174,24194.644466546804,12354.143658390667,6533.025289327047,3064.370528890248,3759.883152858222,9020.594689534042,10316.346512461898,9410.713616398243,15983.928880678866,3015.4259847522235
23325.321298061648,27981.167974675198,12194.250228032837,6808.298957761931,3075.2975609756095,3795.504382669672,10324.104681462844,11302.273439412485,9662.837408429265,17566.177573029003,3058.0245979186375
24163.09544634979,29612.35667935359,11924.194675799798,6937.154696132597,3084.227563127472,3810.446580129805,11369.242503259453,11683.589573459716,9818.654513075266,18100.774677238995,3033.3767383059417
24941.251401626258,30246.815205072442,12005.509737248842,7101.231265639405,3167.089073634204,3902.5837798343887,12071.846366569365,11704.659819876759,10074.404327186416,18026.65268112976,3088.945903689806
26200.261290208677,30681.21966419604,12307.308775894538,7282.544801026957,3234.444766599014,3997.720123544785,12713.679214999634,11782.961166574954,10391.368942341704,17932.363055684335,3138.254517611026
27184.91305975228,31491.32217178565,12528.719221663214,7431.830001257387,3302.4992899744393,4065.8251225776326,13228.259030651609,11956.006820647963,10485.923730297724,18062.540224006545,3146.290076335878
28037.852849195115,32469.482286335173,13323.224944475292,7655.553984889105,3412.8200274348424,4120.198713530898,13737.201809465938,12152.165064836005,10773.110316649643,18315.905175022697,3227.1474626865675
29766.621325006956,33110.739887309726,14033.820428552648,7842.198265621288,3503.2324713409757,4133.567351598173,14115.469660114391,12293.47154165096,11086.752600297177,18415.97837648003,3245.530106257379
30631.00592353258,34284.91179570329,14966.733464349321,8021.484375,3600.8498708010334,4175.045055192611,14550.30549898167,12226.530448841328,11397.880175859313,18461.287181051135,3380.0363585118375
31114.77950538328,34633.74524581308,15614.432158150994,8192.608047016276,3747.1454094292803,4187.637888615523,14722.72007020183,12442.567114600635,11649.809691011236,18978.35668130025,3488.3553921568628
30635.144226475753,35767.21694827138,15511.375664187035,8176.850079203439,3661.0485017775522,4163.47669443819,15157.8832949169,12702.14361545267,11463.86000633814,19615.84807719732,3468.851831451391
