AZ_conventional_hydroelectric_1,CA_conventional_hydroelectric_1,CO_conventional_hydroelectric_1,ID_conventional_hydroelectric_1,MT_conventional_hydroelectric_1,NV_conventional_hydroelectric_1,OR_conventional_hydroelectric_1,UT_conventional_hydroelectric_1,WA_conventional_hydroelectric_1,WY_conventional_hydroelectric_1
0.28654879331588745,0.4509025812149048,0.11090045422315598,0.31759780645370483,0.490928590297699,0.17609496414661407,0.49907881021499634,0.28905224800109863,0.38454341888427734,0.11491438746452332
0.28654879331588745,0.4509025812149048,0.11090045422315598,0.31759780645370483,0.490928590297699,0.17609496414661407,0.49907881021499634,0.28905224800109863,0.38454341888427734,0.11491438746452332
0.28654879331588745,0.4509025812149048,0.11090045422315598,0.31759780645370483,0.490928590297699,0.17609496414661407,0.49907881021499634,0.28905224800109863,0.38454341888427734,0.11491438746452332
0.28654879331588745,0.4509025812149048,0.11090045422315598,0.31759780645370483,0.490928590297699,0.17609496414661407,0.49907881021499634,0.28905224800109863,0.38454341888427734,0.11491438746452332
0.28654879331588745,0.4509025812149048,0.11090045422315598,0.31759780645370483,0.490928590297699,0.17609496414661407,0.49907881021499634,0.28905224800109863,0.38454341888427734,0.11491438746452332
0.28654879331588745,0.4509025812149048,0.11090045422315598,0.31759780645370483,0.490928590297699,0.17609496414661407,0.49907881021499634,0.28905224800109863,0.38454341888427734,0.11491438746452332
0.28654879331588745,0.4509025812149048,0.11090045422315598,0.31759780645370483,0.490928590297699,0.17609496414661407,0.49907881021499634,0.28905224800109863,0.38454341888427734,0.11491438746452332
0.28654879331588745,0.4509025812149048,0.11090045422315598,0.31759780645370483,0.490928590297699,0.17609496414661407,0.49907881021499634,0.28905224800109863,0.38454341888427734,0.11491438746452332
0.28654879331588745,0.4509025812149048,0.11090045422315598,0.31759780645370483,0.490928590297699,0.17609496414661407,0.49907881021499634,0.28905224800109863,0.38454341888427734,0.11491438746452332
0.28654879331588745,0.4509025812149048,0.11090045422315598,0.31759780645370483,0.490928590297699,0.17609496414661407,0.49907881021499634,0.28905224800109863,0.38454341888427734,0.11491438746452332
0.28654879331588745,0.4509025812149048,0.11090045422315598,0.31759780645370483,0.490928590297699,0.17609496414661407,0.49907881021499634,0.28905224800109863,0.38454341888427734,0.11491438746452332
0.28654879331588745,0.4509025812149048,0.11090045422315598,0.31759780645370483,0.490928590297699,0.17609496414661407,0.49907881021499634,0.28905224800109863,0.38454341888427734,0.11491438746452332
0.28654879331588745,0.4509025812149048,0.11090045422315598,0.31759780645370483,0.490928590297699,0.17609496414661407,0.49907881021499634,0.28905224800109863,0.38454341888427734,0.11491438746452332
0.28654879331588745,0.4509025812149048,0.11090045422315598,0.31759780645370483,0.490928590297699,0.17609496414661407,0.49907881021499634,0.28905224800109863,0.38454341888427734,0.11491438746452332
0.28654879331588745,0.4509025812149048,0.11090045422315598,0.31759780645370483,0.490928590297699,0.17609496414661407,0.49907881021499634,0.28905224800109863,0.38454341888427734,0.11491438746452332
0.28654879331588745,0.4509025812149048,0.11090045422315598,0.31759780645370483,0.490928590297699,0.17609496414661407,0.49907881021499634,0.28905224800109863,0.38454341888427734,0.11491438746452332
0.28654879331588745,0.4509025812149048,0.11090045422315598,0.31759780645370483,0.490928590297699,0.17609496414661407,0.49907881021499634,0.28905224800109863,0.38454341888427734,0.11491438746452332
0.28654879331588745,0.4509025812149048,0.11090045422315598,0.31759780645370483,0.490928590297699,0.17609496414661407,0.49907881021499634,0.28905224800109863,0.38454341888427734,0.11491438746452332
0.28654879331588745,0.4509025812149048,0.11090045422315598,0.31759780645370483,0.490928590297699,0.17609496414661407,0.49907881021499634,0.28905224800109863,0.38454341888427734,0.11491438746452332
0.28654879331588745,0.4509025812149048,0.11090045422315598,0.31759780645370483,0.490928590297699,0.17609496414661407,0.49907881021499634,0.28905224800109863,0.38454341888427734,0.11491438746452332
0.28654879331588745,0.4509025812149048,0.11090045422315598,0.31759780645370483,0.490928590297699,0.17609496414661407,0.49907881021499634,0.28905224800109863,0.38454341888427734,0.11491438746452332
0.28654879331588745,0.4509025812149048,0.11090045422315598,0.31759780645370483,0.490928590297699,0.17609496414661407,0.49907881021499634,0.28905224800109863,0.38454341888427734,0.11491438746452332
0.28654879331588745,0.4509025812149048,0.11090045422315598,0.31759780645370483,0.490928590297699,0.17609496414661407,0.49907881021499634,0.28905224800109863,0.38454341888427734,0.11491438746452332
0.28654879331588745,0.4509025812149048,0.11090045422315598,0.31759780645370483,0.490928590297699,0.17609496414661407,0.49907881021499634,0.28905224800109863,0.38454341888427734,0.11491438746452332
0.28654879331588745,0.4509025812149048,0.11090045422315598,0.31759780645370483,0.490928590297699,0.17609496414661407,0.49907881021499634,0.28905224800109863,0.38454341888427734,0.11491438746452332
0.28654879331588745,0.4509025812149048,0.11090045422315598,0.31759780645370483,0.490928590297699,0.17609496414661407,0.49907881021499634,0.28905224800109863,0.38454341888427734,0.11491438746452332
0.28654879331588745,0.4509025812149048,0.11090045422315598,0.31759780645370483,0.490928590297699,0.17609496414661407,0.49907881021499634,0.28905224800109863,0.38454341888427734,0.11491438746452332
0.28654879331588745,0.4509025812149048,0.11090045422315598,0.31759780645370483,0.490928590297699,0.17609496414661407,0.49907881021499634,0.28905224800109863,0.38454341888427734,0.11491438746452332
0.28654879331588745,0.4509025812149048,0.11090045422315598,0.31759780645370483,0.490928590297699,0.17609496414661407,0.49907881021499634,0.28905224800109863,0.38454341888427734,0.11491438746452332
0.28654879331588745,0.4509025812149048,0.11090045422315598,0.31759780645370483,0.490928590297699,0.17609496414661407,0.49907881021499634,0.28905224800109863,0.38454341888427734,0.11491438746452332
0.28654879331588745,0.4509025812149048,0.11090045422315598,0.31759780645370483,0.490928590297699,0.17609496414661407,0.49907881021499634,0.28905224800109863,0.38454341888427734,0.11491438746452332
0.28654879331588745,0.4509025812149048,0.11090045422315598,0.31759780645370483,0.490928590297699,0.17609496414661407,0.49907881021499634,0.28905224800109863,0.38454341888427734,0.11491438746452332
0.28654879331588745,0.4509025812149048,0.11090045422315598,0.31759780645370483,0.490928590297699,0.17609496414661407,0.49907881021499634,0.28905224800109863,0.38454341888427734,0.11491438746452332
0.28654879331588745,0.4509025812149048,0.11090045422315598,0.31759780645370483,0.490928590297699,0.17609496414661407,0.49907881021499634,0.28905224800109863,0.38454341888427734,0.11491438746452332
0.28654879331588745,0.4509025812149048,0.11090045422315598,0.31759780645370483,0.490928590297699,0.17609496414661407,0.49907881021499634,0.28905224800109863,0.38454341888427734,0.11491438746452332
0.28654879331588745,0.4509025812149048,0.11090045422315598,0.31759780645370483,0.490928590297699,0.17609496414661407,0.49907881021499634,0.28905224800109863,0.38454341888427734,0.11491438746452332
0.28654879331588745,0.4509025812149048,0.11090045422315598,0.31759780645370483,0.490928590297699,0.17609496414661407,0.49907881021499634,0.28905224800109863,0.38454341888427734,0.11491438746452332
0.28654879331588745,0.4509025812149048,0.11090045422315598,0.31759780645370483,0.490928590297699,0.17609496414661407,0.49907881021499634,0.28905224800109863,0.38454341888427734,0.11491438746452332
0.28654879331588745,0.4509025812149048,0.11090045422315598,0.31759780645370483,0.490928590297699,0.17609496414661407,0.49907881021499634,0.28905224800109863,0.38454341888427734,0.11491438746452332
0.28654879331588745,0.4509025812149048,0.11090045422315598,0.31759780645370483,0.490928590297699,0.17609496414661407,0.49907881021499634,0.28905224800109863,0.38454341888427734,0.11491438746452332
0.28654879331588745,0.4509025812149048,0.11090045422315598,0.31759780645370483,0.490928590297699,0.17609496414661407,0.49907881021499634,0.28905224800109863,0.38454341888427734,0.11491438746452332
0.28654879331588745,0.4509025812149048,0.11090045422315598,0.31759780645370483,0.490928590297699,0.17609496414661407,0.49907881021499634,0.28905224800109863,0.38454341888427734,0.11491438746452332
0.28654879331588745,0.4509025812149048,0.11090045422315598,0.31759780645370483,0.490928590297699,0.17609496414661407,0.49907881021499634,0.28905224800109863,0.38454341888427734,0.11491438746452332
0.28654879331588745,0.4509025812149048,0.11090045422315598,0.31759780645370483,0.490928590297699,0.17609496414661407,0.49907881021499634,0.28905224800109863,0.38454341888427734,0.11491438746452332
0.28654879331588745,0.4509025812149048,0.11090045422315598,0.31759780645370483,0.490928590297699,0.17609496414661407,0.49907881021499634,0.28905224800109863,0.38454341888427734,0.11491438746452332
0.28654879331588745,0.4509025812149048,0.11090045422315598,0.31759780645370483,0.490928590297699,0.17609496414661407,0.49907881021499634,0.28905224800109863,0.38454341888427734,0.11491438746452332
0.28654879331588745,0.4509025812149048,0.11090045422315598,0.31759780645370483,0.490928590297699,0.17609496414661407,0.49907881021499634,0.28905224800109863,0.38454341888427734,0.11491438746452332
0.28654879331588745,0.4509025812149048,0.11090045422315598,0.31759780645370483,0.490928590297699,0.17609496414661407,0.49907881021499634,0.28905224800109863,0.38454341888427734,0.11491438746452332
0.28654879331588745,0.4509025812149048,0.11090045422315598,0.31759780645370483,0.490928590297699,0.17609496414661407,0.49907881021499634,0.28905224800109863,0.38454341888427734,0.11491438746452332
0.28654879331588745,0.4509025812149048,0.11090045422315598,0.31759780645370483,0.490928590297699,0.17609496414661407,0.49907881021499634,0.28905224800109863,0.38454341888427734,0.11491438746452332
0.28654879331588745,0.4509025812149048,0.11090045422315598,0.31759780645370483,0.490928590297699,0.17609496414661407,0.49907881021499634,0.28905224800109863,0.38454341888427734,0.11491438746452332
0.28654879331588745,0.4509025812149048,0.11090045422315598,0.31759780645370483,0.490928590297699,0.17609496414661407,0.49907881021499634,0.28905224800109863,0.38454341888427734,0.11491438746452332
0.28654879331588745,0.4509025812149048,0.11090045422315598,0.31759780645370483,0.490928590297699,0.17609496414661407,0.49907881021499634,0.28905224800109863,0.38454341888427734,0.11491438746452332
0.28654879331588745,0.4509025812149048,0.11090045422315598,0.31759780645370483,0.490928590297699,0.17609496414661407,0.49907881021499634,0.28905224800109863,0.38454341888427734,0.11491438746452332
0.28654879331588745,0.4509025812149048,0.11090045422315598,0.31759780645370483,0.490928590297699,0.17609496414661407,0.49907881021499634,0.28905224800109863,0.38454341888427734,0.11491438746452332
0.28654879331588745,0.4509025812149048,0.11090045422315598,0.31759780645370483,0.490928590297699,0.17609496414661407,0.49907881021499634,0.28905224800109863,0.38454341888427734,0.11491438746452332
0.28654879331588745,0.4509025812149048,0.11090045422315598,0.31759780645370483,0.490928590297699,0.17609496414661407,0.49907881021499634,0.28905224800109863,0.38454341888427734,0.11491438746452332
0.28654879331588745,0.4509025812149048,0.11090045422315598,0.31759780645370483,0.490928590297699,0.17609496414661407,0.49907881021499634,0.28905224800109863,0.38454341888427734,0.11491438746452332
0.28654879331588745,0.4509025812149048,0.11090045422315598,0.31759780645370483,0.490928590297699,0.17609496414661407,0.49907881021499634,0.28905224800109863,0.38454341888427734,0.11491438746452332
0.28654879331588745,0.4509025812149048,0.11090045422315598,0.31759780645370483,0.490928590297699,0.17609496414661407,0.49907881021499634,0.28905224800109863,0.38454341888427734,0.11491438746452332
0.28654879331588745,0.4509025812149048,0.11090045422315598,0.31759780645370483,0.490928590297699,0.17609496414661407,0.49907881021499634,0.28905224800109863,0.38454341888427734,0.11491438746452332
0.28654879331588745,0.4509025812149048,0.11090045422315598,0.31759780645370483,0.490928590297699,0.17609496414661407,0.49907881021499634,0.28905224800109863,0.38454341888427734,0.11491438746452332
0.28654879331588745,0.4509025812149048,0.11090045422315598,0.31759780645370483,0.490928590297699,0.17609496414661407,0.49907881021499634,0.28905224800109863,0.38454341888427734,0.11491438746452332
0.28654879331588745,0.4509025812149048,0.11090045422315598,0.31759780645370483,0.490928590297699,0.17609496414661407,0.49907881021499634,0.28905224800109863,0.38454341888427734,0.11491438746452332
0.28654879331588745,0.4509025812149048,0.11090045422315598,0.31759780645370483,0.490928590297699,0.17609496414661407,0.49907881021499634,0.28905224800109863,0.38454341888427734,0.11491438746452332
0.28654879331588745,0.4509025812149048,0.11090045422315598,0.31759780645370483,0.490928590297699,0.17609496414661407,0.49907881021499634,0.28905224800109863,0.38454341888427734,0.11491438746452332
0.28654879331588745,0.4509025812149048,0.11090045422315598,0.31759780645370483,0.490928590297699,0.17609496414661407,0.49907881021499634,0.28905224800109863,0.38454341888427734,0.11491438746452332
0.28654879331588745,0.4509025812149048,0.11090045422315598,0.31759780645370483,0.490928590297699,0.17609496414661407,0.49907881021499634,0.28905224800109863,0.38454341888427734,0.11491438746452332
0.28654879331588745,0.4509025812149048,0.11090045422315598,0.31759780645370483,0.490928590297699,0.17609496414661407,0.49907881021499634,0.28905224800109863,0.38454341888427734,0.11491438746452332
0.28654879331588745,0.4509025812149048,0.11090045422315598,0.31759780645370483,0.490928590297699,0.17609496414661407,0.49907881021499634,0.28905224800109863,0.38454341888427734,0.11491438746452332
0.28654879331588745,0.4509025812149048,0.11090045422315598,0.31759780645370483,0.490928590297699,0.17609496414661407,0.49907881021499634,0.28905224800109863,0.38454341888427734,0.11491438746452332
0.28654879331588745,0.4509025812149048,0.11090045422315598,0.31759780645370483,0.490928590297699,0.17609496414661407,0.49907881021499634,0.28905224800109863,0.38454341888427734,0.11491438746452332
0.28654879331588745,0.4509025812149048,0.11090045422315598,0.31759780645370483,0.490928590297699,0.17609496414661407,0.49907881021499634,0.28905224800109863,0.38454341888427734,0.11491438746452332
0.28654879331588745,0.4509025812149048,0.11090045422315598,0.31759780645370483,0.490928590297699,0.17609496414661407,0.49907881021499634,0.28905224800109863,0.38454341888427734,0.11491438746452332
0.28654879331588745,0.4509025812149048,0.11090045422315598,0.31759780645370483,0.490928590297699,0.17609496414661407,0.49907881021499634,0.28905224800109863,0.38454341888427734,0.11491438746452332
0.28654879331588745,0.4509025812149048,0.11090045422315598,0.31759780645370483,0.490928590297699,0.17609496414661407,0.49907881021499634,0.28905224800109863,0.38454341888427734,0.11491438746452332
0.28654879331588745,0.4509025812149048,0.11090045422315598,0.31759780645370483,0.490928590297699,0.17609496414661407,0.49907881021499634,0.28905224800109863,0.38454341888427734,0.11491438746452332
0.28654879331588745,0.4509025812149048,0.11090045422315598,0.31759780645370483,0.490928590297699,0.17609496414661407,0.49907881021499634,0.28905224800109863,0.38454341888427734,0.11491438746452332
0.28654879331588745,0.4509025812149048,0.11090045422315598,0.31759780645370483,0.490928590297699,0.17609496414661407,0.49907881021499634,0.28905224800109863,0.38454341888427734,0.11491438746452332
0.28654879331588745,0.4509025812149048,0.11090045422315598,0.31759780645370483,0.490928590297699,0.17609496414661407,0.49907881021499634,0.28905224800109863,0.38454341888427734,0.11491438746452332
0.28654879331588745,0.4509025812149048,0.11090045422315598,0.31759780645370483,0.490928590297699,0.17609496414661407,0.49907881021499634,0.28905224800109863,0.38454341888427734,0.11491438746452332
0.28654879331588745,0.4509025812149048,0.11090045422315598,0.31759780645370483,0.490928590297699,0.17609496414661407,0.49907881021499634,0.28905224800109863,0.38454341888427734,0.11491438746452332
0.28654879331588745,0.4509025812149048,0.11090045422315598,0.31759780645370483,0.490928590297699,0.17609496414661407,0.49907881021499634,0.28905224800109863,0.38454341888427734,0.11491438746452332
0.28654879331588745,0.4509025812149048,0.11090045422315598,0.31759780645370483,0.490928590297699,0.17609496414661407,0.49907881021499634,0.28905224800109863,0.38454341888427734,0.11491438746452332
0.28654879331588745,0.4509025812149048,0.11090045422315598,0.31759780645370483,0.490928590297699,0.17609496414661407,0.49907881021499634,0.28905224800109863,0.38454341888427734,0.11491438746452332
0.28654879331588745,0.4509025812149048,0.11090045422315598,0.31759780645370483,0.490928590297699,0.17609496414661407,0.49907881021499634,0.28905224800109863,0.38454341888427734,0.11491438746452332
0.28654879331588745,0.4509025812149048,0.11090045422315598,0.31759780645370483,0.490928590297699,0.17609496414661407,0.49907881021499634,0.28905224800109863,0.38454341888427734,0.11491438746452332
0.28654879331588745,0.4509025812149048,0.11090045422315598,0.31759780645370483,0.490928590297699,0.17609496414661407,0.49907881021499634,0.28905224800109863,0.38454341888427734,0.11491438746452332
0.28654879331588745,0.4509025812149048,0.11090045422315598,0.31759780645370483,0.490928590297699,0.17609496414661407,0.49907881021499634,0.28905224800109863,0.38454341888427734,0.11491438746452332
0.28654879331588745,0.4509025812149048,0.11090045422315598,0.31759780645370483,0.490928590297699,0.17609496414661407,0.49907881021499634,0.28905224800109863,0.38454341888427734,0.11491438746452332
0.28654879331588745,0.4509025812149048,0.11090045422315598,0.31759780645370483,0.490928590297699,0.17609496414661407,0.49907881021499634,0.28905224800109863,0.38454341888427734,0.11491438746452332
0.28654879331588745,0.4509025812149048,0.11090045422315598,0.31759780645370483,0.490928590297699,0.17609496414661407,0.49907881021499634,0.28905224800109863,0.38454341888427734,0.11491438746452332
0.28654879331588745,0.4509025812149048,0.11090045422315598,0.31759780645370483,0.490928590297699,0.17609496414661407,0.49907881021499634,0.28905224800109863,0.38454341888427734,0.11491438746452332
0.28654879331588745,0.4509025812149048,0.11090045422315598,0.31759780645370483,0.490928590297699,0.17609496414661407,0.49907881021499634,0.28905224800109863,0.38454341888427734,0.11491438746452332
0.28654879331588745,0.4509025812149048,0.11090045422315598,0.31759780645370483,0.490928590297699,0.17609496414661407,0.49907881021499634,0.28905224800109863,0.38454341888427734,0.11491438746452332
0.28654879331588745,0.4509025812149048,0.11090045422315598,0.31759780645370483,0.490928590297699,0.17609496414661407,0.49907881021499634,0.28905224800109863,0.38454341888427734,0.11491438746452332
0.28654879331588745,0.4509025812149048,0.11090045422315598,0.31759780645370483,0.490928590297699,0.17609496414661407,0.49907881021499634,0.28905224800109863,0.38454341888427734,0.11491438746452332
0.28654879331588745,0.4509025812149048,0.11090045422315598,0.31759780645370483,0.490928590297699,0.17609496414661407,0.49907881021499634,0.28905224800109863,0.38454341888427734,0.11491438746452332
0.28654879331588745,0.4509025812149048,0.11090045422315598,0.31759780645370483,0.490928590297699,0.17609496414661407,0.49907881021499634,0.28905224800109863,0.38454341888427734,0.11491438746452332
0.28654879331588745,0.4509025812149048,0.11090045422315598,0.31759780645370483,0.490928590297699,0.17609496414661407,0.49907881021499634,0.28905224800109863,0.38454341888427734,0.11491438746452332
0.28654879331588745,0.4509025812149048,0.11090045422315598,0.31759780645370483,0.490928590297699,0.17609496414661407,0.49907881021499634,0.28905224800109863,0.38454341888427734,0.11491438746452332
0.28654879331588745,0.4509025812149048,0.11090045422315598,0.31759780645370483,0.490928590297699,0.17609496414661407,0.49907881021499634,0.28905224800109863,0.38454341888427734,0.11491438746452332
0.28654879331588745,0.4509025812149048,0.11090045422315598,0.31759780645370483,0.490928590297699,0.17609496414661407,0.49907881021499634,0.28905224800109863,0.38454341888427734,0.11491438746452332
0.28654879331588745,0.4509025812149048,0.11090045422315598,0.31759780645370483,0.490928590297699,0.17609496414661407,0.49907881021499634,0.28905224800109863,0.38454341888427734,0.11491438746452332
0.28654879331588745,0.4509025812149048,0.11090045422315598,0.31759780645370483,0.490928590297699,0.17609496414661407,0.49907881021499634,0.28905224800109863,0.38454341888427734,0.11491438746452332
0.28654879331588745,0.4509025812149048,0.11090045422315598,0.31759780645370483,0.490928590297699,0.17609496414661407,0.49907881021499634,0.28905224800109863,0.38454341888427734,0.11491438746452332
0.28654879331588745,0.4509025812149048,0.11090045422315598,0.31759780645370483,0.490928590297699,0.17609496414661407,0.49907881021499634,0.28905224800109863,0.38454341888427734,0.11491438746452332
0.28654879331588745,0.4509025812149048,0.11090045422315598,0.31759780645370483,0.490928590297699,0.17609496414661407,0.49907881021499634,0.28905224800109863,0.38454341888427734,0.11491438746452332
0.28654879331588745,0.4509025812149048,0.11090045422315598,0.31759780645370483,0.490928590297699,0.17609496414661407,0.49907881021499634,0.28905224800109863,0.38454341888427734,0.11491438746452332
0.28654879331588745,0.4509025812149048,0.11090045422315598,0.31759780645370483,0.490928590297699,0.17609496414661407,0.49907881021499634,0.28905224800109863,0.38454341888427734,0.11491438746452332
0.28654879331588745,0.4509025812149048,0.11090045422315598,0.31759780645370483,0.490928590297699,0.17609496414661407,0.49907881021499634,0.28905224800109863,0.38454341888427734,0.11491438746452332
0.28654879331588745,0.4509025812149048,0.11090045422315598,0.31759780645370483,0.490928590297699,0.17609496414661407,0.49907881021499634,0.28905224800109863,0.38454341888427734,0.11491438746452332
0.28654879331588745,0.4509025812149048,0.11090045422315598,0.31759780645370483,0.490928590297699,0.17609496414661407,0.49907881021499634,0.28905224800109863,0.38454341888427734,0.11491438746452332
0.28654879331588745,0.4509025812149048,0.11090045422315598,0.31759780645370483,0.490928590297699,0.17609496414661407,0.49907881021499634,0.28905224800109863,0.38454341888427734,0.11491438746452332
0.28654879331588745,0.4509025812149048,0.11090045422315598,0.31759780645370483,0.490928590297699,0.17609496414661407,0.49907881021499634,0.28905224800109863,0.38454341888427734,0.11491438746452332
0.28654879331588745,0.4509025812149048,0.11090045422315598,0.31759780645370483,0.490928590297699,0.17609496414661407,0.49907881021499634,0.28905224800109863,0.38454341888427734,0.11491438746452332
0.28654879331588745,0.4509025812149048,0.11090045422315598,0.31759780645370483,0.490928590297699,0.17609496414661407,0.49907881021499634,0.28905224800109863,0.38454341888427734,0.11491438746452332
0.28654879331588745,0.4509025812149048,0.11090045422315598,0.31759780645370483,0.490928590297699,0.17609496414661407,0.49907881021499634,0.28905224800109863,0.38454341888427734,0.11491438746452332
0.28654879331588745,0.4509025812149048,0.11090045422315598,0.31759780645370483,0.490928590297699,0.17609496414661407,0.49907881021499634,0.28905224800109863,0.38454341888427734,0.11491438746452332
0.28654879331588745,0.4509025812149048,0.11090045422315598,0.31759780645370483,0.490928590297699,0.17609496414661407,0.49907881021499634,0.28905224800109863,0.38454341888427734,0.11491438746452332
0.28654879331588745,0.4509025812149048,0.11090045422315598,0.31759780645370483,0.490928590297699,0.17609496414661407,0.49907881021499634,0.28905224800109863,0.38454341888427734,0.11491438746452332
0.28654879331588745,0.4509025812149048,0.11090045422315598,0.31759780645370483,0.490928590297699,0.17609496414661407,0.49907881021499634,0.28905224800109863,0.38454341888427734,0.11491438746452332
0.28654879331588745,0.4509025812149048,0.11090045422315598,0.31759780645370483,0.490928590297699,0.17609496414661407,0.49907881021499634,0.28905224800109863,0.38454341888427734,0.11491438746452332
0.28654879331588745,0.4509025812149048,0.11090045422315598,0.31759780645370483,0.490928590297699,0.17609496414661407,0.49907881021499634,0.28905224800109863,0.38454341888427734,0.11491438746452332
0.28654879331588745,0.4509025812149048,0.11090045422315598,0.31759780645370483,0.490928590297699,0.17609496414661407,0.49907881021499634,0.28905224800109863,0.38454341888427734,0.11491438746452332
0.28654879331588745,0.4509025812149048,0.11090045422315598,0.31759780645370483,0.490928590297699,0.17609496414661407,0.49907881021499634,0.28905224800109863,0.38454341888427734,0.11491438746452332
0.28654879331588745,0.4509025812149048,0.11090045422315598,0.31759780645370483,0.490928590297699,0.17609496414661407,0.49907881021499634,0.28905224800109863,0.38454341888427734,0.11491438746452332
0.28654879331588745,0.4509025812149048,0.11090045422315598,0.31759780645370483,0.490928590297699,0.17609496414661407,0.49907881021499634,0.28905224800109863,0.38454341888427734,0.11491438746452332
0.28654879331588745,0.4509025812149048,0.11090045422315598,0.31759780645370483,0.490928590297699,0.17609496414661407,0.49907881021499634,0.28905224800109863,0.38454341888427734,0.11491438746452332
0.28654879331588745,0.4509025812149048,0.11090045422315598,0.31759780645370483,0.490928590297699,0.17609496414661407,0.49907881021499634,0.28905224800109863,0.38454341888427734,0.11491438746452332
0.28654879331588745,0.4509025812149048,0.11090045422315598,0.31759780645370483,0.490928590297699,0.17609496414661407,0.49907881021499634,0.28905224800109863,0.38454341888427734,0.11491438746452332
0.28654879331588745,0.4509025812149048,0.11090045422315598,0.31759780645370483,0.490928590297699,0.17609496414661407,0.49907881021499634,0.28905224800109863,0.38454341888427734,0.11491438746452332
0.28654879331588745,0.4509025812149048,0.11090045422315598,0.31759780645370483,0.490928590297699,0.17609496414661407,0.49907881021499634,0.28905224800109863,0.38454341888427734,0.11491438746452332
0.28654879331588745,0.4509025812149048,0.11090045422315598,0.31759780645370483,0.490928590297699,0.17609496414661407,0.49907881021499634,0.28905224800109863,0.38454341888427734,0.11491438746452332
0.28654879331588745,0.4509025812149048,0.11090045422315598,0.31759780645370483,0.490928590297699,0.17609496414661407,0.49907881021499634,0.28905224800109863,0.38454341888427734,0.11491438746452332
0.28654879331588745,0.4509025812149048,0.11090045422315598,0.31759780645370483,0.490928590297699,0.17609496414661407,0.49907881021499634,0.28905224800109863,0.38454341888427734,0.11491438746452332
0.28654879331588745,0.4509025812149048,0.11090045422315598,0.31759780645370483,0.490928590297699,0.17609496414661407,0.49907881021499634,0.28905224800109863,0.38454341888427734,0.11491438746452332
0.28654879331588745,0.4509025812149048,0.11090045422315598,0.31759780645370483,0.490928590297699,0.17609496414661407,0.49907881021499634,0.28905224800109863,0.38454341888427734,0.11491438746452332
0.28654879331588745,0.4509025812149048,0.11090045422315598,0.31759780645370483,0.490928590297699,0.17609496414661407,0.49907881021499634,0.28905224800109863,0.38454341888427734,0.11491438746452332
0.28654879331588745,0.4509025812149048,0.11090045422315598,0.31759780645370483,0.490928590297699,0.17609496414661407,0.49907881021499634,0.28905224800109863,0.38454341888427734,0.11491438746452332
0.28654879331588745,0.4509025812149048,0.11090045422315598,0.31759780645370483,0.490928590297699,0.17609496414661407,0.49907881021499634,0.28905224800109863,0.38454341888427734,0.11491438746452332
0.28654879331588745,0.4509025812149048,0.11090045422315598,0.31759780645370483,0.490928590297699,0.17609496414661407,0.49907881021499634,0.28905224800109863,0.38454341888427734,0.11491438746452332
0.28654879331588745,0.4509025812149048,0.11090045422315598,0.31759780645370483,0.490928590297699,0.17609496414661407,0.49907881021499634,0.28905224800109863,0.38454341888427734,0.11491438746452332
0.28654879331588745,0.4509025812149048,0.11090045422315598,0.31759780645370483,0.490928590297699,0.17609496414661407,0.49907881021499634,0.28905224800109863,0.38454341888427734,0.11491438746452332
0.28654879331588745,0.4509025812149048,0.11090045422315598,0.31759780645370483,0.490928590297699,0.17609496414661407,0.49907881021499634,0.28905224800109863,0.38454341888427734,0.11491438746452332
0.28654879331588745,0.4509025812149048,0.11090045422315598,0.31759780645370483,0.490928590297699,0.17609496414661407,0.49907881021499634,0.28905224800109863,0.38454341888427734,0.11491438746452332
0.28654879331588745,0.4509025812149048,0.11090045422315598,0.31759780645370483,0.490928590297699,0.17609496414661407,0.49907881021499634,0.28905224800109863,0.38454341888427734,0.11491438746452332
0.28654879331588745,0.4509025812149048,0.11090045422315598,0.31759780645370483,0.490928590297699,0.17609496414661407,0.49907881021499634,0.28905224800109863,0.38454341888427734,0.11491438746452332
0.28654879331588745,0.4509025812149048,0.11090045422315598,0.31759780645370483,0.490928590297699,0.17609496414661407,0.49907881021499634,0.28905224800109863,0.38454341888427734,0.11491438746452332
0.28654879331588745,0.4509025812149048,0.11090045422315598,0.31759780645370483,0.490928590297699,0.17609496414661407,0.49907881021499634,0.28905224800109863,0.38454341888427734,0.11491438746452332
0.28654879331588745,0.4509025812149048,0.11090045422315598,0.31759780645370483,0.490928590297699,0.17609496414661407,0.49907881021499634,0.28905224800109863,0.38454341888427734,0.11491438746452332
0.28654879331588745,0.4509025812149048,0.11090045422315598,0.31759780645370483,0.490928590297699,0.17609496414661407,0.49907881021499634,0.28905224800109863,0.38454341888427734,0.11491438746452332
0.28654879331588745,0.4509025812149048,0.11090045422315598,0.31759780645370483,0.490928590297699,0.17609496414661407,0.49907881021499634,0.28905224800109863,0.38454341888427734,0.11491438746452332
0.28654879331588745,0.4509025812149048,0.11090045422315598,0.31759780645370483,0.490928590297699,0.17609496414661407,0.49907881021499634,0.28905224800109863,0.38454341888427734,0.11491438746452332
0.28654879331588745,0.4509025812149048,0.11090045422315598,0.31759780645370483,0.490928590297699,0.17609496414661407,0.49907881021499634,0.28905224800109863,0.38454341888427734,0.11491438746452332
0.28654879331588745,0.4509025812149048,0.11090045422315598,0.31759780645370483,0.490928590297699,0.17609496414661407,0.49907881021499634,0.28905224800109863,0.38454341888427734,0.11491438746452332
0.28654879331588745,0.4509025812149048,0.11090045422315598,0.31759780645370483,0.490928590297699,0.17609496414661407,0.49907881021499634,0.28905224800109863,0.38454341888427734,0.11491438746452332
0.28654879331588745,0.4509025812149048,0.11090045422315598,0.31759780645370483,0.490928590297699,0.17609496414661407,0.49907881021499634,0.28905224800109863,0.38454341888427734,0.11491438746452332
0.28654879331588745,0.4509025812149048,0.11090045422315598,0.31759780645370483,0.490928590297699,0.17609496414661407,0.49907881021499634,0.28905224800109863,0.38454341888427734,0.11491438746452332
0.28654879331588745,0.4509025812149048,0.11090045422315598,0.31759780645370483,0.490928590297699,0.17609496414661407,0.49907881021499634,0.28905224800109863,0.38454341888427734,0.11491438746452332
0.28654879331588745,0.4509025812149048,0.11090045422315598,0.31759780645370483,0.490928590297699,0.17609496414661407,0.49907881021499634,0.28905224800109863,0.38454341888427734,0.11491438746452332
0.28654879331588745,0.4509025812149048,0.11090045422315598,0.31759780645370483,0.490928590297699,0.17609496414661407,0.49907881021499634,0.28905224800109863,0.38454341888427734,0.11491438746452332
0.28654879331588745,0.4509025812149048,0.11090045422315598,0.31759780645370483,0.490928590297699,0.17609496414661407,0.49907881021499634,0.28905224800109863,0.38454341888427734,0.11491438746452332
0.28654879331588745,0.4509025812149048,0.11090045422315598,0.31759780645370483,0.490928590297699,0.17609496414661407,0.49907881021499634,0.28905224800109863,0.38454341888427734,0.11491438746452332
0.28654879331588745,0.4509025812149048,0.11090045422315598,0.31759780645370483,0.490928590297699,0.17609496414661407,0.49907881021499634,0.28905224800109863,0.38454341888427734,0.11491438746452332
0.28654879331588745,0.4509025812149048,0.11090045422315598,0.31759780645370483,0.490928590297699,0.17609496414661407,0.49907881021499634,0.28905224800109863,0.38454341888427734,0.11491438746452332
0.28654879331588745,0.4509025812149048,0.11090045422315598,0.31759780645370483,0.490928590297699,0.17609496414661407,0.49907881021499634,0.28905224800109863,0.38454341888427734,0.11491438746452332
0.28654879331588745,0.4509025812149048,0.11090045422315598,0.31759780645370483,0.490928590297699,0.17609496414661407,0.49907881021499634,0.28905224800109863,0.38454341888427734,0.11491438746452332
0.29821720719337463,0.4000796973705292,0.3548434376716614,0.5491420030593872,0.43846774101257324,0.29523080587387085,0.41535091400146484,0.3424093723297119,0.5252421498298645,0.6059996485710144
0.29821720719337463,0.4000796973705292,0.3548434376716614,0.5491420030593872,0.43846774101257324,0.29523080587387085,0.41535091400146484,0.3424093723297119,0.5252421498298645,0.6059996485710144
0.29821720719337463,0.4000796973705292,0.3548434376716614,0.5491420030593872,0.43846774101257324,0.29523080587387085,0.41535091400146484,0.3424093723297119,0.5252421498298645,0.6059996485710144
0.29821720719337463,0.4000796973705292,0.3548434376716614,0.5491420030593872,0.43846774101257324,0.29523080587387085,0.41535091400146484,0.3424093723297119,0.5252421498298645,0.6059996485710144
0.29821720719337463,0.4000796973705292,0.3548434376716614,0.5491420030593872,0.43846774101257324,0.29523080587387085,0.41535091400146484,0.3424093723297119,0.5252421498298645,0.6059996485710144
0.29821720719337463,0.4000796973705292,0.3548434376716614,0.5491420030593872,0.43846774101257324,0.29523080587387085,0.41535091400146484,0.3424093723297119,0.5252421498298645,0.6059996485710144
0.29821720719337463,0.4000796973705292,0.3548434376716614,0.5491420030593872,0.43846774101257324,0.29523080587387085,0.41535091400146484,0.3424093723297119,0.5252421498298645,0.6059996485710144
0.29821720719337463,0.4000796973705292,0.3548434376716614,0.5491420030593872,0.43846774101257324,0.29523080587387085,0.41535091400146484,0.3424093723297119,0.5252421498298645,0.6059996485710144
0.29821720719337463,0.4000796973705292,0.3548434376716614,0.5491420030593872,0.43846774101257324,0.29523080587387085,0.41535091400146484,0.3424093723297119,0.5252421498298645,0.6059996485710144
0.29821720719337463,0.4000796973705292,0.3548434376716614,0.5491420030593872,0.43846774101257324,0.29523080587387085,0.41535091400146484,0.3424093723297119,0.5252421498298645,0.6059996485710144
0.29821720719337463,0.4000796973705292,0.3548434376716614,0.5491420030593872,0.43846774101257324,0.29523080587387085,0.41535091400146484,0.3424093723297119,0.5252421498298645,0.6059996485710144
0.29821720719337463,0.4000796973705292,0.3548434376716614,0.5491420030593872,0.43846774101257324,0.29523080587387085,0.41535091400146484,0.3424093723297119,0.5252421498298645,0.6059996485710144
0.29821720719337463,0.4000796973705292,0.3548434376716614,0.5491420030593872,0.43846774101257324,0.29523080587387085,0.41535091400146484,0.3424093723297119,0.5252421498298645,0.6059996485710144
0.29821720719337463,0.4000796973705292,0.3548434376716614,0.5491420030593872,0.43846774101257324,0.29523080587387085,0.41535091400146484,0.3424093723297119,0.5252421498298645,0.6059996485710144
0.29821720719337463,0.4000796973705292,0.3548434376716614,0.5491420030593872,0.43846774101257324,0.29523080587387085,0.41535091400146484,0.3424093723297119,0.5252421498298645,0.6059996485710144
0.29821720719337463,0.4000796973705292,0.3548434376716614,0.5491420030593872,0.43846774101257324,0.29523080587387085,0.41535091400146484,0.3424093723297119,0.5252421498298645,0.6059996485710144
0.29821720719337463,0.4000796973705292,0.3548434376716614,0.5491420030593872,0.43846774101257324,0.29523080587387085,0.41535091400146484,0.3424093723297119,0.5252421498298645,0.6059996485710144
0.29821720719337463,0.4000796973705292,0.3548434376716614,0.5491420030593872,0.43846774101257324,0.29523080587387085,0.41535091400146484,0.3424093723297119,0.5252421498298645,0.6059996485710144
0.29821720719337463,0.4000796973705292,0.3548434376716614,0.5491420030593872,0.43846774101257324,0.29523080587387085,0.41535091400146484,0.3424093723297119,0.5252421498298645,0.6059996485710144
0.29821720719337463,0.4000796973705292,0.3548434376716614,0.5491420030593872,0.43846774101257324,0.29523080587387085,0.41535091400146484,0.3424093723297119,0.5252421498298645,0.6059996485710144
0.29821720719337463,0.4000796973705292,0.3548434376716614,0.5491420030593872,0.43846774101257324,0.29523080587387085,0.41535091400146484,0.3424093723297119,0.5252421498298645,0.6059996485710144
0.29821720719337463,0.4000796973705292,0.3548434376716614,0.5491420030593872,0.43846774101257324,0.29523080587387085,0.41535091400146484,0.3424093723297119,0.5252421498298645,0.6059996485710144
0.29821720719337463,0.4000796973705292,0.3548434376716614,0.5491420030593872,0.43846774101257324,0.29523080587387085,0.41535091400146484,0.3424093723297119,0.5252421498298645,0.6059996485710144
0.29821720719337463,0.4000796973705292,0.3548434376716614,0.5491420030593872,0.43846774101257324,0.29523080587387085,0.41535091400146484,0.3424093723297119,0.5252421498298645,0.6059996485710144
0.29821720719337463,0.4000796973705292,0.3548434376716614,0.5491420030593872,0.43846774101257324,0.29523080587387085,0.41535091400146484,0.3424093723297119,0.5252421498298645,0.6059996485710144
0.29821720719337463,0.4000796973705292,0.3548434376716614,0.5491420030593872,0.43846774101257324,0.29523080587387085,0.41535091400146484,0.3424093723297119,0.5252421498298645,0.6059996485710144
0.29821720719337463,0.4000796973705292,0.3548434376716614,0.5491420030593872,0.43846774101257324,0.29523080587387085,0.41535091400146484,0.3424093723297119,0.5252421498298645,0.6059996485710144
0.29821720719337463,0.4000796973705292,0.3548434376716614,0.5491420030593872,0.43846774101257324,0.29523080587387085,0.41535091400146484,0.3424093723297119,0.5252421498298645,0.6059996485710144
0.29821720719337463,0.4000796973705292,0.3548434376716614,0.5491420030593872,0.43846774101257324,0.29523080587387085,0.41535091400146484,0.3424093723297119,0.5252421498298645,0.6059996485710144
0.29821720719337463,0.4000796973705292,0.3548434376716614,0.5491420030593872,0.43846774101257324,0.29523080587387085,0.41535091400146484,0.3424093723297119,0.5252421498298645,0.6059996485710144
0.29821720719337463,0.4000796973705292,0.3548434376716614,0.5491420030593872,0.43846774101257324,0.29523080587387085,0.41535091400146484,0.3424093723297119,0.5252421498298645,0.6059996485710144
0.29821720719337463,0.4000796973705292,0.3548434376716614,0.5491420030593872,0.43846774101257324,0.29523080587387085,0.41535091400146484,0.3424093723297119,0.5252421498298645,0.6059996485710144
0.29821720719337463,0.4000796973705292,0.3548434376716614,0.5491420030593872,0.43846774101257324,0.29523080587387085,0.41535091400146484,0.3424093723297119,0.5252421498298645,0.6059996485710144
0.29821720719337463,0.4000796973705292,0.3548434376716614,0.5491420030593872,0.43846774101257324,0.29523080587387085,0.41535091400146484,0.3424093723297119,0.5252421498298645,0.6059996485710144
0.29821720719337463,0.4000796973705292,0.3548434376716614,0.5491420030593872,0.43846774101257324,0.29523080587387085,0.41535091400146484,0.3424093723297119,0.5252421498298645,0.6059996485710144
0.29821720719337463,0.4000796973705292,0.3548434376716614,0.5491420030593872,0.43846774101257324,0.29523080587387085,0.41535091400146484,0.3424093723297119,0.5252421498298645,0.6059996485710144
0.29821720719337463,0.4000796973705292,0.3548434376716614,0.5491420030593872,0.43846774101257324,0.29523080587387085,0.41535091400146484,0.3424093723297119,0.5252421498298645,0.6059996485710144
0.29821720719337463,0.4000796973705292,0.3548434376716614,0.5491420030593872,0.43846774101257324,0.29523080587387085,0.41535091400146484,0.3424093723297119,0.5252421498298645,0.6059996485710144
0.29821720719337463,0.4000796973705292,0.3548434376716614,0.5491420030593872,0.43846774101257324,0.29523080587387085,0.41535091400146484,0.3424093723297119,0.5252421498298645,0.6059996485710144
0.29821720719337463,0.4000796973705292,0.3548434376716614,0.5491420030593872,0.43846774101257324,0.29523080587387085,0.41535091400146484,0.3424093723297119,0.5252421498298645,0.6059996485710144
0.29821720719337463,0.4000796973705292,0.3548434376716614,0.5491420030593872,0.43846774101257324,0.29523080587387085,0.41535091400146484,0.3424093723297119,0.5252421498298645,0.6059996485710144
0.29821720719337463,0.4000796973705292,0.3548434376716614,0.5491420030593872,0.43846774101257324,0.29523080587387085,0.41535091400146484,0.3424093723297119,0.5252421498298645,0.6059996485710144
0.29821720719337463,0.4000796973705292,0.3548434376716614,0.5491420030593872,0.43846774101257324,0.29523080587387085,0.41535091400146484,0.3424093723297119,0.5252421498298645,0.6059996485710144
0.29821720719337463,0.4000796973705292,0.3548434376716614,0.5491420030593872,0.43846774101257324,0.29523080587387085,0.41535091400146484,0.3424093723297119,0.5252421498298645,0.6059996485710144
0.29821720719337463,0.4000796973705292,0.3548434376716614,0.5491420030593872,0.43846774101257324,0.29523080587387085,0.41535091400146484,0.3424093723297119,0.5252421498298645,0.6059996485710144
0.29821720719337463,0.4000796973705292,0.3548434376716614,0.5491420030593872,0.43846774101257324,0.29523080587387085,0.41535091400146484,0.3424093723297119,0.5252421498298645,0.6059996485710144
0.29821720719337463,0.4000796973705292,0.3548434376716614,0.5491420030593872,0.43846774101257324,0.29523080587387085,0.41535091400146484,0.3424093723297119,0.5252421498298645,0.6059996485710144
0.29821720719337463,0.4000796973705292,0.3548434376716614,0.5491420030593872,0.43846774101257324,0.29523080587387085,0.41535091400146484,0.3424093723297119,0.5252421498298645,0.6059996485710144
0.29821720719337463,0.4000796973705292,0.3548434376716614,0.5491420030593872,0.43846774101257324,0.29523080587387085,0.41535091400146484,0.3424093723297119,0.5252421498298645,0.6059996485710144
0.29821720719337463,0.4000796973705292,0.3548434376716614,0.5491420030593872,0.43846774101257324,0.29523080587387085,0.41535091400146484,0.3424093723297119,0.5252421498298645,0.6059996485710144
0.29821720719337463,0.4000796973705292,0.3548434376716614,0.5491420030593872,0.43846774101257324,0.29523080587387085,0.41535091400146484,0.3424093723297119,0.5252421498298645,0.6059996485710144
0.29821720719337463,0.4000796973705292,0.3548434376716614,0.5491420030593872,0.43846774101257324,0.29523080587387085,0.41535091400146484,0.3424093723297119,0.5252421498298645,0.6059996485710144
0.29821720719337463,0.4000796973705292,0.3548434376716614,0.5491420030593872,0.43846774101257324,0.29523080587387085,0.41535091400146484,0.3424093723297119,0.5252421498298645,0.6059996485710144
0.29821720719337463,0.4000796973705292,0.3548434376716614,0.5491420030593872,0.43846774101257324,0.29523080587387085,0.41535091400146484,0.3424093723297119,0.5252421498298645,0.6059996485710144
0.29821720719337463,0.4000796973705292,0.3548434376716614,0.5491420030593872,0.43846774101257324,0.29523080587387085,0.41535091400146484,0.3424093723297119,0.5252421498298645,0.6059996485710144
0.29821720719337463,0.4000796973705292,0.3548434376716614,0.5491420030593872,0.43846774101257324,0.29523080587387085,0.41535091400146484,0.3424093723297119,0.5252421498298645,0.6059996485710144
0.29821720719337463,0.4000796973705292,0.3548434376716614,0.5491420030593872,0.43846774101257324,0.29523080587387085,0.41535091400146484,0.3424093723297119,0.5252421498298645,0.6059996485710144
0.29821720719337463,0.4000796973705292,0.3548434376716614,0.5491420030593872,0.43846774101257324,0.29523080587387085,0.41535091400146484,0.3424093723297119,0.5252421498298645,0.6059996485710144
0.29821720719337463,0.4000796973705292,0.3548434376716614,0.5491420030593872,0.43846774101257324,0.29523080587387085,0.41535091400146484,0.3424093723297119,0.5252421498298645,0.6059996485710144
0.29821720719337463,0.4000796973705292,0.3548434376716614,0.5491420030593872,0.43846774101257324,0.29523080587387085,0.41535091400146484,0.3424093723297119,0.5252421498298645,0.6059996485710144
0.29821720719337463,0.4000796973705292,0.3548434376716614,0.5491420030593872,0.43846774101257324,0.29523080587387085,0.41535091400146484,0.3424093723297119,0.5252421498298645,0.6059996485710144
0.29821720719337463,0.4000796973705292,0.3548434376716614,0.5491420030593872,0.43846774101257324,0.29523080587387085,0.41535091400146484,0.3424093723297119,0.5252421498298645,0.6059996485710144
0.29821720719337463,0.4000796973705292,0.3548434376716614,0.5491420030593872,0.43846774101257324,0.29523080587387085,0.41535091400146484,0.3424093723297119,0.5252421498298645,0.6059996485710144
0.29821720719337463,0.4000796973705292,0.3548434376716614,0.5491420030593872,0.43846774101257324,0.29523080587387085,0.41535091400146484,0.3424093723297119,0.5252421498298645,0.6059996485710144
0.29821720719337463,0.4000796973705292,0.3548434376716614,0.5491420030593872,0.43846774101257324,0.29523080587387085,0.41535091400146484,0.3424093723297119,0.5252421498298645,0.6059996485710144
0.29821720719337463,0.4000796973705292,0.3548434376716614,0.5491420030593872,0.43846774101257324,0.29523080587387085,0.41535091400146484,0.3424093723297119,0.5252421498298645,0.6059996485710144
0.29821720719337463,0.4000796973705292,0.3548434376716614,0.5491420030593872,0.43846774101257324,0.29523080587387085,0.41535091400146484,0.3424093723297119,0.5252421498298645,0.6059996485710144
0.29821720719337463,0.4000796973705292,0.3548434376716614,0.5491420030593872,0.43846774101257324,0.29523080587387085,0.41535091400146484,0.3424093723297119,0.5252421498298645,0.6059996485710144
0.2979905605316162,0.3998836278915405,0.35479360818862915,0.548606812953949,0.43798312544822693,0.2950819134712219,0.4153214693069458,0.3420962393283844,0.5246437788009644,0.6052515506744385
0.2977639436721802,0.3996874988079071,0.3547437787055969,0.5480716228485107,0.4374985098838806,0.2949330508708954,0.41529205441474915,0.3417830765247345,0.5240453481674194,0.6045035123825073
0.29753732681274414,0.39949142932891846,0.3546939492225647,0.5475363731384277,0.4370139241218567,0.29478421807289124,0.4152626395225525,0.341469943523407,0.5234469771385193,0.6037554144859314
0.2973107099533081,0.3992953300476074,0.35464411973953247,0.5470012426376343,0.43652933835983276,0.2946353256702423,0.41523316502571106,0.3411567807197571,0.5228485465049744,0.6030073761940002
0.29708409309387207,0.399099200963974,0.35459429025650024,0.5464659929275513,0.43604469299316406,0.29448646306991577,0.4152037799358368,0.3408436179161072,0.5222501754760742,0.6022593379020691
0.29685744643211365,0.39890313148498535,0.354544460773468,0.545930802822113,0.43556010723114014,0.29433760046958923,0.41517430543899536,0.34053051471710205,0.5216517448425293,0.6015112400054932
0.2966308295726776,0.39870700240135193,0.3544946312904358,0.5453956127166748,0.4350755214691162,0.2941887676715851,0.4151448905467987,0.34021738171577454,0.5210533142089844,0.6007631421089172
0.2964042127132416,0.3985109329223633,0.35444480180740356,0.5448603630065918,0.4345909357070923,0.29403984546661377,0.41511544585227966,0.33990421891212463,0.5204549431800842,0.6000151038169861
0.29617759585380554,0.39831483364105225,0.35439497232437134,0.5443251729011536,0.4341062903404236,0.29389098286628723,0.415086030960083,0.3395910859107971,0.5198565125465393,0.5992670655250549
0.2959509789943695,0.3981187045574188,0.3543451428413391,0.5437899827957153,0.43362170457839966,0.2937421202659607,0.41505658626556396,0.3392779231071472,0.5192581415176392,0.598518967628479
0.29572436213493347,0.3979226350784302,0.3542953133583069,0.5432547926902771,0.43313711881637573,0.29359325766563416,0.4150271713733673,0.3389647603034973,0.5186597108840942,0.5977708697319031
0.29549771547317505,0.39772653579711914,0.35424548387527466,0.5427196025848389,0.4326525330543518,0.2934443950653076,0.41499772667884827,0.3386516273021698,0.5180612802505493,0.5970228314399719
0.295271098613739,0.3975304365158081,0.35419562458992004,0.5421844124794006,0.4321679174900055,0.2932955324649811,0.41496825218200684,0.3383384943008423,0.5174629092216492,0.596274733543396
0.295044481754303,0.39733433723449707,0.3541458249092102,0.5416491627693176,0.4316833019256592,0.29314664006233215,0.4149388372898102,0.3380253314971924,0.5168644785881042,0.5955266952514648
0.29481786489486694,0.39713823795318604,0.354095995426178,0.5411139726638794,0.43119871616363525,0.2929977774620056,0.41490939259529114,0.33771222829818726,0.5162661075592041,0.5947786569595337
0.2945912480354309,0.396942138671875,0.35404613614082336,0.5405787825584412,0.43071413040161133,0.2928489148616791,0.4148799777030945,0.33739906549453735,0.5156676769256592,0.5940305590629578
0.2943646013736725,0.39674603939056396,0.3539963364601135,0.5400435924530029,0.4302294850349426,0.29270005226135254,0.41485053300857544,0.33708590269088745,0.5150692462921143,0.5932824611663818
0.29413798451423645,0.39654994010925293,0.3539465069770813,0.5395084023475647,0.4297448992729187,0.292551189661026,0.4148211181163788,0.33677276968955994,0.5144708752632141,0.5925344228744507
0.2939113676548004,0.3963538408279419,0.3538966476917267,0.5389732122421265,0.4292602837085724,0.2924022972583771,0.41479167342185974,0.3364596366882324,0.513872504234314,0.5917863845825195
0.293684720993042,0.39615774154663086,0.35384684801101685,0.5384380221366882,0.42877569794654846,0.2922534644603729,0.4147622287273407,0.3361464738845825,0.513274073600769,0.5910383462905884
0.29345813393592834,0.3959616422653198,0.3537970185279846,0.5379027724266052,0.42829108238220215,0.292104572057724,0.41473281383514404,0.3358333110809326,0.5126756429672241,0.5902902483940125
0.2932315170764923,0.3957655429840088,0.3537471294403076,0.537367582321167,0.4278064966201782,0.29195570945739746,0.414703369140625,0.3355202078819275,0.5120772123336792,0.5895421504974365
0.2930048704147339,0.39556944370269775,0.3536972999572754,0.536832332611084,0.4273218810558319,0.29180681705474854,0.41467392444610596,0.3352070450782776,0.511478841304779,0.5887941122055054
0.29277825355529785,0.3953733444213867,0.35364750027656555,0.5362971425056458,0.4268372654914856,0.2916579842567444,0.4146445393562317,0.3348938822746277,0.5108804106712341,0.5880460739135742
0.2925516366958618,0.3951772451400757,0.35359764099121094,0.5357619524002075,0.42635267972946167,0.29150912165641785,0.41461506485939026,0.33458077907562256,0.510282039642334,0.5872980356216431
0.2923250198364258,0.39498114585876465,0.3535478115081787,0.5352267622947693,0.42586809396743774,0.2913602590560913,0.4145856201648712,0.33426761627197266,0.5096836090087891,0.5865498781204224
0.29209840297698975,0.3947850465774536,0.35349801182746887,0.534691572189331,0.42538347840309143,0.2912113666534424,0.4145561754703522,0.33395448327064514,0.5090852379798889,0.5858018398284912
0.2918717563152313,0.3945889472961426,0.35344815254211426,0.5341563820838928,0.4248988926410675,0.29106250405311584,0.4145267605781555,0.33364132046699524,0.508486807346344,0.5850538015365601
0.2916451394557953,0.39439284801483154,0.35339832305908203,0.5336211323738098,0.4244142770767212,0.2909136414527893,0.4144973158836365,0.3333281874656677,0.5078883767127991,0.5843057036399841
0.29141852259635925,0.3941967487335205,0.3533485233783722,0.5330859422683716,0.4239296615123749,0.2907647490501404,0.41446787118911743,0.3330150246620178,0.5072900056838989,0.5835576057434082
0.2911919057369232,0.3940006494522095,0.3532986640930176,0.5325507521629333,0.42344510555267334,0.29061588644981384,0.41443848609924316,0.3327018916606903,0.506691575050354,0.582809567451477
0.2909652590751648,0.39380455017089844,0.35324883460998535,0.5320155620574951,0.42296046018600464,0.2904670536518097,0.41440901160240173,0.3323887586593628,0.5060932040214539,0.5820615291595459
0.29073864221572876,0.3936084508895874,0.3531990051269531,0.5314803719520569,0.4224758744239807,0.29031819105148315,0.4143795967102051,0.3320755958557129,0.5054947733879089,0.58131343126297
0.2905120253562927,0.39341235160827637,0.3531491756439209,0.5309451818466187,0.4219912886619568,0.29016926884651184,0.41435015201568604,0.3317624628543854,0.504896342754364,0.5805653929710388
0.2902854084968567,0.39321625232696533,0.35309934616088867,0.5304099321365356,0.4215066730976105,0.2900204062461853,0.4143207371234894,0.3314493000507355,0.5042979717254639,0.5798172950744629
0.29005879163742065,0.3930201530456543,0.35304951667785645,0.5298747420310974,0.42102211713790894,0.28987157344818115,0.41429129242897034,0.33113616704940796,0.503699541091919,0.579069197177887
0.28983214497566223,0.39282405376434326,0.3529996871948242,0.5293395519256592,0.42053747177124023,0.2897227108478546,0.4142618775367737,0.33082300424575806,0.5031011700630188,0.5783211588859558
0.2896055281162262,0.3926279544830322,0.352949857711792,0.528804361820221,0.4200528562068939,0.2895738184452057,0.41423243284225464,0.33050987124443054,0.5025027394294739,0.5775731205940247
0.28937891125679016,0.3924318552017212,0.35290002822875977,0.5282691717147827,0.41956827044487,0.28942495584487915,0.4142029881477356,0.330196738243103,0.5019043684005737,0.5768250823020935
0.28915226459503174,0.39223578572273254,0.35285019874572754,0.5277339220046997,0.41908368468284607,0.2892760932445526,0.41417354345321655,0.3298835754394531,0.5013059377670288,0.5760769248008728
0.2889256477355957,0.3920396864414215,0.3528003692626953,0.5271987318992615,0.41859906911849976,0.2891272306442261,0.4141440987586975,0.3295704424381256,0.5007075071334839,0.5753289461135864
0.28869903087615967,0.3918435871601105,0.3527505397796631,0.5266635417938232,0.41811448335647583,0.28897833824157715,0.41411468386650085,0.3292573094367981,0.5001091361045837,0.5745808482170105
0.28847241401672363,0.39164748787879944,0.35270068049430847,0.5261282920837402,0.4176298677921295,0.2888294756412506,0.4140852391719818,0.3289441466331482,0.4995107054710388,0.5738327503204346
0.2882457971572876,0.3914513885974884,0.35265088081359863,0.5255931615829468,0.4171452522277832,0.2886806130409241,0.41405582427978516,0.3286310136318207,0.49891233444213867,0.5730847120285034
0.28801918029785156,0.39125528931617737,0.3526010513305664,0.5250579118728638,0.4166606664657593,0.2885317802429199,0.4140263795852661,0.3283178508281708,0.49831390380859375,0.5723366141319275
0.28779253363609314,0.39105919003486633,0.3525511920452118,0.5245227217674255,0.41617605090141296,0.288382887840271,0.41399693489074707,0.32800471782684326,0.4977155029773712,0.5715885758399963
0.2875659167766571,0.3908631205558777,0.35250139236450195,0.5239875316619873,0.41569146513938904,0.28823402523994446,0.4139675199985504,0.32769158482551575,0.4971170723438263,0.5708404779434204
0.28733929991722107,0.39066699147224426,0.3524515628814697,0.5234522819519043,0.4152068793773651,0.28808513283729553,0.41393807530403137,0.32737845182418823,0.49651867151260376,0.5700924396514893
0.28711268305778503,0.3904708921909332,0.3524017035961151,0.5229171514511108,0.4147222638130188,0.287936270236969,0.41390863060951233,0.32706528902053833,0.4959203004837036,0.5693444013595581
0.2868860363960266,0.3902747929096222,0.3523519039154053,0.5223819017410278,0.4142376184463501,0.28778740763664246,0.41387924551963806,0.3267521262168884,0.4953218698501587,0.5685962438583374
0.2866594195365906,0.39007869362831116,0.35230204463005066,0.5218467116355896,0.41375306248664856,0.2876385450363159,0.41384977102279663,0.3264389932155609,0.49472346901893616,0.567848265171051
0.28643280267715454,0.3898826241493225,0.35225218534469604,0.5213115215301514,0.41326844692230225,0.2874896824359894,0.4138203561306,0.326125830411911,0.4941250681877136,0.5671001672744751
0.2862061858177185,0.3896864950656891,0.3522023558616638,0.5207762718200684,0.4127838611602783,0.28734081983566284,0.41379088163375854,0.3258126974105835,0.4935266375541687,0.566352128982544
0.28597956895828247,0.38949039578437805,0.352152556180954,0.5202411413192749,0.412299245595932,0.2871919274330139,0.4137614667415619,0.3254995346069336,0.49292823672294617,0.565604031085968
0.28575295209884644,0.3892943263053894,0.35210272669792175,0.5197058916091919,0.4118146300315857,0.2870430648326874,0.41373202204704285,0.32518643140792847,0.49232983589172363,0.5648559331893921
0.285526305437088,0.389098197221756,0.35205286741256714,0.5191706418991089,0.41133007407188416,0.28689420223236084,0.4137025773525238,0.32487326860427856,0.4917314052581787,0.5641078948974609
0.285299688577652,0.38890212774276733,0.3520030677318573,0.5186355113983154,0.41084545850753784,0.2867453098297119,0.41367319226264954,0.32456010580062866,0.49113303422927856,0.5633598566055298
0.28507307171821594,0.3887059986591339,0.3519532382488251,0.5181002616882324,0.41036084294319153,0.28659647703170776,0.4136437177658081,0.32424697279930115,0.49053463339805603,0.5626117587089539
0.2848464548587799,0.3885098993778229,0.35190337896347046,0.517565131187439,0.4098762571811676,0.2864476144313812,0.41361430287361145,0.32393383979797363,0.4899362027645111,0.5618637204170227
0.28461983799934387,0.38831382989883423,0.35185354948043823,0.517029881477356,0.4093916416168213,0.2862987518310547,0.4135848581790924,0.32362067699432373,0.48933783173561096,0.5611156225204468
0.28439319133758545,0.3881177008152008,0.351803719997406,0.5164946913719177,0.40890705585479736,0.2861498296260834,0.41355544328689575,0.3233075439929962,0.4887394309043884,0.5603675842285156
0.2841665744781494,0.38792163133621216,0.3517538905143738,0.5159595012664795,0.40842247009277344,0.2860009968280792,0.4135259985923767,0.3229943811893463,0.4881410002708435,0.5596195459365845
0.2839399576187134,0.38772550225257874,0.35170406103134155,0.5154242515563965,0.4079378545284271,0.2858521342277527,0.41349655389785767,0.3226812481880188,0.48754259943962097,0.5588714480400085
0.28371334075927734,0.3875294029712677,0.3516542315483093,0.5148890614509583,0.4074532389640808,0.28570327162742615,0.413467139005661,0.3223681151866913,0.48694419860839844,0.5581234097480774
0.2834866940975189,0.38733333349227905,0.3516044020652771,0.51435387134552,0.4069685935974121,0.2855543792247772,0.41343769431114197,0.32205498218536377,0.4863457679748535,0.5573753118515015
0.2832600772380829,0.38713720440864563,0.3515545725822449,0.5138186812400818,0.40648403763771057,0.28540554642677307,0.4134082496166229,0.32174181938171387,0.485747367143631,0.5566272735595703
0.28303346037864685,0.386941134929657,0.35150474309921265,0.5132834911346436,0.40599945187568665,0.28525665402412415,0.4133788049221039,0.32142865657806396,0.48514896631240845,0.5558791756629944
0.2828068435192108,0.38674500584602356,0.3514549136161804,0.5127483010292053,0.40551483631134033,0.2851077616214752,0.4133493900299072,0.32111552357673645,0.4845505356788635,0.5551310777664185
0.2825802266597748,0.3865489065647125,0.3514050841331482,0.5122130513191223,0.4050302505493164,0.2849588990211487,0.4133199453353882,0.32080239057540894,0.4839521646499634,0.5543830394744873
0.28235360980033875,0.3863528370857239,0.35135525465011597,0.5116778612136841,0.4045456647872925,0.28481006622314453,0.41329053044319153,0.32048922777175903,0.48335376381874084,0.5536349415779114
0.2821269631385803,0.38615670800209045,0.35130542516708374,0.5111426115036011,0.4040610194206238,0.284661203622818,0.4132610857486725,0.3201760947704315,0.4827553331851959,0.5528869032859802
0.2819003462791443,0.3859606385231018,0.3512555956840515,0.5106074810028076,0.40357643365859985,0.28451231122016907,0.41323164105415344,0.319862961769104,0.4821569621562958,0.5521388649940491
0.28167372941970825,0.3857645094394684,0.3512057662010193,0.5100722312927246,0.40309181809425354,0.28436344861984253,0.4132022261619568,0.3195497989654541,0.48155856132507324,0.5513907670974731
0.2814471125602722,0.38556841015815735,0.35115593671798706,0.5095370411872864,0.4026072025299072,0.2842145562171936,0.41317278146743774,0.3192366361618042,0.4809601306915283,0.550642728805542
0.2812204957008362,0.3853723406791687,0.35110610723495483,0.5090018510818481,0.4021226167678833,0.28406572341918945,0.4131433367729187,0.3189235329627991,0.4803617298603058,0.5498946309089661
0.28099387884140015,0.3851762115955353,0.3510562777519226,0.5084666609764099,0.4016380310058594,0.2839168310165405,0.41311392188072205,0.31861037015914917,0.47976332902908325,0.5491465926170349
0.2807672321796417,0.38498014211654663,0.3510064482688904,0.5079314112663269,0.40115344524383545,0.283767968416214,0.413084477186203,0.31829720735549927,0.47916489839553833,0.548398494720459
0.2805406153202057,0.3847840130329132,0.35095658898353577,0.5073962211608887,0.40066882967948914,0.28361910581588745,0.41305506229400635,0.31798407435417175,0.4785664975643158,0.5476504564285278
0.28031399846076965,0.38458794355392456,0.35090675950050354,0.5068610310554504,0.4001842141151428,0.2834702730178833,0.4130255877971649,0.31767094135284424,0.47796809673309326,0.5469023585319519
0.28008735179901123,0.3843918442726135,0.3508569300174713,0.5063258409500122,0.3996996283531189,0.2833213806152344,0.41299617290496826,0.31735777854919434,0.47736966609954834,0.546154260635376
0.2798607349395752,0.3841957151889801,0.3508071005344391,0.505790650844574,0.39921504259109497,0.28317248821258545,0.4129667282104492,0.3170446455478668,0.4767712652683258,0.5454062223434448
0.27963411808013916,0.38399964570999146,0.35075727105140686,0.5052554607391357,0.39873039722442627,0.2830236256122589,0.4129372835159302,0.3167315125465393,0.47617286443710327,0.5446581840515137
0.2794075012207031,0.3838035464286804,0.35070741176605225,0.5047202706336975,0.39824581146240234,0.28287479281425476,0.4129078984260559,0.3164183497428894,0.4755744934082031,0.5439101457595825
0.2791808843612671,0.3836074769496918,0.3506576120853424,0.5041850209236145,0.3977612257003784,0.28272590041160583,0.4128784239292145,0.3161051869392395,0.4749760925769806,0.5431619882583618
0.27895423769950867,0.38341137766838074,0.3506077826023102,0.5036498308181763,0.3972766399383545,0.2825770378112793,0.4128490090370178,0.315792053937912,0.47437769174575806,0.5424139499664307
0.27872762084007263,0.3832152485847473,0.35055792331695557,0.503114640712738,0.3967920243740082,0.28242817521095276,0.4128195643424988,0.3154789209365845,0.47377926111221313,0.5416659116744995
0.2785010039806366,0.38301917910575867,0.3505081236362457,0.502579391002655,0.39630740880966187,0.28227928280830383,0.4127901494503021,0.31516575813293457,0.4731808602809906,0.5409178733825684
0.2782743573188782,0.38282305002212524,0.3504582643508911,0.5020442008972168,0.39582282304763794,0.2821304202079773,0.4127607047557831,0.31485262513160706,0.4725824296474457,0.5401697754859924
0.27804774045944214,0.3826269805431366,0.3504084348678589,0.5015090107917786,0.395338237285614,0.28198155760765076,0.4127312898635864,0.31453949213027954,0.47198402881622314,0.5394216775894165
0.2778211236000061,0.38243088126182556,0.35035860538482666,0.5009738206863403,0.3948535919189453,0.2818326950073242,0.4127018451690674,0.31422632932662964,0.4713855981826782,0.5386736392974854
0.27759450674057007,0.38223475217819214,0.35030877590179443,0.5004386305809021,0.3943690061569214,0.2816838324069977,0.41267240047454834,0.3139131963253021,0.4707871973514557,0.5379256010055542
0.27736788988113403,0.3820386826992035,0.3502589464187622,0.4999033808708191,0.39388442039489746,0.28153496980667114,0.4126429557800293,0.3136000633239746,0.47018879652023315,0.537177562713623
0.277141273021698,0.38184255361557007,0.35020911693573,0.49936819076538086,0.39339977502822876,0.2813861072063446,0.41261351108551025,0.3132869005203247,0.4695903956890106,0.5364294648170471
0.2769146263599396,0.3816464841365814,0.35015928745269775,0.4988330006599426,0.39291518926620483,0.2812372148036957,0.4125840961933136,0.3129737675189972,0.4689919948577881,0.5356813669204712
0.27668800950050354,0.3814503848552704,0.3501094579696655,0.4982978105545044,0.3924306035041809,0.28108832240104675,0.41255465149879456,0.3126606047153473,0.46839362382888794,0.53493332862854
0.2764613926410675,0.38125425577163696,0.3500596284866333,0.49776262044906616,0.391946017742157,0.2809394896030426,0.4125252366065979,0.3123474717140198,0.4677952229976654,0.5341852307319641
0.27623477578163147,0.3810581862926483,0.3500097990036011,0.49722740054130554,0.39146143198013306,0.28079062700271606,0.41249579191207886,0.31203433871269226,0.46719682216644287,0.533437192440033
0.27600815892219543,0.3808620572090149,0.34995996952056885,0.4966921806335449,0.39097678661346436,0.2806417644023895,0.4124663472175598,0.31172117590904236,0.46659839153289795,0.532689094543457
0.275781512260437,0.38066598773002625,0.3499101400375366,0.4961569905281067,0.39049220085144043,0.2804928719997406,0.41243690252304077,0.31140804290771484,0.4659999907016754,0.5319410562515259
0.275554895401001,0.3804698884487152,0.3498603105545044,0.49562180042266846,0.3900075852870941,0.28034400939941406,0.4124074876308441,0.31109488010406494,0.4654015600681305,0.53119295835495
0.22207188606262207,0.3341906666755676,0.3381000757217407,0.369314044713974,0.27564167976379395,0.24521119892597198,0.4054609537124634,0.23719269037246704,0.32417768239974976,0.35464924573898315
0.22207188606262207,0.3341906666755676,0.3381000757217407,0.369314044713974,0.27564167976379395,0.24521119892597198,0.4054609537124634,0.23719269037246704,0.32417768239974976,0.35464924573898315
0.22207188606262207,0.3341906666755676,0.3381000757217407,0.369314044713974,0.27564167976379395,0.24521119892597198,0.4054609537124634,0.23719269037246704,0.32417768239974976,0.35464924573898315
0.22207188606262207,0.3341906666755676,0.3381000757217407,0.369314044713974,0.27564167976379395,0.24521119892597198,0.4054609537124634,0.23719269037246704,0.32417768239974976,0.35464924573898315
0.22207188606262207,0.3341906666755676,0.3381000757217407,0.369314044713974,0.27564167976379395,0.24521119892597198,0.4054609537124634,0.23719269037246704,0.32417768239974976,0.35464924573898315
0.22207188606262207,0.3341906666755676,0.3381000757217407,0.369314044713974,0.27564167976379395,0.24521119892597198,0.4054609537124634,0.23719269037246704,0.32417768239974976,0.35464924573898315
0.22207188606262207,0.3341906666755676,0.3381000757217407,0.369314044713974,0.27564167976379395,0.24521119892597198,0.4054609537124634,0.23719269037246704,0.32417768239974976,0.35464924573898315
0.22207188606262207,0.3341906666755676,0.3381000757217407,0.369314044713974,0.27564167976379395,0.24521119892597198,0.4054609537124634,0.23719269037246704,0.32417768239974976,0.35464924573898315
0.22207188606262207,0.3341906666755676,0.3381000757217407,0.369314044713974,0.27564167976379395,0.24521119892597198,0.4054609537124634,0.23719269037246704,0.32417768239974976,0.35464924573898315
0.22207188606262207,0.3341906666755676,0.3381000757217407,0.369314044713974,0.27564167976379395,0.24521119892597198,0.4054609537124634,0.23719269037246704,0.32417768239974976,0.35464924573898315
0.22207188606262207,0.3341906666755676,0.3381000757217407,0.369314044713974,0.27564167976379395,0.24521119892597198,0.4054609537124634,0.23719269037246704,0.32417768239974976,0.35464924573898315
0.22207188606262207,0.3341906666755676,0.3381000757217407,0.369314044713974,0.27564167976379395,0.24521119892597198,0.4054609537124634,0.23719269037246704,0.32417768239974976,0.35464924573898315
0.22207188606262207,0.3341906666755676,0.3381000757217407,0.369314044713974,0.27564167976379395,0.24521119892597198,0.4054609537124634,0.23719269037246704,0.32417768239974976,0.35464924573898315
0.22207188606262207,0.3341906666755676,0.3381000757217407,0.369314044713974,0.27564167976379395,0.24521119892597198,0.4054609537124634,0.23719269037246704,0.32417768239974976,0.35464924573898315
0.22207188606262207,0.3341906666755676,0.3381000757217407,0.369314044713974,0.27564167976379395,0.24521119892597198,0.4054609537124634,0.23719269037246704,0.32417768239974976,0.35464924573898315
0.22207188606262207,0.3341906666755676,0.3381000757217407,0.369314044713974,0.27564167976379395,0.24521119892597198,0.4054609537124634,0.23719269037246704,0.32417768239974976,0.35464924573898315
0.22207188606262207,0.3341906666755676,0.3381000757217407,0.369314044713974,0.27564167976379395,0.24521119892597198,0.4054609537124634,0.23719269037246704,0.32417768239974976,0.35464924573898315
0.22207188606262207,0.3341906666755676,0.3381000757217407,0.369314044713974,0.27564167976379395,0.24521119892597198,0.4054609537124634,0.23719269037246704,0.32417768239974976,0.35464924573898315
0.22207188606262207,0.3341906666755676,0.3381000757217407,0.369314044713974,0.27564167976379395,0.24521119892597198,0.4054609537124634,0.23719269037246704,0.32417768239974976,0.35464924573898315
0.22207188606262207,0.3341906666755676,0.3381000757217407,0.369314044713974,0.27564167976379395,0.24521119892597198,0.4054609537124634,0.23719269037246704,0.32417768239974976,0.35464924573898315
0.22207188606262207,0.3341906666755676,0.3381000757217407,0.369314044713974,0.27564167976379395,0.24521119892597198,0.4054609537124634,0.23719269037246704,0.32417768239974976,0.35464924573898315
0.22207188606262207,0.3341906666755676,0.3381000757217407,0.369314044713974,0.27564167976379395,0.24521119892597198,0.4054609537124634,0.23719269037246704,0.32417768239974976,0.35464924573898315
0.22207188606262207,0.3341906666755676,0.3381000757217407,0.369314044713974,0.27564167976379395,0.24521119892597198,0.4054609537124634,0.23719269037246704,0.32417768239974976,0.35464924573898315
0.22207188606262207,0.3341906666755676,0.3381000757217407,0.369314044713974,0.27564167976379395,0.24521119892597198,0.4054609537124634,0.23719269037246704,0.32417768239974976,0.35464924573898315
0.22207188606262207,0.3341906666755676,0.3381000757217407,0.369314044713974,0.27564167976379395,0.24521119892597198,0.4054609537124634,0.23719269037246704,0.32417768239974976,0.35464924573898315
0.22207188606262207,0.3341906666755676,0.3381000757217407,0.369314044713974,0.27564167976379395,0.24521119892597198,0.4054609537124634,0.23719269037246704,0.32417768239974976,0.35464924573898315
0.22207188606262207,0.3341906666755676,0.3381000757217407,0.369314044713974,0.27564167976379395,0.24521119892597198,0.4054609537124634,0.23719269037246704,0.32417768239974976,0.35464924573898315
0.22207188606262207,0.3341906666755676,0.3381000757217407,0.369314044713974,0.27564167976379395,0.24521119892597198,0.4054609537124634,0.23719269037246704,0.32417768239974976,0.35464924573898315
0.22207188606262207,0.3341906666755676,0.3381000757217407,0.369314044713974,0.27564167976379395,0.24521119892597198,0.4054609537124634,0.23719269037246704,0.32417768239974976,0.35464924573898315
0.22207188606262207,0.3341906666755676,0.3381000757217407,0.369314044713974,0.27564167976379395,0.24521119892597198,0.4054609537124634,0.23719269037246704,0.32417768239974976,0.35464924573898315
0.22207188606262207,0.3341906666755676,0.3381000757217407,0.369314044713974,0.27564167976379395,0.24521119892597198,0.4054609537124634,0.23719269037246704,0.32417768239974976,0.35464924573898315
0.22207188606262207,0.3341906666755676,0.3381000757217407,0.369314044713974,0.27564167976379395,0.24521119892597198,0.4054609537124634,0.23719269037246704,0.32417768239974976,0.35464924573898315
0.22207188606262207,0.3341906666755676,0.3381000757217407,0.369314044713974,0.27564167976379395,0.24521119892597198,0.4054609537124634,0.23719269037246704,0.32417768239974976,0.35464924573898315
0.22207188606262207,0.3341906666755676,0.3381000757217407,0.369314044713974,0.27564167976379395,0.24521119892597198,0.4054609537124634,0.23719269037246704,0.32417768239974976,0.35464924573898315
0.22207188606262207,0.3341906666755676,0.3381000757217407,0.369314044713974,0.27564167976379395,0.24521119892597198,0.4054609537124634,0.23719269037246704,0.32417768239974976,0.35464924573898315
0.22207188606262207,0.3341906666755676,0.3381000757217407,0.369314044713974,0.27564167976379395,0.24521119892597198,0.4054609537124634,0.23719269037246704,0.32417768239974976,0.35464924573898315
0.22207188606262207,0.3341906666755676,0.3381000757217407,0.369314044713974,0.27564167976379395,0.24521119892597198,0.4054609537124634,0.23719269037246704,0.32417768239974976,0.35464924573898315
0.22207188606262207,0.3341906666755676,0.3381000757217407,0.369314044713974,0.27564167976379395,0.24521119892597198,0.4054609537124634,0.23719269037246704,0.32417768239974976,0.35464924573898315
0.22207188606262207,0.3341906666755676,0.3381000757217407,0.369314044713974,0.27564167976379395,0.24521119892597198,0.4054609537124634,0.23719269037246704,0.32417768239974976,0.35464924573898315
0.22207188606262207,0.3341906666755676,0.3381000757217407,0.369314044713974,0.27564167976379395,0.24521119892597198,0.4054609537124634,0.23719269037246704,0.32417768239974976,0.35464924573898315
0.22207188606262207,0.3341906666755676,0.3381000757217407,0.369314044713974,0.27564167976379395,0.24521119892597198,0.4054609537124634,0.23719269037246704,0.32417768239974976,0.35464924573898315
0.22207188606262207,0.3341906666755676,0.3381000757217407,0.369314044713974,0.27564167976379395,0.24521119892597198,0.4054609537124634,0.23719269037246704,0.32417768239974976,0.35464924573898315
0.22207188606262207,0.3341906666755676,0.3381000757217407,0.369314044713974,0.27564167976379395,0.24521119892597198,0.4054609537124634,0.23719269037246704,0.32417768239974976,0.35464924573898315
0.22207188606262207,0.3341906666755676,0.3381000757217407,0.369314044713974,0.27564167976379395,0.24521119892597198,0.4054609537124634,0.23719269037246704,0.32417768239974976,0.35464924573898315
0.22207188606262207,0.3341906666755676,0.3381000757217407,0.369314044713974,0.27564167976379395,0.24521119892597198,0.4054609537124634,0.23719269037246704,0.32417768239974976,0.35464924573898315
0.22207188606262207,0.3341906666755676,0.3381000757217407,0.369314044713974,0.27564167976379395,0.24521119892597198,0.4054609537124634,0.23719269037246704,0.32417768239974976,0.35464924573898315
0.22207188606262207,0.3341906666755676,0.3381000757217407,0.369314044713974,0.27564167976379395,0.24521119892597198,0.4054609537124634,0.23719269037246704,0.32417768239974976,0.35464924573898315
0.22207188606262207,0.3341906666755676,0.3381000757217407,0.369314044713974,0.27564167976379395,0.24521119892597198,0.4054609537124634,0.23719269037246704,0.32417768239974976,0.35464924573898315
0.22207188606262207,0.3341906666755676,0.3381000757217407,0.369314044713974,0.27564167976379395,0.24521119892597198,0.4054609537124634,0.23719269037246704,0.32417768239974976,0.35464924573898315
0.22207188606262207,0.3341906666755676,0.3381000757217407,0.369314044713974,0.27564167976379395,0.24521119892597198,0.4054609537124634,0.23719269037246704,0.32417768239974976,0.35464924573898315
0.22207188606262207,0.3341906666755676,0.3381000757217407,0.369314044713974,0.27564167976379395,0.24521119892597198,0.4054609537124634,0.23719269037246704,0.32417768239974976,0.35464924573898315
0.22207188606262207,0.3341906666755676,0.3381000757217407,0.369314044713974,0.27564167976379395,0.24521119892597198,0.4054609537124634,0.23719269037246704,0.32417768239974976,0.35464924573898315
0.22207188606262207,0.3341906666755676,0.3381000757217407,0.369314044713974,0.27564167976379395,0.24521119892597198,0.4054609537124634,0.23719269037246704,0.32417768239974976,0.35464924573898315
0.22207188606262207,0.3341906666755676,0.3381000757217407,0.369314044713974,0.27564167976379395,0.24521119892597198,0.4054609537124634,0.23719269037246704,0.32417768239974976,0.35464924573898315
0.22207188606262207,0.3341906666755676,0.3381000757217407,0.369314044713974,0.27564167976379395,0.24521119892597198,0.4054609537124634,0.23719269037246704,0.32417768239974976,0.35464924573898315
0.22207188606262207,0.3341906666755676,0.3381000757217407,0.369314044713974,0.27564167976379395,0.24521119892597198,0.4054609537124634,0.23719269037246704,0.32417768239974976,0.35464924573898315
0.22207188606262207,0.3341906666755676,0.3381000757217407,0.369314044713974,0.27564167976379395,0.24521119892597198,0.4054609537124634,0.23719269037246704,0.32417768239974976,0.35464924573898315
0.22207188606262207,0.3341906666755676,0.3381000757217407,0.369314044713974,0.27564167976379395,0.24521119892597198,0.4054609537124634,0.23719269037246704,0.32417768239974976,0.35464924573898315
0.22207188606262207,0.3341906666755676,0.3381000757217407,0.369314044713974,0.27564167976379395,0.24521119892597198,0.4054609537124634,0.23719269037246704,0.32417768239974976,0.35464924573898315
0.22207188606262207,0.3341906666755676,0.3381000757217407,0.369314044713974,0.27564167976379395,0.24521119892597198,0.4054609537124634,0.23719269037246704,0.32417768239974976,0.35464924573898315
0.22207188606262207,0.3341906666755676,0.3381000757217407,0.369314044713974,0.27564167976379395,0.24521119892597198,0.4054609537124634,0.23719269037246704,0.32417768239974976,0.35464924573898315
0.22207188606262207,0.3341906666755676,0.3381000757217407,0.369314044713974,0.27564167976379395,0.24521119892597198,0.4054609537124634,0.23719269037246704,0.32417768239974976,0.35464924573898315
0.22207188606262207,0.3341906666755676,0.3381000757217407,0.369314044713974,0.27564167976379395,0.24521119892597198,0.4054609537124634,0.23719269037246704,0.32417768239974976,0.35464924573898315
0.22207188606262207,0.3341906666755676,0.3381000757217407,0.369314044713974,0.27564167976379395,0.24521119892597198,0.4054609537124634,0.23719269037246704,0.32417768239974976,0.35464924573898315
0.22207188606262207,0.3341906666755676,0.3381000757217407,0.369314044713974,0.27564167976379395,0.24521119892597198,0.4054609537124634,0.23719269037246704,0.32417768239974976,0.35464924573898315
0.22207188606262207,0.3341906666755676,0.3381000757217407,0.369314044713974,0.27564167976379395,0.24521119892597198,0.4054609537124634,0.23719269037246704,0.32417768239974976,0.35464924573898315
0.22207188606262207,0.3341906666755676,0.3381000757217407,0.369314044713974,0.27564167976379395,0.24521119892597198,0.4054609537124634,0.23719269037246704,0.32417768239974976,0.35464924573898315
0.22207188606262207,0.3341906666755676,0.3381000757217407,0.369314044713974,0.27564167976379395,0.24521119892597198,0.4054609537124634,0.23719269037246704,0.32417768239974976,0.35464924573898315
0.22207188606262207,0.3341906666755676,0.3381000757217407,0.369314044713974,0.27564167976379395,0.24521119892597198,0.4054609537124634,0.23719269037246704,0.32417768239974976,0.35464924573898315
0.22207188606262207,0.3341906666755676,0.3381000757217407,0.369314044713974,0.27564167976379395,0.24521119892597198,0.4054609537124634,0.23719269037246704,0.32417768239974976,0.35464924573898315
0.22207188606262207,0.3341906666755676,0.3381000757217407,0.369314044713974,0.27564167976379395,0.24521119892597198,0.4054609537124634,0.23719269037246704,0.32417768239974976,0.35464924573898315
0.22207188606262207,0.3341906666755676,0.3381000757217407,0.369314044713974,0.27564167976379395,0.24521119892597198,0.4054609537124634,0.23719269037246704,0.32417768239974976,0.35464924573898315
0.22207188606262207,0.3341906666755676,0.3381000757217407,0.369314044713974,0.27564167976379395,0.24521119892597198,0.4054609537124634,0.23719269037246704,0.32417768239974976,0.35464924573898315
0.22207188606262207,0.3341906666755676,0.3381000757217407,0.369314044713974,0.27564167976379395,0.24521119892597198,0.4054609537124634,0.23719269037246704,0.32417768239974976,0.35464924573898315
0.22207188606262207,0.3341906666755676,0.3381000757217407,0.369314044713974,0.27564167976379395,0.24521119892597198,0.4054609537124634,0.23719269037246704,0.32417768239974976,0.35464924573898315
0.22207188606262207,0.3341906666755676,0.3381000757217407,0.369314044713974,0.27564167976379395,0.24521119892597198,0.4054609537124634,0.23719269037246704,0.32417768239974976,0.35464924573898315
0.22207188606262207,0.3341906666755676,0.3381000757217407,0.369314044713974,0.27564167976379395,0.24521119892597198,0.4054609537124634,0.23719269037246704,0.32417768239974976,0.35464924573898315
0.22207188606262207,0.3341906666755676,0.3381000757217407,0.369314044713974,0.27564167976379395,0.24521119892597198,0.4054609537124634,0.23719269037246704,0.32417768239974976,0.35464924573898315
0.22207188606262207,0.3341906666755676,0.3381000757217407,0.369314044713974,0.27564167976379395,0.24521119892597198,0.4054609537124634,0.23719269037246704,0.32417768239974976,0.35464924573898315
0.22207188606262207,0.3341906666755676,0.3381000757217407,0.369314044713974,0.27564167976379395,0.24521119892597198,0.4054609537124634,0.23719269037246704,0.32417768239974976,0.35464924573898315
0.22207188606262207,0.3341906666755676,0.3381000757217407,0.369314044713974,0.27564167976379395,0.24521119892597198,0.4054609537124634,0.23719269037246704,0.32417768239974976,0.35464924573898315
0.22207188606262207,0.3341906666755676,0.3381000757217407,0.369314044713974,0.27564167976379395,0.24521119892597198,0.4054609537124634,0.23719269037246704,0.32417768239974976,0.35464924573898315
0.22207188606262207,0.3341906666755676,0.3381000757217407,0.369314044713974,0.27564167976379395,0.24521119892597198,0.4054609537124634,0.23719269037246704,0.32417768239974976,0.35464924573898315
0.22207188606262207,0.3341906666755676,0.3381000757217407,0.369314044713974,0.27564167976379395,0.24521119892597198,0.4054609537124634,0.23719269037246704,0.32417768239974976,0.35464924573898315
0.22207188606262207,0.3341906666755676,0.3381000757217407,0.369314044713974,0.27564167976379395,0.24521119892597198,0.4054609537124634,0.23719269037246704,0.32417768239974976,0.35464924573898315
0.22207188606262207,0.3341906666755676,0.3381000757217407,0.369314044713974,0.27564167976379395,0.24521119892597198,0.4054609537124634,0.23719269037246704,0.32417768239974976,0.35464924573898315
0.22207188606262207,0.3341906666755676,0.3381000757217407,0.369314044713974,0.27564167976379395,0.24521119892597198,0.4054609537124634,0.23719269037246704,0.32417768239974976,0.35464924573898315
0.22207188606262207,0.3341906666755676,0.3381000757217407,0.369314044713974,0.27564167976379395,0.24521119892597198,0.4054609537124634,0.23719269037246704,0.32417768239974976,0.35464924573898315
0.22207188606262207,0.3341906666755676,0.3381000757217407,0.369314044713974,0.27564167976379395,0.24521119892597198,0.4054609537124634,0.23719269037246704,0.32417768239974976,0.35464924573898315
0.22207188606262207,0.3341906666755676,0.3381000757217407,0.369314044713974,0.27564167976379395,0.24521119892597198,0.4054609537124634,0.23719269037246704,0.32417768239974976,0.35464924573898315
0.22207188606262207,0.3341906666755676,0.3381000757217407,0.369314044713974,0.27564167976379395,0.24521119892597198,0.4054609537124634,0.23719269037246704,0.32417768239974976,0.35464924573898315
0.22207188606262207,0.3341906666755676,0.3381000757217407,0.369314044713974,0.27564167976379395,0.24521119892597198,0.4054609537124634,0.23719269037246704,0.32417768239974976,0.35464924573898315
0.22207188606262207,0.3341906666755676,0.3381000757217407,0.369314044713974,0.27564167976379395,0.24521119892597198,0.4054609537124634,0.23719269037246704,0.32417768239974976,0.35464924573898315
0.22207188606262207,0.3341906666755676,0.3381000757217407,0.369314044713974,0.27564167976379395,0.24521119892597198,0.4054609537124634,0.23719269037246704,0.32417768239974976,0.35464924573898315
0.22207188606262207,0.3341906666755676,0.3381000757217407,0.369314044713974,0.27564167976379395,0.24521119892597198,0.4054609537124634,0.23719269037246704,0.32417768239974976,0.35464924573898315
0.22207188606262207,0.3341906666755676,0.3381000757217407,0.369314044713974,0.27564167976379395,0.24521119892597198,0.4054609537124634,0.23719269037246704,0.32417768239974976,0.35464924573898315
0.22207188606262207,0.3341906666755676,0.3381000757217407,0.369314044713974,0.27564167976379395,0.24521119892597198,0.4054609537124634,0.23719269037246704,0.32417768239974976,0.35464924573898315
0.22207188606262207,0.3341906666755676,0.3381000757217407,0.369314044713974,0.27564167976379395,0.24521119892597198,0.4054609537124634,0.23719269037246704,0.32417768239974976,0.35464924573898315
0.22207188606262207,0.3341906666755676,0.3381000757217407,0.369314044713974,0.27564167976379395,0.24521119892597198,0.4054609537124634,0.23719269037246704,0.32417768239974976,0.35464924573898315
0.22207188606262207,0.3341906666755676,0.3381000757217407,0.369314044713974,0.27564167976379395,0.24521119892597198,0.4054609537124634,0.23719269037246704,0.32417768239974976,0.35464924573898315
0.22207188606262207,0.3341906666755676,0.3381000757217407,0.369314044713974,0.27564167976379395,0.24521119892597198,0.4054609537124634,0.23719269037246704,0.32417768239974976,0.35464924573898315
0.22207188606262207,0.3341906666755676,0.3381000757217407,0.369314044713974,0.27564167976379395,0.24521119892597198,0.4054609537124634,0.23719269037246704,0.32417768239974976,0.35464924573898315
0.22207188606262207,0.3341906666755676,0.3381000757217407,0.369314044713974,0.27564167976379395,0.24521119892597198,0.4054609537124634,0.23719269037246704,0.32417768239974976,0.35464924573898315
0.22207188606262207,0.3341906666755676,0.3381000757217407,0.369314044713974,0.27564167976379395,0.24521119892597198,0.4054609537124634,0.23719269037246704,0.32417768239974976,0.35464924573898315
0.22207188606262207,0.3341906666755676,0.3381000757217407,0.369314044713974,0.27564167976379395,0.24521119892597198,0.4054609537124634,0.23719269037246704,0.32417768239974976,0.35464924573898315
0.22207188606262207,0.3341906666755676,0.3381000757217407,0.369314044713974,0.27564167976379395,0.24521119892597198,0.4054609537124634,0.23719269037246704,0.32417768239974976,0.35464924573898315
0.22207188606262207,0.3341906666755676,0.3381000757217407,0.369314044713974,0.27564167976379395,0.24521119892597198,0.4054609537124634,0.23719269037246704,0.32417768239974976,0.35464924573898315
0.22207188606262207,0.3341906666755676,0.3381000757217407,0.369314044713974,0.27564167976379395,0.24521119892597198,0.4054609537124634,0.23719269037246704,0.32417768239974976,0.35464924573898315
0.22207188606262207,0.3341906666755676,0.3381000757217407,0.369314044713974,0.27564167976379395,0.24521119892597198,0.4054609537124634,0.23719269037246704,0.32417768239974976,0.35464924573898315
0.22207188606262207,0.3341906666755676,0.3381000757217407,0.369314044713974,0.27564167976379395,0.24521119892597198,0.4054609537124634,0.23719269037246704,0.32417768239974976,0.35464924573898315
0.22207188606262207,0.3341906666755676,0.3381000757217407,0.369314044713974,0.27564167976379395,0.24521119892597198,0.4054609537124634,0.23719269037246704,0.32417768239974976,0.35464924573898315
0.22207188606262207,0.3341906666755676,0.3381000757217407,0.369314044713974,0.27564167976379395,0.24521119892597198,0.4054609537124634,0.23719269037246704,0.32417768239974976,0.35464924573898315
0.22207188606262207,0.3341906666755676,0.3381000757217407,0.369314044713974,0.27564167976379395,0.24521119892597198,0.4054609537124634,0.23719269037246704,0.32417768239974976,0.35464924573898315
0.22207188606262207,0.3341906666755676,0.3381000757217407,0.369314044713974,0.27564167976379395,0.24521119892597198,0.4054609537124634,0.23719269037246704,0.32417768239974976,0.35464924573898315
0.22207188606262207,0.3341906666755676,0.3381000757217407,0.369314044713974,0.27564167976379395,0.24521119892597198,0.4054609537124634,0.23719269037246704,0.32417768239974976,0.35464924573898315
0.22207188606262207,0.3341906666755676,0.3381000757217407,0.369314044713974,0.27564167976379395,0.24521119892597198,0.4054609537124634,0.23719269037246704,0.32417768239974976,0.35464924573898315
0.2219538688659668,0.3339192271232605,0.3382285237312317,0.3689225912094116,0.27558434009552,0.24486975371837616,0.4052812457084656,0.23702366650104523,0.3240499496459961,0.35386425256729126
0.22183583676815033,0.33364781737327576,0.33835694193840027,0.368531197309494,0.2755269408226013,0.24452832341194153,0.4051015079021454,0.2368546426296234,0.32392218708992004,0.35307931900024414
0.22171780467033386,0.33337637782096863,0.33848536014556885,0.36813974380493164,0.2754696011543274,0.2441868931055069,0.4049217700958252,0.2366856336593628,0.3237944543361664,0.35229432582855225
0.2215997874736786,0.3331049084663391,0.3386137783527374,0.36774829030036926,0.2754122018814087,0.24384546279907227,0.4047420024871826,0.23651659488677979,0.32366669178009033,0.35150933265686035
0.22148177027702332,0.332833468914032,0.3387422263622284,0.36735689640045166,0.2753548324108124,0.24350401759147644,0.40456223487854004,0.23634755611419678,0.32353895902633667,0.35072436928749084
0.22136375308036804,0.33256202936172485,0.338870644569397,0.3669654428958893,0.27529746294021606,0.2431625872850418,0.40438252687454224,0.23617856204509735,0.32341116666793823,0.34993937611579895
0.22124572098255157,0.3322905898094177,0.33899909257888794,0.3665739893913269,0.27524006366729736,0.24282114207744598,0.40420278906822205,0.23600952327251434,0.32328343391418457,0.34915441274642944
0.2211277037858963,0.3320191502571106,0.3391275107860565,0.3661825656890869,0.27518272399902344,0.24247971177101135,0.40402308106422424,0.23584051430225372,0.3231557011604309,0.34836941957473755
0.22100968658924103,0.33174774050712585,0.3392559289932251,0.3657911419868469,0.27512532472610474,0.24213828146457672,0.40384331345558167,0.2356714904308319,0.32302793860435486,0.34758448600769043
0.22089165449142456,0.3314763009548187,0.33938437700271606,0.36539968848228455,0.2750679552555084,0.2417968511581421,0.4036635756492615,0.2355024665594101,0.3229001760482788,0.34679949283599854
0.2207736372947693,0.3312048614025116,0.33951276540756226,0.36500826478004456,0.2750105857849121,0.24145542085170746,0.4034838378429413,0.23533344268798828,0.32277244329452515,0.34601449966430664
0.220655620098114,0.3309333920478821,0.3396412134170532,0.36461684107780457,0.2749532163143158,0.24111397564411163,0.4033040702342987,0.23516443371772766,0.3226446509361267,0.34522953629493713
0.22053758800029755,0.33066195249557495,0.3397696316242218,0.3642253875732422,0.2748958468437195,0.240772545337677,0.4031243324279785,0.23499539494514465,0.32251691818237305,0.3444445729255676
0.22041955590248108,0.3303905129432678,0.33989807963371277,0.3638339638710022,0.27483847737312317,0.24043111503124237,0.4029446244239807,0.23482635617256165,0.322389155626297,0.34365957975387573
0.220301553606987,0.3301190733909607,0.34002649784088135,0.3634425401687622,0.27478107810020447,0.24008968472480774,0.40276485681533813,0.23465736210346222,0.32226142287254333,0.34287458658218384
0.22018352150917053,0.32984766364097595,0.3401549458503723,0.36305108666419983,0.27472370862960815,0.23974823951721191,0.40258514881134033,0.2344883233308792,0.3221336603164673,0.3420896530151367
0.22006550431251526,0.32957619428634644,0.3402833342552185,0.36265963315963745,0.27466636896133423,0.23940682411193848,0.40240541100502014,0.2343193143606186,0.3220059275627136,0.3413046598434448
0.21994748711585999,0.3293047547340393,0.3404117822647095,0.36226823925971985,0.2746089994907379,0.23906537890434265,0.4022256135940552,0.23415029048919678,0.3218781650066376,0.34051966667175293
0.2198294699192047,0.3290333151817322,0.34054020047187805,0.36187678575515747,0.2745516002178192,0.23872393369674683,0.4020459055900574,0.23398126661777496,0.3217504024505615,0.33973467350006104
0.21971142292022705,0.32876190543174744,0.34066861867904663,0.3614853322505951,0.2744942307472229,0.238382488489151,0.4018661677837372,0.23381224274635315,0.32162266969680786,0.33894971013069153
0.21959342062473297,0.3284904360771179,0.3407970666885376,0.3610939085483551,0.2744368314743042,0.23804107308387756,0.401686429977417,0.23364321887493134,0.3214949071407318,0.338164746761322
0.2194753885269165,0.3282189965248108,0.34092551469802856,0.3607024550437927,0.2743794918060303,0.23769964277744293,0.4015066921710968,0.23347419500350952,0.32136714458465576,0.3373797535896301
0.21935737133026123,0.32794758677482605,0.34105390310287476,0.36031103134155273,0.2743220925331116,0.2373581975698471,0.4013269543647766,0.2333051711320877,0.3212393820285797,0.33659476041793823
0.21923935413360596,0.3276761472225189,0.3411823511123657,0.35991957783699036,0.27426475286483765,0.23701678216457367,0.4011472463607788,0.2331361472606659,0.32111161947250366,0.3358098268508911
0.21912133693695068,0.3274046778678894,0.3413107991218567,0.359528124332428,0.27420735359191895,0.23667533695697784,0.40096744894981384,0.23296712338924408,0.32098388671875,0.3350248336791992
0.2190033197402954,0.3271332383155823,0.3414391875267029,0.3591367304325104,0.274150013923645,0.2363339066505432,0.40078774094581604,0.23279811441898346,0.32085612416267395,0.3342398703098297
0.21888528764247894,0.32686179876327515,0.34156763553619385,0.358745276927948,0.2740926146507263,0.2359924614429474,0.40060800313949585,0.23262909054756165,0.3207283616065979,0.3334548771381378
0.21876725554466248,0.326590359210968,0.3416960537433624,0.358353853225708,0.27403524518013,0.23565104603767395,0.40042823553085327,0.23246006667613983,0.32060062885284424,0.3326699137687683
0.2186492383480072,0.3263188898563385,0.3418245017528534,0.357962429523468,0.2739778757095337,0.23530960083007812,0.40024852752685547,0.23229104280471802,0.3204728662967682,0.3318849205970764
0.21853122115135193,0.32604748010635376,0.341952919960022,0.35757097601890564,0.273920476436615,0.2349681705236435,0.4000687897205353,0.2321220338344574,0.3203451335430145,0.3310999274253845
0.21841320395469666,0.32577604055404663,0.34208133816719055,0.35717952251434326,0.27386313676834106,0.23462672531604767,0.3998890221118927,0.2319529950618744,0.3202173709869385,0.3303149938583374
0.21829518675804138,0.3255046308040619,0.34220975637435913,0.35678812861442566,0.27380576729774475,0.23428529500961304,0.3997092843055725,0.23178397119045258,0.3200896382331848,0.3295300006866455
0.21817713975906372,0.3252331614494324,0.3423382043838501,0.3563966751098633,0.27374839782714844,0.2339438498020172,0.3995295464992523,0.23161494731903076,0.3199618458747864,0.328745037317276
0.21805912256240845,0.32496172189712524,0.3424666225910187,0.3560052216053009,0.27369099855422974,0.23360241949558258,0.39934980869293213,0.23144593834877014,0.3198341131210327,0.3279600441455841
0.21794110536575317,0.3246902823448181,0.34259504079818726,0.3556137681007385,0.2736336290836334,0.23326098918914795,0.39917007088661194,0.23127691447734833,0.31970635056495667,0.3271750509738922
0.2178231030702591,0.324418842792511,0.3427234888076782,0.3552223742008209,0.2735762596130371,0.23291955888271332,0.39899033308029175,0.2311078906059265,0.319578617811203,0.3263900876045227
0.21770507097244263,0.32414737343788147,0.3428519070148468,0.35483092069625854,0.2735188901424408,0.2325781285762787,0.39881062507629395,0.2309388518333435,0.31945085525512695,0.3256050944328308
0.21758705377578735,0.32387596368789673,0.3429803252220154,0.35443946719169617,0.2734615206718445,0.23223668336868286,0.39863085746765137,0.23076984286308289,0.3193231225013733,0.3248201608657837
0.2174690067768097,0.3236045241355896,0.34310877323150635,0.35404807329177856,0.27340415120124817,0.23189526796340942,0.3984511196613312,0.23060081899166107,0.31919533014297485,0.3240351676940918
0.2173510044813156,0.32333308458328247,0.3432372212409973,0.3536566197872162,0.27334678173065186,0.2315538227558136,0.398271381855011,0.23043179512023926,0.3190675973892212,0.3232501745223999
0.21723297238349915,0.32306161522865295,0.3433656096458435,0.3532651662826538,0.27328938245773315,0.23121239244937897,0.3980916142463684,0.23026277124881744,0.31893983483314514,0.3224652111530304
0.21711497008800507,0.3227901756763458,0.3434940576553345,0.3528737425804138,0.27323201298713684,0.23087096214294434,0.3979119062423706,0.23009374737739563,0.3188121020793915,0.3216802179813385
0.2169969379901886,0.3225187361240387,0.34362247586250305,0.35248231887817383,0.2731746435165405,0.2305295318365097,0.3977321684360504,0.229924738407135,0.31868433952331543,0.3208952248096466
0.21687892079353333,0.32224732637405396,0.34375089406967163,0.35209086537361145,0.2731172740459442,0.23018808662891388,0.39755240082740784,0.2297557145357132,0.3185565769672394,0.3201102614402771
0.21676090359687805,0.3219758868217468,0.3438793420791626,0.35169944167137146,0.2730599045753479,0.22984665632247925,0.39737269282341003,0.22958669066429138,0.31842881441116333,0.3193252980709076
0.21664288640022278,0.3217044472694397,0.3440077602863312,0.3513079881668091,0.2730025351047516,0.22950521111488342,0.39719292521476746,0.22941765189170837,0.31830108165740967,0.3185403347015381
0.21652483940124512,0.32143300771713257,0.34413617849349976,0.3509165644645691,0.2729451358318329,0.2291637808084488,0.39701318740844727,0.22924864292144775,0.318173348903656,0.3177553415298462
0.21640682220458984,0.32116156816482544,0.3442646265029907,0.3505251407623291,0.27288779616355896,0.22882233560085297,0.3968334496021271,0.22907961905002594,0.31804555654525757,0.3169703483581543
0.21628880500793457,0.3208900988101959,0.3443930447101593,0.3501336872577667,0.27283042669296265,0.22848090529441833,0.3966537117958069,0.22891059517860413,0.3179178237915039,0.3161853849887848
0.2161707878112793,0.3206186592578888,0.3445214629173279,0.34974223375320435,0.27277302742004395,0.2281394898891449,0.3964739739894867,0.2287415862083435,0.31779006123542786,0.3154004216194153
0.21605277061462402,0.32034721970558167,0.34464991092681885,0.34935081005096436,0.27271565794944763,0.22779804468154907,0.3962942361831665,0.2285725474357605,0.3176622986793518,0.3146154284477234
0.21593475341796875,0.3200758099555969,0.3447783589363098,0.34895938634872437,0.2726582884788513,0.22745661437511444,0.3961144983768463,0.22840353846549988,0.31753456592559814,0.3138304352760315
0.31782814860343933,0.4167712330818176,0.3287521302700043,0.5663512945175171,0.6865462064743042,0.35853639245033264,0.4843769371509552,0.3250807821750641,0.556676983833313,0.5838439464569092
0.31777822971343994,0.4168718457221985,0.3285083472728729,0.5664442181587219,0.6860133409500122,0.3583849370479584,0.48412764072418213,0.3249686360359192,0.5564845204353333,0.5840957760810852
0.31772831082344055,0.41697245836257935,0.32826459407806396,0.5665371417999268,0.685480535030365,0.3582335114479065,0.48387831449508667,0.32485654950141907,0.556291937828064,0.584347665309906
0.31767839193344116,0.4170730412006378,0.32802078127861023,0.5666301250457764,0.6849477291107178,0.35808202624320984,0.4836289882659912,0.32474443316459656,0.5560994148254395,0.5845994353294373
0.3176284730434418,0.4171736538410187,0.32777702808380127,0.5667230486869812,0.6844148635864258,0.3579305410385132,0.48337969183921814,0.32463228702545166,0.5559068918228149,0.5848512649536133
0.31757852435112,0.41727426648139954,0.3275332450866699,0.566815972328186,0.6838819980621338,0.3577790856361389,0.4831303656101227,0.32452017068862915,0.5557143688201904,0.5851031541824341
0.3175286054611206,0.4173748791217804,0.3272894620895386,0.5669088959693909,0.6833491325378418,0.35762766003608704,0.4828810691833496,0.32440805435180664,0.5555218458175659,0.5853549242019653
0.3174787163734436,0.41747546195983887,0.3270456790924072,0.5670018792152405,0.6828163266181946,0.35747620463371277,0.48263171315193176,0.32429593801498413,0.5553293228149414,0.5856068134307861
0.3174287676811218,0.4175760746002197,0.3268018960952759,0.5670948028564453,0.6822834610939026,0.3573246896266937,0.4823824167251587,0.32418379187583923,0.5551367998123169,0.5858585834503174
0.3173788785934448,0.4176766872406006,0.32655811309814453,0.5671877861022949,0.6817506551742554,0.35717323422431946,0.48213309049606323,0.3240717053413391,0.5549442768096924,0.5861104726791382
0.31732892990112305,0.41777727007865906,0.3263143301010132,0.5672807693481445,0.6812177896499634,0.3570218086242676,0.48188379406929016,0.3239595592021942,0.5547517538070679,0.5863623023033142
0.31727904081344604,0.4178778827190399,0.3260705769062042,0.5673736333847046,0.6806849241256714,0.3568703532218933,0.4816344678401947,0.3238474428653717,0.5545592308044434,0.5866141319274902
0.31722909212112427,0.4179784953594208,0.32582682371139526,0.5674665570259094,0.6801520586013794,0.35671889781951904,0.48138514161109924,0.3237352967262268,0.5543667078018188,0.5868659615516663
0.3171791732311249,0.41807910799980164,0.32558301091194153,0.5675595998764038,0.6796191930770874,0.3565673828125,0.4811358153820038,0.3236232101917267,0.5541741847991943,0.5871177911758423
0.3171292543411255,0.4181796908378601,0.32533925771713257,0.5676524639129639,0.6790863871574402,0.3564159572124481,0.4808865189552307,0.3235110640525818,0.5539816617965698,0.5873695611953735
0.3170793354511261,0.4182802736759186,0.3250954747200012,0.5677454471588135,0.6785535216331482,0.35626450181007385,0.48063719272613525,0.3233989477157593,0.5537891387939453,0.5876214504241943
0.3170294165611267,0.4183809161186218,0.3248516917228699,0.5678384304046631,0.678020715713501,0.3561130464076996,0.4803878664970398,0.32328683137893677,0.5535966157913208,0.5878732800483704
0.3169794976711273,0.4184815287590027,0.3246079087257385,0.5679313540458679,0.677487850189209,0.35596156120300293,0.4801385700702667,0.32317471504211426,0.5534040927886963,0.5881251096725464
0.31692957878112793,0.41858211159706116,0.3243641257286072,0.5680242776870728,0.676954984664917,0.35581010580062866,0.4798892140388489,0.32306259870529175,0.5532115697860718,0.5883769392967224
0.31687965989112854,0.418682724237442,0.32412034273147583,0.5681172013282776,0.676422119140625,0.3556586503982544,0.4796399176120758,0.32295048236846924,0.5530189871788025,0.5886287689208984
0.31682974100112915,0.4187833368778229,0.3238765597343445,0.5682101845741272,0.6758893132209778,0.3555071949958801,0.47939059138298035,0.32283836603164673,0.552826464176178,0.5888805985450745
0.3167797923088074,0.41888391971588135,0.32363277673721313,0.568303108215332,0.6753564476966858,0.35535570979118347,0.4791412949562073,0.32272621989250183,0.5526339411735535,0.5891324281692505
0.31672990322113037,0.4189845323562622,0.3233889937400818,0.5683960318565369,0.6748236417770386,0.3552042841911316,0.4788919687271118,0.3226141333580017,0.552441418170929,0.5893842577934265
0.3166799545288086,0.41908514499664307,0.32314521074295044,0.5684890151023865,0.6742907166481018,0.35505279898643494,0.47864264249801636,0.3225019872188568,0.5522488951683044,0.5896360874176025
0.3166300654411316,0.4191857576370239,0.3229014277458191,0.5685819387435913,0.6737579107284546,0.35490134358406067,0.4783933162689209,0.3223898708820343,0.5520563721656799,0.5898879170417786
0.3165801465511322,0.4192863404750824,0.32265767455101013,0.5686749219894409,0.6732250452041626,0.354749858379364,0.4781440198421478,0.3222777247428894,0.5518638491630554,0.5901397466659546
0.3165301978588104,0.41938695311546326,0.3224138915538788,0.5687679052352905,0.6726921796798706,0.35459843277931213,0.47789469361305237,0.3221656382083893,0.5516713261604309,0.5903916358947754
0.31648027896881104,0.4194875657558441,0.32217010855674744,0.5688607692718506,0.6721593141555786,0.35444697737693787,0.4776453971862793,0.3220534920692444,0.5514788031578064,0.5906434059143066
0.31643036007881165,0.419588178396225,0.3219263553619385,0.5689537525177002,0.6716265082359314,0.3542954921722412,0.47739607095718384,0.3219413757324219,0.5512862205505371,0.5908952355384827
0.31638044118881226,0.41968876123428345,0.32168257236480713,0.569046676158905,0.6710937023162842,0.35414400696754456,0.4771467447280884,0.32182925939559937,0.5510937571525574,0.5911470651626587
0.31633052229881287,0.4197893738746643,0.3214387893676758,0.5691395998001099,0.6705607771873474,0.3539925813674927,0.4768974184989929,0.32171714305877686,0.5509012341499329,0.5913988947868347
0.3162806034088135,0.41988998651504517,0.32119500637054443,0.5692325830459595,0.6700279712677002,0.3538411259651184,0.47664809226989746,0.32160502672195435,0.5507086515426636,0.5916507840156555
0.3162307143211365,0.41999056935310364,0.3209512233734131,0.5693255066871643,0.6694951057434082,0.35368964076042175,0.4763987958431244,0.32149291038513184,0.5505161285400391,0.5919025540351868
0.3161807656288147,0.4200911819934845,0.32070744037628174,0.5694184899330139,0.6689622402191162,0.3535381555557251,0.47614946961402893,0.3213807940483093,0.5503236055374146,0.5921543836593628
0.3161308467388153,0.42019182443618774,0.3204636573791504,0.5695114135742188,0.6684293746948242,0.3533867299556732,0.47590014338493347,0.32126864790916443,0.55013108253479,0.5924062728881836
0.3160809278488159,0.4202924370765686,0.32021987438201904,0.5696043968200684,0.667896568775177,0.35323527455329895,0.475650817155838,0.3211565315723419,0.5499385595321655,0.5926580429077148
0.31603100895881653,0.4203930199146271,0.3199760913848877,0.5696973204612732,0.667363703250885,0.3530838191509247,0.47540152072906494,0.3210444152355194,0.549746036529541,0.5929099321365356
0.31598109006881714,0.42049360275268555,0.31973233819007874,0.569790244102478,0.6668308973312378,0.352932333946228,0.4751521944999695,0.3209322988986969,0.5495535135269165,0.5931617617607117
0.31593117117881775,0.4205942153930664,0.3194885551929474,0.5698831677436829,0.666297972202301,0.35278087854385376,0.4749028980731964,0.320820152759552,0.549360990524292,0.5934135913848877
0.31588125228881836,0.42069482803344727,0.3192448019981384,0.5699761509895325,0.6657651662826538,0.3526294231414795,0.47465357184410095,0.3207080364227295,0.5491684675216675,0.5936654210090637
0.3158313035964966,0.42079541087150574,0.3190010190010071,0.5700690746307373,0.6652323007583618,0.3524779677391052,0.4744042754173279,0.320595920085907,0.548975944519043,0.5939172506332397
0.3157814145088196,0.4208960235118866,0.31875723600387573,0.5701620578765869,0.6646994352340698,0.35232651233673096,0.47415491938591003,0.3204838037490845,0.5487834215164185,0.5941690802574158
0.3157314956188202,0.42099663615226746,0.3185134530067444,0.5702550411224365,0.6641666293144226,0.3521750271320343,0.4739055931568146,0.32037168741226196,0.548590898513794,0.5944209098815918
0.3156815767288208,0.4210972189903259,0.31826967000961304,0.5703479647636414,0.6636337637901306,0.35202357172966003,0.4736562967300415,0.32025957107543945,0.5483983755111694,0.594672679901123
0.315631628036499,0.4211978316307068,0.3180258870124817,0.5704408884048462,0.6631008982658386,0.35187211632728577,0.47340697050094604,0.32014745473861694,0.5482058525085449,0.5949245691299438
0.315581738948822,0.42129844427108765,0.31778210401535034,0.5705338716506958,0.6625680923461914,0.3517206609249115,0.473157674074173,0.32003530859947205,0.5480133295059204,0.5951763987541199
0.31553179025650024,0.4213990569114685,0.317538321018219,0.5706267952919006,0.6620352268218994,0.35156920552253723,0.4729083180427551,0.31992319226264954,0.5478207468986511,0.5954282283782959
0.31548187136650085,0.421499639749527,0.31729456782341003,0.5707197189331055,0.6615023612976074,0.3514177203178406,0.47265902161598206,0.319811075925827,0.5476282835006714,0.5956800580024719
0.31543195247650146,0.42160025238990784,0.3170507848262787,0.5708127021789551,0.6609694957733154,0.3512662649154663,0.4724096953868866,0.3196989595890045,0.5474357008934021,0.5959318280220032
0.3153820335865021,0.4217008650302887,0.31680700182914734,0.5709056258201599,0.6604366898536682,0.35111480951309204,0.4721603989601135,0.3195868134498596,0.5472431778907776,0.596183717250824
0.3153321146965027,0.42180147767066956,0.316563218832016,0.5709985494613647,0.6599038243293762,0.3509633541107178,0.47191107273101807,0.3194746971130371,0.5470507144927979,0.596435546875
0.3152821958065033,0.421902060508728,0.31631946563720703,0.5710915327072144,0.6593709588050842,0.3508118987083435,0.471661776304245,0.3193625807762146,0.5468581318855286,0.596687376499176
0.3152322769165039,0.4220026731491089,0.3160756826400757,0.571184515953064,0.658838152885437,0.35066041350364685,0.47141245007514954,0.3192504644393921,0.5466656684875488,0.596939206123352
0.3151823580265045,0.42210331559181213,0.31583189964294434,0.5712774395942688,0.658305287361145,0.35050898790359497,0.4711630940437317,0.3191383481025696,0.5464730858802795,0.5971910953521729
0.3151324391365051,0.4222038984298706,0.315588116645813,0.5713703632354736,0.657772421836853,0.3503575026988983,0.4709137976169586,0.31902623176574707,0.546280562877655,0.5974428653717041
0.31508252024650574,0.42230451107025146,0.31534433364868164,0.5714633464813232,0.657239556312561,0.35020604729652405,0.47066447138786316,0.3189140856266022,0.5460880398750305,0.5976947546005249
0.31503260135650635,0.4224051237106323,0.3151005506515503,0.5715562701225281,0.6567067503929138,0.3500545918941498,0.4704151749610901,0.31880199909210205,0.545895516872406,0.5979465246200562
0.31498268246650696,0.4225057363510132,0.31485676765441895,0.5716491937637329,0.6561738848686218,0.3499031364917755,0.47016581892967224,0.31868988275527954,0.5457029938697815,0.5981983542442322
0.31493276357650757,0.42260631918907166,0.3146129846572876,0.5717421770095825,0.6556410789489746,0.34975168108940125,0.46991652250289917,0.31857773661613464,0.545510470867157,0.5984501838684082
0.3148828446865082,0.4227069020271301,0.31436920166015625,0.5718351006507874,0.6551082134246826,0.3496001958847046,0.4696671962738037,0.3184656500816345,0.5453179478645325,0.5987020134925842
0.3148329257965088,0.422807514667511,0.3141254186630249,0.5719280242919922,0.6545753479003906,0.3494487404823303,0.46941789984703064,0.3183535039424896,0.545125424861908,0.598953902721405
0.314782977104187,0.42290812730789185,0.31388166546821594,0.5720210075378418,0.6540424823760986,0.34929731488227844,0.4691685736179352,0.3182413876056671,0.5449329018592834,0.599205732345581
0.31473308801651,0.4230087101459503,0.3136378526687622,0.5721139311790466,0.6535096764564514,0.3491458296775818,0.4689192771911621,0.3181292414665222,0.5447403788566589,0.5994575023651123
0.31468313932418823,0.4231093227863312,0.31339409947395325,0.5722068548202515,0.6529768109321594,0.34899434447288513,0.46866995096206665,0.3180171251296997,0.5445478558540344,0.5997093915939331
0.31463325023651123,0.42320993542671204,0.3131503164768219,0.5722998380661011,0.6524439454078674,0.34884288907051086,0.4684206247329712,0.3179050087928772,0.5443553328514099,0.5999612212181091
0.31458330154418945,0.4233105182647705,0.31290656328201294,0.5723927617073059,0.6519111394882202,0.348691463470459,0.46817129850387573,0.3177928924560547,0.5441628098487854,0.6002130508422852
0.31453341245651245,0.42341113090515137,0.3126627802848816,0.5724856853485107,0.6513782739639282,0.3485400080680847,0.4679219722747803,0.3176807761192322,0.5439702272415161,0.6004648804664612
0.3144834637641907,0.4235117435455322,0.31241899728775024,0.5725786685943604,0.6508454084396362,0.3483884930610657,0.4676726758480072,0.31756865978240967,0.5437777638435364,0.6007167100906372
0.3144335448741913,0.4236123561859131,0.3121752142906189,0.57267165184021,0.6503125429153442,0.3482370376586914,0.46742331981658936,0.31745651364326477,0.5435852408409119,0.6009685397148132
0.3143836259841919,0.42371293902397156,0.31193143129348755,0.5727645754814148,0.649779736995697,0.3480856120586395,0.4671740233898163,0.31734442710876465,0.5433926582336426,0.6012203693389893
0.3143337070941925,0.4238135516643524,0.3116876482963562,0.5728574991226196,0.649246871471405,0.34793415665626526,0.4669246971607208,0.31723228096961975,0.5432001948356628,0.6014721393585205
0.3142837882041931,0.42391419410705566,0.31144386529922485,0.5729504823684692,0.6487140655517578,0.3477826714515686,0.46667540073394775,0.31712016463279724,0.5430076122283936,0.6017240285873413
0.3142338693141937,0.42401477694511414,0.3112000823020935,0.5730433464050293,0.6481812000274658,0.34763118624687195,0.4664260745048523,0.31700804829597473,0.542815089225769,0.6019758582115173
0.31418395042419434,0.424115389585495,0.31095629930496216,0.5731363296508789,0.6476483345031738,0.34747976064682007,0.4661767780780792,0.3168959319591522,0.5426225662231445,0.6022276878356934
0.31413400173187256,0.42421600222587585,0.3107125461101532,0.5732293128967285,0.6471154689788818,0.3473283052444458,0.46592745184898376,0.3167837858200073,0.54243004322052,0.6024795174598694
0.31408411264419556,0.4243166148662567,0.31046879291534424,0.5733222365379333,0.6465826630592346,0.34717682003974915,0.4656781554222107,0.3166716694831848,0.5422375202178955,0.6027313470840454
0.31403419375419617,0.4244171977043152,0.3102249801158905,0.5734151601791382,0.6460497379302979,0.3470253348350525,0.46542879939079285,0.3165595531463623,0.542044997215271,0.6029831767082214
0.3139842748641968,0.42451781034469604,0.30998122692108154,0.5735081434249878,0.6455168724060059,0.3468739092350006,0.4651795029640198,0.3164474368095398,0.5418524146080017,0.6032350063323975
0.3139343559741974,0.4246184229850769,0.3097374439239502,0.5736010670661926,0.6449840664863586,0.34672245383262634,0.4649301767349243,0.3163353204727173,0.541659951210022,0.6034868359565735
0.313884437084198,0.42471903562545776,0.30949366092681885,0.5736939907073975,0.6444512605667114,0.3465709984302521,0.46468085050582886,0.3162232041358948,0.5414674282073975,0.6037386655807495
0.3138345181941986,0.42481961846351624,0.3092498779296875,0.5737869739532471,0.6439183950424194,0.3464195132255554,0.4644315242767334,0.3161110579967499,0.541274905204773,0.6039905548095703
0.31378456950187683,0.4249202013015747,0.30900609493255615,0.5738798975944519,0.6433855295181274,0.34626805782318115,0.46418219804763794,0.31599894165992737,0.5410823822021484,0.6042423248291016
0.31373465061187744,0.42502081394195557,0.3087623119354248,0.5739728212356567,0.6428526639938354,0.3461166024208069,0.46393290162086487,0.31588682532310486,0.5408897995948792,0.6044942140579224
0.31368476152420044,0.42512139678001404,0.30851855874061584,0.5740658044815063,0.6423198580741882,0.3459651470184326,0.4636835753917694,0.31577470898628235,0.5406973361968994,0.6047459840774536
0.31363481283187866,0.4252220094203949,0.3082748055458069,0.574158787727356,0.6417869925498962,0.34581366181373596,0.46343427896499634,0.31566256284713745,0.5405047535896301,0.6049978733062744
0.31358492374420166,0.42532262206077576,0.30803099274635315,0.5742517113685608,0.6412541270256042,0.3456622362136841,0.4631849527359009,0.31555047631263733,0.5403122901916504,0.6052496433258057
0.3135349750518799,0.4254232347011566,0.3077872395515442,0.5743446946144104,0.640721321105957,0.3455107510089874,0.4629356563091278,0.31543833017349243,0.5401197075843811,0.6055014729499817
0.3134850859642029,0.4255238175392151,0.30754345655441284,0.5744376182556152,0.640188455581665,0.34535929560661316,0.46268630027770996,0.3153262138366699,0.5399271845817566,0.6057533025741577
0.3134351372718811,0.42562443017959595,0.3072996735572815,0.5745306015014648,0.639655590057373,0.3452078104019165,0.4624370038509369,0.3152140974998474,0.5397347211837769,0.6060051918029785
0.3133852183818817,0.4257250726222992,0.30705589056015015,0.5746235251426697,0.639122724533081,0.3450563848018646,0.46218767762184143,0.3151019811630249,0.5395421385765076,0.6062570214271545
0.3133352994918823,0.42582568526268005,0.3068121075630188,0.5747164487838745,0.6385898590087891,0.34490492939949036,0.46193838119506836,0.31498983502388,0.5393496155738831,0.6065088510513306
0.31328538060188293,0.4259262681007385,0.30656832456588745,0.5748094320297241,0.6380570530891418,0.3447534441947937,0.4616890251636505,0.3148777484893799,0.5391570925712585,0.6067606210708618
0.31323546171188354,0.4260268807411194,0.3063245415687561,0.574902355670929,0.6375241875648499,0.34460195899009705,0.46143969893455505,0.314765602350235,0.538964569568634,0.6070124506950378
0.31318554282188416,0.42612749338150024,0.30608075857162476,0.5749952793121338,0.6369913816452026,0.34445053339004517,0.461190402507782,0.3146534860134125,0.5387720465660095,0.6072643399238586
0.31313562393188477,0.4262280762195587,0.3058369755744934,0.5750882625579834,0.6364585161209106,0.3442990779876709,0.4609410762786865,0.3145413398742676,0.538579523563385,0.6075161695480347
0.313085675239563,0.4263286888599396,0.30559319257736206,0.5751811861991882,0.6359256505966187,0.34414762258529663,0.46069177985191345,0.31442925333976746,0.5383869409561157,0.6077679991722107
0.313035786151886,0.42642930150032043,0.3053494393825531,0.5752741694450378,0.6353927850723267,0.3439961075782776,0.460442453622818,0.31431710720062256,0.538194477558136,0.6080198287963867
0.3129858374595642,0.4265299141407013,0.30510565638542175,0.5753670930862427,0.6348599791526794,0.3438446819782257,0.4601931571960449,0.31420499086380005,0.5380019545555115,0.6082716584205627
0.3129359483718872,0.42663049697875977,0.3048619031906128,0.5754600167274475,0.6343271136283875,0.34369322657585144,0.45994383096694946,0.3140929043292999,0.5378093719482422,0.6085234880447388
0.31288599967956543,0.4267311096191406,0.30461809039115906,0.5755529999732971,0.6337943077087402,0.3435417711734772,0.459694504737854,0.31398075819015503,0.5376168489456177,0.60877525806427
0.3128361105918884,0.4268317222595215,0.3043743371963501,0.575645923614502,0.6332613825798035,0.3433903157711029,0.45944517850875854,0.3138686418533325,0.5374243259429932,0.6090271472930908
0.31278619170188904,0.42693233489990234,0.30413055419921875,0.5757388472557068,0.6327285766601562,0.34323883056640625,0.4591958522796631,0.31375652551651,0.5372318029403687,0.6092789769172668
0.31273624300956726,0.4270329177379608,0.3038867712020874,0.5758318305015564,0.6321957111358643,0.343087375164032,0.4589465260505676,0.3136444091796875,0.5370392799377441,0.6095308065414429
0.31268632411956787,0.4271335005760193,0.30364298820495605,0.5759247541427612,0.6316628456115723,0.3429359197616577,0.45869719982147217,0.313532292842865,0.5368467569351196,0.6097826361656189
0.3126364052295685,0.42723411321640015,0.3033992052078247,0.5760177373886108,0.631130039691925,0.34278446435928345,0.4584479033946991,0.3134201765060425,0.5366542339324951,0.6100345253944397
0.3125864863395691,0.4273346960544586,0.30315542221069336,0.5761106610298157,0.6305971741676331,0.3426330089569092,0.45819857716560364,0.3133080303668976,0.5364617109298706,0.610286295413971
0.3125365674495697,0.4274353086948395,0.302911639213562,0.5762035846710205,0.6300643086433411,0.3424815237522125,0.45794928073883057,0.3131959140300751,0.5362691879272461,0.610538125038147
0.3124866485595703,0.42753592133522034,0.30266788601875305,0.5762965679168701,0.6295315027236938,0.34233006834983826,0.4576999545097351,0.31308379769325256,0.5360766649246216,0.610789954662323
0.3124367296695709,0.4276365637779236,0.3024240732192993,0.576389491558075,0.6289986371994019,0.342178612947464,0.45745065808296204,0.31297168135643005,0.5358841419219971,0.611041784286499
0.31238681077957153,0.42773714661598206,0.30218032002449036,0.5764824151992798,0.6284657716751099,0.3420271575450897,0.4572013318538666,0.31285953521728516,0.5356916189193726,0.6112936735153198
0.31233686208724976,0.4278377592563629,0.3019365668296814,0.5765753984451294,0.6279329657554626,0.34187570214271545,0.4569520056247711,0.31274741888046265,0.535499095916748,0.6115454435348511
0.31228697299957275,0.4279383718967438,0.30169278383255005,0.5766683220863342,0.6274001002311707,0.3417242169380188,0.45670267939567566,0.31263530254364014,0.5353065729141235,0.6117973327636719
0.312237024307251,0.42803898453712463,0.3014490008354187,0.5767612457275391,0.6268672347068787,0.34157276153564453,0.4564533829689026,0.3125231862068176,0.535114049911499,0.6120491623878479
0.312187135219574,0.4281395673751831,0.30120521783828735,0.5768542289733887,0.6263343691825867,0.34142130613327026,0.45620405673980713,0.3124110698699951,0.5349214673042297,0.6123009920120239
0.3121371865272522,0.42824018001556396,0.300961434841156,0.5769471526145935,0.6258015632629395,0.341269850730896,0.45595473051071167,0.3122989237308502,0.53472900390625,0.6125527620315552
0.3120872974395752,0.4283407926559448,0.30071765184402466,0.5770400762557983,0.6252686977386475,0.34111839532852173,0.4557054042816162,0.3121868371963501,0.5345364809036255,0.6128045916557312
0.3120373487472534,0.4284413754940033,0.3004738688468933,0.577133059501648,0.6247358322143555,0.3409669101238251,0.45545607805252075,0.3120746910572052,0.5343438982963562,0.6130564212799072
0.31198742985725403,0.42854198813438416,0.30023008584976196,0.5772259831428528,0.6242029666900635,0.3408154547214508,0.4552067816257477,0.3119625747203827,0.5341514348983765,0.613308310508728
0.31193751096725464,0.428642600774765,0.2999863028526306,0.5773189067840576,0.6236701607704163,0.34066399931907654,0.4549574553966522,0.3118504285812378,0.5339588522911072,0.6135600805282593
0.31188759207725525,0.4287432134151459,0.29974254965782166,0.5774118900299072,0.6231372952461243,0.34051254391670227,0.45470815896987915,0.31173834204673767,0.5337663888931274,0.6138119697570801
0.31183767318725586,0.42884379625320435,0.2994987666606903,0.5775048732757568,0.622604489326477,0.3403611183166504,0.4544588327407837,0.3116261959075928,0.5335738062858582,0.6140637993812561
0.31178775429725647,0.4289444088935852,0.29925501346588135,0.5775977969169617,0.6220716238021851,0.34020963311195374,0.4542095363140106,0.31151407957077026,0.5333812832832336,0.6143155694007874
0.3117378354072571,0.42904502153396606,0.2990112006664276,0.5776907205581665,0.6215387582778931,0.3400581479072571,0.4539601802825928,0.31140196323394775,0.5331887602806091,0.6145674586296082
0.3116878867149353,0.4291456341743469,0.29876744747161865,0.5777836441993713,0.6210058927536011,0.3399066925048828,0.4537108838558197,0.31128984689712524,0.5329962372779846,0.6148192882537842
0.3116379976272583,0.4292462170124054,0.2985236644744873,0.577876627445221,0.6204730868339539,0.33975526690483093,0.45346155762672424,0.31117770075798035,0.5328037738800049,0.6150711178779602
0.3115880489349365,0.42934682965278625,0.29827988147735596,0.5779695510864258,0.6199401617050171,0.33960381150245667,0.4532122313976288,0.3110656142234802,0.5326111316680908,0.6153229475021362
0.3115381598472595,0.4294474422931671,0.2980360984802246,0.5780625343322754,0.6194073557853699,0.3394522964954376,0.4529629051685333,0.3109534978866577,0.5324186086654663,0.6155747771263123
0.31148824095726013,0.4295480251312256,0.29779231548309326,0.5781554579734802,0.6188745498657227,0.33930084109306335,0.45271360874176025,0.3108413517475128,0.5322260856628418,0.6158266067504883
0.31143832206726074,0.42964863777160645,0.2975485324859619,0.5782483816146851,0.6183416843414307,0.3391494154930115,0.4524642825126648,0.3107292652130127,0.5320336222648621,0.6160784959793091
0.31138837337493896,0.4297492504119873,0.29730474948883057,0.5783413648605347,0.6178088188171387,0.3389979600906372,0.45221495628356934,0.3106171190738678,0.5318410396575928,0.6163302659988403
0.3113384544849396,0.42984986305236816,0.2970609962940216,0.5784343481063843,0.6172759532928467,0.33884644508361816,0.45196565985679626,0.3105050027370453,0.531648576259613,0.6165820956230164
0.3112885355949402,0.42995044589042664,0.29681721329689026,0.5785273313522339,0.6167431473731995,0.3386949896812439,0.4517163336277008,0.3103928565979004,0.5314559936523438,0.6168339252471924
0.3112386167049408,0.4300510585308075,0.2965734004974365,0.578620195388794,0.6162102818489075,0.338543564081192,0.45146703720092773,0.3102807402610779,0.5312634706497192,0.6170857548713684
0.3111886978149414,0.43015167117118835,0.2963296175003052,0.5787131786346436,0.6156774759292603,0.33839210867881775,0.4512176811695099,0.31016862392425537,0.5310709476470947,0.6173375844955444
0.311138778924942,0.4302522540092468,0.2960858643054962,0.5788061618804932,0.6151445508003235,0.3382406234741211,0.4509683847427368,0.31005650758743286,0.5308784246444702,0.6175894141197205
0.3110888600349426,0.4303528666496277,0.29584208130836487,0.578899085521698,0.6146117448806763,0.33808913826942444,0.45071905851364136,0.30994439125061035,0.5306859016418457,0.6178412437438965
0.31103894114494324,0.43045347929000854,0.2955983281135559,0.5789920091629028,0.6140788793563843,0.33793771266937256,0.4504697322845459,0.30983227491378784,0.5304933786392212,0.6180930733680725
0.31098902225494385,0.4305540919303894,0.29535454511642456,0.5790849924087524,0.6135460734367371,0.3377862572669983,0.45022040605545044,0.30972012877464294,0.5303008556365967,0.6183449029922485
0.31093910336494446,0.4306546747684479,0.2951107621192932,0.5791779160499573,0.6130131483078003,0.33763477206230164,0.44997110962867737,0.3096080422401428,0.5301083326339722,0.6185967922210693
0.31088918447494507,0.43075528740882874,0.29486697912216187,0.5792708396911621,0.6124803423881531,0.33748331665992737,0.4497217833995819,0.3094958961009979,0.5299158096313477,0.6188485622406006
0.3108392655849457,0.4308559000492096,0.2946231961250305,0.5793637633323669,0.6119474768638611,0.3373318612575531,0.44947248697280884,0.3093837797641754,0.5297232866287231,0.6191003918647766
0.3107893466949463,0.43095651268959045,0.29437941312789917,0.5794567465782166,0.6114146709442139,0.33718040585517883,0.4492231607437134,0.3092716634273529,0.5295307636260986,0.6193522810935974
0.3107394278049469,0.4310570955276489,0.2941356301307678,0.5795496702194214,0.6108817458152771,0.33702895045280457,0.4489738345146179,0.3091595470905304,0.5293382406234741,0.6196041107177734
0.3106895089149475,0.4311577081680298,0.2938918471336365,0.579642653465271,0.6103489398956299,0.3368774652481079,0.44872453808784485,0.3090474009513855,0.5291457176208496,0.6198558807373047
0.31063956022262573,0.43125832080841064,0.2936480939388275,0.5797355771064758,0.6098160743713379,0.33672603964805603,0.4484752118587494,0.308935284614563,0.5289531946182251,0.6201077699661255
0.31058967113494873,0.4313589334487915,0.29340431094169617,0.5798285603523254,0.6092832684516907,0.3365745544433594,0.44822588562965393,0.3088231682777405,0.5287606716156006,0.6203595399856567
0.31053972244262695,0.43145954608917236,0.2931605279445648,0.5799214839935303,0.6087504029273987,0.3364230990409851,0.44797655940055847,0.30871105194091797,0.5285681486129761,0.6206114292144775
0.31048983335494995,0.4315601587295532,0.29291674494743347,0.5800144672393799,0.6082175374031067,0.33627161383628845,0.4477272629737854,0.30859893560409546,0.5283756256103516,0.6208632588386536
0.3104398846626282,0.4316607415676117,0.2926729917526245,0.5801073908805847,0.6076847314834595,0.3361201882362366,0.44747790694236755,0.30848681926727295,0.528183102607727,0.6211150884628296
0.31038999557495117,0.43176132440567017,0.29242920875549316,0.5802003145217896,0.6071518659591675,0.3359687328338623,0.4472286105155945,0.30837470293045044,0.5279905796051025,0.6213669180870056
0.3103400468826294,0.431861937046051,0.2921854257583618,0.5802932977676392,0.6066190004348755,0.33581724762916565,0.446979284286499,0.30826255679130554,0.527798056602478,0.6216186881065369
0.31029012799263,0.4319625496864319,0.29194164276123047,0.580386221408844,0.6060861349105835,0.335665762424469,0.44672998785972595,0.30815044045448303,0.5276055335998535,0.6218705773353577
0.3102402091026306,0.43206316232681274,0.2916978597640991,0.5804791450500488,0.6055533289909363,0.3355143368244171,0.4464806616306305,0.3080383539199829,0.5274129509925842,0.6221224069595337
0.3101902902126312,0.4321637451648712,0.2914540767669678,0.5805720686912537,0.6050204634666443,0.33536288142204285,0.4462313652038574,0.307926207780838,0.5272203683853149,0.6223741769790649
0.31014037132263184,0.4322643578052521,0.2912102937698364,0.5806650519371033,0.6044875979423523,0.3352114260196686,0.44598203897476196,0.3078140914440155,0.5270279049873352,0.6226260662078857
0.31009045243263245,0.43236497044563293,0.2909665107727051,0.5807579755783081,0.6039547324180603,0.33505991101264954,0.4457327127456665,0.3077019453048706,0.5268353819847107,0.6228778958320618
0.31004053354263306,0.4324655532836914,0.2907227575778961,0.5808509588241577,0.6034219264984131,0.33490848541259766,0.44548338651657104,0.3075898587703705,0.5266427993774414,0.6231297254562378
0.30999061465263367,0.43256616592407227,0.29047897458076477,0.5809438824653625,0.6028890609741211,0.3347570300102234,0.4452340602874756,0.3074777126312256,0.5264503359794617,0.6233816146850586
0.3099406957626343,0.4326667785644531,0.2902351915836334,0.5810368061065674,0.6023561954498291,0.3346055746078491,0.4449847638607025,0.3073655962944031,0.5262577533721924,0.6236333847045898
0.3098907768726349,0.432767391204834,0.28999143838882446,0.581129789352417,0.6018233895301819,0.33445408940315247,0.44473540782928467,0.3072534501552582,0.5260652899742126,0.6238852143287659
0.3098408579826355,0.43286797404289246,0.2897476553916931,0.5812227129936218,0.6012905240058899,0.3343026340007782,0.4444861114025116,0.30714136362075806,0.5258727073669434,0.6241370439529419
0.3097909390926361,0.4329685866832733,0.28950387239456177,0.5813156366348267,0.6007576584815979,0.33415117859840393,0.44423678517341614,0.30702921748161316,0.5256801843643188,0.6243888735771179
0.3097410202026367,0.4330691993236542,0.2892600893974304,0.5814086198806763,0.6002248525619507,0.33399972319602966,0.44398748874664307,0.30691710114479065,0.5254876613616943,0.624640703201294
0.30969110131263733,0.4331698417663574,0.2890163064002991,0.5815015435218811,0.5996919870376587,0.333848237991333,0.4437381625175476,0.30680495500564575,0.5252951383590698,0.6248925924301147
0.30964118242263794,0.4332704246044159,0.2887725234031677,0.5815945267677307,0.5991591215133667,0.33369681239128113,0.44348886609077454,0.30669286847114563,0.5251026153564453,0.625144362449646
0.30959123373031616,0.43337103724479675,0.2885287404060364,0.5816874504089355,0.5986262559890747,0.3335453271865845,0.4432395398616791,0.3065807521343231,0.5249100923538208,0.625396192073822
0.30954134464263916,0.4334716498851776,0.28828495740890503,0.5817803740501404,0.5980934500694275,0.3333938717842102,0.442990243434906,0.3064686059951782,0.5247176289558411,0.625648021697998
0.3094913959503174,0.4335722327232361,0.2880411744117737,0.58187335729599,0.5975605845451355,0.33324241638183594,0.44274091720581055,0.3063565194606781,0.5245250463485718,0.6258999109268188
