AZ_small_hydroelectric_1,CA_small_hydroelectric_1,CO_small_hydroelectric_1,ID_small_hydroelectric_1,MT_small_hydroelectric_1,NM_small_hydroelectric_1,NV_small_hydroelectric_1,OR_small_hydroelectric_1,UT_small_hydroelectric_1,WA_small_hydroelectric_1,WY_small_hydroelectric_1
0.2696317136287689,0.18377631902694702,0.34436219930648804,0.3163892924785614,0.32516640424728394,0.2648323178291321,0.22897103428840637,0.4463858902454376,0.2562638223171234,0.34322842955589294,0.13472424447536469
0.2696317136287689,0.18377631902694702,0.34436219930648804,0.3163892924785614,0.32516640424728394,0.2648323178291321,0.22897103428840637,0.4463858902454376,0.2562638223171234,0.34322842955589294,0.13472424447536469
0.2696317136287689,0.18377631902694702,0.34436219930648804,0.3163892924785614,0.32516640424728394,0.2648323178291321,0.22897103428840637,0.4463858902454376,0.2562638223171234,0.34322842955589294,0.13472424447536469
0.2696317136287689,0.18377631902694702,0.34436219930648804,0.3163892924785614,0.32516640424728394,0.2648323178291321,0.22897103428840637,0.4463858902454376,0.2562638223171234,0.34322842955589294,0.13472424447536469
0.2696317136287689,0.18377631902694702,0.34436219930648804,0.3163892924785614,0.32516640424728394,0.2648323178291321,0.22897103428840637,0.4463858902454376,0.2562638223171234,0.34322842955589294,0.13472424447536469
0.2696317136287689,0.18377631902694702,0.34436219930648804,0.3163892924785614,0.32516640424728394,0.2648323178291321,0.22897103428840637,0.4463858902454376,0.2562638223171234,0.34322842955589294,0.13472424447536469
0.2696317136287689,0.18377631902694702,0.34436219930648804,0.3163892924785614,0.32516640424728394,0.2648323178291321,0.22897103428840637,0.4463858902454376,0.2562638223171234,0.34322842955589294,0.13472424447536469
0.2696317136287689,0.18377631902694702,0.34436219930648804,0.3163892924785614,0.32516640424728394,0.2648323178291321,0.22897103428840637,0.4463858902454376,0.2562638223171234,0.34322842955589294,0.13472424447536469
0.2696317136287689,0.18377631902694702,0.34436219930648804,0.3163892924785614,0.32516640424728394,0.2648323178291321,0.22897103428840637,0.4463858902454376,0.2562638223171234,0.34322842955589294,0.13472424447536469
0.2696317136287689,0.18377631902694702,0.34436219930648804,0.3163892924785614,0.32516640424728394,0.2648323178291321,0.22897103428840637,0.4463858902454376,0.2562638223171234,0.34322842955589294,0.13472424447536469
0.2696317136287689,0.18377631902694702,0.34436219930648804,0.3163892924785614,0.32516640424728394,0.2648323178291321,0.22897103428840637,0.4463858902454376,0.2562638223171234,0.34322842955589294,0.13472424447536469
0.2696317136287689,0.18377631902694702,0.34436219930648804,0.3163892924785614,0.32516640424728394,0.2648323178291321,0.22897103428840637,0.4463858902454376,0.2562638223171234,0.34322842955589294,0.13472424447536469
0.2696317136287689,0.18377631902694702,0.34436219930648804,0.3163892924785614,0.32516640424728394,0.2648323178291321,0.22897103428840637,0.4463858902454376,0.2562638223171234,0.34322842955589294,0.13472424447536469
0.2696317136287689,0.18377631902694702,0.34436219930648804,0.3163892924785614,0.32516640424728394,0.2648323178291321,0.22897103428840637,0.4463858902454376,0.2562638223171234,0.34322842955589294,0.13472424447536469
0.2696317136287689,0.18377631902694702,0.34436219930648804,0.3163892924785614,0.32516640424728394,0.2648323178291321,0.22897103428840637,0.4463858902454376,0.2562638223171234,0.34322842955589294,0.13472424447536469
0.2696317136287689,0.18377631902694702,0.34436219930648804,0.3163892924785614,0.32516640424728394,0.2648323178291321,0.22897103428840637,0.4463858902454376,0.2562638223171234,0.34322842955589294,0.13472424447536469
0.2696317136287689,0.18377631902694702,0.34436219930648804,0.3163892924785614,0.32516640424728394,0.2648323178291321,0.22897103428840637,0.4463858902454376,0.2562638223171234,0.34322842955589294,0.13472424447536469
0.2696317136287689,0.18377631902694702,0.34436219930648804,0.3163892924785614,0.32516640424728394,0.2648323178291321,0.22897103428840637,0.4463858902454376,0.2562638223171234,0.34322842955589294,0.13472424447536469
0.2696317136287689,0.18377631902694702,0.34436219930648804,0.3163892924785614,0.32516640424728394,0.2648323178291321,0.22897103428840637,0.4463858902454376,0.2562638223171234,0.34322842955589294,0.13472424447536469
0.2696317136287689,0.18377631902694702,0.34436219930648804,0.3163892924785614,0.32516640424728394,0.2648323178291321,0.22897103428840637,0.4463858902454376,0.2562638223171234,0.34322842955589294,0.13472424447536469
0.2696317136287689,0.18377631902694702,0.34436219930648804,0.3163892924785614,0.32516640424728394,0.2648323178291321,0.22897103428840637,0.4463858902454376,0.2562638223171234,0.34322842955589294,0.13472424447536469
0.2696317136287689,0.18377631902694702,0.34436219930648804,0.3163892924785614,0.32516640424728394,0.2648323178291321,0.22897103428840637,0.4463858902454376,0.2562638223171234,0.34322842955589294,0.13472424447536469
0.2696317136287689,0.18377631902694702,0.34436219930648804,0.3163892924785614,0.32516640424728394,0.2648323178291321,0.22897103428840637,0.4463858902454376,0.2562638223171234,0.34322842955589294,0.13472424447536469
0.2696317136287689,0.18377631902694702,0.34436219930648804,0.3163892924785614,0.32516640424728394,0.2648323178291321,0.22897103428840637,0.4463858902454376,0.2562638223171234,0.34322842955589294,0.13472424447536469
0.2696317136287689,0.18377631902694702,0.34436219930648804,0.3163892924785614,0.32516640424728394,0.2648323178291321,0.22897103428840637,0.4463858902454376,0.2562638223171234,0.34322842955589294,0.13472424447536469
0.2696317136287689,0.18377631902694702,0.34436219930648804,0.3163892924785614,0.32516640424728394,0.2648323178291321,0.22897103428840637,0.4463858902454376,0.2562638223171234,0.34322842955589294,0.13472424447536469
0.2696317136287689,0.18377631902694702,0.34436219930648804,0.3163892924785614,0.32516640424728394,0.2648323178291321,0.22897103428840637,0.4463858902454376,0.2562638223171234,0.34322842955589294,0.13472424447536469
0.2696317136287689,0.18377631902694702,0.34436219930648804,0.3163892924785614,0.32516640424728394,0.2648323178291321,0.22897103428840637,0.4463858902454376,0.2562638223171234,0.34322842955589294,0.13472424447536469
0.2696317136287689,0.18377631902694702,0.34436219930648804,0.3163892924785614,0.32516640424728394,0.2648323178291321,0.22897103428840637,0.4463858902454376,0.2562638223171234,0.34322842955589294,0.13472424447536469
0.2696317136287689,0.18377631902694702,0.34436219930648804,0.3163892924785614,0.32516640424728394,0.2648323178291321,0.22897103428840637,0.4463858902454376,0.2562638223171234,0.34322842955589294,0.13472424447536469
0.2696317136287689,0.18377631902694702,0.34436219930648804,0.3163892924785614,0.32516640424728394,0.2648323178291321,0.22897103428840637,0.4463858902454376,0.2562638223171234,0.34322842955589294,0.13472424447536469
0.2696317136287689,0.18377631902694702,0.34436219930648804,0.3163892924785614,0.32516640424728394,0.2648323178291321,0.22897103428840637,0.4463858902454376,0.2562638223171234,0.34322842955589294,0.13472424447536469
0.2696317136287689,0.18377631902694702,0.34436219930648804,0.3163892924785614,0.32516640424728394,0.2648323178291321,0.22897103428840637,0.4463858902454376,0.2562638223171234,0.34322842955589294,0.13472424447536469
0.2696317136287689,0.18377631902694702,0.34436219930648804,0.3163892924785614,0.32516640424728394,0.2648323178291321,0.22897103428840637,0.4463858902454376,0.2562638223171234,0.34322842955589294,0.13472424447536469
0.2696317136287689,0.18377631902694702,0.34436219930648804,0.3163892924785614,0.32516640424728394,0.2648323178291321,0.22897103428840637,0.4463858902454376,0.2562638223171234,0.34322842955589294,0.13472424447536469
0.2696317136287689,0.18377631902694702,0.34436219930648804,0.3163892924785614,0.32516640424728394,0.2648323178291321,0.22897103428840637,0.4463858902454376,0.2562638223171234,0.34322842955589294,0.13472424447536469
0.2696317136287689,0.18377631902694702,0.34436219930648804,0.3163892924785614,0.32516640424728394,0.2648323178291321,0.22897103428840637,0.4463858902454376,0.2562638223171234,0.34322842955589294,0.13472424447536469
0.2696317136287689,0.18377631902694702,0.34436219930648804,0.3163892924785614,0.32516640424728394,0.2648323178291321,0.22897103428840637,0.4463858902454376,0.2562638223171234,0.34322842955589294,0.13472424447536469
0.2696317136287689,0.18377631902694702,0.34436219930648804,0.3163892924785614,0.32516640424728394,0.2648323178291321,0.22897103428840637,0.4463858902454376,0.2562638223171234,0.34322842955589294,0.13472424447536469
0.2696317136287689,0.18377631902694702,0.34436219930648804,0.3163892924785614,0.32516640424728394,0.2648323178291321,0.22897103428840637,0.4463858902454376,0.2562638223171234,0.34322842955589294,0.13472424447536469
0.2696317136287689,0.18377631902694702,0.34436219930648804,0.3163892924785614,0.32516640424728394,0.2648323178291321,0.22897103428840637,0.4463858902454376,0.2562638223171234,0.34322842955589294,0.13472424447536469
0.2696317136287689,0.18377631902694702,0.34436219930648804,0.3163892924785614,0.32516640424728394,0.2648323178291321,0.22897103428840637,0.4463858902454376,0.2562638223171234,0.34322842955589294,0.13472424447536469
0.2696317136287689,0.18377631902694702,0.34436219930648804,0.3163892924785614,0.32516640424728394,0.2648323178291321,0.22897103428840637,0.4463858902454376,0.2562638223171234,0.34322842955589294,0.13472424447536469
0.2696317136287689,0.18377631902694702,0.34436219930648804,0.3163892924785614,0.32516640424728394,0.2648323178291321,0.22897103428840637,0.4463858902454376,0.2562638223171234,0.34322842955589294,0.13472424447536469
0.2696317136287689,0.18377631902694702,0.34436219930648804,0.3163892924785614,0.32516640424728394,0.2648323178291321,0.22897103428840637,0.4463858902454376,0.2562638223171234,0.34322842955589294,0.13472424447536469
0.2696317136287689,0.18377631902694702,0.34436219930648804,0.3163892924785614,0.32516640424728394,0.2648323178291321,0.22897103428840637,0.4463858902454376,0.2562638223171234,0.34322842955589294,0.13472424447536469
0.2696317136287689,0.18377631902694702,0.34436219930648804,0.3163892924785614,0.32516640424728394,0.2648323178291321,0.22897103428840637,0.4463858902454376,0.2562638223171234,0.34322842955589294,0.13472424447536469
0.2696317136287689,0.18377631902694702,0.34436219930648804,0.3163892924785614,0.32516640424728394,0.2648323178291321,0.22897103428840637,0.4463858902454376,0.2562638223171234,0.34322842955589294,0.13472424447536469
0.2696317136287689,0.18377631902694702,0.34436219930648804,0.3163892924785614,0.32516640424728394,0.2648323178291321,0.22897103428840637,0.4463858902454376,0.2562638223171234,0.34322842955589294,0.13472424447536469
0.2696317136287689,0.18377631902694702,0.34436219930648804,0.3163892924785614,0.32516640424728394,0.2648323178291321,0.22897103428840637,0.4463858902454376,0.2562638223171234,0.34322842955589294,0.13472424447536469
0.2696317136287689,0.18377631902694702,0.34436219930648804,0.3163892924785614,0.32516640424728394,0.2648323178291321,0.22897103428840637,0.4463858902454376,0.2562638223171234,0.34322842955589294,0.13472424447536469
0.2696317136287689,0.18377631902694702,0.34436219930648804,0.3163892924785614,0.32516640424728394,0.2648323178291321,0.22897103428840637,0.4463858902454376,0.2562638223171234,0.34322842955589294,0.13472424447536469
0.2696317136287689,0.18377631902694702,0.34436219930648804,0.3163892924785614,0.32516640424728394,0.2648323178291321,0.22897103428840637,0.4463858902454376,0.2562638223171234,0.34322842955589294,0.13472424447536469
0.2696317136287689,0.18377631902694702,0.34436219930648804,0.3163892924785614,0.32516640424728394,0.2648323178291321,0.22897103428840637,0.4463858902454376,0.2562638223171234,0.34322842955589294,0.13472424447536469
0.2696317136287689,0.18377631902694702,0.34436219930648804,0.3163892924785614,0.32516640424728394,0.2648323178291321,0.22897103428840637,0.4463858902454376,0.2562638223171234,0.34322842955589294,0.13472424447536469
0.2696317136287689,0.18377631902694702,0.34436219930648804,0.3163892924785614,0.32516640424728394,0.2648323178291321,0.22897103428840637,0.4463858902454376,0.2562638223171234,0.34322842955589294,0.13472424447536469
0.2696317136287689,0.18377631902694702,0.34436219930648804,0.3163892924785614,0.32516640424728394,0.2648323178291321,0.22897103428840637,0.4463858902454376,0.2562638223171234,0.34322842955589294,0.13472424447536469
0.2696317136287689,0.18377631902694702,0.34436219930648804,0.3163892924785614,0.32516640424728394,0.2648323178291321,0.22897103428840637,0.4463858902454376,0.2562638223171234,0.34322842955589294,0.13472424447536469
0.2696317136287689,0.18377631902694702,0.34436219930648804,0.3163892924785614,0.32516640424728394,0.2648323178291321,0.22897103428840637,0.4463858902454376,0.2562638223171234,0.34322842955589294,0.13472424447536469
0.2696317136287689,0.18377631902694702,0.34436219930648804,0.3163892924785614,0.32516640424728394,0.2648323178291321,0.22897103428840637,0.4463858902454376,0.2562638223171234,0.34322842955589294,0.13472424447536469
0.2696317136287689,0.18377631902694702,0.34436219930648804,0.3163892924785614,0.32516640424728394,0.2648323178291321,0.22897103428840637,0.4463858902454376,0.2562638223171234,0.34322842955589294,0.13472424447536469
0.2696317136287689,0.18377631902694702,0.34436219930648804,0.3163892924785614,0.32516640424728394,0.2648323178291321,0.22897103428840637,0.4463858902454376,0.2562638223171234,0.34322842955589294,0.13472424447536469
0.2696317136287689,0.18377631902694702,0.34436219930648804,0.3163892924785614,0.32516640424728394,0.2648323178291321,0.22897103428840637,0.4463858902454376,0.2562638223171234,0.34322842955589294,0.13472424447536469
0.2696317136287689,0.18377631902694702,0.34436219930648804,0.3163892924785614,0.32516640424728394,0.2648323178291321,0.22897103428840637,0.4463858902454376,0.2562638223171234,0.34322842955589294,0.13472424447536469
0.2696317136287689,0.18377631902694702,0.34436219930648804,0.3163892924785614,0.32516640424728394,0.2648323178291321,0.22897103428840637,0.4463858902454376,0.2562638223171234,0.34322842955589294,0.13472424447536469
0.2696317136287689,0.18377631902694702,0.34436219930648804,0.3163892924785614,0.32516640424728394,0.2648323178291321,0.22897103428840637,0.4463858902454376,0.2562638223171234,0.34322842955589294,0.13472424447536469
0.2696317136287689,0.18377631902694702,0.34436219930648804,0.3163892924785614,0.32516640424728394,0.2648323178291321,0.22897103428840637,0.4463858902454376,0.2562638223171234,0.34322842955589294,0.13472424447536469
0.2696317136287689,0.18377631902694702,0.34436219930648804,0.3163892924785614,0.32516640424728394,0.2648323178291321,0.22897103428840637,0.4463858902454376,0.2562638223171234,0.34322842955589294,0.13472424447536469
0.2696317136287689,0.18377631902694702,0.34436219930648804,0.3163892924785614,0.32516640424728394,0.2648323178291321,0.22897103428840637,0.4463858902454376,0.2562638223171234,0.34322842955589294,0.13472424447536469
0.2696317136287689,0.18377631902694702,0.34436219930648804,0.3163892924785614,0.32516640424728394,0.2648323178291321,0.22897103428840637,0.4463858902454376,0.2562638223171234,0.34322842955589294,0.13472424447536469
0.2696317136287689,0.18377631902694702,0.34436219930648804,0.3163892924785614,0.32516640424728394,0.2648323178291321,0.22897103428840637,0.4463858902454376,0.2562638223171234,0.34322842955589294,0.13472424447536469
0.2696317136287689,0.18377631902694702,0.34436219930648804,0.3163892924785614,0.32516640424728394,0.2648323178291321,0.22897103428840637,0.4463858902454376,0.2562638223171234,0.34322842955589294,0.13472424447536469
0.2696317136287689,0.18377631902694702,0.34436219930648804,0.3163892924785614,0.32516640424728394,0.2648323178291321,0.22897103428840637,0.4463858902454376,0.2562638223171234,0.34322842955589294,0.13472424447536469
0.2696317136287689,0.18377631902694702,0.34436219930648804,0.3163892924785614,0.32516640424728394,0.2648323178291321,0.22897103428840637,0.4463858902454376,0.2562638223171234,0.34322842955589294,0.13472424447536469
0.2696317136287689,0.18377631902694702,0.34436219930648804,0.3163892924785614,0.32516640424728394,0.2648323178291321,0.22897103428840637,0.4463858902454376,0.2562638223171234,0.34322842955589294,0.13472424447536469
0.2696317136287689,0.18377631902694702,0.34436219930648804,0.3163892924785614,0.32516640424728394,0.2648323178291321,0.22897103428840637,0.4463858902454376,0.2562638223171234,0.34322842955589294,0.13472424447536469
0.2696317136287689,0.18377631902694702,0.34436219930648804,0.3163892924785614,0.32516640424728394,0.2648323178291321,0.22897103428840637,0.4463858902454376,0.2562638223171234,0.34322842955589294,0.13472424447536469
0.2696317136287689,0.18377631902694702,0.34436219930648804,0.3163892924785614,0.32516640424728394,0.2648323178291321,0.22897103428840637,0.4463858902454376,0.2562638223171234,0.34322842955589294,0.13472424447536469
0.2696317136287689,0.18377631902694702,0.34436219930648804,0.3163892924785614,0.32516640424728394,0.2648323178291321,0.22897103428840637,0.4463858902454376,0.2562638223171234,0.34322842955589294,0.13472424447536469
0.2696317136287689,0.18377631902694702,0.34436219930648804,0.3163892924785614,0.32516640424728394,0.2648323178291321,0.22897103428840637,0.4463858902454376,0.2562638223171234,0.34322842955589294,0.13472424447536469
0.2696317136287689,0.18377631902694702,0.34436219930648804,0.3163892924785614,0.32516640424728394,0.2648323178291321,0.22897103428840637,0.4463858902454376,0.2562638223171234,0.34322842955589294,0.13472424447536469
0.2696317136287689,0.18377631902694702,0.34436219930648804,0.3163892924785614,0.32516640424728394,0.2648323178291321,0.22897103428840637,0.4463858902454376,0.2562638223171234,0.34322842955589294,0.13472424447536469
0.2696317136287689,0.18377631902694702,0.34436219930648804,0.3163892924785614,0.32516640424728394,0.2648323178291321,0.22897103428840637,0.4463858902454376,0.2562638223171234,0.34322842955589294,0.13472424447536469
0.2696317136287689,0.18377631902694702,0.34436219930648804,0.3163892924785614,0.32516640424728394,0.2648323178291321,0.22897103428840637,0.4463858902454376,0.2562638223171234,0.34322842955589294,0.13472424447536469
0.2696317136287689,0.18377631902694702,0.34436219930648804,0.3163892924785614,0.32516640424728394,0.2648323178291321,0.22897103428840637,0.4463858902454376,0.2562638223171234,0.34322842955589294,0.13472424447536469
0.2696317136287689,0.18377631902694702,0.34436219930648804,0.3163892924785614,0.32516640424728394,0.2648323178291321,0.22897103428840637,0.4463858902454376,0.2562638223171234,0.34322842955589294,0.13472424447536469
0.2696317136287689,0.18377631902694702,0.34436219930648804,0.3163892924785614,0.32516640424728394,0.2648323178291321,0.22897103428840637,0.4463858902454376,0.2562638223171234,0.34322842955589294,0.13472424447536469
0.2696317136287689,0.18377631902694702,0.34436219930648804,0.3163892924785614,0.32516640424728394,0.2648323178291321,0.22897103428840637,0.4463858902454376,0.2562638223171234,0.34322842955589294,0.13472424447536469
0.2696317136287689,0.18377631902694702,0.34436219930648804,0.3163892924785614,0.32516640424728394,0.2648323178291321,0.22897103428840637,0.4463858902454376,0.2562638223171234,0.34322842955589294,0.13472424447536469
0.2696317136287689,0.18377631902694702,0.34436219930648804,0.3163892924785614,0.32516640424728394,0.2648323178291321,0.22897103428840637,0.4463858902454376,0.2562638223171234,0.34322842955589294,0.13472424447536469
0.2696317136287689,0.18377631902694702,0.34436219930648804,0.3163892924785614,0.32516640424728394,0.2648323178291321,0.22897103428840637,0.4463858902454376,0.2562638223171234,0.34322842955589294,0.13472424447536469
0.2696317136287689,0.18377631902694702,0.34436219930648804,0.3163892924785614,0.32516640424728394,0.2648323178291321,0.22897103428840637,0.4463858902454376,0.2562638223171234,0.34322842955589294,0.13472424447536469
0.2696317136287689,0.18377631902694702,0.34436219930648804,0.3163892924785614,0.32516640424728394,0.2648323178291321,0.22897103428840637,0.4463858902454376,0.2562638223171234,0.34322842955589294,0.13472424447536469
0.2696317136287689,0.18377631902694702,0.34436219930648804,0.3163892924785614,0.32516640424728394,0.2648323178291321,0.22897103428840637,0.4463858902454376,0.2562638223171234,0.34322842955589294,0.13472424447536469
0.2696317136287689,0.18377631902694702,0.34436219930648804,0.3163892924785614,0.32516640424728394,0.2648323178291321,0.22897103428840637,0.4463858902454376,0.2562638223171234,0.34322842955589294,0.13472424447536469
0.2696317136287689,0.18377631902694702,0.34436219930648804,0.3163892924785614,0.32516640424728394,0.2648323178291321,0.22897103428840637,0.4463858902454376,0.2562638223171234,0.34322842955589294,0.13472424447536469
0.2696317136287689,0.18377631902694702,0.34436219930648804,0.3163892924785614,0.32516640424728394,0.2648323178291321,0.22897103428840637,0.4463858902454376,0.2562638223171234,0.34322842955589294,0.13472424447536469
0.2696317136287689,0.18377631902694702,0.34436219930648804,0.3163892924785614,0.32516640424728394,0.2648323178291321,0.22897103428840637,0.4463858902454376,0.2562638223171234,0.34322842955589294,0.13472424447536469
0.2696317136287689,0.18377631902694702,0.34436219930648804,0.3163892924785614,0.32516640424728394,0.2648323178291321,0.22897103428840637,0.4463858902454376,0.2562638223171234,0.34322842955589294,0.13472424447536469
0.2696317136287689,0.18377631902694702,0.34436219930648804,0.3163892924785614,0.32516640424728394,0.2648323178291321,0.22897103428840637,0.4463858902454376,0.2562638223171234,0.34322842955589294,0.13472424447536469
0.2696317136287689,0.18377631902694702,0.34436219930648804,0.3163892924785614,0.32516640424728394,0.2648323178291321,0.22897103428840637,0.4463858902454376,0.2562638223171234,0.34322842955589294,0.13472424447536469
0.2696317136287689,0.18377631902694702,0.34436219930648804,0.3163892924785614,0.32516640424728394,0.2648323178291321,0.22897103428840637,0.4463858902454376,0.2562638223171234,0.34322842955589294,0.13472424447536469
0.2696317136287689,0.18377631902694702,0.34436219930648804,0.3163892924785614,0.32516640424728394,0.2648323178291321,0.22897103428840637,0.4463858902454376,0.2562638223171234,0.34322842955589294,0.13472424447536469
0.2696317136287689,0.18377631902694702,0.34436219930648804,0.3163892924785614,0.32516640424728394,0.2648323178291321,0.22897103428840637,0.4463858902454376,0.2562638223171234,0.34322842955589294,0.13472424447536469
0.2696317136287689,0.18377631902694702,0.34436219930648804,0.3163892924785614,0.32516640424728394,0.2648323178291321,0.22897103428840637,0.4463858902454376,0.2562638223171234,0.34322842955589294,0.13472424447536469
0.2696317136287689,0.18377631902694702,0.34436219930648804,0.3163892924785614,0.32516640424728394,0.2648323178291321,0.22897103428840637,0.4463858902454376,0.2562638223171234,0.34322842955589294,0.13472424447536469
0.2696317136287689,0.18377631902694702,0.34436219930648804,0.3163892924785614,0.32516640424728394,0.2648323178291321,0.22897103428840637,0.4463858902454376,0.2562638223171234,0.34322842955589294,0.13472424447536469
0.2696317136287689,0.18377631902694702,0.34436219930648804,0.3163892924785614,0.32516640424728394,0.2648323178291321,0.22897103428840637,0.4463858902454376,0.2562638223171234,0.34322842955589294,0.13472424447536469
0.2696317136287689,0.18377631902694702,0.34436219930648804,0.3163892924785614,0.32516640424728394,0.2648323178291321,0.22897103428840637,0.4463858902454376,0.2562638223171234,0.34322842955589294,0.13472424447536469
0.2696317136287689,0.18377631902694702,0.34436219930648804,0.3163892924785614,0.32516640424728394,0.2648323178291321,0.22897103428840637,0.4463858902454376,0.2562638223171234,0.34322842955589294,0.13472424447536469
0.2696317136287689,0.18377631902694702,0.34436219930648804,0.3163892924785614,0.32516640424728394,0.2648323178291321,0.22897103428840637,0.4463858902454376,0.2562638223171234,0.34322842955589294,0.13472424447536469
0.2696317136287689,0.18377631902694702,0.34436219930648804,0.3163892924785614,0.32516640424728394,0.2648323178291321,0.22897103428840637,0.4463858902454376,0.2562638223171234,0.34322842955589294,0.13472424447536469
0.2696317136287689,0.18377631902694702,0.34436219930648804,0.3163892924785614,0.32516640424728394,0.2648323178291321,0.22897103428840637,0.4463858902454376,0.2562638223171234,0.34322842955589294,0.13472424447536469
0.2696317136287689,0.18377631902694702,0.34436219930648804,0.3163892924785614,0.32516640424728394,0.2648323178291321,0.22897103428840637,0.4463858902454376,0.2562638223171234,0.34322842955589294,0.13472424447536469
0.2696317136287689,0.18377631902694702,0.34436219930648804,0.3163892924785614,0.32516640424728394,0.2648323178291321,0.22897103428840637,0.4463858902454376,0.2562638223171234,0.34322842955589294,0.13472424447536469
0.2696317136287689,0.18377631902694702,0.34436219930648804,0.3163892924785614,0.32516640424728394,0.2648323178291321,0.22897103428840637,0.4463858902454376,0.2562638223171234,0.34322842955589294,0.13472424447536469
0.2696317136287689,0.18377631902694702,0.34436219930648804,0.3163892924785614,0.32516640424728394,0.2648323178291321,0.22897103428840637,0.4463858902454376,0.2562638223171234,0.34322842955589294,0.13472424447536469
0.2696317136287689,0.18377631902694702,0.34436219930648804,0.3163892924785614,0.32516640424728394,0.2648323178291321,0.22897103428840637,0.4463858902454376,0.2562638223171234,0.34322842955589294,0.13472424447536469
0.2696317136287689,0.18377631902694702,0.34436219930648804,0.3163892924785614,0.32516640424728394,0.2648323178291321,0.22897103428840637,0.4463858902454376,0.2562638223171234,0.34322842955589294,0.13472424447536469
0.2696317136287689,0.18377631902694702,0.34436219930648804,0.3163892924785614,0.32516640424728394,0.2648323178291321,0.22897103428840637,0.4463858902454376,0.2562638223171234,0.34322842955589294,0.13472424447536469
0.2696317136287689,0.18377631902694702,0.34436219930648804,0.3163892924785614,0.32516640424728394,0.2648323178291321,0.22897103428840637,0.4463858902454376,0.2562638223171234,0.34322842955589294,0.13472424447536469
0.2696317136287689,0.18377631902694702,0.34436219930648804,0.3163892924785614,0.32516640424728394,0.2648323178291321,0.22897103428840637,0.4463858902454376,0.2562638223171234,0.34322842955589294,0.13472424447536469
0.2696317136287689,0.18377631902694702,0.34436219930648804,0.3163892924785614,0.32516640424728394,0.2648323178291321,0.22897103428840637,0.4463858902454376,0.2562638223171234,0.34322842955589294,0.13472424447536469
0.2696317136287689,0.18377631902694702,0.34436219930648804,0.3163892924785614,0.32516640424728394,0.2648323178291321,0.22897103428840637,0.4463858902454376,0.2562638223171234,0.34322842955589294,0.13472424447536469
0.2696317136287689,0.18377631902694702,0.34436219930648804,0.3163892924785614,0.32516640424728394,0.2648323178291321,0.22897103428840637,0.4463858902454376,0.2562638223171234,0.34322842955589294,0.13472424447536469
0.2696317136287689,0.18377631902694702,0.34436219930648804,0.3163892924785614,0.32516640424728394,0.2648323178291321,0.22897103428840637,0.4463858902454376,0.2562638223171234,0.34322842955589294,0.13472424447536469
0.2696317136287689,0.18377631902694702,0.34436219930648804,0.3163892924785614,0.32516640424728394,0.2648323178291321,0.22897103428840637,0.4463858902454376,0.2562638223171234,0.34322842955589294,0.13472424447536469
0.2696317136287689,0.18377631902694702,0.34436219930648804,0.3163892924785614,0.32516640424728394,0.2648323178291321,0.22897103428840637,0.4463858902454376,0.2562638223171234,0.34322842955589294,0.13472424447536469
0.2696317136287689,0.18377631902694702,0.34436219930648804,0.3163892924785614,0.32516640424728394,0.2648323178291321,0.22897103428840637,0.4463858902454376,0.2562638223171234,0.34322842955589294,0.13472424447536469
0.2696317136287689,0.18377631902694702,0.34436219930648804,0.3163892924785614,0.32516640424728394,0.2648323178291321,0.22897103428840637,0.4463858902454376,0.2562638223171234,0.34322842955589294,0.13472424447536469
0.2696317136287689,0.18377631902694702,0.34436219930648804,0.3163892924785614,0.32516640424728394,0.2648323178291321,0.22897103428840637,0.4463858902454376,0.2562638223171234,0.34322842955589294,0.13472424447536469
0.2696317136287689,0.18377631902694702,0.34436219930648804,0.3163892924785614,0.32516640424728394,0.2648323178291321,0.22897103428840637,0.4463858902454376,0.2562638223171234,0.34322842955589294,0.13472424447536469
0.2696317136287689,0.18377631902694702,0.34436219930648804,0.3163892924785614,0.32516640424728394,0.2648323178291321,0.22897103428840637,0.4463858902454376,0.2562638223171234,0.34322842955589294,0.13472424447536469
0.2696317136287689,0.18377631902694702,0.34436219930648804,0.3163892924785614,0.32516640424728394,0.2648323178291321,0.22897103428840637,0.4463858902454376,0.2562638223171234,0.34322842955589294,0.13472424447536469
0.2696317136287689,0.18377631902694702,0.34436219930648804,0.3163892924785614,0.32516640424728394,0.2648323178291321,0.22897103428840637,0.4463858902454376,0.2562638223171234,0.34322842955589294,0.13472424447536469
0.2696317136287689,0.18377631902694702,0.34436219930648804,0.3163892924785614,0.32516640424728394,0.2648323178291321,0.22897103428840637,0.4463858902454376,0.2562638223171234,0.34322842955589294,0.13472424447536469
0.2696317136287689,0.18377631902694702,0.34436219930648804,0.3163892924785614,0.32516640424728394,0.2648323178291321,0.22897103428840637,0.4463858902454376,0.2562638223171234,0.34322842955589294,0.13472424447536469
0.2696317136287689,0.18377631902694702,0.34436219930648804,0.3163892924785614,0.32516640424728394,0.2648323178291321,0.22897103428840637,0.4463858902454376,0.2562638223171234,0.34322842955589294,0.13472424447536469
0.2696317136287689,0.18377631902694702,0.34436219930648804,0.3163892924785614,0.32516640424728394,0.2648323178291321,0.22897103428840637,0.4463858902454376,0.2562638223171234,0.34322842955589294,0.13472424447536469
0.2696317136287689,0.18377631902694702,0.34436219930648804,0.3163892924785614,0.32516640424728394,0.2648323178291321,0.22897103428840637,0.4463858902454376,0.2562638223171234,0.34322842955589294,0.13472424447536469
0.2694610059261322,0.18389442563056946,0.3445417582988739,0.31635260581970215,0.32514649629592896,0.2647440731525421,0.22881439328193665,0.4463783800601959,0.2561790943145752,0.34319818019866943,0.1347236931324005
0.2692902684211731,0.1840125322341919,0.34472131729125977,0.3163159489631653,0.325126588344574,0.26465579867362976,0.22865773737430573,0.4463708698749542,0.2560943365097046,0.3431679606437683,0.13472314178943634
0.2691195607185364,0.18413063883781433,0.344900906085968,0.31627926230430603,0.3251067101955414,0.2645675241947174,0.228501096367836,0.4463633894920349,0.256009578704834,0.3431377410888672,0.13472259044647217
0.26894882321357727,0.18424876034259796,0.3450804650783539,0.3162425756454468,0.3250868320465088,0.26447924971580505,0.22834444046020508,0.4463558793067932,0.2559248208999634,0.34310752153396606,0.134722039103508
0.26877811551094055,0.1843668669462204,0.34526002407073975,0.3162058889865875,0.3250668942928314,0.2643909752368927,0.22818778455257416,0.4463483691215515,0.2558400630950928,0.34307727217674255,0.13472148776054382
0.26860740780830383,0.18448497354984283,0.345439612865448,0.31616920232772827,0.32504698634147644,0.26430273056030273,0.22803114354610443,0.4463408589363098,0.25575533509254456,0.34304702281951904,0.13472092151641846
0.2684367001056671,0.18460309505462646,0.3456191420555115,0.3161325454711914,0.32502707839012146,0.2642144560813904,0.22787447273731232,0.4463333785533905,0.25567057728767395,0.3430168032646179,0.13472037017345428
0.2682659924030304,0.1847212016582489,0.3457987308502197,0.31609582901000977,0.32500720024108887,0.264126181602478,0.2277178317308426,0.4463258683681488,0.25558584928512573,0.3429865539073944,0.1347198188304901
0.2680952548980713,0.18483929336071014,0.3459782898426056,0.3160591721534729,0.3249872922897339,0.2640379071235657,0.22756117582321167,0.4463183879852295,0.2555010914802551,0.3429563343524933,0.13471926748752594
0.26792454719543457,0.18495741486549377,0.34615787863731384,0.31602245569229126,0.3249673843383789,0.2639496326446533,0.22740453481674194,0.4463108479976654,0.2554163336753845,0.3429260849952698,0.13471871614456177
0.26775383949279785,0.1850755214691162,0.3463374376296997,0.3159857988357544,0.3249474763870239,0.26386135816574097,0.22724787890911102,0.4463033378124237,0.2553315758705139,0.34289586544036865,0.1347181499004364
0.26758313179016113,0.18519362807273865,0.34651699662208557,0.31594911217689514,0.32492756843566895,0.263773113489151,0.2270912230014801,0.4462958872318268,0.2552468180656433,0.34286561608314514,0.13471759855747223
0.2674124240875244,0.18531174957752228,0.34669655561447144,0.3159124255180359,0.32490766048431396,0.26368483901023865,0.22693458199501038,0.4462883472442627,0.2551620602607727,0.34283536672592163,0.13471704721450806
0.2672417163848877,0.1854298710823059,0.3468761444091797,0.31587573885917664,0.324887752532959,0.2635965645313263,0.22677791118621826,0.446280837059021,0.2550773322582245,0.3428051471710205,0.13471649587154388
0.2670709788799286,0.18554797768592834,0.34705570340156555,0.31583908200263977,0.324867844581604,0.26350829005241394,0.22662127017974854,0.4462733566761017,0.2549925744533539,0.3427749276161194,0.1347159445285797
0.26690027117729187,0.1856660693883896,0.3472352623939514,0.31580236554145813,0.324847936630249,0.2634200155735016,0.22646461427211761,0.4462658166885376,0.25490784645080566,0.3427446782588959,0.13471539318561554
0.26672953367233276,0.18578419089317322,0.34741485118865967,0.3157656788825989,0.32482802867889404,0.2633317708969116,0.2263079732656479,0.4462583363056183,0.25482308864593506,0.34271445870399475,0.13471482694149017
0.26655882596969604,0.18590229749679565,0.34759441018104553,0.315729022026062,0.32480812072753906,0.26324349641799927,0.22615131735801697,0.446250855922699,0.25473833084106445,0.34268420934677124,0.134714275598526
0.2663881182670593,0.1860204041004181,0.3477739691734314,0.31569233536720276,0.3247882127761841,0.2631552219390869,0.22599466145038605,0.4462433159351349,0.25465360283851624,0.3426539897918701,0.13471372425556183
0.2662174105644226,0.18613852560520172,0.34795355796813965,0.3156556487083435,0.3247683346271515,0.26306694746017456,0.22583802044391632,0.4462358057498932,0.25456881523132324,0.3426237404346466,0.13471317291259766
0.2660467028617859,0.18625663220882416,0.3481330871582031,0.31561899185180664,0.3247484266757965,0.2629786729812622,0.2256813645362854,0.4462283253669739,0.254484087228775,0.3425935208797455,0.13471262156963348
0.2658759653568268,0.1863747388124466,0.3483126759529114,0.315582275390625,0.32472851872444153,0.26289042830467224,0.22552470862865448,0.4462208151817322,0.2543993592262268,0.342563271522522,0.13471205532550812
0.26570525765419006,0.18649284541606903,0.34849220514297485,0.31554561853408813,0.32470861077308655,0.2628021538257599,0.22536805272102356,0.44621333479881287,0.2543145716190338,0.34253305196762085,0.13471150398254395
0.26553454995155334,0.18661096692085266,0.3486717939376831,0.3155089020729065,0.32468870282173157,0.26271387934684753,0.22521139681339264,0.44620582461357117,0.2542298436164856,0.34250280261039734,0.13471095263957977
0.2653638422489166,0.1867290735244751,0.34885135293006897,0.31547224521636963,0.324668824672699,0.2626256048679352,0.2250547558069229,0.4461982846260071,0.254145085811615,0.34247255325317383,0.1347104012966156
0.2651931345462799,0.18684718012809753,0.3490309417247772,0.3154355585575104,0.3246488869190216,0.2625373303890228,0.224898099899292,0.44619080424308777,0.2540603280067444,0.3424423336982727,0.13470984995365143
0.2650224268436432,0.18696530163288116,0.3492105007171631,0.3153988718986511,0.324629008769989,0.26244908571243286,0.22474145889282227,0.44618332386016846,0.25397560000419617,0.3424120843410492,0.13470928370952606
0.2648516893386841,0.1870834082365036,0.34939008951187134,0.31536218523979187,0.32460907101631165,0.2623608112335205,0.22458480298519135,0.44617578387260437,0.25389087200164795,0.34238186478614807,0.1347087323665619
0.27532827854156494,0.3802737593650818,0.34981048107147217,0.4950866103172302,0.3895229697227478,0.2941076159477234,0.2801951467990875,0.4123780429363251,0.3107817471027374,0.46480315923690796,0.5304449200630188
0.2751016616821289,0.38007768988609314,0.34976065158843994,0.4945513606071472,0.3890383839607239,0.29381126165390015,0.280046284198761,0.4123486280441284,0.3104685842990875,0.46420472860336304,0.5296968221664429
0.27487504482269287,0.3798815906047821,0.3497108221054077,0.494016170501709,0.38855379819869995,0.2935149371623993,0.27989739179611206,0.4123191833496094,0.31015545129776,0.4636063277721405,0.5289487838745117
0.27464842796325684,0.37968549132347107,0.3496609926223755,0.49348098039627075,0.388069212436676,0.29321858286857605,0.2797485589981079,0.4122897684574127,0.3098422884941101,0.46300792694091797,0.5282007455825806
0.2744217813014984,0.37948939204216003,0.34961116313934326,0.49294576048851013,0.3875846266746521,0.2929222285747528,0.27959969639778137,0.4122602939605713,0.309529185295105,0.46240952610969543,0.5274526476860046
0.2741951644420624,0.3792932629585266,0.34956130385398865,0.4924106001853943,0.3870999813079834,0.29262590408325195,0.27945080399513245,0.412230908870697,0.3092160224914551,0.4618110954761505,0.5267045497894287
0.27396854758262634,0.37909719347953796,0.3495114743709564,0.49187538027763367,0.3866153955459595,0.2923295497894287,0.2793019115924835,0.4122014343738556,0.3089028596878052,0.46121275424957275,0.5259565114974976
0.2737419307231903,0.37890109419822693,0.3494616448879242,0.49134016036987305,0.38613077998161316,0.29203319549560547,0.27915307879447937,0.41217198967933655,0.30858972668647766,0.46061432361602783,0.5252084136009216
0.2735153138637543,0.3787049949169159,0.34941181540489197,0.4908049702644348,0.38564616441726685,0.2917368710041046,0.27900421619415283,0.4121426045894623,0.30827659368515015,0.4600159227848053,0.5244603753089905
0.27328869700431824,0.37850889563560486,0.34936198592185974,0.4902697801589966,0.3851615786552429,0.29144051671028137,0.2788553237915039,0.41211313009262085,0.30796343088150024,0.45941752195358276,0.5237122774124146
0.2730620503425598,0.3783127963542938,0.3493121564388275,0.48973456025123596,0.384676992893219,0.29114416241645813,0.27870646119117737,0.4120837152004242,0.30765029788017273,0.45881909132003784,0.5229642391204834
0.2728354334831238,0.3781166970729828,0.3492623269557953,0.48919937014579773,0.3841923475265503,0.2908478379249573,0.27855759859085083,0.41205424070358276,0.3073371350765228,0.4582206904888153,0.5222162008285522
0.27260881662368774,0.37792059779167175,0.3492124676704407,0.4886641502380371,0.38370776176452637,0.29055148363113403,0.2784087657928467,0.4120248556137085,0.3070240020751953,0.4576222896575928,0.5214681029319763
0.2723821997642517,0.3777244985103607,0.34916266798973083,0.4881289601325989,0.38322317600250244,0.2902551591396332,0.27825984358787537,0.41199541091918945,0.3067108690738678,0.45702385902404785,0.5207200050354004
0.2721555829048157,0.3775283992290497,0.3491128385066986,0.48759377002716064,0.3827385902404785,0.28995880484580994,0.27811098098754883,0.4119659662246704,0.3063977360725403,0.4564254581928253,0.5199719667434692
0.27192890644073486,0.37733229994773865,0.349062979221344,0.4870585501194,0.3822540044784546,0.2896624505519867,0.2779621183872223,0.41193655133247375,0.3060845732688904,0.4558270573616028,0.5192239284515381
0.2717023193836212,0.3771362006664276,0.34901314973831177,0.4865233600139618,0.3817693591117859,0.28936612606048584,0.27781328558921814,0.4119071066379547,0.3057714104652405,0.45522862672805786,0.5184758305549622
0.2714757025241852,0.3769401013851166,0.34896332025527954,0.48598814010620117,0.38128477334976196,0.2890697717666626,0.2776643931865692,0.41187766194343567,0.30545827746391296,0.4546302258968353,0.517727792263031
0.27124905586242676,0.37674400210380554,0.3489134907722473,0.4854529798030853,0.38080018758773804,0.28877341747283936,0.2775155305862427,0.411848247051239,0.30514514446258545,0.45403188467025757,0.5169796943664551
0.2710224390029907,0.3765479028224945,0.3488636612892151,0.4849177300930023,0.38031554222106934,0.2884770929813385,0.27736663818359375,0.41181880235671997,0.30483198165893555,0.45343345403671265,0.5162316560745239
0.2707958221435547,0.37635180354118347,0.34881383180618286,0.4843825101852417,0.3798309862613678,0.28818073868751526,0.2772178053855896,0.4117893576622009,0.30451884865760803,0.4528350532054901,0.5154836177825928
0.27056920528411865,0.37615570425987244,0.34876400232315063,0.48384734988212585,0.3793463706970215,0.287884384393692,0.2770689129829407,0.4117599427700043,0.3042057156562805,0.4522366523742676,0.5147355198860168
0.2703425884246826,0.3759596049785614,0.3487141728401184,0.48331212997436523,0.37886175513267517,0.28758805990219116,0.27692005038261414,0.41173049807548523,0.3038925528526306,0.45163822174072266,0.5139874219894409
0.2701159715652466,0.37576350569725037,0.3486643433570862,0.482776939868927,0.37837716937065125,0.2872917056083679,0.2767711877822876,0.4117010533809662,0.3035794198513031,0.4510398209095001,0.5132393836975098
0.26988932490348816,0.3755674362182617,0.34861451387405396,0.48224174976348877,0.37789255380630493,0.2869953513145447,0.27662232518196106,0.41167163848876953,0.3032662868499756,0.4504414200782776,0.5124912858009338
0.2696627080440521,0.3753713369369507,0.34856468439102173,0.48170650005340576,0.377407968044281,0.2866990268230438,0.2764734625816345,0.4116421937942505,0.3029531240463257,0.44984298944473267,0.5117432475090027
0.2694360613822937,0.37517523765563965,0.3485148549079895,0.4811713695526123,0.3769233822822571,0.2864026725292206,0.2763245701789856,0.41161274909973145,0.3026399612426758,0.44924458861351013,0.5109951496124268
0.26920944452285767,0.3749791383743286,0.3484650254249573,0.4806361198425293,0.3764387369155884,0.28610631823539734,0.27617570757865906,0.4115833342075348,0.30232682824134827,0.4486461877822876,0.5102471113204956
0.26898282766342163,0.3747830390930176,0.34841519594192505,0.48010092973709106,0.37595415115356445,0.2858099937438965,0.27602681517601013,0.41155388951301575,0.30201369524002075,0.4480477571487427,0.5094990730285645
0.2687562108039856,0.37458693981170654,0.3483653664588928,0.47956573963165283,0.3754695653915405,0.28551363945007324,0.275877982378006,0.4115244746208191,0.30170056223869324,0.44744935631752014,0.5087509751319885
0.26852959394454956,0.3743908405303955,0.3483155369758606,0.4790305197238922,0.3749849498271942,0.28521728515625,0.27572911977767944,0.41149500012397766,0.30138739943504333,0.4468509554862976,0.5080028772354126
0.2683029770851135,0.3741947412490845,0.34826570749282837,0.4784952998161316,0.3745003342628479,0.28492096066474915,0.2755802571773529,0.4114656150341034,0.3010742664337158,0.44625258445739746,0.5072548389434814
0.2680763304233551,0.37399864196777344,0.34821587800979614,0.47796013951301575,0.374015748500824,0.2846246063709259,0.275431364774704,0.41143614053726196,0.3007611036300659,0.4456541836261749,0.5065068006515503
0.26784971356391907,0.3738025426864624,0.3481660485267639,0.4774249196052551,0.37353116273880005,0.28432825207710266,0.27528250217437744,0.4114066958427429,0.300447940826416,0.4450557827949524,0.5057587027549744
0.26762309670448303,0.37360644340515137,0.3481162190437317,0.4768897294998169,0.3730465769767761,0.2840319275856018,0.2751336395740509,0.41137731075286865,0.3001348078250885,0.44445735216140747,0.5050106048583984
0.267396479845047,0.37341034412384033,0.3480663597583771,0.4763545095920563,0.3725619614124298,0.28373557329177856,0.27498477697372437,0.4113478362560272,0.299821674823761,0.44385892152786255,0.5042625665664673
0.26716986298561096,0.3732142448425293,0.34801656007766724,0.47581928968429565,0.3720773458480835,0.2834392189979553,0.27483588457107544,0.41131842136383057,0.2995085120201111,0.4432605504989624,0.5035145282745361
0.26694321632385254,0.37301814556121826,0.347966730594635,0.4752840995788574,0.37159276008605957,0.28314289450645447,0.2746870517730713,0.4112889766693115,0.29919537901878357,0.4426621198654175,0.5027664303779602
0.2667165994644165,0.3728220462799072,0.3479169011116028,0.4747489094734192,0.37110814452171326,0.2828465402126312,0.27453818917274475,0.41125956177711487,0.29888224601745605,0.44206371903419495,0.502018392086029
0.26648998260498047,0.3726259469985962,0.34786707162857056,0.47421371936798096,0.37062352895736694,0.28255021572113037,0.2743892967700958,0.41123008728027344,0.29856908321380615,0.4414653182029724,0.5012702941894531
0.26626336574554443,0.37242984771728516,0.34781724214553833,0.47367846965789795,0.370138943195343,0.28225386142730713,0.2742404043674469,0.4112006723880768,0.29825595021247864,0.4408668875694275,0.500522255897522
0.2660367488861084,0.3722337484359741,0.3477674126625061,0.4731432795524597,0.3696543276309967,0.2819575071334839,0.27409157156944275,0.4111712574958801,0.2979428172111511,0.44026848673820496,0.4997742176055908
0.26581010222435,0.3720376789569855,0.3477175533771515,0.4726080894470215,0.3691697418689728,0.28166118264198303,0.2739427089691162,0.4111418128013611,0.2976296544075012,0.4396700859069824,0.4990261197090149
0.26558348536491394,0.37184154987335205,0.34766775369644165,0.47207289934158325,0.36868515610694885,0.2813648283481598,0.2737938165664673,0.41111236810684204,0.2973164916038513,0.4390716552734375,0.49827802181243896
0.2653568685054779,0.371645450592041,0.34761789441108704,0.47153767943382263,0.36820054054260254,0.28106847405433655,0.27364495396614075,0.4110829532146454,0.2970033586025238,0.43847331404685974,0.4975299835205078
0.26513025164604187,0.37144938111305237,0.3475680351257324,0.4710025191307068,0.3677159547805786,0.2807721495628357,0.2734961211681366,0.41105350852012634,0.2966902256011963,0.4378749132156372,0.4967819154262543
0.26490360498428345,0.37125325202941895,0.3475182354450226,0.4704672694206238,0.3672313690185547,0.28047579526901245,0.27334722876548767,0.4110240638256073,0.2963770925998688,0.4372764825820923,0.49603384733200073
0.2646769881248474,0.3710571825504303,0.34746840596199036,0.46993210911750793,0.366746723651886,0.2801794409751892,0.27319833636283875,0.41099464893341064,0.29606392979621887,0.43667808175086975,0.4952857792377472
0.2644503712654114,0.3708610534667969,0.34741854667663574,0.4693968892097473,0.36626213788986206,0.27988311648368835,0.2730494737625122,0.4109652042388916,0.29575079679489136,0.43607965111732483,0.49453771114349365
0.26422375440597534,0.37066495418548584,0.3473687469959259,0.4688616394996643,0.36577752232551575,0.2795867621898651,0.27290061116218567,0.41093575954437256,0.29543763399124146,0.4354812502861023,0.4937896728515625
0.2639971375465393,0.3704688847064972,0.3473189175128937,0.46832647919654846,0.3652929365634918,0.27929040789604187,0.2727517783641815,0.4109063148498535,0.29512450098991394,0.43488284945487976,0.4930415749549866
0.26377052068710327,0.37027275562286377,0.34726905822753906,0.46779125928878784,0.3648083209991455,0.278994083404541,0.2726028859615326,0.41087689995765686,0.29481133818626404,0.4342844486236572,0.49229347705841064
0.26354390382766724,0.3700766861438751,0.34721922874450684,0.467256098985672,0.3643237352371216,0.2786977291107178,0.27245402336120605,0.4108474552631378,0.2944982051849365,0.4336860179901123,0.4915454387664795
0.2633172571659088,0.3698805570602417,0.3471693992614746,0.4667208790779114,0.36383911967277527,0.27840137481689453,0.27230513095855713,0.41081804037094116,0.2941850423812866,0.43308761715888977,0.49079737067222595
0.2630906403064728,0.36968445777893066,0.3471195697784424,0.46618562936782837,0.36335453391075134,0.2781050503253937,0.272156298160553,0.4107885956764221,0.2938719391822815,0.43248921632766724,0.4900493025779724
0.26286399364471436,0.369488388299942,0.34706974029541016,0.4656504690647125,0.36286991834640503,0.27780869603157043,0.27200740575790405,0.41075918078422546,0.2935587763786316,0.4318908154964447,0.48930126428604126
0.2626373767852783,0.3692922592163086,0.34701991081237793,0.4651152491569519,0.3623853325843811,0.2775123417377472,0.2718585431575775,0.41072970628738403,0.2932456433773041,0.43129244446754456,0.48855316638946533
0.2624107599258423,0.36909618973731995,0.3469700813293457,0.4645800292491913,0.3619007468223572,0.27721601724624634,0.271709680557251,0.41070032119750977,0.2929324805736542,0.430694043636322,0.4878050684928894
0.26218414306640625,0.3689000606536865,0.3469202518463135,0.46404486894607544,0.3614161014556885,0.2769196629524231,0.2715608477592468,0.41067084670066833,0.29261934757232666,0.4300956130027771,0.48705703020095825
0.2619575262069702,0.3687039613723755,0.34687042236328125,0.4635096490383148,0.36093151569366455,0.27662330865859985,0.2714119255542755,0.4106414318084717,0.29230618476867676,0.4294971823692322,0.4863089919090271
0.2617309093475342,0.36850789189338684,0.346820592880249,0.462974488735199,0.36044690012931824,0.276326984167099,0.271263062953949,0.410612016916275,0.29199302196502686,0.42889878153800964,0.48556089401245117
0.26150429248809814,0.3683117628097534,0.3467707633972168,0.46243923902511597,0.3599623143672943,0.27603062987327576,0.27111420035362244,0.4105825424194336,0.29167991876602173,0.4283003807067871,0.48481285572052
0.2612776756286621,0.36811569333076477,0.34672093391418457,0.46190404891967773,0.3594777286052704,0.2757342755794525,0.2709653377532959,0.41055312752723694,0.2913667559623718,0.4277019500732422,0.4840647578239441
0.2610510289669037,0.36791956424713135,0.34667110443115234,0.4613688588142395,0.3589931130409241,0.27543795108795166,0.27081647515296936,0.4105236530303955,0.2910536229610443,0.42710357904434204,0.48331671953201294
0.26082438230514526,0.3677234649658203,0.3466212749481201,0.4608336389064789,0.35850852727890015,0.2751415967941284,0.2706676125526428,0.41049426794052124,0.2907404601573944,0.4265051484107971,0.4825686514377594
0.2605977952480316,0.36752739548683167,0.3465714454650879,0.46029841899871826,0.3580239415168762,0.27484527230262756,0.2705187499523163,0.4104647934436798,0.2904273271560669,0.4259067177772522,0.48182058334350586
0.2603711485862732,0.36733126640319824,0.34652161598205566,0.4597632586956024,0.3575393259525299,0.2745489180088043,0.27036982774734497,0.41043537855148315,0.290114164352417,0.42530831694602966,0.4810725450515747
0.26014453172683716,0.367135226726532,0.34647178649902344,0.4592280089855194,0.3570547103881836,0.2742525637149811,0.2702209949493408,0.4104059636592865,0.2898010313510895,0.4247099459171295,0.4803244471549988
0.2599179148674011,0.36693909764289856,0.3464219570159912,0.45869284868240356,0.35657012462615967,0.2739562392234802,0.2700721323490143,0.41037651896476746,0.28948789834976196,0.424111545085907,0.4795764088630676
0.2596912980079651,0.3667429983615875,0.346372127532959,0.45815762877464294,0.35608553886413574,0.273659884929657,0.26992326974868774,0.4103470742702484,0.28917473554611206,0.42351317405700684,0.4788283109664917
0.25946468114852905,0.3665469288825989,0.34632229804992676,0.4576224088668823,0.35560089349746704,0.27336353063583374,0.2697743773460388,0.41031765937805176,0.28886160254478455,0.4229147434234619,0.47808024287223816
0.259238064289093,0.36635079979896545,0.34627246856689453,0.4570872485637665,0.3551163077354431,0.2730672061443329,0.26962554454803467,0.4102882146835327,0.28854846954345703,0.422316312789917,0.4773321747779846
0.2590114176273346,0.3661547303199768,0.34622257947921753,0.45655202865600586,0.3546317219734192,0.27277085185050964,0.26947665214538574,0.41025876998901367,0.28823530673980713,0.42171791195869446,0.4765841066837311
0.25878480076789856,0.3659586012363434,0.3461727797985077,0.4560168385505676,0.3541471064090729,0.2724744975566864,0.2693277895450592,0.41022932529449463,0.2879221737384796,0.4211195111274719,0.47583603858947754
0.2585581839084625,0.36576253175735474,0.34612295031547546,0.4554816484451294,0.35366249084472656,0.27217817306518555,0.2691788971424103,0.410199910402298,0.2876090109348297,0.420521080493927,0.4750879406929016
0.2583315372467041,0.3655664324760437,0.34607309103012085,0.4549463987350464,0.35317790508270264,0.2718818187713623,0.26903006434440613,0.41017046570777893,0.2872958779335022,0.41992267966270447,0.47433990240097046
0.25810492038726807,0.3653703033924103,0.346023291349411,0.45441120862960815,0.3526933193206787,0.27158546447753906,0.2688812017440796,0.4101410210132599,0.2869827151298523,0.41932427883148193,0.4735918641090393
0.25787830352783203,0.36517423391342163,0.3459734618663788,0.4538760185241699,0.35220867395401,0.2712891399860382,0.26873233914375305,0.41011160612106323,0.2866695821285248,0.418725848197937,0.4728437662124634
0.257651686668396,0.3649781048297882,0.34592360258102417,0.4533407986164093,0.3517240881919861,0.27099278569221497,0.2685834467411041,0.4100821614265442,0.28635644912719727,0.41812747716903687,0.47209569811820984
0.25742506980895996,0.36478203535079956,0.34587380290031433,0.45280563831329346,0.35123950242996216,0.2706964313983917,0.2684345841407776,0.41005271673202515,0.28604331612586975,0.41752907633781433,0.4713476300239563
0.2571984529495239,0.3645859360694885,0.3458239734172821,0.45227041840553284,0.35075488686561584,0.27040010690689087,0.26828572154045105,0.4100233018398285,0.28573015332221985,0.4169306755065918,0.47059959173202515
0.2569718062877655,0.3643898069858551,0.3457741141319275,0.451735258102417,0.3502703011035919,0.2701037526130676,0.2681368291378021,0.40999388694763184,0.28541702032089233,0.41633227467536926,0.4698515236377716
0.25674521923065186,0.36419373750686646,0.34572428464889526,0.451200008392334,0.3497856855392456,0.2698073983192444,0.2679879665374756,0.4099644124507904,0.28510385751724243,0.41573387384414673,0.46910345554351807
0.25651857256889343,0.36399760842323303,0.34567445516586304,0.450664758682251,0.3493010997772217,0.26951107382774353,0.26783913373947144,0.40993502736091614,0.28479069471359253,0.4151354432106018,0.4683553874492645
0.2562919557094574,0.3638015389442444,0.3456246256828308,0.45012959837913513,0.34881648421287537,0.2692147195339203,0.2676902711391449,0.4099055528640747,0.284477561712265,0.4145370423793793,0.4676072895526886
0.25606533885002136,0.36360543966293335,0.3455747961997986,0.4495943784713745,0.34833186864852905,0.26891836524009705,0.26754137873649597,0.40987613797187805,0.2841644287109375,0.41393864154815674,0.46685925126075745
0.25583869218826294,0.3634093105792999,0.34552496671676636,0.44905921816825867,0.3478472828865051,0.2686220407485962,0.26739248633384705,0.409846693277359,0.2838512659072876,0.4133402109146118,0.4661111831665039
0.2556120753288269,0.3632132411003113,0.34547513723373413,0.44852399826049805,0.3473626971244812,0.26832568645477295,0.2672436237335205,0.40981724858283997,0.2835381329059601,0.4127418100833893,0.46536311507225037
0.25538545846939087,0.36301714181900024,0.3454253077507019,0.4479888081550598,0.3468780815601349,0.2680293321609497,0.26709479093551636,0.4097878336906433,0.28322499990463257,0.41214340925216675,0.4646150469779968
0.25515884160995483,0.3628210425376892,0.3453754782676697,0.4474535882472992,0.3463934659957886,0.26773300766944885,0.26694589853286743,0.4097583591938019,0.28291183710098267,0.4115449786186218,0.4638669788837433
0.2549322247505188,0.3626249432563782,0.34532564878463745,0.4469183683395386,0.34590888023376465,0.2674366533756256,0.2667970359325409,0.4097289741039276,0.28259870409965515,0.4109466075897217,0.46311891078948975
0.2547055780887604,0.36242881417274475,0.3452758193016052,0.44638317823410034,0.3454242944717407,0.26714032888412476,0.26664817333221436,0.4096994996070862,0.28228557109832764,0.41034817695617676,0.4623708128929138
0.25447896122932434,0.3622327446937561,0.345225989818573,0.4458479881286621,0.3449397087097168,0.2668439745903015,0.2664993107318878,0.4096700847148895,0.28197240829467773,0.4097498059272766,0.46162277460098267
0.2542523443698883,0.36203664541244507,0.34517616033554077,0.4453127980232239,0.3444550633430481,0.26654762029647827,0.2663504183292389,0.40964066982269287,0.28165924549102783,0.4091513752937317,0.4608747363090515
0.2540256977081299,0.36184054613113403,0.34512633085250854,0.44477757811546326,0.34397047758102417,0.2662512958049774,0.26620155572891235,0.40961122512817383,0.2813461124897003,0.40855294466018677,0.4601266384124756
0.25379908084869385,0.361644446849823,0.3450765013694763,0.444242388010025,0.34348589181900024,0.2659549415111542,0.2660526931285858,0.4095817804336548,0.2810329794883728,0.4079545736312866,0.45937860012054443
0.2535724937915802,0.3614483177661896,0.3450266718864441,0.4437071681022644,0.34300124645233154,0.26565858721733093,0.26590386033058167,0.40955236554145813,0.2807198464870453,0.4073561728000641,0.4586305022239685
0.2533458471298218,0.3612522482872009,0.34497684240341187,0.44317197799682617,0.3425166606903076,0.2653622627258301,0.26575496792793274,0.4095229208469391,0.2804066836833954,0.40675777196884155,0.45788246393203735
0.25311923027038574,0.3610561490058899,0.34492701292037964,0.44263675808906555,0.3420320749282837,0.26506590843200684,0.2656061053276062,0.40949347615242004,0.28009355068206787,0.40615934133529663,0.4571343660354614
0.2528926134109497,0.36086004972457886,0.3448771834373474,0.4421015977859497,0.3415474593639374,0.2647695541381836,0.2654572129249573,0.4094640612602234,0.27978038787841797,0.4055609405040741,0.4563863277435303
0.25266599655151367,0.3606639504432678,0.3448273241519928,0.4415663480758667,0.34106287360191345,0.26447322964668274,0.26530835032463074,0.40943461656570435,0.27946725487709045,0.40496253967285156,0.45563822984695435
0.25243937969207764,0.3604678213596344,0.34477749466896057,0.44103115797042847,0.34057825803756714,0.2641768753528595,0.2651594877243042,0.4094051718711853,0.27915409207344055,0.40436413884162903,0.4548901617527008
0.2522127628326416,0.36027175188064575,0.34472763538360596,0.44049596786499023,0.3400936722755432,0.26388052105903625,0.26501062512397766,0.40937572717666626,0.27884095907211304,0.4037657380104065,0.45414212346076965
0.2519860863685608,0.3600756525993347,0.3446778357028961,0.4399607479572296,0.3396090865135193,0.2635841965675354,0.2648617625236511,0.4093463122844696,0.27852779626846313,0.4031673073768616,0.4533940553665161
0.25175949931144714,0.3598795533180237,0.3446280062198639,0.43942558765411377,0.339124470949173,0.26328784227371216,0.2647128701210022,0.40931686758995056,0.278214693069458,0.40256890654563904,0.4526459574699402
0.2515328526496887,0.35968345403671265,0.3445781469345093,0.43889033794403076,0.33863985538482666,0.2629914879798889,0.26456400752067566,0.4092874228954315,0.2779015302658081,0.4019705057144165,0.45189791917800903
0.2513062357902527,0.3594873547554016,0.34452834725379944,0.43835514783859253,0.33815526962280273,0.26269516348838806,0.2644151449203491,0.40925800800323486,0.2775883972644806,0.4013720750808716,0.4511498510837555
0.25107961893081665,0.3592912554740906,0.3444785177707672,0.4378199279308319,0.3376706540584564,0.2623988091945648,0.2642662823200226,0.4092285931110382,0.2772752344608307,0.40077370405197144,0.45040178298950195
0.2508530020713806,0.35909515619277954,0.3444286584854126,0.43728476762771606,0.3371860384941101,0.2621024549007416,0.26411738991737366,0.4091991186141968,0.2769621014595032,0.4001753032207489,0.4496537148952484
0.2506263852119446,0.3588990569114685,0.34437885880470276,0.43674954771995544,0.3367014527320862,0.2618061304092407,0.2639685571193695,0.4091697335243225,0.27664893865585327,0.39957690238952637,0.4489056468009949
0.25039976835250854,0.35870298743247986,0.34432899951934814,0.4362143278121948,0.33621686697006226,0.2615097761154175,0.26381969451904297,0.4091402590274811,0.27633577585220337,0.39897847175598145,0.44815757870674133
0.2501731216907501,0.3585068881511688,0.3442791700363159,0.4356791377067566,0.33573225140571594,0.26121342182159424,0.26367083191871643,0.4091108441352844,0.27602264285087585,0.3983800709247589,0.4474095106124878
0.2499465048313141,0.3583107888698578,0.3442293405532837,0.43514394760131836,0.33524763584136963,0.2609170973300934,0.2635219097137451,0.4090813994407654,0.27570950984954834,0.397781640291214,0.44666147232055664
0.24971988797187805,0.35811468958854675,0.34417951107025146,0.43460872769355774,0.3347630500793457,0.26062074303627014,0.26337307691574097,0.4090519845485687,0.2753963768482208,0.39718326926231384,0.4459133744239807
0.24949324131011963,0.3579185903072357,0.34412968158721924,0.4340735077857971,0.3342784643173218,0.2603243887424469,0.26322421431541443,0.4090225398540497,0.2750832438468933,0.3965848684310913,0.4451653063297272
0.2492666393518448,0.3577224910259247,0.344079852104187,0.4335383176803589,0.33379384875297546,0.26002806425094604,0.2630753517150879,0.40899306535720825,0.2747700810432434,0.3959864377975464,0.44441723823547363
0.24904002249240875,0.35752639174461365,0.3440300226211548,0.43300312757492065,0.33330923318862915,0.2597317099571228,0.26292645931243896,0.408963680267334,0.2744569182395935,0.39538803696632385,0.4436691701412201
0.24881339073181152,0.3573302924633026,0.34398019313812256,0.4324679374694824,0.3328246474266052,0.25943538546562195,0.2627776265144348,0.40893420577049255,0.274143785238266,0.3947896361351013,0.44292110204696655
0.2485867738723755,0.3571341931819916,0.34393036365509033,0.4319327175617218,0.3323400318622589,0.2591390311717987,0.2626287639141083,0.4089047908782959,0.2738306224346161,0.39419126510620117,0.442173033952713
0.24836012721061707,0.35693809390068054,0.3438805341720581,0.43139752745628357,0.331855446100235,0.25884267687797546,0.26247984170913696,0.40887537598609924,0.2735174894332886,0.39359283447265625,0.44142499566078186
0.24813351035118103,0.3567419946193695,0.3438307046890259,0.43086230754852295,0.33137086033821106,0.2585463523864746,0.2623309791088104,0.4088459312915802,0.27320432662963867,0.39299440383911133,0.4406769275665283
0.247906893491745,0.35654589533805847,0.34378087520599365,0.4303271174430847,0.33088624477386475,0.25824999809265137,0.2621821165084839,0.40881648659706116,0.27289122343063354,0.3923960030078888,0.4399288296699524
0.24768027663230896,0.35634979605674744,0.3437310457229614,0.4297919273376465,0.3304016590118408,0.2579536437988281,0.26203328371047974,0.4087870717048645,0.27257806062698364,0.39179760217666626,0.43918079137802124
0.24745365977287292,0.3561536967754364,0.3436812162399292,0.42925670742988586,0.3299170136451721,0.25765731930732727,0.2618843913078308,0.40875762701034546,0.27226492762565613,0.3911992013454437,0.4384326934814453
0.2472270429134369,0.35595759749412537,0.343631386756897,0.42872148752212524,0.3294324278831482,0.25736096501350403,0.2617355287075043,0.4087281823158264,0.2719517648220062,0.3906008005142212,0.43768465518951416
0.24700039625167847,0.35576149821281433,0.34358155727386475,0.428186297416687,0.32894784212112427,0.2570646107196808,0.26158663630485535,0.4086987376213074,0.2716386318206787,0.39000239968299866,0.4369365870952606
0.24677377939224243,0.3555653989315033,0.3435317277908325,0.4276511073112488,0.32846322655677795,0.25676828622817993,0.2614378035068512,0.4086693525314331,0.2713254690170288,0.3894039988517761,0.4361885190010071
0.2465471625328064,0.35536929965019226,0.3434818983078003,0.42711588740348816,0.32797864079475403,0.2564719319343567,0.26128891110420227,0.4086398780345917,0.2710123360157013,0.3888055682182312,0.43544045090675354
0.24632054567337036,0.3551732003688812,0.3434320390224457,0.42658066749572754,0.3274940252304077,0.25617557764053345,0.26114004850387573,0.40861043334007263,0.2706992030143738,0.38820716738700867,0.4346923530101776
0.24609392881393433,0.3549771010875702,0.34338220953941345,0.4260455071926117,0.3270094394683838,0.2558792531490326,0.2609911859035492,0.408581018447876,0.27038607001304626,0.38760876655578613,0.43394434452056885
0.2458672821521759,0.35478100180625916,0.3433323800563812,0.4255102872848511,0.3265248239040375,0.25558289885520935,0.26084235310554504,0.40855157375335693,0.27007290720939636,0.3870103657245636,0.4331962466239929
0.24564066529273987,0.3545849323272705,0.343282550573349,0.42497509717941284,0.32604023814201355,0.2552865445613861,0.2606934607028961,0.4085221290588379,0.26975977420806885,0.38641196489334106,0.4324481785297394
0.24541404843330383,0.3543888032436371,0.3432326912879944,0.4244398772716522,0.32555562257766724,0.25499022006988525,0.2605445683002472,0.40849271416664124,0.26944661140441895,0.38581356406211853,0.43170011043548584
0.2451874315738678,0.35419270396232605,0.34318289160728455,0.423904687166214,0.3250710368156433,0.254693865776062,0.26039570569992065,0.4084632992744446,0.26913347840309143,0.385215163230896,0.4309520423412323
0.24496079981327057,0.353996604681015,0.3431330621242523,0.42336949706077576,0.324586421251297,0.25439751148223877,0.2602468729019165,0.40843382477760315,0.26882031559944153,0.3846167325973511,0.43020397424697876
0.24473419785499573,0.353800505399704,0.3430832028388977,0.42283427715301514,0.32410183548927307,0.2541011869907379,0.2600979804992676,0.4084044098854065,0.268507182598114,0.38401833176612854,0.4294559061527252
0.2445075511932373,0.35360443592071533,0.34303340315818787,0.4222990870475769,0.32361721992492676,0.2538048326969147,0.25994911789894104,0.40837496519088745,0.2681940197944641,0.383419930934906,0.42870786786079407
0.24428093433380127,0.3534083068370819,0.34298357367515564,0.42176389694213867,0.32313263416290283,0.25350847840309143,0.2598002552986145,0.4083455502986908,0.2678808867931366,0.38282153010368347,0.4279597997665405
0.24405431747436523,0.35321223735809326,0.342933714389801,0.42122867703437805,0.3226480185985565,0.2532121539115906,0.25965139269828796,0.40831610560417175,0.2675677537918091,0.38222312927246094,0.4272117018699646
0.2438276708126068,0.35301610827445984,0.3428838849067688,0.42069345712661743,0.3221634328365326,0.25291579961776733,0.25950250029563904,0.4082866907119751,0.26725462079048157,0.381624698638916,0.42646366357803345
0.24360106885433197,0.3528200089931488,0.3428340554237366,0.4201582670211792,0.3216788172721863,0.2526194453239441,0.2593536376953125,0.40825724601745605,0.26694145798683167,0.3810262978076935,0.4257155656814575
0.24337443709373474,0.35262393951416016,0.34278422594070435,0.41962307691574097,0.32119423151016235,0.25232312083244324,0.25920477509498596,0.4082277715206146,0.26662829518318176,0.38042792677879333,0.42496752738952637
0.2431478202342987,0.35242781043052673,0.3427343964576721,0.41908788681030273,0.32070961594581604,0.25202676653862,0.25905588269233704,0.40819838643074036,0.26631516218185425,0.3798294961452484,0.42421942949295044
0.24292120337486267,0.3522317409515381,0.3426845669746399,0.4185526669025421,0.3202250003814697,0.25173044204711914,0.2589070498943329,0.4081689119338989,0.26600199937820435,0.3792310953140259,0.4234713912010193
0.24269458651542664,0.35203561186790466,0.34263473749160767,0.4180174469947815,0.3197404146194458,0.2514340877532959,0.25875818729400635,0.40813949704170227,0.26568886637687683,0.37863266468048096,0.42272332310676575
0.2424679398536682,0.35183951258659363,0.34258490800857544,0.41748225688934326,0.3192557990550995,0.25113773345947266,0.2586092948913574,0.4081100821495056,0.2653757333755493,0.3780342638492584,0.4219752252101898
0.24224132299423218,0.351643443107605,0.3425350785255432,0.41694706678390503,0.31877121329307556,0.2508414089679718,0.2584604024887085,0.4080806374549866,0.2650626003742218,0.3774358630180359,0.42122721672058105
0.24201470613479614,0.35144731402397156,0.342485249042511,0.4164118766784668,0.31828662753105164,0.25054505467414856,0.25831156969070435,0.40805119276046753,0.2647494375705719,0.37683749198913574,0.4204791188240051
0.2417880743741989,0.3512512445449829,0.34243541955947876,0.4158766269683838,0.3178020119667053,0.2502487003803253,0.2581627070903778,0.4080217778682709,0.2644363045692444,0.3762390613555908,0.4197310209274292
0.24156145751476288,0.3510551154613495,0.34238559007644653,0.41534143686294556,0.317317396402359,0.24995236098766327,0.25801384449005127,0.40799233317375183,0.2641231417655945,0.3756406307220459,0.41898298263549805
0.24133482575416565,0.35085901618003845,0.3423357605934143,0.4148062467575073,0.3168328106403351,0.24965602159500122,0.25786495208740234,0.4079628884792328,0.26381000876426697,0.37504225969314575,0.4182349145412445
0.24110820889472961,0.3506629467010498,0.3422859311103821,0.4142710566520691,0.31634819507598877,0.24935968220233917,0.2577161192893982,0.40793344378471375,0.26349684596061707,0.37444382905960083,0.41748684644699097
0.24088159203529358,0.3504668176174164,0.34223610162734985,0.41373586654663086,0.31586360931396484,0.24906332790851593,0.25756722688674927,0.4079040586948395,0.26318371295928955,0.3738454282283783,0.4167387783527374
0.24065494537353516,0.3502707779407501,0.3421862721443176,0.41320061683654785,0.3153790235519409,0.24876698851585388,0.25741836428642273,0.40787458419799805,0.26287055015563965,0.3732469975948334,0.4159907102584839
0.24042832851409912,0.3500746488571167,0.3421364426612854,0.4126654267311096,0.3148943781852722,0.24847064912319183,0.2572694718837738,0.407845139503479,0.2625574469566345,0.3726486265659332,0.41524267196655273
0.24020171165466309,0.34987854957580566,0.3420866131782532,0.4121302366256714,0.3144097924232483,0.2481742948293686,0.25712063908576965,0.40781572461128235,0.2622442841529846,0.3720502257347107,0.4144945740699768
0.23997509479522705,0.349682480096817,0.34203678369522095,0.41159501671791077,0.313925176858902,0.24787795543670654,0.2569717764854431,0.4077862799167633,0.2619311511516571,0.37145179510116577,0.41374653577804565
0.23974846303462982,0.3494863510131836,0.34198692440986633,0.41105982661247253,0.31344059109687805,0.2475816160440445,0.2568228840827942,0.40775683522224426,0.2616179883480072,0.37085339426994324,0.4129984378814697
0.23952186107635498,0.34929028153419495,0.3419370949268341,0.4105246365070343,0.3129560053348541,0.24728526175022125,0.25667402148246765,0.4077274203300476,0.2613048553466797,0.3702549934387207,0.4122503697872162
0.23929521441459656,0.3490941524505615,0.34188729524612427,0.4099894165992737,0.3124713897705078,0.2469889223575592,0.2565251290798187,0.40769800543785095,0.2609916925430298,0.3696565628051758,0.41150233149528503
0.23906859755516052,0.3488980531692505,0.34183743596076965,0.40945422649383545,0.3119867742061615,0.24669258296489716,0.2563762962818146,0.4076685309410095,0.26067855954170227,0.36905819177627563,0.4107542634010315
0.2388419806957245,0.34870198369026184,0.3417876064777374,0.40891900658607483,0.31150221824645996,0.2463962435722351,0.25622740387916565,0.40763914585113525,0.26036539673805237,0.3684597611427307,0.41000619530677795
0.23861536383628845,0.3485058546066284,0.3417377769947052,0.408383846282959,0.31101757287979126,0.24609988927841187,0.2560785412788391,0.4076096713542938,0.26005226373672485,0.3678613603115082,0.4092581272125244
0.23838871717453003,0.34830978512763977,0.34168797731399536,0.40784862637519836,0.31053298711776733,0.24580354988574982,0.2559296488761902,0.40758025646209717,0.25973913073539734,0.36726295948028564,0.4085100591182709
0.2381621152162552,0.34811365604400635,0.34163811802864075,0.40731340646743774,0.3100484013557434,0.24550721049308777,0.25578081607818604,0.4075508117675781,0.2594259977340698,0.3666645586490631,0.40776196122169495
0.23793548345565796,0.3479175567626953,0.3415882885456085,0.4067782163619995,0.3095637857913971,0.24521085619926453,0.2556319534778595,0.40752139687538147,0.2591128349304199,0.3660661280155182,0.4070138931274414
0.23770886659622192,0.34772148728370667,0.3415384888648987,0.4062429964542389,0.3090791702270508,0.24491451680660248,0.25548309087753296,0.4074919521808624,0.2587997019290924,0.36546775698661804,0.40626585483551025
0.2374822497367859,0.34752535820007324,0.34148862957954407,0.40570780634880066,0.30859458446502686,0.24461817741394043,0.25533419847488403,0.4074625074863434,0.2584865391254425,0.3648693561553955,0.4055177867412567
0.2689806818962097,0.2557857930660248,0.2825112044811249,0.3133695423603058,0.2887383699417114,0.11569123715162277,0.39858439564704895,0.4638141095638275,0.1995765119791031,0.3560563921928406,0.15145093202590942
0.2690124809741974,0.2560112774372101,0.28236573934555054,0.3143850862979889,0.28935426473617554,0.11584527045488358,0.3987357020378113,0.4640827476978302,0.19984222948551178,0.3566190004348755,0.15171518921852112
0.26904428005218506,0.256236732006073,0.2822202444076538,0.315400630235672,0.28997015953063965,0.11599929630756378,0.398887038230896,0.4643514156341553,0.20010793209075928,0.3571815490722656,0.15197941660881042
0.2690761089324951,0.2564621865749359,0.2820747494697571,0.3164162039756775,0.29058602452278137,0.11615332961082458,0.3990383744239807,0.46462008357048035,0.20037364959716797,0.35774409770965576,0.15224364399909973
0.2691079378128052,0.25668764114379883,0.28192928433418274,0.3174317479133606,0.2912018895149231,0.11630735546350479,0.39918971061706543,0.4648887515068054,0.20063936710357666,0.3583066761493683,0.15250787138938904
0.26913976669311523,0.2569131553173065,0.2817838191986084,0.3184473216533661,0.2918177843093872,0.116461381316185,0.39934104681015015,0.4651573896408081,0.20090506970882416,0.3588692545890808,0.15277211368083954
0.2691715359687805,0.25713858008384705,0.28163832426071167,0.3194628953933716,0.2924336791038513,0.1166154146194458,0.3994923532009125,0.4654260575771332,0.20117078721523285,0.35943180322647095,0.15303634107112885
0.2692033648490906,0.25736403465270996,0.28149282932281494,0.3204784393310547,0.29304957389831543,0.11676944047212601,0.3996437191963196,0.46569472551345825,0.20143650472164154,0.3599943518638611,0.15330056846141815
0.26923519372940063,0.2575894892215729,0.2813473641872406,0.3214940130710602,0.29366546869277954,0.11692346632480621,0.3997950553894043,0.4659633934497833,0.20170220732688904,0.3605569303035736,0.15356481075286865
0.2692669928073883,0.2578149735927582,0.28120186924934387,0.3225095570087433,0.2942813038825989,0.11707749962806702,0.3999463617801666,0.4662320613861084,0.20196790993213654,0.36111950874328613,0.15382903814315796
0.26929882168769836,0.2580404281616211,0.28105637431144714,0.3235251307487488,0.2948972284793854,0.11723152548074722,0.40009769797325134,0.4665006995201111,0.20223362743854523,0.36168205738067627,0.15409326553344727
0.2693306505680084,0.258265882730484,0.2809109091758728,0.3245406746864319,0.2955130934715271,0.11738555878400803,0.40024903416633606,0.46676939725875854,0.20249934494495392,0.3622446656227112,0.15435749292373657
0.2693624496459961,0.2584913969039917,0.2807654142379761,0.32555627822875977,0.2961289882659912,0.11753958463668823,0.4004003703594208,0.46703803539276123,0.20276504755020142,0.3628072142601013,0.15462175011634827
0.26939427852630615,0.2587168514728546,0.28061991930007935,0.32657182216644287,0.2967448830604553,0.11769361048936844,0.4005517065525055,0.4673067033290863,0.2030307799577713,0.36336976289749146,0.15488597750663757
0.2694261074066162,0.25894230604171753,0.280474454164505,0.327587366104126,0.29736074805259705,0.11784764379262924,0.4007030725479126,0.4675753712654114,0.2032964825630188,0.363932341337204,0.15515020489692688
0.2694578766822815,0.25916776061058044,0.28032898902893066,0.32860293984413147,0.29797664284706116,0.11800166964530945,0.4008543789386749,0.46784403920173645,0.2035621851682663,0.3644948899745941,0.15541444718837738
0.26948970556259155,0.25939321517944336,0.28018349409103394,0.3296184837818146,0.2985925078392029,0.11815570294857025,0.40100568532943726,0.46811267733573914,0.203827902674675,0.36505746841430664,0.1556786745786667
0.2695215344429016,0.2596186697483063,0.2800379991531372,0.33063408732414246,0.299208402633667,0.11830972880125046,0.401157021522522,0.4683813452720642,0.20409360527992249,0.36562004685401917,0.155942901968956
0.2695533335208893,0.2598441243171692,0.2798925042152405,0.33164963126182556,0.2998242974281311,0.11846375465393066,0.4013083875179291,0.4686500132083893,0.20435933768749237,0.3661825954914093,0.1562071442604065
0.26958516240119934,0.2600696086883545,0.2797470688819885,0.33266520500183105,0.3004401922225952,0.11861778795719147,0.4014597237110138,0.46891868114471436,0.20462504029273987,0.3667451739311218,0.1564713716506958
0.2696169912815094,0.2602950930595398,0.2796015441417694,0.33368074893951416,0.30105605721473694,0.11877181380987167,0.4016110301017761,0.46918734908103943,0.20489075779914856,0.36730772256851196,0.1567355990409851
0.26964879035949707,0.2605205476284027,0.27945607900619507,0.33469629287719727,0.30167195200920105,0.11892583966255188,0.40176236629486084,0.4694560170173645,0.20515644550323486,0.3678703010082245,0.1569998413324356
0.26968061923980713,0.2607460021972656,0.27931058406829834,0.33571189641952515,0.3022878170013428,0.11907987296581268,0.40191370248794556,0.4697246849536896,0.20542216300964355,0.368432879447937,0.1572640836238861
0.2697124481201172,0.26097145676612854,0.2791650891304016,0.33672744035720825,0.3029037117958069,0.11923389881849289,0.4020650386810303,0.46999332308769226,0.20568788051605225,0.36899542808532715,0.15752831101417542
0.26974421739578247,0.26119694113731384,0.27901962399482727,0.33774298429489136,0.303519606590271,0.11938793212175369,0.4022164046764374,0.47026199102401733,0.20595359802246094,0.3695579767227173,0.15779253840446472
0.26977604627609253,0.26142239570617676,0.27887415885925293,0.33875855803489685,0.3041354715824127,0.1195419579744339,0.4023677408695221,0.4705306589603424,0.20621930062770844,0.3701205551624298,0.15805678069591522
0.2698078751564026,0.2616478204727173,0.2787286639213562,0.33977413177490234,0.30475136637687683,0.1196959838271141,0.4025190472602844,0.4707993268966675,0.20648500323295593,0.37068313360214233,0.15832100808620453
0.26983967423439026,0.261873334646225,0.2785831689834595,0.34078967571258545,0.30536729097366333,0.11985001713037491,0.40267035365104675,0.47106796503067017,0.20675073564052582,0.37124568223953247,0.15858523547649384
0.2698715329170227,0.2620987892150879,0.27843767404556274,0.34180521965026855,0.30598315596580505,0.12000404298305511,0.40282171964645386,0.47133663296699524,0.20701643824577332,0.3718082904815674,0.15884947776794434
0.2699033319950104,0.2623242437839508,0.2782922387123108,0.34282082319259644,0.3065990209579468,0.12015807628631592,0.4029730558395386,0.4716053009033203,0.207282155752182,0.3723708391189575,0.15911370515823364
0.26993513107299805,0.2625496983528137,0.27814674377441406,0.34383636713027954,0.3072149157524109,0.12031210213899612,0.4031243920326233,0.4718739688396454,0.2075478434562683,0.37293338775634766,0.15937793254852295
0.2699669599533081,0.262775182723999,0.27800124883651733,0.34485194087028503,0.307830810546875,0.12046612799167633,0.403275728225708,0.47214263677597046,0.207813560962677,0.3734959363937378,0.15964217483997345
0.26999878883361816,0.26300063729286194,0.2778557538986206,0.3458675146102905,0.3084467053413391,0.12062016129493713,0.4034270644187927,0.47241130471229553,0.2080792784690857,0.3740585446357727,0.15990641713142395
0.27003055810928345,0.26322609186172485,0.2777102589607239,0.34688305854797363,0.30906257033348083,0.12077418714761734,0.40357837080955505,0.4726799726486206,0.20834499597549438,0.37462109327316284,0.16017064452171326
0.2700624167919159,0.26345157623291016,0.27756479382514954,0.34789860248565674,0.30967846512794495,0.12092821300029755,0.40372970700263977,0.4729486107826233,0.20861071348190308,0.375183641910553,0.16043487191200256
0.27009421586990356,0.26367706060409546,0.2774192988872528,0.3489142060279846,0.31029435992240906,0.12108224630355835,0.4038810729980469,0.47321727871894836,0.20887641608715057,0.3757462203502655,0.16069911420345306
0.27012601494789124,0.263902485370636,0.27727383375167847,0.3499297499656677,0.3109102249145508,0.12123627215623856,0.4040323793888092,0.47348594665527344,0.20914211869239807,0.376308798789978,0.16096334159374237
0.2701578736305237,0.2641279399394989,0.27712833881378174,0.35094529390335083,0.3115261197090149,0.12139030545949936,0.4041837155818939,0.4737546145915985,0.20940783619880676,0.37687137722969055,0.16122758388519287
0.27018967270851135,0.2643533945083618,0.276982843875885,0.3519608676433563,0.3121419847011566,0.12154433131217957,0.404335081577301,0.4740232527256012,0.20967355370521545,0.3774339258670807,0.16149181127548218
0.270221471786499,0.2645788788795471,0.27683740854263306,0.35297641158103943,0.3127578794956207,0.12169835716485977,0.40448638796806335,0.47429195046424866,0.20993927121162415,0.3779964745044708,0.16175603866577148
0.2702533006668091,0.26480433344841003,0.27669191360473633,0.3539920151233673,0.31337377429008484,0.12185239046812057,0.40463772416114807,0.47456058859825134,0.21020497381687164,0.37855905294418335,0.1620202660560608
0.27028512954711914,0.26502981781959534,0.2765464186668396,0.3550075590610504,0.31398963928222656,0.12200641632080078,0.4047890305519104,0.4748292565345764,0.21047067642211914,0.3791216015815735,0.1622845083475113
0.2703168988227844,0.26525530219078064,0.27640092372894287,0.3560231328010559,0.3146055340766907,0.12216044962406158,0.4049403965473175,0.4750978946685791,0.21073639392852783,0.3796842098236084,0.1625487506389618
0.27034875750541687,0.26548075675964355,0.27625542879104614,0.357038676738739,0.3152214288711548,0.12231447547674179,0.4050917327404022,0.47536659240722656,0.21100211143493652,0.38024675846099854,0.1628129780292511
0.27038055658340454,0.26570621132850647,0.2761099636554718,0.3580542206764221,0.3158373236656189,0.122468501329422,0.40524306893348694,0.47563526034355164,0.21126781404018402,0.38080933690071106,0.1630772054195404
0.2704123556613922,0.2659316658973694,0.2759644687175751,0.3590697944164276,0.316453218460083,0.1226225346326828,0.40539440512657166,0.4759038984775543,0.2115335315465927,0.3813718855381012,0.1633414328098297
0.27044421434402466,0.2661571204662323,0.27581900358200073,0.3600853681564331,0.31706905364990234,0.122776560485363,0.405545711517334,0.4761725664138794,0.2117992490530014,0.3819344639778137,0.1636056751012802
0.27047601342201233,0.2663825750350952,0.275673508644104,0.3611009120941162,0.31768494844436646,0.12293059378862381,0.4056970477104187,0.47644123435020447,0.2120649516582489,0.38249704241752625,0.16386990249156952
0.2705078125,0.26660802960395813,0.2755280137062073,0.3621164858341217,0.31830084323883057,0.12308461964130402,0.4058483839035034,0.47670990228652954,0.2123306691646576,0.38305962085723877,0.16413414478302002
0.27053964138031006,0.26683351397514343,0.2753825783729553,0.3631320297718048,0.3189167380332947,0.12323864549398422,0.4059997498989105,0.4769785404205322,0.2125963717699051,0.3836221694946289,0.16439837217330933
0.2705714702606201,0.26705899834632874,0.2752370834350586,0.3641476035118103,0.3195326328277588,0.12339267879724503,0.40615105628967285,0.4772472381591797,0.21286210417747498,0.38418471813201904,0.16466261446475983
0.2706032693386078,0.26728445291519165,0.27509158849716187,0.3651631474494934,0.3201484978199005,0.12354670464992523,0.4063023626804352,0.4775158762931824,0.21312780678272247,0.38474732637405396,0.16492684185504913
0.27063509821891785,0.26750990748405457,0.27494609355926514,0.3661787509918213,0.32076436281204224,0.12370073050260544,0.4064537286758423,0.47778451442718506,0.21339352428913116,0.3853098750114441,0.16519108414649963
0.2706668972969055,0.2677353620529175,0.2748005986213684,0.3671942949295044,0.32138028740882874,0.12385476380586624,0.406605064868927,0.47805318236351013,0.21365922689437866,0.38587242364883423,0.16545531153678894
0.2706987261772156,0.2679608464241028,0.27465513348579407,0.3682098388671875,0.32199615240097046,0.12400878965854645,0.4067564010620117,0.4783218502998352,0.21392492949962616,0.38643497228622437,0.16571953892707825
0.27073055505752563,0.2681863009929657,0.27450963854789734,0.3692254424095154,0.32261204719543457,0.12416282296180725,0.40690773725509644,0.4785905182361603,0.21419064700603485,0.3869975507259369,0.16598376631736755
0.2707623541355133,0.2684117555618286,0.274364173412323,0.3702409863471985,0.3232279419898987,0.12431684881448746,0.40705907344818115,0.47885915637016296,0.21445636451244354,0.3875601291656494,0.16624800860881805
0.270794153213501,0.2686372399330139,0.27421867847442627,0.3712565302848816,0.3238438069820404,0.12447087466716766,0.4072103798389435,0.47912782430648804,0.21472208201885223,0.38812267780303955,0.16651225090026855
0.27082598209381104,0.26886269450187683,0.27407318353652954,0.3722721040248871,0.3244597017765045,0.12462490797042847,0.4073617160320282,0.4793964922428131,0.21498778462409973,0.38868528604507446,0.16677647829055786
0.2708578109741211,0.26908814907073975,0.2739277184009552,0.3732876777648926,0.32507559657096863,0.12477893382310867,0.4075130820274353,0.4796651601791382,0.21525350213050842,0.3892478346824646,0.16704070568084717
0.27088961005210876,0.26931360363960266,0.27378225326538086,0.3743032217025757,0.32569146156311035,0.12493296712636948,0.40766438841819763,0.47993379831314087,0.21551920473575592,0.38981038331985474,0.16730494797229767
0.2709214389324188,0.26953908801078796,0.27363675832748413,0.3753187656402588,0.32630735635757446,0.12508699297904968,0.40781572461128235,0.48020249605178833,0.2157849222421646,0.3903729319572449,0.16756917536258698
0.2709532380104065,0.2697645425796509,0.2734912633895874,0.37633436918258667,0.3269232213497162,0.12524102628231049,0.40796706080436707,0.480471134185791,0.2160506397485733,0.3909355401992798,0.16783341765403748
0.27098506689071655,0.2699900269508362,0.2733457684516907,0.3773499131202698,0.3275391161441803,0.1253950446844101,0.4081183969974518,0.4807398021221161,0.2163163423538208,0.3914980888366699,0.16809764504432678
0.2710168957710266,0.2702154815196991,0.27320030331611633,0.37836548686027527,0.3281550109386444,0.1255490779876709,0.4082697331905365,0.4810084402561188,0.2165820598602295,0.39206069707870483,0.1683618724346161
0.2710486948490143,0.2704409658908844,0.2730548083782196,0.3793810307979584,0.32877087593078613,0.1257031112909317,0.40842103958129883,0.48127713799476624,0.21684777736663818,0.3926232159137726,0.1686260998249054
0.27108049392700195,0.2706663906574249,0.27290934324264526,0.38039660453796387,0.32938680052757263,0.1258571296930313,0.40857240557670593,0.4815458059310913,0.21711347997188568,0.3931857943534851,0.1688903421163559
0.271112322807312,0.27089184522628784,0.27276384830474854,0.38141217827796936,0.33000266551971436,0.12601116299629211,0.40872374176979065,0.481814444065094,0.21737918257713318,0.39374834299087524,0.1691545844078064
0.27114415168762207,0.27111732959747314,0.2726183533668518,0.38242772221565247,0.33061856031417847,0.12616519629955292,0.408875048160553,0.48208314180374146,0.21764490008354187,0.39431095123291016,0.1694188117980957
0.27117595076560974,0.27134278416633606,0.27247288823127747,0.38344329595565796,0.3312344253063202,0.12631921470165253,0.4090264141559601,0.48235177993774414,0.21791061758995056,0.3948734998703003,0.1696830540895462
0.2712077796459198,0.271568238735199,0.2723274230957031,0.38445883989334106,0.3318502902984619,0.12647324800491333,0.4091777503490448,0.4826204478740692,0.21817633509635925,0.39543604850769043,0.1699472814798355
0.27123957872390747,0.2717937231063843,0.2721819281578064,0.38547441363334656,0.3324662148952484,0.12662728130817413,0.40932905673980713,0.4828890860080719,0.21844205260276794,0.39599859714508057,0.17021150887012482
0.27127140760421753,0.2720192074775696,0.27203643321990967,0.38648998737335205,0.33308207988739014,0.12678131461143494,0.40948039293289185,0.483157753944397,0.21870774030685425,0.3965612053871155,0.17047575116157532
0.2713032364845276,0.2722446620464325,0.27189093828201294,0.38750553131103516,0.33369797468185425,0.12693533301353455,0.40963175892829895,0.48342642188072205,0.21897345781326294,0.3971237540245056,0.17073997855186462
0.27133503556251526,0.2724701166152954,0.2717454731464386,0.38852107524871826,0.33431386947631836,0.12708936631679535,0.4097830653190613,0.4836950898170471,0.21923917531967163,0.39768630266189575,0.17100420594215393
0.27136683464050293,0.2726955711841583,0.27159997820854187,0.38953667879104614,0.33492976427078247,0.12724339962005615,0.409934401512146,0.4839637279510498,0.21950489282608032,0.3982488512992859,0.17126844823360443
0.271398663520813,0.27292102575302124,0.27145451307296753,0.39055222272872925,0.3355456292629242,0.12739741802215576,0.4100857377052307,0.48423242568969727,0.21977058053016663,0.3988114595413208,0.17153269052505493
0.27143049240112305,0.27314648032188416,0.2713090181350708,0.39156776666641235,0.3361614942550659,0.12755145132541656,0.41023707389831543,0.48450109362602234,0.22003629803657532,0.39937400817871094,0.17179691791534424
0.2714622914791107,0.27337196469306946,0.2711635231971741,0.39258334040641785,0.33677738904953003,0.12770548462867737,0.41038841009140015,0.484769731760025,0.220302015542984,0.39993658661842346,0.17206114530563354
0.2714941203594208,0.2735974192619324,0.27101805806159973,0.39359891414642334,0.33739328384399414,0.12785950303077698,0.41053974628448486,0.4850384294986725,0.2205677330493927,0.400499165058136,0.17232538759708405
0.27152594923973083,0.2738229036331177,0.2708725929260254,0.39461445808410645,0.33800917863845825,0.12801353633403778,0.4106910824775696,0.48530706763267517,0.2208334505558014,0.4010617434978485,0.17258961498737335
0.2715577483177185,0.2740483582019806,0.27072709798812866,0.3956300616264343,0.3386250436306,0.12816756963729858,0.4108423888683319,0.48557573556900024,0.2210991531610489,0.40162426233291626,0.17285384237766266
0.27158957719802856,0.2742738127708435,0.27058160305023193,0.39664560556411743,0.3392409384250641,0.1283215880393982,0.4109937250614166,0.48584437370300293,0.2213648557662964,0.4021868407726288,0.17311808466911316
0.27162137627601624,0.2744992971420288,0.2704361081123352,0.39766114950180054,0.3398568332195282,0.128475621342659,0.41114509105682373,0.4861130714416504,0.22163057327270508,0.4027494192123413,0.17338231205940247
0.2716531753540039,0.2747247517108917,0.27029064297676086,0.39867669343948364,0.3404726982116699,0.1286296546459198,0.41129642724990845,0.4863817095756531,0.22189629077911377,0.40331199765205383,0.17364653944969177
0.27168500423431396,0.274950236082077,0.27014514803886414,0.3996922969818115,0.34108859300613403,0.1287836879491806,0.4114477336406708,0.48665037751197815,0.22216199338436127,0.40387457609176636,0.17391079664230347
0.271716833114624,0.27517566084861755,0.2699996829032898,0.40070784091949463,0.34170445799827576,0.1289377063512802,0.4115990698337555,0.4869190454483032,0.22242771089076996,0.4044370949268341,0.17417502403259277
0.2717486321926117,0.27540114521980286,0.26985418796539307,0.4017234146595001,0.34232035279273987,0.12909173965454102,0.4117504060268402,0.4871877133846283,0.22269342839717865,0.40499967336654663,0.17443925142288208
0.27178046107292175,0.27562659978866577,0.26970869302749634,0.4027389883995056,0.342936247587204,0.12924577295780182,0.4119017422199249,0.487456351518631,0.22295913100242615,0.40556225180625916,0.17470349371433258
0.2718122601509094,0.2758520543575287,0.269563227891922,0.4037545323371887,0.3435521423816681,0.12939979135990143,0.41205307841300964,0.48772501945495605,0.22322484850883484,0.4061248302459717,0.1749677211046219
0.2718440890312195,0.2760775089263916,0.26941776275634766,0.4047700762748718,0.3441680073738098,0.12955382466316223,0.41220441460609436,0.4879937171936035,0.22349055111408234,0.4066873788833618,0.1752319484949112
0.27187591791152954,0.2763029932975769,0.2692722678184509,0.40578562021255493,0.3447839021682739,0.12970785796642303,0.4123557507991791,0.4882623553276062,0.22375626862049103,0.40724992752075195,0.1754961907863617
0.2719077169895172,0.2765284478664398,0.2691267728805542,0.4068012237548828,0.34539979696273804,0.12986187636852264,0.4125070571899414,0.4885310232639313,0.22402197122573853,0.4078125059604645,0.175760418176651
0.2719395160675049,0.2767539322376251,0.26898127794265747,0.4078167676925659,0.34601569175720215,0.13001590967178345,0.4126584231853485,0.48879966139793396,0.22428768873214722,0.408375084400177,0.1760246455669403
0.27197134494781494,0.27697938680648804,0.26883581280708313,0.408832311630249,0.34663155674934387,0.13016994297504425,0.4128097593784332,0.4890683591365814,0.2245534062385559,0.40893763303756714,0.1762888878583908
0.272003173828125,0.27720487117767334,0.2686903178691864,0.4098478853702545,0.3472474217414856,0.13032396137714386,0.41296106576919556,0.4893369972705841,0.2248191088438034,0.40950024127960205,0.17655311524868011
0.27203497290611267,0.27743032574653625,0.26854485273361206,0.41086345911026,0.3478633165359497,0.13047799468040466,0.4131124019622803,0.4896056652069092,0.2250848263502121,0.4100627899169922,0.17681735754013062
0.27206680178642273,0.2776557505130768,0.26839935779571533,0.4118790030479431,0.3484792113304138,0.13063202798366547,0.4132637679576874,0.48987430334091187,0.2253505438566208,0.4106253385543823,0.17708158493041992
0.2720986008644104,0.2778812348842621,0.2682538628578186,0.412894606590271,0.34909510612487793,0.13078606128692627,0.4134150743484497,0.4901430010795593,0.2256162464618683,0.41118791699409485,0.17734581232070923
0.27213042974472046,0.278106689453125,0.26810839772224426,0.4139101505279541,0.34971100091934204,0.13094007968902588,0.4135664105415344,0.490411639213562,0.22588194906711578,0.4117504954338074,0.17761005461215973
0.2721622586250305,0.2783321738243103,0.2679629325866699,0.4149256944656372,0.3503268361091614,0.13109411299228668,0.41371774673461914,0.4906803071498871,0.22614766657352448,0.4123130440711975,0.17787428200244904
0.2721940577030182,0.2785576283931732,0.2678174376487732,0.4159412384033203,0.3509427607059479,0.13124814629554749,0.41386908292770386,0.49094900488853455,0.22641338407993317,0.41287562251091003,0.17813852429389954
0.27222585678100586,0.2787831127643585,0.26767194271087646,0.4169567823410034,0.3515586256980896,0.1314021646976471,0.4140204191207886,0.49121764302253723,0.22667910158634186,0.41343817114830017,0.17840275168418884
0.2722576856613159,0.27900856733322144,0.26752644777297974,0.4179723560810089,0.3521745204925537,0.1315561980009079,0.4141717553138733,0.4914863109588623,0.22694481909275055,0.4140007793903351,0.17866697907447815
0.272289514541626,0.27923402190208435,0.2673809826374054,0.4189879596233368,0.3527904152870178,0.1317102313041687,0.414323091506958,0.491754949092865,0.22721052169799805,0.41456329822540283,0.17893122136592865
0.27232131361961365,0.27945947647094727,0.26723548769950867,0.4200035035610199,0.35340631008148193,0.1318642497062683,0.41447439789772034,0.49202364683151245,0.22747622430324554,0.41512590646743774,0.17919544875621796
0.2723531424999237,0.27968496084213257,0.26708999276161194,0.4210190773010254,0.35402220487594604,0.1320182830095291,0.41462573409080505,0.49229228496551514,0.22774194180965424,0.4156884551048279,0.17945969104766846
0.2723849415779114,0.2799104154109955,0.2669445276260376,0.4220346212387085,0.35463806986808777,0.13217231631278992,0.41477710008621216,0.4925609529018402,0.22800765931606293,0.416251003742218,0.17972391843795776
0.27241677045822144,0.2801358699798584,0.26679903268814087,0.4230501651763916,0.3552539348602295,0.13232633471488953,0.4149284362792969,0.4928296208381653,0.22827336192131042,0.41681355237960815,0.17998816072940826
0.2724485993385315,0.2803613543510437,0.26665353775024414,0.4240657687187195,0.3558698296546936,0.13248036801815033,0.4150797724723816,0.49309828877449036,0.22853907942771912,0.4173761308193207,0.18025238811969757
0.27248039841651917,0.2805868089199066,0.2665080726146698,0.4250813126564026,0.3564857244491577,0.13263440132141113,0.41523104906082153,0.49336692690849304,0.2288047969341278,0.4179387092590332,0.18051663041114807
0.27251219749450684,0.28081226348876953,0.26636260747909546,0.4260968565940857,0.35710158944129944,0.13278843462467194,0.41538241505622864,0.4936355948448181,0.2290705144405365,0.4185012876987457,0.18078085780143738
0.2725440263748169,0.28103771805763245,0.26621711254119873,0.4271124303340912,0.35771748423576355,0.13294245302677155,0.41553375124931335,0.4939042925834656,0.229336217045784,0.41906383633613586,0.18104508519172668
0.27257585525512695,0.28126320242881775,0.266071617603302,0.4281280040740967,0.3583333492279053,0.13309648633003235,0.41568508744239807,0.49417293071746826,0.2296019196510315,0.4196264147758484,0.18130932748317719
0.2726076543331146,0.28148865699768066,0.26592615246772766,0.4291435778141022,0.3589492440223694,0.13325051963329315,0.4158364534378052,0.49444159865379333,0.22986763715744019,0.4201889634132385,0.1815735548734665
0.2726394832134247,0.28171414136886597,0.26578065752983093,0.43015915155410767,0.3595651388168335,0.13340453803539276,0.4159877598285675,0.4947102665901184,0.23013335466384888,0.42075157165527344,0.181837797164917
0.27267128229141235,0.2819395959377289,0.2656351625919342,0.43117469549179077,0.3601810336112976,0.13355857133865356,0.41613906621932983,0.4949789345264435,0.23039907217025757,0.4213141202926636,0.1821020245552063
0.2727031111717224,0.2821650505065918,0.26548969745635986,0.43219026923179626,0.3607969284057617,0.13371260464191437,0.41629043221473694,0.49524757266044617,0.23066475987434387,0.4218766689300537,0.1823662668466568
0.27273494005203247,0.2823905050754547,0.26534420251846313,0.43320581316947937,0.36141276359558105,0.13386662304401398,0.41644176840782166,0.49551624059677124,0.23093047738075256,0.42243921756744385,0.1826304942369461
0.27276673913002014,0.2826159596443176,0.2651987075805664,0.43422138690948486,0.36202868819236755,0.13402065634727478,0.41659310460090637,0.4957849085330963,0.23119619488716125,0.42300182580947876,0.1828947216272354
0.2727985680103302,0.28284141421318054,0.2650532126426697,0.43523693084716797,0.36264458298683167,0.13417468965053558,0.4167444109916687,0.4960535764694214,0.23146191239356995,0.4235643744468689,0.1831589639186859
0.27283036708831787,0.28306689858436584,0.2649077773094177,0.43625250458717346,0.3632604479789734,0.1343287080526352,0.4168957471847534,0.49632224440574646,0.23172762989997864,0.42412692308425903,0.18342319130897522
0.27286219596862793,0.28329238295555115,0.264762282371521,0.43726807832717896,0.3638763427734375,0.134482741355896,0.41704708337783813,0.49659085273742676,0.23199331760406494,0.42468953132629395,0.18368741869926453
0.2728939950466156,0.28351783752441406,0.26461678743362427,0.43828362226486206,0.3644922375679016,0.1346367746591568,0.41719841957092285,0.4968595504760742,0.23225903511047363,0.4252520799636841,0.18395164608955383
0.27292582392692566,0.28374332189559937,0.2644713222980499,0.43929919600486755,0.36510810256004333,0.1347908079624176,0.41734978556632996,0.4971282184123993,0.23252475261688232,0.4258146584033966,0.18421590328216553
0.27295762300491333,0.2839687764644623,0.2643258273601532,0.44031473994255066,0.36572399735450745,0.1349448263645172,0.4175010919570923,0.49739688634872437,0.23279047012329102,0.42637720704078674,0.18448013067245483
0.2729894518852234,0.2841942310333252,0.26418036222457886,0.44133031368255615,0.36633986234664917,0.13509885966777802,0.417652428150177,0.4976655840873718,0.2330561876296997,0.42693978548049927,0.18474435806274414
0.27302128076553345,0.2844196557998657,0.26403486728668213,0.44234588742256165,0.3669557571411133,0.13525289297103882,0.41780373454093933,0.4979341924190521,0.233321875333786,0.4275023341178894,0.18500860035419464
0.2730530798435211,0.284645140171051,0.2638893723487854,0.44336146116256714,0.3675716519355774,0.13540691137313843,0.41795510053634644,0.4982028603553772,0.2335875928401947,0.42806488275527954,0.18527282774448395
0.2730849087238312,0.28487062454223633,0.26374387741088867,0.44437700510025024,0.3681875169277191,0.13556094467639923,0.41810643672943115,0.49847152829170227,0.2338533103466034,0.42862749099731445,0.18553705513477325
0.27311670780181885,0.28509607911109924,0.26359838247299194,0.44539254903793335,0.3688034117221832,0.13571497797966003,0.4182577431201935,0.49874022603034973,0.23411902785301208,0.4291900396347046,0.18580129742622375
0.2731485366821289,0.28532153367996216,0.26345294713974,0.44640809297561646,0.36941930651664734,0.13586899638175964,0.4184091091156006,0.49900883436203003,0.2343847155570984,0.4297526180744171,0.18606552481651306
0.2731803357601166,0.28554701805114746,0.26330745220184326,0.44742369651794434,0.37003520131111145,0.13602302968502045,0.4185604453086853,0.4992775022983551,0.23465044796466827,0.43031519651412964,0.18632975220680237
0.27321216464042664,0.2857724726200104,0.26316195726394653,0.44843924045562744,0.3706510663032532,0.13617706298828125,0.41871175169944763,0.4995461702346802,0.23491615056991577,0.4308777451515198,0.18659397959709167
0.2732439637184143,0.2859979271888733,0.2630164623260498,0.44945478439331055,0.3712669610977173,0.13633108139038086,0.41886311769485474,0.49981486797332764,0.23518186807632446,0.4314403235912323,0.18685823678970337
0.27327579259872437,0.2862233817577362,0.26287099719047546,0.4504703879356384,0.3718828558921814,0.13648511469364166,0.41901442408561707,0.5000835657119751,0.23544758558273315,0.43200287222862244,0.18712246417999268
0.2733076214790344,0.2864488661289215,0.2627255320549011,0.45148593187332153,0.3724987506866455,0.13663914799690247,0.4191657602787018,0.500352144241333,0.23571328818798065,0.43256545066833496,0.18738669157028198
0.2733394205570221,0.2866743206977844,0.262580007314682,0.45250147581100464,0.37311458587646484,0.13679318130016327,0.4193170964717865,0.5006208419799805,0.23597899079322815,0.4331279993057251,0.18765093386173248
0.27337124943733215,0.28689977526664734,0.26243454217910767,0.4535170793533325,0.37373048067092896,0.13694719970226288,0.4194684624671936,0.5008894801139832,0.23624470829963684,0.43369060754776,0.1879151612520218
0.2734030485153198,0.28712525963783264,0.26228904724121094,0.4545326232910156,0.37434640526771545,0.13710123300552368,0.41961976885795593,0.5011581778526306,0.23651042580604553,0.43425315618515015,0.1881793886423111
0.2734348773956299,0.28735071420669556,0.2621435821056366,0.45554816722869873,0.3749622702598572,0.13725526630878448,0.41977107524871826,0.5014268159866333,0.23677612841129303,0.4348157048225403,0.1884436160326004
0.27346667647361755,0.28757616877555847,0.26199808716773987,0.4565637409687042,0.3755781650543213,0.1374092847108841,0.419922411441803,0.501695454120636,0.23704184591770172,0.4353782832622528,0.1887078583240509
0.2734985053539276,0.2878016233444214,0.2618526220321655,0.4575793147087097,0.376194030046463,0.1375633180141449,0.4200737774372101,0.5019641518592834,0.2373075634241104,0.43594086170196533,0.1889720857143402
0.27353033423423767,0.2880271077156067,0.2617071270942688,0.4585948586463928,0.3768099248409271,0.1377173513174057,0.4202251136302948,0.5022328495979309,0.2375732660293579,0.43650341033935547,0.18923631310462952
0.27356213331222534,0.288252592086792,0.26156163215637207,0.4596104323863983,0.37742581963539124,0.1378713697195053,0.4203764498233795,0.5025014281272888,0.2378389835357666,0.4370659589767456,0.1895005702972412
0.2735939621925354,0.2884780466556549,0.26141616702079773,0.4606260061264038,0.37804168462753296,0.1380254030227661,0.42052775621414185,0.5027701258659363,0.2381047010421753,0.4376285672187805,0.18976479768753052
0.27362576127052307,0.2887035012245178,0.2612707018852234,0.4616415500640869,0.37865757942199707,0.13817943632602692,0.42067909240722656,0.503038763999939,0.2383704036474228,0.43819111585617065,0.19002902507781982
0.27365759015083313,0.28892895579338074,0.26112520694732666,0.46265709400177,0.3792734742164612,0.13833345472812653,0.4208304286003113,0.5033074617385864,0.23863612115383148,0.4387536644935608,0.19029326736927032
0.2736893892288208,0.28915441036224365,0.26097971200942993,0.4636726379394531,0.3798893392086029,0.13848748803138733,0.4209817945957184,0.5035760998725891,0.23890182375907898,0.4393162429332733,0.19055749475955963
0.27372121810913086,0.28937986493110657,0.2608342170715332,0.464688241481781,0.380505234003067,0.13864152133464813,0.4211331307888031,0.5038447380065918,0.23916754126548767,0.43987882137298584,0.19082172214984894
0.2737530469894409,0.2896053194999695,0.26068875193595886,0.4657037854194641,0.38112109899520874,0.13879555463790894,0.42128443717956543,0.5041134357452393,0.23943325877189636,0.44044139981269836,0.19108594954013824
0.2737848460674286,0.2898308336734772,0.26054325699806213,0.4667193591594696,0.38173699378967285,0.13894957304000854,0.42143574357032776,0.5043820738792419,0.23969896137714386,0.4410039186477661,0.19135019183158875
0.27381664514541626,0.2900562882423401,0.2603977918624878,0.4677349328994751,0.38235288858413696,0.13910360634326935,0.42158710956573486,0.5046507716178894,0.23996466398239136,0.441566526889801,0.19161441922187805
0.2738484740257263,0.290281742811203,0.26025229692459106,0.4687504768371582,0.3829687535762787,0.13925763964653015,0.4217384457588196,0.5049194097518921,0.24023038148880005,0.44212907552719116,0.19187864661216736
0.2738803029060364,0.2905072271823883,0.26010680198669434,0.4697660207748413,0.3835846781730652,0.13941165804862976,0.4218897819519043,0.5051880478858948,0.24049609899520874,0.4426916241645813,0.19214290380477905
0.27391213178634644,0.2907326817512512,0.25996133685112,0.4707816243171692,0.3842005729675293,0.13956569135189056,0.422041118144989,0.5054567456245422,0.24076181650161743,0.4432542324066162,0.19240713119506836
0.2739439010620117,0.29095813632011414,0.25981587171554565,0.4717971682548523,0.384816437959671,0.13971972465515137,0.42219245433807373,0.5057253837585449,0.24102753400802612,0.44381678104400635,0.19267135858535767
0.2739757299423218,0.29118356108665466,0.2596703767776489,0.4728127121925354,0.38543230295181274,0.13987374305725098,0.42234376072883606,0.5059940218925476,0.24129323661327362,0.4443793296813965,0.19293560087680817
0.27400755882263184,0.29140904545783997,0.2595248818397522,0.4738282859325409,0.38604819774627686,0.14002777636051178,0.4224950969219208,0.5062627196311951,0.2415589541196823,0.444941908121109,0.19319982826709747
0.2740393877029419,0.29163452982902527,0.25937938690185547,0.474843829870224,0.38666409254074097,0.14018180966377258,0.4226464629173279,0.5065313577651978,0.2418246567249298,0.44550448656082153,0.19346405565738678
0.27407118678092957,0.2918599843978882,0.25923392176628113,0.4758594036102295,0.3872799873352051,0.1403358280658722,0.4227977693080902,0.5068000555038452,0.2420903742313385,0.44606703519821167,0.1937282830476761
0.27410298585891724,0.2920854389667511,0.2590884268283844,0.476874977350235,0.3878958523273468,0.140489861369133,0.4229491055011749,0.5070687532424927,0.2423560619354248,0.4466296136379242,0.1939925253391266
0.2741348147392273,0.2923109233379364,0.25894296169281006,0.4778905212879181,0.3885117173194885,0.1406438946723938,0.42310047149658203,0.5073373317718506,0.2426217794418335,0.44719216227531433,0.1942567527294159
0.27416664361953735,0.2925363779067993,0.25879746675491333,0.4789060950279236,0.38912761211395264,0.1407979279756546,0.42325177788734436,0.507606029510498,0.2428874969482422,0.44775474071502686,0.1945209950208664
0.2741984724998474,0.29276183247566223,0.2586519718170166,0.4799216687679291,0.38974350690841675,0.1409519463777542,0.4234031140804291,0.5078747272491455,0.24315322935581207,0.4483173191547394,0.1947852373123169
0.2742302417755127,0.29298731684684753,0.25850650668144226,0.48093724250793457,0.39035940170288086,0.14110597968101501,0.4235544204711914,0.5081433653831482,0.24341893196105957,0.4488798975944519,0.1950494647026062
0.27426210045814514,0.29321280121803284,0.2583610415458679,0.4819527864456177,0.39097529649734497,0.14126001298427582,0.4237057864665985,0.5084120035171509,0.24368464946746826,0.44944244623184204,0.1953136920928955
0.2742938995361328,0.29343822598457336,0.2582155466079712,0.48296836018562317,0.3915911316871643,0.14141403138637543,0.4238571226596832,0.5086806416511536,0.24395036697387695,0.4500049948692322,0.19557791948318481
0.31782814860343933,0.4167712330818176,0.3287521302700043,0.5663512945175171,0.6865462064743042,0.18844403326511383,0.35853639245033264,0.4843769371509552,0.3250807821750641,0.556676983833313,0.5838439464569092
0.31777822971343994,0.4168718457221985,0.3285083472728729,0.5664442181587219,0.6860133409500122,0.18837903439998627,0.3583849370479584,0.48412764072418213,0.3249686360359192,0.5564845204353333,0.5840957760810852
0.31772831082344055,0.41697245836257935,0.32826459407806396,0.5665371417999268,0.685480535030365,0.1883140504360199,0.3582335114479065,0.48387831449508667,0.32485654950141907,0.556291937828064,0.584347665309906
0.31767839193344116,0.4170730412006378,0.32802078127861023,0.5666301250457764,0.6849477291107178,0.18824905157089233,0.35808202624320984,0.4836289882659912,0.32474443316459656,0.5560994148254395,0.5845994353294373
0.3176284730434418,0.4171736538410187,0.32777702808380127,0.5667230486869812,0.6844148635864258,0.18818405270576477,0.3579305410385132,0.48337969183921814,0.32463228702545166,0.5559068918228149,0.5848512649536133
0.31757852435112,0.41727426648139954,0.3275332450866699,0.566815972328186,0.6838819980621338,0.1881190538406372,0.3577790856361389,0.4831303656101227,0.32452017068862915,0.5557143688201904,0.5851031541824341
0.3175286054611206,0.4173748791217804,0.3272894620895386,0.5669088959693909,0.6833491325378418,0.18805406987667084,0.35762766003608704,0.4828810691833496,0.32440805435180664,0.5555218458175659,0.5853549242019653
0.3174787163734436,0.41747546195983887,0.3270456790924072,0.5670018792152405,0.6828163266181946,0.18798907101154327,0.35747620463371277,0.48263171315193176,0.32429593801498413,0.5553293228149414,0.5856068134307861
0.3174287676811218,0.4175760746002197,0.3268018960952759,0.5670948028564453,0.6822834610939026,0.1879240721464157,0.3573246896266937,0.4823824167251587,0.32418379187583923,0.5551367998123169,0.5858585834503174
0.3173788785934448,0.4176766872406006,0.32655811309814453,0.5671877861022949,0.6817506551742554,0.18785907328128815,0.35717323422431946,0.48213309049606323,0.3240717053413391,0.5549442768096924,0.5861104726791382
0.31732892990112305,0.41777727007865906,0.3263143301010132,0.5672807693481445,0.6812177896499634,0.18779408931732178,0.3570218086242676,0.48188379406929016,0.3239595592021942,0.5547517538070679,0.5863623023033142
0.31727904081344604,0.4178778827190399,0.3260705769062042,0.5673736333847046,0.6806849241256714,0.1877290904521942,0.3568703532218933,0.4816344678401947,0.3238474428653717,0.5545592308044434,0.5866141319274902
0.31722909212112427,0.4179784953594208,0.32582682371139526,0.5674665570259094,0.6801520586013794,0.18766409158706665,0.35671889781951904,0.48138514161109924,0.3237352967262268,0.5543667078018188,0.5868659615516663
0.3171791732311249,0.41807910799980164,0.32558301091194153,0.5675595998764038,0.6796191930770874,0.1875990927219391,0.3565673828125,0.4811358153820038,0.3236232101917267,0.5541741847991943,0.5871177911758423
0.3171292543411255,0.4181796908378601,0.32533925771713257,0.5676524639129639,0.6790863871574402,0.18753410875797272,0.3564159572124481,0.4808865189552307,0.3235110640525818,0.5539816617965698,0.5873695611953735
0.3170793354511261,0.4182802736759186,0.3250954747200012,0.5677454471588135,0.6785535216331482,0.18746910989284515,0.35626450181007385,0.48063719272613525,0.3233989477157593,0.5537891387939453,0.5876214504241943
0.3170294165611267,0.4183809161186218,0.3248516917228699,0.5678384304046631,0.678020715713501,0.1874041110277176,0.3561130464076996,0.4803878664970398,0.32328683137893677,0.5535966157913208,0.5878732800483704
0.3169794976711273,0.4184815287590027,0.3246079087257385,0.5679313540458679,0.677487850189209,0.18733911216259003,0.35596156120300293,0.4801385700702667,0.32317471504211426,0.5534040927886963,0.5881251096725464
0.31692957878112793,0.41858211159706116,0.3243641257286072,0.5680242776870728,0.676954984664917,0.18727412819862366,0.35581010580062866,0.4798892140388489,0.32306259870529175,0.5532115697860718,0.5883769392967224
0.31687965989112854,0.418682724237442,0.32412034273147583,0.5681172013282776,0.676422119140625,0.1872091293334961,0.3556586503982544,0.4796399176120758,0.32295048236846924,0.5530189871788025,0.5886287689208984
0.31682974100112915,0.4187833368778229,0.3238765597343445,0.5682101845741272,0.6758893132209778,0.18714413046836853,0.3555071949958801,0.47939059138298035,0.32283836603164673,0.552826464176178,0.5888805985450745
0.3167797923088074,0.41888391971588135,0.32363277673721313,0.568303108215332,0.6753564476966858,0.18707913160324097,0.35535570979118347,0.4791412949562073,0.32272621989250183,0.5526339411735535,0.5891324281692505
0.31672990322113037,0.4189845323562622,0.3233889937400818,0.5683960318565369,0.6748236417770386,0.1870141476392746,0.3552042841911316,0.4788919687271118,0.3226141333580017,0.552441418170929,0.5893842577934265
0.3166799545288086,0.41908514499664307,0.32314521074295044,0.5684890151023865,0.6742907166481018,0.18694914877414703,0.35505279898643494,0.47864264249801636,0.3225019872188568,0.5522488951683044,0.5896360874176025
0.3166300654411316,0.4191857576370239,0.3229014277458191,0.5685819387435913,0.6737579107284546,0.18688414990901947,0.35490134358406067,0.4783933162689209,0.3223898708820343,0.5520563721656799,0.5898879170417786
0.3165801465511322,0.4192863404750824,0.32265767455101013,0.5686749219894409,0.6732250452041626,0.1868191510438919,0.354749858379364,0.4781440198421478,0.3222777247428894,0.5518638491630554,0.5901397466659546
0.3165301978588104,0.41938695311546326,0.3224138915538788,0.5687679052352905,0.6726921796798706,0.18675416707992554,0.35459843277931213,0.47789469361305237,0.3221656382083893,0.5516713261604309,0.5903916358947754
0.31648027896881104,0.4194875657558441,0.32217010855674744,0.5688607692718506,0.6721593141555786,0.18668916821479797,0.35444697737693787,0.4776453971862793,0.3220534920692444,0.5514788031578064,0.5906434059143066
0.31643036007881165,0.419588178396225,0.3219263553619385,0.5689537525177002,0.6716265082359314,0.1866241693496704,0.3542954921722412,0.47739607095718384,0.3219413757324219,0.5512862205505371,0.5908952355384827
0.31638044118881226,0.41968876123428345,0.32168257236480713,0.569046676158905,0.6710937023162842,0.18655918538570404,0.35414400696754456,0.4771467447280884,0.32182925939559937,0.5510937571525574,0.5911470651626587
0.31633052229881287,0.4197893738746643,0.3214387893676758,0.5691395998001099,0.6705607771873474,0.18649418652057648,0.3539925813674927,0.4768974184989929,0.32171714305877686,0.5509012341499329,0.5913988947868347
0.3162806034088135,0.41988998651504517,0.32119500637054443,0.5692325830459595,0.6700279712677002,0.1864291876554489,0.3538411259651184,0.47664809226989746,0.32160502672195435,0.5507086515426636,0.5916507840156555
0.3162307143211365,0.41999056935310364,0.3209512233734131,0.5693255066871643,0.6694951057434082,0.18636418879032135,0.35368964076042175,0.4763987958431244,0.32149291038513184,0.5505161285400391,0.5919025540351868
0.3161807656288147,0.4200911819934845,0.32070744037628174,0.5694184899330139,0.6689622402191162,0.18629920482635498,0.3535381555557251,0.47614946961402893,0.3213807940483093,0.5503236055374146,0.5921543836593628
0.3161308467388153,0.42019182443618774,0.3204636573791504,0.5695114135742188,0.6684293746948242,0.18623420596122742,0.3533867299556732,0.47590014338493347,0.32126864790916443,0.55013108253479,0.5924062728881836
0.3160809278488159,0.4202924370765686,0.32021987438201904,0.5696043968200684,0.667896568775177,0.18616920709609985,0.35323527455329895,0.475650817155838,0.3211565315723419,0.5499385595321655,0.5926580429077148
0.31603100895881653,0.4203930199146271,0.3199760913848877,0.5696973204612732,0.667363703250885,0.1861042082309723,0.3530838191509247,0.47540152072906494,0.3210444152355194,0.549746036529541,0.5929099321365356
0.31598109006881714,0.42049360275268555,0.31973233819007874,0.569790244102478,0.6668308973312378,0.18603922426700592,0.352932333946228,0.4751521944999695,0.3209322988986969,0.5495535135269165,0.5931617617607117
0.31593117117881775,0.4205942153930664,0.3194885551929474,0.5698831677436829,0.666297972202301,0.18597422540187836,0.35278087854385376,0.4749028980731964,0.320820152759552,0.549360990524292,0.5934135913848877
0.31588125228881836,0.42069482803344727,0.3192448019981384,0.5699761509895325,0.6657651662826538,0.1859092265367508,0.3526294231414795,0.47465357184410095,0.3207080364227295,0.5491684675216675,0.5936654210090637
0.3158313035964966,0.42079541087150574,0.3190010190010071,0.5700690746307373,0.6652323007583618,0.18584422767162323,0.3524779677391052,0.4744042754173279,0.320595920085907,0.548975944519043,0.5939172506332397
0.3157814145088196,0.4208960235118866,0.31875723600387573,0.5701620578765869,0.6646994352340698,0.18577924370765686,0.35232651233673096,0.47415491938591003,0.3204838037490845,0.5487834215164185,0.5941690802574158
0.3157314956188202,0.42099663615226746,0.3185134530067444,0.5702550411224365,0.6641666293144226,0.1857142448425293,0.3521750271320343,0.4739055931568146,0.32037168741226196,0.548590898513794,0.5944209098815918
0.3156815767288208,0.4210972189903259,0.31826967000961304,0.5703479647636414,0.6636337637901306,0.18564924597740173,0.35202357172966003,0.4736562967300415,0.32025957107543945,0.5483983755111694,0.594672679901123
0.315631628036499,0.4211978316307068,0.3180258870124817,0.5704408884048462,0.6631008982658386,0.18558424711227417,0.35187211632728577,0.47340697050094604,0.32014745473861694,0.5482058525085449,0.5949245691299438
0.315581738948822,0.42129844427108765,0.31778210401535034,0.5705338716506958,0.6625680923461914,0.1855192631483078,0.3517206609249115,0.473157674074173,0.32003530859947205,0.5480133295059204,0.5951763987541199
0.31553179025650024,0.4213990569114685,0.317538321018219,0.5706267952919006,0.6620352268218994,0.18545426428318024,0.35156920552253723,0.4729083180427551,0.31992319226264954,0.5478207468986511,0.5954282283782959
0.31548187136650085,0.421499639749527,0.31729456782341003,0.5707197189331055,0.6615023612976074,0.18538926541805267,0.3514177203178406,0.47265902161598206,0.319811075925827,0.5476282835006714,0.5956800580024719
0.31543195247650146,0.42160025238990784,0.3170507848262787,0.5708127021789551,0.6609694957733154,0.1853242665529251,0.3512662649154663,0.4724096953868866,0.3196989595890045,0.5474357008934021,0.5959318280220032
0.3153820335865021,0.4217008650302887,0.31680700182914734,0.5709056258201599,0.6604366898536682,0.18525928258895874,0.35111480951309204,0.4721603989601135,0.3195868134498596,0.5472431778907776,0.596183717250824
0.3153321146965027,0.42180147767066956,0.316563218832016,0.5709985494613647,0.6599038243293762,0.18519428372383118,0.3509633541107178,0.47191107273101807,0.3194746971130371,0.5470507144927979,0.596435546875
0.3152821958065033,0.421902060508728,0.31631946563720703,0.5710915327072144,0.6593709588050842,0.1851292848587036,0.3508118987083435,0.471661776304245,0.3193625807762146,0.5468581318855286,0.596687376499176
0.3152322769165039,0.4220026731491089,0.3160756826400757,0.571184515953064,0.658838152885437,0.18506428599357605,0.35066041350364685,0.47141245007514954,0.3192504644393921,0.5466656684875488,0.596939206123352
0.3151823580265045,0.42210331559181213,0.31583189964294434,0.5712774395942688,0.658305287361145,0.18499930202960968,0.35050898790359497,0.4711630940437317,0.3191383481025696,0.5464730858802795,0.5971910953521729
0.3151324391365051,0.4222038984298706,0.315588116645813,0.5713703632354736,0.657772421836853,0.18493430316448212,0.3503575026988983,0.4709137976169586,0.31902623176574707,0.546280562877655,0.5974428653717041
0.31508252024650574,0.42230451107025146,0.31534433364868164,0.5714633464813232,0.657239556312561,0.18486930429935455,0.35020604729652405,0.47066447138786316,0.3189140856266022,0.5460880398750305,0.5976947546005249
0.31503260135650635,0.4224051237106323,0.3151005506515503,0.5715562701225281,0.6567067503929138,0.184804305434227,0.3500545918941498,0.4704151749610901,0.31880199909210205,0.545895516872406,0.5979465246200562
0.31498268246650696,0.4225057363510132,0.31485676765441895,0.5716491937637329,0.6561738848686218,0.18473932147026062,0.3499031364917755,0.47016581892967224,0.31868988275527954,0.5457029938697815,0.5981983542442322
0.31493276357650757,0.42260631918907166,0.3146129846572876,0.5717421770095825,0.6556410789489746,0.18467432260513306,0.34975168108940125,0.46991652250289917,0.31857773661613464,0.545510470867157,0.5984501838684082
0.3148828446865082,0.4227069020271301,0.31436920166015625,0.5718351006507874,0.6551082134246826,0.1846093237400055,0.3496001958847046,0.4696671962738037,0.3184656500816345,0.5453179478645325,0.5987020134925842
0.3148329257965088,0.422807514667511,0.3141254186630249,0.5719280242919922,0.6545753479003906,0.18454432487487793,0.3494487404823303,0.46941789984703064,0.3183535039424896,0.545125424861908,0.598953902721405
0.314782977104187,0.42290812730789185,0.31388166546821594,0.5720210075378418,0.6540424823760986,0.18447934091091156,0.34929731488227844,0.4691685736179352,0.3182413876056671,0.5449329018592834,0.599205732345581
0.31473308801651,0.4230087101459503,0.3136378526687622,0.5721139311790466,0.6535096764564514,0.184414342045784,0.3491458296775818,0.4689192771911621,0.3181292414665222,0.5447403788566589,0.5994575023651123
0.31468313932418823,0.4231093227863312,0.31339409947395325,0.5722068548202515,0.6529768109321594,0.18434934318065643,0.34899434447288513,0.46866995096206665,0.3180171251296997,0.5445478558540344,0.5997093915939331
0.31463325023651123,0.42320993542671204,0.3131503164768219,0.5722998380661011,0.6524439454078674,0.18428434431552887,0.34884288907051086,0.4684206247329712,0.3179050087928772,0.5443553328514099,0.5999612212181091
0.31458330154418945,0.4233105182647705,0.31290656328201294,0.5723927617073059,0.6519111394882202,0.1842193603515625,0.348691463470459,0.46817129850387573,0.3177928924560547,0.5441628098487854,0.6002130508422852
0.31453341245651245,0.42341113090515137,0.3126627802848816,0.5724856853485107,0.6513782739639282,0.18415436148643494,0.3485400080680847,0.4679219722747803,0.3176807761192322,0.5439702272415161,0.6004648804664612
0.3144834637641907,0.4235117435455322,0.31241899728775024,0.5725786685943604,0.6508454084396362,0.18408936262130737,0.3483884930610657,0.4676726758480072,0.31756865978240967,0.5437777638435364,0.6007167100906372
0.3144335448741913,0.4236123561859131,0.3121752142906189,0.57267165184021,0.6503125429153442,0.1840243637561798,0.3482370376586914,0.46742331981658936,0.31745651364326477,0.5435852408409119,0.6009685397148132
0.3143836259841919,0.42371293902397156,0.31193143129348755,0.5727645754814148,0.649779736995697,0.18395937979221344,0.3480856120586395,0.4671740233898163,0.31734442710876465,0.5433926582336426,0.6012203693389893
0.3143337070941925,0.4238135516643524,0.3116876482963562,0.5728574991226196,0.649246871471405,0.18389438092708588,0.34793415665626526,0.4669246971607208,0.31723228096961975,0.5432001948356628,0.6014721393585205
0.3142837882041931,0.42391419410705566,0.31144386529922485,0.5729504823684692,0.6487140655517578,0.1838293820619583,0.3477826714515686,0.46667540073394775,0.31712016463279724,0.5430076122283936,0.6017240285873413
0.3142338693141937,0.42401477694511414,0.3112000823020935,0.5730433464050293,0.6481812000274658,0.18376438319683075,0.34763118624687195,0.4664260745048523,0.31700804829597473,0.542815089225769,0.6019758582115173
0.31418395042419434,0.424115389585495,0.31095629930496216,0.5731363296508789,0.6476483345031738,0.18369939923286438,0.34747976064682007,0.4661767780780792,0.3168959319591522,0.5426225662231445,0.6022276878356934
0.31413400173187256,0.42421600222587585,0.3107125461101532,0.5732293128967285,0.6471154689788818,0.18363440036773682,0.3473283052444458,0.46592745184898376,0.3167837858200073,0.54243004322052,0.6024795174598694
0.31408411264419556,0.4243166148662567,0.31046879291534424,0.5733222365379333,0.6465826630592346,0.18356940150260925,0.34717682003974915,0.4656781554222107,0.3166716694831848,0.5422375202178955,0.6027313470840454
0.31403419375419617,0.4244171977043152,0.3102249801158905,0.5734151601791382,0.6460497379302979,0.18350441753864288,0.3470253348350525,0.46542879939079285,0.3165595531463623,0.542044997215271,0.6029831767082214
0.3139842748641968,0.42451781034469604,0.30998122692108154,0.5735081434249878,0.6455168724060059,0.18343941867351532,0.3468739092350006,0.4651795029640198,0.3164474368095398,0.5418524146080017,0.6032350063323975
0.3139343559741974,0.4246184229850769,0.3097374439239502,0.5736010670661926,0.6449840664863586,0.18337441980838776,0.34672245383262634,0.4649301767349243,0.3163353204727173,0.541659951210022,0.6034868359565735
0.313884437084198,0.42471903562545776,0.30949366092681885,0.5736939907073975,0.6444512605667114,0.1833094209432602,0.3465709984302521,0.46468085050582886,0.3162232041358948,0.5414674282073975,0.6037386655807495
0.3138345181941986,0.42481961846351624,0.3092498779296875,0.5737869739532471,0.6439183950424194,0.18324443697929382,0.3464195132255554,0.4644315242767334,0.3161110579967499,0.541274905204773,0.6039905548095703
0.31378456950187683,0.4249202013015747,0.30900609493255615,0.5738798975944519,0.6433855295181274,0.18317943811416626,0.34626805782318115,0.46418219804763794,0.31599894165992737,0.5410823822021484,0.6042423248291016
0.31373465061187744,0.42502081394195557,0.3087623119354248,0.5739728212356567,0.6428526639938354,0.1831144392490387,0.3461166024208069,0.46393290162086487,0.31588682532310486,0.5408897995948792,0.6044942140579224
0.31368476152420044,0.42512139678001404,0.30851855874061584,0.5740658044815063,0.6423198580741882,0.18304944038391113,0.3459651470184326,0.4636835753917694,0.31577470898628235,0.5406973361968994,0.6047459840774536
0.31363481283187866,0.4252220094203949,0.3082748055458069,0.574158787727356,0.6417869925498962,0.18298445641994476,0.34581366181373596,0.46343427896499634,0.31566256284713745,0.5405047535896301,0.6049978733062744
0.31358492374420166,0.42532262206077576,0.30803099274635315,0.5742517113685608,0.6412541270256042,0.1829194575548172,0.3456622362136841,0.4631849527359009,0.31555047631263733,0.5403122901916504,0.6052496433258057
0.3135349750518799,0.4254232347011566,0.3077872395515442,0.5743446946144104,0.640721321105957,0.18285445868968964,0.3455107510089874,0.4629356563091278,0.31543833017349243,0.5401197075843811,0.6055014729499817
0.3134850859642029,0.4255238175392151,0.30754345655441284,0.5744376182556152,0.640188455581665,0.18278945982456207,0.34535929560661316,0.46268630027770996,0.3153262138366699,0.5399271845817566,0.6057533025741577
0.3134351372718811,0.42562443017959595,0.3072996735572815,0.5745306015014648,0.639655590057373,0.1827244758605957,0.3452078104019165,0.4624370038509369,0.3152140974998474,0.5397347211837769,0.6060051918029785
0.3133852183818817,0.4257250726222992,0.30705589056015015,0.5746235251426697,0.639122724533081,0.18265947699546814,0.3450563848018646,0.46218767762184143,0.3151019811630249,0.5395421385765076,0.6062570214271545
0.3133352994918823,0.42582568526268005,0.3068121075630188,0.5747164487838745,0.6385898590087891,0.18259447813034058,0.34490492939949036,0.46193838119506836,0.31498983502388,0.5393496155738831,0.6065088510513306
0.31328538060188293,0.4259262681007385,0.30656832456588745,0.5748094320297241,0.6380570530891418,0.182529479265213,0.3447534441947937,0.4616890251636505,0.3148777484893799,0.5391570925712585,0.6067606210708618
0.31323546171188354,0.4260268807411194,0.3063245415687561,0.574902355670929,0.6375241875648499,0.18246449530124664,0.34460195899009705,0.46143969893455505,0.314765602350235,0.538964569568634,0.6070124506950378
0.31318554282188416,0.42612749338150024,0.30608075857162476,0.5749952793121338,0.6369913816452026,0.18239949643611908,0.34445053339004517,0.461190402507782,0.3146534860134125,0.5387720465660095,0.6072643399238586
0.31313562393188477,0.4262280762195587,0.3058369755744934,0.5750882625579834,0.6364585161209106,0.18233449757099152,0.3442990779876709,0.4609410762786865,0.3145413398742676,0.538579523563385,0.6075161695480347
0.313085675239563,0.4263286888599396,0.30559319257736206,0.5751811861991882,0.6359256505966187,0.18226949870586395,0.34414762258529663,0.46069177985191345,0.31442925333976746,0.5383869409561157,0.6077679991722107
0.313035786151886,0.42642930150032043,0.3053494393825531,0.5752741694450378,0.6353927850723267,0.18220451474189758,0.3439961075782776,0.460442453622818,0.31431710720062256,0.538194477558136,0.6080198287963867
0.3129858374595642,0.4265299141407013,0.30510565638542175,0.5753670930862427,0.6348599791526794,0.18213951587677002,0.3438446819782257,0.4601931571960449,0.31420499086380005,0.5380019545555115,0.6082716584205627
0.3129359483718872,0.42663049697875977,0.3048619031906128,0.5754600167274475,0.6343271136283875,0.18207451701164246,0.34369322657585144,0.45994383096694946,0.3140929043292999,0.5378093719482422,0.6085234880447388
0.31288599967956543,0.4267311096191406,0.30461809039115906,0.5755529999732971,0.6337943077087402,0.1820095181465149,0.3435417711734772,0.459694504737854,0.31398075819015503,0.5376168489456177,0.60877525806427
0.3128361105918884,0.4268317222595215,0.3043743371963501,0.575645923614502,0.6332613825798035,0.18194453418254852,0.3433903157711029,0.45944517850875854,0.3138686418533325,0.5374243259429932,0.6090271472930908
0.31278619170188904,0.42693233489990234,0.30413055419921875,0.5757388472557068,0.6327285766601562,0.18187953531742096,0.34323883056640625,0.4591958522796631,0.31375652551651,0.5372318029403687,0.6092789769172668
0.31273624300956726,0.4270329177379608,0.3038867712020874,0.5758318305015564,0.6321957111358643,0.1818145364522934,0.343087375164032,0.4589465260505676,0.3136444091796875,0.5370392799377441,0.6095308065414429
0.31268632411956787,0.4271335005760193,0.30364298820495605,0.5759247541427612,0.6316628456115723,0.18174953758716583,0.3429359197616577,0.45869719982147217,0.313532292842865,0.5368467569351196,0.6097826361656189
0.3126364052295685,0.42723411321640015,0.3033992052078247,0.5760177373886108,0.631130039691925,0.18168455362319946,0.34278446435928345,0.4584479033946991,0.3134201765060425,0.5366542339324951,0.6100345253944397
0.3125864863395691,0.4273346960544586,0.30315542221069336,0.5761106610298157,0.6305971741676331,0.1816195547580719,0.3426330089569092,0.45819857716560364,0.3133080303668976,0.5364617109298706,0.610286295413971
0.3125365674495697,0.4274353086948395,0.302911639213562,0.5762035846710205,0.6300643086433411,0.18155455589294434,0.3424815237522125,0.45794928073883057,0.3131959140300751,0.5362691879272461,0.610538125038147
0.3124866485595703,0.42753592133522034,0.30266788601875305,0.5762965679168701,0.6295315027236938,0.18148955702781677,0.34233006834983826,0.4576999545097351,0.31308379769325256,0.5360766649246216,0.610789954662323
0.3124367296695709,0.4276365637779236,0.3024240732192993,0.576389491558075,0.6289986371994019,0.1814245730638504,0.342178612947464,0.45745065808296204,0.31297168135643005,0.5358841419219971,0.611041784286499
0.31238681077957153,0.42773714661598206,0.30218032002449036,0.5764824151992798,0.6284657716751099,0.18135957419872284,0.3420271575450897,0.4572013318538666,0.31285953521728516,0.5356916189193726,0.6112936735153198
0.31233686208724976,0.4278377592563629,0.3019365668296814,0.5765753984451294,0.6279329657554626,0.18129457533359528,0.34187570214271545,0.4569520056247711,0.31274741888046265,0.535499095916748,0.6115454435348511
0.31228697299957275,0.4279383718967438,0.30169278383255005,0.5766683220863342,0.6274001002311707,0.1812295764684677,0.3417242169380188,0.45670267939567566,0.31263530254364014,0.5353065729141235,0.6117973327636719
0.312237024307251,0.42803898453712463,0.3014490008354187,0.5767612457275391,0.6268672347068787,0.18116459250450134,0.34157276153564453,0.4564533829689026,0.3125231862068176,0.535114049911499,0.6120491623878479
0.312187135219574,0.4281395673751831,0.30120521783828735,0.5768542289733887,0.6263343691825867,0.18109959363937378,0.34142130613327026,0.45620405673980713,0.3124110698699951,0.5349214673042297,0.6123009920120239
0.3121371865272522,0.42824018001556396,0.300961434841156,0.5769471526145935,0.6258015632629395,0.18103459477424622,0.341269850730896,0.45595473051071167,0.3122989237308502,0.53472900390625,0.6125527620315552
0.3120872974395752,0.4283407926559448,0.30071765184402466,0.5770400762557983,0.6252686977386475,0.18096959590911865,0.34111839532852173,0.4557054042816162,0.3121868371963501,0.5345364809036255,0.6128045916557312
0.3120373487472534,0.4284413754940033,0.3004738688468933,0.577133059501648,0.6247358322143555,0.18090461194515228,0.3409669101238251,0.45545607805252075,0.3120746910572052,0.5343438982963562,0.6130564212799072
0.31198742985725403,0.42854198813438416,0.30023008584976196,0.5772259831428528,0.6242029666900635,0.18083961308002472,0.3408154547214508,0.4552067816257477,0.3119625747203827,0.5341514348983765,0.613308310508728
0.31193751096725464,0.428642600774765,0.2999863028526306,0.5773189067840576,0.6236701607704163,0.18077461421489716,0.34066399931907654,0.4549574553966522,0.3118504285812378,0.5339588522911072,0.6135600805282593
0.31188759207725525,0.4287432134151459,0.29974254965782166,0.5774118900299072,0.6231372952461243,0.1807096153497696,0.34051254391670227,0.45470815896987915,0.31173834204673767,0.5337663888931274,0.6138119697570801
0.31183767318725586,0.42884379625320435,0.2994987666606903,0.5775048732757568,0.622604489326477,0.18064463138580322,0.3403611183166504,0.4544588327407837,0.3116261959075928,0.5335738062858582,0.6140637993812561
0.31178775429725647,0.4289444088935852,0.29925501346588135,0.5775977969169617,0.6220716238021851,0.18057963252067566,0.34020963311195374,0.4542095363140106,0.31151407957077026,0.5333812832832336,0.6143155694007874
0.3117378354072571,0.42904502153396606,0.2990112006664276,0.5776907205581665,0.6215387582778931,0.1805146336555481,0.3400581479072571,0.4539601802825928,0.31140196323394775,0.5331887602806091,0.6145674586296082
0.3116878867149353,0.4291456341743469,0.29876744747161865,0.5777836441993713,0.6210058927536011,0.18044964969158173,0.3399066925048828,0.4537108838558197,0.31128984689712524,0.5329962372779846,0.6148192882537842
0.3116379976272583,0.4292462170124054,0.2985236644744873,0.577876627445221,0.6204730868339539,0.18038465082645416,0.33975526690483093,0.45346155762672424,0.31117770075798035,0.5328037738800049,0.6150711178779602
0.3115880489349365,0.42934682965278625,0.29827988147735596,0.5779695510864258,0.6199401617050171,0.1803196519613266,0.33960381150245667,0.4532122313976288,0.3110656142234802,0.5326111316680908,0.6153229475021362
0.3115381598472595,0.4294474422931671,0.2980360984802246,0.5780625343322754,0.6194073557853699,0.18025465309619904,0.3394522964954376,0.4529629051685333,0.3109534978866577,0.5324186086654663,0.6155747771263123
0.31148824095726013,0.4295480251312256,0.29779231548309326,0.5781554579734802,0.6188745498657227,0.18018966913223267,0.33930084109306335,0.45271360874176025,0.3108413517475128,0.5322260856628418,0.6158266067504883
0.31143832206726074,0.42964863777160645,0.2975485324859619,0.5782483816146851,0.6183416843414307,0.1801246702671051,0.3391494154930115,0.4524642825126648,0.3107292652130127,0.5320336222648621,0.6160784959793091
0.31138837337493896,0.4297492504119873,0.29730474948883057,0.5783413648605347,0.6178088188171387,0.18005967140197754,0.3389979600906372,0.45221495628356934,0.3106171190738678,0.5318410396575928,0.6163302659988403
0.3113384544849396,0.42984986305236816,0.2970609962940216,0.5784343481063843,0.6172759532928467,0.17999467253684998,0.33884644508361816,0.45196565985679626,0.3105050027370453,0.531648576259613,0.6165820956230164
0.3112885355949402,0.42995044589042664,0.29681721329689026,0.5785273313522339,0.6167431473731995,0.1799296885728836,0.3386949896812439,0.4517163336277008,0.3103928565979004,0.5314559936523438,0.6168339252471924
0.3112386167049408,0.4300510585308075,0.2965734004974365,0.578620195388794,0.6162102818489075,0.17986468970775604,0.338543564081192,0.45146703720092773,0.3102807402610779,0.5312634706497192,0.6170857548713684
0.3111886978149414,0.43015167117118835,0.2963296175003052,0.5787131786346436,0.6156774759292603,0.17979969084262848,0.33839210867881775,0.4512176811695099,0.31016862392425537,0.5310709476470947,0.6173375844955444
0.311138778924942,0.4302522540092468,0.2960858643054962,0.5788061618804932,0.6151445508003235,0.17973469197750092,0.3382406234741211,0.4509683847427368,0.31005650758743286,0.5308784246444702,0.6175894141197205
0.3110888600349426,0.4303528666496277,0.29584208130836487,0.578899085521698,0.6146117448806763,0.17966970801353455,0.33808913826942444,0.45071905851364136,0.30994439125061035,0.5306859016418457,0.6178412437438965
0.31103894114494324,0.43045347929000854,0.2955983281135559,0.5789920091629028,0.6140788793563843,0.17960470914840698,0.33793771266937256,0.4504697322845459,0.30983227491378784,0.5304933786392212,0.6180930733680725
0.31098902225494385,0.4305540919303894,0.29535454511642456,0.5790849924087524,0.6135460734367371,0.17953971028327942,0.3377862572669983,0.45022040605545044,0.30972012877464294,0.5303008556365967,0.6183449029922485
0.31093910336494446,0.4306546747684479,0.2951107621192932,0.5791779160499573,0.6130131483078003,0.17947471141815186,0.33763477206230164,0.44997110962867737,0.3096080422401428,0.5301083326339722,0.6185967922210693
0.31088918447494507,0.43075528740882874,0.29486697912216187,0.5792708396911621,0.6124803423881531,0.17940972745418549,0.33748331665992737,0.4497217833995819,0.3094958961009979,0.5299158096313477,0.6188485622406006
0.3108392655849457,0.4308559000492096,0.2946231961250305,0.5793637633323669,0.6119474768638611,0.17934472858905792,0.3373318612575531,0.44947248697280884,0.3093837797641754,0.5297232866287231,0.6191003918647766
0.3107893466949463,0.43095651268959045,0.29437941312789917,0.5794567465782166,0.6114146709442139,0.17927972972393036,0.33718040585517883,0.4492231607437134,0.3092716634273529,0.5295307636260986,0.6193522810935974
0.3107394278049469,0.4310570955276489,0.2941356301307678,0.5795496702194214,0.6108817458152771,0.1792147308588028,0.33702895045280457,0.4489738345146179,0.3091595470905304,0.5293382406234741,0.6196041107177734
0.3106895089149475,0.4311577081680298,0.2938918471336365,0.579642653465271,0.6103489398956299,0.17914974689483643,0.3368774652481079,0.44872453808784485,0.3090474009513855,0.5291457176208496,0.6198558807373047
0.31063956022262573,0.43125832080841064,0.2936480939388275,0.5797355771064758,0.6098160743713379,0.17908474802970886,0.33672603964805603,0.4484752118587494,0.308935284614563,0.5289531946182251,0.6201077699661255
0.31058967113494873,0.4313589334487915,0.29340431094169617,0.5798285603523254,0.6092832684516907,0.1790197491645813,0.3365745544433594,0.44822588562965393,0.3088231682777405,0.5287606716156006,0.6203595399856567
0.31053972244262695,0.43145954608917236,0.2931605279445648,0.5799214839935303,0.6087504029273987,0.17895475029945374,0.3364230990409851,0.44797655940055847,0.30871105194091797,0.5285681486129761,0.6206114292144775
0.31048983335494995,0.4315601587295532,0.29291674494743347,0.5800144672393799,0.6082175374031067,0.17888976633548737,0.33627161383628845,0.4477272629737854,0.30859893560409546,0.5283756256103516,0.6208632588386536
0.3104398846626282,0.4316607415676117,0.2926729917526245,0.5801073908805847,0.6076847314834595,0.1788247674703598,0.3361201882362366,0.44747790694236755,0.30848681926727295,0.528183102607727,0.6211150884628296
0.31038999557495117,0.43176132440567017,0.29242920875549316,0.5802003145217896,0.6071518659591675,0.17875976860523224,0.3359687328338623,0.4472286105155945,0.30837470293045044,0.5279905796051025,0.6213669180870056
0.3103400468826294,0.431861937046051,0.2921854257583618,0.5802932977676392,0.6066190004348755,0.17869476974010468,0.33581724762916565,0.446979284286499,0.30826255679130554,0.527798056602478,0.6216186881065369
0.31029012799263,0.4319625496864319,0.29194164276123047,0.580386221408844,0.6060861349105835,0.1786297857761383,0.335665762424469,0.44672998785972595,0.30815044045448303,0.5276055335998535,0.6218705773353577
0.3102402091026306,0.43206316232681274,0.2916978597640991,0.5804791450500488,0.6055533289909363,0.17856478691101074,0.3355143368244171,0.4464806616306305,0.3080383539199829,0.5274129509925842,0.6221224069595337
0.3101902902126312,0.4321637451648712,0.2914540767669678,0.5805720686912537,0.6050204634666443,0.17849978804588318,0.33536288142204285,0.4462313652038574,0.307926207780838,0.5272203683853149,0.6223741769790649
0.31014037132263184,0.4322643578052521,0.2912102937698364,0.5806650519371033,0.6044875979423523,0.17843478918075562,0.3352114260196686,0.44598203897476196,0.3078140914440155,0.5270279049873352,0.6226260662078857
0.31009045243263245,0.43236497044563293,0.2909665107727051,0.5807579755783081,0.6039547324180603,0.17836980521678925,0.33505991101264954,0.4457327127456665,0.3077019453048706,0.5268353819847107,0.6228778958320618
0.31004053354263306,0.4324655532836914,0.2907227575778961,0.5808509588241577,0.6034219264984131,0.17830480635166168,0.33490848541259766,0.44548338651657104,0.3075898587703705,0.5266427993774414,0.6231297254562378
0.30999061465263367,0.43256616592407227,0.29047897458076477,0.5809438824653625,0.6028890609741211,0.17823980748653412,0.3347570300102234,0.4452340602874756,0.3074777126312256,0.5264503359794617,0.6233816146850586
0.3099406957626343,0.4326667785644531,0.2902351915836334,0.5810368061065674,0.6023561954498291,0.17817480862140656,0.3346055746078491,0.4449847638607025,0.3073655962944031,0.5262577533721924,0.6236333847045898
0.3098907768726349,0.432767391204834,0.28999143838882446,0.581129789352417,0.6018233895301819,0.17810982465744019,0.33445408940315247,0.44473540782928467,0.3072534501552582,0.5260652899742126,0.6238852143287659
0.3098408579826355,0.43286797404289246,0.2897476553916931,0.5812227129936218,0.6012905240058899,0.17804482579231262,0.3343026340007782,0.4444861114025116,0.30714136362075806,0.5258727073669434,0.6241370439529419
0.3097909390926361,0.4329685866832733,0.28950387239456177,0.5813156366348267,0.6007576584815979,0.17797982692718506,0.33415117859840393,0.44423678517341614,0.30702921748161316,0.5256801843643188,0.6243888735771179
0.3097410202026367,0.4330691993236542,0.2892600893974304,0.5814086198806763,0.6002248525619507,0.1779148280620575,0.33399972319602966,0.44398748874664307,0.30691710114479065,0.5254876613616943,0.624640703201294
0.30969110131263733,0.4331698417663574,0.2890163064002991,0.5815015435218811,0.5996919870376587,0.17784984409809113,0.333848237991333,0.4437381625175476,0.30680495500564575,0.5252951383590698,0.6248925924301147
0.30964118242263794,0.4332704246044159,0.2887725234031677,0.5815945267677307,0.5991591215133667,0.17778484523296356,0.33369681239128113,0.44348886609077454,0.30669286847114563,0.5251026153564453,0.625144362449646
0.30959123373031616,0.43337103724479675,0.2885287404060364,0.5816874504089355,0.5986262559890747,0.177719846367836,0.3335453271865845,0.4432395398616791,0.3065807521343231,0.5249100923538208,0.625396192073822
0.30954134464263916,0.4334716498851776,0.28828495740890503,0.5817803740501404,0.5980934500694275,0.17765484750270844,0.3333938717842102,0.442990243434906,0.3064686059951782,0.5247176289558411,0.625648021697998
0.3094913959503174,0.4335722327232361,0.2880411744117737,0.58187335729599,0.5975605845451355,0.17758986353874207,0.33324241638183594,0.44274091720581055,0.3063565194606781,0.5245250463485718,0.6258999109268188
