elec_demand_AZ,elec_demand_CA,elec_demand_CO,elec_demand_ID,elec_demand_MT,elec_demand_NM,elec_demand_NV,elec_demand_OR,elec_demand_UT,elec_demand_WA,elec_demand_WY
18254.645331200038,31024.84772322823,16105.289741428167,6508.915376056046,3626.9947630511288,4047.8298132177274,9600.477778437258,12929.709659289894,9886.089523487723,21731.662464762023,3466.5103338450567
17287.254014345548,30965.228321524537,15216.700745376385,6231.410119291742,3434.76728431187,3854.581027512219,9504.679244321436,12764.546856099014,9474.467557219787,21507.53673120454,3344.4040910134268
15914.595651129575,29002.175350745634,14162.832524164682,5816.034979395336,3175.5785710946684,3581.4139485925994,8997.950257501547,12056.840163613238,8869.705439825393,20356.93958132524,3234.4593942901233
14391.657322930101,27135.434552221115,12937.609074247066,5363.374180045727,2893.102904005518,3289.268226465296,8535.29383709658,11313.245819227539,8142.8416481470995,19078.967024765825,2998.4093679172142
13037.607991900019,24883.87743244549,11892.939692446134,4889.842121092204,2646.9896563798534,3018.121757419145,7968.627906440546,10391.502605536632,7359.4444673078615,17476.6724446412,2840.3114957200737
12156.850785706083,22112.94552633185,11190.404234608188,4550.114635194642,2499.7761740747096,2854.086048061739,7317.624183660657,9380.411848748292,6947.718199460857,15771.030254597394,2759.1866940149225
11580.955940921327,19775.32841799443,10804.203368559245,4357.872544619141,2410.565379586011,2773.0272100517404,6739.686153870303,8478.247818536956,6723.152219460208,14260.959408617196,2740.1342784219482
11257.024130473292,18133.667453132522,10428.383170857745,4202.699933169971,2320.5325397446945,2732.0176557093423,6342.024413057203,8028.074744771938,6527.570804018194,13405.232480135955,2690.1129232856574
11383.467721138775,16945.79495551434,10344.984308559358,4168.45140330294,2334.42743767313,2757.009828902958,6050.4070579963145,7776.756542854934,6466.306705880775,12917.520290780032,2672.072580571554
12201.692786750898,16191.266759225662,10755.102860116862,4302.371482630198,2417.5636933537085,2890.0261020793955,5922.141220548949,7653.405461908152,6662.451443565828,12650.086639307054,2684.113178895912
13902.145730523991,15966.256556391192,12109.89636142042,4763.616292857585,2757.820013221662,3193.137012149219,6004.9337072282215,7710.90972934188,7378.1960117917,12830.132292023956,2778.2152788464823
15504.489208791914,16907.374700957418,13800.522132270837,5471.322857642329,3181.130854233507,3500.385712685778,6235.976185184745,8486.27752928855,8556.819906834753,13957.633496186969,3034.404401472705
16695.23133699629,19418.13893709042,15426.503147384425,6046.427167570876,3480.824835615742,3854.6714824483133,6938.83074600966,9830.907834341995,9473.5090625,16303.871289533845,3280.586544522624
16650.06331534731,23061.666343954897,15591.567418191233,6186.418645164993,3497.984484576039,3891.346243280825,7587.316334753429,11080.469525703747,9547.086780010073,18347.646305393773,3313.298800093889
15957.641320372317,26243.543644592493,15100.886596703815,6060.937303891309,3402.7846614015743,3816.155995516698,8242.497580333216,11725.098757806676,9306.776645933234,19467.652649702497,3291.074516956369
15358.027785242446,26963.327271394937,14383.545988735495,5840.359114764031,3285.6831730265953,3726.0983916630344,8448.330458453238,11747.252832778262,9035.1737485303,19427.9321816943,3215.033802803673
15104.829302370306,26157.14770746481,14075.289660714554,5685.2784355449585,3206.5626403704855,3645.0530630757817,8251.695740807543,11379.561190996787,8861.113686364637,18765.35772616471,3169.0342965882796
14957.651408591302,25267.138841704593,13732.765361281616,5571.087130466938,3181.5754624289802,3584.041284385964,7987.409105288054,10998.872366682595,8681.748793608687,18058.76232285341,3084.003899479886
14772.499491983497,25094.51836171977,13650.827171909019,5482.315863369387,3144.762199815892,3508.021481759478,7893.099766525587,10803.876515447435,8581.831884712734,17687.558727840293,3072.003914745357
15269.659169922686,24862.751829782086,14146.934769357555,5508.479800936103,3204.4848418568336,3562.0850178725113,7830.33132694315,10718.04735461606,8683.481699802462,17492.84658464947,3198.076704476799
16128.089854111606,24473.5548947958,15032.545767429761,5681.215026726161,3355.727644444445,3675.6100380155012,7751.198029135829,10615.23066714663,8969.879079474036,17315.284592516527,3331.331427914122
17619.598379944782,25396.087937815882,16418.31548628826,6107.416682741149,3606.839075567577,3931.0788854202005,7980.899677324586,10862.333403821398,9518.164463359626,17840.466049147635,3427.6071209715647
19036.232382913073,26950.124194148386,17483.427104557606,6563.197981927358,3848.3861950789933,4198.064276056303,8538.078449403483,11442.25662205359,10047.025852959376,19009.921562281786,3611.1779012351626
18967.302859734133,29893.802617880763,17370.198137516403,6695.957366890549,3807.4131824641,4202.120843469798,9302.674569984098,12369.99987598224,10036.039958468833,20613.578751949102,3560.6302551481012
18096.465303477584,32263.487603030775,16628.221305453153,6536.670203031657,3633.1648690667867,4017.8361848600766,9722.912275533341,12885.648506990978,9724.036202178699,21517.990222863507,3479.0306996978948
17311.4501875214,31994.935511715557,15738.64844734026,6245.18385362856,3441.7635280855184,3846.5822650434125,9694.717830479465,12721.751962696919,9357.359766938183,21271.973041689147,3335.4052048835492
15915.8100109373,29984.059421850063,14670.90041226302,5846.007622144759,3183.417824402632,3560.455595888794,9219.070867178649,12128.712050872038,8783.561410948145,20199.215570693046,3210.5064863442003
14356.479364981107,28031.2922008845,13353.669853860503,5381.46358765155,2912.0954317930145,3270.269812441873,8760.412097344315,11339.978023630021,8049.70589970002,18906.072220807946,3031.364931513602
13137.62951545371,25533.95209356733,12116.25464642227,4920.715422959157,2676.8456974840456,3024.1447718585187,8244.599052076946,10446.472315159646,7407.393154705596,17415.9665931221,2877.5178897103556
12269.866714000198,22791.807848610373,11365.55989376326,4579.189368592783,2519.7698008215443,2882.0852032719813,7520.563056688627,9495.43385325741,6949.6022321591245,15744.126686880696,2771.1858726840283
11756.934711866308,20151.97386868537,10934.37663735193,4384.947628687465,2432.6155961211552,2805.0387791541766,6965.526366552839,8595.413678756264,6676.198186655822,14294.167730365418,2757.1589985522373
11479.90183187573,18430.229378525928,10639.662476888567,4260.6613455470215,2351.5253129310013,2752.0175267728696,6546.981369499577,8163.884855039256,6549.550997477673,13520.328196538798,2740.110837270734
11678.55765797586,17150.603882704312,10478.001792153218,4215.422765257229,2355.4235265320276,2771.009779064275,6348.405642565625,7929.635566119197,6545.343126723763,13037.54396252439,2693.1127959130067
12506.701259089086,16283.300207502629,10927.461524974802,4367.334562864178,2440.455677005731,2866.0263219376593,6214.066989518601,7765.432597939229,6763.365436185073,12757.924072791966,2728.1113308543077
14357.230420614773,16192.307106484634,12228.076408730158,4827.664489944393,2780.752962550426,3163.1383283039127,6233.977181472222,7863.871445369611,7524.27878827405,12940.995039241887,2831.2111810201454
16098.174073837568,17076.309211957905,13890.744789572285,5555.358917185899,3218.117373244462,3542.4186027880155,6515.918868870799,8611.018764200873,8620.868952834124,14151.358478648255,3044.403043218883
17387.376291883404,19563.076182044606,15610.767038201708,6137.26136445969,3496.7345613336574,3901.7103344934817,7262.816403326402,9993.739061473088,9588.73687783083,16514.38914318811,3335.0767824539253
17063.132296256434,23169.689257384853,15900.932224558583,6287.5378365257,3512.975610686014,3919.413028638894,7867.304952072718,11254.117864430094,9563.298737021352,18781.038416148196,3356.402615344423
16357.115108113434,26256.723325609197,15611.386674930176,6124.986401180792,3409.8646017200986,3850.202282306081,8551.651538901175,11910.999270162118,9299.996431206633,19889.16923149628,3281.074746168397
15693.263064887511,26961.421018197558,15017.94599628935,5923.4836380130055,3283.5244276895028,3755.1162851952226,8694.636730546452,11959.219287870148,9074.244215415843,19721.425680640525,3248.033457236244
15306.87707987604,26052.211699565465,14714.58778942492,5761.496336941239,3214.5585812754293,3670.052698965406,8470.017619529435,11609.68170125804,8933.260344335198,18879.005310062817,3194.034026451535
15050.054457971082,25008.430858032774,14532.140865848613,5642.1313119648075,3153.431883437399,3620.040871159836,8181.5554100504005,11202.865698601847,8843.921847639655,18074.61777754505,3158.008576873342
14750.70020311224,24731.931710743414,14329.097576702112,5546.188102601579,3111.4520410837054,3559.0305170854895,8053.268923865744,11079.710439589862,8721.920683897904,17732.54145100234,3131.0153961267697
15157.937309624105,24777.63353372893,14713.286469272705,5585.520157723268,3181.740752891953,3605.1017280572178,7938.540148758276,10925.899206326243,8775.398688858,17498.987298348864,3227.059993709067
15786.390024477083,24695.512048972432,15394.641947130061,5782.040439771056,3326.913343520602,3726.557241771506,7961.332960711011,10812.010825309228,9101.089064691343,17346.124221021284,3332.3313265194342
17273.06846222755,25735.14273170365,16703.482667894943,6213.318841886127,3595.0133560296786,3974.1262553064994,8249.088027841084,11095.138536676584,9658.242763850276,17886.357560399905,3471.6963334076895
18965.115749654782,27522.878499458217,17744.732049629045,6671.8706699988625,3852.2062977496976,4248.166830053952,8831.93178072614,11732.930519316495,10318.937722330016,19168.913085038756,3637.6637147314254
18986.09325430642,30187.56837704431,17653.59584685001,6807.181935476099,3826.135422184866,4235.054688943349,9523.902737661847,12623.768320097757,10281.857573983156,20844.344007478066,3627.665592966187
18103.244726102606,32382.17603988163,16802.4973080861,6618.920505674672,3654.9787736310677,4068.825410537104,9925.828288099581,13086.788907317998,9914.179945224398,21725.220259593865,3498.505556049699
17261.060744870738,32092.742581512965,15997.060418382911,6351.408422430885,3478.663903109472,3879.577193908493,9861.88903987584,12887.736012314514,9435.390694041158,21460.936348314597,3388.4380509626776
15952.776089477065,30103.752052901862,14919.213740294093,5920.940512181704,3234.394547232514,3629.4467465439975,9402.011296076098,12259.892530259354,8875.455768764134,20388.363789119936,3272.453936766255
14377.984527597115,28131.105802440547,13510.95176894287,5435.312962863243,2938.2281706683584,3314.2987082690347,8927.47605136313,11522.211173564394,8056.697833665991,19164.177510049434,3042.4033141392506
13077.478458049885,25706.81034984728,12220.086783875975,4983.765662760357,2708.0356580653615,3069.119709619828,8293.661192148164,10564.408440613333,7392.4091137460455,17518.733461559557,2889.5642959358174
12280.045251382538,22932.89658861849,11526.550144716573,4632.3441093846795,2539.6445044173806,2913.066520326741,7598.80176398272,9586.313050808634,6977.461715552564,15860.064582682304,2783.185058548096
11885.94331345495,20400.89890335761,11131.277366024095,4422.828196358925,2431.6740690698975,2844.026526753349,6959.813635080968,8703.229576531454,6742.13382991503,14331.151152192457,2773.132659038841
11555.943084418508,18683.42420066248,10802.441863806893,4277.560545848289,2357.5239367887057,2811.026840023864,6577.873039476989,8221.93119621251,6541.55818353981,13530.39576873305,2737.363091198723
11634.739084331435,17461.60373629358,10693.127574617549,4214.337147950194,2357.6358130737995,2801.009673950747,6334.498190532448,7943.696481446102,6529.356972631104,13037.611277270831,2691.1128807961572
12500.859469261706,16598.231050914186,11094.320385324205,4368.334003844182,2477.604071515852,2948.0163561983536,6165.092451523545,7803.3576364848395,6729.394084536303,12826.028599341427,2682.0916288422864
14184.488088902955,16335.249755029936,12509.092517485955,4799.767204507007,2773.6971057549704,3268.133828791294,6224.903109092854,7823.719006996188,7442.245365208283,12925.053458662389,2798.2456323775305
15866.611087885534,17242.31479197013,14058.813975301839,5499.394816889113,3211.0538577920693,3570.3779984940297,6499.08213577881,8603.966152277557,8591.786122262889,14189.349212475605,3037.445902484161
17189.848957236332,19984.043183391,15780.609978629242,6112.3768038220605,3523.8015660880196,3934.657483687355,7171.867066399569,9944.873383519753,9489.492007206383,16509.332408117032,3331.62508546345
17544.75204505101,23499.67060926634,15906.710365374116,6266.456002281854,3546.9557873953504,3983.371385858295,7895.379867473871,11208.204775811351,9520.228394765752,18744.05284324758,3360.328512442336
16966.06475027755,26681.706924575436,15325.111029235944,6076.020202020202,3475.9116239382593,3932.1980058143427,8576.733169859703,11875.100035261945,9182.995730756416,19881.25556695226,3229.059956240372
16498.0943259134,27532.497238088577,14630.750619601304,5865.431353751922,3312.9218173018357,3796.096559582022,8829.629462299767,11845.281886412098,8960.341676619619,19819.45480703849,3227.0458848992203
16098.721541359864,26788.203203330253,14277.331740456177,5698.270598991885,3229.6313033105926,3696.066284734734,8724.023367522383,11469.888862975362,8788.967609596384,18982.10845587858,3199.0462894680654
16065.653211130486,25861.23794828337,13983.869408749266,5559.094107612251,3183.417824402632,3674.0526411709516,8424.572766316607,10993.941940426414,8670.656120872794,18052.62614814448,3166.015225203454
15895.493249797248,25604.661360796046,13765.935825914961,5464.327323926504,3159.5869211623144,3628.0407804526967,8349.253771720281,10760.757105231314,8555.957848201711,17615.656299531445,3108.024261368845
16257.52743547886,25479.751097848322,14105.174155568731,5486.494457625783,3181.740752891953,3693.066339021914,8417.300087719399,10574.894360090548,8616.543335271188,17324.9877484184,3199.0462894680654
16833.71090906356,25235.376016058155,15014.562988263679,5635.2513270497175,3349.0771628095945,3834.5411819611872,8402.310024488872,10453.372263092237,8941.026424641394,17159.655315992815,3302.5825354690037
18113.22827028159,25917.29477390476,16498.460965646635,6072.340344824971,3592.9295923545474,4046.105560617938,8588.02681295892,10652.691644560256,9487.076547827866,17653.740543057866,3463.1633603323085
19274.332122950833,27568.238067564896,17565.456534761604,6560.08844408492,3857.290930891125,4253.1069759580305,9070.042203795665,11257.278351177436,10009.07472177058,18725.831659098956,3623.1102097828702
19207.060040053733,30460.85269200991,17454.34157334182,6688.075118814106,3863.2872002401486,4207.061928049772,9778.996034142676,12273.233049773868,10037.909387991544,20632.477065563147,3628.7653000085315
18266.412759663945,32620.807440070872,16717.468908254457,6529.676641831425,3697.0395037329886,4016.836398933733,10189.018414289976,12910.990513956966,9746.134310521209,21706.326747322393,3484.507635282137
17260.279303279203,32435.96918897499,15705.787345908077,6297.675822997749,3518.8042413116227,3807.5451095006615,10086.895682194774,12799.70241138286,9373.340896155576,21554.964987014213,3398.4367333968403
16071.990914906151,30450.080414458276,14543.130920440808,5913.054207595911,3284.4471687492946,3525.4206644539886,9580.853019770879,12252.896654052856,8828.631080143941,20580.24283221969,3266.5891245954695
14662.63502807368,28380.30939288329,13175.82229115753,5442.410700752937,2996.3523244615412,3229.2732995408564,9127.511579794558,11524.126213691774,8080.430137254641,19458.913943870702,3059.4426205345444
13483.562677594135,26059.133110732,11782.828715113754,5032.928607666576,2744.0215518876494,2979.1469885001575,8505.689534387522,10604.305870545219,7395.405916428613,17881.610613736557,2893.2374245232213
12787.980103806227,23227.0647902209,10987.093444470423,4698.391980187098,2583.750091731976,2823.0870031221793,7834.81488235006,9600.30649671882,6974.690570043915,16142.599992168021,2784.2148069764385
11983.710991289225,20571.060510485793,10574.080967068821,4506.6834631939155,2488.6581354958107,2732.039822987223,7084.538148010759,8788.12897580724,6751.01502364851,14679.782623271087,2787.1319837679825
11534.954393192063,18605.55621156654,10249.313655406166,4402.659906386342,2411.5651380782947,2707.010011122095,6619.935330847073,8303.901181017514,6554.653712991724,13902.834885179647,2702.0717666868763
11550.230440229594,17297.770240371603,10140.784424443698,4334.438413776556,2401.4632790932337,2718.0044258664657,6365.652064735497,8042.533174256354,6448.322373436323,13443.209280797906,2630.0934614143175
12363.167661008158,16464.292361258533,10532.193165148501,4463.44886576635,2524.539115442677,2817.0171204336543,6203.153728499992,7868.3996566097085,6727.395779263418,13201.727303866572,2682.1372225193486
14204.47706421038,16265.419930045733,11867.779989439961,4898.708661651055,2823.861633663333,3100.118498198424,6257.965269868953,7922.749476546351,7448.240041789391,13359.846130875518,2785.21472853247
16036.58620727981,17255.378797857567,13654.436623589207,5570.439149458374,3252.1724820143154,3497.42410477073,6589.038241529117,8685.94704413815,8580.79670877353,14601.094306362576,3061.4423245695034
17546.65332329307,19931.065424244167,15273.211207346347,6202.309944395912,3589.610287812939,3870.6686352100805,7183.944792944621,10080.833337221593,9462.638111939139,17045.47679831981,3290.6330859215677
17651.26526391909,23488.761161157723,15452.370927034473,6424.728311935373,3652.333211992494,3949.4098288208097,7890.288688005261,11376.419376682756,9489.26044017573,19429.99769663482,3338.3307194517465
17155.307442712674,26709.875382021997,14995.56456634473,6319.947684421389,3573.8568272531797,3879.2007489356674,8612.70345191382,12065.162191238485,9214.752130405499,20574.1344005744,3283.2687252819887
16447.03717304712,27558.663663537634,14365.362860811176,6145.523507240627,3438.765135939906,3783.0800070486293,8711.423097217095,12164.273118697229,8977.11927933745,20572.459214296396,3201.046260333848
15905.936039812126,26653.54578155551,14051.013694909416,5988.444018337084,3374.636839350132,3727.05188719046,8582.128360361055,11787.824331136675,8871.89878077371,19851.02662692592,3198.033983624066
15502.837380086854,25492.58304969276,13685.70328511177,5870.255147343319,3331.7406554750296,3673.040277634485,8245.41630994291,11386.866845186498,8722.71530755374,18971.55788789637,3140.0086261972033
15173.325980576472,25043.092756492413,13300.603012464291,5783.393820682408,3283.5244276895028,3593.030226690791,7987.2211792074,11206.797879367527,8662.97050028909,18479.400353125842,3085.0156266926633
15602.80007585001,24939.874669889916,13504.062349698605,5823.546403362847,3367.640390946503,3683.0995519609683,7898.377717454935,10933.89624685703,8772.401366673032,17843.637189774774,3110.047624162891
16436.13937352009,24643.79813088697,14307.473456815009,6005.07020837161,3528.881593731685,3806.5452560601593,7732.306515274379,10935.032756588538,9145.811451058464,17907.034311170406,3218.3077886335054
17897.771995299012,25518.63554124901,15701.245689986052,6380.3824062800495,3760.088316306213,4010.056950901134,7892.070846677731,11198.1665495162,9632.148868903272,18362.184980902355,3352.621065472434
19206.744473417642,27230.402934407706,16778.366712018138,6760.006535539693,3960.4041296325554,4255.106439122842,8327.160464955705,11775.907899339372,10167.872845861659,19477.478109812902,3507.6400307016597
19159.108087208147,30118.12740477493,16705.209916367803,6813.176161668323,3926.3364849705818,4150.076976210329,9196.875127139585,12583.7908295891,10166.874094426385,21213.293189829557,3532.734420765039
18318.694386715604,32361.24762832848,15951.218402087967,6590.9471770568925,3736.017228524558,4022.8351161334135,9674.959199482004,12991.495639268078,9793.828694849517,22021.83583840911,3399.5654935805815
17620.163272471123,32076.50396589774,15166.638271111036,6290.4639753549145,3552.8683033083284,3834.584131256146,9631.778315608844,12797.438654369336,9352.365678189644,21711.6756807482,3315.447915455862
16589.908312737833,30228.371162071468,14225.17692865189,5931.721901900222,3338.7368403920063,3549.103349987251,9184.9938864919,12202.754489167111,8794.068293747976,20581.80282819969,3256.1343281509203
15178.317479786649,28478.43321664443,12954.083645212992,5504.255882949341,3057.324228739122,3263.033302485036,8863.320992584468,11620.409208981824,8169.982044034003,19680.563724674852,3082.0796198445846
13790.244135990712,26461.010965720954,12011.780524309455,5081.689124979691,2816.994095606074,3026.00099031689,8351.509772085103,10777.540232080024,7572.6647598529535,18257.903507586012,2932.025726037795
12697.065516880328,23691.71205881021,11136.041687176863,4696.920806236623,2634.7961175153864,2752.0270888416044,7689.337754051741,9869.800227806203,7077.825875225476,16667.129292445614,2817.009618808898
12117.733954478956,21145.137755409694,10678.063101601469,4483.609541843242,2513.5951579283847,2671.089966567773,7041.204312331346,8881.582874836166,6775.253037260419,15021.590805796495,2781.0
11708.081477488016,19175.311853991527,10446.213802377093,4324.274982272542,2441.55798757322,2665.111179570496,6647.57358062449,8315.69933148178,6612.780996964529,14045.329599896895,2741.0010931616503
11585.547968766885,17774.445666856955,10193.80090277693,4222.926157425536,2373.468895324558,2641.1355655362113,6324.090736131804,7967.307477288715,6450.513100458099,13431.34116112801,2674.004476498106
11811.182607956649,16917.163153084723,10148.813729764852,4240.995208773809,2396.4160931594083,2677.1589985502083,6120.797952616957,7772.007458186997,6452.415725539788,13132.93120965889,2639.0011353601435
12497.678018963066,16291.98787474137,10581.296694291499,4390.7762415868865,2481.447949513392,2796.0859871640387,6043.457886423246,7684.697606216243,6692.341599999998,12982.262102494278,2649.001131079535
13407.447247101174,16256.527737428325,11386.41534403319,4668.024431017108,2679.6648648433907,2990.00400444919,6105.360620883821,7890.600890989302,7211.014514054686,13278.91658210884,2779.009750811297
14515.42502991074,16980.604911724764,12372.687942339624,5032.013812183127,2933.9530415090403,3210.023243795445,6280.361573247293,8368.704093981609,7884.921719250676,14100.04821029617,2897.0010343638523
15307.304774404061,18126.193209470704,13015.07754174847,5426.434025550243,3071.9087746941636,3435.0008742107743,6517.69349296458,9074.23617540611,8372.703884288776,15362.12237084008,3074.0009748700063
15483.774969458504,20074.741657642644,13401.124513598083,5591.35927197841,3208.120984957513,3537.0,7014.378452740742,9970.711342231109,8609.355899669763,16974.990636371753,3056.4232224363886
15574.899306743946,21410.34073880551,13484.714902501899,5683.543255346131,3258.3838557044737,3600.0075208907824,7406.499115032583,10512.918204792446,8678.584590538721,17921.171939380496,3164.093828087966
15589.598425994342,22179.22349620432,13807.961396994773,5701.768545533129,3311.589151448627,3675.029548554774,7575.894018672151,10630.670053451178,8782.07703127349,18166.789939338745,3206.0926115502207
15481.222817207661,22485.80478582109,13923.41977140527,5723.918521383653,3339.8198908861236,3726.0983916630344,7486.111070994285,10586.821176438192,8753.292349692965,18087.175063680188,3184.1339948304467
15385.766653421855,23173.811764217568,14013.72200348507,5738.076509135344,3304.5926645504524,3683.040167576369,7540.692852088245,10637.663389905532,8704.628684545485,18226.53717705661,3196.112291049266
15422.030961691551,23611.25243473564,14107.874341397212,5745.329367622139,3346.57181587557,3629.003312781705,7501.0915068669,10565.006492382689,8756.994514241149,18066.178360198235,3176.0459470478318
15848.22848059732,23804.31143783396,14638.044198661877,5838.998933090836,3448.014648689351,3717.2368631076797,7464.213994004238,10482.134970911922,8921.244915996453,17870.74287417729,3271.0147344700595
16748.022880202363,24151.253861442874,15969.086543697636,6077.909174556327,3671.969190220995,3873.3478820757646,7558.834175661563,10389.338269116244,9274.846326949382,17686.468250406055,3336.2967023050783
17894.559670251776,24825.408359541252,16364.480526170926,6333.799992641652,3739.931767191284,4032.6866690296984,7854.729757586252,10847.918354241967,9562.00334331396,18569.57764980499,3442.6524416223647
18052.738772600274,27277.48002439236,16565.402430404603,6409.146937615967,3717.028019443509,4060.7286386955047,8657.185105022818,11667.382188063058,9729.056332491482,20121.55773817306,3474.224517093794
17754.0421357598,28436.827306596537,15973.909066009699,6303.824102368202,3598.6832854623326,3924.6592015292986,8922.374749054316,11957.64052025042,9385.486398260662,20495.118774812716,3371.1296905969807
17198.73763977605,28540.482217762714,15273.542609386219,6087.494415345342,3452.676981780196,3771.508449010631,8930.367761698979,11924.57433257657,9063.896199963567,20545.176111929624,3321.1105245758363
16379.169576088629,27729.96865554606,14348.474211160825,5789.329604578564,3278.4499277960267,3565.0849456535884,8688.845349752237,11548.783723221566,8628.427154234094,19890.919275092012,3198.0947966087647
15138.562728494033,26496.311164093226,13438.832214316562,5430.816650390625,3052.326487669389,3325.032677749017,8441.335996131147,11014.335877170244,8085.611742231817,18947.1041526324,3076.062964534354
14115.56608917364,25080.203168620446,12371.998690785742,5087.395998586068,2821.0612117561827,3088.0009704550243,8096.810622812914,10329.730783313553,7552.683464050293,17845.05093831925,2924.016491063881
13401.92189583925,23035.81695177921,11565.377992585167,4760.96971696718,2655.8526211550684,2916.0255739858203,7768.186066236279,9684.192188640864,7086.8180510859165,16631.98788945961,2839.0042367892206
12864.073199341568,20901.207235839996,11043.199581629578,4535.578202193157,2541.588404938272,2803.0678524546447,7142.408634336226,8908.42887088856,6745.277710796574,15356.441188769426,2825.0010632014028
12567.790392836714,19041.47264993666,10702.38442583365,4369.250493758338,2462.6078648052817,2742.0876622347637,6760.678216314776,8339.691287646709,6558.822497228253,14397.058785410934,2753.001088402451
12418.165751155686,17729.468034061643,10325.882226248237,4284.9738478965255,2401.415204462849,2715.13191981359,6513.2343585107565,7988.301208188721,6432.526399643497,13795.914876877723,2720.004400977732
12614.361613740373,16952.073933178366,10204.857339004458,4299.966669938572,2406.4143195543525,2712.156976411586,6325.77864587059,7832.048991499421,6403.451297258105,13546.571030041578,2683.0011195422144
13356.62988758113,16275.925188693733,10513.318765495269,4424.8346758332455,2483.4966164639354,2805.105695684767,6211.532136695756,7694.695335613991,6622.389852878417,13357.794793712075,2671.004503940666
14455.448412991469,16118.444024313801,11356.570795847749,4718.0770918857115,2670.559173999118,2987.015998219257,6260.299956705037,7853.608645229021,7118.083534390039,13614.542319128324,2779.009750811297
15423.837775328788,16772.41593635832,12391.834565617119,5040.083082542525,2926.9554021337594,3203.0232943306396,6482.492271105827,8251.627385111527,7755.734295475285,14380.885192741956,2882.0041541654837
15815.060295754047,17820.0362138053,12954.186118143554,5399.524196639086,3052.0433465318747,3393.0,6694.619488949965,8959.26577771774,8217.7205501078,15647.762610564474,3038.0
15780.862564600484,19912.58948386849,13457.330790490596,5537.5353179629265,3163.2067468721275,3478.000863392163,7135.47642976157,9917.944318523154,8498.337817253669,17329.628926743513,3047.1640596484704
15526.498495599333,21183.36897686429,13742.822936125109,5531.616159298199,3229.250946745562,3522.0136804084386,7452.634474711578,10509.131007696502,8605.54162073942,18353.067030701142,3094.161601900794
15581.694081205951,21911.257973744094,14229.23002343462,5602.9014348827295,3297.517679827928,3589.0302605676998,7606.959607559365,10778.750599593528,8766.185213987195,18729.578272519135,3210.0593202480295
15567.256712546441,22328.94105520074,14382.664804474894,5645.129569839909,3315.749438917217,3649.100488961915,7660.266174427321,10944.824728749867,8811.346285501068,18935.048205608888,3196.298524781065
15355.788803303576,23217.794421570154,14463.882024888677,5625.2275458429,3314.834259352504,3626.0408030917156,7647.713781738323,11253.327258986335,8779.568955768285,19446.20060276594,3266.1099110471073
15221.085768439347,23816.035487315796,14813.033143033234,5620.407051371534,3377.7158873714325,3603.0033367317424,7663.071632396416,11371.710028805765,8894.879947684045,19609.88073471417,3347.032076020745
15700.575335801983,24213.084949492204,15354.180742265993,5759.960486964725,3473.912775933116,3700.210602841516,7630.189291580474,11436.52041623309,9052.118411778525,19617.233775679146,3432.014040559489
16962.25758400089,24496.27416847107,16670.199137421514,6016.651475318964,3685.878719643644,3871.3480651221894,7737.891806895562,11385.851687000875,9380.727836273301,19610.112790498082,3494.3156810112678
18177.058396597018,25193.077481520548,17096.4573642007,6331.005965409987,3775.8319784639216,4093.676179100998,8077.743396253109,11798.115952674012,9644.031402694478,20336.77618363125,3581.5803646627587
18500.084432461146,27715.87554235004,17177.27936519702,6420.1376186328125,3749.926383436334,4133.715439111361,8898.186089805877,12443.654115076037,9756.145305620266,21583.82043756537,3522.1944120403696
18176.985963348918,28698.807848236607,16511.870377455434,6340.895458210159,3643.8195715008023,3998.602352729834,9040.377247468956,12496.93994692669,9587.504477380702,21629.2876219572,3496.1249998329376
17476.81375869698,28916.35770715771,15750.56671110705,6107.478899510412,3500.4261439819315,3839.540460841587,9098.749385388424,12469.033120073827,9324.857179297467,21624.708074435985,3387.0894542403985
16402.96072435011,27931.003658766313,14709.116317227323,5786.637382011289,3255.46060231675,3654.369139222324,8863.905355604658,12029.698786484945,8802.940521892948,20803.581336849056,3238.4588136420675
14970.382422617622,26387.718324836078,13547.50853091397,5375.15780135071,3002.274103903079,3332.2970650194065,8492.70035103947,11225.999574466672,8213.40238728145,19423.204319745597,3081.3588849827484
13694.842789853841,24649.661139213946,12488.275090310532,4926.7106493323845,2808.137619716985,3183.1614818038643,8071.128606299706,10384.477065202387,7648.487274584275,17909.536324786324,2937.2338060209017
13090.69808264204,22504.541524189575,11651.562374808716,4651.2328241056475,2590.7479971068224,3038.0998445634336,7551.538981156102,9602.93177224469,7233.882668492783,16448.452630373773,2818.2121716399934
12725.795049342247,19803.120390525622,11337.411607979811,4482.879928714636,2523.7073195213707,2969.0499037822483,6905.5677158306535,8800.261485074094,6952.263813891678,14862.63836142614,2813.1557876320603
12569.222042584997,18286.400093446468,11098.534509974608,4354.513100017929,2437.5062539280075,2935.016428975474,6547.980731557467,8344.820008391402,6774.776180398984,14060.712625279908,2807.131030934587
12775.804739927817,17299.52650729027,10962.161416448096,4347.430778765439,2445.5045510682153,2967.0162509841643,6406.457057220943,8092.710336730115,6773.460503729596,13601.221603137838,2726.0901334197993
13793.647307568486,16492.97906162137,11417.473855189066,4482.438003546051,2541.588404938272,3099.035076308701,6238.054670691585,7998.298234860222,7052.742710334567,13369.798609078694,2799.156578142297
15745.402945015223,16349.035090335945,12852.237362994832,4930.6902648325295,2846.7349529302687,3433.1495719855034,6234.820914027692,8113.759200967936,7773.377059179601,13554.907454993609,2881.5171518981356
17526.42556619301,17278.16460810336,14561.832643801114,5602.241431907724,3289.2272552509794,3762.393636621315,6624.099141436624,8860.013773613027,8879.063268466323,14788.105481267225,3108.4784682211484
18786.377751397016,19879.727880257662,16238.945867569882,6210.304100054315,3601.841743368039,4151.712257590225,7318.785880578545,10243.78678703803,9953.699333422577,17162.44531135908,3354.6206853111617
18393.990407959125,23363.162234840183,16324.300011714417,6411.445450536894,3647.982746907128,4144.42519520922,7987.2211792074,11496.37146578288,9970.567397880754,19315.04093442256,3404.3241856282875
17399.41891200495,26355.185160482382,15790.545896050378,6310.045854100053,3553.8677536138625,4069.2424539359727,8591.823483646767,12118.891790636058,9703.168284694946,20430.37143117873,3339.1099221419636
16427.413014861388,27026.918123639647,15019.343243178217,6123.450096331205,3427.77105657321,3895.1527931929236,8764.580815259467,12182.26343169499,9458.437848356949,20398.552468857328,3314.073995066255
15709.159289266567,25975.821610020183,14598.577963563459,5968.544047886319,3332.823891316459,3785.079964397226,8519.980432889584,11859.793875974905,9247.408570240543,19644.261787037118,3283.0589619832476
15662.098684601275,24776.309325444072,14345.182685078817,5847.183384097052,3292.5987232847724,3720.051985532505,8137.39769104345,11344.88168421597,9061.152004462927,18736.779230778862,3212.0084322290345
14956.026371206635,24370.955520802607,14226.17459804123,5789.131878540553,3237.627092751876,3630.05328396716,7909.369848732781,11166.945858467863,8949.246622694878,18317.526707975798,3240.0335403597473
15161.132020779094,24264.912892111293,14604.477748317844,5804.558585337961,3310.8365793882276,3680.1186811756784,7781.462861709715,11068.846974786853,8943.675212306793,18104.814084578702,3333.0909181819766
15769.62003279321,24018.998682537313,15393.86240868942,5998.26753292987,3489.9892499907833,3796.590120659579,7660.3590305559055,10916.109529987163,9229.18600613737,17825.13983707112,3413.323314601355
17226.82234943267,24892.95640170296,16804.83211835865,6392.266005918887,3763.918896396953,4040.167293391454,7831.120785917584,11201.242968880737,9799.194710312602,18338.44231588252,3562.6780654610043
19085.45577947419,26515.98413720761,18060.86258775055,6816.173278806878,4017.368367346938,4348.1977548590485,8279.313113439292,11755.08248882975,10410.330730063468,19435.58622742719,3752.0707677812725
19306.335335029937,29510.73465097227,18041.766813815775,6899.204199661392,3989.566962961314,4358.136442064465,9111.0626957579,12763.773891653182,10410.203556852166,21272.25746243212,3712.7989035180985
32879.867632068424,39209.201911512515,18184.136974330562,7845.976531548563,3725.5020571547807,4760.249490730663,14594.537825745036,12831.914581147132,11681.039686753502,21109.88393019227,3552.404445774936
30301.542884548122,38709.85925807506,17018.656219592165,7401.168454901335,3373.1767987518815,4333.796018747426,14231.238336605651,12855.893014014662,10722.255691241826,21054.167199687723,3392.122351728075
27379.50689207741,37020.82684192747,15632.345988486712,6791.535140139717,3082.7907276167243,3967.771176959085,13454.518710786697,12185.002401500344,9741.65516411139,20303.43802648976,3211.989572848202
24608.339482979572,33833.883017978296,14052.791249605096,6137.832964071755,2805.395693743862,3645.337918981141,12389.671820524301,11235.357347627261,8885.999737337359,18871.39192606474,3018.7469192156846
22241.296660730368,30506.552297789603,12460.14999426444,5466.03709404537,2526.8062044882427,3336.907336425782,11092.248478101794,10271.200336453869,7969.1636965693715,17262.059820601706,2851.6235964200227
20600.43147053036,26815.147837526136,11358.938630486375,5013.1532745938375,2330.4722489895235,3146.593770917287,9909.815235631559,9338.230175806424,7414.775019755737,15464.7203579683,2719.5488177796997
19127.527941490258,23377.355934326908,10511.603858133949,4666.516063084954,2212.193259218474,3026.415368097307,8851.887869368786,8486.717489755783,7019.852029454999,13937.806705238596,2634.9943367016535
17912.532939482746,20772.327045915215,9892.334062097769,4449.2876293084955,2110.9251489595467,2929.3071865899883,7908.896042908938,7921.988434540696,6699.972002231276,12913.079924563886,2510.442640101083
17691.74891672115,19053.05527094298,9650.766974817998,4328.8927826019735,2121.9968688373724,2954.079268244126,7314.83137975134,7571.318709787869,6684.364060068384,12239.078390371838,2524.4401217267773
18052.415493285975,17805.08094544364,10020.979140608952,4398.937763047471,2273.079539719727,3090.0966618941625,6913.142447769991,7437.80401865446,6929.205334299632,11860.19054947581,2616.8657848114567
18939.545785544087,17503.07023291862,11014.617298559091,4696.200229564452,2495.370356998095,3322.2843550625475,6768.858520371428,7690.4404360977105,7512.868457001629,12108.738400648434,2687.5555370360694
21057.16414741201,18321.805036343318,12388.997824470665,5179.519951064229,2780.7224957255216,3665.575527969447,6832.714314258452,8218.72891430226,8172.300384158941,12814.863308077023,2794.5840238363776
23644.001599077816,20431.57168951446,14074.250044010729,5781.538501696177,3111.2446026937837,4078.078538109122,7196.418842411761,9024.35211694034,9347.51296794129,14326.084930167352,3072.7333937620283
25579.506961730018,24380.25297646344,14755.536508042665,6146.954333540433,3199.474901200522,4272.138834240833,8051.873145341546,10453.049617180603,9833.306340361683,16571.71966829373,3107.780437201655
27077.698986451876,28437.468405011285,14954.57740053943,6241.9775,3189.2833858305903,4323.0333422736685,9045.571716738034,11487.664375989005,10015.325835187465,18395.51005951283,3137.772744940917
28358.622334935364,29877.63212478014,15061.989744638879,6279.843565231827,3173.1035582980016,4370.010541959975,9801.397684122958,11782.041032923724,10075.988823637734,18712.64886439168,3127.8919625789667
29578.240542027524,29905.19936031683,15635.314103824372,6429.8239782326455,3318.097543356687,4488.031548631178,10185.24210708606,11607.246058316729,10513.711749995175,18365.348763574526,3158.7674499623045
31134.858775004246,30244.928738062776,16201.226159737798,6626.069727341527,3420.4023363484366,4608.2870089047165,10701.631054775917,11569.76662367047,10980.78998938882,18074.447438390464,3199.335733232007
32086.078134431886,31409.304263082442,16636.93003944953,6836.304942956718,3518.426740362812,4698.241297496675,11427.48286758056,11661.995657868516,11143.09844508835,18161.477472663402,3228.8631625897065
33299.504584260176,32718.470351809527,17466.752267392323,7123.786104753354,3694.8844403233143,4851.566664840023,12128.58755251346,11806.87911282099,11568.38268234095,18389.011888361078,3354.9459968398137
34640.22307966916,33898.33890425956,18264.887975563954,7456.44680090436,3830.291844968555,4970.925693047705,12927.598782474124,11771.707087868943,11891.560125918764,18403.315235160928,3451.0393487293895
35886.36476330268,36121.91770069009,18956.557368042082,7778.582457511855,3937.518456341219,5049.328691087428,13526.5918542131,11732.769779224966,12242.721793849438,18445.53939806516,3540.4093942450027
36248.88829056421,37583.834280004536,19577.398719695844,8010.388778146447,4064.9542651284137,5124.854207583169,14381.869530552067,11960.368009738138,12526.021652316625,19007.109215314933,3678.4081122205157
35580.51367947794,39707.63866561653,19389.989902930032,8062.45018793363,3981.8106906811126,5071.696792123666,14915.469447115642,12262.7278382785,12378.129334525333,19740.21548595483,3667.2325657135184
33412.97234563256,41222.257651695996,18631.46076388698,7835.106646271627,3777.3407944538785,4752.351389890088,15133.128995051999,12563.053128904006,11879.444737698326,20370.83860301738,3562.4726721435577
30618.58028900023,40730.08266171221,17347.879530859886,7391.293984328575,3464.088335468734,4320.89841577402,14860.104300936522,12568.048469515874,10893.704354527745,20338.75686166893,3396.120982344953
27511.388451611565,39085.0306643689,15947.835329571008,6762.450750456592,3141.6280724425524,3951.5929112739577,14165.535354610289,11958.096589416751,9957.176707853334,19633.864518039,3234.9822951943747
24947.46080039034,35903.21372716067,14330.83977009251,6118.85220444568,2832.0645820565587,3625.259719871438,12920.403257254022,11011.237558489622,9150.728248795396,18296.274525180623,3012.8654147417637
22090.733587207862,32387.064880231446,12781.394795172948,5473.809089503621,2544.890952745369,3317.918782348946,11905.75578330852,10094.352428935927,8166.424806049684,16785.741180790017,2873.672117350237
20520.40250168281,28407.711717103837,11583.163072275438,4977.185064564719,2394.5212378119377,3107.533237125398,10689.862387452038,9153.974007689956,7546.993361881865,15177.655429418772,2774.0100869779744
19249.345370513558,24687.015099069115,10792.684708203451,4643.335762220445,2251.2557870370365,2990.433148043604,9301.342462525043,8300.565600547796,7141.217253986066,13662.916176532308,2680.506892925055
18204.82745359715,22276.438366006958,10121.27386928012,4428.107644711252,2184.386245965065,2909.1676018230064,8479.783506348853,7781.898446312582,6842.174782360212,12721.487890977112,2553.4349951910235
17420.456906248408,20420.794425969827,9857.727260759775,4304.909748191277,2191.041409606057,2928.0892174880196,7717.010355785436,7506.184788991856,6818.823344805399,12194.105768961446,2544.3913020757727
17558.05536078001,19034.733507894896,10224.854159496203,4387.851904612501,2345.0450058735996,3064.1063173056436,7302.535264785445,7403.659592139337,7068.649428261376,11858.191641047404,2624.8630515417944
18406.524764222777,18653.601412861324,11293.513122824465,4693.014925373134,2558.2536834265084,3256.240173354986,7182.230956982257,7626.470530448572,7584.270465964761,11999.713651483293,2715.5496487844657
20336.516993277233,19237.456872105882,12623.996551478976,5205.693140446685,2842.9592222459632,3606.6793917356304,7125.8846736544465,8252.48689031242,8397.526206313523,12854.921543689577,2843.524247156506
22682.445790716254,21282.253243408206,14271.508859923417,5780.437413915196,3154.310095065641,4023.108248336064,7540.547500198273,9060.493690477428,9444.386406370588,14372.385722760377,3084.7864391111116
24298.87085422919,25371.770795745488,15041.813391714468,6071.810710330356,3250.238282495483,4201.095012560042,8410.085678286518,10409.882219584848,9860.270232659786,16594.109885042824,3141.9490728182836
25490.464809617923,29509.214492716095,15163.584433858245,6102.6830367605035,3233.1555338758503,4268.060688963696,9498.251113766544,11451.1291991586,9995.222173266478,18312.479041466628,3198.410897907382
26440.436245097324,30952.055636342797,15277.879211043946,6062.513961964247,3226.160452794347,4323.955293163757,10347.641321119512,11655.940600268676,10085.976107721914,18570.894494875247,3148.885817298951
27479.015997287206,31129.031434376768,15722.454065252885,6100.48431785231,3246.9627976344327,4456.046758572049,11125.785264530856,11524.2126447725,10363.778248520304,18231.468175995975,3197.4113575676056
28904.244503745344,31355.75171809818,16237.538906679229,6225.389493109708,3314.192837465565,4587.138953840281,11608.864408050893,11357.533826507668,10657.435357197384,17832.237885670897,3197.488231786512
30100.777974452612,32497.747994178182,16478.63101966002,6321.910993228551,3372.2462001078384,4665.179035461478,12189.413154676366,11462.853014429184,10849.571648377374,17966.33169489043,3223.9241271218457
31595.90762569255,33923.02069313591,17406.69993555506,6501.967603899489,3457.375279504997,4835.492637491145,12716.35760723484,11570.866732314556,11189.837206484153,18091.849764662613,3311.0848665431186
32953.04974831423,35097.893189131304,18311.458089992386,6768.674942004043,3567.8879094933027,4935.947449813291,12974.780365895469,11576.168925848198,11566.073541486023,18073.760537118782,3436.1074700826957
33881.07172295984,37118.60332839287,19290.285262472982,7069.483335076407,3680.1060243720485,5039.242621855684,13416.47580090645,11602.766803595958,11910.100077207397,18210.932720368328,3515.4931656393346
34610.19385500843,38593.53327108225,20043.359330997824,7335.23703740343,3802.5380688278283,5121.756995212769,13875.750649950118,11816.378002079395,12156.311651801956,18795.77099493634,3597.531225074538
34075.34455535391,40749.643726632356,19830.120614206935,7346.458487274088,3762.5780177539204,5063.6048939739485,14511.860071954114,12183.588055524853,11904.148156407004,19621.00050845823,3585.6121598136892
32244.556239701393,42224.9010704001,19021.117826188834,7179.286527682912,3561.9984165959386,4728.272639865393,14456.861747099909,12578.039162514136,11410.755153725386,20357.508719360438,3493.9013180890283
29460.500878861356,41535.810497135324,17742.399517642247,6854.584904436493,3293.7057899627953,4314.808958429914,13659.381587057069,12687.155279620274,10545.961382623293,20531.559600661803,3364.722815313791
26702.788316435373,39610.39738147651,16169.066167963281,6350.958489961598,2996.5445464874138,3948.5949821849917,13051.735037029799,12105.392101989588,9590.465380167167,19894.725555431618,3148.143155243866
24429.535325637902,36310.04888113305,14542.081932676765,5762.084983159958,2700.068742456748,3619.2636530509785,12370.569155775544,11171.097674975224,8769.754340071724,18535.16042671229,2973.0049835672708
21775.75031246882,32596.75729001557,12717.345639219173,5231.599194985021,2439.6772635340494,3300.9291405085023,11324.34416528622,10193.05948737009,7835.668947427551,16909.626693847742,2778.587482955044
19965.385593212246,28648.384514859335,11683.285407136093,4812.013062940684,2264.3348979591833,3096.6206765058964,10311.83966900185,9297.060859630137,7243.343049440514,15349.297339580537,2677.6103010969077
18518.39355135239,24890.75021694929,10840.843975348274,4532.322306469424,2147.145803091553,2989.433648309698,9195.647388127849,8445.842178917497,6834.313840864435,13798.813227760944,2558.4816663579068
17668.335042092876,22215.910271730027,10195.683716051979,4346.974743931006,2084.09731851565,2910.2404710144338,8384.324169512765,7865.843544835641,6495.342144766103,12834.132160075971,2478.40198264876
17178.59729661384,20471.67033577844,9916.866852704647,4254.850618508335,2118.921511535276,2944.1531772418944,7819.337400832091,7557.414390641004,6496.851331360946,12207.097837861034,2437.364232646571
17383.685708261673,19160.659608209236,10209.950486028822,4331.797375202665,2243.8681767081735,3059.10819364022,7396.362315993453,7395.663725947637,6839.831037340334,11899.087178171343,2545.3911446119723
18258.60249592756,18668.348795595597,11277.713762241201,4683.929317481576,2477.136343675633,3263.3084973704276,7210.20955011537,7669.450253112407,7478.668464284545,12054.68645794231,2668.5092341982236
20253.04507094553,19255.367709950202,12641.872113945301,5224.678996954142,2785.71925078544,3625.5936334145854,7414.34859784339,8264.556024284919,8138.846282958984,12862.763828659325,2791.534277990068
22499.351147564597,21385.201716424468,14336.83315655153,5743.46759860369,3068.0832787689,4045.014678795408,7880.080606302439,9072.328091408881,8941.74685158975,14381.056640888017,2964.7609529182337
23988.031838561437,25444.61511025935,14892.130048304809,6023.062269229661,3103.1535101212858,4205.09293132858,8819.010341755826,10342.038557561531,9254.245560583004,16571.71966829373,2983.7559553975702
24916.445359080088,29446.630349459276,14987.186661288706,5987.778074668824,3017.0248168573194,4264.983500409576,9888.651728086874,11349.574601479719,9270.588271528688,18353.440013105126,2968.7598953252336
25539.06545816259,31040.764988015402,15093.495927323338,5978.5809023980955,2958.878548307262,4354.940791523769,10609.400244804488,11628.751525878257,9353.612191241855,18686.893561523117,2968.7598953252336
26316.869965516427,31194.775465680927,15448.704282764893,6021.4465487372045,3003.03474771056,4459.045322972132,11015.328587582233,11405.209919667013,9603.807931772939,18220.371382406935,2998.6965819103025
27387.410883701563,31439.589714037185,15966.54584636713,6135.457356447651,3054.9983439286348,4580.142363315696,11446.464408570202,11272.804961582042,9965.367373035235,17892.29069493828,3011.693485338952
28639.348531520165,32424.214548328026,16332.087777146182,6236.676454445168,3114.2423242924624,4653.344413278209,11783.473146255346,11411.591201171092,10167.128674829046,17913.376507738765,3082.6770475584262
29934.69534973357,33709.29702592374,17071.115944124864,6487.081578322573,3272.128533361605,4803.509998274504,12234.256818273832,11558.876448707764,10673.54574336835,18107.731235646064,3201.4095207213895
31142.976217630665,34617.671509327905,17514.92592185398,6802.751017416146,3400.515536939787,4929.951212075962,12326.841649423211,11617.728414368106,11009.68727840439,18127.818582382064,3281.8487813529923
31929.761440568185,35989.30670212489,18068.289212184744,7144.745739426614,3558.109472763021,5007.264401605518,12427.900035503762,11660.726184552623,11302.76459201389,18316.146273138205,3370.887191459481
32072.395497782516,36826.82778495958,18627.2615342249,7467.799254716788,3691.4233959467956,5095.678444251529,12654.34365337885,11907.50446950543,11501.897437052383,18977.723143531453,3412.390712870893
31751.356767554385,38646.666810216564,18345.168439337864,7523.097746635589,3664.5640148742373,5051.712222416207,12727.265681623137,12275.134273057003,11354.701682141738,19821.140976967916,3436.4537876874847
30185.838964989725,40238.20584985886,17693.003168585317,7309.498680832753,3489.0648884746433,4702.19593321738,12759.0045908303,12600.12755212413,10838.06806031481,20572.974258376507,3367.804063121848
27958.227565288187,39985.24235856418,16507.281086621453,6962.7028216777935,3240.86059530473,4297.7281613958,12677.719571851881,12659.18142740495,10058.723502234292,20687.0860529555,3232.0467669661334
25462.26499522333,38115.740982011885,15041.937274733751,6467.181449142856,2953.2689663007645,3930.798654527459,12087.65871064129,12073.100581151595,9243.29470292272,19936.905398165873,3082.5462257617723
23078.402672532775,35017.18586850737,13603.098264305938,5864.207749693445,2696.174657653448,3601.2755351701007,11497.754020163655,11208.275475759048,8448.976776564936,18657.156299421742,2877.7847066164422
20564.625756838654,31493.04459612437,12057.762383291265,5281.5530862245605,2405.7022302079663,3324.9145494829268,10656.412730130152,10190.269244938567,7540.003325743786,17022.631231054627,2711.656778456938
18927.80542436001,27679.759379151914,11000.723128381544,4888.842951172583,2237.2640174963026,3096.5389251421097,9802.094612532475,9235.315364522463,6981.6404838577655,15356.291415828155,2594.5760332378622
17770.337062531737,23751.05092174593,10250.312279311565,4594.677030920798,2128.2426251922334,2978.360844235704,8766.286280991733,8314.461993437502,6624.811975155329,13616.85303078454,2514.4903259917273
16960.01460769352,21474.584380308446,9632.049130529893,4380.143526060207,2042.2075713690017,2889.249859182076,8128.127250731046,7783.806331554334,6361.88437003024,12658.066192028617,2443.4551025505725
16552.938783529593,19657.023633627028,9391.574124625544,4293.823400238265,2066.9456794651774,2910.096213570405,7714.323323292372,7443.221890410542,6347.659214187042,12007.869406556683,2396.3706162456074
16920.045595871827,18387.168958938855,9695.738910426102,4355.968276914282,2183.1260549563294,3039.115763058335,7352.595931202398,7305.792922622383,6653.679340351001,11651.973602907616,2484.4473943645594
17687.676136624897,17993.217274129733,10675.289056869271,4675.120495572213,2424.242826539447,3257.311003460207,7179.233261013976,7526.518621457614,7216.3640679425325,11819.566650564768,2630.9959066618076
19503.5472505165,18576.99427067455,12097.72466834375,5173.815720067103,2701.6833793004034,3607.6019173286236,7358.391508872294,8048.578968217756,7977.667502800031,12629.643404939747,2763.8809981718086
21875.96496639733,20840.84121151802,13674.617374290578,5716.593040917364,3011.124810953579,4031.1038741733487,7946.333315262963,8900.415435409206,8730.375988524065,14171.004092069576,2946.7092497602557
23324.163408552675,24755.25786022456,14069.500168172804,6024.954845096534,3076.474613733172,4210.171754433506,8619.869921212647,10214.73628392199,8941.74685158975,16357.69082946159,2988.754651151646
24016.70638175207,28765.38618150527,14172.776771179546,6067.12945508869,2970.9630265572305,4249.990801974909,9541.670201479465,11194.71501762438,8889.303337544847,18254.095435789535,2936.381147405088
25046.23834284498,30114.993587490175,14194.164051563239,6061.922872926309,2962.9685997548204,4296.968101350736,9919.085125005678,11344.793386199939,8852.971977005707,18458.670340213994,2872.7280925636237
26177.60129507275,29640.602414701127,14495.426562631474,6090.692776727028,2985.04765999266,4466.041981057755,10330.658163235923,11105.154860371258,9110.533783148148,17976.163302304947,2930.713240775893
27207.721435563737,29544.382308143908,14977.19745255467,6232.882138531145,3067.180134788801,4578.222256877118,10609.06437042507,10956.760145556807,9290.689090234584,17616.42248571489,2948.7652128930918
28418.710812083722,30012.516916844652,15403.559539293405,6361.083960562146,3123.2355167560027,4659.3412597158,10922.53276922619,11018.708075001705,9475.091547433367,17565.46677250074,2972.877453631255
30103.726605201136,30956.466786648187,16306.659009680128,6477.2971765896455,3267.4205869697967,4812.673184430367,11205.813206749484,11097.056885639964,9830.442118926283,17732.95432981229,3018.989123062313
31330.891304501456,31762.724876026456,17076.09095896422,6688.1863851764865,3363.8557751123517,4904.966992104281,11558.35690499466,11044.892921723387,9904.27945204351,17683.213470233357,3070.472273842551
32244.928163288198,33342.70972030895,17722.755998189223,6939.957723322158,3466.1970484532217,4977.285087517035,11877.04824830047,11017.711292164202,10075.413044240093,17828.325401455368,3170.423882610408
32371.026856615586,34421.22850821105,18319.163137806252,7188.7540130190955,3592.7583720830103,5042.81909721598,12579.570385473446,11261.509823540247,10065.99944201534,18302.98149873078,3274.5287973767095
31950.404466563457,36355.21773870703,18086.54043607084,7216.96554648924,3586.5299567610223,5002.750576629784,12956.485332065371,11569.911202259316,9962.732526785543,19049.542153397862,3279.449467224571
30272.44921379038,37886.866958173,17402.132093973873,7061.7796878134595,3398.3801508771335,4703.388180569091,13002.204055956128,11906.13182927173,9768.611465951792,19734.165366866564,3211.985246876859
28277.40467810166,37436.7687437123,16252.476336697604,6773.260899210621,3189.136577047545,4313.809642784206,12568.827666502437,11917.34677838799,9243.436620272003,19878.244538593754,3094.0951913847734
26124.322187398775,35577.21823490472,15097.244453779178,6367.636935674859,2956.0688113692113,3907.6167256310146,12360.327793311397,11399.39889339966,8594.317529757322,19032.46503437978,3028.9857411432836
23869.064990183044,32775.57906981964,13674.352530244381,5841.9108675145935,2690.78307285179,3584.4524783644174,11448.322508224655,10932.342411766964,7840.93814734423,18404.979623638355,2941.71017554449
21826.489437781256,29819.551635402073,11960.303459142462,5374.903050027043,2407.252001647112,3230.212263627827,10777.276230741214,10080.146294977661,6885.506668236931,16911.934975731343,2703.9012530832856
20005.955345991613,26291.08974995433,10940.301019169341,4820.112398765293,2252.9365614703843,2991.146390785643,9863.909903041635,9154.802247580725,6425.427634001685,15290.446695701756,2568.63700229992
18583.00835569484,22652.218361875093,10175.666915692327,4503.650589647624,2103.5892882085577,2849.1290740966797,8615.436073043948,8305.755038247076,6080.601053727414,13932.064977498514,2495.1278000337766
17523.29343188008,20304.995791786678,9528.685002792454,4273.126967518536,2032.5501128665283,2771.6421348266026,7901.267915434727,7708.714460768363,5793.083069129444,12863.745120894662,2402.6235266349217
16871.58073230696,18460.71659484795,9067.783337976398,4115.855154193295,1994.5609401356996,2722.6540440014237,7482.79452094369,7273.874024536719,5660.637113233091,12142.141421505576,2354.0408438724485
16499.878773059132,17340.838115809744,8916.250380825568,4011.6448179041254,1982.3038218726751,2736.596761175382,6958.008947520741,7047.379904126078,5658.40914877568,11681.160857612924,2354.894429841766
16427.132081292028,16564.589189185757,8974.21481709714,4034.536898480954,2047.435601915253,2826.6836349519513,6570.332352005315,7010.135114072371,5741.438756495725,11511.646006317975,2351.967255914146
17446.027214262667,16359.966160657053,9469.139105844068,4137.211838290033,2206.5609169924496,3050.1204644238387,6440.235446006002,7016.786193230075,6123.870213007378,11574.18198445119,2302.001301330222
18979.254101158698,16747.618871448336,10395.854309057575,4470.444852653451,2388.627297890603,3227.132231206248,6294.783781837083,7365.010762510279,6702.734105017555,12129.626453608558,2449.001226659375
20920.562617105465,18320.390086674353,11235.377366533332,4797.945683207395,2483.846281957633,3468.103576070525,6667.266137807517,8023.380712062471,7051.389797780178,13244.565525716705,2586.0573620753207
23247.03746080803,20094.128639204493,12417.137306095145,5046.237896218482,2592.941288991655,3724.079843797942,7378.988749298324,8582.245530490682,7440.128536439789,14206.575219569906,2754.1102669262823
25275.5717961388,21634.103197352393,13193.884074966501,5263.460897631943,2681.9762536938038,3916.0486979824263,8136.780534495061,8976.492623403357,7671.930274853745,14897.185462891373,2891.515316532226
26932.23842446658,23301.736452887875,14266.765347634064,5469.884602692268,2811.2099800789733,4147.011537535871,8924.654433195605,9262.081086386928,7979.304028601609,15461.153526414379,2905.236426597877
28486.529350516837,24626.141973332848,15221.695973480866,5685.2118994499,2917.312789960567,4348.0,9569.550880716306,9537.572190855288,8304.14263581121,15775.040411217016,2980.3713125425083
30045.909426230377,26443.400621957815,15388.20104496719,5835.596251639565,2994.511309272533,4481.016799818462,10268.728784557217,9746.996249709418,8428.738749716176,16143.045259963454,2984.411332413855
31112.631443065486,28174.524304343864,15742.134348660253,5979.7848297046285,3106.2484103356405,4597.065736580276,10791.655448073587,9869.475678419632,8751.477192693623,16485.83456782994,2993.4973139236276
32395.597859860347,29332.142870286236,16276.618262190666,6199.331561198531,3181.593138492614,4716.438074507215,11320.475904720623,10064.321170413454,8881.824585414304,16750.327403811025,3068.8972299545726
33112.619543553876,30903.743525837443,16440.45947627674,6335.63973826576,3224.6607502949896,4812.505091159707,11719.206478959717,10214.458200092018,8997.06320292594,16985.32025446379,3011.1972200200944
32507.23282472966,31825.554811579917,16572.631334679,6381.386025272048,3225.874695201703,4787.687802020217,12248.504543811243,10455.20584812166,9023.785709907906,17564.653576712084,3041.7369308731145
31695.153282821757,32804.22855020818,16370.964932349776,6319.811345477848,3187.801123355244,4702.566415046263,12522.2544,10703.417726115942,8823.972439831947,18104.28283477269,3033.5723326144716
30266.947168271083,32945.69089001408,15877.102670443961,6188.478330988004,3090.674002130198,4429.300402582909,12324.626665205156,10904.599607780352,8544.015769040616,18346.67106248699,3037.5701684431347
28131.754555975902,32596.015651565813,15163.434453492444,5938.042064668853,2902.7342730329265,4118.0574512804815,12022.244134774697,10993.366260769944,8163.607461961618,18475.6358559256,2954.9742046872616
26046.918273491225,31582.625832268084,14220.446176580615,5584.485352396825,2706.680114984015,3794.5470209410673,11363.790247215646,10657.777181022391,7635.138979647171,18123.435565582407,2830.9889978155475
24227.392564583457,29527.282543013054,13174.588216623684,5176.987497921314,2521.3555736745852,3549.4177597285825,10456.91673205704,10056.593813478827,7231.493918995027,17296.160159136456,2804.6185965410637
22062.000110662924,27138.152755629468,11814.682349372039,4740.295791593318,2318.0576940085107,3253.240024337947,9712.07507908497,9427.866890750274,6617.079076809913,16098.985288324187,2642.6312335765274
20217.30954341167,24725.500074689367,10836.503930118972,4382.545760116719,2126.77438742083,3026.169981761161,8951.782316600214,8799.141065548793,6188.344153048724,15027.221932116547,2511.772337522009
18845.852116444526,21790.313873806845,10106.029306317721,4117.150137523628,2034.6099557674283,2877.1278016887527,7953.293630342168,8052.8722417531735,5904.562328401621,13647.785652221155,2420.6772331963316
17849.956534443714,19549.973962228585,9543.96659416865,3912.715263607977,1957.4034288245064,2775.641181767454,7070.520819034956,7511.57008560914,5652.881050530212,12595.759431429065,2318.588517460583
17261.58183192081,17925.43168117105,9055.883798516179,3783.7142105263165,1892.318639590942,2725.547575973289,6562.7209671113005,7063.739094145405,5529.660729309842,11885.134875655305,2255.4941403840535
16679.24474688214,16846.787404993815,8900.348962927159,3726.2845874640557,1924.3601895519826,2724.599466167306,6206.02388907066,6877.309580971869,5484.244526429224,11533.348899699971,2237.4464826169983
16586.116564974334,16004.565099180458,8943.321993544103,3767.348387662886,1981.3495574819856,2789.69298348746,5878.691545139377,6778.925498782454,5577.264087204829,11269.706785247734,2224.3538062283737
17403.771836454715,15733.96832544307,9422.236802165899,3912.2571820712733,2140.521504007132,2986.123078472087,5667.202493284624,6766.7597835757615,5948.81118686162,11257.193000571526,2240.00534124582
19229.313370764932,16010.508041202795,10261.92045465637,4204.342968260121,2304.712502840213,3211.180496916985,5604.153547948719,7134.14687106822,6447.536003158757,11822.463037093923,2382.0
21490.73129420271,17424.173475381587,11134.43798826078,4461.711859427449,2391.6857191556473,3441.086347421086,5991.891623828537,7718.388625808245,6777.549484748964,12821.306358887812,2506.059210474112
23694.755088197286,18958.012139577164,12230.17372732571,4690.016951584053,2483.846281957633,3733.051068331396,6622.2966022620185,8266.164590468152,7193.389136048033,13926.531578094959,2666.1139527172504
26091.515809698234,20473.059223375425,13162.808633347493,4865.3646873643165,2554.100674884762,3967.0270880292946,7270.782267412674,8659.501530199313,7468.798142375575,14572.258596722444,2767.1861456568577
27901.579374625773,22061.622332369076,14066.51909338138,5023.5376396815855,2664.1263003224876,4207.002847875889,8035.469782170615,8997.035496560136,7970.675622099366,15125.070875034333,2830.211256893142
29838.026376900925,23446.093181044493,14887.243846439098,5220.978657777984,2778.2249512109006,4407.000681250469,8853.710740532963,9231.540190463604,8338.473081968881,15412.903755745874,2896.270167908092
31478.278477291773,25549.779369051794,15354.789450995813,5407.440891402944,2857.4210255334565,4542.023883232839,9848.465524313913,9505.947278255244,8561.0800758693,15920.853682952777,2940.2660499034873
32437.91751067999,27342.00103512644,15919.47960696577,5577.714185510858,2994.1375202466807,4686.078075661295,10548.446550762987,9749.588706781396,9077.34898012878,16246.791010173418,2990.41048818274
33497.46828117798,28900.68813708482,16417.297814977483,5842.4507139632915,3087.5698771508755,4796.500139801279,11241.218869997365,10006.272402140903,9432.324861948991,16539.194990900163,3087.884980630384
33760.56957808301,30803.48543771089,16463.2934065722,6063.569155076423,3157.613986522864,4892.544179998364,11884.72459403749,10205.466090517839,9612.34223630602,16829.248906919507,3024.0533635395586
32759.090558306296,32022.66079005871,16251.002072175,6162.507456454222,3184.1418141697955,4858.646699363616,12391.351053289914,10495.060548410136,9687.45314010418,17427.11457867857,3037.739327085785
31737.29513911719,33286.68016851404,15988.153467000948,6184.970108947333,3163.608743152126,4788.601999895041,12791.056876327386,10763.903727356941,9597.309325707058,18018.141021402284,3010.5848932955696
30278.714428961546,33604.97242099009,15474.066370446537,6083.719843743794,3088.4644539919727,4511.421608896921,12706.036601355605,10981.256814531476,9252.280773603852,18357.657174211246,3035.489997185213
28126.52506126788,33157.63297252859,14896.13542807879,5832.159083849253,2893.7399307442597,4192.0195477754905,12456.842119172066,10989.12417465826,8628.125079206673,18486.495621106897,2940.178918947884
25783.878870940553,31986.807014066613,13787.152153012095,5446.283414827439,2645.4540711183595,3890.864278437575,11770.797405632098,10616.580281097258,7979.288434380684,18083.608567183128,2726.0098684197333
23802.42443522098,29774.927673580813,12779.511253243605,5029.143740965915,2483.3772893708388,3625.7659513172985,10729.32998669263,9910.678487166511,7376.381953498334,16974.03536264498,2626.018372028902
21207.01270272861,27390.35319370707,11288.606797366416,4569.128365842975,2256.168934289089,3324.5326724853962,10018.569555553146,9200.241732818735,6677.79115264566,15793.959523862271,2502.004808976414
19772.175158860875,24789.09478682037,10363.028411719026,4228.682547855256,2081.9385788298114,3125.4330582932057,9052.792560844935,8575.63188599909,6228.679271783733,14642.242691168236,2382.0
18421.51138628725,21445.778404417993,9712.813795924298,4015.339520006502,1995.7555831822328,3008.3677818694846,7899.904366062224,7908.370563119519,5965.116685518769,13239.1633916231,2341.011484472612
17561.470257479006,19313.85902675975,9129.8787682074,3809.792652209625,1916.412308736342,2887.2710259815203,7225.907325164898,7368.354753479407,5712.297151028241,12318.293452473365,2266.005280140349
17138.4787885869,17968.494795726856,8946.811164891658,3734.751756781021,1939.5172911932116,2874.272275087913,6632.864172875689,7093.578723093197,5682.088312115849,11694.708346789048,2215.012134829007
16965.520510571158,16742.675784912437,9152.334005143886,3737.749428204605,2011.6815986174415,2974.5970929053415,6351.297883517673,6878.979514663025,5785.212432677975,11322.879793266757,2254.00133293836
17307.482177330214,16286.575483733901,9909.523127702041,3974.863122896972,2157.633917209219,3151.7692068741067,6037.769037616462,6921.03576724951,6245.146709254515,11270.0553917005,2332.105560203462
18908.568757605044,16667.948410635112,11041.791875530438,4359.062004268127,2460.144532382445,3506.7927119383094,6035.770348827367,7189.609432635812,6918.098880150695,11675.55914791047,2461.06030351384
21374.957954979604,18007.291840640428,12623.657514977978,4937.9048869171575,2746.6544492391904,3951.7011118899236,6322.223912475851,7852.240873223045,7735.707224085397,12867.79966160152,2672.091975657606
23100.17253977549,21004.12410071677,13077.90809116051,5277.2394035074585,2809.7945719954646,4174.57637340762,7040.858263445229,8918.97885405193,8032.3469729033195,14543.563152137423,2746.009868419736
24387.0950779182,24464.922673625646,13171.550252870276,5327.197373513814,2750.564139988194,4275.285147801516,8104.819688313229,9996.72883269292,8136.848602187515,16460.51908243183,2738.0532351140246
25737.70954365581,25703.81279067005,13334.811883422894,5302.913787768449,2702.4220014612974,4353.178618223415,8673.928656948845,10323.969996154927,8249.71944450581,16975.91152966928,2767.129473086735
26930.509172269096,25728.34086007644,13644.97308655727,5348.49555557612,2746.3981971705693,4486.271533551996,9103.852226916597,10207.218406085778,8524.771444687825,16698.14587533887,2775.208386905961
27999.47205115544,25964.798881051738,13993.917809346854,5490.772757947625,2767.6412861234526,4608.291537430971,9462.641131428445,10070.470116731693,8790.553290060134,16388.88280366826,2785.1286471537283
28877.713292930486,26963.687109690978,14329.808529236894,5603.978838299389,2810.6149761290926,4705.373620507616,10207.784020644085,10155.38320662461,9005.16160022388,16403.84482590073,2852.037604438563
30574.167590632765,28547.565686334052,15227.090041345207,5820.109008531817,2956.789313739866,4848.8223297548475,11061.948655786644,10277.263372802161,9512.171994072978,16584.675546168266,2997.001002115565
31855.471246916164,29921.763845034377,15857.961397561527,6134.964577360345,3118.0481612214485,5049.865466371415,11624.40414426507,10439.33926020051,9956.143547933005,16697.876544478167,3107.319001065251
32816.968174482085,32242.352648723583,16639.750476684465,6498.9250310319985,3253.2361102234036,5057.224473372782,12227.263656285171,10808.194736362197,10343.011656928895,17206.322671130747,3208.259456334007
33424.58305453618,34073.30772181695,17372.249939158326,6839.186245051711,3425.697420125274,5089.602440223129,12879.99745153432,11224.438911329873,10747.400701196908,18061.252065242094,3276.3759440251783
33031.246220549554,35983.9201523866,17327.368174003,6926.693147874574,3457.570439621578,5070.450963238639,13731.03550451094,11656.6211799431,10735.970138008297,19001.596872910533,3308.290002776468
20324.26454404825,30379.522339652474,16452.512808181695,5852.379830047383,3460.668620834904,4032.231491715994,9335.262886218381,12322.68029498851,8776.940108641975,20299.19197261695,3501.385600266806
18624.428922452396,31350.012649344102,15806.636778239737,5671.9286255070065,3290.209661441641,3812.0533620075357,9610.949031884542,12425.50887997242,8307.178722469793,20736.83103088255,3450.65088821207
17046.18325678627,29896.831675725763,14814.713735019894,5348.589287644079,3091.2599111648487,3532.249471811561,9269.913012649793,11803.535592519771,7812.553922760715,19827.863978324665,3242.1840179687506
15097.983122053436,27771.758760138433,13558.629162768784,4936.127805067251,2840.960673982514,3293.111474933193,8458.832453161462,11126.348192287198,7176.434776913351,18672.07474484715,3096.2216015059626
13496.154471740732,25422.03406818591,11982.72365869908,4500.427801535008,2602.3940487759733,3028.015922155226,7964.318192855799,10290.618888447436,6566.150090906927,17250.902483783313,2911.0843456220273
12513.332264165025,22506.430715297884,11173.68220870845,4151.588300402879,2464.0661888596965,2902.0010349585887,7277.159030850749,9269.473105466312,6239.299128475964,15630.75280510201,2820.0267538550015
11781.04869773312,19554.964364648287,10681.573259268522,3976.3799035167604,2416.0130490851207,2838.009480335909,6473.674191690889,8649.143941613456,6034.918486204352,14175.32745273463,2788.0097192212043
11357.147525141183,17862.320709213032,10339.403617310796,3873.219386774136,2342.971121379952,2815.0095575209257,6060.066488381628,8135.390293869934,5916.66370468153,13349.842927222135,2742.0098828683695
11350.946234348015,16653.08500404281,10379.022586005403,3901.0285611280246,2362.7572212581754,2869.004172945179,5675.471119151779,7891.7819313254595,6036.608570034488,12891.943146992842,2746.009868419736
11941.270191677704,15800.5960761274,10811.372443208626,3973.0671119244034,2537.827632216748,3026.000992501091,5524.169539761603,7878.587793021362,6456.646505633271,12743.250047625643,2818.0267729557886
13119.027311906288,15429.323042238315,11988.061358653726,4326.39001091447,2799.069875530014,3210.094438511135,5524.960609300665,8227.351617733935,7245.421372161202,13166.50034354786,2883.0377226501464
14545.844021939,16185.423410658217,13622.169818393271,4990.104804761213,3120.607649365394,3502.385487913344,5710.236316949413,8984.374038050259,8200.261497092983,14464.728085617422,3084.1667394123724
15971.08467438459,18859.81948229044,15054.231768079811,5594.073845178344,3384.054623341157,3830.9896671321117,6218.984674942717,9936.93701609128,8858.80770997195,16353.917813750384,3302.2671520231665
16433.744179797042,22172.288307034105,15235.623904417096,5948.707646494923,3396.323838679318,3951.194488877503,6923.370425164826,10734.325280514848,9042.15217579426,17919.390625800574,3668.808764516603
16320.52190701488,26155.564659733733,14660.68512561093,5840.191368080275,3265.4221503990034,3954.1321420436434,7778.691372391878,11678.527659961735,8628.08567771263,19686.827144435454,3728.9029767781817
16200.76585533285,26447.638740582137,13926.961811774996,5571.715080023804,3104.964547905643,3876.0354089335315,7911.572375949478,11877.329206002658,8277.206283976877,19806.77964252966,3620.2433108927066
16384.287518560956,25319.91690339177,13627.589058132799,5370.573826455899,3018.2174498640816,3772.5939671365936,7726.800086563345,11463.750884856265,8087.947833010839,19035.172726281602,3579.1912719322268
16792.08997543956,24407.69793816051,13441.435695323997,5216.6849388843075,2982.954725676624,3806.7285430240277,7558.337817222911,11062.068383297768,8035.214712946173,18293.360283826427,3581.536068638263
17242.53995531873,24307.827787645383,13274.052673540034,5215.783337350067,2950.0732421875,3790.591077600768,7545.250835722397,10885.206797733466,7916.997350416568,17975.309713816692,3569.166934504764
17936.733285851165,24696.174503213297,13694.397566164602,5200.600268170721,2994.0411834319525,3880.763365896241,7689.630084781197,10764.406083924467,8110.699746473268,17740.596788648363,3598.1902476502933
18950.84142216475,24678.94960145554,14276.625070972352,5345.080772042648,3106.4493698370134,4007.057767553609,7704.7175893725625,10661.595521390074,8348.491333976322,17540.45491770187,3600.411718453993
19502.064350999426,25820.71463622818,15185.536576951059,5419.022005949139,3277.826399845049,3916.5716121158143,7953.327425733194,10646.697313684776,8417.53424403157,17624.49595247151,3475.7468118778825
20588.18501006271,26430.952268599227,16287.766482384784,5652.4404405832865,3505.0500683304826,4193.435709675072,8134.905342329611,10805.825278602932,8928.395962727613,18011.557968181085,3544.6331746463106
21039.02023193139,28190.422672922305,16527.559780320073,5775.751176212609,3574.0947296331105,4223.491875778165,8727.325613307326,11397.818075653113,9079.229646456399,19073.454906927203,3531.500721749288
20017.28182252968,30330.845226751753,15887.955927611723,5722.484913834927,3382.4307736599194,4004.24040229242,9241.525044008633,12074.769568923595,8664.162500442773,20358.732143999012,3460.428738155898
18574.019919879185,31307.225860867038,15096.26315346804,5581.8983481406485,3210.465950421778,3758.009512634827,9491.373743535405,12142.717824937334,8151.214731431982,20682.572296752947,3337.3308204751643
16989.12772335592,29833.326552169,14158.262944766453,5229.391193386999,3003.1307729186765,3468.2541521249477,9203.41560898297,11582.780909369083,7618.4076444552975,19909.803871223157,3213.1857033560905
15165.931230159369,27739.232997099938,12885.314680614043,4779.779339942739,2752.8336470359477,3225.113852437328,8651.085139133334,10905.31491495258,6969.399747272228,18725.939020566184,3057.1953267383374
13450.273642708722,25343.887917605083,11430.591540813677,4332.354298690066,2526.525916091797,2984.0252752110864,8017.376862955603,10054.50151023945,6333.938524485699,17302.67472608022,2870.085563285007
12409.904297949952,22412.301108565607,10682.577663585982,3976.6610288598404,2376.1867904562628,2845.00105571846,7264.9752910510115,9076.595249397149,5965.371107864922,15649.649871527408,2778.027160782005
11730.996398736304,19548.86821963551,10174.271933505324,3809.4427272332982,2274.0790444602267,2769.0043232854478,6480.756910486774,8482.229150794776,5750.904206796496,14225.056663934085,2712.017786556927
11323.299476002301,17870.124265665934,9870.348895236071,3707.2102661941162,2248.9382947185118,2740.0098181805192,6016.008449742988,8011.596192112539,5655.633735063007,13386.7511045185,2691.028044361551
11325.955266873563,16644.001449346422,9884.79846924144,3681.1547191064433,2296.779773303659,2806.004266413602,5683.543255346131,7668.9358880967,5742.516040044772,12822.69152203149,2710.017799748434
11955.401871418047,15690.405574280325,10412.267031961062,3834.168796586151,2468.7862638783654,2970.001011235942,5479.260644050926,7630.608189167585,6129.641709464655,12684.011268349694,2783.00973674594
12975.414584533972,15380.426608249634,11665.722702793179,4212.299911039733,2734.0963198748855,3133.078311238577,5446.05946683789,7970.246087241018,6862.538336863514,13131.509973792132,2815.0386404095816
14514.05787619688,16067.402530006973,13270.74039630792,4853.091147682446,3030.492563984124,3435.3931632388144,5638.194401588497,8696.395509718097,7760.286369559902,14333.705553834801,3018.145063540195
15993.84642256348,18667.841754751098,14570.696560182201,5428.830858742803,3304.1998162231416,3786.944264071178,6183.002814108753,9629.970632361581,8429.547717573783,16183.971259035232,3249.2110029247146
16385.570131047058,22115.235198590948,14779.823560573608,5802.727802727051,3323.4762854037535,3922.203626143159,6884.304980216364,10473.36357588975,8679.196345584902,17739.321488994672,3602.180949499593
16218.181153107253,26135.367811097112,14216.003070605757,5656.335278319278,3156.1154752021043,3944.196681699402,7798.673203681504,11506.834981821172,8321.714882467115,19448.99222094567,3627.4085903317336
16154.700355624856,26468.52653834259,13486.28900221644,5410.735066843675,2997.039033672903,3888.974447157725,7938.654409289789,11734.449367623332,8054.977980710444,19615.630492964654,3516.221793853575
16199.821589413394,25329.82998818015,13193.12448939446,5254.561343192965,2940.984090500374,3783.637451899679,7768.667939214637,11370.724861779492,7890.804532675156,18844.526625714017,3517.221729819468
16981.029243090714,24459.671989525195,13124.186406047736,5186.514953084317,2918.097197450126,3830.7736076806527,7639.374543868513,11000.416849403686,7958.178001256803,18153.468939915107,3521.221474052352
17266.947050696257,24471.824404288815,13014.857840997669,5101.576619878652,2871.9384110787173,3805.6803549514584,7683.4387565079505,10867.423493270671,7863.048298485579,17755.483735159756,3487.170913357529
18121.552071775204,24930.045214798,13411.116611198222,5157.828202627726,2945.175018491124,3889.761551105872,7780.658725649562,10769.300115290898,8099.597774304237,17585.825731657686,3532.220773725648
19282.712956842253,25011.098115884062,14057.39174259562,5294.12228274076,3081.169702898937,4021.112659531767,7825.722739089151,10599.54439311332,8299.663490599685,17282.770215487053,3529.4596868421936
19776.95192650898,26164.037158970503,14977.291282777844,5347.180793934598,3213.7771232451405,3921.5708660888677,8007.385277777777,10614.820578001538,8322.40202257459,17387.873461668125,3377.5692707391336
20779.331693965138,26745.204492770175,16013.057587046682,5571.6134840609375,3395.0439290587688,4174.442484516385,8172.9780918603155,10639.844558613318,8823.274235742927,17682.690265543435,3477.093953953667
21063.85533471566,28459.48560123702,16239.294664002507,5743.885505816561,3465.97790263299,4189.437130663803,8716.336774636151,11174.885211367688,8998.318123402676,18620.10091322483,3494.4244767165587
19908.447732830977,30526.228108708412,15451.622422035944,5706.396082632499,3340.8765945806726,3969.2517234970455,9208.561397623464,11793.492868787827,8644.18255590416,19911.210640354497,3397.3603228537304
18491.875194989032,31386.851684756104,14709.12104036171,5485.872670604459,3129.329558862383,3730.07729490153,9482.152968152492,11964.7555090519,8061.411151697217,20304.084583371845,3294.537644476348
17000.01265973903,29906.707291706927,13690.707088612127,5163.5314285639115,2940.984090500374,3469.317998317091,9157.238566672793,11385.731469496324,7507.616486716114,19574.151507208004,3111.1918846863186
15363.671879883128,27861.894122855374,12621.765149565608,4715.908455315062,2723.7603728250338,3222.1357634566484,8627.105984973014,10757.516926148804,6862.283725532368,18455.432969606176,3028.4914229805304
13573.374591642301,25378.187361053664,11109.347748018152,4264.308474827867,2504.4512160957506,2971.0162290060593,8042.151931062726,9870.534915935294,6288.060727828394,16958.63577729321,2812.052713326771
12571.140812348087,22408.520732906574,10340.45364562827,3908.616956063488,2349.2010440586796,2822.0,7310.134506651992,8939.685314267095,5885.4191329248,15390.820453433644,2737.0275701403802
11874.08186438309,19658.981574208898,9898.08950337853,3702.4148301948335,2241.941343389399,2742.0043657528354,6505.829361090513,8355.37883821435,5641.962873497093,13960.362057270248,2681.028149619926
11364.713047038364,17934.26865872697,9555.19264513279,3605.1799316599745,2201.9591516018286,2706.0176513808956,6049.072314624984,7865.588247979755,5547.687250203937,13116.874459052286,2624.010328996194
11332.088455513049,16680.06787935663,9518.76113551147,3556.0076404766533,2242.8685788782486,2743.0098074814514,5764.5060404584265,7554.127205710512,5605.658243160927,12655.825799032646,2640.0102661582123
11793.677221497226,15610.535198213918,9934.124000607966,3668.290059035905,2363.822477757164,2866.0,5507.248690120715,7472.802924207362,5939.577246680788,12451.024263623116,2686.040510104768
12599.126567020417,15196.360465048732,11023.803627743902,4043.356210241423,2625.9978760973468,3050.080463496915,5471.980314000122,7716.448588607053,6622.421040201582,12863.645502891935,2728.054350464918
14223.789587599422,15944.384142318964,12513.559411076478,4675.17417497056,2972.5229983060235,3385.4384477840435,5641.193189024492,8394.609436579758,7592.216626182233,14022.73183655305,2947.1247277832763
15865.294467005886,18426.808507054717,13991.50135567788,5278.830500583368,3240.2455539821217,3749.0120145886103,6132.028891948706,9336.265867803686,8258.587231589283,15848.95246818784,3198.186587279786
16253.695614897148,21665.433105250388,14142.572349695958,5629.5632370595295,3255.140219198756,3888.214518430439,6832.2482080632935,10222.704615531757,8473.068701408656,17431.45616086399,3511.7915499646633
16336.284412909597,25674.57525560323,13624.465138855943,5510.150057877269,3112.146955252161,3913.144404319116,7781.905551106584,11259.918976937435,8126.7971990505375,19209.87769450891,3595.8806416008624
16560.515480711965,25920.546760133253,13029.950613931494,5300.719454256432,2997.039033672903,3844.9859499785457,7842.633577746029,11479.671503523414,7893.019902780921,19339.97148645003,3473.2245827481484
16715.629561621776,24805.864779303076,12837.909181361818,5156.441681767781,2911.005611381398,3757.641975656383,7710.8127838510645,11126.720941709003,7814.983975930404,18567.34593871474,3462.2253074884798
17316.474213471716,24045.641886642366,12805.154440866476,5114.762416255974,2890.8322188029533,3799.729921701317,7689.630084781197,10786.387980272631,7823.197545534203,17888.578620265995,3437.472272128769
17851.38320692305,24114.251205577715,12707.705655304579,5047.424312836868,2856.046303442471,3773.6862769011454,7738.691104923908,10615.42733139762,7744.940527071754,17485.601410506002,3432.4729758848307
18919.00994506525,24616.64267297889,13097.087642352224,5082.688360014064,2925.0919100538263,3877.814775585915,7874.085497891251,10552.377053884864,7976.608187774542,17377.001489464103,3443.198938561304
20074.579081141448,24736.613223370063,13676.103373402624,5187.006190111297,3022.7377984738837,4001.1184046403296,7993.989137724145,10420.489247166293,8215.637794083455,17094.03595287766,3405.435815806749
20614.05129921388,25939.380623003384,14639.099217996602,5262.046689859739,3168.710536086798,3906.616887386118,8323.84421894186,10412.779616646258,8285.560085713492,17152.75882567925,3282.49510949381
21383.25503763314,26587.176758912734,15480.04146019223,5515.663059643665,3358.0795111905313,4119.530976270037,8746.08129064069,10472.86575932263,8698.295237266388,17386.80453200726,3344.7235379577696
21560.38322234992,28396.61604549029,15726.947958948318,5610.791387487724,3425.801125415985,4183.506675729928,9233.533831598817,10943.863733259437,8814.404527244293,18358.211472008916,3400.4775300681054
20230.763568827886,30531.3300972044,15123.541156256992,5565.618745253784,3286.40583443868,3973.2504191966746,9658.619305905348,11534.997805859715,8449.267772416655,19414.435942958593,3330.4058263577426
18718.677982867703,31214.7705877154,14388.631812299376,5373.859304730643,3135.324857700047,3740.074318191351,9883.36175290121,11723.047550529058,7999.249148313725,19766.126469797247,3226.242066979521
17343.750270334327,29575.39726631041,13309.06791111679,5070.314200243508,2925.0919100538263,3539.634092544393,9419.874886462818,11191.969660396415,7442.245365208283,19042.568780415462,3045.0158328721454
15710.244812136683,27613.02902954769,12085.566960254366,4648.684115343641,2680.7900676798527,3282.3732100961697,8913.702569846511,10360.871413702176,6852.19075193135,17738.702131810547,2871.1032937922364
14021.841244430725,25400.612190796117,10979.076995156687,4290.970970435066,2464.2217595114744,3017.145112268115,8372.801873750816,9571.728720671308,6173.861641679421,16451.3745831475,2722.183340917716
12684.987143783304,22438.818959696444,10167.967941452847,3901.4074274405325,2333.1286697982646,2853.0381221130433,7452.319866557032,8564.80960771865,5803.123973884396,14919.340430540495,2614.324636575158
11903.761744985575,19815.979301982603,9573.871373922284,3687.217066545949,2197.6837150235365,2735.0043982892907,6582.610513848643,7999.78500677801,5495.555524097183,13552.569398514852,2544.373269898501
11483.735136889925,17955.12709517698,9200.180943009378,3534.9541374115674,2173.6915299623897,2691.0,6081.89495492119,7433.206280525763,5403.293740454609,12613.297165633174,2531.461949976472
11202.347728041503,16547.516341857794,8854.705389944978,3485.7976297118907,2130.642225644115,2650.0045169382347,5641.264756069041,7084.876113598735,5358.024069532964,12047.799071960806,2419.003298951
11028.066207849784,15611.05176076509,8836.010740880374,3493.6426637624063,2174.459788180847,2652.028103911083,5446.989746800066,6920.604264814906,5478.910011834588,11856.338952550428,2352.5734145723914
10976.053513934274,14757.34508274506,9125.738931036694,3638.712438244477,2286.4872486158133,2716.156748580314,5274.52908367157,6891.397584179446,5683.970057879221,11784.782280679794,2276.6943222264917
11757.134879418547,14315.461314815258,10178.937357814735,3921.857248212653,2509.5424309818154,2897.083020069765,5168.38045333889,7096.312160491036,6267.366660168825,12123.652805510013,2513.477172658936
13112.997543296531,14984.683758509615,10857.271936317402,4437.903002882347,2667.848650954721,3235.045770603796,5274.590673949723,7531.316227711051,7013.363993054806,13013.73348944606,2914.0825406749836
13778.97895678669,17281.697578694388,11421.292041947361,4710.911695419393,2732.8913481987206,3382.2025805776066,5689.020161515061,8164.405636195988,7173.4937346439365,14131.997671943154,3159.0238676075924
14581.104992919549,19079.69891482574,11942.263089615504,4835.483921653473,2757.016551962446,3553.540394630373,6205.574388927335,8670.62039692747,7335.470391632259,15115.426986980256,3337.2643016222933
15258.25491406091,20314.16314233109,12048.924761997489,4869.858791126566,2732.246449040798,3626.618491488637,6542.983923313992,9195.990174639019,7388.0104409112555,15880.983447278972,3363.32821376668
15974.013379369266,21541.96813366398,12597.35512025181,4895.368288783498,2780.4621743223984,3740.792752572457,6861.598522002325,9269.529437958527,7564.046688492462,15962.978978787547,3446.806926487489
16877.535554127866,22310.331936510323,12803.306621749212,4954.757792371554,2802.450176352191,3811.937880001725,7110.286819650056,9230.909473944936,7656.839353325382,15820.68578936342,3479.508382016031
17728.28593537742,23426.835025641732,12994.981829713393,4944.883038222053,2831.6899611962385,3875.9778176867485,7482.104951243996,9398.516097833268,7746.981722225096,16004.048979717327,3485.425596478773
18306.24633522616,24447.508724231106,13045.150650464426,4979.080257136614,2848.954879906254,3954.1321420436434,7693.769706022685,9464.141383339216,7847.244152329641,16041.888617225972,3462.353424914141
19164.169525844645,24979.183667442263,13420.887447843023,5064.463446762137,2896.828233504911,4059.698622860402,7924.3219549997975,9550.407229778202,8046.773156899813,16126.580704209553,3446.355098248617
19575.45892209301,25720.459135996687,14054.169013092593,5012.049367145625,3065.0854241551324,3877.035133271128,8236.028606321117,9678.658098256752,7906.679774458736,16249.847763795948,3120.0951373141847
19968.701257946264,25989.434171597015,14307.585572255352,5087.586984901574,3112.146955252161,3914.912463430774,8499.653437907718,9702.537762315955,8071.625761610081,16392.325735482264,3098.1869828390604
20331.528030056423,26710.032574423905,14562.566852216954,5148.5422569049315,3183.1911685206023,3927.7539828413874,8879.626933383579,10107.080037125133,8198.612032905436,17144.86870285918,3170.09365234375
19399.66033956633,27607.54442684295,14359.8947170249,5248.6612855828125,3128.1354001458753,3784.506662908008,8999.081235734277,10433.98932353913,8044.987168096771,17567.396699999994,3109.1863310585036
18095.916087821366,28210.635633377977,13961.295986362464,5153.350289954567,3025.114457402299,3624.487582176772,9273.024417752265,10607.059228874446,7645.278262063199,17995.568764863547,3047.190065291884
16935.927967098243,27524.231873638724,13083.13085062453,4899.794037535483,2832.8716583774976,3431.515664040063,8951.993564786711,10392.755090614708,7144.768128627483,17771.80566294095,2944.0163785225454
15429.856433946776,26041.21381001096,12121.536948953415,4543.487853685928,2657.5330890235577,3241.340814763989,8484.810326506415,9783.856174239243,6655.846456087763,16871.637135475718,2817.1272045552478
13498.1674268426,24253.277594816383,10906.034028869117,4146.042943273149,2439.234841812867,3001.171418544416,7915.752168764527,9124.413826757911,6094.914228262756,15752.711728157868,2636.4889102368134
12410.720140173198,22164.079750639026,10106.999250829447,3831.365414654171,2316.058646137984,2813.026820827294,7279.869799738426,8273.713524501021,5711.091727588423,14551.273317797006,2546.333118291017
11598.677381542204,19714.65051867366,9543.811706542969,3635.302208235252,2246.797773130473,2703.004450488046,6494.661749392599,7827.936060499569,5455.575069759086,13222.72118841141,2484.4251478429865
10988.730166571935,17763.781484943516,9264.22482009018,3497.9060966813554,2180.8228452916333,2622.001145621163,5994.780943285653,7314.320164991791,5308.2614352417,12288.459248681133,2459.475118752109
10621.945470883988,16261.524714350218,9004.676220664398,3436.755533733168,2161.572968924614,2587.010396609932,5565.296929305242,6902.89972899149,5251.926257628001,11720.806177040446,2329.764754256155
10608.545453792007,15324.963476605826,8896.041701929726,3463.6006476570324,2197.405074266348,2595.018402551097,5366.951374801037,6678.661236980023,5347.823467709079,11420.314176145095,2292.5979864241726
10859.967735655626,14616.33780569261,9033.714889575813,3582.6262845209853,2288.436262562225,2618.162527847517,5169.561206549843,6656.384641915309,5616.994432826183,11343.843285465622,2249.756919192557
11656.774095425177,14354.291012924918,9954.882994880709,3906.9698184494446,2447.6117060355136,2793.0680930942003,5121.453178674999,6744.304625962148,6128.4224532455255,11621.628660757338,2437.2496360491687
13037.70699959682,14717.655716513056,10722.189760409556,4386.08083753392,2590.6884392658803,3135.061769391613,5143.507419884635,7159.309378478427,6838.303304799419,12417.7692331758,2811.1274725728504
13719.19207538395,16806.53402545867,11302.194121562603,4645.954483355498,2684.907862721894,3280.208977828953,5617.8933381741745,7785.452052025251,7122.5430678050225,13499.924904163743,3064.0246116749904
14633.356227519387,18507.7979062332,11685.06860901103,4760.345458984375,2729.027382496791,3439.558752903725,6118.627680756195,8346.644892109332,7211.487881482287,14450.422996587398,3243.2407768397893
15402.741402990685,19507.558888481668,11840.788402363309,4767.738256109532,2698.0396458503546,3506.6891919818854,6512.2790564918005,8917.164071769888,7268.028288380599,15320.017405765459,3245.27192805154
16257.821475423254,20432.2889995926,12329.367171341059,4813.226758487991,2765.4704692263026,3603.8237856023898,6885.676136866293,9082.830539912013,7465.045608205596,15455.148538002299,3357.4024928583513
17169.145382986415,21088.590711752935,12415.222590338808,4880.951178231989,2768.640664530862,3681.972054159962,7124.275864216509,9128.008246702575,7579.812432872605,15384.783186983474,3401.5203221983706
17988.4764240285,22220.161838302825,12743.88692516588,4874.9576639816405,2778.634474401928,3745.0131305531704,7560.352956620657,9276.706656403696,7668.956297114751,15669.975235230435,3457.5116939141967
18716.913686346783,23076.786193800333,12942.353078193712,4919.146267292915,2786.629555828014,3815.1127947364275,7832.300571429568,9347.04390054141,7801.444706994331,15747.960924807476,3480.4663051859143
19753.326015987583,23527.05733770657,13364.161809695206,5061.346214527056,2868.8469814076198,3941.676381184243,7912.446115558848,9431.232589070889,8008.9654418920145,15827.496553001369,3451.391302677413
20195.561761040564,24163.612208901137,13930.39306344971,4933.908231370204,3002.13152051753,3761.9507356470936,8117.920956517475,9555.720706126625,7851.970044729118,15939.94186097778,3153.094152004705
20267.208842782755,24469.657786839067,14169.048836815198,5033.927783532639,3109.2461242019576,3836.8237330206753,8196.172764662688,9558.455027444857,8020.791569272571,16015.272859190829,3103.214081286761
20394.697318054623,25107.956956707963,14554.01035407587,5129.054046954248,3205.1753451742584,3892.811546955865,8454.920058332993,9955.836312983736,8198.837829081824,16775.097025127277,3189.112534730771
19532.328535909845,26081.143795370604,14389.080801334187,5237.766593356054,3119.0474709423547,3745.5120592624485,8568.48990855608,10259.576688965919,8024.115426002434,17225.259144358803,3163.1348733451696
18301.159105746494,26906.107259292363,13897.350990249883,5045.521399303356,2929.8066205941136,3531.4594206939682,8830.998797973858,10542.75379223039,7608.416557413114,17805.420275590983,2907.146589481494
16750.127365844764,26724.678089834793,13041.941572287764,4766.447620247083,2778.9099354658824,3276.092516349806,8699.467129575918,10084.507235641773,7052.109301495045,17773.714973052065,2819.1051769040537
15357.080161530128,25638.504269056524,12073.34127762109,4327.730354732906,2613.650241143047,3088.0479660370625,8283.061684290178,9801.079677132671,6571.5322981407035,17315.027518054143,2694.0397936408494
13618.727467801877,23921.60591475111,11156.526170334455,4002.3049954371613,2455.481594763756,2911.0041317569267,7807.252895226732,9134.535927353276,6114.87865842312,16075.034399209062,2600.041221349989
12676.490556757428,21792.55645342253,10294.599180364556,3732.0167744965047,2304.2255764268534,2757.0043420574,7201.460755576024,8424.019084247224,5739.224576328929,14875.690131803976,2508.0757495214493
11883.003597840065,19050.122026374418,9894.190593921963,3524.7885447148974,2241.017191626079,2690.0277093490863,6316.3398516304205,8044.282972540528,5513.897443146764,13597.732023126382,2479.076626226714
11429.18895307394,17418.25014041245,9636.137967118259,3464.80260888295,2210.743896711106,2665.0546806778925,5824.630277803038,7566.564527187883,5451.7874380939265,12729.387182756142,2480.058721653282
11291.900572984818,16055.238579659794,9517.985838461262,3445.7535029643054,2239.869787627144,2702.0275870420965,5545.305548443573,7283.966151998945,5551.75411190059,12278.336335560396,2429.1749691625964
11756.135244186728,15318.503050989002,10108.1609657988,3600.6707177071894,2406.807251450752,2847.0,5326.764969615709,7188.545715187176,5851.784068871021,12099.654736793025,2452.1733542870734
12501.752935665663,15190.182606937287,11352.103266482827,4023.940771588363,2627.928286403471,3092.1188084699293,5309.770824381846,7486.482487171593,6598.659114427744,12455.2308893373,2555.041941722232
14167.317534201336,15856.230848701527,13156.26465625496,4672.733590207563,2946.620924894318,3433.5597537424956,5486.907124333949,8173.543966181119,7525.346373329989,13505.324322205002,2822.05252497546
15814.24401400431,18538.787501743285,14622.112426083258,5315.425323487518,3223.162567781245,3828.5058139534885,6126.795096367289,9176.437925307033,8394.755020735587,15347.72632670327,3171.38655465137
16111.283694245863,22150.573827972963,14924.786152175386,5607.375283832571,3228.974279177245,3911.336466692964,6915.749836089811,10099.231462351217,8583.306043468981,17231.882247924805,3427.6071209715647
16092.0808362844,26053.42663375905,14437.573600006222,5500.158018902012,3122.0454028938657,3925.964980058113,7767.918743720627,10974.273283733217,8349.256847027718,18789.362641883352,3468.3180917171667
15940.729553054443,26505.082933039903,13761.94625017626,5311.711344345124,2973.778585923198,3863.870496162538,7902.901589446409,11241.269200639628,8082.061329415786,19171.159901601128,3393.1513580914607
16118.479123207677,25409.197589329407,13603.769428531597,5204.408316308958,2920.9042342698854,3822.5860094700424,7753.980079403023,10948.20221856878,8007.805795268774,18666.17852644959,3359.090207386755
16679.556051569292,24514.566040112393,13489.761972816204,5158.3468772654305,2900.013619809997,3871.6684580591914,7632.379734950532,10659.358089570283,8032.9982249442,18065.85506660586,3367.089990911107
17061.275880406843,24393.54713469385,13290.516371135307,5144.450125451774,2868.0372849684736,3891.664934650116,7673.642461295462,10552.85619159441,7886.70085314201,17706.322075439384,3346.0905613896725
17761.123647937686,24592.32439855939,13665.34276593174,5192.5106803842,2908.912492188672,3976.793929216707,7737.791389306522,10450.143916249512,8070.0724542216685,17498.267437792292,3366.057496469682
18727.321175463567,24412.256631776618,14328.488066132564,5314.709138685181,3003.3298257861015,4082.873838034392,7687.631628875505,10312.974135554356,8295.407471006763,17177.509048671363,3365.1771970387767
19604.600955756257,25336.079276778673,15339.464485673903,5426.628629223505,3201.8975464388345,3999.440926978472,7948.126798650727,10473.375226781605,8476.713711956058,17559.455613812162,3281.1118872508137
20595.437279395428,26171.591065385383,16459.56727072829,5652.659139062405,3394.269104346302,4211.846328874268,8140.17404762215,10717.49040109574,8815.945069271906,17948.656959443582,3316.0913890205006
20928.460963285066,27970.897271211416,16819.86888186283,5760.959763450085,3484.069549349142,4248.789506291926,8628.532221540809,11312.504765424506,8911.866093527504,19085.034044397613,3323.0911945564712
19864.870783294653,30138.314977076338,16172.579469651284,5726.609485088443,3319.788560808317,4012.6002007623993,9142.587523388,11918.550531023104,8642.083553918177,20252.323875586695,3225.0233766170745
18587.004707516888,31081.8343455683,15356.931296030063,5533.023959218797,3130.5325636264324,3746.4713561939316,9453.728929259749,12019.48392352134,8162.569016763039,20686.007720803875,3135.1395797351483
16979.40570431839,29920.92142625832,14279.540981481481,5149.490596356106,2898.212243515484,3467.1480866098254,9143.81585957834,11438.690465336389,7584.754892127111,19923.484089945014,2986.016003553181
15191.523937365213,27881.099907536245,12975.247189872816,4658.182450755585,2682.8840258641885,3229.0759611712065,8627.793410126038,10664.111871623085,6930.750563695006,18659.315269901283,2806.0170252976786
13435.014829965385,25413.599371509048,11856.733715457985,4219.42654130516,2460.3907743823615,3018.015975146624,7898.569695935471,9813.408077798278,6358.839365937461,17199.66287235996,2657.187754113138
12308.875616624557,22582.90239951325,11078.658270140986,3878.034857755463,2335.127660893455,2847.0010525084645,7163.57709806757,8872.34952993103,5965.13713816725,15591.718731859213,2580.0564660236996
11506.098184157654,19901.803028893173,10537.389573462095,3664.8096730554735,2231.021944692317,2798.0170737452668,6258.124780223414,8296.250233214287,5719.891367141519,14080.599250485671,2543.074717781606
11150.020045213852,18055.148814697008,10195.407095936429,3557.6790442730057,2182.8934104209775,2776.0386265896495,5820.4809420288675,7814.544587630522,5720.762865922312,13197.098751826486,2520.095293985441
11059.717392575623,16761.925649910045,9997.220874235583,3527.735491228367,2228.737672755622,2803.0170434332695,5545.232667694993,7467.973860780697,5776.808040565612,12666.23091960461,2463.1452190491964
11598.058154013124,15886.410271589639,10325.372859296742,3663.658880569114,2412.8721210025187,2974.0010076130643,5359.886004105784,7413.706967871641,6144.879376520202,12454.839665691412,2508.118048064999
12748.290494219866,15662.088667794005,11575.320895937992,4108.920737126395,2647.1338304022097,3206.114534975366,5332.828784492109,7730.386413574219,6864.621973264412,12757.366422027264,2572.056640077434
14295.318031572451,16451.919671201482,13462.631425282212,4755.7708960966265,2948.45446428749,3562.629892102745,5584.872448092492,8466.396398967456,7826.340583509604,13845.3114717548,2822.0267347814492
15854.431981181639,19092.21275845443,15120.513263576984,5339.227852594786,3200.17892128931,3961.5230545646723,6127.794620892525,9420.487595558145,8619.759304057387,15573.78103730702,3184.384942643874
16066.102746236491,22605.0750354489,15602.348541503996,5610.372813309784,3193.280372619789,4041.356905716126,6927.741178177605,10263.307532185443,8742.365843253867,17369.968926869904,3403.660121928102
15797.810584194704,26380.99352358229,15345.253156667131,5473.179667021704,3040.200539357908,4005.058312690043,7706.866750203239,11061.307959588326,8431.286538477576,18899.555039709183,3448.5572583381977
15591.925292218673,26738.907046904016,14779.435791467304,5283.635760044453,2900.825586257048,3901.809622030628,7859.832960690846,11178.499758915297,8134.121680766787,19142.08765406643,3362.1527719378773
15760.571129855585,25531.131679616145,14601.073729730064,5166.434676870473,2851.95271594636,3837.674534328889,7739.991499391669,10892.23562652028,8009.697568017155,18608.12698163615,3364.09007196761
16258.396428123826,24621.435628849296,14631.849075291178,5148.447306290896,2861.9455372188745,3873.6681040388744,7627.678348796948,10612.301692990895,7970.839246399005,18027.71481624775,3358.0902345194622
16446.865481473917,24531.63625010992,14582.688823970624,5120.280200825297,2831.967233508981,3849.672377189732,7652.758575196375,10449.98473165641,7908.788134370171,17727.469030909644,3349.073214764032
17337.867016623153,24939.46677948479,14907.636656235387,5152.635589466354,2903.108618076024,3939.7516240171194,7694.825536851812,10371.944613074524,7986.3729030305485,17633.27953164663,3346.0905613896725
18529.529430322906,24881.659873010743,15499.427625777298,5279.9317685868145,3003.3298257861015,4033.782403629323,7758.774857673055,10267.077507466112,8208.827687273706,17382.246098768803,3352.204421095386
19406.813825383048,26010.628126425952,16583.31468872122,5407.642040012975,3204.7853842973027,3955.3740647927275,7981.10006215833,10460.382208483836,8387.99905892408,17756.0983477517,3223.060068787125
20657.72512220635,26870.244890501646,17652.057937400015,5631.581110984348,3369.068846128413,4187.752874548413,8350.613157643455,10679.676594793518,8756.415681152343,18241.33031761775,3251.075442343866
21055.514631421407,28742.708952359415,17796.865455050873,5764.861969197684,3454.987943941461,4256.740355029586,8894.719997385295,11209.567419584202,8919.37737273051,19365.582651566427,3283.092317063802
31032.598891776823,36751.39618688104,18856.16907712127,6767.999010639432,3484.8548558100474,5075.528307446211,14067.502018300245,12320.06313107689,10618.843019861217,20640.019842246806,3326.0161623687586
27996.82041114562,36526.68222204102,17835.22113708385,6597.614705665553,3296.4976861164255,4626.179921684702,13741.277019816438,12239.140791925483,10113.354737650217,20476.84390890879,3206.507133741275
25339.90744268632,35183.41756992623,16067.994604407795,6323.0126567235275,3034.510842131506,4162.578073327832,13270.344615014597,11862.968482076702,9238.329612789212,19757.966509596845,3047.0995463888266
22500.934656150865,33280.76397398435,14320.718436320041,5851.481197333357,2786.100544685258,3791.427261940202,12568.461900801774,11255.215840249133,8321.923447736002,18971.728059966328,2872.105683274062
19500.33046470933,30056.707542529788,12715.681490470422,5368.863091866539,2515.532917327284,3459.2255059574536,11409.005391760833,10459.643706800836,7455.928532718556,17643.271609303247,2718.0400296296293
17947.18923556728,26625.768115965257,11662.083235232432,4978.284393763869,2388.4347494452663,3217.1141388277756,10361.197536593872,9417.2880784321,6986.120473926617,16023.165723890983,2652.041033410994
16584.42891836899,23515.601783739716,10876.406580042703,4725.901996691187,2277.1576709078013,3047.0635690930126,9366.590881160213,8891.26586005863,6617.19776022778,14628.955886511454,2551.004716362837
15686.916703464469,21213.006692242838,10234.469701432621,4536.577606882945,2234.944411935798,2951.0368474751904,8615.544262895914,8321.31468321392,6334.554544187022,13610.390322317508,2483.010917911682
15048.629259439638,19628.993170071284,9975.13806322167,4431.382574561482,2241.941343389399,2954.065588649839,8085.526531556584,7929.712709633067,6258.0525857038565,13030.9148685485,2467.0195625536644
14717.102018469948,18525.998559761683,10217.553306206471,4507.508657155267,2355.0403834733843,3045.09961249584,7625.580671708534,7829.1560076999585,6524.011983931187,12653.331958829387,2490.0437246677357
15489.595005423338,18038.459528032185,11294.171767659633,4777.693693915445,2564.25062121175,3340.2336707862787,7433.045116570116,8006.083522280364,7129.648029573702,12829.111072334112,2647.0732730447344
17604.809972221192,18561.54868655494,12884.038741754302,5324.967351560136,2868.6671165619828,3767.5090011168772,7445.131814504244,8504.237505362724,7974.863438472229,13449.357436762122,2737.130873463749
20449.963886244084,21110.66314071756,14790.468083274516,5914.899686620687,3157.2101681865956,4233.841809344781,7814.520418006293,9453.222325582796,8963.234658734596,14916.563227486495,2933.0365729598348
22275.203834663687,25270.252088328165,15336.10185308601,6228.647884172398,3200.9924087908776,4478.747934840873,8902.375237934406,10608.773301844294,9307.206535990541,16915.72932494217,3011.079907847103
23574.93875861531,29206.786383742903,15347.222459647546,6267.283717750207,3127.041965414258,4578.322331544565,10260.8433362072,11421.992531969798,9354.840173725244,18416.961373877166,2963.357857221174
24691.885544817236,30560.074857846183,15210.212509147768,6260.732792333693,3100.8766902470275,4675.166173598189,10995.358443406827,11565.372081459842,9537.372805376679,18635.887914532657,2956.717984502192
25482.102194064024,30638.054233318187,15519.734744548281,6298.56799168975,3099.9678759817375,4821.2041584667395,11398.008900457693,11504.553766969582,9720.226419015435,18406.17601769791,2952.884656232858
26878.179687528507,30684.891049427817,15877.230294638422,6419.58950708683,3133.8559693165093,4960.270551594415,11567.3705559733,11468.578696393628,9939.654838198689,18232.530916513555,2992.8732120230047
28369.8441352781,31417.411939716258,16318.764780802103,6501.774358309168,3178.1947968918357,5076.406465907692,12201.167822258385,11427.513609015077,10162.189051777603,18123.514254303216,2984.76429102023
29992.307183819245,32477.35996474281,17332.017273795296,6653.007780841654,3270.3199922879826,5313.590048112786,12684.788471892203,11487.287874320642,10633.1499835361,18212.449902798486,3103.542880624961
31887.310113912732,33298.81969702325,18225.904053862407,6934.499957355515,3403.5131989715132,5425.9070808841625,13103.855223115406,11425.421902872196,11048.408409916117,18018.591035229896,3231.1548404081213
33227.82330775206,35452.03472023495,19622.736595713297,7269.23970303065,3530.8155555555554,5607.323420293651,13807.324088820627,11465.586658072278,11591.766045572536,18215.789425593342,3387.0723860012763
34245.502147428255,36230.357749289025,20613.707950614735,7632.774495865314,3639.9305058908717,5696.834330732591,14342.55136956438,11726.95331382664,12020.822944082187,18731.460260166397,3543.457830254122
33342.97383260471,38792.12463269147,20306.42152701738,7774.912141118918,3589.973679256225,5558.881524421233,15167.178157346249,12180.495391675508,11890.132946662608,19678.067300460523,3525.7359202879497
31480.521963931475,40645.900386925474,19351.190623653783,7622.059388656747,3486.0676832993263,5294.647058482078,15795.778202087651,12659.18142740495,11476.35282479566,20610.935125037326,3478.69489330716
28685.040941685245,39957.10386089556,18618.257237087466,7343.442760868382,3291.40198203225,4849.235382265703,15388.658878561671,12566.269161990731,10854.897683967827,20511.269324289253,3361.483200464619
25587.234093724543,38214.621630425296,17125.078383472577,6934.635285397255,3048.1944538521066,4344.724979695774,14834.956283529053,12144.356771411032,9903.693137945815,19837.223198575673,3166.077487174121
22625.837397140338,36046.80923745377,15410.662268026841,6325.114547395199,2783.1029336406796,3948.44674059945,14050.523370328816,11560.474468161301,8917.972861312697,19097.930699196026,3014.329044010227
19956.233602441007,32440.762298186986,13594.480472859717,5756.35579338363,2516.5322781976893,3612.273647870461,12785.809713647972,10705.6526230441,7973.070594302541,17838.618787381827,2815.0386404095816
17840.501209473954,28640.2295201036,12413.680182355158,5254.467129840996,2364.450032346827,3357.204112023472,11627.969626749998,9653.593918031129,7380.026995109691,16285.455133875534,2695.0550217921664
16489.198104153893,25124.00227992826,11483.98203736213,4884.162798504243,2258.25171186968,3216.1360199359206,9833.027841572977,9050.256049382184,6859.898481525833,14764.049046070048,2583.0104935856684
15520.84834802843,22593.331272534542,10783.900517246519,4649.683510431139,2195.202930814162,3071.119630716649,9219.289592997568,8442.49730622292,6538.045862817337,13704.421392577473,2495.0108651893884
14878.272342126756,20843.291875047315,10566.620273603745,4537.491296937549,2184.9669257735104,3099.118536893709,8358.918912540768,7997.916034755172,6424.340575361837,13081.280857708323,2507.0192487580375
14696.644161291895,19613.3238000064,10647.965793304173,4570.557528633038,2316.058646137984,3189.1371861875914,7805.8376690946925,7880.428910806317,6632.469676568946,12770.4287665164,2538.029746153069
15711.301295716134,19149.984137042313,11587.42831824318,4841.829120231454,2534.035556407612,3468.2852103866744,7566.235495322136,8069.2723953721,7335.121833124507,12883.232966881229,2671.113736707479
17888.711131267326,19628.624896494806,13031.415334629295,5404.147248760655,2852.676919086055,3917.571462754476,7579.517413923618,8577.349598696703,8240.326796109899,13437.434601042056,2783.421099567728
21001.541193424353,22065.13428089109,15156.102591340601,6056.987186363107,3156.210905525112,4463.946378450493,7924.541151609475,9550.102556325384,9292.895544036304,14960.694930830585,3053.035144794727
22997.407840542335,26227.296192460894,15951.13814065647,6448.776452468843,3190.091774899221,4706.80076475253,8999.111379721355,10794.741375943155,9899.525797491791,17098.067413599234,3055.312037361106
24420.56059504126,30452.668174283637,16089.213575870666,6527.227114594154,3159.113362417838,4835.427095809463,10532.918908678015,11621.232168594106,10136.178603790091,18555.652180278066,3090.459007005386
25938.312724944157,32291.709396636517,16027.499046247109,6576.966830238154,3154.023600876658,4980.26944955573,11465.116091859538,11877.429603176628,10323.679573695155,18789.167111615876,3029.103975339138
27134.047102805784,32711.947567187664,16277.79329011008,6718.901543140755,3225.887305888082,5180.367886527872,12048.910559994014,11899.655214062494,10702.980131204547,18574.147401720384,3101.7890055674593
28582.420442772607,33133.823886677674,16595.946823323844,6888.975011312741,3275.9445778737945,5326.482469035641,12392.620092273788,11997.77370371112,11052.5214169213,18559.868102138254,3144.726517814231
30324.73835879672,33938.02396474215,16942.45699010822,7059.973565199928,3333.370102426572,5412.508281337979,12944.780994001236,12110.697518897285,11206.703999784058,18519.42087486075,3143.726742298408
32646.363209028976,35100.71640008706,17804.545212365952,7345.450662129409,3489.5455933520075,5580.712084487534,13536.517547524229,12195.550431143249,11707.766933682331,18664.60180238353,3267.3251914928583
34145.67855354265,36214.80427218604,18645.71229087024,7651.935271101762,3591.6646001254207,5656.006403873165,14140.042462700168,12261.780176469854,12068.878667708594,18576.664615384612,3380.148101027917
36067.25447998443,38254.9671135038,19823.245994657093,8014.927687824049,3708.2963131737815,5783.44631932717,14846.102462061324,12318.117812535625,12633.244617767967,18766.879273836796,3517.1043002388483
36951.24724816054,39079.685228601,20730.34190882868,8362.399171119487,3838.392796672014,5866.03838921002,15497.095101083158,12688.594264815974,13035.090078190784,19419.731314305234,3662.4426346525765
36220.07970251392,41411.05740094084,20444.758488718195,8471.680265546387,3799.1070643275516,5799.995266971102,16361.114773949907,13169.832292941963,12861.4571302343,20433.368976932874,3648.760986096933
34345.77443619314,43260.01531582979,19635.34435259536,8290.74550402172,3656.3460461066466,5520.764309341454,17030.02177216799,13571.63969098872,12406.454866971242,21338.220511605276,3607.0531980865467
30945.25410139377,42624.01655276828,18568.551218827753,7916.997350416568,3431.9015189877937,5071.407724455931,16619.903961744083,13422.106081297627,11666.048208661316,21245.542787497863,3474.509130950048
27120.99137355442,40618.1493347483,16861.328787105682,7461.228538789527,3135.6333938786543,4622.815694469652,15819.493533724548,12949.915517784495,10592.609586705641,20501.579490863758,3239.0935841768646
24100.29624564975,38109.390581722764,15544.755853661129,6773.254674983474,2839.2608160690243,4215.612623107554,14958.788870984969,12275.910886066278,9519.87895961367,19756.512671826917,3055.14328333056
21479.397397391025,34057.49199613505,13640.446818766508,6105.382091046068,2541.7949786899135,3787.3559309457864,13387.46190977412,11282.293827105961,8408.669466410553,18396.876824886105,2836.0522635336574
19579.16381345083,29999.530544580764,12494.627938668447,5583.7066847908,2374.3554637089037,3484.2238626553603,12066.705501323031,10012.812242403408,7770.424482871716,16685.836298876584,2715.017766806288
17632.3682093305,26151.893624176442,11632.066748962008,5202.225926880211,2238.178764521363,3333.178922451876,10643.023278823217,9463.442265439373,7302.359591164143,15182.410478594966,2615.010364681775
16152.04876015547,23461.93583460787,10917.147186938993,4928.042100226402,2172.0509175614116,3263.13403640591,9673.737899365902,8777.480090061994,6927.327082601792,14115.77956041037,2507.004799359744
15579.913170602067,21544.05010328321,10659.959963784835,4758.704959977141,2158.9037451753206,3273.1569818628527,8846.335874666504,8309.762791196636,6749.693843303879,13387.36532710502,2490.01938088268
15535.14103709087,20069.86842589177,10713.090674749219,4768.6134217171675,2259.9335436445094,3375.231208638162,8209.019992971656,8095.482108532625,6921.745022095239,13015.768978985341,2497.04360110202
16311.223092176866,19505.204273197112,11736.512617619164,5012.988006793069,2522.272376320544,3614.3382810874527,7903.565985314575,8197.291045405444,7560.579984755011,12992.259543512499,2639.093139010903
18623.544456006694,19942.875848219323,13249.543742989907,5580.290507124066,2825.693724857048,4040.595942628775,7813.343533256181,8653.533959264732,8528.687880369787,13502.479722978867,2776.3814256588894
21911.044380181684,22322.07226489538,14884.704056144956,6309.1790974084515,3133.1318146395492,4533.931355669741,8149.666706781788,9673.197152851353,9695.389798946071,15112.086609156717,2989.048799351
24638.44583498578,26801.44632597901,15407.940091630382,6732.694226950289,3229.2536073803703,4752.792818244591,9248.218560308856,10997.610853986609,10297.033686052135,17276.03943635064,3072.078336483649
26251.02057352875,31297.403193742393,15313.058762676737,6932.749431610107,3183.1911685206023,4811.396600337338,10950.3991650145,11959.17694677981,10608.944462200729,19028.879933886365,3075.381961137439
27917.283018123686,33380.35183692102,15345.305608065533,7000.30648231637,3178.1000788346514,4872.1800495920315,11889.051722737384,12310.592567023572,10741.159376550591,19417.57081189835,3072.7430432065744
29813.33447961515,34072.68691755842,15611.404969444075,7161.229011888259,3303.0166845768167,4995.268628900491,12522.13025450573,12412.04777814132,11028.328804433128,19400.599693545362,3121.784101447597
31791.095170253375,34627.57163155233,15884.041741728304,7417.262560946747,3383.1458649884344,5055.318780632302,13180.197932445515,12611.913774124841,11409.841750036554,19541.400765659568,3147.7778165013124
34355.75299463314,35632.09512208979,16185.576657523588,7573.418702390626,3447.2876893071534,5086.374799070064,14038.127226960944,12776.987316965746,11582.224776384704,19640.32969872257,3143.676456219329
36447.62584789929,37022.27475864403,17154.95732625233,7893.8892122509005,3587.569091952337,5222.5632303265165,14854.095570758016,12943.7897866475,12019.357331684536,19928.31481221225,3229.439686930812
38381.268522403225,38165.438291251,17961.823267442134,8162.487209677394,3690.8877416587816,5244.802039374306,15403.773643619363,13084.240610211391,12365.378679767458,20177.800981411343,3310.175173443988
39654.47380462471,40171.73503306146,18897.122707702,8464.360335803683,3824.190526763905,5319.283958791744,16300.105595788933,13214.535470770019,12774.572225185133,20492.021517334826,3453.087727765526
40782.74522061818,40929.27542716334,19635.18496654077,8806.952566492326,3947.293674787803,5374.748645553869,16783.424788150667,13593.005063560293,13138.620750648966,21206.206705694334,3594.7727469975603
39592.62333297878,43348.844102026065,19210.909807508106,8915.589920977012,3891.2372529170443,5336.827363654108,17427.67591291738,14002.567221960344,12966.868210569195,22094.960097857984,3596.1829904559595
37832.82307977839,45100.025684228,18385.11693230003,8691.135580997414,3750.3662949418313,5059.411173279304,17769.512115543348,14393.970434583482,12473.073334836705,22915.919091700798,3505.64040553146
34698.638358180266,44269.00922152867,17549.17951045806,8318.943518222313,3552.9008011374685,4617.964731435488,17444.67918057439,14148.40721187926,11779.155730716242,22680.046593747975,3365.5713523526206
30914.203081125084,42144.15022464402,16379.933932902099,7843.421260606829,3285.608559572082,4325.032074520004,16715.425804108516,13588.73180438639,10752.64956337149,21837.28670657695,3368.0030589455396
27637.34816953107,39409.952895707786,14674.894379222513,7199.825238423807,2973.9609447348266,3980.743674881786,15765.688623097914,13147.252784535754,9839.236850573525,21421.046552793163,3186.341404645083
24592.184842620376,35374.948965872965,12922.14844694949,6511.759943289225,2671.612658874631,3618.448134203906,14358.773903544796,12125.99972049198,8770.710477344119,19922.87700196659,2934.5554089952457
22092.26719314352,31204.320072225815,11697.585520278677,5923.93859726066,2472.3837059468383,3391.230100283214,12758.776310167696,10691.13342415154,8037.214974735234,18092.88683203767,2808.4831962734033
20526.60225686053,27480.083432367297,11006.11166782881,5555.632602699956,2348.201578547831,3209.1859382491666,11356.329543687589,10105.31974459665,7523.097746635589,16367.70618232674,2693.411836892473
19673.760710812316,24478.391999015894,10362.848445649555,5280.542900165877,2249.01342088793,3096.3961248504993,10721.171173383675,9275.01925837021,7149.921681838603,15071.289649439528,2652.5123897476938
18777.731753965887,22321.47900396315,9803.848710431255,5051.327305549953,2202.8849769756785,2994.2611644126982,9898.9640063135,8585.623731522552,6919.456842753712,14132.358183738972,2583.578557978965
17991.358795194446,20738.16059921292,9561.213113245452,4861.816923661079,2158.8315565855187,2976.2627728507864,8793.55792540924,8250.987696752662,6767.908392143686,13533.418291438988,2530.3505372519235
17613.175175498545,19524.01922918373,9841.14052305432,4858.732014537592,2298.714427322374,3175.606464620187,8726.916494877578,7999.591679611788,6926.855212008796,13065.685473728152,2545.2353560864794
18503.183670156643,19034.906533819896,10609.14276159334,5117.272713321285,2499.9078330018656,3398.291191393283,8039.466918809679,8034.189084788094,7454.615017896117,12956.69948248983,2617.0011448924884
20660.507980200546,20146.610515666132,11505.220776037095,5562.840833511685,2652.8536195161273,3664.0205629640886,7954.966708568933,8560.665525866665,8216.046421196164,13695.599002199015,2771.017406015517
23891.079213400797,21927.111600792578,12400.055962839746,5944.21274796208,2841.12388545589,3979.0485788764568,8595.641275960188,9178.056405245465,9038.92236326341,14574.333227220499,3019.197823894286
27264.474447490025,24461.442908943936,13329.876932377814,6398.807397137701,2963.2915670284738,4309.08496521801,9510.316954546939,9688.58893600365,9791.465538629993,15524.930836124267,3268.454505128549
30942.914838860615,27410.046113477292,14028.552093141732,6756.027694021601,3100.5368518960845,4574.111903959039,10769.604728152639,10253.14950909324,10313.079250619065,16473.783802201728,3411.56345436241
33619.69599793305,30398.187405625093,14855.27409008022,7102.61841045587,3239.7924005064824,4861.250295005107,12016.114337081328,10942.311010351747,11071.77092766349,17451.901200844983,3505.5479753334075
36522.176161131676,32848.34617942909,15413.739751226842,7449.845446377651,3352.260296870841,5087.345115958206,13255.962915173513,11507.328244787484,11478.276320848177,18224.92227314202,3604.6223636104796
37960.824447557614,35881.204713425665,15463.612200166606,7729.213592704934,3462.0944966903894,5184.429327286471,14638.040587206588,11987.040495634788,11766.187103961202,18777.800229915458,3592.8813995988876
39164.794287690616,37957.95100138168,15624.744000717033,7970.613104402113,3564.890478647443,5254.523862994777,15687.03140687306,12299.282722612625,12066.701571112799,19252.47586850737,3604.490349357243
39870.75442366538,39321.53540425188,16020.518620585275,8208.423248661775,3594.7626430255928,5272.081770181152,16183.437901246945,12592.870153563916,12435.781940548983,19594.7972317822,3635.926799541496
40289.98726035602,40758.139368059565,16558.240672934742,8360.917161915388,3639.036246097994,5244.998518686358,16566.0748639488,12953.386797170939,12771.059282361939,20114.62188130904,3636.90518450306
40078.5687696704,41714.13868473388,17010.006055236125,8399.778763826738,3679.106917876723,5182.24303050912,16951.770182636184,13285.936735002939,12578.38558396427,20648.554957778946,3480.157472679751
38824.54818993371,42716.94864425671,17018.937247425703,8403.52471958343,3591.9719279125543,5058.149025309812,17368.743562542855,13554.200481268272,12366.660924231262,21330.086586778314,3465.368605627593
37368.43253539615,42966.17073102342,16666.972010025907,8207.27142459926,3472.0807934954546,4808.750641104734,17325.78124686111,13672.97891010892,12007.226331274385,21719.815644784765,3389.8209106693766
34154.84929035287,42056.61581877868,16239.354154775656,7948.859292600482,3364.645482512346,4492.595914652355,16957.858342156334,13394.38261050191,11417.158816079731,21449.64215564067,3289.9049816455486
31257.689360222823,40621.43029458544,15252.555884834283,7598.214128655103,3163.3031674779827,4192.009660527201,16472.198243030754,12988.421834955638,10556.386825599317,20864.249381744936,3187.4159706963437
28261.608856038816,38573.299688452,14094.105806558216,7044.440213179621,2913.8170353978608,3891.761148990309,15604.751522080922,12528.907437275851,9626.860869176271,20422.51721643654,3057.737101448686
25913.20197952808,35518.144262977796,12482.025684628989,6402.745444407035,2655.5342989850847,3557.416800380665,13779.02400978478,11750.222143332094,8651.477414874913,19324.1080832236,2900.1001392550083
23905.427958887245,32033.852849373612,11346.577280681497,5860.9831401526335,2475.216090705485,3339.2337419041337,12752.66631619136,10595.361526934767,8087.531609990025,17830.8211240063,2714.4532834657157
21975.396500475166,27795.017161795087,10616.918472275385,5487.58623325429,2325.054375,3177.1878390044994,11551.264480776945,10062.362016155597,7645.691524247032,16233.192137085514,2649.4188449919507
20253.154852214313,24873.576652463264,9989.733792438068,5188.419366016844,2238.870191291397,3052.401963167376,10731.274639871135,9350.384989392098,7397.6197839116685,14988.477562872808,2589.5771781104127
19074.676603754036,22658.71289196001,9459.709204975132,4961.111255464103,2145.767273983613,2964.334709320863,9203.834111214263,8646.777644613307,7266.657690395728,14032.44376487811,2530.591039540816
18223.736066279864,21072.5880806733,9257.133005327276,4787.862584752341,2153.833562210531,2932.266789268257,8766.479526244815,8309.14056663999,7110.218961423002,13485.355856825725,2487.446840590018
18103.583989637766,19747.50922407161,9457.187856446471,4743.713921022455,2225.738702839037,3111.6192841154275,8514.278718053816,8019.673603907269,7253.294301851446,12993.642302346041,2501.3137667313867
19092.660974738843,19014.35857988208,10025.960639150344,5021.31801813289,2406.807251450752,3329.264947766853,7951.152924441606,8000.39985943357,7725.525063842215,12887.559657870092,2565.0
21264.220812378582,19891.965558367345,10817.85092309564,5485.71896603183,2591.0118833029605,3572.0134881959343,7757.210353351681,8554.763878590855,8402.85922168694,13604.569627916655,2742.017591004844
24047.031694053298,21552.57847998557,11670.533081940192,5961.203163113273,2739.023488056882,3828.0283613367233,8248.869010710281,9162.061935600648,9097.565665730614,14578.331708509879,2957.174007166879
27271.949618302773,23912.465023091598,12443.177186070136,6431.875576114931,2909.316552305141,4116.059471333628,9389.402610913337,9707.642376499598,9834.537287538742,15559.983326159245,3206.4218729073773
29030.764645538056,26817.18648245748,12886.65348393285,6802.087702330496,3045.5658579237474,4352.069465843212,10855.331703034919,10410.16252844328,10377.370272849348,16596.873741111707,3363.5263447423113
31896.78492556217,30006.578738691325,13546.541307105257,7177.476414997594,3222.8023007042334,4604.190660898033,12136.045119248578,11164.363105834978,10956.410864128837,17744.840985980856,3457.5116939141967
33611.49790977837,32612.18369780823,14049.736463140332,7503.901403430903,3354.72818268615,4795.279999387276,13224.203346203405,11757.518708436863,11452.308541022547,18622.119014836797,3537.6344604492188
34892.401963157536,35343.92907499999,14220.487274086847,7790.264953915782,3458.1875352813536,4914.328072497154,14376.958732298266,12325.187523890378,11773.920737671087,19355.236184679965,3549.5857285135157
36795.4653334809,37209.289123234055,14842.463500070218,8050.650599038508,3587.569091952337,5023.443339295928,15514.751075174343,12742.61942612806,12104.523456558456,19990.080066843348,3630.48675810254
38230.20881654659,38056.49343243384,15362.179025456962,8349.30880092204,3697.985042489191,5104.965658324939,16196.19853683097,13109.25331970145,12481.719592458665,20499.29342355917,3685.913837555045
38600.0929623163,39119.62063494919,16078.161059474352,8573.047888089983,3818.1958316859213,5074.85592883797,16657.866776443938,13538.720824304173,12851.080604220711,21145.067572918782,3661.2260220917324
37954.784841282584,40169.80509416052,16346.787649941574,8670.068722712205,3873.3603245019626,4963.042935787413,17084.504629738753,13965.396944340213,12732.305742309434,21796.215087888646,3519.6377909048547
36920.69417807505,41241.07992650932,16171.96990899756,8642.519296839622,3788.330515784439,4834.9517227083115,17535.67361855979,14275.83473002483,12557.79040732739,22611.168630184104,3506.7927119383094
35560.64250235305,41498.964824231894,15929.482955243351,8432.38823057575,3714.9706078435693,4652.605044627787,17568.736335012276,14335.445518033062,12206.922727511954,22915.50232070402,3429.8668855383326
32944.32056994283,40528.363637388786,15468.924144440027,7940.866611293877,3506.732802573451,4267.475928061856,17219.535611132684,14066.604086892825,11581.636421205707,22704.259828497303,3425.8120227742197
30310.933949336388,39287.53907277908,14282.892891480253,7567.669426081027,3210.673024499759,3934.420803409994,16439.112962326875,13783.533251724228,10707.41648729925,22055.18894953056,3127.8325732557128
28136.156389712585,36752.4994542848,13164.044928361129,6972.918736495549,2933.085899866499,3660.1481279473282,15639.721291527352,12304.987152900227,9774.03021502638,20096.891866857877,2996.6970607620397
25056.872755230983,33632.52281923099,11686.236716972477,6391.266877334099,2625.734606117364,3320.8307902682386,14541.922671367452,11383.413655022066,8693.887925668922,18852.65997752029,2823.6299618617923
22465.56740969913,30208.954638346302,10699.255550747768,5883.973393469926,2435.5858347739345,3126.444777099268,13096.06878058994,10105.722964919101,8018.274189960032,17092.82769478221,2685.555962456633
20925.644858552587,25804.54929700756,10073.959133226861,5516.246109875645,2306.309433952238,2981.283448015123,11659.613830376069,9684.383278495283,7527.354010261409,15474.38453636207,2618.865099872304
19706.90490695104,23223.77146123899,9528.84445983018,5241.7635649034955,2207.2820226485755,2894.1025081906923,10845.84724825765,8981.476349395807,7154.164958707739,14359.597628617932,2500.398358258749
19048.770576564762,21195.746127875555,9346.425849796218,5072.501670577852,2200.1169641589686,2893.0338133062123,9351.01784695519,8442.925605430593,7022.702886436456,13502.24020848773,2484.357180155246
18769.521763807632,19777.504282658403,9621.5211501591,5047.519930295972,2308.2233552637604,2995.06394310157,8416.300749013564,8230.28156411274,7156.549200781777,13009.05607888581,2542.3916173840225
19650.299037094028,19221.20239309098,10614.333148861746,5299.624209388724,2563.3323551534695,3274.3039276696986,8165.7442143769895,8269.937853968335,7919.6129333185,12907.369267088696,2693.5542646717654
21954.733107784767,19797.218625161928,12081.849488752423,5895.150187936259,2900.825586257048,3639.587249365127,8197.812372695598,8771.00626882724,8974.9500552183,13498.389105079197,2945.553279043293
24956.04630866884,21798.789332804485,13627.03827595621,6688.325234809128,3288.306619869585,4028.023560597379,9488.933579356026,9817.66777426164,10081.98119085011,15134.962437953896,3107.8978950239884
27207.155142281183,27322.42489288401,14020.312702183126,7259.089310783438,3400.417219902137,4204.093451248694,10785.220007686967,11857.58087303444,10763.293617604733,18548.546643333328,3211.810117470625
28770.87654636345,31681.679278314572,13690.884140027903,7552.254164849744,3411.40901120366,4203.858551076869,12226.646839674402,13062.5978812142,11075.533292351533,20504.680950686638,3208.755130246033
30398.80323872879,33449.7874135453,13503.809243862006,7702.125474521161,3411.3130884699967,4232.770765743578,13079.252189687868,13564.11283558121,11277.401470930603,21299.076279157467,3212.7541617336356
31460.217224475164,33843.89194653319,13802.075569592984,7924.146391047358,3488.259433460425,4313.960017452186,13901.127105008334,13634.182862798125,11713.255834702357,21119.787789110196,3255.6909897048677
32751.40181634599,34173.02690240429,14205.57622315429,8182.444807448003,3562.3952134835495,4440.054449268045,14535.617098658302,13664.67802842915,12056.844513770542,21029.031910803533,3332.280351163149
34305.2386039181,35384.07304872074,14305.70223267222,8412.871954560234,3619.3555696066314,4500.103253446665,15092.957003075737,13817.517027775586,12115.028633565884,21202.83037433753,3287.847183427457
35991.572399932535,36390.643963218216,15009.280373984198,8686.159734061392,3771.7233104766683,4610.450040760569,15245.342474812554,14060.840336192503,12611.073159353604,21544.045143691466,3415.9285546409374
37374.12286841295,37499.22810102827,15631.1017683773,8898.716321879487,3881.8358935304723,4632.693831166576,15975.421948881632,14289.832812676425,12922.250614063772,21779.38113248494,3510.960872360027
38854.9620019915,39674.48281472258,16758.111969727765,9180.775767424651,4050.205188336605,4697.012227988351,16575.87849693086,13869.634642757548,13399.460122021434,21259.420575355743,3643.9850245227117
39173.71001872227,40284.197620155326,17555.720093163567,9497.717891128737,4169.737791643365,4733.365560425088,17055.497143558063,14240.587223069602,13817.09907509744,21954.870928561213,3796.067591373154
38172.00159831455,42501.3870737552,17508.785547598785,9507.944167907302,4082.9357421499176,4677.21391119384,17625.925462890656,14662.824890166003,13623.979223811602,22899.503516971796,3763.0020901162525
36619.18832655834,44453.96240751258,16696.842171285076,9256.273765846785,3934.521300491149,4488.968771902364,18034.85989269332,14987.085881039715,13097.798871256708,23647.86495499304,3590.251162734849
34067.97511487281,43621.13725505112,15978.548311396791,8912.823182584036,3706.4086958937164,4144.646859516355,17676.81953290568,14708.117188473425,12267.245583446786,23411.099995217013,3493.656450100793
31056.099735676064,41659.31201755369,14736.067270423126,8397.864189230202,3415.705763013931,3795.421197071244,16976.992736507276,14085.294332026211,11258.691100800843,22499.310834779473,3333.42502354583
28033.2067222525,38886.099858343485,13298.485422041931,7714.080991003278,3062.383376517807,3497.161929535135,16037.367388075685,13183.297453777754,10172.68724010582,21394.61434515228,3110.77966109099
24948.751540340156,34869.559689177644,11844.3074453267,7030.081756601274,2734.7529340438514,3198.731072953664,14787.376275355882,11989.237206398559,8953.058779467101,19676.62791156174,2900.031224836911
22818.978765790456,30761.01320945225,10843.240341811206,6461.311048719617,2537.7022217876497,3026.494623799301,13663.866169476367,10495.914123953853,8280.579133797211,17652.18303720832,2771.5382389700735
21473.52341674518,26481.196407298812,10132.916496081718,6010.758759750773,2392.2602105664214,2898.321760879426,12125.122093297783,9896.148686000288,7790.5278399608615,15701.919873207546,2645.4654138404494
20289.692708841983,23788.640308525097,9604.885573377604,5634.053815035154,2311.2216946676413,2823.060431093042,11019.895582452067,9168.536352527146,7339.439605441421,14515.1206676791,2575.478401954081
19712.899126918135,21792.896536691074,9442.368064344337,5404.644166572667,2269.1619360316818,2826.990448984303,10296.91910152794,8549.774912839292,7204.9797055468125,13710.84579902931,2542.3916173840225
19631.755787324084,20397.56611444978,9655.500783695401,5352.4928099737945,2366.1122503605507,2908.0969964644414,9339.960176821254,8311.237962446832,7325.839199535967,13177.63256493379,2574.3444103388733
20116.508253142983,19746.999788128076,10620.233338144464,5494.675015280346,2634.376344938722,3169.2755709342555,8789.561073158728,8328.908758785425,8045.58941332929,13099.114702633113,2756.948721573382
21748.374840133176,20293.038146466333,12227.821159178111,6034.24072265625,2990.7679859741156,3553.6272939777987,8555.148739300304,8875.033950863515,8961.599218460951,13661.465862136849,2930.462584654967
24028.409160041418,22110.869636165222,13773.746036807186,6785.347060612966,3321.578708188229,3972.0533803210265,9016.983748620036,9828.662324152934,10138.909161165124,15196.763938874372,3194.1260807589806
25507.745158627782,27654.297109421434,14167.264312613966,7365.207585714132,3429.4931171637845,4132.131576696093,10188.693893230902,11811.512642499038,10894.251539983912,18366.26969749095,3235.80392231852
26634.283837962812,32149.36994976643,13904.772638071372,7667.259214612065,3432.2982041939313,4147.962489578401,11749.176087539583,13001.67102212088,11172.407551720986,20302.298262075015,3255.743904994421
27558.578558753194,33953.32601977733,13564.974638997684,7793.049951552754,3436.202248923561,4157.87998082756,12975.012666552922,13421.788503234426,11336.45421870192,20904.810107961974,3248.745555642572
28492.154762627513,34508.29293493084,13670.324421709756,7977.3073159515025,3529.515202905226,4263.983985513934,13754.467371607452,13404.200950908004,11639.835499050609,20734.38184936287,3285.7913152998617
29978.31647822225,34894.09067092129,14029.872855596343,8180.344186236592,3613.5496245208624,4370.010541959975,14480.095605190683,13445.328626898678,12021.501734914376,20572.342105972824,3355.829485306361
31103.331932853234,35810.867548616734,14286.182894697775,8358.70977210526,3688.590812894371,4447.051077488776,15057.532753490053,13638.58920407255,12145.857502530356,20712.181109004476,3365.8269448167352
32194.07283305511,36919.01837695351,15258.19539020829,8627.001250578494,3824.880478849016,4532.409873885729,15648.300579856777,13852.595842937859,12514.073375350641,21000.456572300063,3468.3673752728896
34355.181013752815,37664.967865903476,16138.103221505782,8854.328863804334,3943.19212514626,4574.819143887743,16063.446108657748,14016.770845973855,12920.253482572376,21115.687884661253,3497.1516443200458
35614.080223698635,39123.17688740996,17311.943168396818,9116.500856481482,4074.4999267538683,4643.0490548940015,16613.720273310468,13579.735862696403,13381.488332493078,20618.73082403076,3669.357958943477
36418.212430135325,38871.02129361572,18168.742831141597,9355.401558141684,4252.990950439939,4687.400369417646,16917.78112853648,13867.473722093058,13734.089945716603,21279.202468962794,3799.446671152121
35899.87878889707,40571.13276098525,18056.765845402067,9345.412261981923,4157.973281134372,4654.327456621711,17524.05581155188,14234.762682038365,13534.129978458257,22144.899116566812,3783.0750277548946
