elec_demand_AZ,elec_demand_CA,elec_demand_CO,elec_demand_ID,elec_demand_MT,elec_demand_NM,elec_demand_NV,elec_demand_OR,elec_demand_UT,elec_demand_WA,elec_demand_WY
19249.730007966224,32670.598610057023,17001.85878705764,6863.110217505073,3779.1126145361436,4150.183940419012,10115.141963813388,13495.107513201034,10486.562882662414,22708.330695886263,3540.569798071469
18213.62453416055,32621.55496220682,16040.733049832921,6562.526968871308,3573.955255189076,3937.9260264132395,10023.180687610642,13320.279303592806,10045.382217190047,22474.693238952117,3409.033442239362
16753.165414668103,30510.961080796496,14932.317807454547,6124.617577684248,3301.9971385709423,3649.0827514007487,9480.457709188779,12570.684428477802,9401.49074919553,21239.556615126145,3302.3129966261463
15129.2768809823,28541.098815375623,13604.952333417867,5639.2437943895675,2993.5781162965536,3341.348198157551,8985.106177303756,11788.664545110929,8629.082523008718,19897.615761020097,3060.0608364920727
13673.817243218986,26150.06360374044,12444.308862234799,5136.531894566597,2738.0047835021237,3051.6110360491903,8382.710324924492,10818.888528291218,7782.931867709194,18212.037429925538,2892.5670106560065
12710.847254315182,23214.1264646088,11669.475997943982,4763.815737094445,2577.9211718117126,2881.4316129256013,7682.585895738206,9743.342537054295,7338.216506403105,16406.688343761634,2798.937945745956
12089.286146165583,20696.67182003378,11227.355047531686,4558.582120774199,2475.852343101256,2788.1362972035313,7058.79867174376,8773.426836632083,7090.317767220818,14780.15721324327,2773.6741277365986
11722.533975398514,18921.10566205177,10809.181548377801,4393.703166235543,2382.686401776089,2744.088408495431,6628.423476567825,8307.551444656487,6871.340203430209,13876.467787373895,2720.566744371618
11828.69350599803,17635.568794100298,10706.152495432108,4349.433567383793,2390.1541498952342,2766.0491982050635,6307.275252834529,8036.93585738698,6799.987382422944,13346.850940866567,2696.3640014510293
12671.82797363596,16802.789339085106,11128.750965142768,4483.0226143253985,2482.8437601622877,2905.130737634861,6165.920646294831,7894.152987111257,7005.722733250061,13053.649725261015,2714.568032073368
14465.20888501807,16528.648669163245,12586.867211770965,4963.263382672407,2842.141713499973,3229.6876713199995,6241.8606245812125,7925.637010671724,7763.516313237157,13184.805336871115,2821.0819209122938
16228.257991328222,17491.239018452852,14451.355271515074,5712.857597816683,3287.7171903042226,3564.9403949882803,6479.073472541034,8732.497429866351,9023.806620409603,14356.339927330915,3096.0356663338694
17541.268055117867,20126.187338145035,16249.709754609874,6340.492801376895,3623.248067057224,3944.383391983084,7230.420802187864,10130.686461983943,10016.447986302415,16803.604464611293,3357.9557179728204
17489.408138607927,24028.212458656453,16421.03313671997,6483.444969209734,3647.0627285647383,3955.7407484576256,7948.000712911254,11476.61290989432,10079.273027208133,19014.693004283203,3368.5022825110777
16697.02422855248,27461.067903733292,15863.427896104971,6337.984989941556,3542.0444943009575,3858.7828781446847,8659.03216438936,12202.9061672572,9791.554548642127,20282.002552149665,3318.3736140194833
16061.901086297512,28188.942559200877,15083.580869792133,6091.0347481084455,3418.528788318592,3759.4934265783522,8864.16884441489,12231.691997626032,9493.471876512509,20252.430587353814,3233.1693316140913
15795.8922911759,27283.82087929703,14759.27728771646,5929.625919954601,3332.915386262476,3669.2659024131826,8640.924187672757,11785.075800840938,9313.169939826674,19471.31051097205,3187.1718098866304
15638.98613595228,26255.482202910705,14390.602401222146,5805.651293538035,3307.98118402947,3605.2068280053295,8360.464449644673,11365.57622496937,9117.305203257034,18680.197997096453,3090.0195100737956
15444.213817455955,26053.32223766872,14308.921329749637,5723.821600790637,3277.9348005935994,3523.107562692804,8252.884345519446,11167.599288273686,9017.734602359751,18293.166515658948,3078.0195865005862
15994.134391933321,25868.615188706583,14854.580521669837,5756.6590243447245,3327.518827508171,3592.4262951732194,8197.07068044215,11088.469024690376,9143.064681799957,18108.63307101921,3225.38461296663
16955.562371572763,25503.72106402314,15846.944758055433,5959.4173153432685,3491.754425949973,3759.073219688457,8111.3906962169785,10992.402898910383,9480.232202237066,17947.864742283167,3389.66679371055
18596.516537112304,26504.53203522961,17323.977082730904,6435.565655042255,3752.3184646787327,4046.4470289071805,8370.976430479654,11292.01712850743,10109.97151563018,18574.9768806997,3508.059294038512
20100.85108366254,28274.26012457265,18481.78386361809,6927.559946924309,4020.107575047386,4316.371213788915,8981.000814114597,11920.717163336907,10678.38024860193,19825.385001322473,3726.9522247411237
20032.216591841338,31378.8909356654,18358.61170286452,7056.318076678597,3979.2465391164983,4323.658076181029,9784.030995480929,12896.493630998788,10667.453722514625,21525.81707005104,3644.1758591192975
19081.811938000697,33928.703791099106,17536.484035208105,6883.850063348145,3791.98131738612,4120.2163370012695,10254.368490911915,13447.796018929197,10318.297693286988,22502.0121121276,3585.2057492418307
18244.630926277532,33668.011787496696,16574.443288656134,6569.365229176835,3580.9359683372663,3929.932303252726,10219.370861434863,13284.32840846942,9921.833632624752,22249.930524971718,3400.0390833631636
16761.26568545305,31513.33097595554,15455.645476557465,6154.475980222333,3303.177654734155,3631.293053651055,9711.068059193563,12639.028783655696,9308.753747574488,21088.970366016878,3281.5510661757985
15087.365475230828,29454.33678642157,14033.24927724111,5660.701787572223,3012.5398948027514,3322.356211919418,9219.704482856398,11805.297124429622,8529.38858387065,19725.156824590576,3089.836364495786
13776.92443209774,26818.42415024439,12683.914520213344,5163.881482991707,2761.2727892635253,3060.7267741496694,8664.552393818749,10873.73294453935,7830.6655270985175,18161.54076838183,2945.609820563193
12826.925890715687,23904.3994757709,11854.267385401481,4796.197455039607,2597.8886453077935,2909.4273621433626,7888.266204969284,9861.45292153416,7336.620262073687,16383.180775449368,2810.933799767036
12268.173765783871,21068.848290748538,11367.236399264855,4588.965562370364,2501.1067787370603,2823.194313799338,7283.975013232666,8900.269402355172,7043.555977798114,14823.21757862885,2793.798509113406
11944.905834270252,19206.862026863455,11036.601113591745,4451.50443880298,2413.6496278285654,2764.0877619215553,6836.198572978399,8436.584294473332,6893.237709876391,13997.953483583895,2770.5562363573886
12133.147315244782,17836.590476104077,10842.239932487266,4396.286266662271,2411.1342848068557,2780.048948468443,6611.262172335807,8186.319517180382,6882.171348843375,13469.970090716874,2723.566102707612
12982.866565745393,16897.95842506247,11320.57407847977,4547.832900330958,2499.296647683382,2881.131840771486,6460.536816166098,8009.289870253315,7106.2780834834375,13154.823134819746,2758.5587225854933
14932.632957883676,16760.903243029643,12714.783389263863,5030.5081863738515,2861.801272662092,3199.6943025216724,6477.078583186057,8078.442078288639,7915.935582168737,13289.109078375113,2874.061223210286
16823.630778471572,17659.904088081297,14551.492519534655,5800.039973455533,3324.6482914856615,3610.1063168522996,6761.777146951191,8844.184656180765,9091.055841215823,14536.944453485035,3106.028783364743
18254.98788210549,20270.86598011022,16447.05726672099,6427.641135783213,3635.7872710155475,3994.579778087967,7560.341423022366,10286.82875979123,10141.614263431824,16991.15623778265,3441.4409482868905
17914.747954685543,24139.327320642795,16749.893713812886,6591.05235840985,3662.017104235837,3990.077529627092,8233.934709180245,11636.821839993074,10102.361950018134,19427.59440343877,3421.025969113539
17122.437902218917,27480.986957292236,16402.974418776914,6405.234491147284,3552.4523684887768,3899.0156798198195,8980.811008570654,12388.395355728477,9791.682737513433,20692.527735476186,3308.3747664240964
16413.09600958098,28190.42206315462,15746.610482961905,6180.6690875123795,3409.7193761017315,3791.5833060872196,9126.730396736388,12446.516924146319,9535.831856515102,20531.83924811422,3266.1675973145598
16004.131553171748,27179.150025587685,15423.78499876713,6015.737593437352,3340.8945594734882,3694.2640738297473,8875.565814071395,12024.686341736618,9391.919545683395,19571.51400238208,3212.1704540712217
15748.045552937168,26003.97546800573,15221.501956527844,5879.875460187241,3273.249718064366,3641.2047537837348,8564.207897610668,11572.540328345762,9289.186893961756,18689.462689035903,3167.042925247885
15429.240992915576,25701.43477225412,15012.286127268435,5784.167444422583,3231.353072084097,3577.152844265972,8422.74550131191,11439.752439209447,9164.185088086502,18338.07816594834,3143.07707944305
15889.561789937377,25777.013206187523,15446.364518507544,5836.863504646017,3314.8245640515565,3638.5102098659404,8315.136521103977,11292.713410916696,9234.635105937248,18121.349063071062,3251.300719012664
16615.1150079945,25728.497948065407,16221.4237289758,6056.520225932586,3469.7029452336783,3806.806161238941,8331.07551410404,11182.282196920216,9621.305861708017,17972.04787307976,3390.6662808252736
18254.949467743514,26852.804549998342,17621.82361123393,6541.059137739268,3747.2081849903666,4092.687093318596,8651.933031286853,11521.020041932223,10256.36649647787,18617.42241494849,3558.5106086201345
20054.397290092216,28851.984037171558,18759.339619489558,7028.87387291822,4017.188240504178,4372.891062750338,9277.238223049522,12204.047745665635,10955.908603490625,19987.338384561037,3724.3448639103935
20075.280522455992,31671.681246958113,18661.643492450297,7177.4668374647035,3987.8268234534903,4353.322383092488,10018.193434552995,13146.306434540815,10915.49769454567,21752.61225103068,3714.3544042875305
19112.816796708572,34040.101447098976,17723.894518691734,6976.131952299467,3807.030446193692,4171.161557428177,10459.928570425509,13658.508964407167,10518.027178843196,22722.183483914298,3572.5455708437275
18180.633270570994,33762.018173580786,16852.54804276544,6685.513581127942,3614.427285184237,3962.906583331989,10396.243231942619,13453.243117050735,10002.988488673984,22441.737998655688,3456.2048239650053
16798.09009643506,31625.75074725504,15720.24427068155,6229.128740013246,3354.058379983142,3700.2482264041596,9896.755084140455,12779.947696072539,9400.204666263546,21287.723562118965,3340.285330086389
15125.955884672716,29550.377657509493,14203.689519351108,5710.9273157295975,3045.215090973237,3369.5018182925755,9393.026358003795,12000.483623629412,8536.346657416923,19992.689147342644,3104.0301562325603
13710.152542950038,26990.691813552326,12784.052821287585,5230.1369090985845,2802.2381067457004,3102.600721995025,8716.869341039728,10991.404934026219,7815.748355977629,18257.348131895687,2960.8446171443466
12843.838802146569,24051.84971847936,12018.214223307612,4855.988220808087,2611.252716120406,2937.3335243504825,7976.486841871379,9948.835975760956,7360.896884185324,16498.861902587803,2822.929690278924
12400.214908335332,21320.458791302586,11563.727092800777,4623.353640866827,2503.403377725213,2859.1328684611944,7288.445054929126,9001.331558147578,7109.222486782096,14860.132649373209,2806.6659651926407
12024.114944203127,19472.85171604934,11192.475563104521,4464.988829526089,2419.64262626544,2826.134440391471,6863.644308927385,8497.819308014137,6885.27489439045,14011.29723393152,2792.827690293339
12096.073055175542,18153.584486981534,11066.877402927428,4391.84905949381,2426.2097892135116,2810.0484217642093,6600.734878410734,8203.628937771602,6866.242949918895,13473.31228735095,2721.5665303220558
12983.672937041381,17215.601700901825,11483.853779830211,4548.830028400798,2546.048085936096,2960.081892511246,6411.667499296996,8043.908903947987,7072.426166639418,13229.353408212643,2709.459700755506
14766.950630769164,16903.60981624259,13001.86087337126,5006.033293668189,2851.5180261206447,3304.6716345575633,6464.701154086399,8028.6698715154025,7830.767153395188,13276.405222067919,2844.2348779948875
16602.871952398084,17828.930697774627,14725.841930572367,5744.224758219721,3314.325579441122,3634.9013550414115,6751.609432161007,8833.918084670388,9058.63158310335,14574.897283450267,3102.2453296966432
18068.417951118932,20697.692767848475,16616.244164783668,6406.232886128599,3666.1285731220482,4024.3123249121168,7469.601687206905,10244.510732778082,10032.35946466509,16982.868500324214,3412.1505410665036
18394.784529838744,24475.22575650473,16748.754527563397,6566.633917815096,3695.9152049757254,4050.867397925616,8265.317323218207,11594.264355931738,10056.00229540709,19390.66819308227,3418.65204708838
17743.164218123053,27914.891754261713,16100.570923315909,6356.40865966901,3621.6911323228724,3980.9941186741216,9009.228642617472,12355.91000153143,9671.683747114414,20687.96833028735,3253.300530731691
17229.213595818197,28776.79766780637,15343.621510498459,6119.403231159036,3455.746526308092,3829.4842119772693,9264.688822520748,12332.838443224273,9422.335754226793,20632.986072499272,3248.2299261525227
16807.31746214294,27930.091108975725,14967.486719071694,5942.585618472793,3359.265170796674,3723.3322379811443,9135.588010692181,11891.742793908183,9234.423388228854,19681.037875832266,3220.2319578852735
16770.969012365647,26864.978036462428,14651.127867007834,5793.687157347065,3303.177654734155,3698.2637835877385,8813.290239036816,11363.929991488048,9102.830556535759,18667.50549001431,3178.076222644287
16591.15540444874,26579.04335526806,14430.474349924538,5705.8805853257745,3286.039997491756,3649.2042984828972,8724.660643878018,11117.992652691904,8995.381506537784,18224.663585083796,3123.121503154657
16999.433902453555,26497.600751328635,14819.809158951512,5734.734508203169,3314.8245640515565,3720.3325107519686,8795.89581213172,10935.692423926741,9076.38374677339,17944.353469411595,3220.2319578852735
17665.595846264292,26273.79332749579,15829.033964930311,5913.604752144433,3498.539564083831,3914.7247274111555,8780.946983535596,10834.125686177487,9454.991546556554,17805.75500778137,3379.93535902847
19091.59373705721,27044.57738041917,17410.72113566366,6397.175097742721,3741.780595831019,4164.58158424406,8996.609482813044,11092.848413888947,10075.520141536495,18395.381605572253,3575.879684063258
20348.352894003085,28910.824336196525,18566.931235684147,6920.99716857776,4025.62048851053,4374.58741207808,9524.79629253613,11732.831763344886,10640.63481529334,19531.931784376575,3735.60830740833
20270.957491193418,31961.129369443952,18449.345349657153,7051.923190115136,4031.6012943110118,4325.359253774649,10282.66273502991,12806.686744946574,10665.780129303352,21541.296926474508,3721.859130171285
19254.53488986172,34305.33150785593,17635.752300022374,6876.883394657889,3852.3396539352484,4119.217425529466,10735.894130996921,13486.543369861387,10343.802025342344,22706.728716218007,3558.5561138158
18186.7554866741,34121.16810106164,16545.157700374693,6638.888646061328,3661.142308891976,3887.7446395501224,10627.268070135742,13362.073388790484,9937.735500004821,22538.882099127233,3466.198148529708
16927.188202413225,31991.422463063715,15331.834503014245,6224.712491003686,3407.325712035774,3593.116756680891,10074.936295297195,12772.968896962706,9357.110053935607,21479.101122426593,3343.9688213492304
15406.153061017074,29812.412970936053,13856.037436999253,5721.428285816127,3109.8466409096222,3281.3738335832245,9599.201248909296,11999.049962874766,8552.967147373993,20283.336826385563,3124.2286876980243
14128.57184337966,27362.334534726768,12327.743964634103,5285.970444463401,2838.165954475652,3015.7379473630835,8935.007342891126,11027.881043059702,7818.731761078961,18622.713927856483,2939.193397002023
13360.493066613064,24358.70231032686,11449.893043490936,4925.2314144324955,2661.788092713316,2850.436418883179,8218.54655786504,9962.802381465957,7365.073209365556,16767.48822515559,2827.0795373402066
12491.026278398382,21500.280994109755,10987.734699108401,4703.6118196909465,2560.3221642701474,2750.1995557804194,7406.032281336832,9082.819110363731,7114.611902829832,15198.252194547693,2820.6625617074988
12003.173013353262,19398.527427389316,10623.829935972417,4596.493775504339,2476.851113796672,2716.05011131032,6908.961656092913,8579.665898233674,6901.764706383326,14363.440428369484,2726.3599075154357
11988.481597987628,17993.436483774458,10489.13797868624,4518.363723622376,2460.335273393014,2724.022145659917,6638.520021178127,8295.79836591176,6782.06841163912,13865.265902050865,2657.4689265364373
12856.24649795592,17081.915871006113,10906.213043751924,4650.414513844751,2589.718710036608,2829.085724355193,6452.979402885015,8112.121744776701,7070.43492748809,13594.820889676765,2715.68896958241
14786.894002761359,16840.47647999548,12335.277796264809,5104.732302007034,2911.352510432913,3133.5946210864204,6501.0174832148095,8130.823739393195,7836.739612955905,13704.352629044037,2828.079141098871
16775.74019461951,17845.256065780788,14298.921658686573,5818.4497126980195,3361.9281159476013,3565.134179140583,6841.38432844833,8915.820852466592,9047.68642876612,14976.603789483222,3126.2271870131835
18427.40261239118,20644.806618101095,16083.217083853422,6495.887984861943,3725.1523614838084,3960.368935659283,7484.998228872534,10380.306514079493,10009.112456687135,17534.59742197097,3371.1911912084993
18521.410380289897,24467.688185104063,16272.029935032042,6738.023813611484,3817.8414113976546,4020.061339171757,8256.850872687504,11775.354183801552,10025.168526106001,20085.38042622017,3396.6632101296
17945.400820365412,27949.75290590185,15744.780609397396,6603.031696780175,3719.409616104883,3928.0079484581165,9045.075082381198,12552.223738974788,9696.432205642646,21389.33836952496,3335.3507185689414
17174.922652164685,28809.648088915466,15058.643470721914,6408.868009171412,3577.944223950318,3813.401103045846,9136.63524906423,12657.787896172798,9432.194587482692,21400.995050762976,3222.2318115714825
16618.418372477292,27805.84377977515,14724.864696787885,6245.465301420621,3507.290975515567,3751.259997248168,8994.129587704672,12212.410130228316,9317.067705527232,20561.610130076802,3216.17023912403
16202.923672447805,26503.743496960953,14340.285920535873,6117.503194551878,3467.821241907273,3694.201774678317,8624.494497560896,11759.544399601626,9158.132202290846,19598.149125717566,3149.0431723388206
15847.316995652327,26025.250842820267,13942.783771687748,6034.213257280797,3409.7193761017315,3611.151387388441,8353.50296786425,11573.195605325884,9105.442597534458,19090.353164753327,3097.0782352547762
16339.846312299154,25952.240520291092,14200.256965001356,6080.9920588345585,3500.309198374788,3716.4992629192016,8268.30623824899,11300.698283111284,9231.648960893339,18455.563885944433,3131.2386612370474
17272.805467121318,25686.95962085641,15100.60465605385,6285.6664123186765,3674.5368257829086,3886.7453826271735,8095.946384042602,11308.392414191821,9658.876108350132,18538.583443454594,3273.5477314725294
18887.39636767156,26650.32780385092,16585.65098340323,6714.378962620486,3918.5876237312905,4125.335235882631,8285.856358784165,11627.161249022116,10226.884020360954,19095.533628185767,3433.1301187078557
20291.475977291484,28570.679457873834,17755.508642255332,7123.567943965607,4135.1966438203535,4376.584676882929,8767.429688850842,12246.931630638826,10798.583477084907,20285.11140617265,3591.2255064158617
20223.206583511914,31619.54818635856,17675.705494674006,7183.4369250890595,4097.8517259997725,4268.435912880066,9682.064114491614,13106.422085983339,10797.589977219088,22127.34464068787,3622.703189450827
19316.979278948063,34053.599585796364,16841.49910716904,6948.270104087368,3891.22518311467,4125.2109027775,10206.611657577303,13550.012760526772,10384.224369823298,23011.210139683986,3476.848840295963
18552.14542865493,33769.92604287297,15987.414265132746,6624.801109197714,3698.4685557143284,3917.9417691663866,10156.684204185765,13349.725799832613,9916.864373988625,22688.398751792512,3383.254810741958
17422.615548841415,31773.92110410856,14942.819277171027,6233.0070365779975,3474.8016488125922,3582.518369991675,9673.674199620868,12716.243989998986,9305.214433293637,21463.853245788847,3292.674149988462
15923.50853726824,29917.044467699907,13570.134488692764,5779.632358829155,3170.7026593064006,3281.1668206861023,9322.233181154445,12108.492663575109,8631.657390383813,20534.651072048964,3109.399274324498
14430.932867675383,27769.695459982733,12522.38078147717,5327.741770773025,2911.0255813204267,3023.0049499500815,8771.090980034327,11214.073513622663,7977.914797595825,19018.201762455585,2947.128850924737
13232.822189932816,24821.88211548991,11558.525907217909,4906.820520475643,2716.0213540196223,2737.1351997535226,8053.107476966149,10258.314715333127,7443.628398218613,17324.178288188254,2826.048145463622
12588.039107718147,22089.662106380736,11048.54957381616,4677.234649536475,2582.002704520237,2644.4483356186165,7349.326737028395,9199.127039368288,7114.701444343854,15582.362429168554,2781.0
12142.720514084325,19970.268558430802,10771.235100678481,4501.529639457918,2506.8147210608045,2635.5538402492175,6923.113662825741,8581.640031224433,6932.28796985022,14531.95459077273,2738.005463816823
11994.006052774417,18465.773497226608,10493.14115373682,4383.752539594101,2432.363815661994,2608.6750469484973,6573.656087907316,8207.653017540817,6756.920957970373,13859.935877889637,2668.0223657954893
12206.145296919909,17537.251617628986,10448.206545086585,4405.10417850659,2452.0965378110172,2641.7914867373215,6354.166821024414,7993.132186067793,6755.422472041724,13535.85639284512,2636.0056746525834
12927.65733038177,16847.278255202782,10912.654944700218,4547.9867902061505,2540.2573952740167,2769.4285680535236,6260.4359316029,7886.562139287615,6998.036889232897,13346.462567141205,2646.0056532657068
13888.560742007325,16788.939335352035,11785.333550298563,4841.246853715307,2754.3551161780397,2984.0200088859115,6318.9402120764325,8089.071381172037,7552.466277691697,13626.70986047953,2788.048806896847
15014.434817854999,17528.324812649924,12845.800698037785,5211.188105783446,3027.81584586006,3195.1160389789247,6496.943088572098,8579.591842781398,8237.974098146418,14466.372664824003,2894.0051700362865
15903.996433617964,18721.30371892091,13516.776525512718,5631.322668512032,3165.5899094407905,3438.004372327734,6753.629327223028,9326.284082800872,8764.96253238114,15807.810552392339,3071.0048727662493
16103.391140840253,20821.24787502418,13912.010088229874,5795.9396567183785,3314.666748510391,3537.0,7289.111863447941,10312.76811930457,8994.17655711425,17588.37252669894,2995.1019283900096
16241.128040654328,22207.28081347519,14022.018507229863,5897.875467480464,3378.0036115544244,3609.037635886994,7693.720777135826,10873.814362520307,9073.344235048326,18559.28365679508,3134.467674685147
16282.699925215407,22938.584979929197,14401.37457065472,5926.023431795658,3441.0488572300706,3693.1479854390777,7882.731792631846,10981.55143186704,9196.861075986331,18791.33728292771,3176.4616297394664
16194.895595380167,23277.538643066822,14536.714017003536,5954.787938829302,3479.2254845784773,3759.4934265783522,7799.841192381794,10944.32014665366,9174.96431076439,18728.29756035118,3148.667483551211
16116.681339430006,23977.566267062033,14640.25677582836,5975.593833882189,3434.0668800631,3704.20122227771,7877.812231855742,11034.605791997707,9136.688838274698,18930.232917352936,3163.5595469173695
16163.033570055919,24650.302508702232,14778.149571774116,5992.884811630613,3475.9599375582593,3635.0165730556414,7851.852329666586,10975.355180343004,9202.562453192075,18793.504954367192,3155.22923295557
16673.283721004787,24992.071760657727,15361.125382606544,6113.306175477124,3597.217857057896,3769.1898244535255,7818.480290245397,10936.115611467572,9410.97444143225,18655.496867513197,3283.0737628475713
17621.3261964934,25378.89148848537,16824.68331728606,6388.962285395361,3823.9812064470307,3937.7490329608427,7936.654270752773,10810.050042075449,9822.193924243715,18417.991001685194,3391.4916775782267
18846.169489270873,26139.920270517065,17242.690289835,6647.393926559635,3891.7889881042065,4125.459606943136,8269.237309303173,11301.001884212019,10121.9869298735,19362.637660291817,3526.2885551349086
19014.08268329902,28720.458427495436,17446.281243642614,6736.169968506416,3872.2806326592304,4156.671811727211,9106.54361392818,12155.35379251104,10295.25093765419,20984.611060984356,3523.127844476242
18685.518534491344,29920.196369008554,16791.640619185764,6617.5184535550825,3737.524210408649,4014.3210446047938,9384.50679742568,12461.666969804319,9925.335766978693,21387.469123914503,3407.6507918514235
18073.846780022577,30047.553403756294,16028.65905185766,6384.836019445335,3588.494383056834,3848.5595186576243,9392.47065824902,12425.329693563783,9577.315729041033,21440.760982892443,3354.554475805471
17181.836557081297,29167.817078388918,15045.214278598896,6074.0009551376925,3401.339850970181,3595.4259320299434,9127.79996516879,12010.30215990521,9115.92447115517,20724.355434928857,3228.475482353554
15856.644398017626,27849.359566204585,14056.834626755339,5689.384546712972,3165.714232867192,3343.163685545448,8857.197439351077,11447.027251851257,8533.757635571994,19729.212781418995,3100.315649338099
14738.4574316021,26328.600350729517,12898.48753727177,5323.241062614055,2918.366835524482,3085.0048507056526,8486.516797630555,10723.953573440765,7958.011650130961,18562.85881615907,2936.0825686859653
13946.075821273045,24154.43864699706,12010.233286466131,4974.069046714627,2740.308137255729,2901.1276520434435,8128.329035515554,10043.218927664675,7452.5879342925045,17282.457900483012,2845.0211989082763
13362.756724646159,21843.02319577651,11426.239763862426,4729.07347774936,2609.9683313602704,2779.3383040200547,7460.368689652043,9219.343046896009,7084.828931138132,15916.595976250954,2828.0053178912317
13004.228170449433,19840.09196598007,11040.09950827245,4546.403876448555,2531.067402254102,2715.4368896280644,7042.645600085232,8605.59895734353,6878.502166636948,14876.573722140107,2750.0054400381273
12822.053764295013,18420.888230825924,10631.55287170697,4448.994639485621,2457.0920256605655,2682.6569657898945,6772.385346246011,8228.621043552466,6738.989557346992,14207.768534641391,2714.0219887521025
13031.047327999888,17568.796884266394,10507.427435115847,4463.957837417338,2462.0875328895568,2676.781464591717,6562.065509437904,8056.3424488110195,6706.605907156773,13936.025719316662,2686.0055998002886
13798.403739950925,16827.959646039588,10844.767608410026,4585.28381931061,2545.5036912867586,2775.5266186818767,6434.811788726506,7896.5505878793965,6928.285523460822,13699.09264882314,2677.022536612129
14954.55441355883,16644.515200521324,11762.124964988781,4894.514389836572,2738.8196243590055,2975.0798845007625,6473.629922021985,8052.11080318747,7459.822320753029,13942.81349175087,2788.048806896847
15957.524263459842,17307.366576978377,12871.54768664067,5222.540600109241,3020.8279005923832,3188.116290871567,6708.605690444891,8456.203986925297,8099.019046992259,14740.545896423724,2876.020756449828
16410.742875030253,18402.508730953417,13459.330925850432,5607.782563972104,3152.2736342164085,3393.0,6930.250518297308,9211.43484918341,8607.05213352843,16076.98455131842,3038.0
16409.83284678499,20649.475052237787,13978.060512865566,5748.837157421592,3273.103344277837,3481.0043182033473,7416.609450791395,10269.954009743755,8880.086764559675,17932.52754156718,3008.816852369846
16176.082368237827,21977.427819080054,14289.565124739831,5746.249264565064,3342.327460595227,3534.068480052478,7746.410127428106,10879.897008859038,8997.126301333792,18993.74475208127,3055.8046660316904
16278.189100924477,22667.763266853828,14841.737799429206,5830.702914006491,3423.684776063527,3607.151557342663,7917.065873722771,11135.959406521408,9184.415346710617,19353.255117864996,3186.2958687418795
16284.066762150396,23124.23397090252,15014.955859612455,5882.866505497676,3451.866355315492,3682.5039763667273,7983.629641234746,11308.334592943886,9236.238801215017,19584.64251645449,3143.4843875438814
16086.795590917143,24021.477554578407,15106.064208960774,5866.367249260241,3454.299329448935,3647.2044121181725,7987.916701364419,11645.886922737254,9211.380383495487,20157.50095325237,3233.547726899104
15959.320243176053,24851.18937666865,15504.942827628678,5868.284492496166,3513.6940609181975,3609.0166929385778,8016.746326722005,11783.833513690684,9339.970402988043,20353.962971985067,3329.1600944759994
16533.06947519742,25402.897992604783,16098.802667725475,6031.111581784205,3619.6970530267913,3749.057641122884,7987.349242056431,11884.961311305435,9541.319019662296,20417.8618956731,3444.07028497002
17848.52247803943,25732.983753029846,17547.23364786822,6317.643102174146,3834.519315811987,3935.749958331229,8121.943789368079,11804.554601928674,9927.57837750821,20364.145501803454,3552.587162805133
19151.718754538502,26506.20810147829,17992.54259193182,6651.449806514575,3924.27941910013,4186.406360064689,8498.298824656255,12235.894869263455,10207.127051817079,21132.515739773706,3661.9234680382024
19483.839463064516,29150.339901299223,18069.626210424594,6747.121794431855,3901.7613432829926,4229.604785036541,9353.539951425259,12916.627271909309,10325.707444605812,22446.820115691648,3567.976265806271
19117.21452940945,30188.08679067577,17341.42369685093,6657.882962733933,3789.218341795745,4085.0334121759242,9505.515326419445,12983.083218645941,10133.41881863025,22512.20263862908,3532.6271718083403
18361.227481585818,30428.89999811852,16517.767609097376,6404.755925131337,3626.2158003765053,3919.721071640422,9577.422533330198,12958.558672236877,9844.102956446903,22524.348504627756,3417.4486062039086
17232.89057353309,29374.989283305116,15469.619822231027,6081.5786761515565,3378.3945595271075,3718.856531801869,9309.101676909588,12496.86121706022,9310.556509910475,21641.613983343053,3306.3100528549767
15712.847919751714,27751.451850898313,14226.415579814493,5644.133891272007,3112.448133621214,3387.4935111461114,8922.063242521763,11648.310051384224,8688.817462055722,20177.614913974652,3139.8057467136664
14318.882198718255,25902.96262429442,13065.009192533344,5169.856831149122,2908.7557695572755,3222.810756755652,8471.146551291213,10768.660267397085,8081.137945776706,18607.23351716213,2983.1751145338976
13659.04481833955,23635.168434476993,12146.27411416821,4871.417875261834,2668.7774093491103,3068.5008861490546,7919.141922499672,9948.89401471427,7637.048812247558,17072.732626594938,2861.066226361602
13251.44093264574,20717.606698803513,11779.408171623474,4686.616710651246,2598.571454347508,2990.2501123301813,7224.18807421945,9101.492796530554,7328.881294609198,15377.516119911996,2849.7823138234626
13068.520370237784,19066.736707583474,11497.94345833075,4541.744751671318,2499.5526873950976,2947.0822573917017,6837.1952895627255,8617.252935583403,7131.384756759081,14517.81755989909,2840.657759493828
13261.389888914693,17985.19335194945,11342.046523856849,4531.324472825956,2507.544029054655,2979.081365009857,6672.523496344664,8355.697957925295,7119.765238296831,14026.327173983122,2753.4521732229637
14290.574286134244,17097.31981942683,11819.630903429672,4669.3586929198,2609.9683313602704,3117.175723528619,6484.473600156159,8238.605879429251,7415.2027039620425,13769.181547321106,2835.7863007445862
16354.489999399304,16907.517767413254,13357.59382458033,5136.637753584254,2927.7094986397756,3472.7507317690756,6471.282142499935,8324.872075277166,8174.43058768665,13905.662310863647,2949.6060734220764
18291.88311363687,17858.166670139115,15240.923592760137,5843.4386634488,3402.206269398078,3829.9799450456067,6879.6941730293875,9096.158061252905,9362.043050163622,15166.659527365673,3176.409726296679
19686.952028682146,20577.08948209382,17096.95039483046,6503.857844039028,3747.3321618337704,4247.588632288052,7616.184667390283,10543.069199065101,10515.403355994169,17651.436990794704,3435.1281875206123
19271.98012805265,24315.633892171354,17195.765043070227,6714.575753872953,3800.050862858959,4218.1385556691985,8353.50296786425,11895.109070224713,10528.724235933338,19970.601482705373,3462.630164581327
18198.96474153505,27562.231056041852,16591.784648341334,6596.533910014125,3699.4657323305337,4124.217720775804,9027.691179423273,12595.843759274963,10210.549263757714,21252.54973604501,3372.551443480615
17168.84453243653,28238.848852279778,15761.645574091892,6383.49354481761,3566.9746254647916,3937.766748590355,9196.441621838178,12675.738155040399,9935.811476147406,21227.473871274626,3341.3709901960488
16425.564801354503,27086.159058873243,15304.738137037026,6228.976753201473,3472.2460426788953,3815.4008886501474,8925.373979690323,12284.254216647327,9718.668628816711,20361.809896456667,3307.295534783221
16375.256021774963,25762.35956815875,15031.721422080722,6091.137275478471,3422.097964828445,3744.2604910888363,8513.402054795486,11717.620213843684,9519.35949541826,19370.276756949137,3221.0422006588883
15650.904339226723,25334.56206265736,14909.683490051097,6029.875478073852,3367.243556608083,3654.2670117694856,8279.26567020159,11539.94815898136,9407.84859788743,18931.997105309863,3258.1680144804827
15899.558978452871,25265.447891424174,15341.348651450122,6062.0547626161615,3450.311254458651,3716.5953643079624,8151.745324201341,11435.446458022032,9416.047828514533,18729.46077579334,3363.4559699870333
16605.296205840878,25056.996947173782,16227.555971900376,6285.67669402526,3639.0872318647234,3879.972151894997,8024.217212774431,11292.783099950393,9755.798228826237,18460.12143917848,3471.6257598334864
18229.83034946329,26022.983303253994,17736.614905553222,6722.781291613394,3915.722901783875,4161.894890002558,8225.11437280451,11633.550676671319,10400.110145198583,19081.846718846493,3649.4177682912486
20188.140681165252,27858.68193853101,19087.99563541503,7186.421990212052,4192.012623106442,4476.047281098787,8723.215274925913,12232.822620325056,11060.92936408489,20246.664094107167,3864.407094822604
20411.509997734272,31017.68207572373,19065.503998366086,7272.577324465299,4171.028446528397,4482.736192506565,9600.030466755083,13289.33224220959,11057.273553218803,22186.160891743428,3809.028930081566
35067.16713167282,41451.723321229416,19337.008041006775,8298.644881856406,3931.831608460198,4983.500157026947,15540.678122508578,13506.523814113392,12520.342096119504,22280.245965011236,3678.104735168036
32294.01734609274,40958.130484624286,18068.288179704497,7817.510275128676,3560.175755831661,4531.191298458635,15158.157667335858,13530.41221349087,11485.191519317455,22231.704522413685,3501.671956510409
29147.221806964273,39102.47132838736,16576.464598002753,7172.282624747723,3250.2047435976924,4156.073947388407,14311.334788434602,12813.867569221467,10431.993551330996,21407.851874507185,3311.9990420820463
26178.902477501793,35679.20583699789,14878.395381976761,6479.703043489141,2953.1876166891575,3810.8656563125187,13163.876839061315,11819.593139408416,9506.50028075603,19874.403327593143,3102.769139351102
23602.04576318602,32161.237623035293,13132.747240701077,5765.642901096096,2648.1748631440396,3479.6720537163146,11760.464184663691,10793.6930991989,8513.07909151732,18181.62848557152,2926.145065008803
21832.378679494686,28235.771363715645,11932.441210686737,5273.123322402626,2435.471257089815,3273.0751600580084,10503.148449663675,9805.750907043932,7904.944441925766,16263.69097246917,2787.766970330554
20233.509852477076,24556.31410829968,11019.628569894934,4896.8680384596155,2304.0485010036036,3143.167460623046,9359.283188231995,8882.029072749623,7473.206326272894,14601.808159395212,2726.028721809889
18895.167322775713,21751.75535123561,10341.146908606124,4666.704480980108,2189.683039071196,3039.6176384724595,8330.088775807784,8278.3143064235,7119.68672968802,13492.000415743572,2569.230431813166
18644.149376477482,19912.177892469314,10073.253645061402,4529.686420900038,2204.048316865205,3054.45723593621,7686.64819913732,7894.8997390419845,7086.553986920521,12765.897379040982,2583.217644176695
19003.423239969183,18563.116727591056,10459.32954239347,4602.9147105530665,2361.46736466748,3193.5442741971383,7252.130273620524,7738.275090210162,7333.72331829639,12344.372081603804,2701.3753592571525
19949.19051013408,18214.96329023616,11534.682851655938,4916.249798520109,2599.9470641272646,3438.496366321922,7094.6803451230835,7980.417501169444,7953.105883078772,12579.061912777797,2755.8011311153136
22234.68869376461,19038.596857405588,13054.968707556252,5421.872862464104,2904.7398941525075,3800.974243634651,7154.940214601125,8530.879637129075,8672.444301899024,13303.687751514806,2865.944905057438
25036.44639783216,21220.471823087068,14913.756535260958,6073.071847128502,3261.4026205495948,4242.531776271998,7551.537497144798,9378.043658512848,9943.780435396673,14894.89145992946,3156.7002705250125
27099.241101892505,25579.753634133245,15651.344809156783,6461.191446414416,3359.5797976409867,4442.835983210473,8475.965635857285,10974.914252635552,10465.84192914788,17397.649209028394,3194.938553044429
28674.297317203644,29941.486515088127,15828.394453161913,6559.3069209606465,3342.5989205175924,4490.297279771706,9548.648346674185,12088.159092733067,10653.930067442747,19390.029243045938,3224.899377299069
30047.130982084618,31455.403692296914,15921.365363717223,6593.618994111951,3319.6789290087177,4537.180360380449,10349.859573618927,12402.080845304954,10707.187383892902,19719.72898136054,3221.5041585663807
31376.548920921014,31403.924038917557,16520.0058876368,6746.513771386339,3467.6445062140733,4658.28565714819,10739.043144923276,12197.008967799133,11177.888033369056,19322.06892803211,3245.872414749955
33080.10616091519,31708.4028690941,17128.669347361807,6955.766798414421,3583.20126875891,4791.5860010018,11281.019230944079,12142.552587645067,11688.420782382875,18994.456084838628,3315.759356635952
34093.334107655326,32947.41322816314,17597.26881159248,7178.965479738011,3684.3234307440707,4881.351457209916,12052.364069113723,12244.723392828315,11864.00181128706,19084.60706995662,3322.3573367523263
35409.77185237631,34327.34655001568,18503.60472892133,7489.422737053864,3880.6626001544437,5051.008391284754,12806.009925914897,12389.121434835457,12336.603787341997,19335.339826764543,3454.776746995546
36891.87280972895,35564.75953166317,19385.56178510667,7851.8004370451745,4032.747558447668,5186.839262342948,13657.171715340894,12347.241179950452,12700.664830998841,19359.895486721525,3557.2498764870284
38312.345330065196,37962.03015261204,20144.126198098013,8217.621220740348,4149.90674358344,5281.897706782406,14302.250229849467,12274.443753213967,13117.822240643794,19343.7900782065,3666.1300610875296
38776.54200265015,39456.55304991184,20860.748959339704,8479.757945956724,4294.140638665717,5377.586127965378,15247.930054833903,12528.499117916223,13442.530708902064,19971.817166394485,3847.223838512851
38051.48643509217,41854.38582461748,20656.651196952287,8535.071301590207,4204.406358107238,5317.781341996586,15842.144045278086,12884.45669057412,13292.104261493587,20791.596811009007,3829.3265065574465
35672.004376458,43581.19888955936,19806.648989858488,8291.314986284418,3980.0009699987327,4979.021986990797,16111.692217594167,13235.245611711927,12735.42164750731,21520.046952765806,3691.4518731150847
32648.353087722568,43070.32306851286,18413.41924970799,7811.1562428898715,3650.717370225295,4521.715456390998,15829.58421754209,13240.221486345372,11673.499366895216,21484.628164437785,3505.6649625299847
29306.764289300172,41258.56484726023,16914.967524548632,7139.850140882265,3305.3673628798083,4133.16213245913,15071.533114219168,12584.359239797639,10667.674627869264,20702.934259544083,3334.961902556107
26558.66691077121,37843.95384704886,15165.630521050445,6460.802812743704,2969.4890029393514,3787.4662929459173,13730.615259916132,11585.986867605592,9798.248008811383,19280.823724269863,3103.370258922073
23459.30729838445,34137.927864229685,13469.991170025896,5766.47150660748,2669.608392978249,3460.7309167758294,12640.183767771026,10617.479520638184,8723.413226012246,17683.01160966925,2951.390792722014
21749.233966792526,29918.73669973969,12169.584286523843,5237.287773134483,2502.720191327985,3230.7670859280884,11335.498250437633,9608.444001085118,8047.062560651161,15967.368429622595,2868.1073286081073
20382.710665785336,25919.64932172273,11310.034295629535,4866.945146888333,2346.36695308692,3107.2586563300824,9834.599477682328,8686.256844301235,7608.083525082545,14324.376799182643,2745.5549113560305
19234.80804499387,23329.40182758247,10572.833598614156,4638.783371930504,2283.0350581633256,3012.9071326082667,8943.62292469478,8131.85758409053,7271.72347815564,13311.091804595928,2612.191616452798
18356.660949822028,21336.924119306197,10283.046216669462,4505.773873102913,2276.2742809902793,3028.5081121757694,8104.552100068,7823.217173909015,7237.912796958762,12721.03819870124,2599.970722120019
18452.463521411122,19843.424049322348,10662.686647931343,4588.475771404087,2433.29030069589,3167.5936314953965,7664.130683161114,7697.539019277745,7490.002209512799,12342.377687685992,2709.361399665473
19369.970493164845,19409.65279577743,11816.142176710058,4906.3018689630235,2659.3506333869545,3369.272344000925,7530.575404296974,7916.5717642303725,8038.171953731881,12466.9374647268,2783.771194795558
21444.256114168504,19998.905533971025,13295.952689116726,5454.75866998665,2976.949222597928,3745.5042426635464,7460.804052633461,8554.646385476493,8910.594691145112,13346.983918456861,2911.642111691385
24002.488782308446,22115.932769363237,15124.0784984683,6068.553704357173,3307.7367605827826,4187.684340964986,7908.185897461258,9420.764966167235,10040.120958221247,14954.424915934722,3171.9691249746043
25705.73924813918,26612.375596835067,15953.754767392526,6379.457570874274,3403.3662670744798,4368.6136892467475,8850.042682197198,10925.057750340638,10492.653686712356,17433.648805120352,3238.7939554408376
26947.735410184545,31064.274399868922,16043.419821570475,6406.802038046516,3382.9432706252546,4435.437556532081,10034.120144607654,12065.546552799291,10630.396498505837,19303.873396509007,3318.1421575908885
27952.685678970658,32570.536075177126,16139.786556994108,6359.936933554497,3375.9686237996193,4487.899514469244,10918.087173502594,12269.570240855388,10717.121159453991,19581.996498965917,3242.472822232337
29066.76111244769,32685.14851561428,16613.72147550151,6397.7838941657155,3389.957366309332,4626.363633406446,11751.931809783722,12110.840514493377,11025.241180917941,19188.686748201937,3317.14451314157
30597.156210668112,32873.5845194268,17175.27651266508,6522.2945710065205,3467.1319961830964,4763.831510491038,12250.316593447034,11917.366465286943,11345.61266535221,18739.389947030253,3320.536210592152
31871.986586017018,34076.65283599355,17425.738322665813,6638.963223638538,3528.4034856164308,4845.034602161463,12863.110817712513,12035.998830302116,11547.302820607627,18879.866325719395,3320.6667020569816
33528.17392749947,35579.12852296956,18440.33854582512,6825.247452721741,3620.061727235693,5031.63095485928,13432.94158457214,12147.065590363252,11931.8140563767,19025.51894368302,3417.482229878698
35040.448135362145,36811.561866951626,19421.34360738764,7121.865454766583,3750.6847774627254,5151.95120053253,13711.103236946288,12162.614539823328,12352.17517701413,19004.06189732458,3545.595959747178
36105.14628849306,38972.38460811185,20507.85921783314,7456.003972090561,3872.7996427278936,5268.457718242104,14185.658674151502,12141.4319533395,12758.633193838426,19082.69005959962,3644.5568262037355
36990.566614620744,40479.978539098585,21366.67659139972,7751.866070435823,4012.013253297689,5371.088189600927,14695.195855563357,12381.554410572475,13042.887288237958,19744.09027519646,3729.7495433389918
36391.04605779571,42923.369276933976,21140.45930724127,7770.004650912972,3972.2203534469754,5306.310952457972,15437.185364900752,12798.742706218993,12778.06522359678,20662.497904300035,3721.1619567594184
34403.60699828814,44600.316950297056,20226.013157298672,7593.128321533495,3748.251911324068,4951.619525337685,15407.360971231896,13250.173297633108,12233.893937636989,21496.35153580768,3639.6381695122973
31372.532515213836,43889.88383163573,18834.075663732903,7238.53554338756,3463.7604823864767,4512.257961160214,14518.613753080203,13365.765099161057,11295.68367700404,21676.60511315513,3500.7296301463093
28403.398019134696,41778.28733107392,17149.144030434552,6702.338607712746,3153.944228691064,4130.172803532847,13847.162044938326,12744.870233337266,10271.024702198207,20966.20960514587,3254.7800741900837
25972.765089502576,38256.09058266172,15389.86587123819,6070.876458796397,2834.514468892678,3781.4865445427013,13113.194621921619,11745.263366008177,9380.240417759096,19522.228210248966,3070.079413795008
23079.10550330896,34343.33966269703,13402.741369633459,5511.403571681015,2554.517231847634,3443.7841942661817,12001.943918937957,10708.973584113111,8362.531715292886,17806.418914266287,2849.9624955461227
21119.880358463874,30155.04777570019,12276.208103660327,5062.411394383861,2362.7707512054494,3223.2133156853224,10917.25229560577,9757.884469142773,7716.725773184029,16131.525424091347,2749.0785753605346
19543.562986423316,26119.285259804437,11364.848476728072,4752.879567265229,2235.8075168446503,3106.2612226785654,9705.03051610037,8844.66833368653,7267.441368512712,14459.845572192467,2620.4277170094197
18607.025282210587,23248.700796154295,10663.927619795597,4551.105352691242,2169.561255266794,3017.278090178238,8831.26781149195,8215.574913269491,6891.452070822398,13413.269405724457,2534.0249123751255
18081.25758711037,21384.288516011373,10348.758094735575,4452.472647767035,2197.6644013935093,3047.833309094072,8220.225516005854,7884.3887730353035,6878.923927934566,12733.99740412849,2489.8342005803884
18261.57413606606,19969.044145861353,10651.179005533888,4529.198286220781,2322.391325850398,3162.603224196259,7754.241744783564,7689.560234401477,7230.801950442683,12379.843986510592,2600.9699233516844
19188.244797069885,19414.363921453714,11807.169300319774,4893.864343333354,2571.7537574009566,3379.6199139987425,7558.464925352556,7959.467819345867,7912.078370163266,12521.797983567232,2733.566807294122
21343.835708489496,20013.45059081253,13310.313196081273,5473.685707081158,2909.7231886751388,3761.067008485371,7772.1709501402875,8569.998278361874,8625.106616879593,13348.180178448298,2859.693073465515
23781.866112065036,22218.668437650686,15171.596173516034,6031.70964640893,3211.5779616040004,4206.2066199666615,8273.90677705847,9425.920407485879,9504.85458367989,14949.74628512573,3048.8406201694884
25361.438207406107,26681.57585449159,15780.24316035456,6337.749667892724,3249.9364520344434,4372.603007198216,9298.77372166382,10860.861243510295,9840.406859194556,17397.649209028394,3067.8151624295206
26327.52000899129,30981.279081667002,15850.382049277405,6292.2931329386965,3157.2801753496155,4429.044134104193,10447.161645234566,11943.703628609503,9839.016245014913,19344.67124071948,3052.8352324528896
26985.679126036972,32652.041446379175,15938.824551047795,6276.2826350341065,3092.5334735545357,4518.825184102377,11209.976451992588,12235.600981778489,9925.134546131396,19700.986797161866,3052.8352324528896
27808.779152053823,32743.83446126211,16309.879314994761,6315.59284781383,3143.3313684060745,4629.35627294986,11624.589374631772,11988.830719969666,10188.128442547753,19174.190442002626,3079.514106287854
28954.65257335244,32953.75233828948,16867.18183565856,6432.644732192001,3195.1437457742904,4756.848995065553,12071.268422393992,11839.758846722134,10575.99008301972,18802.658658062668,3092.4983462779005
30298.55876435618,33982.923007273064,17258.951223578624,6543.763996875967,3264.39086314861,4839.878012648081,12417.299176222576,11974.658734955901,10804.902842116757,18827.097976297064,3163.4147069053042
31727.71963606418,35335.42838428855,18078.349849736613,6813.832157352994,3421.804135135561,4999.72010910577,12904.3055345702,12135.11578169764,11365.18143812616,19037.91038160554,3321.1351002480733
33091.71134095019,36312.441086229104,18586.64829130764,7159.254549034098,3566.7815906751666,5145.970559697065,13017.307037604278,12190.355266439312,11742.053082268663,19061.357688848984,3375.2840563046457
34005.19214341067,37805.901835948964,19221.80140456616,7541.34904432778,3747.8220900432048,5236.5699222192725,13152.746256703947,12199.222604621493,12097.773430159366,19197.780503519,3513.568477905253
34221.78963890413,38647.41948885989,19877.1122974573,7904.75204943283,3894.4288905811295,5341.686650320858,13427.16864814771,12479.199321535978,12331.62235761299,19928.838850848246,3535.036544410297
33863.44619194926,40735.438580114416,19557.485185243957,7970.2858337464395,3871.1529025976333,5297.8609877744,13527.918133507777,12910.540778132008,12174.62231259985,20872.21110496927,3562.357355931119
32129.226869544847,42538.8368981035,18827.35076222831,7733.213339860436,3675.595952894497,4922.227647899837,13580.728968785243,13275.626250505695,11600.20929093581,21731.734947413355,3507.14415818801
29708.58152835089,42280.03719352415,17531.385760324927,7353.136748521146,3414.5570215211083,4491.845172484077,13489.263411037873,13337.900492047807,10761.318708189803,21852.30439963163,3335.28936904733
27056.46184320905,40223.98002679606,15957.393114960474,6828.479329981633,3100.532380844361,4119.215692464645,12824.672439650858,12702.375393690894,9882.995600356182,21015.131482257348,3205.833749648498
24494.69600421117,36902.71175362923,14395.852060709762,6179.5027010897875,2834.057615817811,3763.547730764567,12192.045329538823,11789.174093515554,9029.244696551177,19647.202188917552,2961.9616658209875
21772.231904799824,33188.725001120285,12707.773244638916,5561.164872928265,2520.64600192839,3467.7091472281227,11288.184122751485,10713.04934327255,8040.114573925522,17922.437780088836,2786.3139386705034
20006.80282472956,29141.876660748858,11558.348552751537,5135.536184192061,2332.4092656028406,3219.7962776763766,10371.444170232968,9703.191112876528,7428.117013995991,16138.494802069356,2662.9053766820884
18743.16710090153,24928.73833962474,10742.143116593952,4828.695566896424,2220.3022900417304,3091.8903166526375,9253.193878423102,8696.726410909134,7037.866213303632,14275.054774192478,2576.4717194400914
17870.408517220287,22479.053098073975,10064.69629561094,4590.96848741018,2131.1250713116383,2996.326184057303,8562.26705599749,8130.386608580964,6741.101388680056,13230.936393210393,2502.293729329602
17385.772993101407,20528.001813365114,9801.27397914613,4491.332373309063,2145.7882681364968,3010.5438934364765,8112.157079647312,7760.407915658592,6719.942878494608,12521.834796779847,2448.866580130214
17765.3082821211,19160.55439640491,10118.109247567618,4560.07200900831,2271.7060876211563,3142.6419262571094,7717.439961104075,7603.220830233518,7035.030790435998,12123.26893855307,2543.254575758075
18605.643004111203,18720.704745810144,11176.01220434567,4891.842356338268,2522.2975459347495,3373.6327418960072,7527.587296049271,7816.81834678463,7633.5254120627515,12277.190948865706,2722.036752210455
20559.310093672564,19306.557545883923,12747.577924488536,5426.387412368432,2822.541795045649,3743.10946042944,7716.392418105156,8351.118139440141,8454.194843946823,13105.570005417632,2851.451352017616
23129.91025669615,21648.839276464532,14484.520552536773,6008.353740662775,3154.792145838632,4195.661875645593,8350.200100139919,9254.368565755889,9276.955319011387,14733.481803188017,3027.5785922673117
24683.14876174535,25963.766967174073,14916.04513467068,6336.198443960937,3233.5825244088383,4381.004993037497,9090.060858652618,10720.31617693131,9504.85458367989,17177.508459411423,3072.8085190163733
25410.90732751621,30275.051852150827,15001.31451872192,6385.092770998229,3107.96524829933,4414.081577925545,10091.27357945036,11789.430322278911,9438.570691219056,19231.9058166289,3049.9944261888995
26484.59238058761,31678.117949441985,15005.160730073,6373.033110875329,3099.993970032854,4460.96517613572,10491.389391886214,11945.826710188032,9391.864928178351,19459.84983315413,2953.6745503952166
27687.547861163417,31112.873132176013,15322.496261404658,6394.852353124426,3125.397941924817,4636.339139137676,10901.1744724855,11679.559093931943,9672.745112910352,18917.131897385258,3011.598912923963
28779.259222270215,30972.625291667267,15840.438071662318,6546.8182933637645,3214.073788603706,4758.256307233825,11168.113397085006,11514.539889436217,9862.534708798437,18524.344367886417,3032.8623232537293
30082.43469366575,31456.30073978999,16289.279588120065,6684.848695410706,3273.3557359483675,4845.861824662951,11504.505505768562,11576.270751535829,10063.598232512411,18473.5734005405,3063.4316652717703
31931.022709583685,32455.1371935128,17279.038797711484,6810.938102898732,3427.299291221205,5015.5528757330285,11803.933974860043,11668.056805299348,10466.543079558092,18661.06873557703,3115.998401767027
33310.41942157811,33323.55711148305,18139.526123721284,7055.494814331247,3540.5274329651807,5121.051765353879,12182.711503122171,11609.217705779922,10564.862839436868,18618.400633155252,3190.4568475248216
34361.19476042222,35041.80456070054,18878.23537512634,7337.448690051625,3656.2757086749307,5206.676511647637,12531.249453003224,11541.163920658168,10770.710664407788,18704.712918270972,3290.208705540575
34572.19992582406,36130.301345240776,19556.628092631672,7616.534157656322,3803.156370115664,5292.408833974234,13328.189259924244,11818.246529279053,10775.746545427324,19246.187047160816,3400.741783967446
34122.01576284381,38339.09197739743,19300.427455639012,7651.62210947741,3789.9814763536297,5249.059004188261,13770.036269381111,12180.422677722074,10662.37398219687,20093.303225585943,3402.3374906926683
32261.535640411097,40083.06631778785,18531.036679483263,7486.6735263796345,3592.2201088260313,4930.211806801209,13836.7417181799,12563.6776687049,10458.764793152654,20875.758923979392,3355.072919074666
30096.79371157503,39617.584067452364,17274.40893825882,7175.017705470043,3369.977503996862,4511.261487073452,13352.66916661627,12581.781913213552,9886.729987616933,21026.15899197214,3197.5367579660574
27739.715065277236,37571.26828739461,16022.9729418043,6739.827151690611,3096.507022519412,3994.106323419109,13124.104729671524,12020.933869643057,9187.995248450556,20104.047357358693,3125.981131192276
25327.0621696191,34583.69014751141,14505.30735562803,6178.1177740740595,2815.051922684962,3655.2772602141713,12128.825490683255,11569.80741608119,8374.923175381824,19503.873499916117,3068.6733180503525
23094.611265153035,31456.26361031592,12624.557306043169,5667.958170922111,2505.344660369229,3276.066332210867,11408.474899685643,10658.696037779488,7325.432954007297,17909.426714049154,2791.5547867221694
21118.52307438848,27696.493979250463,11515.31521936095,5073.920842264884,2334.739259434222,3027.7349343857795,10429.490682315663,9667.828376088253,6821.896939820306,16169.704692862346,2640.2145056359823
19566.44566535352,23775.507214997273,10677.961965465136,4734.563173117036,2165.975474041011,2882.647898033737,9071.833137216685,8732.350222198314,6443.657925163984,14671.38583047926,2589.709957779281
18424.685749416265,21262.072822674163,9981.95227379528,4480.8868909286275,2091.777195601892,2846.2393936814246,8301.866312696573,8086.036010023034,6133.006477674384,13500.525294553416,2471.1471792549783
17699.92764623501,19294.46057834425,9478.35096996915,4310.499656564761,2053.8323923154394,2797.3000163461534,7857.453528299874,7611.745550975398,5983.718492569911,12706.33442211854,2442.268970744693
17295.343340680218,18079.8861567292,9303.630292986787,4196.426113433384,2025.530124851038,2808.009686267563,7293.445090957921,7362.224060640392,5974.5463883090715,12199.331156140219,2436.5236272846114
17229.642984051443,17238.52579044353,9361.447353644759,4215.873604041521,2100.196665325688,2904.4494264286363,6872.992710684238,7314.973848995307,6060.694795843201,12006.704156453434,2436.894261186043
18303.19715922747,17004.35151066353,9821.951517781292,4308.2108721085315,2268.83088555385,3083.604523532348,6736.500341073921,7308.1918482268375,6434.760876073957,12052.333658047186,2299.0065038290822
19767.977512696154,17384.57529833225,10796.582099415677,4657.393889679733,2457.166394585772,3191.658730521059,6571.194504159065,7672.331475515171,7056.171585136718,12636.591763641718,2452.0061358050375
21838.727619192192,18760.085681511147,11714.337840424041,5010.945315413251,2565.277485403225,3435.516256599019,6969.651576098269,8208.956650178026,7434.524234485405,13569.932386864966,2607.287594520065
24307.324729195883,20602.816908301775,12987.306172373635,5275.433375850744,2680.7593812431032,3694.3981574273053,7723.329781882446,8764.271578489679,7856.3032413774745,14543.977766757784,2784.55336357884
26472.238413034727,22221.746327684596,13843.226797904943,5505.568485870522,2772.936247254222,3892.242996185243,8526.361553964938,9180.519518971732,8118.415743754131,15282.064090055233,2959.5967524744988
28259.845971571056,24004.01952784454,15004.835494614972,5731.73133463026,2915.1241431558924,4135.057632232658,9362.813771242265,9507.49706869184,8445.323355996534,15909.967944582748,2951.188354696225
29928.537081871258,25421.14639884078,16045.70833165399,5963.401170045523,3027.6463587575613,4348.0,10053.387205908246,9814.985249867945,8803.623760487364,16275.467624298883,3038.8686830743595
31636.82050987347,27376.612499152732,16232.295818503526,6130.366086795633,3114.657166155296,4496.0840932053925,10808.404146247844,10050.136030027448,8948.688362635974,16698.57172018637,3046.0707937894117
32816.755443334136,29233.402805334874,16654.220016886356,6284.328050890266,3256.4222702371558,4627.329403643609,11374.140766670214,10198.570847755907,9301.475959951013,17083.58422263226,3061.5053530809614
34313.38109196627,30481.63414450803,17330.30038942099,6527.124966995959,3345.186681726134,4796.2026974259,11942.332933497364,10435.870659512922,9445.259574481559,17417.18717082764,3205.6263471827265
35220.37753480923,32189.873737259077,17521.63281415128,6676.701745357988,3391.531948627869,5008.694907534191,12374.069780745236,10744.017744972409,9570.483125732322,17905.977168985723,3118.0566361268034
34639.74909595429,33482.06469422094,17688.678389591307,6746.535388260007,3399.6300389227963,4990.628018639925,12956.720231433168,11014.845760439073,9643.380925904563,18541.80270869071,3171.8078699476832
33747.06871881103,34633.02686580501,17463.249678518674,6695.727651706709,3358.2538010789676,4899.009944156192,13288.7165473152,11307.061885090108,9416.19175461528,19145.15519634609,3156.9677863478587
32188.618794339887,34822.5392435148,16904.66665824965,6551.020193826218,3254.605038311242,4609.657438045376,13095.648110758337,11577.284841398443,9102.270007682637,19491.594132555303,3160.9566729070416
29874.13138038092,34443.08338813289,16124.105499674733,6280.78795186618,3029.79728868752,4282.42352829462,12773.694567929706,11662.076786976257,8699.18898224715,19623.404442699837,3092.022857778723
27620.48412433054,33329.844436831205,15069.75851114287,5900.941655843841,2827.52498836352,3874.754331036794,12055.239804211482,11300.06112617604,8141.808273537378,19227.238582205548,2924.999527646962
25676.577011305064,31116.756999711746,13969.398364394337,5467.400969733495,2625.8710982651373,3617.1020479691842,11068.641314017053,10617.856076566992,7708.505940516224,18281.419961531363,2925.208431410921
23322.081882265968,28598.91794764986,12486.512122422679,4997.865701022538,2406.3553393426123,3302.20613290308,10278.34829920272,9950.148226766509,7037.244536926316,17016.435382685224,2760.2766152862455
21346.334090982065,26040.395022509856,11415.360885339158,4607.029824782209,2198.915554199925,3065.8536185176913,9458.735439541586,9282.446168496246,6575.481345565304,15862.41914843246,2589.9015909444893
19862.767294608617,22896.025591620168,10618.821827838703,4322.010518845186,2097.080887592673,2910.64148637495,8388.128838408873,8476.960959738402,6261.468442884261,14370.963136252882,2492.419509704401
18781.075642884156,20488.982626987014,10007.393798133066,4097.789275714892,2007.0341451932607,2850.2345430719297,7426.064268034276,7879.302492810796,5982.974007010586,13226.607390949082,2383.970161108675
18133.045724202682,18737.016791435693,9469.86505452977,3965.787597489968,1935.605315536926,2793.760657726165,6878.982030372509,7392.06073928269,5849.8465240618825,12443.307876366984,2314.492182578162
17525.33736464631,17573.637515111965,9291.134372727955,3891.591038893546,1970.815401347814,2796.023446719085,6489.42418057552,7185.868591997488,5790.708129701367,12055.296070528415,2293.250921930911
17425.683328492807,16666.413170271662,9333.995598110594,3935.9162157587766,2027.7613992428007,2867.497030994535,6142.732720030785,7070.907973233257,5886.804447090219,11762.019913452383,2273.7821026115134
18285.01503986564,16366.373083832194,9778.449868497573,4080.446883142698,2199.6314494080434,3019.6176904109766,5908.238428971939,7052.061907996041,6253.464311173346,11729.395987793088,2234.0266824620676
20064.381828155565,16629.021585301292,10662.921366716771,4381.878977381835,2376.5994276277397,3169.898611675381,5841.989767296544,7442.03122941548,6788.164681911888,12316.763505767716,2382.0
22464.688533470675,17838.99296669553,11613.649584489436,4658.7579491119905,2463.462781745506,3411.4304956519127,6265.753094538671,7900.997742573752,7158.357023254005,13124.622494886793,2527.2968878881816
24790.984178462986,19445.232066458648,12797.497381978783,4903.312306318718,2565.277485403225,3709.254798714447,6924.8085091317025,8438.863410733544,7610.655576204422,14257.757979539516,2696.5719305286807
27340.04808223827,21042.52994446697,13808.841246363856,5095.0868577382,2648.570953084369,3949.135236426144,7605.276187616542,8860.56560930217,7905.746271478575,14957.436120993958,2806.935177681546
29297.68672281131,22739.449632596054,14791.579532366215,5262.967761688768,2761.6999782373487,4201.014232621845,8411.773660783883,9236.267426558998,8447.237052616556,15564.550889564012,2873.061606400523
31395.296497236595,24219.9094794123,15688.400180033894,5480.220777035223,2882.2008512064267,4410.003407025908,9292.104537343377,9502.824965225778,8848.324425899671,15900.77658526675,2945.3584569924033
33180.92676201087,26484.5515176576,16185.182884905085,5686.584401792427,2971.199023712033,4560.119574681148,10369.069187898196,9802.889309716673,9094.440013084288,16463.59976578274,2989.3376363122597
34247.444747743764,28405.844692030365,16816.84346095547,5869.980289669635,3137.857714437852,4719.3913026420505,11118.078001029531,10082.146791620633,9660.952574398523,16838.365535101544,3052.0665146188853
35557.257700304996,30064.42210053399,17466.63648147654,6164.751732904129,3248.070782381422,4882.515617808508,11853.015822454254,10374.623084224088,10052.966361733455,17196.515430126172,3224.56329171549
35967.56155879276,32116.66379336809,17540.773349138217,6395.350652008038,3321.2944996285196,5091.892906453066,12559.726007124274,10735.058557483964,10239.04291532276,17743.617264193166,3124.324819109982
34922.16121728971,33719.73312535475,17340.450975038486,6525.17150358314,3365.0046773131485,5061.4167558398285,13098.923470898233,11051.098215590933,10370.952408190333,18384.03889457574,3167.8201920094743
33820.96241848873,35172.46767319363,17047.08578088526,6561.553215878557,3327.267380235564,4988.189931128734,13559.683077527112,11353.417290721085,10274.21598363677,19052.429921780495,3134.0322958988577
32221.57760062574,35538.09898402947,16461.345389590577,6450.269630038691,3245.5300046178745,4698.274453652373,13499.737947569887,11646.513543238745,9891.922754055871,19502.521812839685,3155.5477818532486
29890.10511286244,35068.37499093857,15840.580432014856,6175.395711569599,3020.826402158656,4356.2290255160715,13237.750860090364,11650.829727550274,9217.996827938974,19630.680702464502,3084.07137903159
27320.145049368566,33780.89748267107,14424.46232283397,5752.909820524519,2756.3715015347393,3993.3592279666464,12502.406746474944,11252.049202853465,8526.723439003796,19191.132559336795,2717.049288015273
25211.614853791594,31391.060051234635,13406.329656196021,5320.211772674936,2587.9826946549947,3718.8624423569545,11360.754165927336,10407.02988726267,7881.084983183067,17853.381862208593,2638.092000854371
22383.903432893327,28863.936906587373,11777.50863452377,4817.012926523049,2347.923551684117,3398.683115136189,10607.877397955648,9664.814791310742,7118.916774960513,16608.90588197615,2508.0240641590954
20854.524192503734,26124.4460653841,10770.470149643541,4453.737506982722,2160.751867407724,3190.1802096250885,9562.783331352322,9004.709470327452,6626.207595345574,15372.142469855135,2382.0
19384.90127699708,22525.29196647082,10055.292244116108,4223.985187562496,2064.821331157623,3066.850800064495,8321.131865723864,8278.26935322506,6339.322478506045,13864.53467094552,2332.0573491202817
18469.591424381346,20243.40101511636,9417.544494651933,3995.188563950028,1966.0793025032956,2936.3627958691022,7598.040842821844,7689.088198997673,6056.113352198471,12854.994373199612,2260.026377475326
18003.521617336395,18783.33848531404,9228.202676992165,3916.98137735999,1995.6113118501078,2923.3691122926557,6955.713381156981,7378.13183295022,6019.039445690441,12155.915324545145,2206.0605923739904
17827.741480000655,17463.069551376357,9462.857856045313,3919.969356914661,2077.444997030813,3049.010291220161,6647.822149831258,7134.080983439401,6128.672933750562,11741.69858162548,2257.0066676534443
18209.661964656712,16954.460913222254,10328.002589236607,4166.544526837098,2223.2015858126065,3238.8813607433435,6308.125099775052,7179.366920195896,6628.4597926771785,11695.59378747675,2359.529867215577
19949.446069695212,17358.35702715361,11602.699640514844,4566.551683983191,2554.79574512927,3599.9985727469666,6306.131851096354,7477.286821039465,7319.176038468007,12130.15495785334,2482.3023842342764
22554.614581485203,18738.084913839655,13316.347376573915,5187.852057923479,2867.3928785729536,4044.5329390603615,6615.444422290872,8178.496714566201,8206.413364888509,13396.461822905516,2699.4614466441467
24362.780046906704,22016.829485892355,13758.481219599511,5546.555610820903,2937.107714588979,4260.9016864090745,7406.79591900866,9333.354898395572,8529.69300543484,15212.545250302752,2755.04939622162
25648.197616845868,25722.31043132417,13773.399179413067,5596.338366470612,2867.9314208449546,4336.432525507054,8559.825668500096,10462.16366775481,8623.11867347238,17242.502765884077,2717.265501383971
27052.300916959663,26987.704422932617,13912.620919042052,5561.88580706185,2813.2067311179067,4401.896418619633,9147.360285208315,10805.388937703481,8735.447428193716,17783.497208463956,2734.644828866168
28333.48924786771,26927.044030927016,14235.437765339258,5593.743587801624,2857.084491447633,4547.363821228869,9585.950193099037,10658.548091001156,9019.700655847706,17435.47246586396,2734.036773430311
29460.389881756964,27112.15237406361,14627.258414606738,5749.158176853503,2888.3251465516887,4672.464443115052,9946.853719418066,10402.540606419738,9315.711530486682,16940.742955053494,2752.640731439445
30400.726369023876,28165.669335192168,15002.806494088583,5872.209951403774,2931.1898122601633,4778.877813202882,10747.690006407089,10573.283583493248,9553.833110997493,17084.83333791938,2834.187629662598
32280.53470060429,29853.23662462205,15999.466680046537,6097.870183833162,3087.0773466971286,4960.143034921778,11660.635416739082,10731.77630907751,10104.010725273736,17339.18319180935,3000.0050122517373
33782.9099261969,31301.330335909046,16797.471089877203,6449.244408064806,3261.396959307768,5222.433182152486,12251.951374486074,10900.160451046582,10587.9934145533,17462.208373184327,3162.604446243417
34898.03629828159,33801.63564703797,17680.797951872344,6853.160239976352,3406.3550656136154,5246.260384426792,12897.340969661162,11308.525988298885,11036.613033670379,18033.595654691348,3321.3710032773733
35647.822347466084,35776.71871762443,18529.81322211496,7240.629797910917,3598.7129145209938,5295.186631137619,13620.22449519955,11777.88434833843,11539.123060148628,18974.454755945317,3395.963089714293
35206.94504299998,37979.71752363636,18460.261180364738,7345.2354508286235,3627.0610876653363,5269.414423162051,14582.824350385954,12259.931185843008,11516.891966847112,20014.450317106624,3424.5252636016025
21543.534434987843,32208.95433745529,17508.743706557743,6140.256306049737,3633.564108990095,4157.220864941494,9896.335811356612,12910.087540596678,9253.414735217797,21331.324467627303,3565.939825990617
19683.88109678137,33192.27602546555,16792.10741576726,5939.950947718943,3443.2187074567173,3924.3183458798153,10170.704833019428,13009.207189608482,8747.52418900429,21767.459438287693,3534.280662605744
17932.13796741178,31574.839064811338,15717.25458683666,5597.223120309332,3241.481627671271,3584.253470586915,9789.392488276826,12338.244109447485,8220.336538187723,20769.411482008814,3284.9241269912463
15829.79821901461,29299.14088403456,14365.587620026892,5158.873111996196,2974.9567088518916,3326.5592596124766,8891.741825606754,11639.302754420138,7531.619787553579,19559.4039426176,3142.113472839118
14090.367875383881,26803.24386877923,12629.577472138855,4687.306270962562,2710.065940418008,3040.0797164540986,8368.12193628679,10758.593630729563,6862.060642418757,18064.4431531505,2938.4230469228946
13016.083487397622,23698.85952758043,11734.132904248847,4296.0332542477745,2555.3965417009886,2905.0051765783783,7625.204256341627,9672.760514799422,6495.720609811602,16330.488152810938,2835.1340080064083
12215.552580387191,20528.05622195965,11192.46687199533,4107.975353882036,2504.126578013549,2829.047351765542,6749.630784371828,8986.988337668037,6271.782527145003,14751.131140232861,2797.0486486044974
11742.971586655181,18704.56683777587,10800.491731830632,3995.1606972258373,2427.9140537905487,2806.047736874702,6303.536876691733,8431.156080712502,6140.485773424974,13847.576237879008,2751.049468623422
11726.948249300021,17387.162391967115,10826.543702594001,4013.1919395402397,2437.82606402081,2863.0208502180353,5886.508118480618,8155.063775251406,6260.20323446381,13341.001613846181,2755.04939622162
12342.58926604782,16459.575182023513,11281.321697304393,4088.387017833545,2619.1822248242643,3029.004964147399,5718.9747196457865,8132.0772451651,6689.39090158959,13156.479119850197,2833.13410385145
13620.518962531112,16029.087634106261,12545.928864150725,4464.023497863224,2896.4111527170453,3240.473680553498,5709.912034104746,8473.875142943065,7526.327005042339,13546.669633245756,2901.189008804098
15224.982248728396,16803.587619132973,14324.803964886876,5172.651840984824,3247.1464158979034,3566.939257326547,5911.312326941262,9242.983723301446,8572.703801721776,14875.816465755384,3123.8372665016573
16826.673637862812,19628.761707664147,15920.610757082079,5828.583010860202,3533.423540190268,3939.995122059868,6462.117023754781,10239.833792571302,9300.601332336868,16856.840278513937,3354.3427694036286
17322.041419217057,23144.407926662654,16118.619245666663,6249.933356317053,3555.8001286009294,4073.0336261246944,7235.178572686336,11117.8829822366,9562.63344680946,18567.39680814326,3765.0790910751994
17198.904585610682,27540.803650141395,15469.67672033321,6121.291316546907,3425.307362774318,4072.717112983238,8190.043241326993,12210.206652147837,9105.169087811864,20588.109589103886,3831.556189094843
17052.02795603682,27708.667206161506,14662.856464064034,5829.860832481627,3244.969654577884,3988.2268360250946,8322.4275308984,12476.426025273171,8717.6668618789,20813.227216707903,3672.222367627734
17224.567051066555,26341.44925608778,14343.954857290551,5619.143429848655,3165.2663567282975,3855.991666452295,8107.474141460528,12033.475354824905,8515.347585199781,19969.016297568196,3624.9604304119493
17668.668822812066,25361.24813284311,14148.174906149574,5465.716359024376,3119.9224738557164,3899.6722820973714,7919.111527482951,11598.991176943708,8469.719989918227,19181.87724830208,3658.699546764638
18144.960885612625,25264.91177807436,13964.215753678507,5468.220265764545,3090.5298772267997,3873.97700662889,7902.666598274503,11422.705777443638,8341.60860347391,18854.62795749739,3611.8379944321327
18926.195715498623,25715.7749754675,14438.103372097543,5446.283356684935,3134.3645482820302,3976.848244542467,8063.604369394803,11305.73112885453,8562.208821741706,18624.106421527933,3643.9552654899185
20061.132309688048,25728.732402466314,15132.67677014747,5610.740074560101,3263.4520417182202,4122.3393973072425,8082.052162285494,11206.706010226253,8830.268282462659,18414.385846297086,3668.0714607755613
20634.250973878185,26998.837949523295,16202.959607217432,5684.43660490922,3451.379989566706,3999.878277139887,8357.16965793629,11161.103159632003,8902.485582289755,18467.47072405973,3565.766204332723
21841.261504022823,27770.52145909408,17423.573951444712,5937.573487147624,3691.5192252113943,4331.2569091571595,8562.12769163706,11292.636358964617,9452.893924730313,18829.660481812498,3628.190685187174
22300.386534314992,29809.81771551865,17640.312062773886,6074.16271841248,3763.7457679408294,4364.54211518575,9214.39781764942,11933.699879265552,9603.030169279215,19983.33875784594,3605.521060339908
21199.490585819647,32139.469402220857,16911.90831821871,6010.799116936185,3545.3479822130903,4129.266340291261,9778.541921117332,12659.551979039967,9144.562289448017,21376.965006503615,3528.1576463922283
19619.780253871064,33125.22866955092,16050.22615668405,5846.798492958396,3370.5335574943133,3867.0962478241654,10030.751090020409,12727.284952615524,8588.715304797537,21703.135302405502,3395.6637211260468
17871.85515792574,31494.245335044296,15028.970581282567,5468.212808133072,3146.8229027394023,3520.2771038138553,9705.839219854633,12121.504661587,8016.593237167804,20851.101477595745,3255.9326282724614
15897.530417329508,29249.441109491694,13664.00579528004,4986.095708979365,2880.3090415253655,3258.571228440834,9097.031005777757,11412.138316311986,7318.4470148076225,19609.707650260778,3099.9811826967593
14047.97802948788,26718.496455080243,12058.922286379442,4512.934303769725,2637.7409936708655,2999.126589120445,8424.420938749125,10512.999232467491,6616.984534382992,18109.276111573625,2897.429173611332
12892.902861806337,23598.197922625717,11227.613689349288,4121.405509109358,2471.012544043254,2848.0052804500883,7606.264012045213,9480.389104876742,6219.093403451514,16345.961496455837,2793.1360499611033
12162.28692065083,20518.563686908732,10662.938749167095,3941.2965486340754,2362.46482432761,2763.0216008553152,6760.053135815562,8820.425569031837,5981.714450307404,14790.749001691067,2724.089064667086
11715.744793789656,18705.561227175636,10319.223314658186,3826.1158011623193,2330.7481352310638,2731.049037368367,6256.241601966989,8314.20641780727,5873.336934480857,13881.108066175626,2706.140484133167
11701.994408613484,17374.735589930115,10313.409412868685,3796.8338655084444,2371.9412441802187,2800.0213169030367,5897.875467480464,7935.849096712659,5956.735995334446,13258.722511827935,2722.089130820363
12363.258706608956,16339.604903790208,10869.791933513454,3952.904103445791,2546.9726772730874,2973.005057884232,5677.438957156842,7881.183180372419,6356.370747150867,13084.266579019355,2792.0487364177025
13490.495484017381,15983.61639538874,12204.204661327607,4343.566839790783,2831.5464721035564,3160.3926929663794,5634.415599607639,8207.341432969091,7140.929859730316,13511.718711158299,2833.1936170893905
15200.077641503194,16682.482976495925,13950.613962785079,5032.5841213063495,3150.560953812373,3499.9781097354653,5836.099891702566,8952.094562197573,8123.842511476758,14741.703013850516,3054.728244323289
16842.449525187425,19433.878863508173,15407.881431809668,5650.34595338154,3457.1679624854473,3892.765162644299,6426.210085607119,9930.006893687389,8852.282885617713,16687.11300415892,3295.0599692656147
17267.14956070882,23084.137815122293,15626.524392423402,6101.041846809479,3486.5828976139937,4044.0802536620786,7192.844902205467,10854.08119857255,9190.879600440987,18381.047131419866,3717.967791672719
17083.15905143881,27513.794031311165,14992.191639723465,5938.034294869937,3302.7403490750016,4066.04481545441,8209.949208668999,12045.783415107668,8779.277203990197,20350.960263108907,3695.0556251649687
17002.693568312323,27726.092176307815,14189.420428405685,5665.967478918488,3137.353464673072,3997.9175920290063,8352.84742612806,12334.047112264027,8482.503630504654,20612.469043580906,3565.1141013756787
17020.184157780943,26348.005717634194,13883.587285049047,5500.082651270488,3078.0738151517126,3870.2115078177617,8145.795863109919,11937.345017292057,8308.619718826632,19785.835956499028,3566.11377823991
17860.350210882756,25413.11502145797,13814.907669288434,5428.8470955736075,3058.653467588461,3926.900303265357,8003.297232790213,11547.778496101204,8389.534653555136,19042.4381458721,3570.1124875690793
18183.049365832052,25431.89186658509,13692.225739340269,5344.165094146304,3005.841923115652,3895.4284464936695,8050.624727261481,11411.816927441425,8287.872459023722,18635.526551369785,3529.858049046963
19110.25660440294,25949.110868517917,14138.67217664939,5410.451854346543,3089.0512427151675,3985.839021196407,8157.74830953061,11307.187771590578,8547.685225474157,18473.28514809352,3581.108953599028
20398.453970593164,26073.4840347774,14900.487302427653,5559.95452184333,3228.019972139519,4139.617772823,8206.074820996517,11141.445987859976,8785.15674750585,18161.010902980874,3600.31378064861
20942.80507086353,27361.47889427992,15981.708048530436,5616.252689652926,3384.129553700461,4004.8744942075496,8414.464433959616,11132.735490876883,8800.810092166916,18238.41126373787,3454.8680129137742
22070.16078756002,28100.80390336256,17121.92930596109,5860.4638126806985,3578.4921702076385,4312.291525992411,8603.499599436976,11123.739042100171,9341.272886864042,18498.34556156567,3586.5269547971357
22349.687767571497,30088.12811348925,17335.964448087063,6045.853161797614,3649.150310309897,4327.2641695721295,9203.455695805518,11708.049830043525,9522.489597783964,19541.66148228363,3562.1360628575844
21063.203014872877,32351.430445247162,16453.217247134166,5991.344296574706,3517.635178133297,4094.324127984476,9745.73072219297,12362.143280255028,9124.666266918766,20934.433898224004,3458.8124552894224
19531.039994691037,33225.44548670748,15647.518751718491,5747.669778091079,3282.8372403519393,3842.440382750598,10014.616274386624,12546.483294600157,8502.727954560807,21332.7736490928,3368.708346018548
17879.264441430794,31581.199146634513,14532.133709580889,5405.932038476737,3078.0738151517126,3527.5988785014383,9652.93175629787,11918.256973014519,7909.669563796185,20519.89113255856,3153.9638134043685
16125.318597671241,29395.83247929426,13377.189981592823,4925.756934421285,2847.9349591447094,3258.6813804602507,9073.138812136682,11268.176282023174,7204.855864398164,19350.244636724612,3096.4754554580136
14177.491173916185,26763.033190639682,11721.683672371162,4441.701702122319,2612.3598058323555,2983.0812548216927,8442.267025492225,10326.1748305986,6574.610528243724,17756.086153416636,2833.2642287812455
13067.106112442843,23601.32550465801,10872.989790256961,4050.1820013857396,2444.085715414699,2822.0,7658.077745105213,9343.85286076497,6139.340370470985,16087.839868910041,2752.138104227977
12311.720234201135,20635.141039835817,10374.012687091505,3831.155834222091,2323.7637481269826,2736.021812884865,6788.4227226347075,8697.191420216788,5873.015694819109,14533.311615963517,2696.141012398517
11776.848968863318,18776.298442696818,9991.432095163034,3720.962593656977,2283.8549718902705,2694.0881271467915,6292.566787199046,8165.168072688033,5765.611432385784,13611.740156213464,2633.051704274843
11714.67147998286,17414.074260496014,9938.226780182471,3662.088137598707,2321.3933835345333,2734.0489839896177,5978.684758992748,7827.824120720948,5823.462627709055,13095.407297478563,2649.0513893655475
12211.661317371603,16263.268097615834,10376.071880922642,3790.521678090604,2442.1576513767554,2866.0,5705.377752978994,7730.174909197413,6160.045026940482,12848.334594176324,2704.203006718097
13095.033018627264,15793.282135391613,11550.636481613883,4174.8543010464455,2717.0468263466414,3077.4035176333286,5657.012763424311,7960.371500082325,6891.335706113231,13247.408183818103,2749.27245625806
14893.712472931524,16556.3911219689,13168.713239806635,4855.009677101656,3092.717177269244,3453.2068345087187,5839.093687320427,8657.182750947655,7949.49018050999,14427.83829773853,2980.625999008802
16724.755383708147,19186.713666478165,14806.906450793129,5497.346903509421,3393.403765384908,3858.108999596418,6375.343901609644,9646.509556697223,8678.491291738075,16346.0203252995,3240.937087153461
17135.799516230578,22632.159673967188,14964.264003171078,5918.203966396295,3404.8643466083954,4010.135846507494,7137.555898560259,10613.82182169554,8975.233556543437,18073.73684797306,3604.9926601587877
17238.821033490927,27047.877171869586,14368.45346543083,5782.089822952746,3258.9026484136266,4031.779654832545,8200.14272259221,11796.220261183087,8581.709032548813,20102.38061981755,3695.443723532389
17444.861840016576,27166.21156171173,13710.701203383163,5552.890658642809,3137.353464673072,3953.9761849511674,8253.74415389016,12080.195969273767,8317.7253919487,20341.22781687515,3522.128175826583
17575.30957613309,25815.192458846657,13512.495871845054,5395.472974324705,3048.184773199276,3844.2344724243953,8091.539709798722,11687.333042071714,8236.544105738232,19495.91897347208,3511.1318335716746
18218.620765892872,24989.968178270734,13486.756066330192,5364.116172799804,3021.2982347321786,3892.679287644189,8063.604369394803,11327.63758747638,8251.640803081078,18775.008510527903,3508.377559873552
18796.26532974013,25085.074466403792,13372.45636153196,5283.387016552619,2993.3946742779467,3863.4585231882875,8115.9154380577875,11153.845137898008,8163.323866069475,18363.13853976513,3503.381127023391
19973.713019055675,25653.166391039085,13815.536784105612,5328.737822818162,3065.6261849739662,3977.108551640423,8267.932048019911,11087.58951382613,8421.74429930799,18265.19361026117,3488.999096677367
21267.018063486303,25813.12101930422,14500.023527404808,5446.362999241478,3186.93540227511,4119.647063291708,8387.434352808978,10956.169523792587,8698.028912831505,17976.380508045164,3473.193499724281
21835.420120580722,27144.24185513326,15627.741990399525,5524.568109789272,3335.7895220955093,3993.107144115751,8753.807022263023,10924.53192391373,8767.62527892319,17993.83128444239,3353.4933532059695
22745.04282965045,27970.796454956835,16570.892995593,5804.720280007196,3541.676508629911,4260.742019695798,9226.141351163322,10953.851714050974,9213.387729499647,18199.93809959231,3431.6489402971597
22903.533932527982,30056.948070485938,16798.213264294256,5906.375233378315,3602.244736311059,4324.617767698759,9770.587556644503,11470.946596317519,9335.944144424977,19277.23665566549,3471.4042126983136
21432.959498209766,32388.10734527847,16112.821212046425,5854.491025802365,3446.2231361303748,4098.317469794016,10239.153429525573,12114.738630719152,8927.113403776255,20432.608173862554,3395.042230865504
19788.157532405046,33075.185948053295,15304.015776900773,5632.604608355785,3288.812968655677,3852.4252012102706,10462.814860615947,12308.98735978194,8433.898370475532,20783.007373797507,3275.2164489453403
18287.170857786004,31261.762811296678,14092.711326495233,5302.823038199456,3065.6261849739662,3623.195346761876,9942.189678051864,11728.481730265341,7830.767153395188,19990.045521326,3057.079268856593
16532.372701270513,29144.53681624659,12697.637898877852,4848.612071852881,2805.0879730565766,3343.877681675058,9386.189427488282,10761.669819676286,7191.379706058126,18440.081652666435,2841.5146927351357
14688.982583789215,26799.2149394484,11478.91930916854,4454.9798860673745,2562.1894008649056,3053.7284899306874,8802.588048353236,9907.861003798424,6450.595290336863,17072.334931876077,2683.9124018724874
13217.42228010085,23641.855486971526,10569.165002904607,4033.1160346815454,2424.7168774319016,2871.1910145433226,7810.022696312842,8840.198073809312,6043.834862934643,15421.000338254134,2564.6128725717945
12371.184187304172,20829.25077957792,9916.586939782384,3806.1505307468406,2266.4541113466225,2741.0220075711854,6858.303446823471,8211.003355744195,5706.940763120761,13942.017405614179,2491.8534782809807
11898.959911056596,18827.69310307531,9504.079203246454,3637.81681327603,2242.4940044756695,2691.0,6318.661811188217,7600.076424875879,5601.608450812732,12913.576736085213,2473.2920124194065
11594.991649261445,17295.36995225181,9071.596383515061,3579.0235980279936,2196.243973728935,2644.0225676931655,5842.457875540059,7223.409058143891,5543.236518573968,12307.059731926374,2335.9588664015264
11404.561542077863,16283.905992067808,9002.085300697954,3577.2388810260495,2230.3185709507056,2637.140256443275,5632.060991219639,7034.037801464865,5660.655273954609,12077.736348291484,2250.7530178742577
11300.417478730786,15345.21095625844,9269.714051362283,3728.5914413503415,2345.457127897135,2680.7803353409813,5433.722080956495,6982.99671566451,5871.958491251822,11952.929977022504,2126.0611307868517
12148.903196769219,14857.712800403984,10426.76519415482,4024.323462940378,2574.735573547882,2870.413825299778,5317.968646318041,7178.566825250597,6483.969107460503,12279.277973980856,2411.285304380748
13654.467130191448,15548.8364616399,11191.527000773323,4601.6315567738675,2752.287867131061,3256.2293521784404,5437.034742567403,7616.58709839987,7362.262310893227,13184.683482625916,2887.4114430012814
14372.46488202653,17838.79292805229,11859.797427716167,4920.773614642843,2820.504199795854,3428.017469603183,5923.30717388815,8265.036502461106,7563.052963106379,14340.012795275845,3174.1195280262186
15270.316944232087,19761.95161394075,12469.84766123921,5068.698191322189,2851.140385519466,3630.7214882891853,6472.126638069055,8799.117283194602,7759.066455156963,15373.175413721645,3389.3283684974235
16003.185525327459,21083.391619743674,12603.228398322444,5116.618046496806,2836.311040386037,3710.116130552135,6832.211717322911,9435.036850614459,7828.843699801163,16326.102748106465,3421.6505364546188
16795.175636429165,22368.475420408482,13214.535433902443,5159.231578649534,2894.4102968317634,3836.9976467503757,7180.34684720825,9540.770153362173,8039.174133159165,16463.154017134842,3540.070914327214
17802.087768317615,23208.416613851467,13457.405832897726,5232.230345495872,2916.3486784019415,3917.7326505775263,7458.863773633713,9521.699599526914,8156.258887400146,16353.747066041533,3553.5599003580337
18729.04607630658,24446.17368902602,13675.862710931424,5225.874815493944,2955.572442439938,3984.9347594694236,7867.045320605663,9721.781294434413,8252.987596877023,16602.682553003906,3553.1417340126973
19381.10316846806,25622.939330419107,13732.727202494545,5266.8876581703,2982.9268312170734,4072.717112983238,8105.448759319784,9816.963187618801,8363.335703690309,16676.961338052242,3523.777554090148
20347.1132196849,26224.503706628602,14141.494848682605,5365.855649286575,3027.27771083376,4207.595840810478,8359.275618542573,9916.316400804499,8583.053849231625,16791.490522300097,3507.786019853583
20721.27788950148,27059.146685474298,14799.91507931755,5268.590364661253,3208.589022325221,3989.2254311620677,8700.893689602332,10057.593148266162,8352.115571921822,16927.85129473326,3090.4741796481344
21161.65313002731,27334.008682763735,15073.043583492337,5330.218560325349,3258.9026484136266,4020.603251921725,8959.953933341994,10031.888217089416,8519.830317181579,17010.08691638628,3056.9307581635035
21529.741251925523,28276.886251557116,15333.93733371569,5390.987872917578,3333.126978732749,4023.8005607006735,9379.939861535937,10511.737690559108,8649.754119946185,17881.046465008843,3140.4668014469166
20487.034365299012,29243.6215815565,15104.495772343951,5497.5943505838795,3274.8430661465186,3861.5504668630642,9516.270633060489,10881.372634055826,8472.551189271067,18369.846834236356,3067.927528162818
19063.991328955704,29836.912339789877,14676.438944267802,5389.005521707554,3168.7387397452935,3698.454457588294,9795.965123288874,11060.726060248777,8039.928432513904,18813.7160966091,3005.9460323773246
17842.964610061612,29059.583438198308,13832.900667089327,5109.168250748728,2963.501415376098,3505.5968301733596,9434.681985399422,10830.17731610327,7510.329794299111,18556.820007129252,2956.082004436905
16232.39037105125,27475.278206737927,12733.482797889146,4733.611987294556,2771.7747720781363,3299.7142831202505,8917.627434261103,10129.507051661309,6978.621935572784,17511.66654144345,2784.6335742614965
14129.548187908069,25580.40765780484,11402.701393811822,4310.349069073489,2537.2565516050504,3040.8608654584423,8299.222834079512,9438.264106329325,6371.866114902195,16331.968328974759,2575.425629418933
12927.06457387332,23368.206221705208,10508.32567187193,3959.9031401694438,2404.3602206860205,2828.134344064945,7617.723774779874,8539.712510667556,5948.672026432411,15043.662889465795,2496.654735966752
12056.759007088971,20714.56830322654,9883.283625211221,3757.583777423969,2322.0332260092237,2709.022268950013,6770.566812042271,8045.769822383076,5667.041001861547,13615.789706912548,2429.1099233509035
11394.941084620938,18619.928756996644,9571.301607803603,3597.5733787711247,2256.161424357636,2625.005730293506,6225.082029790548,7487.652830791536,5503.445207983257,12595.398340687036,2401.356831981223
10985.95185846474,17003.41988396495,9221.448179119625,3526.810569915064,2223.8922893791396,2578.0519230230652,5766.6225863590325,7041.528693440342,5430.74018813988,11977.096550980772,2222.687882954235
10952.918408289155,15988.461131411435,9065.24146190982,3544.026424357522,2250.0415006577336,2583.0918717218437,5548.8667038102,6795.325398893895,5523.216655422935,11635.612086882027,2164.746922304848
11177.983055585362,15201.176238090158,9174.592996755899,3666.1556968125215,2344.198982904997,2582.8089759701957,5328.885955785656,6744.93172493926,5805.083065023058,11515.237627311273,2119.5168322674976
12029.070672076436,14889.844665684135,10196.490939578669,4015.8940179623482,2516.0869649399738,2769.3395004120953,5274.337957241155,6823.529086074771,6345.254564190557,11771.156765603664,2314.057572427661
13565.985938334867,15275.69744638995,11050.110847580885,4556.538397295655,2665.475214196141,3159.3096425267995,5299.613096636276,7241.552808246563,7180.957016036648,12588.863803445794,2778.6349040273635
14319.555021399707,17347.966217227615,11734.300198556331,4855.99393957504,2772.5885505022497,3326.049749066356,5845.661337118314,7889.270292123413,7512.308566968368,13695.64683385139,3079.123260396877
15332.601638370359,19184.462802462625,12199.859578028501,4986.9913927977905,2823.1957749875983,3516.8146298087477,6385.4007667944625,8475.24099208939,7632.1628213627655,14702.156219129898,3292.209933194479
16167.673621875661,20278.421282509866,12385.536218157371,5008.003542359629,2792.25850808604,3593.4743101001072,6811.721572377407,9162.919461035233,7705.942407104394,15759.278406832507,3297.3669026297307
17112.311221464035,21251.12923201186,12940.60567342663,5070.508169976978,2879.4529051817567,3700.155520704712,7207.7433660398165,9367.299945129824,7937.175036688458,15956.019795037715,3422.025348831655
18120.208580164966,21972.75979287709,13056.988730847865,5162.228473301026,2889.3219484711253,3787.906735852175,7472.807212817708,9422.202256233206,8076.125459309829,15915.247021953295,3475.620457293032
19002.01327487399,23225.872241996854,13415.385260318344,5156.262144849932,2899.2901022661954,3854.114687555828,7955.314798703232,9606.752220246106,8171.861982361537,16259.311605928693,3531.5766952890453
19793.370130637635,24229.403568605198,13633.77040539071,5207.23047106129,2907.2648002299634,3930.6199396601655,8264.169775187383,9693.468287878442,8321.375378218465,16380.335091761111,3551.3473179520647
20957.88423535782,24732.905584080985,14091.906333889525,5359.252197344636,2999.3742721325116,4086.484138344478,8350.914169884261,9787.428273454312,8549.050706306884,16483.06666240757,3515.9686907311957
21390.92226590465,25435.859506955174,14680.070421530205,5183.869343181996,3145.8267596805927,3867.7981244699945,8576.345738712338,9934.91439598489,8304.611204650242,16615.337858445713,3123.4692841364345
21483.250746703532,25751.08172221804,14945.428790296592,5286.966186067565,3259.410472307787,3936.1541064894946,8633.49800645141,9881.469014891398,8472.685025380479,16623.8229797352,3059.065322203443
21599.609424887803,26598.43477236825,15339.214815449897,5388.610286066724,3355.045392982667,3992.092133854825,8922.325660609284,10347.497305660883,8656.914584363572,17512.22105933375,3156.560757038152
20643.4639919224,27633.49291821574,15140.449455745822,5490.1338576099015,3262.3934024117702,3822.577816370688,9056.250069449534,10687.269147809207,8455.21055414448,18015.15194841024,3127.67184337992
19313.367813046236,28451.11447626431,14612.72335221301,5284.883992283184,3060.1664292609985,3602.312432122524,9310.713917122219,10983.16773948501,8006.639351468605,18613.96143673241,2871.7299669500117
17626.862271283637,28221.773383067768,13784.929084607164,4959.402513983646,2909.6987300041433,3306.4640097606907,9158.989270068001,10505.917994391664,7356.841065123215,18555.356472440242,2789.5240429790224
16098.287446256805,27070.789109399127,12771.889039333151,4481.754013705816,2731.3744834174754,3109.2403783976656,8685.797045924302,10199.74122292451,6843.9043970691655,18060.854093432055,2676.1985286579757
14199.183727014342,25250.10940919805,11775.598504196552,4130.594449845606,2563.5160978841664,2917.020673014079,8170.66994236276,9497.97912442889,6351.578224433247,16756.807660706483,2582.205635110444
13188.888118479994,23001.67175742762,10830.738097533222,3841.1332612033366,2399.211706759903,2751.0216945795723,7522.633741529097,8752.355393655824,5940.252252035705,15479.969002969583,2484.377553450861
12317.321572424979,20049.011061253834,10373.530519111357,3617.977368943904,2326.1500941008053,2675.1382909670583,6575.927002026474,8333.61088761178,5695.591047871942,14095.008093669514,2455.3819091904215
11818.1815005037,18282.340340703722,10072.15044162469,3558.048938506845,2282.7597276251313,2644.2726921083936,6045.316798485369,7813.961886733724,5627.032614569999,13149.176178569855,2459.292788024195
11664.716727671288,16818.078283408115,9907.267543870203,3535.8002391872487,2318.3995681723045,2687.1376816844067,5746.666721285566,7495.925812866109,5726.862452434989,12636.843517949934,2393.870600732698
12147.90506105382,16002.218748169624,10516.150484818703,3687.3804372451664,2485.0798565576683,2847.0,5498.919581690899,7374.795133343215,6033.012119219994,12416.389173912126,2416.8626042908027
13021.230231144298,15820.476354617764,11861.044507398994,4132.746128956395,2715.6929132833206,3125.596183619972,5481.949486186402,7672.473652392465,6834.453321051693,12749.241987730276,2537.2092203496745
14854.417267235687,16501.710207883556,13850.308050365964,4832.766534983191,3070.217423983396,3510.819708910133,5668.640517994096,8371.782076077165,7849.042001190688,13817.710988480454,2843.263282299311
16701.637086581486,19412.937304269828,15473.018656898139,5557.385202512271,3372.9795254370742,3963.61729785713,6360.152177714377,9441.306536272368,8855.480253602082,15770.802316509149,3232.9452520165505
17007.827432608607,23306.475437415967,15774.324884085128,5889.240976538002,3372.016460410158,4039.755203507315,7241.119726779144,10467.41339595081,9095.44970812977,17844.81765663137,3508.059294038512
16950.649056850925,27494.371328607638,15205.976908053442,5772.130935487906,3265.3827463084494,4034.869378178718,8186.211044504985,11443.811678645068,8824.0620123594,19578.535297704173,3526.599350727825
16751.721186869494,27782.94001769056,14460.65240839432,5563.84882777454,3104.0221404336176,3966.390863739464,8324.11749066701,11753.895753069395,8512.93044864304,20036.710024137763,3432.7597313410633
16925.431221190993,26443.879669612263,14292.751209812397,5443.30102951484,3054.665787961242,3905.951296390298,8141.395676611903,11414.44927327629,8428.621668604123,19445.597766563667,3389.452394521355
17535.933821458668,25464.574073518295,14175.71691853534,5393.987939629844,3037.2260726195304,3961.368036239544,7996.324010773312,11086.146441768702,8460.608428209869,18779.85610723337,3397.451305631933
17950.61264598868,25340.479593413278,13963.46445940044,5383.516495781279,3005.3481432113017,3981.350148155965,8047.668255268098,10956.589315276711,8301.087728139715,18391.144567325166,3376.4541752174473
18727.07113311554,25575.439562057745,14374.68962438634,5434.825068716787,3042.708337724312,4076.00256583888,8118.4292317866,10864.057687059954,8500.988045475442,18176.869297981713,3390.288171615722
19786.322054102464,25389.096998923076,15152.820891674906,5566.837451482809,3153.8426721875444,4188.406727966253,8061.612339556275,10717.194228195594,8742.699162753759,17860.106356587774,3407.8897283989636
20725.861660614708,26404.38127264258,16306.248836261331,5678.422344679556,3375.748402334879,4073.218163582993,8345.141295565372,10897.237099241267,8906.13229480216,18287.928911829153,3314.561335178139
21827.40887817172,27525.806899765306,17544.18823595583,5910.57257536547,3584.6492696701443,4317.266852774797,8543.377195149715,11150.820357011875,9261.306895188232,18692.949207832342,3346.4583385075816
22141.36479080714,29598.270879456075,17923.71953896715,6032.107850979798,3670.620086090697,4350.979095872835,9088.326208272458,11797.986915068885,9356.898829991182,19944.068579960353,3353.457360260783
20971.094820481132,31954.899899998727,17194.946203549152,5984.316823851263,3493.184180181856,4099.022497749095,9648.725224842423,12456.3176745485,9053.898430464667,21219.753860088927,3240.1170653353884
19570.426782827562,32911.372429152725,16309.497844466638,5764.329529898183,3290.877814615676,3820.3722435442555,9972.438146387265,12556.97468820408,8545.278049688332,21652.123433950183,3171.700608074179
17838.15233707709,31602.299375068804,15104.095603096977,5351.615217348126,3042.2434655787956,3506.7432480986504,9625.7619702828,11933.932831245678,7925.12836115803,20817.34939596665,2974.079911099302
15909.444336105076,29421.88910540925,13725.504617503866,4838.052116951463,2810.568799780257,3256.3808753946755,9063.53575159068,11120.99374246943,7219.011628517982,19482.40424943043,2794.085005770203
14022.655646472174,26812.148497823197,12500.63439438717,4357.210067907593,2565.0520180787444,3030.079982115845,8275.288929771874,10225.417084454923,6598.374360606383,17928.99411653562,2618.934258386062
12788.758246436613,23792.278086584618,11636.013373773534,3990.224027053976,2426.7117012326385,2844.0052606962468,7488.229511156891,9223.032944495302,6165.805073148876,16211.1024948926,2559.2815716534806
11937.808424118673,20911.343846727286,11038.53057191646,3761.0837131674507,2316.1744614698405,2786.085247320294,6507.830801735852,8588.441219379598,5904.558247951648,14580.326169493874,2519.3724270432394
11526.325515359793,18930.80131944569,10653.512949868904,3644.4227417389247,2261.5204752061354,2758.192718796617,6034.556180356476,8064.858308513666,5898.905509754082,13609.706608225382,2493.4747902503204
11419.787956646409,17529.457916964828,10405.458116423913,3617.7086325791415,2300.7279360630596,2791.0850961909023,5743.295730084375,7682.963711985638,5958.134464835477,13024.306357261556,2430.7229046974817
11983.514738874861,16578.731611198105,10746.227666918834,3750.3203110290383,2494.409542549783,2971.0050363733694,5538.534408523051,7612.610942585666,6335.493716775721,12787.324301218381,2478.5879208153588
13253.866459388075,16297.988269074574,12097.151845787172,4217.644172867178,2744.738549181307,3239.5746647905175,5508.243820396588,7912.98650730573,7103.261205279558,13063.926635564996,2551.2824372411956
14985.415972999956,17096.112990630765,14176.178716698952,4918.955375415335,3065.3680282005744,3646.174015542665,5766.463350242675,8658.034543356578,8156.006248880087,14160.644880690334,2837.1339122982713
16748.601642185175,19957.982260955443,15997.05579023282,5574.37506099412,3350.0638299850875,4099.7034774941,6361.149740104924,9691.556900520352,9086.492657439634,16003.078371468975,3245.9370880080123
16955.899458229505,23755.900388576243,16487.18455879254,5892.228211217808,3346.583373206031,4172.857853699394,7253.075084149558,10637.7985760669,9260.748883714034,17989.25712618805,3487.3275814580443
16640.273320048957,27817.131751520472,16158.42959186184,5745.2427440544325,3187.1790756938326,4120.342175198462,8121.9465479814335,11533.98696991441,8909.210764997266,19698.515452434614,3525.8070453712025
16400.737658917114,28016.032525978582,15519.127695495892,5532.46271201358,3031.264078488309,4001.082346010721,8277.766872566293,11698.076845166574,8568.238217757094,20004.341308945917,3401.76685580787
16561.91507795955,26565.54121701508,15324.277893977383,5405.436871277786,2985.915673272328,3927.3988883830552,8127.454675166911,11358.62105731332,8427.066219768809,19384.33576469211,3394.451713350642
17099.130242190924,25567.907736211288,15348.125841429444,5387.5019645638195,2995.878660573164,3963.3662388399716,8001.85352670963,11035.859600495582,8391.794781658258,18735.14160926723,3388.452531002096
17307.529858960796,25484.931697624594,15292.306438714064,5352.6478838226885,2965.9905368596565,3939.387935060511,8030.263788597512,10857.24606202546,8326.534844828862,18418.89334438287,3376.3670673840725
18284.770844653838,25935.159838421543,15657.153069912145,5398.465538396762,3043.7124046035674,4035.7885748688323,8075.605570456462,10776.042778391828,8424.534691092404,18314.928847333915,3376.4541752174473
19589.402687807542,25884.145749485448,16353.455189020326,5538.9786371810615,3153.8426721875444,4132.943987764683,8139.343873993988,10674.722080437119,8666.861993485709,18057.762337925127,3398.0267556127765
20528.96668772913,27114.170228086754,17582.400490068212,5659.491471437138,3375.172316597308,4022.8809443134346,8378.003183241311,10884.272948131424,8824.599048352098,18474.102222842535,3247.3010962832345
21928.04106801476,28263.135538852657,18786.636285139695,5886.174055233057,3552.6212488115916,4286.793971715595,8773.621050403623,11119.771099676364,9215.723026578202,18978.27706361949,3278.3782666908714
22302.78178861058,30415.408214418756,18930.632958291975,6032.607283336684,3638.202283688156,4355.7303966676445,9367.279639105593,11695.309171091181,9381.520367591633,20213.754726170995,3313.4630071820984
33049.25337101163,39044.463379443645,20001.975262431624,7131.528975247754,3664.5182154685776,5231.7196587505705,14942.208776418116,12986.306943336762,11368.064026661485,21801.966176476042,3429.133140836393
29764.63709022329,38820.953042073066,18866.851305378554,6944.562827762339,3459.6934080136725,4756.955027294661,14600.069135957272,12905.70925515416,10808.40579621178,21629.069249448836,3277.5543508873716
26864.31717864235,37319.04949954155,16923.207302522154,6643.484389678618,3191.769861703175,4248.910303224531,14089.290839366899,12482.705446757602,9853.005545432701,20833.452908226624,3077.499385350677
23800.86782626792,35257.33728130048,15058.59288731601,6142.775780901656,2923.674668585872,3862.1495654442165,13313.631230670528,11801.740600949784,8870.809513254546,19922.864252259144,2902.5302800475606
20549.196878296178,31824.626353512776,13312.08264178265,5627.6241505675025,2626.777027047371,3508.132835258458,12079.194880217869,10967.834232904095,7924.57167284486,18513.443147356134,2736.200593581124
18888.266079708093,28182.529428151534,12176.934854104164,5207.672936581824,2493.2782134430377,3250.572670303259,10948.945883969292,9853.92386135326,7418.434302510511,16782.706224034177,2670.205635116041
17434.28515139665,24863.249280671847,11309.39006638587,4935.723686702709,2368.8657186725645,3071.318688089264,9878.732657925195,9278.709928901895,7012.701184811586,15277.437916154917,2557.023600355771
16464.562803521512,22389.872272123564,10615.624817020602,4730.070416748285,2316.7794640273896,2969.18461478224,9075.388549445986,8659.864689478683,6703.404823468167,14177.462477103483,2492.0546558078468
15766.987578365439,20670.45991795628,10336.939474375004,4615.076738455264,2323.7637481269826,2978.3288402884377,8499.186075468726,8235.801395850189,6609.826525811768,13525.947292604616,2479.0979723105806
15409.297938393016,19475.266562803834,10602.05093583536,4697.718911983741,2443.2666113614378,3075.4997180836867,7996.35321517255,8108.96729632284,6881.605879786215,13115.983424292053,2508.219154837043
16216.799826430253,18924.39351776522,11766.286866285387,4980.658309596206,2665.3349203019234,3389.1740508670655,7780.616772985051,8285.59635027523,7522.8475692769225,13284.856800894802,2671.3674848904934
18492.20370871233,19462.834122887212,13496.906602083563,5506.948396811299,2992.4549184160146,3844.5623167650842,7796.0601596825945,8799.374078065215,8327.674068650136,13927.103130719792,2704.651775620371
21574.54720123232,21998.129139683642,15564.42163801936,6148.688629663535,3307.2249655278138,4339.243879582641,8150.924901686763,9809.375668155542,9421.786741824919,15474.223417456176,2915.182493500499
23516.97738640769,26524.844885053135,16111.523499673112,6498.501585428023,3344.109791493741,4580.767998136877,9330.384374498195,11089.375403480573,9805.761093908202,17679.450021298024,2984.3983579461874
24842.559336333918,30707.958201000387,16057.897274741623,6523.641454704676,3270.36503460263,4645.619541560208,10803.992403302998,11964.59220472981,9842.878717348302,19328.952943177774,2907.7780761438644
25986.242083298708,32070.264596585363,15880.736173354971,6493.832852386091,3237.520622261737,4723.833747732167,11573.607821079626,12124.53148863404,10014.475396756425,19550.56959935963,2878.558195547812
26835.45614037784,32079.91412473075,16216.398474458976,6524.993214792542,3239.986794375835,4876.024656517091,11974.800156227559,12033.344611064096,10196.71936509018,19290.930167092454,2866.3799451069835
28333.06703722135,32085.961448807477,16599.923734293694,6649.101232574917,3270.413998142097,5024.35857566158,12126.523616023029,11997.473074466276,10435.907711262977,19090.632494206773,2906.3238362248203
29915.55368197938,32853.60714251849,17070.64640840687,6741.041270350278,3328.1456892884144,5156.042938597324,12802.588254808516,11953.141170180757,10681.639048827945,18978.550235507704,2903.786790400748
31687.279491636447,33971.429362603594,18186.149823170996,6905.22816410914,3426.783996141772,5411.968410849766,13318.75329663516,12005.985143072883,11195.551893491807,19067.218410091093,3033.6939879930333
33811.07792042169,34827.759940159674,19196.92432851353,7212.732812143939,3569.7695209779054,5549.569773871613,13750.081815212117,11947.6721269112,11660.998126891971,18873.946221071215,3192.771132321967
35317.2619081054,37144.15479518706,20835.008468413285,7583.502563162622,3710.315025997941,5759.676852862007,14519.588613383574,11957.401984151811,12289.101889088013,19046.839125053568,3414.3629011941603
36492.34269936563,37805.328839649424,21937.27183651198,8010.3460064254095,3825.900689493208,5878.268681726761,15139.003516970351,12238.269469134966,12814.84429345271,19598.25746959689,3614.304373859888
35573.848201771485,41050.49193950211,21585.65435967727,8193.176850381995,3776.123943085988,5740.509716245911,16064.475786081088,12758.144981221794,12738.805324320745,20657.579764281334,3615.7108143131813
33562.15331622772,43094.981695113434,20540.21055087412,8040.939698852658,3672.610423857338,5460.3208947979965,16784.837471210718,13337.900492047807,12291.803467960366,21769.531963128906,3565.5032883680938
30534.049793163078,42392.070228622884,19702.14292067522,7735.784189090555,3451.203251776306,4986.234900894317,16362.24846823291,13245.354860895759,11613.325816027016,21677.255219163708,3432.432960815874
27184.294492902325,40500.23036098978,18041.729291915086,7290.655934123203,3195.1476714218506,4443.652342088617,15772.660211726374,12783.687387649907,10575.001376883562,20922.768195986217,3193.388548834278
23984.656949111428,38160.71824379977,16206.394946034272,6649.006820287581,2920.687005746364,4022.24759116368,14925.319950113875,12123.056053066883,9513.186597501171,20058.898806098776,3069.6552653931117
21075.955736409593,34305.93143030512,14239.147802370304,6041.1361932582095,2627.7737374318885,3667.3751846822274,13575.563032188571,11219.872548731377,8488.430324707155,18725.21597278639,2833.1936170893905
18788.87151152548,30295.946332934946,12966.968669622785,5496.600600951516,2469.3568707883887,3403.0251961918193,12332.148635591067,10106.482543568769,7849.084658963505,17061.180374234347,2716.2758303990927
17329.104787637498,26527.232215248598,11952.314975027733,5107.053359514623,2353.346005612524,3252.6826725563715,10370.95747432686,9440.656357696958,7282.29761325293,15418.910959521952,2592.0525291273034
16292.217871127885,23816.480100335335,11193.811759155811,4849.608960784038,2287.098200026144,3104.6003246126297,9718.191241659417,8790.794371679976,6926.923303241434,14274.619267715669,2504.054391557964
15580.165251020133,21924.946565148282,10960.387160747388,4727.629683073251,2266.89480851099,3132.594815955056,8792.188924931641,8313.836872757201,6789.299527593429,13592.811889605706,2519.096398253834
15371.955704479053,20599.896673658433,11058.146448393227,4763.967188721582,2404.3602206860205,3225.6885481523977,8189.664209174417,8173.3561224364375,7006.953490061577,13239.474823889392,2553.1490259048005
16468.409393873608,20080.046676283866,12075.590883211076,5051.348681215535,2625.2396570474384,3523.433597125642,7923.587483830119,8358.55673821748,7748.273661690644,13345.476536056549,2701.5708422670923
18812.815163899322,20557.19321989626,13660.830634994096,5595.8627105359965,2976.505341875021,4000.8775197571035,7947.030602845672,8878.94353587527,8616.03676014298,13918.496003798833,2725.0907553706725
22158.489449841738,22990.515693146102,15959.664125563902,6297.1324709520895,3306.2287687207595,4578.772350570145,8264.028485794452,9902.764260188129,9781.165204708328,15524.89372361656,3035.175381097935
24295.133785853195,27506.04068966226,16775.816442428,6728.153653764218,3336.6182073048076,4815.034435791132,9420.030897363078,11278.207643582955,10454.513656411937,17878.17449119276,3002.5511886920785
25760.854417973307,31980.308950031984,16851.949319053514,6786.348169081415,3305.7294589622174,4915.1471933757275,11085.3697778564,12176.813372677529,10686.719023084253,19460.36442861347,3026.2791108937627
27341.653473279956,33864.461410652875,16763.29454955964,6826.020622700474,3297.27042588232,5044.353018136696,12079.478680372773,12445.816848559021,10863.149519960305,19716.995294511453,2931.4603493339837
28591.375565115257,34232.42949673485,17029.793328334257,6967.6860543940775,3365.572092590514,5256.848470082125,12671.401386290938,12440.85347158361,11261.677515627145,19461.778738694422,3017.9093585505548
30120.368630587524,34622.6713347432,17360.57049874521,7144.057911559742,3418.8636117555643,5415.425747841958,13013.899902671637,12545.45701982413,11637.442095027536,19437.34928161433,3063.601261413885
32011.339733681794,35451.675047905825,17733.171610654656,7318.048266234296,3493.038742455623,5504.55578646227,13584.706524739004,12658.064589127885,11801.373288740464,19380.061566380067,3062.602364500206
34535.012824465855,36665.187388011225,18687.840017637416,7629.474749685714,3658.932826947842,5691.5839491858915,14215.46216558816,12739.310519790857,12348.81140301129,19534.98348239436,3211.6166988459217
36230.30247294561,37843.72254365028,19653.05748071846,7961.940901975957,3767.53931068753,5789.071379054335,14851.13279707078,12815.4835574556,12753.509525949705,19447.307310931687,3341.7376966606116
38417.26014364482,40043.84909033156,21055.622448946502,8371.001543008673,3907.7753754754926,5945.298849722538,15609.543789944993,12848.097073963376,13402.65952068889,19613.28494062288,3550.5231511936277
39459.99286731088,40765.04904886119,22074.536452482982,8778.523712922404,4044.265512364425,6060.304047848834,16340.746857999287,13244.523232734515,13894.314608434688,20311.626235784308,3733.227401091263
38726.3600677902,43769.15964941339,21737.383621717963,8932.09290873032,3994.800577421397,5991.085502562277,17319.233737471655,13781.842083767737,13775.572910797358,21441.101409514853,3741.8371932723603
36681.24697975242,45815.57825852152,20836.985777711638,8748.435918602056,3856.0329993884343,5695.914513043996,18090.17225302619,14288.216887907874,13280.424708040935,22524.96559819392,3716.318987096939
32976.64352766375,45161.61940616629,19659.658704882517,8341.60860347391,3611.759593998996,5221.107654825677,17664.590886845086,14149.617629406748,12480.209152389718,22439.62656402697,3548.5636981349967
28812.259512100492,42986.81749296284,17779.026231435102,7849.6801054776215,3299.394892888245,4731.110237997551,16801.367953242887,13627.524127885235,11309.684291539992,21615.570152749056,3269.4693820678485
25543.08804820262,40297.60406521366,16346.870149501548,7112.709905765193,2983.494441770888,4305.084735490251,15867.633278024658,12870.269714120814,10157.822843050331,20752.860110168942,3091.7192718383017
22735.155598238227,35988.605680012515,14284.97423536256,6399.260167839667,2663.116947111813,3851.78972816064,14184.735764594612,11832.139245320068,8953.491477186926,19305.520330273877,2857.261968559284
20686.614625974988,31701.42776762951,13047.699734705739,5841.817564507674,2475.873459835013,3533.1245416464035,12775.763942762087,10481.590068125832,8262.10955719926,17484.120383880145,2727.0889656210893
18571.196981626475,27609.767071585335,12106.744528660305,5434.368392430655,2329.9740381183133,3375.8984287685957,11233.036941052453,9869.598800011494,7750.647616085314,15859.748723032217,2624.051883113243
16945.22467851649,24726.548967175317,11340.066860255947,5147.435129632016,2257.3230566886937,3299.672680368989,10198.474819706651,9131.700454122878,7335.350123715723,14708.439698685997,2513.0240159987175
16320.425899515878,22667.810844538843,11070.116554261624,4961.716234906014,2237.5733945905067,3312.788072949146,9305.310155459163,8625.050917556346,7134.100685614511,13908.237653373717,2502.097061005393
16282.593917305681,21085.67338285124,11129.781982680242,4968.248627000462,2341.7238063684676,3424.1616206086665,8608.585749234591,8394.624128291513,7312.355639636786,13504.204233903314,2515.218534007481
17114.11287551549,20451.163454235702,12231.01832920741,5232.156726265074,2623.4465733400752,3675.7009595200357,8280.269788470516,8489.650092619619,7993.619033125167,13457.610463684252,2666.467303359272
19593.063388592123,20887.468993093302,13888.481756123658,5781.589703657439,2949.5918089015513,4127.000902828138,8180.133614990778,8964.88087922279,8923.876452063118,13986.724869156536,2720.8943948971714
23168.3170461486,23250.194120629538,15668.629055093214,6562.106970520231,3279.8245799888123,4648.695960634385,8498.665058429624,10032.244361309264,10209.68647263034,15695.887400869673,2968.2434301998856
26071.68068903661,28098.79225333804,16179.691805852299,7014.727878924443,3382.4453002851556,4860.9940979464955,9678.572653529613,11480.5357850711,10878.106364183071,18059.02696232483,3045.390547109436
27715.415104240263,32870.048546029415,16017.060701447457,7221.005811521975,3333.126978732749,4887.993506279075,11528.818562941085,12520.521162951032,11195.633403169153,19952.51661550932,3016.8976736489817
29433.690513766272,35000.71898089011,16022.208900110742,7271.745191624957,3324.6609977250887,4923.9034299196455,12512.131615997587,12894.638760423379,11306.595918508498,20374.043890364566,2991.682449168061
31443.148181456396,35650.176378994525,16297.710654004492,7432.347965320304,3449.231494970858,5059.348879739943,13163.511258462704,12978.84836115104,11606.454453544176,20323.07065168426,3037.8852793176375
33558.2472399013,36176.45850349336,16599.95934291514,7694.515230492629,3535.890004259605,5125.60127834209,13839.835686618952,13178.15816453686,12014.072421638724,20460.048429282055,3063.854416220708
36362.22316168342,37222.11089972603,16927.687499132364,7860.308461247105,3606.6137823516406,5162.883375896035,14749.57084352535,13349.530206713835,12203.031999517849,20558.6820164432,3065.3541133336594
38682.354840966065,38686.10861711914,18002.848281980703,8206.701816843293,3760.050245261969,5317.83324132551,15617.508155804991,13512.516657869193,12686.831533039323,20852.598123110438,3165.1838214032728
40856.494713468506,39897.03032028507,18923.520153136582,8504.748206299088,3876.679658943385,5359.039242592027,16202.966570872883,13672.817853678216,13073.06685140626,21125.079253123262,3268.8722192377495
42307.288331943266,42066.844678757545,20070.888412204728,8846.202728031441,4023.227836311085,5465.478430415139,17164.76790709152,13779.211529096425,13557.339497920697,21418.083539065257,3483.4399227709273
43632.63222355925,42714.13312406222,20914.640808846092,9252.345640993173,4152.752493342164,5546.836214071266,17732.662739660696,14183.602261301592,14015.048731784005,22191.12770020406,3687.8970041542193
42374.93099740858,45813.25511328863,20443.087333529664,9415.747884272316,4093.465087453201,5512.236560760066,18461.21369594461,14659.580471440611,13894.69227256177,23196.20173552867,3711.9782149382227
40486.59243022694,47765.82947932333,19515.73467750261,9171.422740077618,3953.133037165745,5209.125238156995,18892.811633126417,15141.882984116302,13364.62146003045,24196.62479000033,3589.227410308054
37067.68584439454,46910.7903450735,18571.651781359287,8783.45237458726,3735.751436141836,4735.864592667564,18562.6956028526,14904.13421436654,12599.75569637353,23958.291266631535,3442.878579871321
32995.717171006894,44614.03627533504,17390.603814249258,8247.654789025233,3452.262106406565,4443.207231740336,17777.27682208162,14308.689039251625,11475.878176940256,23039.283539725693,3471.066280620108
29435.547182700007,41620.29067829425,15550.041522228064,7568.620742275431,3110.954520157602,4076.748187576883,16751.37739321196,13931.67210288411,10496.647707002496,22722.652046000385,3302.7884017422257
26102.790596642386,37324.75361165977,13637.85694911786,6828.1831818077435,2789.181007838678,3689.255254979918,15221.438760658473,12845.275550045566,9327.678219642768,21119.560925587382,3005.799458451397
23390.600485634313,32901.15192329498,12300.746764134605,6197.9951437856935,2577.0156785124045,3440.1560254462756,13489.092884727912,11315.744371152385,8531.012222676742,19151.26390434225,2873.4345587431962
21702.966941967232,28915.41527989996,11543.214603079618,5810.439310275356,2443.088459678567,3251.9338131531995,11974.579452630598,10659.445421767741,7970.2858337464395,17283.98746264368,2752.074098297605
20801.680040108684,25718.588499334073,10840.765991066164,5525.987578377378,2334.130764805736,3157.9937292454506,11317.793553465246,9766.800890456207,7581.399978707662,15878.627871185114,2717.582841933187
19850.431223548887,23411.729392179663,10232.667894924369,5283.890566948548,2281.4773022026966,3043.3129398201245,10436.626733229334,9014.667342458511,7331.01867994659,14853.751884091469,2651.918222188584
19001.408353238658,21710.904388850886,9960.426693930793,5071.285947049406,2234.2059873966696,3025.321070033284,9225.323429674023,8650.419056158042,7159.203501789455,14208.953502797158,2582.76476053695
18607.481991530603,20391.982392421556,10243.050956584017,5064.852346941111,2370.609250058335,3253.0569090766207,9169.163437101655,8379.398591137115,7320.922051897072,13705.21330269676,2588.1833870845658
19521.485114126557,19850.307716608742,11026.049190425982,5309.50527625762,2584.590228909877,3453.4638222192507,8415.758898259792,8400.337617143172,7822.534496768344,13559.168199624608,2614.00572227809
21711.932349945593,21049.990419559657,11983.53296264309,5787.394452774448,2737.313234764612,3679.1029558300024,8311.202434257953,8955.761242302577,8649.848641113567,14346.751723193718,2783.0871563758487
25171.26768305661,22723.10710116793,12966.890528044993,6191.285297535465,2941.6854710306015,4003.2433863612523,8990.636279507238,9475.446499197671,9552.4514777392,15069.967294647997,3061.993785625795
28769.702256282857,25361.852633727096,13982.185948405584,6678.312853639562,3073.5375958075147,4342.425920829725,9950.069150268753,9969.069198263845,10371.35411014482,16015.913181370337,3336.2882111477534
32741.646846253137,28477.073416326853,14753.75019341714,7051.4305889675325,3223.785637144762,4613.561126778342,11283.625450009504,10571.91018260448,10925.48573493061,17022.2387732349,3488.8384901502336
35661.27020013995,31652.044856734392,15656.556813863688,7427.44232693561,3376.087101440836,4922.256702913401,12611.320094489602,11328.807857627498,11754.157778756777,18114.003540148366,3582.759943837945
38802.34324949777,34237.0176013331,16275.063235960435,7790.594774693125,3508.476146730122,5160.733864180223,13942.755915929181,11948.980629244164,12186.73825712182,18985.298191601487,3688.1357888847
40356.91020635415,37480.66526016769,16352.547512626788,8089.470922363533,3614.6255440331374,5267.158034416628,15426.366611426014,12467.604324857986,12508.41696471114,19583.770145771345,3692.4475834049376
41678.154269954175,39703.657974132446,16551.364412741892,8350.509103583949,3747.698060970568,5346.634590778767,16564.54997039726,12795.834502686297,12832.051362148244,20094.211594245826,3678.4684820525194
42511.55421490702,41154.728414901096,17036.642341355433,8621.652236618185,3774.0416062185586,5405.4543351762795,17086.6167995509,13118.826828633426,13241.602232458621,20492.95893225125,3738.6775145995675
43028.23181465435,42716.01760725551,17663.660235976702,8794.179870224087,3828.443133973686,5427.107804502287,17498.873710256732,13613.811725527168,13621.17547967288,21219.80455383838,3785.6552149585677
42875.605237700176,43863.608928893664,18123.414093277144,8829.468562286906,3871.804265780422,5374.353177358485,17945.57623961239,13972.620511873709,13404.709302624771,21796.57593397155,3592.8496098038304
41554.43408922327,45076.39884084052,18103.89555796074,8857.296840919327,3778.1148846008305,5243.8761144174205,18402.56529868687,14288.096958034927,13219.31907813194,22572.56369316631,3587.923385978287
39921.088371664526,45369.66889376883,17714.93884210108,8648.004138791059,3658.678311550843,4971.851801402965,18387.9139855488,14434.09143578469,12837.10125282245,23023.44517537516,3483.142105611205
36434.309764717276,44418.85821517692,17229.623896787492,8369.89853670169,3534.448711517559,4643.06833502439,18011.334056911008,14160.180388043882,12200.62855031703,22740.566854736917,3386.5690826834157
33283.70445035555,42878.6892700118,16191.56883491042,7989.601154842794,3316.7010041021676,4307.094361263083,17492.96079928473,13714.25914663461,11266.535518318353,22098.426430968277,3307.168154378293
30031.52861827838,40710.83093069749,14930.012663394065,7396.651947691484,3044.2200486822435,3987.836977564604,16559.555937836576,13256.779121005504,10267.721049687274,21651.83042390317,3141.719147034883
27490.95377187496,37477.750865562586,13182.245976117923,6716.112258498534,2769.78099492781,3625.097190384018,14574.460939757846,12436.292597518634,9198.483650005004,20481.63411650437,3000.563973495155
25317.62740995695,33799.9910532056,11940.71749086232,6135.2247489111305,2573.160308982505,3388.1744099274038,13479.527407552563,11223.923803884163,8591.64160548901,18879.939546099125,2776.2835825613433
23214.98179757217,29236.06353924251,11138.23694139746,5739.203862664763,2413.338324422607,3219.9434016963583,12203.375809846264,10616.664500804334,8113.337804849814,17160.492768919958,2708.109651311143
21347.399503917368,26129.52172843844,10455.18923454993,5427.357967269886,2317.401633589079,3114.0233104104454,11331.324943062224,9855.675735525767,7855.983127665993,15799.596290367932,2657.911201502294
20059.72475122955,23764.91714128285,9875.962724058187,5183.787887340482,2217.8791879089918,3019.68394119739,9654.725592289864,9082.454280294513,7722.18689520143,14754.194366436881,2598.981740829654
19156.931022925095,22068.083113891986,9647.023694508567,4997.520848151595,2229.2162487767932,2981.3413742876464,9194.922623123895,8715.200322668812,7548.934400385126,14157.635078647247,2546.2517632762397
19061.286103865816,20638.482167493694,9853.299785404715,4946.762313585894,2297.733197270686,3189.122058392294,8929.901710852937,8402.81744358597,7698.314051693102,13629.994371624813,2550.579111145519
20077.64392467039,19846.61756624775,10424.130119028514,5213.737518450376,2485.0798565576683,3381.3316328337482,8314.154764315661,8373.416785822174,8130.191733013793,13483.454613992584,2565.0
22286.31705641454,20802.81235346578,11267.65825094562,5703.774180113975,2682.1184895793667,3584.0675168128328,8080.342750926081,8953.264621781607,8867.015333352916,14252.603939691384,2754.08808402198
25264.75591116759,22362.489848639376,12202.234583108799,6208.236050299037,2833.175856543538,3846.142030235779,8607.69638910265,9459.474747778038,9631.758529300652,15073.959529281829,2996.8739234624463
28697.736465765513,24803.972735894637,13050.628665200296,6714.6605139788635,3019.6656444939963,4143.298012119163,9829.510691250553,9991.340172817087,10417.72120422123,16054.179504698206,3271.123521176854
30591.117818679573,27878.798683319124,13554.182012321147,7100.736204756871,3168.9345387600997,4382.348134087186,11396.346845543034,10731.975031551254,10999.980978530884,17151.6947682692,3437.6510093514357
33687.78810594251,31268.04999309913,14290.848172658594,7498.714365043189,3359.1379914050776,4655.956872809283,12765.088502031305,11557.070334624874,11625.308834359908,18409.692564180667,3531.5766952890453
35530.65768458409,34028.300289220555,14843.968618115126,7847.879619848401,3490.7571897359544,4859.4062283439625,13917.9907792867,12211.94754233594,12160.905972997494,19398.294825907386,3621.197215207707
36903.389250357985,36958.38232126123,15041.822248770155,8153.732104287043,3614.101247861988,4984.648174227777,15155.957060434623,12818.348451528396,12509.04254980701,20189.98478926137,3629.9506897340316
39007.35455090593,38950.40783931875,15709.814073373505,8433.698772647898,3760.050245261969,5106.228851298387,16379.116829383738,13261.544416786686,12866.12997105496,20870.282607134686,3704.450281269785
40699.19707490064,39859.54843464648,16321.774978227388,8762.061017239092,3887.178332710002,5228.867249734546,17092.385941515975,13660.77286169344,13287.277098913988,21435.47392701368,3788.611494110362
41209.4030506544,41021.40992393562,17140.118224001948,9015.8427492007,4017.255279444405,5247.384412889548,17586.79969208738,14224.504233931979,13704.279536650716,22291.050087910135,3780.196273220996
40561.0342478898,42269.95445336733,17407.16998712021,9115.946114061659,4079.0973908172787,5142.337198845374,18074.20264063192,14683.956618957005,13561.285721569833,22994.917335794027,3603.2141300656217
39465.47940332789,43565.14109537999,17204.96090635633,9102.259297617014,3990.947746613903,5007.874498911755,18572.196005112874,15048.324391861703,13419.972760987475,23921.066149937844,3599.9985727469666
37931.46844982178,43856.67926766926,16914.306573882714,8882.594787152084,3904.1037106482663,4806.113166362328,18636.66805996743,15128.45982041329,13035.514169840599,24272.91516179122,3526.374955789095
35038.84609572747,42841.63430162801,16396.30082132655,8361.936419355776,3682.891568926219,4408.460614037135,18271.65434206721,14857.287170550379,12356.914066605117,24048.678066709414,3519.096856187223
32260.708482777954,41512.310429647216,15117.9064287459,7972.938958992279,3377.5954358618715,4109.282468358201,17456.5231566529,14533.7965805835,11448.848395495086,23350.199673554867,3218.2028310261367
29917.36126323133,38755.52222584008,13913.454747162617,7339.108785776705,3073.595175418245,3818.8951877184522,16622.553997733878,12902.659465959916,10449.755703811927,21146.921970164844,3077.5165435160557
26572.154743179148,35461.36407254664,12310.089111692414,6721.78579847095,2746.80566604076,3460.281499088036,15442.348107202475,11939.749971560197,9279.76516440661,19831.647596696526,2898.177448754499
23783.1261033757,31837.18044730897,11233.961662434436,6192.29885441996,2547.0495313660126,3246.315823397972,13873.727350424078,10608.251443200717,8540.47834556047,17968.312337239462,2753.803294191055
22114.166594933005,27115.476826228514,10549.340188973483,5791.581869950169,2404.639785324184,3091.4959990987636,12325.16724147751,10130.40391929132,8009.762283827893,16228.84288574731,2703.3718609890325
20779.138630904814,24345.200003785245,9951.652426527433,5494.1182304238755,2302.501856099994,2994.5760914964803,11466.264015258608,9378.7835617668,7592.653353567973,15025.726448721834,2556.0065208434366
20068.340273137524,22163.771776879694,9749.517429211935,5311.782245667855,2288.65941181091,2990.2267398832028,9811.66233999938,8807.981314572538,7444.280125458555,14099.805927896583,2536.7984375622386
19741.941565819467,20631.345305689727,10033.998400494138,5286.8764155914205,2403.2002967005374,3095.37889001626,8794.899217512575,8565.697347568796,7577.48135274601,13550.767880822792,2597.972321601506
20702.029393481585,20012.70903180578,11115.239561466586,5548.403153049993,2667.751832308823,3390.5965245898847,8518.060625272263,8591.943732223412,8392.917036476068,13419.265517276344,2761.7946618696055
23173.572395868297,20600.781355713967,12735.219601192393,6176.07885877464,3031.264078488309,3775.0342963069857,8553.40813261054,9105.284763617794,9516.744859837303,14022.357121142126,3016.7886368855
26415.75464904032,22664.657844891284,14447.690980656314,7028.074539919023,3444.715013150092,4189.252208811667,9983.35297410249,10199.64026727783,10713.147632025233,15755.353738102713,3201.5344136209937
28820.63895562052,28917.873407991,14860.082269957476,7637.973274667396,3563.2780491238764,4371.6056756943235,11385.041657454365,12557.13353224544,11450.873727268041,19667.78611901401,3302.088422114811
30478.41736610651,33609.992026988584,14479.745734698156,7943.80821316021,3574.2357007744267,4361.408370548398,12938.453604130176,13854.454644876723,11779.089467062338,21796.979671805253,3295.809694583942
32179.100823447716,35460.598929146945,14255.227024281814,8093.142813815529,3570.744703150262,4386.960909729058,13832.525094319955,14385.078734666067,11983.396206213863,22625.967598272728,3299.8047646217383
33340.47253962015,35810.81826132919,14569.582411377094,8321.242516134223,3647.468187987304,4477.923732477397,14702.985223282156,14430.285851282259,12455.775056667162,22405.336360108908,3339.4845054963653
34702.50148611297,36093.208705685276,14999.13749307615,8595.763644490022,3728.1608863250594,4610.403066525949,15369.474389961999,14446.686701789893,12825.7896267195,22290.447255687952,3448.475881598758
36382.02602008696,37368.53083173273,15105.78065912924,8845.94607221924,3784.956584583225,4673.650886610029,15952.195454950488,14598.851262644765,12890.735885484039,22463.399584416635,3381.275915411906
38239.26330793439,38419.41942202299,15875.863096889872,9135.412389590685,3953.8345555289256,4800.417700620853,16090.028880188567,14858.502251608157,13430.09341585618,22820.486806303932,3515.6878247699083
39787.65090105188,39575.37172613273,16568.206583940322,9371.26061269638,4070.407861777828,4832.66204308238,16872.544390110346,15093.452717439854,13782.152602564505,23072.20402325216,3613.8511425514757
41494.87596339508,41908.00283854411,17812.65487694615,9693.691051378,4255.294959177368,4910.287974598731,17533.00669676568,14489.813582674016,14331.539875610046,22288.34023078505,3796.0625668798716
41919.2405111162,42267.452672285464,18705.06208590805,10047.521178376797,4395.023572057353,4960.095091569249,18073.31362621418,14903.676376707084,14803.98781413295,23049.7493061296,3954.481108198018
40841.48628028501,44775.24981268535,18658.40361240439,10064.68518147879,4312.044561439549,4897.320342750209,18728.794816938578,15379.000984239743,14601.385296637052,24104.21794179746,3918.147407365602
39115.71535196155,46951.81101305667,17769.42689099393,9786.248318481257,4146.921474422332,4696.070993967518,19202.749518778957,15753.453724621966,14028.320817065458,24946.313821188734,3709.3247227392617
36347.96681681104,46101.74965896228,16966.640493064944,9419.947478241125,3909.352709446942,4332.433187918986,18832.566827321338,15468.624328199312,13131.35377003444,24710.532145448597,3629.38905481144
33086.83810608091,43971.1742830042,15617.9285528219,8862.04108328161,3588.7560318322294,3967.2878169038054,18062.18477003327,14803.42608713697,12050.39692967507,23719.379066630358,3456.212251197983
29839.78884920045,40994.65277322186,14064.71405441878,8136.046696165998,3216.1152073980115,3652.9694030435817,17049.86097050802,13846.345742095527,10878.121064334255,22532.71256167154,3197.934600085054
26485.690116234422,36731.502414268696,12474.445923832607,7402.94330504764,2858.896640008201,3331.7748215823185,15707.671654978665,12587.950677930778,9551.627920471034,20707.583354016722,2997.2135085634623
24187.374206317156,32373.325590067943,11380.879015611461,6795.009841846712,2655.6422954498853,3146.57152452287,14508.955447416909,11014.218486044187,8819.034185347626,18553.114973450734,2839.713201505855
22732.804571559038,27796.64512295607,10608.120334390434,6315.193299758896,2490.38682117463,3008.6923458406936,12847.905774480298,10338.198967109174,8285.641505147474,16445.45675724587,2707.345166663838
21432.3006153288,24918.512009175913,10030.860810881508,5905.593002923197,2406.1917666226864,2920.362842654172,11646.504138117061,9572.085953952606,7791.057813410778,15167.28298879022,2637.4111327761225
20785.10868571083,22779.52609040826,9845.220258673788,5656.502433630511,2360.8876166598116,2921.0069439504655,10874.517229067791,8911.209442913094,7639.695740594766,14297.786167079379,2597.972321601506
20697.375827997024,21266.64809820844,10067.893669972194,5597.729441348412,2457.632652022067,3008.5478978461415,9831.495109276108,8646.473459559065,7759.965294600605,13705.603789771387,2626.7337071117718
21218.220653249256,20540.665857160257,11117.728551664375,5749.657879174646,2741.9750007003945,3282.4534786015206,9221.339682357033,8650.794502079136,8521.788968914738,13603.964639081822,2847.795523935971
22950.74036522576,21098.8521986852,12884.068100029637,6321.538385236636,3120.967601510003,3689.2395397323894,8967.234740449836,9212.424284091236,9492.938599565006,14191.745836995706,2995.3299477023625
25443.5240068025,22986.062159363068,14590.177642579534,7128.183113944731,3488.107845301734,4133.405306816791,9468.498418874791,10210.612311829971,10769.772548806506,15810.339851706201,3300.6927919070617
27003.32280877772,29255.198677026685,15009.824865649513,7750.576193836404,3595.6658638562435,4299.801401946346,10725.228148565004,12507.78473228569,11584.647790770308,19472.369832071476,3326.056869025387
28177.036684189992,34082.371172160674,14696.161608122406,8061.829931987607,3591.66797637588,4308.938846719119,12403.91218761901,13793.835117703615,11875.434354652472,21578.01877930343,3342.752562254279
29135.506662790933,35965.19460302265,14323.074410885838,8183.752533000457,3592.1770293603095,4315.518206431998,13718.298052249736,14229.416005178187,12045.664472089655,22212.619988306866,3335.760962486525
30141.569190863167,36475.70316669212,14441.867835764619,8381.065720154533,3698.7759998631586,4428.04662170465,14532.598915087876,14194.391146494152,12368.611506751753,21997.267226524174,3375.992672826765
31732.617452365786,36835.50336561718,14827.670986380346,8590.247882579562,3785.9498083139647,4537.180360380449,15296.794975958455,14210.900234675035,12780.02334299163,21800.919987904097,3449.1857685915948
32918.78512744139,37800.45494855187,15100.253159274585,8785.116189398714,3864.1585302382164,4617.385777677816,15903.015544814883,14417.231086455145,12917.850654270836,21940.083173538682,3459.172831283774
34119.83821904918,38973.319930169855,16158.559589517874,9069.601581462703,4013.63804594795,4719.214166068653,16532.935725983793,14637.254888465231,13330.101501843697,22244.485839052806,3590.9170895096577
36488.034825106566,39768.1665220066,17118.336767975245,9313.273892658417,4145.231707762058,4778.30369846616,16963.66451158712,14811.146999513201,13780.167579158297,22369.670622237107,3609.8198416087366
37945.3931125484,41362.59883160569,18405.906544604884,9619.281003035598,4289.806111916608,4856.477703571094,17567.190766281008,14197.338216999213,14313.687449452305,21608.826918462757,3794.8669196341148
38908.856649352034,40814.59471660526,19364.299645929434,9891.900804032533,4488.320601618864,4914.274708838446,17939.784274355337,14518.105649474672,14717.948395523863,22335.345420762216,3931.3167230198615
38365.17420467067,42787.024005965446,19249.426897843823,9881.956364155023,4390.23407989521,4877.902290804484,18627.473740530462,14938.695710258928,14512.175112803241,23311.14497708426,3941.519324049213
