elec_demand_AZ,elec_demand_CA,elec_demand_CO,elec_demand_ID,elec_demand_MT,elec_demand_NM,elec_demand_NV,elec_demand_OR,elec_demand_UT,elec_demand_WA,elec_demand_WY
14668.0,49097.0,11863.0,4802.0,2734.0,3363.0,6753.0,9971.0,6798.0,17018.0,3205.0
14130.0,49180.0,11340.0,4614.0,2619.0,3253.0,6753.0,9925.0,6693.0,16950.0,3173.0
13164.0,48098.0,10553.0,4307.0,2457.0,3030.0,6600.0,9640.0,6268.0,16400.0,2919.0
12255.0,45569.0,9937.0,4067.0,2284.0,2841.0,6321.0,8922.0,5810.0,15218.0,2854.0
11478.0,42302.0,9573.0,3827.0,2130.0,2724.0,6057.0,8339.0,5579.0,14196.0,2797.0
11223.0,38937.0,9248.0,3726.0,2046.0,2642.0,5763.0,7765.0,5339.0,13072.0,2741.0
10940.0,35908.0,9251.0,3667.0,2007.0,2566.0,5432.0,7285.0,5244.0,12152.0,2765.0
10926.0,34000.0,9306.0,3654.0,1971.0,2624.0,5258.0,7011.0,5258.0,11736.0,2787.0
11145.0,32906.0,9400.0,3737.0,1987.0,2689.0,5135.0,6920.0,5279.0,11519.0,2759.0
11739.0,32477.0,9468.0,3962.0,2063.0,2745.0,5077.0,6935.0,5514.0,11551.0,2752.0
13095.0,32890.0,10276.0,4325.0,2327.0,2977.0,5157.0,7162.0,6113.0,11911.0,2783.0
14244.0,35248.0,11109.0,4678.0,2620.0,3234.0,5458.0,7873.0,6927.0,13067.0,2861.0
14814.0,40514.0,11530.0,4935.0,2758.0,3448.0,5924.0,8926.0,7590.0,14933.0,3036.0
14597.0,45841.0,12007.0,5001.0,2731.0,3537.0,6276.0,9749.0,7514.0,16231.0,3138.0
14098.0,49475.0,11751.0,4941.0,2679.0,3644.0,6488.0,9908.0,7511.0,16468.0,3304.0
13490.0,50960.0,11403.0,4822.0,2600.0,3594.0,6628.0,9851.0,7304.0,16230.0,3336.0
13085.0,50188.0,10908.0,4693.0,2528.0,3534.0,6510.0,9575.0,7002.0,15830.0,3317.0
12561.0,48554.0,10618.0,4557.0,2488.0,3504.0,6287.0,9333.0,6782.0,15519.0,3272.0
12029.0,47421.0,10673.0,4468.0,2483.0,3443.0,6046.0,9118.0,6614.0,15204.0,3225.0
11948.0,46726.0,10807.0,4446.0,2476.0,3409.0,5896.0,8931.0,6540.0,14932.0,3232.0
11981.0,45263.0,11003.0,4489.0,2569.0,3244.0,5766.0,8626.0,6423.0,14477.0,3030.0
12834.0,44037.0,11928.0,4724.0,2747.0,3390.0,5663.0,8619.0,6733.0,14613.0,3043.0
14317.0,45599.0,12608.0,4950.0,2891.0,3612.0,5886.0,9036.0,7231.0,15318.0,3168.0
14473.0,50850.0,12661.0,5014.0,2879.0,3609.0,6573.0,9820.0,7260.0,16548.0,3178.0
14143.0,54732.0,12216.0,4879.0,2779.0,3494.0,6866.0,10224.0,7119.0,17106.0,3146.0
13639.0,54263.0,11746.0,4660.0,2642.0,3384.0,6861.0,10098.0,6922.0,16830.0,3082.0
12714.0,51939.0,10867.0,4375.0,2467.0,3215.0,6696.0,9800.0,6508.0,16198.0,2951.0
11791.0,49176.0,10213.0,4127.0,2242.0,2983.0,6430.0,9229.0,6015.0,15259.0,2858.0
11085.0,45028.0,9632.0,3889.0,2099.0,2845.0,6094.0,8569.0,5623.0,14055.0,2752.0
10729.0,40481.0,9198.0,3726.0,1986.0,2760.0,5731.0,7847.0,5397.0,12847.0,2716.0
10665.0,37471.0,9059.0,3649.0,1943.0,2732.0,5374.0,7259.0,5274.0,11873.0,2757.0
10686.0,35339.0,8891.0,3649.0,1910.0,2786.0,5210.0,6997.0,5208.0,11288.0,2753.0
11062.0,34112.0,8856.0,3720.0,1921.0,2815.0,5106.0,6865.0,5261.0,11076.0,2728.0
11831.0,33462.0,8894.0,3950.0,2018.0,2906.0,5147.0,6812.0,5463.0,10936.0,2733.0
13177.0,34122.0,9586.0,4320.0,2268.0,3152.0,5215.0,7075.0,6016.0,11336.0,2751.0
14268.0,36359.0,10402.0,4626.0,2541.0,3351.0,5519.0,7722.0,6837.0,12460.0,2816.0
14450.0,41867.0,11045.0,4892.0,2654.0,3511.0,5983.0,8852.0,7421.0,14235.0,3010.0
13894.0,46758.0,11043.0,4955.0,2624.0,3581.0,6251.0,9650.0,7383.0,15573.0,3075.0
13202.0,50107.0,10827.0,4896.0,2587.0,3641.0,6467.0,9818.0,7331.0,15864.0,3240.0
12727.0,51562.0,10568.0,4774.0,2509.0,3592.0,6564.0,9737.0,7103.0,15588.0,3280.0
12275.0,50539.0,10280.0,4631.0,2448.0,3480.0,6435.0,9517.0,6832.0,15157.0,3258.0
11860.0,48849.0,10074.0,4515.0,2396.0,3436.0,6150.0,9278.0,6637.0,14716.0,3219.0
11408.0,47502.0,10089.0,4422.0,2397.0,3396.0,5916.0,8953.0,6512.0,14357.0,3161.0
11313.0,46603.0,10367.0,4390.0,2404.0,3327.0,5767.0,8784.0,6408.0,14092.0,3210.0
11415.0,45155.0,10607.0,4404.0,2495.0,3199.0,5659.0,8449.0,6307.0,13704.0,2997.0
12198.0,43835.0,11328.0,4646.0,2674.0,3315.0,5530.0,8464.0,6567.0,13780.0,2982.0
13766.0,45644.0,12048.0,4895.0,2799.0,3545.0,5760.0,8795.0,7048.0,14488.0,3139.0
13976.0,50852.0,12105.0,4951.0,2788.0,3529.0,6416.0,9605.0,7169.0,15850.0,3147.0
13673.0,54747.0,11740.0,4845.0,2683.0,3448.0,6739.0,10053.0,7011.0,16462.0,3097.0
13251.0,54474.0,11354.0,4606.0,2582.0,3297.0,6739.0,10016.0,6809.0,16357.0,3029.0
12336.0,51911.0,10446.0,4338.0,2402.0,3142.0,6559.0,9731.0,6396.0,15819.0,2919.0
11328.0,49163.0,9737.0,4092.0,2215.0,2922.0,6266.0,9206.0,5929.0,15017.0,2854.0
10691.0,45168.0,9175.0,3846.0,2063.0,2756.0,5911.0,8599.0,5523.0,14015.0,2753.0
10406.0,40905.0,8827.0,3693.0,1992.0,2699.0,5519.0,7888.0,5308.0,12824.0,2675.0
10272.0,37319.0,8743.0,3602.0,1949.0,2647.0,5197.0,7332.0,5205.0,11960.0,2741.0
10274.0,35339.0,8700.0,3605.0,1916.0,2689.0,4994.0,7110.0,5186.0,11563.0,2733.0
10589.0,34034.0,8575.0,3708.0,1946.0,2749.0,4934.0,7023.0,5263.0,11355.0,2710.0
11313.0,33420.0,8824.0,3970.0,2047.0,2834.0,4913.0,7023.0,5418.0,11397.0,2717.0
12744.0,34143.0,9433.0,4336.0,2281.0,3077.0,4953.0,7297.0,6003.0,11824.0,2721.0
13792.0,36597.0,10167.0,4663.0,2557.0,3276.0,5257.0,8022.0,6802.0,13069.0,2813.0
13907.0,42106.0,10904.0,4950.0,2679.0,3412.0,5771.0,9123.0,7383.0,15048.0,2985.0
13336.0,46850.0,10950.0,4935.0,2663.0,3473.0,6047.0,9965.0,7324.0,16411.0,3075.0
12641.0,50124.0,10756.0,4884.0,2589.0,3536.0,6232.0,10100.0,7318.0,16697.0,3215.0
12052.0,51629.0,10431.0,4738.0,2486.0,3479.0,6339.0,9985.0,7052.0,16357.0,3258.0
11720.0,50427.0,10093.0,4620.0,2418.0,3425.0,6168.0,9711.0,6783.0,15808.0,3258.0
11393.0,48896.0,9867.0,4487.0,2374.0,3361.0,5940.0,9423.0,6544.0,15268.0,3182.0
11081.0,47758.0,9849.0,4391.0,2334.0,3314.0,5710.0,9142.0,6425.0,14700.0,3166.0
11066.0,47030.0,9963.0,4350.0,2342.0,3270.0,5656.0,8893.0,6387.0,14307.0,3160.0
11114.0,45770.0,10376.0,4348.0,2418.0,3118.0,5552.0,8523.0,6269.0,13728.0,2959.0
11904.0,44624.0,11190.0,4597.0,2582.0,3191.0,5450.0,8470.0,6473.0,13735.0,2959.0
13297.0,46046.0,11800.0,4861.0,2776.0,3429.0,5654.0,8902.0,7067.0,14690.0,3101.0
13428.0,51220.0,11891.0,4928.0,2771.0,3431.0,6290.0,9754.0,7105.0,16132.0,3134.0
12999.0,54914.0,11594.0,4822.0,2704.0,3349.0,6636.0,10229.0,6932.0,16889.0,3080.0
12594.0,54365.0,11159.0,4602.0,2606.0,3263.0,6591.0,10153.0,6742.0,16776.0,3019.0
11680.0,51509.0,10305.0,4342.0,2433.0,3106.0,6412.0,9843.0,6370.0,16236.0,2917.0
10638.0,48550.0,9604.0,4091.0,2226.0,2847.0,6121.0,9306.0,5858.0,15378.0,2828.0
10146.0,44647.0,8924.0,3826.0,2103.0,2702.0,5760.0,8737.0,5457.0,14336.0,2725.0
9818.0,40451.0,8567.0,3694.0,2018.0,2647.0,5364.0,7995.0,5275.0,13106.0,2688.0
9692.0,36910.0,8413.0,3626.0,1972.0,2603.0,5038.0,7449.0,5150.0,12203.0,2700.0
9652.0,34946.0,8333.0,3585.0,1949.0,2629.0,4911.0,7206.0,5084.0,11762.0,2717.0
9965.0,33490.0,8361.0,3686.0,1949.0,2694.0,4790.0,7083.0,5112.0,11565.0,2679.0
10726.0,32861.0,8647.0,3917.0,2049.0,2791.0,4782.0,7100.0,5335.0,11564.0,2671.0
12123.0,33411.0,9378.0,4283.0,2311.0,3007.0,4891.0,7330.0,5951.0,12006.0,2742.0
12996.0,35829.0,9993.0,4632.0,2585.0,3200.0,5207.0,8068.0,6693.0,13221.0,2802.0
13155.0,41031.0,10767.0,4881.0,2700.0,3379.0,5682.0,9186.0,7236.0,15180.0,2927.0
12670.0,45926.0,10843.0,4928.0,2633.0,3450.0,5988.0,9936.0,7241.0,16527.0,3052.0
12159.0,49501.0,10667.0,4969.0,2560.0,3508.0,6174.0,10154.0,7240.0,16813.0,3220.0
11779.0,51221.0,10375.0,4732.0,2516.0,3427.0,6281.0,10129.0,7043.0,16663.0,3242.0
11517.0,50289.0,10040.0,4560.0,2448.0,3370.0,6184.0,9993.0,6774.0,16298.0,3223.0
11304.0,48859.0,9728.0,4468.0,2408.0,3347.0,5931.0,9737.0,6543.0,15790.0,3178.0
11048.0,47867.0,9739.0,4417.0,2376.0,3264.0,5710.0,9519.0,6402.0,15497.0,3155.0
11109.0,47402.0,9972.0,4359.0,2376.0,3175.0,5574.0,9401.0,6383.0,15207.0,3180.0
11206.0,46033.0,10305.0,4334.0,2462.0,3039.0,5489.0,9126.0,6157.0,14857.0,2904.0
11898.0,44806.0,11003.0,4599.0,2608.0,3148.0,5395.0,9092.0,6473.0,14965.0,2943.0
13200.0,46162.0,11675.0,4833.0,2804.0,3383.0,5606.0,9529.0,7022.0,15748.0,3077.0
13342.0,50991.0,11748.0,4889.0,2796.0,3424.0,6231.0,10212.0,7047.0,16881.0,3132.0
12876.0,54536.0,11445.0,4813.0,2711.0,3259.0,6528.0,10544.0,6952.0,17437.0,3077.0
12308.0,53919.0,10999.0,4593.0,2606.0,3186.0,6521.0,10419.0,6719.0,17192.0,3036.0
11522.0,51211.0,10254.0,4348.0,2448.0,3042.0,6292.0,10048.0,6343.0,16479.0,2915.0
10539.0,48407.0,9638.0,4067.0,2233.0,2823.0,6060.0,9471.0,5828.0,15602.0,2852.0
9917.0,44489.0,9057.0,3834.0,2094.0,2690.0,5721.0,8790.0,5424.0,14510.0,2725.0
9574.0,40063.0,8667.0,3659.0,2015.0,2611.0,5341.0,8046.0,5236.0,13207.0,2677.0
9426.0,36642.0,8567.0,3614.0,1951.0,2569.0,5029.0,7442.0,5139.0,12205.0,2716.0
9441.0,34523.0,8470.0,3603.0,1930.0,2606.0,4905.0,7154.0,5070.0,11721.0,2704.0
9814.0,33369.0,8448.0,3678.0,1947.0,2650.0,4807.0,7044.0,5166.0,11534.0,2664.0
10487.0,32630.0,8611.0,3924.0,2035.0,2737.0,4751.0,7004.0,5353.0,11465.0,2648.0
11832.0,32937.0,9458.0,4295.0,2295.0,2946.0,4830.0,7214.0,5928.0,11844.0,2674.0
12818.0,35471.0,10183.0,4611.0,2571.0,3112.0,5166.0,7900.0,6728.0,12994.0,2797.0
13081.0,40419.0,10855.0,4879.0,2727.0,3323.0,5635.0,8907.0,7286.0,14790.0,2955.0
12709.0,45077.0,10987.0,4948.0,2694.0,3369.0,5972.0,9734.0,7320.0,16216.0,3065.0
12129.0,48837.0,10745.0,4899.0,2628.0,3436.0,6186.0,9953.0,7321.0,16651.0,3255.0
11787.0,50814.0,10446.0,4775.0,2538.0,3405.0,6303.0,9962.0,7116.0,16639.0,3276.0
11471.0,49765.0,10097.0,4636.0,2497.0,3328.0,6116.0,9754.0,6827.0,16329.0,3256.0
11179.0,48424.0,9878.0,4494.0,2445.0,3269.0,5898.0,9480.0,6575.0,15931.0,3178.0
10932.0,47278.0,9748.0,4384.0,2407.0,3213.0,5735.0,9159.0,6474.0,15457.0,3143.0
10907.0,46690.0,9869.0,4369.0,2417.0,3137.0,5604.0,8952.0,6479.0,14974.0,3138.0
10870.0,45166.0,10274.0,4374.0,2462.0,2985.0,5498.0,8599.0,6307.0,14423.0,2932.0
11531.0,44092.0,10967.0,4586.0,2642.0,3066.0,5378.0,8537.0,6556.0,14459.0,2957.0
12698.0,45645.0,11626.0,4774.0,2810.0,3288.0,5578.0,8877.0,7018.0,15169.0,3080.0
12776.0,50368.0,11620.0,4838.0,2808.0,3269.0,6148.0,9637.0,7064.0,16561.0,3091.0
12378.0,53585.0,11356.0,4720.0,2759.0,3210.0,6481.0,10013.0,6922.0,17213.0,3069.0
12056.0,52639.0,10937.0,4547.0,2648.0,3144.0,6427.0,9896.0,6702.0,16983.0,3019.0
11609.0,50000.0,10418.0,4406.0,2495.0,2992.0,6264.0,9585.0,6537.0,16498.0,3075.0
10796.0,47349.0,9673.0,4168.0,2305.0,2808.0,6067.0,9393.0,6082.0,16105.0,3001.0
10221.0,44060.0,9313.0,3972.0,2186.0,2643.0,5816.0,8813.0,5717.0,15023.0,2892.0
9850.0,39672.0,8819.0,3784.0,2071.0,2573.0,5458.0,8174.0,5438.0,13914.0,2852.0
9620.0,36255.0,8620.0,3708.0,2002.0,2491.0,5119.0,7628.0,5242.0,13023.0,2897.0
9489.0,33909.0,8513.0,3663.0,1975.0,2485.0,4946.0,7308.0,5141.0,12536.0,2856.0
9586.0,32225.0,8357.0,3665.0,1966.0,2509.0,4816.0,7163.0,5121.0,12200.0,2845.0
9764.0,31247.0,8408.0,3727.0,2013.0,2579.0,4768.0,7083.0,5134.0,12115.0,2793.0
10349.0,30553.0,8599.0,3893.0,2121.0,2711.0,4737.0,7097.0,5380.0,12177.0,2793.0
11035.0,30820.0,9108.0,4122.0,2257.0,2838.0,4843.0,7351.0,5815.0,12624.0,2826.0
11759.0,32487.0,9868.0,4370.0,2455.0,3061.0,5049.0,7880.0,6365.0,13526.0,2955.0
11859.0,34426.0,10185.0,4521.0,2543.0,3229.0,5211.0,8492.0,6673.0,14701.0,3094.0
11601.0,38121.0,10487.0,4617.0,2555.0,3286.0,5416.0,9013.0,6899.0,15684.0,3267.0
11476.0,42105.0,10661.0,4547.0,2546.0,3307.0,5684.0,9371.0,6826.0,16296.0,3295.0
11259.0,43962.0,10816.0,4472.0,2530.0,3284.0,5690.0,9343.0,6687.0,16149.0,3301.0
11044.0,44229.0,10736.0,4403.0,2498.0,3241.0,5547.0,9171.0,6526.0,15731.0,3261.0
10801.0,44660.0,10815.0,4325.0,2448.0,3204.0,5519.0,9030.0,6357.0,15372.0,3238.0
10742.0,44350.0,10902.0,4295.0,2434.0,3186.0,5445.0,8852.0,6326.0,14971.0,3230.0
10756.0,43691.0,11124.0,4298.0,2495.0,3042.0,5398.0,8702.0,6165.0,14479.0,3067.0
11103.0,42507.0,11824.0,4505.0,2665.0,3128.0,5285.0,8579.0,6397.0,14316.0,3059.0
12049.0,42914.0,12040.0,4693.0,2771.0,3195.0,5514.0,8897.0,6682.0,14952.0,3146.0
12133.0,46874.0,12113.0,4743.0,2745.0,3217.0,6055.0,9611.0,6775.0,16295.0,3173.0
11904.0,48434.0,11835.0,4674.0,2705.0,3185.0,6206.0,9832.0,6692.0,16643.0,3134.0
11555.0,48244.0,11549.0,4494.0,2619.0,3102.0,6206.0,9808.0,6473.0,16677.0,3082.0
11107.0,46792.0,10958.0,4343.0,2530.0,2985.0,6036.0,9555.0,6243.0,16248.0,2987.0
10398.0,44794.0,10359.0,4156.0,2357.0,2812.0,5849.0,9190.0,5910.0,15713.0,2929.0
9871.0,42033.0,9614.0,3979.0,2207.0,2677.0,5630.0,8704.0,5551.0,14863.0,2844.0
9495.0,38737.0,9325.0,3839.0,2106.0,2617.0,5362.0,8194.0,5380.0,13980.0,2784.0
9302.0,35736.0,9314.0,3762.0,2066.0,2566.0,5099.0,7699.0,5241.0,13130.0,2865.0
9177.0,33249.0,9255.0,3718.0,1999.0,2552.0,4913.0,7403.0,5182.0,12695.0,2873.0
9226.0,31685.0,9079.0,3713.0,2004.0,2569.0,4813.0,7275.0,5144.0,12441.0,2826.0
9273.0,30761.0,9087.0,3775.0,2020.0,2625.0,4789.0,7201.0,5223.0,12448.0,2813.0
9798.0,30076.0,9257.0,3946.0,2125.0,2697.0,4750.0,7231.0,5442.0,12506.0,2793.0
10367.0,30209.0,9556.0,4159.0,2260.0,2772.0,4796.0,7478.0,5794.0,12926.0,2803.0
10995.0,30964.0,10123.0,4372.0,2411.0,2980.0,4898.0,7915.0,6356.0,13745.0,2929.0
11186.0,32877.0,10238.0,4530.0,2503.0,3126.0,5030.0,8492.0,6555.0,14835.0,3047.0
11109.0,36724.0,10301.0,4634.0,2522.0,3180.0,5255.0,8951.0,6756.0,15779.0,3224.0
11024.0,40252.0,10273.0,4592.0,2509.0,3192.0,5563.0,9312.0,6652.0,16420.0,3242.0
10966.0,41879.0,10250.0,4515.0,2476.0,3195.0,5590.0,9279.0,6516.0,16305.0,3235.0
10796.0,42285.0,10172.0,4439.0,2457.0,3207.0,5541.0,9067.0,6362.0,15895.0,3240.0
10665.0,43260.0,10108.0,4402.0,2436.0,3182.0,5519.0,8934.0,6261.0,15618.0,3217.0
10734.0,43350.0,10316.0,4384.0,2418.0,3176.0,5459.0,8793.0,6217.0,15254.0,3282.0
10870.0,42855.0,10514.0,4405.0,2470.0,3048.0,5383.0,8624.0,6084.0,14846.0,3146.0
11362.0,41649.0,11239.0,4601.0,2662.0,3144.0,5340.0,8514.0,6355.0,14733.0,3094.0
12291.0,42005.0,11535.0,4794.0,2782.0,3293.0,5566.0,8862.0,6676.0,15318.0,3200.0
12440.0,46476.0,11635.0,4851.0,2796.0,3320.0,6101.0,9614.0,6797.0,16815.0,3239.0
13350.0,52336.0,13076.0,4778.0,2796.0,3508.0,6732.0,10031.0,6836.0,17801.0,2921.0
12784.0,52453.0,12648.0,4549.0,2694.0,3385.0,6749.0,9966.0,6661.0,17622.0,2894.0
11832.0,51128.0,11639.0,4272.0,2515.0,3127.0,6631.0,9645.0,6297.0,17084.0,2710.0
10932.0,48911.0,10897.0,3999.0,2305.0,2907.0,6387.0,9130.0,5820.0,16206.0,2620.0
10150.0,45192.0,10222.0,3729.0,2148.0,2750.0,6094.0,8480.0,5430.0,15038.0,2533.0
9763.0,41000.0,9913.0,3573.0,2037.0,2682.0,5748.0,7794.0,5239.0,13785.0,2489.0
9621.0,37017.0,9940.0,3483.0,1999.0,2661.0,5355.0,7257.0,5088.0,12724.0,2589.0
9649.0,34579.0,9807.0,3450.0,1946.0,2651.0,5167.0,6983.0,4935.0,12261.0,2563.0
9948.0,33063.0,9780.0,3522.0,1959.0,2668.0,5069.0,6835.0,4971.0,12008.0,2541.0
10817.0,32339.0,10032.0,3756.0,2068.0,2787.0,5038.0,6851.0,5198.0,11982.0,2526.0
12361.0,32409.0,10851.0,4082.0,2319.0,2996.0,5082.0,7094.0,5750.0,12470.0,2549.0
13172.0,34672.0,11527.0,4390.0,2628.0,3222.0,5362.0,7769.0,6525.0,13687.0,2645.0
13431.0,39499.0,12290.0,4705.0,2760.0,3415.0,5815.0,8789.0,7148.0,15559.0,2800.0
13125.0,44255.0,12352.0,4781.0,2751.0,3451.0,6128.0,9581.0,7155.0,17004.0,2880.0
12520.0,48404.0,12145.0,4779.0,2691.0,3450.0,6433.0,9882.0,7182.0,17489.0,3050.0
11945.0,50325.0,11656.0,4713.0,2606.0,3419.0,6598.0,10012.0,7102.0,17601.0,3114.0
11537.0,49240.0,11389.0,4613.0,2564.0,3293.0,6460.0,9880.0,6911.0,17264.0,3075.0
11361.0,48197.0,11218.0,4550.0,2543.0,3276.0,6168.0,9663.0,6790.0,16838.0,3067.0
11060.0,47495.0,11042.0,4498.0,2506.0,3212.0,6024.0,9540.0,6673.0,16602.0,2999.0
11069.0,46818.0,11247.0,4506.0,2520.0,3178.0,5866.0,9474.0,6660.0,16379.0,3005.0
11387.0,45138.0,11698.0,4643.0,2677.0,3122.0,5764.0,9255.0,6681.0,16013.0,2856.0
12734.0,45553.0,12757.0,4889.0,2897.0,3379.0,5779.0,9418.0,7147.0,16407.0,2934.0
14082.0,48516.0,13286.0,5065.0,3019.0,3590.0,6264.0,9999.0,7523.0,17595.0,3013.0
14110.0,54868.0,13295.0,5071.0,2993.0,3531.0,6839.0,10652.0,7448.0,18805.0,3019.0
13698.0,57713.0,12893.0,4911.0,2920.0,3435.0,7106.0,10905.0,7251.0,19213.0,2957.0
13193.0,57268.0,12201.0,4644.0,2782.0,3322.0,7065.0,10734.0,6988.0,18986.0,2908.0
12197.0,54503.0,11284.0,4335.0,2575.0,3126.0,6855.0,10318.0,6555.0,18203.0,2774.0
11160.0,51039.0,10460.0,4014.0,2330.0,2872.0,6553.0,9699.0,5943.0,17215.0,2673.0
10544.0,46383.0,9727.0,3735.0,2164.0,2693.0,6154.0,8899.0,5460.0,15760.0,2542.0
10064.0,41101.0,9475.0,3538.0,2044.0,2615.0,5720.0,8097.0,5183.0,14374.0,2505.0
9899.0,36816.0,9426.0,3444.0,2002.0,2570.0,5258.0,7418.0,5024.0,13132.0,2612.0
9813.0,34153.0,9270.0,3434.0,1960.0,2545.0,5050.0,7099.0,4905.0,12590.0,2563.0
10126.0,32864.0,9284.0,3471.0,1983.0,2593.0,4954.0,6913.0,4948.0,12328.0,2541.0
10983.0,31812.0,9638.0,3695.0,2066.0,2681.0,4875.0,6900.0,5105.0,12236.0,2539.0
12430.0,31844.0,10466.0,3986.0,2327.0,2909.0,4894.0,7065.0,5581.0,12613.0,2564.0
13202.0,34172.0,11291.0,4316.0,2587.0,3100.0,5155.0,7725.0,6297.0,13871.0,2632.0
13475.0,38871.0,12056.0,4618.0,2751.0,3296.0,5519.0,8674.0,6918.0,15599.0,2774.0
13137.0,44000.0,12103.0,4726.0,2737.0,3337.0,5795.0,9459.0,6947.0,16924.0,2873.0
12456.0,48056.0,11851.0,4768.0,2656.0,3318.0,6121.0,9703.0,6942.0,17329.0,2999.0
11865.0,50285.0,11423.0,4755.0,2560.0,3297.0,6306.0,9772.0,6821.0,17489.0,3077.0
11561.0,49310.0,11166.0,4689.0,2545.0,3226.0,6222.0,9599.0,6737.0,17144.0,3052.0
11260.0,48829.0,10976.0,4663.0,2481.0,3191.0,6072.0,9417.0,6632.0,16716.0,3019.0
11055.0,48351.0,10835.0,4580.0,2464.0,3131.0,5903.0,9267.0,6385.0,16496.0,2945.0
11058.0,47895.0,11095.0,4589.0,2508.0,3077.0,5775.0,9163.0,6411.0,16241.0,2940.0
11333.0,45888.0,11643.0,4698.0,2638.0,3030.0,5718.0,9009.0,6453.0,15875.0,2821.0
12718.0,46101.0,12740.0,4888.0,2861.0,3289.0,5760.0,9104.0,6912.0,16128.0,2900.0
13942.0,48930.0,13308.0,5019.0,2980.0,3453.0,6216.0,9654.0,7194.0,17175.0,2987.0
14044.0,54756.0,13331.0,5034.0,2945.0,3446.0,6792.0,10299.0,7166.0,18208.0,2982.0
13603.0,57059.0,12897.0,4865.0,2857.0,3351.0,7029.0,10531.0,7001.0,18603.0,2934.0
13130.0,56482.0,12344.0,4589.0,2734.0,3241.0,6996.0,10434.0,6703.0,18350.0,2902.0
12165.0,53783.0,11440.0,4277.0,2543.0,3068.0,6716.0,10034.0,6373.0,17676.0,2775.0
11123.0,50540.0,10542.0,3958.0,2286.0,2831.0,6424.0,9483.0,5772.0,16697.0,2651.0
10348.0,46236.0,9752.0,3668.0,2114.0,2658.0,5992.0,8694.0,5264.0,15382.0,2522.0
9867.0,40893.0,9382.0,3463.0,2016.0,2582.0,5497.0,7906.0,4988.0,13988.0,2490.0
9650.0,36635.0,9336.0,3371.0,1940.0,2543.0,5094.0,7246.0,4850.0,12764.0,2563.0
9652.0,34077.0,9186.0,3308.0,1916.0,2507.0,4875.0,6925.0,4743.0,12232.0,2513.0
9867.0,32649.0,9157.0,3361.0,1923.0,2556.0,4737.0,6745.0,4786.0,11890.0,2513.0
10668.0,31626.0,9492.0,3584.0,2031.0,2652.0,4700.0,6678.0,4956.0,11788.0,2496.0
12087.0,31703.0,10330.0,3901.0,2263.0,2910.0,4737.0,6886.0,5470.0,12158.0,2515.0
12881.0,33784.0,11053.0,4236.0,2546.0,3079.0,4954.0,7617.0,6181.0,13400.0,2596.0
13174.0,38621.0,11865.0,4524.0,2679.0,3257.0,5410.0,8551.0,6814.0,15112.0,2786.0
12928.0,43315.0,11798.0,4628.0,2663.0,3310.0,5696.0,9369.0,6738.0,16515.0,2842.0
12412.0,47091.0,11811.0,4651.0,2611.0,3320.0,5970.0,9691.0,6835.0,17126.0,2982.0
11924.0,49330.0,11407.0,4641.0,2557.0,3300.0,6207.0,9827.0,6834.0,17329.0,3095.0
11564.0,48455.0,11140.0,4579.0,2501.0,3212.0,6092.0,9710.0,6739.0,17009.0,3059.0
11382.0,47637.0,10987.0,4565.0,2470.0,3184.0,5887.0,9556.0,6625.0,16687.0,3042.0
11098.0,47067.0,10847.0,4485.0,2450.0,3137.0,5779.0,9452.0,6455.0,16499.0,2945.0
11118.0,46563.0,11133.0,4555.0,2506.0,3095.0,5582.0,9397.0,6440.0,16297.0,2945.0
11416.0,44964.0,11605.0,4634.0,2645.0,3030.0,5519.0,9218.0,6472.0,15964.0,2816.0
12706.0,45309.0,12611.0,4850.0,2837.0,3294.0,5576.0,9321.0,6865.0,16228.0,2886.0
13915.0,48100.0,13224.0,4973.0,2961.0,3468.0,6035.0,9859.0,7163.0,17307.0,2989.0
14007.0,53986.0,13162.0,4990.0,2942.0,3405.0,6576.0,10418.0,7143.0,18291.0,2957.0
13615.0,56602.0,12819.0,4845.0,2822.0,3342.0,6877.0,10593.0,6917.0,18689.0,2915.0
13325.0,55937.0,12231.0,4572.0,2711.0,3201.0,6854.0,10439.0,6708.0,18345.0,2876.0
12261.0,53390.0,11296.0,4268.0,2502.0,3019.0,6668.0,10101.0,6276.0,17727.0,2734.0
11198.0,50427.0,10434.0,3967.0,2286.0,2779.0,6388.0,9535.0,5713.0,16748.0,2625.0
10391.0,45972.0,9690.0,3673.0,2099.0,2624.0,6046.0,8786.0,5229.0,15468.0,2516.0
9954.0,40720.0,9336.0,3465.0,2020.0,2521.0,5579.0,7951.0,4972.0,14036.0,2480.0
9717.0,36384.0,9290.0,3343.0,1962.0,2481.0,5170.0,7323.0,4814.0,12885.0,2543.0
9741.0,33956.0,9090.0,3298.0,1921.0,2465.0,4937.0,7022.0,4715.0,12276.0,2518.0
10013.0,32416.0,9149.0,3349.0,1921.0,2538.0,4838.0,6845.0,4688.0,12002.0,2489.0
10867.0,31320.0,9437.0,3570.0,2016.0,2613.0,4771.0,6781.0,4867.0,11867.0,2477.0
12221.0,31285.0,10231.0,3886.0,2266.0,2847.0,4798.0,6986.0,5404.0,12300.0,2505.0
12963.0,33246.0,10890.0,4210.0,2550.0,3068.0,5041.0,7642.0,6054.0,13451.0,2598.0
13304.0,38139.0,11777.0,4545.0,2691.0,3232.0,5519.0,8613.0,6664.0,15165.0,2769.0
13012.0,42940.0,11885.0,4648.0,2688.0,3309.0,5770.0,9451.0,6728.0,16550.0,2843.0
12458.0,47144.0,11668.0,4668.0,2634.0,3320.0,6128.0,9748.0,6772.0,17207.0,2978.0
11876.0,49193.0,11251.0,4660.0,2560.0,3290.0,6267.0,9937.0,6710.0,17478.0,3031.0
11556.0,48118.0,10994.0,4597.0,2513.0,3212.0,6151.0,9766.0,6619.0,17048.0,3022.0
11302.0,47313.0,10779.0,4528.0,2473.0,3181.0,5996.0,9488.0,6498.0,16554.0,2987.0
11042.0,46716.0,10636.0,4465.0,2463.0,3128.0,5875.0,9313.0,6264.0,16210.0,2923.0
11041.0,46261.0,10878.0,4487.0,2496.0,3093.0,5735.0,9190.0,6246.0,15950.0,2909.0
11315.0,44640.0,11347.0,4626.0,2625.0,3053.0,5619.0,9015.0,6352.0,15588.0,2762.0
12583.0,45039.0,12376.0,4884.0,2829.0,3283.0,5714.0,9091.0,6776.0,15877.0,2859.0
13744.0,47705.0,12921.0,5049.0,2955.0,3438.0,6167.0,9759.0,7174.0,17136.0,2951.0
13789.0,53498.0,12950.0,5094.0,2953.0,3419.0,6732.0,10563.0,7248.0,18659.0,2927.0
13311.0,56633.0,12573.0,4970.0,2853.0,3320.0,6920.0,10824.0,7099.0,19137.0,2916.0
12887.0,56359.0,12040.0,4722.0,2727.0,3190.0,6910.0,10767.0,6851.0,18898.0,2877.0
11953.0,53955.0,11147.0,4442.0,2560.0,3032.0,6739.0,10376.0,6458.0,18325.0,2745.0
10866.0,51180.0,10335.0,4130.0,2325.0,2773.0,6456.0,9834.0,5962.0,17496.0,2677.0
9997.0,47018.0,9639.0,3862.0,2162.0,2598.0,6180.0,9115.0,5465.0,16305.0,2594.0
9466.0,41862.0,9277.0,3692.0,2071.0,2505.0,5732.0,8302.0,5196.0,14911.0,2541.0
9214.0,38109.0,9186.0,3578.0,2021.0,2448.0,5334.0,7650.0,5048.0,13733.0,2598.0
9098.0,35420.0,9049.0,3546.0,1992.0,2427.0,5161.0,7280.0,4952.0,13225.0,2596.0
9302.0,33916.0,9033.0,3619.0,2002.0,2460.0,5066.0,7181.0,5019.0,12971.0,2543.0
9922.0,33138.0,9325.0,3832.0,2069.0,2554.0,5050.0,7155.0,5230.0,12916.0,2532.0
11060.0,33246.0,10130.0,4157.0,2331.0,2749.0,5099.0,7360.0,5714.0,13368.0,2575.0
11878.0,35452.0,10890.0,4529.0,2614.0,3023.0,5383.0,8020.0,6448.0,14486.0,2663.0
12606.0,40023.0,11687.0,4827.0,2793.0,3124.0,5854.0,8921.0,7128.0,16100.0,2859.0
12675.0,45089.0,11903.0,4929.0,2822.0,3218.0,6155.0,9762.0,7188.0,17553.0,2909.0
12411.0,49294.0,11726.0,4941.0,2740.0,3257.0,6505.0,10164.0,7239.0,18348.0,3058.0
12200.0,51528.0,11444.0,4835.0,2654.0,3263.0,6743.0,10321.0,7147.0,18567.0,3124.0
11899.0,49951.0,11313.0,4709.0,2552.0,3182.0,6645.0,10070.0,6968.0,18066.0,3096.0
11706.0,48390.0,11408.0,4611.0,2541.0,3144.0,6371.0,9816.0,6801.0,17411.0,3062.0
11340.0,47195.0,11440.0,4503.0,2527.0,3169.0,6192.0,9512.0,6637.0,16894.0,2982.0
11355.0,46107.0,11766.0,4494.0,2548.0,3163.0,6004.0,9363.0,6609.0,16494.0,2931.0
11675.0,44080.0,12279.0,4664.0,2679.0,3124.0,5879.0,9129.0,6623.0,16071.0,2771.0
12921.0,44273.0,13260.0,4904.0,2899.0,3317.0,5852.0,9160.0,7081.0,16228.0,2870.0
14073.0,46944.0,13717.0,5129.0,3016.0,3463.0,6355.0,9799.0,7443.0,17437.0,2960.0
14068.0,53537.0,13621.0,5141.0,2987.0,3431.0,6967.0,10397.0,7445.0,18552.0,2994.0
13747.0,56598.0,13180.0,5038.0,2898.0,3338.0,7259.0,10717.0,7271.0,18981.0,2927.0
13480.0,56362.0,12662.0,4832.0,2799.0,3221.0,7242.0,10594.0,7039.0,18682.0,2888.0
12827.0,53956.0,11943.0,4571.0,2642.0,3107.0,7046.0,10248.0,6724.0,18065.0,2844.0
11881.0,51556.0,11062.0,4291.0,2450.0,2894.0,6819.0,9772.0,6183.0,17192.0,2721.0
11256.0,48416.0,10388.0,4043.0,2294.0,2740.0,6535.0,9123.0,5722.0,16101.0,2639.0
10671.0,43447.0,10035.0,3829.0,2205.0,2615.0,6123.0,8352.0,5489.0,14835.0,2579.0
10420.0,39472.0,9936.0,3721.0,2106.0,2556.0,5687.0,7634.0,5303.0,13502.0,2598.0
10317.0,37063.0,9735.0,3659.0,2069.0,2474.0,5451.0,7249.0,5211.0,12883.0,2574.0
10465.0,35080.0,9638.0,3652.0,2054.0,2453.0,5344.0,7011.0,5186.0,12449.0,2522.0
10706.0,34103.0,9758.0,3718.0,2069.0,2486.0,5285.0,6913.0,5238.0,12323.0,2520.0
11393.0,33795.0,10095.0,3879.0,2162.0,2626.0,5251.0,6895.0,5465.0,12342.0,2514.0
12138.0,34320.0,10599.0,4094.0,2305.0,2849.0,5322.0,7132.0,5877.0,12760.0,2571.0
12929.0,36261.0,11354.0,4360.0,2517.0,3112.0,5463.0,7556.0,6510.0,13566.0,2721.0
13021.0,38009.0,11602.0,4579.0,2625.0,3225.0,5583.0,8126.0,6729.0,14598.0,2840.0
12771.0,41044.0,11799.0,4761.0,2641.0,3252.0,5795.0,8694.0,7059.0,15749.0,3022.0
12416.0,44364.0,11663.0,4831.0,2650.0,3283.0,6137.0,9146.0,7110.0,16564.0,3146.0
12049.0,45421.0,11691.0,4802.0,2654.0,3248.0,6168.0,9347.0,7095.0,16866.0,3153.0
11780.0,44821.0,11483.0,4785.0,2599.0,3279.0,6087.0,9308.0,6948.0,16672.0,3153.0
11502.0,45127.0,11429.0,4694.0,2613.0,3234.0,5986.0,9265.0,6738.0,16643.0,3026.0
11446.0,44979.0,11548.0,4708.0,2624.0,3247.0,5842.0,9153.0,6651.0,16295.0,2966.0
11602.0,44437.0,11940.0,4770.0,2700.0,3163.0,5800.0,9039.0,6516.0,16096.0,2804.0
12684.0,42865.0,12823.0,4895.0,2856.0,3408.0,5717.0,8998.0,6881.0,16081.0,2825.0
13649.0,45055.0,13095.0,4943.0,2879.0,3515.0,6143.0,9433.0,7063.0,16876.0,2900.0
13824.0,50769.0,13115.0,4943.0,2854.0,3532.0,6684.0,9860.0,7031.0,17605.0,2894.0
13727.0,52076.0,12865.0,4812.0,2779.0,3461.0,6787.0,9854.0,6845.0,17638.0,2865.0
13541.0,52235.0,12510.0,4632.0,2694.0,3385.0,6864.0,9726.0,6693.0,17393.0,2816.0
12934.0,51026.0,11822.0,4408.0,2552.0,3192.0,6808.0,9401.0,6380.0,16854.0,2756.0
12059.0,49065.0,11156.0,4105.0,2368.0,2988.0,6645.0,9007.0,5890.0,16234.0,2645.0
11369.0,46132.0,10260.0,3832.0,2203.0,2825.0,6360.0,8433.0,5391.0,15280.0,2565.0
10905.0,42186.0,9886.0,3611.0,2088.0,2720.0,5994.0,7820.0,5126.0,14134.0,2495.0
10626.0,38268.0,9624.0,3473.0,2021.0,2658.0,5654.0,7195.0,4908.0,13055.0,2507.0
10537.0,35671.0,9441.0,3384.0,1971.0,2567.0,5404.0,6815.0,4793.0,12464.0,2491.0
10563.0,33857.0,9223.0,3396.0,1935.0,2580.0,5228.0,6559.0,4749.0,11956.0,2441.0
10765.0,32850.0,9195.0,3439.0,1963.0,2604.0,5154.0,6446.0,4744.0,11778.0,2427.0
11383.0,32257.0,9332.0,3580.0,2037.0,2679.0,5089.0,6427.0,4883.0,11730.0,2427.0
11938.0,32441.0,9737.0,3776.0,2186.0,2833.0,5130.0,6586.0,5268.0,12079.0,2443.0
12626.0,34017.0,10516.0,4023.0,2368.0,3060.0,5215.0,7004.0,5810.0,12749.0,2620.0
12651.0,35959.0,10833.0,4217.0,2420.0,3112.0,5338.0,7551.0,6045.0,13787.0,2705.0
12283.0,38631.0,10964.0,4390.0,2470.0,3124.0,5600.0,8053.0,6417.0,14864.0,2913.0
11961.0,41842.0,10945.0,4509.0,2462.0,3150.0,5863.0,8468.0,6535.0,15566.0,3064.0
11607.0,43024.0,11143.0,4528.0,2479.0,3091.0,5946.0,8581.0,6647.0,15772.0,3096.0
11386.0,42666.0,11013.0,4567.0,2464.0,3086.0,5781.0,8601.0,6600.0,15696.0,3100.0
11153.0,43291.0,11031.0,4508.0,2462.0,3139.0,5699.0,8678.0,6410.0,15901.0,2987.0
11041.0,43375.0,11186.0,4515.0,2498.0,3116.0,5576.0,8640.0,6353.0,15779.0,2977.0
11145.0,43037.0,11634.0,4561.0,2589.0,3040.0,5486.0,8609.0,6212.0,15700.0,2769.0
12284.0,41685.0,12563.0,4704.0,2777.0,3286.0,5403.0,8618.0,6568.0,15831.0,2812.0
13255.0,43818.0,12929.0,4740.0,2846.0,3406.0,5783.0,9084.0,6736.0,16671.0,2865.0
13407.0,49531.0,12964.0,4729.0,2802.0,3426.0,6387.0,9467.0,6732.0,17257.0,2875.0
13277.0,46451.0,10445.0,4274.0,2567.0,3077.0,5888.0,8893.0,5854.0,15790.0,2849.0
12460.0,48691.0,9841.0,4128.0,2515.0,2888.0,6120.0,9244.0,5708.0,16351.0,2799.0
11651.0,47436.0,8954.0,4089.0,2353.0,2813.0,6212.0,9003.0,5714.0,16029.0,2797.0
10619.0,45512.0,8403.0,3900.0,2188.0,2663.0,6107.0,8486.0,5412.0,15245.0,2717.0
9540.0,42491.0,7947.0,3683.0,2035.0,2504.0,5721.0,7980.0,5168.0,14365.0,2625.0
8965.0,39802.0,7602.0,3568.0,1963.0,2416.0,5320.0,7607.0,5013.0,13537.0,2601.0
8629.0,36589.0,7498.0,3488.0,1918.0,2400.0,4883.0,7254.0,4990.0,12840.0,2572.0
8422.0,34682.0,7511.0,3478.0,1883.0,2372.0,4633.0,7088.0,4952.0,12495.0,2568.0
8596.0,33461.0,7830.0,3563.0,1932.0,2399.0,4502.0,7048.0,5061.0,12468.0,2569.0
9107.0,32739.0,8269.0,3813.0,2029.0,2538.0,4434.0,7202.0,5426.0,12708.0,2556.0
9842.0,33949.0,8884.0,4120.0,2271.0,2691.0,4470.0,7713.0,5937.0,13535.0,2613.0
10815.0,36075.0,9734.0,4371.0,2515.0,2886.0,4633.0,8607.0,6421.0,15072.0,2740.0
11582.0,40235.0,10410.0,4593.0,2620.0,3077.0,4940.0,9240.0,6655.0,16289.0,2814.0
12016.0,45161.0,10447.0,4619.0,2608.0,3204.0,5372.0,9502.0,6554.0,16741.0,2892.0
12081.0,49748.0,10290.0,4570.0,2552.0,3300.0,5810.0,9704.0,6418.0,16947.0,2996.0
12156.0,51650.0,10007.0,4464.0,2468.0,3348.0,5873.0,9657.0,6177.0,16668.0,2993.0
12384.0,50730.0,9970.0,4383.0,2426.0,3389.0,5822.0,9488.0,6077.0,16244.0,3009.0
12658.0,49120.0,9901.0,4322.0,2370.0,3423.0,5743.0,9249.0,5974.0,15687.0,2954.0
12824.0,48818.0,9839.0,4253.0,2335.0,3406.0,5706.0,9040.0,5923.0,15276.0,2956.0
13128.0,48668.0,10055.0,4211.0,2359.0,3326.0,5762.0,8872.0,5905.0,14995.0,2954.0
13587.0,47883.0,10224.0,4242.0,2405.0,3322.0,5734.0,8718.0,5939.0,14706.0,2889.0
13953.0,48455.0,10544.0,4339.0,2487.0,3321.0,5818.0,8860.0,6128.0,14837.0,2897.0
14202.0,48809.0,10937.0,4471.0,2626.0,3333.0,5939.0,9112.0,6320.0,15251.0,2928.0
14376.0,49590.0,11217.0,4625.0,2621.0,3374.0,6172.0,9422.0,6512.0,15949.0,2963.0
13930.0,52611.0,10679.0,4637.0,2618.0,3228.0,6392.0,9868.0,6449.0,16752.0,2945.0
13130.0,54272.0,10011.0,4453.0,2555.0,2996.0,6596.0,9944.0,6166.0,17017.0,2860.0
11927.0,51317.0,9424.0,4199.0,2372.0,2898.0,6617.0,9468.0,5776.0,16598.0,2881.0
10664.0,47667.0,8796.0,3957.0,2134.0,2704.0,6323.0,8824.0,5354.0,15591.0,2732.0
9713.0,43557.0,8242.0,3702.0,2012.0,2561.0,5851.0,8230.0,4970.0,14524.0,2609.0
9118.0,39994.0,7905.0,3543.0,1920.0,2459.0,5343.0,7692.0,4815.0,13533.0,2572.0
8762.0,36605.0,7765.0,3455.0,1888.0,2447.0,4848.0,7255.0,4731.0,12729.0,2536.0
8564.0,34411.0,7830.0,3443.0,1877.0,2416.0,4580.0,7012.0,4703.0,12272.0,2522.0
8687.0,33046.0,8196.0,3517.0,1891.0,2456.0,4429.0,6941.0,4872.0,12229.0,2526.0
9210.0,32489.0,8600.0,3787.0,1988.0,2565.0,4374.0,7098.0,5155.0,12413.0,2539.0
9820.0,33583.0,9095.0,4066.0,2211.0,2715.0,4362.0,7600.0,5673.0,13261.0,2589.0
10856.0,35988.0,9793.0,4272.0,2414.0,2917.0,4537.0,8411.0,6100.0,14601.0,2651.0
11531.0,40055.0,10336.0,4431.0,2502.0,3086.0,4810.0,9023.0,6304.0,15770.0,2714.0
11829.0,44722.0,10350.0,4394.0,2504.0,3177.0,5206.0,9229.0,6182.0,16143.0,2814.0
12075.0,49515.0,10119.0,4282.0,2429.0,3287.0,5596.0,9393.0,6057.0,16319.0,2898.0
12214.0,51380.0,9888.0,4168.0,2352.0,3355.0,5774.0,9312.0,5942.0,16039.0,2927.0
12558.0,50595.0,9876.0,4065.0,2307.0,3399.0,5777.0,9190.0,5873.0,15579.0,2956.0
12957.0,49189.0,9873.0,4011.0,2237.0,3447.0,5750.0,9019.0,5835.0,15081.0,2933.0
13470.0,48974.0,9805.0,3932.0,2245.0,3397.0,5776.0,8842.0,5733.0,14661.0,2909.0
13932.0,49239.0,9996.0,3931.0,2254.0,3384.0,5846.0,8719.0,5739.0,14429.0,2913.0
14472.0,48518.0,10127.0,3974.0,2300.0,3373.0,5851.0,8539.0,5849.0,14158.0,2862.0
14794.0,49271.0,10495.0,4106.0,2383.0,3354.0,6002.0,8640.0,6041.0,14298.0,2849.0
14970.0,49617.0,10952.0,4249.0,2445.0,3365.0,6187.0,8877.0,6246.0,14676.0,2906.0
15214.0,50366.0,11203.0,4399.0,2456.0,3414.0,6459.0,9172.0,6366.0,15322.0,2913.0
14667.0,53333.0,10649.0,4426.0,2468.0,3269.0,6725.0,9545.0,6257.0,16059.0,2883.0
13690.0,54563.0,9897.0,4267.0,2420.0,3029.0,6907.0,9639.0,5943.0,16271.0,2814.0
12425.0,51187.0,9309.0,4039.0,2257.0,2912.0,6913.0,9175.0,5575.0,15800.0,2797.0
11034.0,47396.0,8659.0,3765.0,2088.0,2742.0,6560.0,8578.0,5194.0,14848.0,2695.0
9972.0,43281.0,8007.0,3483.0,1975.0,2601.0,6008.0,7984.0,4826.0,13801.0,2602.0
9288.0,39750.0,7637.0,3331.0,1882.0,2481.0,5511.0,7425.0,4705.0,12827.0,2555.0
8886.0,36502.0,7466.0,3207.0,1839.0,2453.0,5007.0,7049.0,4583.0,12007.0,2529.0
8690.0,34247.0,7425.0,3163.0,1808.0,2421.0,4815.0,6866.0,4539.0,11658.0,2491.0
8765.0,32841.0,7739.0,3262.0,1836.0,2433.0,4639.0,6786.0,4677.0,11503.0,2511.0
9193.0,32376.0,8002.0,3496.0,1943.0,2566.0,4503.0,6926.0,4957.0,11635.0,2528.0
9921.0,33174.0,8574.0,3765.0,2145.0,2692.0,4454.0,7417.0,5425.0,12420.0,2556.0
10840.0,35554.0,9384.0,4039.0,2388.0,2904.0,4638.0,8240.0,5903.0,13767.0,2646.0
11641.0,39702.0,9950.0,4271.0,2508.0,3079.0,4906.0,8926.0,6075.0,15000.0,2753.0
12002.0,44221.0,10044.0,4353.0,2513.0,3195.0,5304.0,9157.0,5987.0,15521.0,2795.0
12258.0,48797.0,9978.0,4329.0,2462.0,3297.0,5661.0,9358.0,5966.0,15888.0,2894.0
12512.0,50883.0,9751.0,4249.0,2391.0,3334.0,5837.0,9356.0,5846.0,15648.0,2906.0
12875.0,50110.0,9860.0,4180.0,2327.0,3376.0,5911.0,9163.0,5844.0,15359.0,2900.0
13358.0,48929.0,9943.0,4139.0,2290.0,3414.0,5854.0,8937.0,5767.0,14838.0,2917.0
13747.0,48982.0,9883.0,4084.0,2270.0,3395.0,5857.0,8761.0,5688.0,14479.0,2874.0
14155.0,49238.0,10144.0,4053.0,2293.0,3426.0,5923.0,8621.0,5702.0,14293.0,2881.0
14542.0,48247.0,10258.0,4106.0,2331.0,3295.0,5915.0,8503.0,5746.0,14047.0,2833.0
14791.0,48785.0,10611.0,4219.0,2386.0,3340.0,6026.0,8627.0,5947.0,14223.0,2819.0
15021.0,48938.0,10956.0,4371.0,2511.0,3334.0,6170.0,8886.0,6165.0,14656.0,2875.0
15153.0,49445.0,11198.0,4469.0,2526.0,3397.0,6396.0,9216.0,6325.0,15273.0,2894.0
14650.0,52292.0,10669.0,4465.0,2529.0,3267.0,6576.0,9602.0,6262.0,15812.0,2872.0
13776.0,53928.0,9875.0,4334.0,2465.0,3018.0,6784.0,9724.0,5976.0,16162.0,2816.0
12564.0,51172.0,9215.0,4079.0,2291.0,2912.0,6820.0,9309.0,5604.0,15867.0,2818.0
11268.0,47513.0,8476.0,3815.0,2083.0,2732.0,6444.0,8759.0,5184.0,14931.0,2675.0
10143.0,43444.0,7891.0,3616.0,1953.0,2543.0,6002.0,8114.0,4965.0,13899.0,2614.0
9444.0,40092.0,7480.0,3453.0,1879.0,2447.0,5466.0,7538.0,4809.0,12823.0,2557.0
8938.0,36743.0,7343.0,3376.0,1819.0,2417.0,5008.0,7138.0,4674.0,12128.0,2514.0
8674.0,34819.0,7309.0,3342.0,1793.0,2402.0,4684.0,6926.0,4703.0,11742.0,2524.0
8754.0,33308.0,7572.0,3439.0,1808.0,2420.0,4537.0,6847.0,4812.0,11552.0,2511.0
9152.0,33103.0,7943.0,3705.0,1916.0,2519.0,4490.0,6969.0,5237.0,11776.0,2550.0
9969.0,33990.0,8558.0,3998.0,2164.0,2679.0,4458.0,7486.0,5791.0,12454.0,2596.0
10836.0,36229.0,9309.0,4309.0,2372.0,2889.0,4654.0,8241.0,6329.0,13819.0,2720.0
11675.0,40300.0,9991.0,4523.0,2490.0,3057.0,4927.0,8950.0,6504.0,15134.0,2764.0
12109.0,45076.0,10082.0,4542.0,2484.0,3197.0,5389.0,9141.0,6422.0,15656.0,2826.0
12314.0,49576.0,10010.0,4508.0,2435.0,3293.0,5719.0,9279.0,6362.0,15813.0,2934.0
12389.0,51338.0,9924.0,4406.0,2351.0,3364.0,5858.0,9242.0,6186.0,15631.0,2957.0
12802.0,50524.0,9918.0,4308.0,2284.0,3414.0,5826.0,9102.0,6140.0,15290.0,2968.0
13249.0,49132.0,9933.0,4238.0,2266.0,3452.0,5790.0,8867.0,6073.0,14825.0,2946.0
13431.0,49148.0,9910.0,4182.0,2232.0,3432.0,5790.0,8696.0,5943.0,14487.0,2923.0
13817.0,49343.0,10104.0,4178.0,2240.0,3412.0,5841.0,8547.0,5944.0,14349.0,2921.0
14178.0,48513.0,10206.0,4201.0,2291.0,3364.0,5803.0,8392.0,6054.0,14201.0,2885.0
14508.0,49243.0,10516.0,4313.0,2378.0,3352.0,5928.0,8462.0,6157.0,14405.0,2893.0
14817.0,49489.0,10977.0,4449.0,2432.0,3344.0,6050.0,8702.0,6328.0,14882.0,2927.0
15056.0,49979.0,11071.0,4593.0,2465.0,3412.0,6254.0,9014.0,6442.0,15549.0,2950.0
14626.0,52707.0,10516.0,4605.0,2470.0,3236.0,6464.0,9359.0,6435.0,16210.0,2919.0
13657.0,54240.0,9858.0,4433.0,2407.0,3011.0,6674.0,9548.0,6124.0,16506.0,2851.0
12415.0,51397.0,9324.0,4183.0,2257.0,2898.0,6690.0,9205.0,5789.0,16105.0,2853.0
11070.0,47738.0,8709.0,3906.0,2094.0,2728.0,6355.0,8625.0,5445.0,15177.0,2728.0
10019.0,43501.0,8277.0,3666.0,1934.0,2561.0,5927.0,8066.0,5081.0,14109.0,2609.0
9521.0,40093.0,7963.0,3506.0,1822.0,2458.0,5419.0,7560.0,4944.0,13097.0,2582.0
9165.0,36440.0,7723.0,3421.0,1799.0,2429.0,4912.0,7141.0,4823.0,12315.0,2532.0
8792.0,34102.0,7738.0,3393.0,1775.0,2372.0,4679.0,6937.0,4831.0,11982.0,2532.0
8838.0,32945.0,8054.0,3468.0,1790.0,2498.0,4526.0,6916.0,4961.0,11868.0,2526.0
9191.0,32295.0,8439.0,3705.0,1906.0,2551.0,4450.0,7039.0,5305.0,12066.0,2541.0
9860.0,33097.0,9023.0,3983.0,2158.0,2690.0,4427.0,7580.0,5749.0,12867.0,2571.0
10821.0,35386.0,9869.0,4281.0,2341.0,2906.0,4638.0,8317.0,6331.0,14235.0,2684.0
11661.0,39373.0,10469.0,4489.0,2480.0,3094.0,4868.0,9017.0,6438.0,15511.0,2784.0
12131.0,44398.0,10533.0,4533.0,2469.0,3199.0,5321.0,9220.0,6265.0,15901.0,2822.0
12382.0,49202.0,10377.0,4451.0,2397.0,3260.0,5723.0,9269.0,6120.0,16018.0,2936.0
12731.0,51289.0,10114.0,4327.0,2314.0,3287.0,5866.0,9147.0,5934.0,15684.0,2955.0
12988.0,50897.0,9995.0,4238.0,2269.0,3305.0,5831.0,8947.0,5813.0,15200.0,2953.0
13446.0,50078.0,9894.0,4163.0,2235.0,3302.0,5743.0,8674.0,5735.0,14657.0,2936.0
13829.0,50480.0,9737.0,4091.0,2184.0,3243.0,5770.0,8468.0,5656.0,14284.0,2867.0
14127.0,50988.0,9799.0,4052.0,2214.0,3219.0,5843.0,8287.0,5584.0,13950.0,2862.0
14570.0,50436.0,9924.0,4051.0,2258.0,3179.0,5810.0,8001.0,5652.0,13478.0,2804.0
14915.0,51330.0,10180.0,4160.0,2322.0,3192.0,5950.0,8027.0,5815.0,13555.0,2804.0
15018.0,51484.0,10656.0,4264.0,2422.0,3184.0,6107.0,8135.0,6008.0,13819.0,2827.0
15146.0,51679.0,10922.0,4350.0,2427.0,3274.0,6372.0,8399.0,6096.0,14310.0,2849.0
14537.0,53542.0,10469.0,4405.0,2416.0,3161.0,6553.0,8713.0,6055.0,14844.0,2826.0
13536.0,54641.0,9894.0,4293.0,2383.0,3003.0,6689.0,8901.0,5849.0,15257.0,2797.0
12251.0,52004.0,9407.0,3909.0,2237.0,2717.0,6681.0,8716.0,5191.0,15147.0,2505.0
11025.0,47516.0,8790.0,3656.0,2088.0,2585.0,6258.0,8255.0,4817.0,14510.0,2444.0
10017.0,43162.0,8561.0,3489.0,1947.0,2436.0,5882.0,7712.0,4500.0,13602.0,2474.0
9287.0,38905.0,8264.0,3317.0,1858.0,2373.0,5392.0,7214.0,4327.0,12712.0,2450.0
8813.0,35508.0,8104.0,3254.0,1802.0,2316.0,4866.0,6781.0,4230.0,11981.0,2432.0
8553.0,33073.0,8119.0,3214.0,1778.0,2292.0,4547.0,6565.0,4275.0,11599.0,2395.0
8409.0,31131.0,8241.0,3234.0,1776.0,2301.0,4327.0,6457.0,4303.0,11481.0,2443.0
8396.0,30187.0,8287.0,3356.0,1813.0,2339.0,4237.0,6502.0,4419.0,11633.0,2416.0
8625.0,29911.0,8544.0,3467.0,1883.0,2504.0,4169.0,6708.0,4582.0,11964.0,2478.0
9648.0,29795.0,9161.0,3761.0,2038.0,2946.0,4148.0,7005.0,5271.0,12589.0,2697.0
10467.0,31033.0,9522.0,4039.0,2125.0,3057.0,4169.0,7452.0,5602.0,13264.0,2898.0
11034.0,37671.0,9709.0,4116.0,2177.0,3098.0,4580.0,7927.0,5635.0,14032.0,2892.0
11591.0,41183.0,9861.0,4091.0,2184.0,3155.0,4927.0,8141.0,5593.0,14371.0,2934.0
12275.0,43026.0,9935.0,4050.0,2143.0,3177.0,5199.0,8083.0,5511.0,14134.0,2912.0
12947.0,44926.0,10121.0,4017.0,2138.0,3217.0,5414.0,7949.0,5495.0,13789.0,2921.0
13729.0,46334.0,10123.0,3988.0,2129.0,3256.0,5518.0,7777.0,5485.0,13453.0,2936.0
14222.0,48184.0,10088.0,3962.0,2111.0,3278.0,5670.0,7717.0,5419.0,13269.0,2919.0
14850.0,49999.0,10110.0,3965.0,2090.0,3298.0,5803.0,7643.0,5445.0,13103.0,2936.0
15364.0,51285.0,10189.0,3963.0,2124.0,3182.0,5894.0,7645.0,5474.0,13002.0,2940.0
15677.0,52318.0,10144.0,3970.0,2183.0,3020.0,6011.0,7654.0,5451.0,13043.0,2738.0
15491.0,52512.0,10231.0,3874.0,2181.0,2904.0,6126.0,7689.0,5275.0,13173.0,2499.0
15486.0,51216.0,11088.0,3930.0,2196.0,3096.0,6217.0,7793.0,5381.0,13458.0,2789.0
14886.0,51995.0,10794.0,3980.0,2221.0,3016.0,6290.0,7960.0,5445.0,13742.0,2786.0
13956.0,52981.0,10396.0,3914.0,2217.0,2902.0,6363.0,8191.0,5323.0,14007.0,2723.0
12806.0,51235.0,9681.0,3721.0,2103.0,2671.0,6412.0,8041.0,4987.0,13966.0,2484.0
11747.0,47651.0,9237.0,3495.0,1982.0,2530.0,6154.0,7590.0,4680.0,13309.0,2407.0
10727.0,43597.0,8861.0,3287.0,1845.0,2420.0,5745.0,7157.0,4370.0,12516.0,2459.0
9993.0,39512.0,8566.0,3149.0,1743.0,2321.0,5382.0,6733.0,4158.0,11727.0,2393.0
9368.0,35555.0,8340.0,3059.0,1690.0,2285.0,4856.0,6327.0,4094.0,10982.0,2370.0
8980.0,32889.0,8249.0,3020.0,1674.0,2277.0,4526.0,6134.0,4049.0,10603.0,2367.0
8751.0,30854.0,8301.0,3043.0,1665.0,2276.0,4309.0,5999.0,4067.0,10356.0,2372.0
8627.0,29714.0,8258.0,3114.0,1706.0,2291.0,4216.0,5987.0,4168.0,10297.0,2367.0
8687.0,29357.0,8407.0,3208.0,1757.0,2409.0,4129.0,6070.0,4299.0,10490.0,2377.0
9570.0,28781.0,8950.0,3482.0,1874.0,2849.0,4088.0,6208.0,4897.0,10797.0,2597.0
10471.0,30159.0,9197.0,3764.0,1963.0,2950.0,4096.0,6577.0,5295.0,11518.0,2780.0
11199.0,36923.0,9232.0,3860.0,2013.0,3010.0,4415.0,7211.0,5337.0,12567.0,2816.0
11967.0,40340.0,9291.0,3867.0,2000.0,3052.0,4778.0,7536.0,5295.0,13161.0,2809.0
12544.0,42660.0,9277.0,3840.0,1974.0,3057.0,5015.0,7644.0,5262.0,13329.0,2826.0
13200.0,45041.0,9380.0,3821.0,1995.0,3103.0,5197.0,7630.0,5308.0,13311.0,2826.0
13879.0,47423.0,9474.0,3833.0,2002.0,3125.0,5373.0,7613.0,5354.0,13210.0,2856.0
14440.0,49991.0,9575.0,3841.0,1990.0,3161.0,5506.0,7665.0,5326.0,13257.0,2889.0
15007.0,52060.0,9738.0,3851.0,2013.0,3178.0,5645.0,7651.0,5349.0,13247.0,2915.0
15447.0,53617.0,10015.0,3901.0,2066.0,3072.0,5802.0,7673.0,5472.0,13210.0,2934.0
15751.0,54929.0,10008.0,3893.0,2139.0,2964.0,5930.0,7769.0,5414.0,13422.0,2709.0
15518.0,55502.0,10145.0,3812.0,2161.0,2881.0,6019.0,7786.0,5259.0,13534.0,2472.0
15653.0,54037.0,10956.0,3914.0,2207.0,3058.0,6143.0,7943.0,5422.0,13841.0,2762.0
12002.0,48894.0,11078.0,4047.0,2545.0,2772.0,5867.0,8570.0,5889.0,14559.0,2811.0
11317.0,48698.0,10410.0,3866.0,2416.0,2639.0,6027.0,8401.0,5610.0,14564.0,2728.0
10747.0,46380.0,9594.0,3692.0,2251.0,2535.0,5914.0,8027.0,5404.0,13932.0,2619.0
9938.0,43817.0,9103.0,3481.0,2076.0,2391.0,5750.0,7231.0,5074.0,12613.0,2502.0
9169.0,40894.0,8468.0,3277.0,1938.0,2266.0,5438.0,6783.0,4711.0,11749.0,2438.0
8778.0,38252.0,8136.0,3155.0,1847.0,2188.0,5088.0,6354.0,4556.0,10976.0,2367.0
8475.0,34784.0,8029.0,3093.0,1801.0,2186.0,4735.0,5986.0,4457.0,10201.0,2358.0
8368.0,33054.0,8025.0,3053.0,1765.0,2194.0,4535.0,5797.0,4337.0,9817.0,2369.0
8497.0,31612.0,8229.0,3158.0,1782.0,2232.0,4378.0,5698.0,4532.0,9677.0,2329.0
9001.0,31396.0,8711.0,3400.0,1879.0,2386.0,4338.0,5814.0,4898.0,9756.0,2337.0
9791.0,32320.0,9247.0,3739.0,2113.0,2513.0,4407.0,6325.0,5533.0,10470.0,2415.0
10784.0,34302.0,9884.0,4092.0,2350.0,2716.0,4599.0,7162.0,6087.0,11749.0,2511.0
11630.0,38002.0,10537.0,4324.0,2450.0,2899.0,5069.0,7809.0,6362.0,13040.0,2653.0
11741.0,41996.0,10713.0,4332.0,2470.0,3011.0,5432.0,8062.0,6279.0,13713.0,2718.0
11588.0,46342.0,10478.0,4312.0,2422.0,3075.0,5813.0,8368.0,6276.0,14242.0,2899.0
11505.0,49707.0,10163.0,4177.0,2338.0,3099.0,5913.0,8605.0,6106.0,14539.0,2919.0
11484.0,48984.0,9997.0,4068.0,2285.0,3136.0,5792.0,8455.0,5959.0,14228.0,2927.0
11622.0,47802.0,9935.0,4007.0,2246.0,3138.0,5648.0,8291.0,5882.0,13932.0,2903.0
11591.0,47906.0,9851.0,3913.0,2228.0,3079.0,5593.0,8121.0,5803.0,13651.0,2874.0
11704.0,48259.0,9998.0,3818.0,2237.0,3060.0,5562.0,8005.0,5646.0,13441.0,2755.0
11864.0,46907.0,10063.0,3878.0,2284.0,2989.0,5452.0,7671.0,5758.0,12922.0,2613.0
12411.0,47030.0,10585.0,3975.0,2401.0,3020.0,5504.0,7790.0,5928.0,13202.0,2535.0
13470.0,48032.0,11273.0,4262.0,2534.0,3161.0,5609.0,8050.0,6341.0,13720.0,2651.0
13507.0,51021.0,11148.0,4370.0,2599.0,3126.0,5842.0,8529.0,6411.0,14562.0,2659.0
12902.0,54570.0,10634.0,4252.0,2521.0,2922.0,6375.0,8849.0,6190.0,15115.0,2627.0
12167.0,53915.0,10114.0,4003.0,2364.0,2762.0,6493.0,8667.0,5839.0,14917.0,2599.0
11204.0,50104.0,9733.0,3746.0,2203.0,2647.0,6307.0,8089.0,5463.0,14014.0,2671.0
10230.0,46255.0,9090.0,3471.0,2014.0,2477.0,5966.0,7475.0,5069.0,13046.0,2546.0
9406.0,42242.0,8557.0,3227.0,1857.0,2334.0,5581.0,6958.0,4700.0,12068.0,2456.0
8906.0,38682.0,8179.0,3072.0,1769.0,2253.0,5152.0,6425.0,4495.0,11042.0,2394.0
8552.0,35408.0,8141.0,2987.0,1709.0,2243.0,4734.0,6049.0,4423.0,10311.0,2379.0
8466.0,33530.0,8100.0,2955.0,1722.0,2233.0,4490.0,5815.0,4385.0,9878.0,2360.0
8599.0,32250.0,8375.0,3023.0,1732.0,2269.0,4371.0,5714.0,4486.0,9690.0,2338.0
9167.0,31813.0,8862.0,3258.0,1806.0,2422.0,4295.0,5801.0,4833.0,9712.0,2333.0
10039.0,32806.0,9364.0,3595.0,2069.0,2595.0,4344.0,6264.0,5455.0,10410.0,2384.0
10695.0,35383.0,9946.0,3908.0,2291.0,2777.0,4580.0,7109.0,5970.0,11775.0,2484.0
11316.0,38763.0,10565.0,4149.0,2383.0,2950.0,5029.0,7744.0,6152.0,13132.0,2595.0
11566.0,42434.0,10783.0,4166.0,2388.0,3075.0,5310.0,7999.0,6072.0,13729.0,2653.0
11564.0,47194.0,10597.0,4157.0,2315.0,3163.0,5663.0,8295.0,6012.0,14192.0,2826.0
11612.0,50663.0,10335.0,4061.0,2247.0,3171.0,5777.0,8500.0,5812.0,14453.0,2864.0
11800.0,50081.0,10112.0,3988.0,2186.0,3167.0,5722.0,8328.0,5734.0,14075.0,2853.0
12046.0,49433.0,10019.0,3914.0,2165.0,3147.0,5617.0,8249.0,5699.0,13778.0,2878.0
12237.0,49939.0,9953.0,3825.0,2144.0,3099.0,5601.0,8065.0,5612.0,13396.0,2805.0
12509.0,50763.0,10252.0,3722.0,2173.0,3043.0,5618.0,7924.0,5446.0,13214.0,2706.0
12801.0,49643.0,10341.0,3797.0,2225.0,2966.0,5562.0,7573.0,5573.0,12697.0,2568.0
13234.0,49783.0,10788.0,3906.0,2311.0,3021.0,5711.0,7658.0,5729.0,12877.0,2488.0
14131.0,50473.0,11358.0,4133.0,2475.0,3176.0,5863.0,7872.0,6117.0,13299.0,2592.0
14044.0,53090.0,11228.0,4271.0,2557.0,3143.0,6192.0,8412.0,6221.0,14329.0,2575.0
13365.0,56312.0,10690.0,4168.0,2453.0,2970.0,6532.0,8869.0,6008.0,15265.0,2580.0
12586.0,55371.0,10090.0,3947.0,2351.0,2800.0,6601.0,8721.0,5692.0,15148.0,2547.0
11615.0,51188.0,9700.0,3722.0,2173.0,2683.0,6313.0,8222.0,5261.0,14396.0,2617.0
10446.0,46871.0,8950.0,3472.0,2020.0,2507.0,5965.0,7635.0,4898.0,13472.0,2485.0
9500.0,42833.0,8310.0,3245.0,1883.0,2338.0,5582.0,7117.0,4531.0,12506.0,2419.0
8993.0,39247.0,7980.0,3082.0,1808.0,2291.0,5141.0,6617.0,4356.0,11552.0,2355.0
8673.0,35532.0,7891.0,2997.0,1775.0,2272.0,4706.0,6259.0,4273.0,10905.0,2372.0
8552.0,33109.0,7861.0,2984.0,1740.0,2270.0,4453.0,6081.0,4257.0,10567.0,2350.0
8570.0,31752.0,8071.0,3055.0,1748.0,2300.0,4355.0,6069.0,4390.0,10467.0,2358.0
9166.0,31256.0,8625.0,3303.0,1858.0,2459.0,4233.0,6201.0,4754.0,10688.0,2333.0
9928.0,32402.0,9175.0,3652.0,2106.0,2587.0,4318.0,6753.0,5386.0,11520.0,2389.0
10596.0,35289.0,9805.0,3960.0,2311.0,2742.0,4539.0,7613.0,5886.0,12975.0,2492.0
11438.0,38737.0,10344.0,4170.0,2389.0,2910.0,4924.0,8304.0,6078.0,14406.0,2616.0
11734.0,42760.0,10429.0,4202.0,2405.0,3003.0,5225.0,8557.0,5994.0,15022.0,2689.0
11990.0,47574.0,10208.0,4168.0,2302.0,3051.0,5645.0,8795.0,5911.0,15363.0,2830.0
12154.0,51439.0,9926.0,4081.0,2240.0,3070.0,5750.0,8999.0,5759.0,15574.0,2872.0
12537.0,51128.0,9826.0,3976.0,2153.0,3070.0,5654.0,8766.0,5694.0,15028.0,2860.0
13227.0,50826.0,9788.0,3883.0,2112.0,3067.0,5655.0,8532.0,5630.0,14498.0,2867.0
13573.0,51689.0,9747.0,3831.0,2109.0,3043.0,5741.0,8319.0,5596.0,13993.0,2833.0
14047.0,52945.0,9980.0,3739.0,2116.0,3031.0,5938.0,8121.0,5501.0,13658.0,2727.0
14425.0,52084.0,9986.0,3776.0,2191.0,2945.0,5875.0,7757.0,5637.0,13075.0,2571.0
14754.0,52135.0,10426.0,3898.0,2296.0,2989.0,6066.0,7844.0,5839.0,13296.0,2487.0
15365.0,52647.0,11014.0,4139.0,2451.0,3153.0,6174.0,8151.0,6193.0,13960.0,2573.0
15036.0,54907.0,10929.0,4246.0,2518.0,3120.0,6428.0,8655.0,6187.0,14940.0,2572.0
14174.0,57693.0,10481.0,4183.0,2445.0,2937.0,6792.0,8959.0,5931.0,15588.0,2574.0
13152.0,56494.0,9932.0,3958.0,2344.0,2757.0,6742.0,8857.0,5592.0,15510.0,2549.0
12011.0,51994.0,9544.0,3694.0,2194.0,2640.0,6515.0,8311.0,5191.0,14600.0,2619.0
11004.0,47513.0,8890.0,3456.0,2017.0,2459.0,6092.0,7696.0,4793.0,13617.0,2497.0
10033.0,43022.0,8196.0,3203.0,1883.0,2298.0,5628.0,7080.0,4496.0,12526.0,2396.0
9523.0,39206.0,7920.0,3026.0,1776.0,2244.0,5133.0,6583.0,4311.0,11413.0,2368.0
9267.0,35714.0,7827.0,2919.0,1737.0,2236.0,4720.0,6146.0,4207.0,10628.0,2363.0
8924.0,33301.0,7815.0,2900.0,1715.0,2230.0,4487.0,5925.0,4166.0,10202.0,2341.0
8901.0,31963.0,8022.0,2971.0,1724.0,2251.0,4344.0,5837.0,4305.0,9968.0,2295.0
9411.0,31425.0,8556.0,3197.0,1822.0,2432.0,4253.0,5921.0,4625.0,10095.0,2324.0
10071.0,32025.0,9045.0,3517.0,2043.0,2524.0,4293.0,6402.0,5190.0,10818.0,2374.0
10917.0,34759.0,9586.0,3810.0,2258.0,2713.0,4473.0,7198.0,5697.0,12135.0,2459.0
11755.0,38581.0,10118.0,4023.0,2366.0,2866.0,4963.0,7865.0,5939.0,13402.0,2578.0
12333.0,42379.0,10136.0,4072.0,2388.0,2976.0,5260.0,8132.0,5893.0,13929.0,2650.0
12811.0,47408.0,9931.0,4068.0,2338.0,3039.0,5603.0,8379.0,5830.0,14410.0,2800.0
13312.0,51358.0,9759.0,3970.0,2257.0,3069.0,5790.0,8609.0,5716.0,14667.0,2830.0
13943.0,51157.0,9767.0,3908.0,2211.0,3093.0,5773.0,8451.0,5699.0,14322.0,2864.0
14616.0,50840.0,9820.0,3865.0,2175.0,3098.0,5759.0,8333.0,5663.0,14051.0,2828.0
15081.0,51851.0,9842.0,3806.0,2159.0,3067.0,5807.0,8153.0,5621.0,13729.0,2822.0
15516.0,53150.0,10026.0,3708.0,2181.0,3037.0,5991.0,8029.0,5532.0,13475.0,2696.0
15949.0,52503.0,9974.0,3763.0,2234.0,2950.0,6047.0,7681.0,5639.0,12973.0,2555.0
16161.0,52903.0,10391.0,3870.0,2334.0,2986.0,6288.0,7725.0,5812.0,13089.0,2467.0
16564.0,53334.0,10909.0,4095.0,2464.0,3140.0,6425.0,7915.0,6148.0,13547.0,2550.0
15963.0,55321.0,10765.0,4212.0,2518.0,3084.0,6639.0,8429.0,6170.0,14375.0,2546.0
14916.0,58111.0,10228.0,4113.0,2446.0,2907.0,6913.0,8757.0,5902.0,15064.0,2536.0
13847.0,56733.0,9640.0,3866.0,2329.0,2722.0,6923.0,8592.0,5570.0,14839.0,2539.0
12588.0,51965.0,9288.0,3615.0,2150.0,2614.0,6576.0,8078.0,5180.0,13982.0,2617.0
11327.0,47398.0,8562.0,3362.0,1979.0,2446.0,6163.0,7531.0,4797.0,13057.0,2525.0
10207.0,43061.0,7973.0,3121.0,1801.0,2311.0,5707.0,6995.0,4438.0,12002.0,2377.0
9637.0,39078.0,7611.0,2965.0,1744.0,2212.0,5213.0,6481.0,4259.0,10961.0,2333.0
9212.0,35519.0,7491.0,2870.0,1696.0,2224.0,4807.0,6040.0,4137.0,10202.0,2324.0
8929.0,33112.0,7469.0,2818.0,1668.0,2192.0,4550.0,5836.0,4094.0,9765.0,2276.0
8921.0,31802.0,7658.0,2885.0,1700.0,2229.0,4364.0,5736.0,4203.0,9524.0,2266.0
9300.0,31323.0,8100.0,3111.0,1777.0,2379.0,4297.0,5835.0,4490.0,9578.0,2256.0
10047.0,31973.0,8742.0,3432.0,1963.0,2515.0,4281.0,6179.0,5059.0,10133.0,2307.0
10851.0,34343.0,9434.0,3742.0,2183.0,2673.0,4509.0,6927.0,5541.0,11308.0,2401.0
11786.0,38205.0,9996.0,3981.0,2311.0,2827.0,4928.0,7649.0,5835.0,12689.0,2547.0
12369.0,42139.0,10147.0,3985.0,2291.0,2940.0,5252.0,7916.0,5750.0,13232.0,2622.0
12977.0,47161.0,9997.0,3969.0,2223.0,2994.0,5651.0,8219.0,5712.0,13710.0,2758.0
13705.0,51259.0,9805.0,3871.0,2150.0,3057.0,5774.0,8415.0,5639.0,13917.0,2815.0
14519.0,51163.0,9745.0,3812.0,2087.0,3089.0,5778.0,8283.0,5621.0,13583.0,2814.0
15159.0,50986.0,9741.0,3770.0,2091.0,3116.0,5723.0,8106.0,5621.0,13279.0,2804.0
15567.0,52208.0,9718.0,3727.0,2066.0,3091.0,5794.0,7985.0,5606.0,12937.0,2775.0
16172.0,53473.0,9897.0,3648.0,2113.0,3058.0,5894.0,7887.0,5505.0,12808.0,2632.0
16560.0,52754.0,9821.0,3693.0,2145.0,2975.0,6039.0,7514.0,5631.0,12274.0,2469.0
16750.0,53153.0,10219.0,3798.0,2232.0,2970.0,6325.0,7567.0,5767.0,12475.0,2372.0
16922.0,53288.0,10705.0,3970.0,2331.0,3105.0,6580.0,7731.0,6073.0,12863.0,2501.0
16172.0,55006.0,10574.0,4033.0,2380.0,3053.0,6770.0,8170.0,6040.0,13632.0,2478.0
14972.0,57269.0,9989.0,3923.0,2301.0,2886.0,7034.0,8414.0,5759.0,14060.0,2459.0
13931.0,55740.0,9481.0,3767.0,2203.0,2746.0,6987.0,8177.0,5424.0,13793.0,2442.0
12699.0,51535.0,9126.0,3460.0,2038.0,2483.0,6623.0,7755.0,4933.0,13108.0,2433.0
11492.0,47010.0,8532.0,3205.0,1881.0,2311.0,6196.0,7608.0,4541.0,12904.0,2350.0
10517.0,42744.0,8201.0,2994.0,1771.0,2179.0,5737.0,7103.0,4170.0,12023.0,2365.0
9818.0,38339.0,7731.0,2786.0,1672.0,2084.0,5260.0,6573.0,3988.0,11135.0,2302.0
9370.0,35026.0,7577.0,2670.0,1613.0,2037.0,4799.0,6163.0,3815.0,10456.0,2299.0
8934.0,32470.0,7520.0,2623.0,1583.0,2016.0,4490.0,5877.0,3725.0,9942.0,2298.0
8774.0,30548.0,7461.0,2608.0,1586.0,2015.0,4326.0,5708.0,3714.0,9643.0,2259.0
8826.0,29812.0,7657.0,2668.0,1588.0,2068.0,4197.0,5673.0,3803.0,9540.0,2254.0
9022.0,29600.0,7870.0,2835.0,1694.0,2251.0,4082.0,5737.0,4015.0,9696.0,2292.0
9824.0,30110.0,8355.0,3044.0,1824.0,2678.0,4082.0,6010.0,4336.0,10184.0,2379.0
10607.0,30905.0,8791.0,3395.0,1947.0,2810.0,4216.0,6403.0,5006.0,10950.0,2673.0
11482.0,35759.0,8966.0,3551.0,1990.0,2917.0,4433.0,7023.0,5190.0,12050.0,2709.0
12503.0,39418.0,9055.0,3635.0,2033.0,2963.0,4762.0,7525.0,5306.0,12940.0,2764.0
13535.0,41837.0,9136.0,3614.0,2029.0,3001.0,5093.0,7677.0,5273.0,13211.0,2760.0
14622.0,43484.0,9321.0,3647.0,2011.0,3065.0,5329.0,7726.0,5365.0,13225.0,2786.0
15567.0,44486.0,9445.0,3646.0,2044.0,3120.0,5473.0,7670.0,5354.0,13093.0,2800.0
16097.0,46157.0,9583.0,3676.0,2057.0,3151.0,5633.0,7629.0,5449.0,13002.0,2790.0
16779.0,47650.0,9817.0,3668.0,2053.0,3198.0,5888.0,7614.0,5562.0,12932.0,2802.0
16895.0,48722.0,10071.0,3694.0,2132.0,2878.0,6098.0,7579.0,5565.0,12897.0,2771.0
16713.0,48096.0,10467.0,3639.0,2159.0,2774.0,6242.0,7627.0,5477.0,12956.0,2546.0
16540.0,47151.0,10654.0,3685.0,2245.0,2810.0,6300.0,7643.0,5571.0,13016.0,2597.0
15732.0,48773.0,10574.0,3736.0,2277.0,2778.0,6440.0,8045.0,5531.0,13778.0,2656.0
14712.0,50284.0,10247.0,3666.0,2235.0,2757.0,6650.0,8149.0,5323.0,14040.0,2649.0
13603.0,49268.0,9673.0,3517.0,2143.0,2649.0,6597.0,8021.0,5047.0,13993.0,2558.0
12587.0,46518.0,8923.0,3315.0,2020.0,2415.0,6372.0,7774.0,4743.0,13584.0,2363.0
11510.0,43743.0,8476.0,3128.0,1891.0,2274.0,6002.0,7451.0,4480.0,12987.0,2314.0
10511.0,40562.0,8055.0,2929.0,1785.0,2127.0,5650.0,7018.0,4106.0,12284.0,2367.0
9723.0,37493.0,7725.0,2766.0,1706.0,2042.0,5297.0,6637.0,3924.0,11618.0,2338.0
9184.0,34092.0,7561.0,2678.0,1653.0,1979.0,4796.0,6297.0,3775.0,10972.0,2331.0
8868.0,32012.0,7422.0,2614.0,1619.0,1948.0,4502.0,6043.0,3726.0,10551.0,2300.0
8602.0,30243.0,7294.0,2605.0,1600.0,1947.0,4293.0,5939.0,3751.0,10344.0,2265.0
8544.0,29213.0,7413.0,2680.0,1626.0,1978.0,4188.0,5885.0,3834.0,10285.0,2278.0
8667.0,28723.0,7522.0,2814.0,1697.0,2171.0,4045.0,6003.0,4005.0,10442.0,2297.0
9389.0,29198.0,7999.0,3027.0,1827.0,2572.0,4081.0,6321.0,4422.0,11023.0,2379.0
10288.0,30096.0,8423.0,3393.0,1974.0,2748.0,4122.0,6722.0,5016.0,11798.0,2656.0
11112.0,34404.0,8715.0,3555.0,2043.0,2844.0,4361.0,7354.0,5142.0,12878.0,2721.0
12190.0,38013.0,8872.0,3647.0,2091.0,2914.0,4763.0,7767.0,5242.0,13606.0,2753.0
13353.0,40168.0,8999.0,3650.0,2076.0,2972.0,5055.0,7900.0,5247.0,13854.0,2762.0
14542.0,41887.0,9230.0,3651.0,2077.0,3054.0,5328.0,7915.0,5276.0,13762.0,2780.0
15500.0,42918.0,9343.0,3646.0,2083.0,3130.0,5509.0,7830.0,5320.0,13567.0,2774.0
16166.0,44421.0,9611.0,3624.0,2103.0,3188.0,5773.0,7791.0,5353.0,13484.0,2809.0
16772.0,45523.0,9902.0,3680.0,2094.0,3255.0,6058.0,7731.0,5454.0,13353.0,2912.0
16829.0,46540.0,10238.0,3698.0,2145.0,2948.0,6296.0,7744.0,5460.0,13276.0,2851.0
16691.0,46309.0,10709.0,3650.0,2248.0,2886.0,6457.0,7804.0,5415.0,13345.0,2634.0
16694.0,45951.0,10919.0,3810.0,2341.0,2913.0,6475.0,7893.0,5558.0,13645.0,2686.0
15966.0,48398.0,10854.0,3856.0,2416.0,2855.0,6548.0,8424.0,5586.0,14576.0,2758.0
13397.0,51845.0,11043.0,3878.0,2487.0,2835.0,6783.0,8503.0,5467.0,14938.0,2807.0
12468.0,50445.0,10458.0,3685.0,2400.0,2702.0,6597.0,8345.0,5159.0,14834.0,2707.0
11557.0,47068.0,9742.0,3548.0,2237.0,2608.0,6281.0,7938.0,4983.0,14261.0,2621.0
10609.0,43949.0,9117.0,3351.0,2083.0,2471.0,5983.0,7151.0,4710.0,12965.0,2495.0
9537.0,40432.0,8588.0,3150.0,1956.0,2341.0,5601.0,6694.0,4385.0,12120.0,2415.0
9024.0,37651.0,8320.0,3016.0,1866.0,2267.0,5216.0,6310.0,4224.0,11341.0,2367.0
8691.0,34043.0,8093.0,2941.0,1838.0,2275.0,4767.0,6033.0,4121.0,10701.0,2369.0
8489.0,32030.0,8185.0,2899.0,1819.0,2307.0,4530.0,5850.0,4142.0,10333.0,2352.0
8676.0,30666.0,8383.0,3014.0,1822.0,2342.0,4385.0,5794.0,4269.0,10213.0,2338.0
9264.0,30253.0,8898.0,3272.0,1928.0,2490.0,4310.0,5940.0,4642.0,10388.0,2343.0
10087.0,31186.0,9506.0,3635.0,2196.0,2635.0,4300.0,6406.0,5297.0,11219.0,2442.0
10788.0,33618.0,10078.0,3957.0,2450.0,2808.0,4487.0,7310.0,5783.0,12699.0,2506.0
11683.0,38004.0,10795.0,4194.0,2524.0,2970.0,4935.0,8045.0,5991.0,14201.0,2628.0
12339.0,42039.0,10943.0,4216.0,2526.0,3073.0,5273.0,8320.0,5948.0,14846.0,2697.0
12978.0,46579.0,10528.0,4165.0,2458.0,3137.0,5634.0,8559.0,5881.0,15189.0,2856.0
13585.0,50409.0,10175.0,4038.0,2353.0,3147.0,5878.0,8712.0,5711.0,15262.0,2889.0
14028.0,50205.0,10021.0,3962.0,2294.0,3162.0,5939.0,8526.0,5709.0,14694.0,2894.0
14690.0,49645.0,9925.0,3914.0,2232.0,3157.0,5915.0,8336.0,5673.0,14187.0,2878.0
15001.0,50537.0,9897.0,3834.0,2211.0,3131.0,5995.0,8122.0,5660.0,13717.0,2833.0
15597.0,51603.0,10116.0,3746.0,2225.0,3091.0,6355.0,7998.0,5556.0,13394.0,2740.0
15718.0,50765.0,10172.0,3794.0,2280.0,3017.0,6494.0,7642.0,5693.0,12813.0,2593.0
16016.0,50971.0,10735.0,3930.0,2406.0,3090.0,6681.0,7716.0,5942.0,12998.0,2522.0
16534.0,51767.0,11221.0,4184.0,2571.0,3214.0,6862.0,8022.0,6227.0,13564.0,2603.0
15946.0,54959.0,11085.0,4270.0,2607.0,3189.0,7045.0,8627.0,6177.0,14759.0,2614.0
14931.0,57193.0,10585.0,4137.0,2504.0,2990.0,7327.0,8858.0,5915.0,15400.0,2599.0
13889.0,55727.0,10033.0,3926.0,2394.0,2827.0,7166.0,8677.0,5603.0,15185.0,2570.0
12783.0,51087.0,9662.0,3648.0,2207.0,2696.0,6754.0,8147.0,5190.0,14349.0,2651.0
11563.0,46823.0,8966.0,3425.0,2038.0,2525.0,6349.0,7588.0,4828.0,13414.0,2528.0
10593.0,42595.0,8387.0,3162.0,1891.0,2384.0,5932.0,7028.0,4488.0,12329.0,2415.0
9947.0,38816.0,8032.0,3038.0,1819.0,2319.0,5343.0,6539.0,4288.0,11471.0,2369.0
9489.0,35317.0,7955.0,2937.0,1790.0,2307.0,4852.0,6168.0,4199.0,10755.0,2348.0
9150.0,33036.0,7964.0,2894.0,1759.0,2308.0,4628.0,5966.0,4160.0,10351.0,2357.0
9120.0,31475.0,8100.0,3004.0,1787.0,2349.0,4407.0,5904.0,4266.0,10256.0,2312.0
9614.0,30664.0,8583.0,3258.0,1891.0,2508.0,4346.0,6004.0,4612.0,10374.0,2327.0
10453.0,31687.0,9126.0,3623.0,2153.0,2660.0,4317.0,6480.0,5286.0,11139.0,2380.0
11114.0,34473.0,9551.0,3946.0,2390.0,2768.0,4533.0,7354.0,5788.0,12579.0,2478.0
11907.0,38485.0,10212.0,4137.0,2462.0,2938.0,4917.0,8085.0,5947.0,13969.0,2556.0
12454.0,42344.0,10299.0,4186.0,2449.0,3028.0,5252.0,8292.0,5938.0,14639.0,2655.0
12998.0,46931.0,10048.0,4135.0,2366.0,3084.0,5610.0,8569.0,5753.0,15009.0,2792.0
13607.0,50874.0,9880.0,4009.0,2270.0,3146.0,5841.0,8722.0,5703.0,15174.0,2829.0
14368.0,50798.0,9831.0,3910.0,2233.0,3169.0,5862.0,8567.0,5660.0,14702.0,2861.0
14942.0,50488.0,9868.0,3861.0,2200.0,3178.0,5891.0,8375.0,5630.0,14251.0,2833.0
15375.0,51533.0,9854.0,3797.0,2177.0,3142.0,5905.0,8178.0,5611.0,13768.0,2801.0
15740.0,52718.0,10112.0,3718.0,2220.0,3127.0,6211.0,8026.0,5544.0,13507.0,2695.0
16182.0,52256.0,10146.0,3762.0,2262.0,3047.0,6380.0,7674.0,5661.0,12859.0,2575.0
16414.0,52635.0,10613.0,3916.0,2344.0,3121.0,6640.0,7765.0,5911.0,13053.0,2464.0
16805.0,53234.0,11055.0,4162.0,2510.0,3228.0,6814.0,8050.0,6233.0,13629.0,2586.0
16249.0,56254.0,10854.0,4236.0,2539.0,3167.0,7013.0,8674.0,6198.0,14795.0,2605.0
14997.0,58418.0,10278.0,4118.0,2457.0,2967.0,7265.0,8922.0,5922.0,15400.0,2539.0
13890.0,56809.0,9640.0,3902.0,2353.0,2787.0,7171.0,8740.0,5548.0,15218.0,2543.0
12614.0,52055.0,9345.0,3624.0,2173.0,2669.0,6742.0,8183.0,5176.0,14352.0,2636.0
11329.0,47765.0,8622.0,3365.0,1959.0,2497.0,6321.0,7663.0,4761.0,13398.0,2513.0
10334.0,43243.0,8092.0,3151.0,1848.0,2348.0,5878.0,7073.0,4457.0,12400.0,2404.0
9593.0,38734.0,7746.0,2979.0,1748.0,2282.0,5327.0,6572.0,4283.0,11430.0,2350.0
9206.0,35116.0,7673.0,2913.0,1726.0,2285.0,4812.0,6191.0,4184.0,10638.0,2360.0
8897.0,32775.0,7650.0,2908.0,1682.0,2266.0,4554.0,5990.0,4165.0,10229.0,2345.0
8964.0,31289.0,7824.0,2985.0,1720.0,2326.0,4411.0,5913.0,4312.0,10061.0,2314.0
9462.0,30801.0,8245.0,3240.0,1819.0,2490.0,4301.0,6013.0,4664.0,10156.0,2322.0
10297.0,31811.0,8873.0,3621.0,2060.0,2629.0,4305.0,6468.0,5308.0,10826.0,2403.0
11012.0,34639.0,9365.0,3948.0,2331.0,2770.0,4473.0,7327.0,5789.0,12222.0,2493.0
11787.0,38587.0,9908.0,4166.0,2394.0,2954.0,4937.0,8025.0,5988.0,13586.0,2592.0
12264.0,42508.0,10092.0,4164.0,2364.0,3052.0,5241.0,8257.0,5932.0,14163.0,2644.0
12929.0,47190.0,9911.0,4133.0,2288.0,3127.0,5557.0,8523.0,5873.0,14576.0,2803.0
13576.0,51208.0,9772.0,4008.0,2213.0,3169.0,5807.0,8733.0,5746.0,14710.0,2849.0
14170.0,50923.0,9788.0,3908.0,2161.0,3208.0,5841.0,8551.0,5670.0,14245.0,2828.0
14876.0,50414.0,9821.0,3859.0,2132.0,3207.0,5881.0,8389.0,5643.0,13845.0,2807.0
15546.0,51209.0,9850.0,3800.0,2109.0,3183.0,6023.0,8153.0,5626.0,13426.0,2799.0
15968.0,50773.0,10093.0,3726.0,2143.0,3161.0,6156.0,8030.0,5528.0,13168.0,2706.0
16347.0,50065.0,10115.0,3800.0,2200.0,3074.0,6336.0,7665.0,5697.0,12584.0,2555.0
16522.0,51315.0,10583.0,3909.0,2307.0,3125.0,6489.0,7756.0,5913.0,12834.0,2465.0
16758.0,52609.0,11037.0,4179.0,2477.0,3230.0,6669.0,8036.0,6250.0,13464.0,2557.0
16078.0,55624.0,10869.0,4261.0,2514.0,3186.0,6838.0,8660.0,6193.0,14591.0,2575.0
14924.0,57927.0,10238.0,4145.0,2435.0,2975.0,7176.0,8919.0,5910.0,15239.0,2555.0
13733.0,56197.0,9591.0,3902.0,2314.0,2801.0,7058.0,8769.0,5602.0,15009.0,2543.0
12561.0,51580.0,9312.0,3647.0,2138.0,2673.0,6708.0,8236.0,5173.0,14240.0,2640.0
11277.0,47335.0,8571.0,3411.0,1963.0,2499.0,6336.0,7702.0,4798.0,13253.0,2513.0
10223.0,43049.0,7999.0,3154.0,1834.0,2353.0,5894.0,7095.0,4455.0,12260.0,2416.0
9584.0,38819.0,7628.0,3019.0,1752.0,2286.0,5409.0,6569.0,4251.0,11267.0,2350.0
9063.0,35209.0,7506.0,2924.0,1714.0,2264.0,4903.0,6174.0,4126.0,10546.0,2358.0
8796.0,33051.0,7417.0,2911.0,1697.0,2295.0,4607.0,5934.0,4128.0,10146.0,2320.0
8848.0,31521.0,7604.0,2987.0,1709.0,2324.0,4463.0,5883.0,4214.0,9984.0,2298.0
9321.0,30853.0,8137.0,3242.0,1819.0,2478.0,4330.0,5931.0,4556.0,10052.0,2316.0
10186.0,31654.0,8770.0,3585.0,2065.0,2643.0,4349.0,6426.0,5231.0,10746.0,2377.0
10835.0,34525.0,9308.0,3923.0,2333.0,2775.0,4533.0,7295.0,5760.0,12128.0,2482.0
11629.0,38827.0,9975.0,4104.0,2391.0,2971.0,4991.0,7960.0,5923.0,13503.0,2575.0
12096.0,42442.0,10156.0,4165.0,2385.0,3101.0,5292.0,8206.0,5848.0,14196.0,2630.0
12616.0,46947.0,9946.0,4130.0,2320.0,3135.0,5598.0,8476.0,5850.0,14650.0,2809.0
13184.0,50921.0,9794.0,4006.0,2240.0,3173.0,5868.0,8723.0,5749.0,14917.0,2830.0
13935.0,50244.0,9810.0,3917.0,2203.0,3204.0,5910.0,8542.0,5722.0,14557.0,2874.0
14658.0,49533.0,9813.0,3851.0,2159.0,3229.0,5827.0,8384.0,5760.0,14169.0,2850.0
15074.0,49878.0,9860.0,3801.0,2161.0,3209.0,6047.0,8225.0,5715.0,13788.0,2824.0
15469.0,50350.0,10060.0,3724.0,2193.0,3187.0,6276.0,8051.0,5637.0,13503.0,2711.0
15721.0,48985.0,10033.0,3773.0,2244.0,3085.0,6268.0,7742.0,5834.0,13001.0,2583.0
16019.0,48905.0,10571.0,3930.0,2338.0,3141.0,6437.0,7878.0,6062.0,13254.0,2484.0
16437.0,50064.0,10926.0,4150.0,2517.0,3246.0,6629.0,8173.0,6312.0,13835.0,2585.0
15848.0,53363.0,10747.0,4216.0,2533.0,3176.0,6878.0,8667.0,6189.0,14728.0,2591.0
14817.0,55642.0,10180.0,4102.0,2446.0,2994.0,7221.0,8896.0,5913.0,15219.0,2548.0
13727.0,54470.0,9688.0,3872.0,2338.0,2816.0,7130.0,8707.0,5588.0,14942.0,2534.0
12435.0,50862.0,9261.0,3637.0,2161.0,2697.0,6810.0,8155.0,5202.0,14104.0,2630.0
11154.0,46934.0,8547.0,3377.0,1985.0,2513.0,6516.0,7631.0,4799.0,13199.0,2509.0
10115.0,43007.0,8033.0,3153.0,1853.0,2349.0,6153.0,7032.0,4420.0,12150.0,2389.0
9412.0,39028.0,7728.0,2940.0,1765.0,2287.0,5666.0,6469.0,4231.0,11100.0,2338.0
9037.0,35104.0,7572.0,2839.0,1738.0,2251.0,5164.0,6087.0,4124.0,10300.0,2340.0
8763.0,32717.0,7489.0,2773.0,1683.0,2282.0,4819.0,5868.0,4050.0,9832.0,2295.0
8740.0,31381.0,7711.0,2838.0,1717.0,2313.0,4635.0,5736.0,4110.0,9555.0,2254.0
9270.0,30701.0,8170.0,3003.0,1802.0,2482.0,4467.0,5750.0,4394.0,9631.0,2247.0
10115.0,31796.0,8767.0,3322.0,2050.0,2623.0,4438.0,6160.0,4957.0,10184.0,2311.0
10843.0,34278.0,9342.0,3647.0,2311.0,2785.0,4525.0,6924.0,5429.0,11380.0,2438.0
11565.0,38251.0,9969.0,3900.0,2416.0,2956.0,4859.0,7628.0,5654.0,12711.0,2531.0
11932.0,42358.0,10161.0,3976.0,2380.0,3070.0,5191.0,7969.0,5649.0,13541.0,2625.0
12429.0,46930.0,9957.0,4011.0,2319.0,3135.0,5534.0,8286.0,5618.0,14098.0,2776.0
12947.0,50684.0,9815.0,3923.0,2245.0,3177.0,5798.0,8552.0,5576.0,14536.0,2810.0
13625.0,50295.0,9802.0,3865.0,2177.0,3205.0,5863.0,8440.0,5569.0,14207.0,2815.0
14345.0,49567.0,9801.0,3786.0,2169.0,3243.0,5877.0,8251.0,5566.0,13941.0,2805.0
15094.0,49693.0,9751.0,3748.0,2165.0,3210.0,5915.0,8078.0,5534.0,13652.0,2765.0
15493.0,50010.0,9899.0,3641.0,2161.0,3108.0,6107.0,7912.0,5454.0,13328.0,2619.0
15782.0,48396.0,9876.0,3697.0,2220.0,3018.0,6123.0,7563.0,5547.0,12724.0,2462.0
16047.0,48217.0,10246.0,3790.0,2300.0,3048.0,6243.0,7601.0,5692.0,12825.0,2387.0
15943.0,49126.0,10525.0,3928.0,2420.0,3101.0,6277.0,7812.0,5936.0,13201.0,2486.0
15244.0,51730.0,10359.0,3927.0,2453.0,3017.0,6576.0,8133.0,5888.0,13850.0,2468.0
14279.0,53236.0,9851.0,3826.0,2321.0,2909.0,6869.0,8163.0,5678.0,14062.0,2442.0
13497.0,52157.0,9440.0,3633.0,2237.0,2767.0,6707.0,8034.0,5401.0,13841.0,2452.0
12365.0,49085.0,9304.0,3463.0,2122.0,2644.0,6456.0,7647.0,5030.0,13229.0,2621.0
11174.0,45462.0,8685.0,3226.0,1982.0,2505.0,6184.0,7535.0,4676.0,13046.0,2543.0
10186.0,41885.0,8118.0,3025.0,1817.0,2337.0,5799.0,7099.0,4305.0,12180.0,2461.0
9422.0,37769.0,7812.0,2832.0,1751.0,2254.0,5376.0,6574.0,4107.0,11310.0,2403.0
8985.0,34262.0,7635.0,2734.0,1682.0,2213.0,4796.0,6131.0,3976.0,10511.0,2416.0
8712.0,31679.0,7581.0,2681.0,1658.0,2199.0,4567.0,5893.0,3888.0,10047.0,2386.0
8448.0,29907.0,7509.0,2673.0,1643.0,2208.0,4339.0,5702.0,3859.0,9743.0,2365.0
8591.0,29084.0,7637.0,2745.0,1678.0,2272.0,4195.0,5678.0,3951.0,9696.0,2358.0
8692.0,28600.0,7813.0,2871.0,1769.0,2380.0,4121.0,5770.0,4134.0,9811.0,2348.0
9044.0,29059.0,8220.0,3060.0,1900.0,2552.0,4150.0,5986.0,4421.0,10278.0,2385.0
9896.0,30310.0,8614.0,3315.0,2026.0,2778.0,4202.0,6399.0,4828.0,10973.0,2513.0
10806.0,33275.0,8865.0,3472.0,2072.0,2910.0,4315.0,6836.0,5023.0,11751.0,2568.0
11713.0,36832.0,9002.0,3675.0,2106.0,3005.0,4631.0,7215.0,5370.0,12525.0,2782.0
12681.0,41428.0,9049.0,3720.0,2102.0,3027.0,5029.0,7467.0,5421.0,12925.0,2775.0
13728.0,43219.0,9217.0,3715.0,2115.0,3079.0,5306.0,7571.0,5455.0,13084.0,2809.0
14536.0,44402.0,9283.0,3721.0,2097.0,3138.0,5486.0,7532.0,5472.0,13007.0,2816.0
15149.0,45504.0,9514.0,3692.0,2085.0,3142.0,5681.0,7504.0,5451.0,12963.0,2804.0
15775.0,45944.0,9544.0,3744.0,2094.0,3163.0,5852.0,7441.0,5594.0,12925.0,2833.0
15769.0,46291.0,9869.0,3631.0,2147.0,2825.0,6039.0,7529.0,5429.0,13009.0,2684.0
15647.0,44092.0,10507.0,3708.0,2228.0,2896.0,5995.0,7513.0,5626.0,12948.0,2666.0
15623.0,44894.0,10568.0,3792.0,2293.0,2922.0,6125.0,7785.0,5740.0,13441.0,2738.0
14621.0,46983.0,10392.0,3783.0,2303.0,2886.0,6375.0,8124.0,5670.0,14045.0,2733.0
13644.0,47700.0,10068.0,3691.0,2235.0,2856.0,6517.0,8117.0,5470.0,14103.0,2721.0
12683.0,46740.0,9616.0,3544.0,2165.0,2743.0,6383.0,7963.0,5236.0,13812.0,2671.0
11714.0,44686.0,9038.0,3323.0,2039.0,2547.0,6171.0,7645.0,4957.0,13286.0,2588.0
10833.0,42289.0,8614.0,3029.0,1908.0,2424.0,5948.0,7238.0,4653.0,12601.0,2518.0
9936.0,39488.0,8063.0,2764.0,1801.0,2293.0,5730.0,6815.0,4333.0,11880.0,2448.0
9385.0,36476.0,7680.0,2732.0,1729.0,2207.0,5386.0,6452.0,4095.0,11145.0,2391.0
8703.0,32729.0,7564.0,2693.0,1709.0,2156.0,4990.0,6116.0,3990.0,10452.0,2434.0
8468.0,30406.0,7525.0,2649.0,1625.0,2122.0,4682.0,5857.0,3885.0,10199.0,2389.0
8245.0,29002.0,7339.0,2624.0,1631.0,2132.0,4487.0,5676.0,3815.0,9600.0,2367.0
8282.0,28208.0,7350.0,2647.0,1628.0,2157.0,4330.0,5586.0,3874.0,9467.0,2350.0
8449.0,27822.0,7495.0,2793.0,1713.0,2265.0,4218.0,5564.0,3992.0,9420.0,2365.0
8821.0,28146.0,7920.0,2985.0,1858.0,2435.0,4206.0,5734.0,4297.0,9686.0,2350.0
9743.0,29565.0,8380.0,3217.0,1982.0,2684.0,4254.0,6105.0,4708.0,10288.0,2497.0
10551.0,32860.0,8679.0,3399.0,2080.0,2847.0,4337.0,6566.0,4958.0,11101.0,2548.0
11316.0,35883.0,8815.0,3581.0,2099.0,2944.0,4603.0,7072.0,5295.0,12064.0,2760.0
12096.0,39552.0,8983.0,3665.0,2111.0,2933.0,5020.0,7380.0,5363.0,12692.0,2788.0
12996.0,40965.0,9185.0,3663.0,2134.0,2951.0,5300.0,7471.0,5463.0,12904.0,2797.0
13530.0,42076.0,9324.0,3666.0,2153.0,3067.0,5468.0,7522.0,5482.0,12896.0,2819.0
13930.0,42903.0,9607.0,3688.0,2188.0,3103.0,5533.0,7579.0,5611.0,12940.0,2892.0
14431.0,43428.0,9787.0,3728.0,2198.0,3145.0,5606.0,7597.0,5606.0,12979.0,2912.0
14393.0,44116.0,10193.0,3690.0,2280.0,2850.0,5698.0,7619.0,5484.0,13028.0,2769.0
14716.0,42466.0,11022.0,3809.0,2406.0,2981.0,5593.0,7622.0,5657.0,12932.0,2784.0
15065.0,45614.0,11058.0,3940.0,2421.0,3021.0,5650.0,7978.0,5811.0,13523.0,2809.0
14408.0,47330.0,10842.0,3921.0,2407.0,2969.0,5866.0,8487.0,5771.0,14352.0,2832.0
12824.0,51442.0,10856.0,4442.0,2638.0,3001.0,6349.0,9876.0,6307.0,16382.0,3015.0
11995.0,51224.0,10307.0,4267.0,2558.0,2849.0,6308.0,9770.0,6137.0,16199.0,2930.0
11029.0,48439.0,9199.0,3998.0,2363.0,2666.0,6051.0,9374.0,5730.0,15501.0,2666.0
9878.0,44968.0,8628.0,3671.0,2176.0,2487.0,5745.0,8790.0,5235.0,14617.0,2644.0
9148.0,40955.0,8060.0,3377.0,2025.0,2327.0,5387.0,8046.0,4825.0,13409.0,2565.0
8659.0,36746.0,7868.0,3186.0,1943.0,2235.0,4967.0,7373.0,4613.0,12243.0,2570.0
8282.0,33339.0,7656.0,3076.0,1893.0,2209.0,4694.0,6791.0,4488.0,11269.0,2484.0
8111.0,31373.0,7685.0,3030.0,1856.0,2214.0,4466.0,6497.0,4433.0,10804.0,2527.0
8345.0,29892.0,7817.0,3027.0,1871.0,2237.0,4337.0,6382.0,4443.0,10596.0,2513.0
8931.0,29183.0,8125.0,3178.0,1984.0,2337.0,4297.0,6341.0,4642.0,10562.0,2528.0
10152.0,29296.0,8935.0,3528.0,2229.0,2567.0,4390.0,6593.0,5198.0,10978.0,2575.0
10824.0,31648.0,9545.0,3983.0,2494.0,2745.0,4700.0,7283.0,5852.0,12139.0,2678.0
11284.0,36076.0,10148.0,4235.0,2606.0,2904.0,5030.0,8386.0,6145.0,14113.0,2806.0
11383.0,40299.0,10258.0,4272.0,2603.0,2948.0,5340.0,9018.0,6118.0,15266.0,2852.0
11442.0,44124.0,9979.0,4335.0,2550.0,3082.0,5599.0,9202.0,6231.0,15551.0,3024.0
11510.0,47466.0,9784.0,4259.0,2470.0,3095.0,5767.0,9201.0,6168.0,15461.0,3076.0
11657.0,46676.0,9639.0,4181.0,2426.0,3084.0,5738.0,9087.0,6020.0,15082.0,3049.0
11781.0,45952.0,9634.0,4137.0,2389.0,3092.0,5594.0,8892.0,5991.0,14644.0,3071.0
11881.0,45395.0,9635.0,4060.0,2377.0,3068.0,5515.0,8748.0,5868.0,14305.0,3054.0
12111.0,45394.0,9848.0,3995.0,2374.0,3016.0,5470.0,8596.0,5844.0,14002.0,3071.0
12107.0,44428.0,10061.0,3952.0,2452.0,2940.0,5427.0,8312.0,5750.0,13686.0,2955.0
12442.0,42788.0,10534.0,4029.0,2567.0,2890.0,5383.0,8331.0,5826.0,13771.0,2900.0
13118.0,43434.0,11272.0,4265.0,2769.0,3078.0,5486.0,8584.0,6173.0,14288.0,3001.0
13410.0,46458.0,11159.0,4411.0,2780.0,3102.0,5880.0,9131.0,6289.0,15267.0,3026.0
12802.0,50953.0,10729.0,4361.0,2730.0,2985.0,6376.0,9615.0,6177.0,16166.0,2961.0
11980.0,50894.0,10198.0,4225.0,2602.0,2842.0,6320.0,9577.0,5992.0,16117.0,2917.0
11069.0,48159.0,9077.0,3967.0,2410.0,2654.0,6091.0,9210.0,5643.0,15493.0,2613.0
9976.0,45015.0,8610.0,3653.0,2206.0,2462.0,5745.0,8633.0,5170.0,14526.0,2622.0
9125.0,40909.0,8117.0,3393.0,2070.0,2330.0,5343.0,7894.0,4855.0,13298.0,2552.0
8612.0,36874.0,7827.0,3213.0,1978.0,2261.0,4960.0,7233.0,4617.0,12102.0,2535.0
8270.0,33502.0,7626.0,3114.0,1936.0,2206.0,4657.0,6689.0,4529.0,11268.0,2495.0
8139.0,31534.0,7649.0,3094.0,1899.0,2230.0,4439.0,6406.0,4476.0,10797.0,2533.0
8273.0,30056.0,7715.0,3118.0,1910.0,2267.0,4311.0,6272.0,4510.0,10590.0,2508.0
8933.0,29119.0,8100.0,3266.0,2019.0,2371.0,4306.0,6244.0,4714.0,10555.0,2533.0
10010.0,29363.0,8981.0,3615.0,2264.0,2579.0,4411.0,6434.0,5238.0,10912.0,2590.0
10763.0,31431.0,9601.0,4087.0,2522.0,2770.0,4671.0,7094.0,5903.0,12013.0,2640.0
11202.0,35971.0,10255.0,4365.0,2645.0,2919.0,5003.0,8176.0,6341.0,13898.0,2861.0
11197.0,40500.0,10286.0,4428.0,2656.0,2967.0,5282.0,8890.0,6268.0,15087.0,2893.0
11370.0,44362.0,10044.0,4495.0,2603.0,3105.0,5536.0,9135.0,6407.0,15482.0,3103.0
11495.0,47898.0,9863.0,4396.0,2558.0,3104.0,5732.0,9171.0,6305.0,15417.0,3136.0
11727.0,47080.0,9704.0,4334.0,2496.0,3094.0,5666.0,9084.0,6152.0,15266.0,3117.0
11906.0,46191.0,9667.0,4276.0,2485.0,3112.0,5592.0,8898.0,6061.0,14901.0,3125.0
12094.0,45614.0,9660.0,4201.0,2479.0,3083.0,5524.0,8806.0,5946.0,14786.0,3140.0
12232.0,45437.0,9769.0,4142.0,2498.0,3051.0,5456.0,8674.0,5918.0,14694.0,3101.0
12385.0,44518.0,9975.0,4137.0,2604.0,2952.0,5446.0,8434.0,5864.0,14319.0,3005.0
12604.0,42742.0,10515.0,4189.0,2741.0,2901.0,5411.0,8467.0,5967.0,14538.0,2955.0
13226.0,43624.0,11297.0,4432.0,2912.0,3079.0,5490.0,8764.0,6336.0,15033.0,3045.0
13551.0,46379.0,11233.0,4569.0,2949.0,3100.0,5910.0,9350.0,6437.0,16203.0,3073.0
12840.0,51186.0,10849.0,4486.0,2861.0,2997.0,6384.0,9923.0,6297.0,17138.0,3024.0
12166.0,50906.0,10303.0,4337.0,2741.0,2826.0,6379.0,9825.0,6084.0,16938.0,2993.0
11117.0,48450.0,9149.0,4077.0,2546.0,2642.0,6108.0,9493.0,5676.0,16363.0,2672.0
10019.0,45661.0,8669.0,3772.0,2332.0,2465.0,5774.0,8982.0,5255.0,15475.0,2669.0
9182.0,41598.0,8179.0,3484.0,2224.0,2325.0,5375.0,8256.0,4924.0,14270.0,2627.0
8612.0,37439.0,7904.0,3324.0,2120.0,2233.0,4965.0,7604.0,4727.0,13028.0,2580.0
8321.0,33969.0,7758.0,3214.0,2063.0,2179.0,4613.0,7116.0,4609.0,12234.0,2550.0
8208.0,32046.0,7742.0,3175.0,2037.0,2198.0,4428.0,6827.0,4542.0,11750.0,2583.0
8351.0,30657.0,7812.0,3167.0,2060.0,2212.0,4337.0,6731.0,4614.0,11615.0,2579.0
9045.0,29914.0,8127.0,3313.0,2156.0,2315.0,4286.0,6776.0,4819.0,11636.0,2598.0
10169.0,30067.0,8988.0,3641.0,2419.0,2533.0,4412.0,7042.0,5371.0,12170.0,2669.0
10970.0,32166.0,9632.0,4129.0,2686.0,2721.0,4729.0,7773.0,6078.0,13404.0,2743.0
11456.0,36493.0,10355.0,4418.0,2837.0,2879.0,5132.0,8929.0,6500.0,15409.0,2957.0
11456.0,40891.0,10485.0,4528.0,2824.0,2957.0,5423.0,9665.0,6414.0,16721.0,3017.0
11508.0,44695.0,10233.0,4610.0,2766.0,3109.0,5719.0,9898.0,6481.0,17148.0,3197.0
11421.0,48031.0,10029.0,4602.0,2718.0,3107.0,5908.0,9841.0,6369.0,17117.0,3218.0
11356.0,47246.0,9895.0,4537.0,2646.0,3110.0,5789.0,9673.0,6234.0,16629.0,3211.0
11435.0,46251.0,9848.0,4498.0,2648.0,3104.0,5692.0,9377.0,6152.0,15984.0,3216.0
11470.0,45551.0,9755.0,4431.0,2614.0,3069.0,5574.0,9157.0,6048.0,15579.0,3181.0
11546.0,45492.0,9914.0,4409.0,2621.0,3029.0,5519.0,9008.0,6005.0,15225.0,3193.0
11617.0,44434.0,10159.0,4373.0,2727.0,2929.0,5425.0,8738.0,5912.0,14831.0,3075.0
11813.0,42702.0,10659.0,4464.0,2864.0,2870.0,5407.0,8733.0,5983.0,14851.0,3026.0
12539.0,43439.0,11441.0,4701.0,3023.0,3083.0,5478.0,8947.0,6363.0,15314.0,3125.0
12785.0,46365.0,11435.0,4881.0,3032.0,3094.0,5896.0,9505.0,6495.0,16360.0,3180.0
12359.0,50931.0,11117.0,4807.0,2961.0,2992.0,6365.0,10111.0,6425.0,17504.0,3142.0
11843.0,50974.0,10685.0,4665.0,2824.0,2817.0,6365.0,10104.0,6305.0,17379.0,3082.0
10912.0,48438.0,9624.0,4398.0,2648.0,2686.0,6123.0,9786.0,5967.0,16895.0,2784.0
9947.0,45608.0,9118.0,4070.0,2437.0,2502.0,5800.0,9260.0,5530.0,15938.0,2775.0
9125.0,41638.0,8904.0,3813.0,2288.0,2366.0,5451.0,8592.0,5253.0,14622.0,2752.0
8706.0,37445.0,8604.0,3667.0,2187.0,2288.0,5059.0,7880.0,5031.0,13433.0,2682.0
8513.0,34035.0,8446.0,3573.0,2138.0,2257.0,4779.0,7346.0,4893.0,12435.0,2629.0
8402.0,31909.0,8499.0,3548.0,2109.0,2259.0,4578.0,7073.0,4849.0,12024.0,2681.0
8508.0,30688.0,8524.0,3580.0,2134.0,2313.0,4481.0,6976.0,4864.0,11822.0,2657.0
9172.0,29988.0,8928.0,3718.0,2227.0,2392.0,4411.0,7021.0,5128.0,11875.0,2657.0
10296.0,30047.0,9815.0,4083.0,2466.0,2614.0,4524.0,7275.0,5668.0,12311.0,2750.0
11219.0,32462.0,10510.0,4539.0,2714.0,2758.0,4858.0,7946.0,6409.0,13485.0,2855.0
11594.0,36377.0,11338.0,4815.0,2846.0,2953.0,5163.0,9063.0,6894.0,15438.0,3068.0
11559.0,40825.0,11490.0,4835.0,2818.0,2982.0,5423.0,9811.0,6814.0,16634.0,3117.0
11505.0,44680.0,11269.0,4827.0,2724.0,3141.0,5720.0,9977.0,6902.0,16670.0,3314.0
11385.0,48185.0,11048.0,4695.0,2632.0,3118.0,5924.0,9913.0,6767.0,16323.0,3323.0
11322.0,47430.0,10809.0,4517.0,2561.0,3089.0,5868.0,9633.0,6537.0,15692.0,3309.0
11373.0,46300.0,10693.0,4449.0,2517.0,3067.0,5701.0,9187.0,6472.0,14961.0,3283.0
11414.0,45563.0,10640.0,4310.0,2458.0,2999.0,5566.0,8891.0,6272.0,14400.0,3226.0
11412.0,45373.0,10764.0,4252.0,2449.0,2958.0,5519.0,8682.0,6235.0,14031.0,3213.0
11468.0,44271.0,10891.0,4166.0,2502.0,2888.0,5410.0,8411.0,6135.0,13532.0,3036.0
11608.0,42621.0,11344.0,4216.0,2614.0,2838.0,5379.0,8394.0,6151.0,13558.0,3002.0
12266.0,43182.0,12196.0,4478.0,2800.0,2990.0,5411.0,8644.0,6521.0,14064.0,3076.0
12577.0,45969.0,12130.0,4695.0,2841.0,3035.0,5835.0,9161.0,6680.0,15117.0,3105.0
11953.0,50365.0,11771.0,4670.0,2785.0,2943.0,6327.0,9716.0,6548.0,16217.0,3045.0
11584.0,50100.0,11348.0,4547.0,2674.0,2849.0,6255.0,9609.0,6388.0,16091.0,3007.0
10965.0,47521.0,10644.0,4421.0,2550.0,2747.0,6003.0,9307.0,6175.0,15558.0,2962.0
10003.0,44866.0,10003.0,4151.0,2374.0,2592.0,5804.0,9111.0,5735.0,15226.0,2883.0
9400.0,41633.0,9553.0,3909.0,2224.0,2480.0,5536.0,8593.0,5364.0,14313.0,2780.0
8844.0,37700.0,9158.0,3724.0,2149.0,2393.0,5171.0,8008.0,5151.0,13273.0,2728.0
8479.0,34618.0,8912.0,3632.0,2087.0,2340.0,4838.0,7377.0,5018.0,12262.0,2729.0
8347.0,32260.0,8962.0,3577.0,2073.0,2294.0,4658.0,7142.0,4939.0,11834.0,2752.0
8338.0,30690.0,8856.0,3575.0,2063.0,2295.0,4527.0,6956.0,4938.0,11601.0,2758.0
8436.0,29860.0,8981.0,3620.0,2115.0,2335.0,4496.0,6900.0,5012.0,11639.0,2738.0
8936.0,29347.0,9334.0,3748.0,2190.0,2440.0,4480.0,6977.0,5228.0,11767.0,2765.0
9469.0,29531.0,9689.0,3968.0,2324.0,2583.0,4551.0,7234.0,5557.0,12214.0,2787.0
10151.0,30078.0,10288.0,4239.0,2463.0,2846.0,4605.0,7645.0,5987.0,13070.0,2940.0
10571.0,32039.0,10493.0,4374.0,2529.0,2961.0,4747.0,8132.0,6256.0,13965.0,3046.0
10851.0,36962.0,10398.0,4437.0,2513.0,3000.0,5042.0,8640.0,6284.0,14698.0,3091.0
10992.0,40133.0,10362.0,4395.0,2496.0,3030.0,5242.0,8875.0,6272.0,15054.0,3172.0
11139.0,42027.0,10398.0,4344.0,2470.0,3018.0,5351.0,8895.0,6276.0,14886.0,3207.0
11373.0,42386.0,10257.0,4271.0,2442.0,3003.0,5299.0,8701.0,6134.0,14545.0,3196.0
11493.0,43010.0,10152.0,4184.0,2410.0,2984.0,5322.0,8575.0,6007.0,14278.0,3181.0
11719.0,43218.0,10014.0,4105.0,2386.0,2915.0,5306.0,8410.0,5861.0,14098.0,3047.0
12013.0,42858.0,10044.0,4072.0,2426.0,2953.0,5211.0,8281.0,5779.0,13844.0,2991.0
12089.0,42226.0,10410.0,4176.0,2530.0,2889.0,5195.0,8182.0,5882.0,13674.0,2977.0
12491.0,41581.0,11160.0,4347.0,2652.0,3009.0,5285.0,8411.0,6116.0,14062.0,3019.0
12759.0,43228.0,11254.0,4500.0,2673.0,3061.0,5622.0,8832.0,6298.0,14739.0,3056.0
12181.0,46509.0,11110.0,4454.0,2638.0,3008.0,6004.0,9190.0,6222.0,15375.0,3019.0
11630.0,46007.0,10823.0,4341.0,2535.0,2906.0,5964.0,9124.0,6067.0,15297.0,2963.0
10874.0,44384.0,10479.0,4116.0,2434.0,2737.0,5836.0,8845.0,5737.0,14847.0,2921.0
9994.0,42086.0,9993.0,3851.0,2271.0,2588.0,5566.0,8723.0,5336.0,14683.0,2848.0
9444.0,39365.0,9510.0,3525.0,2167.0,2475.0,5299.0,8230.0,5042.0,13815.0,2784.0
8836.0,36501.0,9139.0,3332.0,2063.0,2379.0,5060.0,7748.0,4745.0,13033.0,2724.0
8473.0,34420.0,8933.0,3236.0,1980.0,2372.0,4786.0,7307.0,4594.0,12258.0,2714.0
8205.0,31881.0,8882.0,3164.0,1929.0,2325.0,4606.0,6988.0,4469.0,11688.0,2743.0
8086.0,29960.0,8768.0,3171.0,1924.0,2292.0,4444.0,6749.0,4431.0,11324.0,2720.0
8314.0,28972.0,8883.0,3242.0,1943.0,2329.0,4368.0,6669.0,4491.0,11226.0,2726.0
8692.0,28220.0,8875.0,3506.0,2004.0,2465.0,4370.0,6635.0,4647.0,11183.0,2717.0
9415.0,28452.0,9214.0,3867.0,2144.0,2773.0,4404.0,6838.0,5096.0,11506.0,2860.0
10067.0,28783.0,9797.0,4101.0,2255.0,2938.0,4497.0,7164.0,5587.0,12105.0,3070.0
10563.0,33522.0,10000.0,4192.0,2347.0,3026.0,4769.0,7699.0,5811.0,13046.0,3096.0
10946.0,37752.0,10116.0,4244.0,2381.0,3025.0,4941.0,8211.0,6022.0,13914.0,3167.0
11242.0,40326.0,9985.0,4245.0,2372.0,3010.0,5203.0,8549.0,5949.0,14327.0,3150.0
11658.0,42062.0,10093.0,4214.0,2398.0,3037.0,5270.0,8651.0,5985.0,14442.0,3166.0
11911.0,43049.0,9992.0,4187.0,2389.0,3040.0,5338.0,8702.0,5913.0,14324.0,3170.0
12163.0,44347.0,10027.0,4148.0,2372.0,3030.0,5334.0,8752.0,5877.0,14453.0,3226.0
12500.0,45010.0,10087.0,4125.0,2363.0,3068.0,5311.0,8765.0,5839.0,14445.0,3263.0
12806.0,45791.0,10359.0,4104.0,2410.0,2929.0,5355.0,8751.0,5832.0,14532.0,3230.0
13178.0,45369.0,10791.0,4163.0,2542.0,2900.0,5406.0,8732.0,5917.0,14594.0,3167.0
13459.0,45803.0,11234.0,4275.0,2635.0,2954.0,5519.0,8897.0,5999.0,15027.0,2993.0
13657.0,46311.0,11491.0,4418.0,2693.0,3069.0,5867.0,9303.0,6203.0,15760.0,3168.0
12955.0,49584.0,11199.0,4393.0,2629.0,3060.0,6199.0,9644.0,6062.0,16184.0,3172.0
12235.0,49340.0,10771.0,4245.0,2524.0,2968.0,6188.0,9625.0,5923.0,16178.0,3096.0
11389.0,47276.0,9944.0,4088.0,2357.0,2842.0,6021.0,9363.0,5696.0,15636.0,2931.0
10253.0,44792.0,9220.0,3808.0,2218.0,2676.0,5827.0,8679.0,5342.0,14551.0,2843.0
9376.0,41430.0,8497.0,3515.0,2032.0,2508.0,5476.0,8067.0,4927.0,13463.0,2754.0
8852.0,37975.0,8101.0,3354.0,1954.0,2405.0,5107.0,7488.0,4701.0,12392.0,2683.0
8514.0,33931.0,7866.0,3235.0,1894.0,2363.0,4761.0,6957.0,4560.0,11478.0,2657.0
8327.0,31655.0,7939.0,3206.0,1880.0,2360.0,4553.0,6667.0,4527.0,10982.0,2681.0
8436.0,30137.0,7948.0,3196.0,1887.0,2373.0,4416.0,6532.0,4524.0,10739.0,2647.0
9045.0,29357.0,8313.0,3320.0,1976.0,2508.0,4358.0,6526.0,4735.0,10725.0,2669.0
10196.0,29578.0,9154.0,3704.0,2243.0,2698.0,4432.0,6737.0,5253.0,11089.0,2721.0
10986.0,31939.0,9844.0,4173.0,2496.0,2880.0,4655.0,7383.0,5969.0,12202.0,2812.0
11535.0,36245.0,10568.0,4455.0,2608.0,3077.0,4994.0,8443.0,6421.0,14063.0,3007.0
11781.0,41776.0,10592.0,4490.0,2576.0,3166.0,5408.0,9098.0,6370.0,15180.0,3031.0
11885.0,46727.0,10331.0,4502.0,2498.0,3224.0,5747.0,9322.0,6431.0,15512.0,3168.0
11906.0,49953.0,10101.0,4404.0,2432.0,3201.0,5936.0,9268.0,6320.0,15267.0,3159.0
12111.0,49676.0,10012.0,4292.0,2360.0,3186.0,5871.0,9088.0,6245.0,14845.0,3176.0
12510.0,48693.0,10102.0,4196.0,2332.0,3196.0,5747.0,8853.0,6193.0,14368.0,3177.0
12761.0,48548.0,9902.0,4116.0,2277.0,3167.0,5712.0,8650.0,6082.0,14021.0,3162.0
13086.0,48342.0,10129.0,4031.0,2306.0,3128.0,5708.0,8544.0,6019.0,13808.0,3149.0
13546.0,46863.0,10333.0,4075.0,2345.0,3100.0,5644.0,8261.0,6030.0,13337.0,3022.0
13880.0,46652.0,10708.0,4198.0,2452.0,3119.0,5692.0,8299.0,6211.0,13470.0,3019.0
14396.0,47294.0,11561.0,4451.0,2659.0,3262.0,5886.0,8510.0,6535.0,13987.0,3092.0
14353.0,49493.0,11406.0,4610.0,2711.0,3240.0,6314.0,8998.0,6619.0,15014.0,3133.0
22209.0,70159.0,11540.0,5280.0,2406.0,3411.0,10164.0,9381.0,7036.0,15121.0,2692.0
20220.0,69226.0,11067.0,5090.0,2210.0,3103.0,9956.0,9426.0,6680.0,15235.0,2738.0
18109.0,67034.0,10534.0,4712.0,2049.0,3022.0,9576.0,8950.0,6118.0,14541.0,2858.0
16195.0,61767.0,9461.0,4251.0,1880.0,2744.0,8892.0,8194.0,5480.0,13374.0,2608.0
14230.0,55316.0,8591.0,3828.0,1731.0,2555.0,8114.0,7404.0,4723.0,12213.0,2444.0
13285.0,48965.0,8167.0,3586.0,1639.0,2425.0,7368.0,6631.0,4770.0,11169.0,2467.0
12442.0,42336.0,7832.0,3390.0,1603.0,2389.0,6589.0,6266.0,4383.0,10161.0,2366.0
12033.0,38660.0,7530.0,3270.0,1553.0,2368.0,6156.0,5825.0,4209.0,9608.0,2288.0
11968.0,36273.0,7500.0,3228.0,1621.0,2412.0,5847.0,5693.0,4186.0,9375.0,2252.0
12409.0,34607.0,7790.0,3291.0,1758.0,2565.0,5631.0,5666.0,4291.0,9300.0,2252.0
13142.0,34439.0,8518.0,3539.0,1919.0,2698.0,5625.0,5925.0,4731.0,9690.0,2302.0
14415.0,36482.0,9095.0,3914.0,2044.0,2992.0,5754.0,6505.0,5224.0,10491.0,2387.0
15660.0,40596.0,9752.0,4226.0,2183.0,3253.0,5999.0,7093.0,5636.0,11459.0,2521.0
16803.0,45762.0,9977.0,4377.0,2190.0,3439.0,6552.0,7645.0,5849.0,12447.0,2617.0
17825.0,51024.0,10299.0,4541.0,2181.0,3606.0,7113.0,8122.0,6060.0,13300.0,2821.0
18813.0,56283.0,10527.0,4658.0,2192.0,3752.0,7610.0,8517.0,6342.0,13890.0,2938.0
19894.0,58031.0,10798.0,4831.0,2218.0,3857.0,8039.0,8600.0,6559.0,13896.0,2961.0
20750.0,59356.0,11151.0,5003.0,2266.0,3948.0,8419.0,8712.0,6814.0,14050.0,3016.0
21441.0,61054.0,11370.0,5143.0,2313.0,3976.0,8719.0,8810.0,6996.0,14071.0,3035.0
22278.0,63257.0,11844.0,5233.0,2403.0,4004.0,9107.0,8894.0,7097.0,14078.0,2995.0
22666.0,64961.0,12066.0,5377.0,2449.0,3849.0,9340.0,8737.0,7330.0,13761.0,2944.0
22930.0,65409.0,11875.0,5495.0,2521.0,3772.0,9685.0,8884.0,7453.0,14003.0,2677.0
22796.0,67966.0,11975.0,5575.0,2558.0,3778.0,9827.0,8975.0,7607.0,14151.0,2721.0
22549.0,69197.0,11969.0,5548.0,2563.0,3746.0,9968.0,9052.0,7407.0,14319.0,2711.0
21313.0,69534.0,11725.0,5417.0,2462.0,3510.0,9912.0,9108.0,7175.0,14594.0,2676.0
19807.0,68791.0,11037.0,5214.0,2263.0,3180.0,9812.0,9198.0,6759.0,14827.0,2667.0
17899.0,66492.0,10609.0,4796.0,2038.0,3022.0,9517.0,8801.0,6153.0,14204.0,2848.0
16310.0,61083.0,9606.0,4317.0,1865.0,2776.0,8782.0,8040.0,5527.0,13054.0,2621.0
14947.0,55036.0,8776.0,3886.0,1745.0,2586.0,8146.0,7272.0,4742.0,11904.0,2446.0
13859.0,48852.0,8256.0,3641.0,1659.0,2450.0,7370.0,6523.0,4846.0,10855.0,2450.0
12953.0,43286.0,7925.0,3419.0,1596.0,2429.0,6725.0,6256.0,4386.0,10106.0,2340.0
12490.0,39436.0,7681.0,3312.0,1574.0,2405.0,6224.0,5829.0,4220.0,9562.0,2287.0
12475.0,36943.0,7571.0,3247.0,1603.0,2417.0,5832.0,5695.0,4206.0,9279.0,2260.0
12789.0,35403.0,7915.0,3289.0,1739.0,2576.0,5616.0,5689.0,4287.0,9272.0,2265.0
13447.0,35054.0,8469.0,3539.0,1918.0,2734.0,5522.0,5949.0,4725.0,9703.0,2315.0
14614.0,36651.0,9011.0,3894.0,2045.0,2998.0,5584.0,6496.0,5208.0,10592.0,2409.0
16113.0,40941.0,9650.0,4232.0,2168.0,3259.0,5790.0,7113.0,5603.0,11607.0,2514.0
17302.0,46149.0,10051.0,4407.0,2209.0,3449.0,6191.0,7655.0,5808.0,12466.0,2612.0
18310.0,51875.0,10310.0,4588.0,2231.0,3609.0,6816.0,8151.0,6040.0,13234.0,2817.0
19317.0,57908.0,10513.0,4727.0,2246.0,3793.0,7401.0,8582.0,6289.0,13818.0,2900.0
20389.0,60469.0,10739.0,4883.0,2314.0,3940.0,7792.0,8689.0,6507.0,13843.0,2987.0
21190.0,62616.0,11099.0,5064.0,2376.0,4022.0,8270.0,8818.0,6748.0,14024.0,3012.0
21714.0,65052.0,11381.0,5204.0,2421.0,4059.0,8647.0,8963.0,6886.0,14128.0,3024.0
22476.0,67732.0,11786.0,5308.0,2496.0,4045.0,9027.0,9105.0,7067.0,14257.0,2955.0
22724.0,69603.0,12058.0,5461.0,2541.0,3884.0,9359.0,9030.0,7368.0,14043.0,2952.0
22650.0,69727.0,11935.0,5555.0,2598.0,3854.0,9576.0,9227.0,7506.0,14333.0,2721.0
22625.0,71169.0,11935.0,5590.0,2640.0,3810.0,9788.0,9309.0,7532.0,14526.0,2718.0
22344.0,71952.0,11934.0,5526.0,2632.0,3788.0,9928.0,9377.0,7356.0,14705.0,2728.0
21160.0,71880.0,11686.0,5407.0,2521.0,3548.0,10063.0,9385.0,7184.0,14870.0,2704.0
19608.0,71093.0,10937.0,5192.0,2268.0,3235.0,9890.0,9444.0,6815.0,15096.0,2683.0
17837.0,68505.0,10571.0,4789.0,2070.0,3039.0,9699.0,8997.0,6278.0,14409.0,2879.0
16267.0,63174.0,9538.0,4333.0,1904.0,2820.0,8910.0,8227.0,5662.0,13222.0,2626.0
14882.0,56601.0,8709.0,3899.0,1772.0,2600.0,8166.0,7437.0,4859.0,12005.0,2446.0
13968.0,50121.0,8255.0,3646.0,1675.0,2506.0,7397.0,6656.0,4790.0,10954.0,2470.0
13231.0,44296.0,7827.0,3437.0,1616.0,2447.0,6696.0,6299.0,4411.0,10168.0,2359.0
12784.0,40357.0,7611.0,3309.0,1597.0,2449.0,6205.0,5944.0,4214.0,9697.0,2288.0
12713.0,37646.0,7580.0,3244.0,1623.0,2476.0,5887.0,5780.0,4166.0,9418.0,2234.0
13124.0,36006.0,7827.0,3297.0,1759.0,2632.0,5672.0,5747.0,4288.0,9341.0,2262.0
13854.0,35509.0,8495.0,3558.0,1922.0,2759.0,5566.0,5999.0,4751.0,9724.0,2310.0
15085.0,37212.0,9084.0,3941.0,2073.0,3010.0,5659.0,6543.0,5244.0,10573.0,2404.0
16414.0,41631.0,9755.0,4255.0,2179.0,3288.0,5869.0,7111.0,5658.0,11605.0,2533.0
17742.0,46971.0,10124.0,4407.0,2203.0,3474.0,6372.0,7689.0,5848.0,12445.0,2611.0
18873.0,52953.0,10467.0,4583.0,2209.0,3624.0,7012.0,8188.0,6077.0,13132.0,2827.0
19768.0,59073.0,10651.0,4721.0,2224.0,3742.0,7477.0,8585.0,6296.0,13708.0,2913.0
20747.0,61471.0,10916.0,4871.0,2281.0,3880.0,7959.0,8643.0,6507.0,13651.0,2982.0
21438.0,63889.0,11245.0,5051.0,2337.0,3950.0,8262.0,8751.0,6751.0,13742.0,3009.0
22293.0,66035.0,11516.0,5160.0,2400.0,3877.0,8511.0,8795.0,6923.0,13647.0,3005.0
22956.0,68783.0,11875.0,5206.0,2474.0,3814.0,8647.0,8842.0,6961.0,13627.0,2946.0
23253.0,70926.0,11979.0,5330.0,2483.0,3601.0,8742.0,8614.0,7091.0,13187.0,2887.0
23127.0,71325.0,11693.0,5422.0,2521.0,3554.0,9170.0,8742.0,7200.0,13410.0,2623.0
22786.0,72916.0,11811.0,5464.0,2558.0,3534.0,9609.0,8795.0,7271.0,13558.0,2657.0
22451.0,73532.0,11692.0,5390.0,2584.0,3543.0,9791.0,8822.0,7121.0,13722.0,2654.0
20909.0,73061.0,11487.0,5280.0,2451.0,3307.0,9725.0,8868.0,6968.0,14044.0,2640.0
19089.0,71557.0,10728.0,5059.0,2239.0,3092.0,9669.0,8960.0,6626.0,14288.0,2594.0
17188.0,68596.0,10381.0,4707.0,2053.0,2929.0,9348.0,8598.0,6091.0,13739.0,2804.0
15360.0,62946.0,9339.0,4299.0,1884.0,2649.0,8670.0,7927.0,5439.0,12714.0,2574.0
13576.0,56202.0,8581.0,3865.0,1736.0,2494.0,8034.0,7238.0,4713.0,11623.0,2389.0
12677.0,49956.0,8107.0,3576.0,1670.0,2384.0,7284.0,6471.0,4704.0,10590.0,2415.0
11637.0,44109.0,7758.0,3385.0,1583.0,2331.0,6655.0,6134.0,4337.0,9800.0,2306.0
11684.0,40071.0,7433.0,3251.0,1563.0,2324.0,6101.0,5773.0,4137.0,9333.0,2229.0
11650.0,37627.0,7385.0,3197.0,1611.0,2362.0,5751.0,5583.0,4118.0,9079.0,2198.0
12000.0,35728.0,7650.0,3220.0,1727.0,2512.0,5459.0,5585.0,4197.0,9000.0,2195.0
12653.0,35165.0,8272.0,3459.0,1876.0,2648.0,5347.0,5795.0,4625.0,9389.0,2263.0
13848.0,36752.0,8817.0,3779.0,2067.0,2919.0,5350.0,6343.0,5078.0,10207.0,2352.0
15262.0,40814.0,9540.0,4133.0,2190.0,3150.0,5583.0,6882.0,5519.0,11188.0,2489.0
16247.0,45851.0,9859.0,4276.0,2218.0,3298.0,6074.0,7472.0,5689.0,12146.0,2574.0
17255.0,51408.0,10107.0,4410.0,2206.0,3438.0,6692.0,7946.0,5928.0,12757.0,2777.0
18123.0,56619.0,10272.0,4491.0,2182.0,3554.0,7227.0,8328.0,6173.0,13389.0,2876.0
19073.0,58347.0,10436.0,4570.0,2218.0,3666.0,7725.0,8376.0,6394.0,13321.0,2952.0
19869.0,60141.0,10763.0,4645.0,2257.0,3716.0,8133.0,8482.0,6605.0,13448.0,2965.0
20707.0,62127.0,10831.0,4727.0,2291.0,3722.0,8500.0,8500.0,6756.0,13348.0,2904.0
21255.0,64542.0,11187.0,4748.0,2389.0,3704.0,8906.0,8511.0,6878.0,13338.0,2841.0
21392.0,66285.0,11334.0,4850.0,2422.0,3489.0,8642.0,8316.0,7004.0,12889.0,2773.0
21705.0,66111.0,11107.0,4981.0,2449.0,3389.0,8604.0,8397.0,7179.0,13059.0,2563.0
21424.0,67389.0,11151.0,5038.0,2479.0,3407.0,8703.0,8487.0,7232.0,13372.0,2541.0
20917.0,68014.0,11136.0,5001.0,2483.0,3401.0,8746.0,8547.0,6987.0,13434.0,2518.0
19720.0,67351.0,10861.0,4923.0,2384.0,3240.0,8697.0,8604.0,6785.0,13641.0,2496.0
18272.0,66058.0,10269.0,4769.0,2203.0,3024.0,8892.0,8628.0,6432.0,13772.0,2484.0
17230.0,63184.0,9782.0,4453.0,2071.0,2784.0,8583.0,8201.0,5967.0,13226.0,2540.0
15785.0,58277.0,9142.0,4098.0,1950.0,2591.0,8198.0,7827.0,5432.0,12579.0,2537.0
14312.0,53091.0,8304.0,3770.0,1797.0,2414.0,7654.0,7181.0,4731.0,11601.0,2397.0
13273.0,47527.0,8037.0,3508.0,1704.0,2288.0,6993.0,6497.0,4586.0,10735.0,2403.0
12588.0,42106.0,7653.0,3333.0,1650.0,2208.0,6351.0,6070.0,4289.0,9849.0,2321.0
12058.0,38243.0,7418.0,3213.0,1603.0,2118.0,5964.0,5751.0,4075.0,9350.0,2287.0
11654.0,35371.0,7218.0,3120.0,1594.0,2131.0,5593.0,5495.0,4009.0,9008.0,2256.0
11545.0,33836.0,7306.0,3082.0,1604.0,2139.0,5376.0,5403.0,4014.0,8870.0,2252.0
11522.0,32683.0,7205.0,3127.0,1673.0,2198.0,5154.0,5393.0,4111.0,8882.0,2259.0
12229.0,32687.0,7469.0,3250.0,1805.0,2557.0,5003.0,5516.0,4293.0,9058.0,2322.0
13260.0,33907.0,8099.0,3617.0,1924.0,2900.0,4845.0,5778.0,4865.0,9514.0,2576.0
13803.0,39094.0,8480.0,3866.0,1979.0,3055.0,5202.0,6789.0,5188.0,11203.0,2633.0
14279.0,42530.0,9020.0,4087.0,2049.0,3217.0,5703.0,7218.0,5475.0,11926.0,2742.0
14564.0,45764.0,9327.0,4296.0,2089.0,3354.0,6196.0,7531.0,5623.0,12330.0,2789.0
14843.0,49298.0,9719.0,4447.0,2126.0,3470.0,6786.0,7746.0,5819.0,12636.0,2829.0
15200.0,51910.0,10129.0,4580.0,2187.0,3572.0,7252.0,7792.0,5992.0,12693.0,2890.0
15709.0,55289.0,10390.0,4678.0,2258.0,3568.0,7666.0,7838.0,6116.0,12784.0,2898.0
16147.0,57872.0,10750.0,4762.0,2309.0,3579.0,8078.0,7898.0,6296.0,12855.0,2906.0
16430.0,59774.0,10879.0,4753.0,2302.0,3447.0,8306.0,7933.0,6308.0,12889.0,2799.0
16234.0,61612.0,10301.0,4732.0,2372.0,3141.0,8510.0,7841.0,6274.0,12797.0,2333.0
16285.0,59447.0,10563.0,4709.0,2366.0,3124.0,8718.0,7517.0,6134.0,12242.0,2514.0
16242.0,59219.0,10872.0,4669.0,2391.0,3094.0,8785.0,7587.0,6061.0,12412.0,2644.0
15669.0,57941.0,10754.0,4610.0,2314.0,2940.0,8433.0,7627.0,5987.0,12557.0,2662.0
14898.0,57603.0,10346.0,4479.0,2199.0,2776.0,8398.0,7724.0,5841.0,12704.0,2610.0
13979.0,55872.0,9546.0,4215.0,2044.0,2633.0,8129.0,7486.0,5542.0,12316.0,2460.0
12961.0,52476.0,9124.0,3913.0,1936.0,2478.0,7622.0,7150.0,5172.0,11719.0,2469.0
11882.0,48583.0,8423.0,3579.0,1809.0,2340.0,7212.0,6706.0,4549.0,11030.0,2319.0
11117.0,44323.0,7950.0,3354.0,1734.0,2220.0,6756.0,6156.0,4517.0,10267.0,2339.0
10567.0,39408.0,7597.0,3171.0,1665.0,2133.0,6156.0,5913.0,4126.0,9620.0,2256.0
10126.0,36055.0,7341.0,3051.0,1625.0,2052.0,5732.0,5528.0,4012.0,9112.0,2227.0
9922.0,33646.0,7148.0,2967.0,1610.0,2064.0,5407.0,5337.0,3905.0,8821.0,2181.0
9943.0,31943.0,7149.0,2945.0,1614.0,2074.0,5178.0,5234.0,3878.0,8653.0,2184.0
10013.0,30871.0,7200.0,2960.0,1691.0,2137.0,5002.0,5180.0,3950.0,8619.0,2176.0
10703.0,30624.0,7400.0,3068.0,1801.0,2460.0,4889.0,5293.0,4086.0,8755.0,2215.0
12003.0,31715.0,7738.0,3439.0,1892.0,2786.0,4806.0,5473.0,4758.0,9150.0,2531.0
13286.0,36902.0,8201.0,3660.0,1966.0,2947.0,5138.0,6535.0,5050.0,10830.0,2615.0
14580.0,39644.0,8674.0,3819.0,2044.0,3081.0,5644.0,7052.0,5402.0,11671.0,2709.0
15893.0,42479.0,9028.0,3986.0,2100.0,3212.0,6105.0,7344.0,5575.0,12109.0,2728.0
17129.0,45555.0,9465.0,4094.0,2176.0,3332.0,6672.0,7543.0,5895.0,12457.0,2804.0
18091.0,47934.0,9787.0,4188.0,2224.0,3448.0,7113.0,7635.0,6116.0,12510.0,2877.0
18848.0,50514.0,9933.0,4275.0,2266.0,3510.0,7497.0,7718.0,6211.0,12614.0,2885.0
19276.0,53031.0,10203.0,4322.0,2289.0,3520.0,7811.0,7829.0,6428.0,12671.0,2913.0
19772.0,54860.0,10310.0,4295.0,2250.0,3465.0,8106.0,7841.0,6478.0,12667.0,2779.0
19601.0,56936.0,9875.0,4220.0,2332.0,3189.0,8315.0,7812.0,6392.0,12521.0,2339.0
19300.0,55000.0,10368.0,4195.0,2319.0,3162.0,8487.0,7435.0,6307.0,12002.0,2486.0
18951.0,55202.0,10630.0,4114.0,2323.0,3154.0,8555.0,7552.0,6271.0,12318.0,2666.0
17996.0,54582.0,10508.0,4099.0,2264.0,2982.0,8387.0,7577.0,6096.0,12389.0,2659.0
16839.0,54380.0,10153.0,4021.0,2163.0,2800.0,8275.0,7686.0,5884.0,12584.0,2632.0
15646.0,53081.0,9747.0,3801.0,1953.0,2763.0,8069.0,7426.0,5553.0,12202.0,2607.0
14348.0,50084.0,8915.0,3555.0,1831.0,2541.0,7560.0,6991.0,5218.0,11463.0,2432.0
13011.0,46643.0,8162.0,3255.0,1665.0,2388.0,7114.0,6498.0,4544.0,10742.0,2287.0
12278.0,42760.0,7661.0,3094.0,1607.0,2273.0,6621.0,5993.0,4545.0,10018.0,2296.0
11570.0,37808.0,7320.0,2929.0,1546.0,2235.0,6038.0,5722.0,4234.0,9308.0,2229.0
11067.0,34612.0,7143.0,2841.0,1535.0,2189.0,5615.0,5399.0,4057.0,8870.0,2176.0
10876.0,32620.0,7023.0,2806.0,1508.0,2178.0,5278.0,5242.0,4016.0,8580.0,2132.0
10989.0,31386.0,7192.0,2827.0,1559.0,2233.0,5037.0,5186.0,4049.0,8468.0,2120.0
11186.0,30875.0,7466.0,2969.0,1655.0,2334.0,4815.0,5255.0,4262.0,8631.0,2119.0
12404.0,31835.0,7943.0,3196.0,1830.0,2604.0,4825.0,5465.0,4495.0,8982.0,2131.0
13971.0,34017.0,8683.0,3540.0,1992.0,2895.0,4876.0,5813.0,4891.0,9734.0,2276.0
15360.0,37132.0,9228.0,3750.0,2058.0,3092.0,5215.0,6500.0,5166.0,10829.0,2448.0
16595.0,42059.0,9550.0,3909.0,2055.0,3251.0,5843.0,7215.0,5454.0,11965.0,2608.0
17606.0,47156.0,9799.0,3975.0,2018.0,3380.0,6412.0,7708.0,5703.0,12648.0,2738.0
18455.0,48173.0,10067.0,3988.0,2005.0,3476.0,6910.0,7754.0,5869.0,12572.0,2775.0
19180.0,48589.0,10372.0,4017.0,2004.0,3507.0,7110.0,7774.0,5931.0,12506.0,2777.0
19801.0,49477.0,10648.0,3974.0,2016.0,3542.0,7410.0,7657.0,6012.0,12285.0,2761.0
20290.0,51040.0,11060.0,3946.0,2056.0,3557.0,7629.0,7630.0,6005.0,12162.0,2679.0
20487.0,52150.0,11324.0,4000.0,2142.0,3443.0,7946.0,7377.0,6203.0,11719.0,2650.0
20894.0,52163.0,11263.0,4135.0,2213.0,3423.0,8298.0,7533.0,6383.0,11945.0,2401.0
20841.0,53913.0,11512.0,4250.0,2286.0,3450.0,8558.0,7686.0,6511.0,12240.0,2470.0
20564.0,55779.0,11653.0,4303.0,2344.0,3449.0,8839.0,7890.0,6419.0,12656.0,2491.0
13116.0,55256.0,12394.0,4742.0,2873.0,3340.0,6860.0,10246.0,6804.0,16993.0,3148.0
12668.0,54633.0,11804.0,4573.0,2753.0,3221.0,6834.0,10099.0,6607.0,16743.0,3075.0
11785.0,51804.0,10964.0,4278.0,2577.0,3065.0,6580.0,9706.0,6210.0,16103.0,2922.0
10789.0,48585.0,10193.0,3940.0,2353.0,2844.0,6362.0,9149.0,5729.0,15253.0,2850.0
10121.0,44666.0,9700.0,3640.0,2214.0,2679.0,5928.0,8511.0,5302.0,14156.0,2759.0
9734.0,40186.0,9344.0,3474.0,2113.0,2616.0,5501.0,7831.0,5061.0,13012.0,2721.0
9472.0,36623.0,9293.0,3383.0,2079.0,2554.0,5083.0,7260.0,4897.0,12041.0,2765.0
9396.0,34473.0,9202.0,3324.0,2027.0,2584.0,4899.0,6962.0,4809.0,11607.0,2741.0
9606.0,33028.0,9243.0,3337.0,2045.0,2611.0,4763.0,6782.0,4798.0,11342.0,2704.0
10386.0,31942.0,9533.0,3456.0,2130.0,2724.0,4707.0,6795.0,4989.0,11335.0,2709.0
11746.0,32104.0,10344.0,3830.0,2392.0,2939.0,4836.0,7016.0,5541.0,11742.0,2728.0
12680.0,34267.0,11114.0,4294.0,2663.0,3121.0,5168.0,7726.0,6201.0,12913.0,2769.0
13036.0,38945.0,11887.0,4631.0,2801.0,3324.0,5609.0,8723.0,6754.0,14737.0,2915.0
12844.0,43926.0,11942.0,4706.0,2806.0,3367.0,5869.0,9478.0,6769.0,16166.0,3005.0
12470.0,47571.0,11701.0,4768.0,2756.0,3443.0,6111.0,9636.0,6834.0,16417.0,3200.0
11925.0,49739.0,11334.0,4718.0,2686.0,3388.0,6316.0,9595.0,6778.0,16303.0,3239.0
11492.0,49249.0,11123.0,4641.0,2628.0,3312.0,6170.0,9405.0,6542.0,15858.0,3235.0
11203.0,48443.0,10931.0,4554.0,2599.0,3252.0,6007.0,9219.0,6531.0,15480.0,3215.0
10963.0,48056.0,10816.0,4464.0,2607.0,3178.0,5826.0,9083.0,6430.0,15108.0,3233.0
10908.0,47630.0,11023.0,4449.0,2596.0,3117.0,5741.0,8961.0,6351.0,14815.0,3236.0
10944.0,46539.0,11238.0,4398.0,2707.0,2977.0,5608.0,8662.0,6236.0,14397.0,3036.0
11804.0,45644.0,12109.0,4526.0,2888.0,3097.0,5576.0,8651.0,6462.0,14408.0,3028.0
13054.0,47521.0,12723.0,4795.0,3022.0,3317.0,5842.0,9075.0,6846.0,15099.0,3146.0
13154.0,52136.0,12677.0,4820.0,3004.0,3330.0,6405.0,9780.0,6883.0,16436.0,3126.0
12783.0,55164.0,12292.0,4717.0,2906.0,3258.0,6661.0,10141.0,6717.0,17190.0,3084.0
12235.0,54567.0,11773.0,4513.0,2787.0,3149.0,6593.0,10038.0,6538.0,16960.0,3022.0
11272.0,51846.0,10915.0,4273.0,2603.0,2991.0,6356.0,9679.0,6159.0,16328.0,2902.0
10294.0,48661.0,10166.0,3930.0,2417.0,2799.0,6075.0,9138.0,5651.0,15452.0,2842.0
9643.0,44762.0,9543.0,3630.0,2247.0,2627.0,5735.0,8481.0,5283.0,14375.0,2765.0
9251.0,40297.0,9201.0,3447.0,2157.0,2545.0,5319.0,7838.0,5051.0,13155.0,2703.0
8961.0,36471.0,9145.0,3327.0,2097.0,2490.0,4961.0,7261.0,4846.0,12144.0,2751.0
8911.0,33975.0,9002.0,3268.0,2079.0,2505.0,4786.0,6977.0,4775.0,11653.0,2754.0
9086.0,32583.0,8980.0,3300.0,2087.0,2550.0,4688.0,6805.0,4763.0,11435.0,2679.0
9835.0,31701.0,9329.0,3424.0,2178.0,2626.0,4638.0,6810.0,4933.0,11396.0,2656.0
10987.0,31958.0,10075.0,3788.0,2415.0,2855.0,4768.0,7033.0,5499.0,11795.0,2714.0
11920.0,33898.0,10715.0,4289.0,2701.0,3027.0,4974.0,7720.0,6203.0,12957.0,2771.0
12340.0,38642.0,11455.0,4629.0,2822.0,3211.0,5455.0,8797.0,6730.0,14775.0,2928.0
12316.0,43616.0,11552.0,4720.0,2818.0,3260.0,5796.0,9549.0,6714.0,16186.0,3029.0
12194.0,46960.0,11378.0,4700.0,2760.0,3351.0,6073.0,9726.0,6809.0,16494.0,3184.0
11908.0,49228.0,11089.0,4642.0,2685.0,3322.0,6286.0,9673.0,6720.0,16379.0,3264.0
11749.0,48760.0,10840.0,4573.0,2607.0,3251.0,6308.0,9564.0,6561.0,16062.0,3244.0
11525.0,47976.0,10722.0,4501.0,2570.0,3223.0,6176.0,9327.0,6528.0,15628.0,3237.0
11312.0,47266.0,10726.0,4407.0,2536.0,3145.0,6117.0,9136.0,6410.0,15144.0,3228.0
11281.0,46729.0,10979.0,4386.0,2567.0,3118.0,6035.0,8933.0,6419.0,14787.0,3293.0
11370.0,45310.0,11324.0,4310.0,2666.0,3006.0,5989.0,8709.0,6243.0,14375.0,3038.0
12171.0,44150.0,12148.0,4484.0,2817.0,3117.0,5956.0,8699.0,6499.0,14424.0,3062.0
13234.0,45383.0,12726.0,4784.0,3026.0,3300.0,6189.0,9071.0,6908.0,15196.0,3191.0
13116.0,50310.0,12568.0,4844.0,3007.0,3293.0,6709.0,9824.0,6893.0,16574.0,3177.0
12769.0,53900.0,12156.0,4743.0,2927.0,3186.0,6949.0,10192.0,6756.0,17216.0,3128.0
12215.0,53444.0,11559.0,4574.0,2792.0,3070.0,6910.0,10087.0,6502.0,16972.0,3043.0
11324.0,51093.0,10782.0,4303.0,2618.0,2922.0,6645.0,9715.0,6114.0,16329.0,2952.0
10401.0,48013.0,10028.0,3965.0,2414.0,2712.0,6356.0,9198.0,5616.0,15438.0,2847.0
9743.0,44120.0,9522.0,3671.0,2276.0,2558.0,5940.0,8517.0,5253.0,14251.0,2781.0
9347.0,39909.0,9102.0,3478.0,2177.0,2494.0,5564.0,7818.0,5046.0,13048.0,2743.0
9048.0,36419.0,9019.0,3379.0,2126.0,2439.0,5160.0,7260.0,4935.0,12064.0,2790.0
8856.0,34089.0,8891.0,3342.0,2110.0,2452.0,4934.0,6970.0,4816.0,11577.0,2760.0
9050.0,32433.0,8855.0,3352.0,2120.0,2499.0,4855.0,6853.0,4825.0,11342.0,2735.0
9751.0,31634.0,9172.0,3509.0,2210.0,2622.0,4800.0,6827.0,5005.0,11299.0,2709.0
10993.0,31794.0,9968.0,3863.0,2445.0,2851.0,4868.0,7038.0,5526.0,11669.0,2744.0
11919.0,34204.0,10644.0,4364.0,2730.0,3077.0,5175.0,7703.0,6265.0,12774.0,2829.0
12405.0,39119.0,11477.0,4692.0,2872.0,3310.0,5587.0,8672.0,6796.0,14568.0,2952.0
12368.0,43898.0,11673.0,4756.0,2853.0,3416.0,5811.0,9422.0,6765.0,15888.0,3032.0
12171.0,47335.0,11728.0,4737.0,2759.0,3534.0,6089.0,9624.0,6809.0,16160.0,3215.0
11837.0,49253.0,11557.0,4658.0,2674.0,3558.0,6256.0,9556.0,6677.0,16013.0,3256.0
11667.0,48491.0,11437.0,4551.0,2570.0,3545.0,6124.0,9435.0,6530.0,15645.0,3263.0
11389.0,47644.0,11343.0,4442.0,2551.0,3541.0,5965.0,9267.0,6388.0,15380.0,3226.0
11347.0,46840.0,11344.0,4376.0,2529.0,3437.0,5801.0,9024.0,6288.0,14952.0,3213.0
11238.0,46259.0,11539.0,4324.0,2533.0,3409.0,5703.0,8852.0,6204.0,14584.0,3261.0
11412.0,45178.0,11785.0,4256.0,2622.0,3254.0,5591.0,8617.0,6138.0,14197.0,3032.0
12180.0,44085.0,12470.0,4419.0,2825.0,3300.0,5524.0,8681.0,6361.0,14384.0,3053.0
13168.0,45304.0,12977.0,4733.0,3000.0,3571.0,5772.0,9031.0,6838.0,15120.0,3166.0
13280.0,50329.0,12833.0,4837.0,2989.0,3557.0,6406.0,9736.0,6872.0,16333.0,3167.0
12756.0,53850.0,12306.0,4742.0,2881.0,3463.0,6714.0,10039.0,6734.0,16855.0,3102.0
12157.0,53252.0,11658.0,4553.0,2756.0,3320.0,6650.0,9912.0,6515.0,16584.0,3028.0
11252.0,50665.0,10855.0,4299.0,2564.0,3158.0,6462.0,9582.0,6090.0,15988.0,2888.0
10302.0,47462.0,10052.0,3991.0,2361.0,2940.0,6277.0,9020.0,5657.0,15135.0,2798.0
9578.0,43956.0,9424.0,3708.0,2218.0,2783.0,5833.0,8382.0,5238.0,14025.0,2717.0
9100.0,39711.0,9040.0,3521.0,2116.0,2682.0,5492.0,7764.0,5038.0,12874.0,2652.0
8873.0,36039.0,8914.0,3388.0,2061.0,2615.0,5100.0,7170.0,4862.0,11895.0,2671.0
8737.0,33995.0,8868.0,3396.0,2010.0,2595.0,4960.0,6812.0,4813.0,11392.0,2668.0
8956.0,32560.0,8872.0,3411.0,2015.0,2610.0,4822.0,6683.0,4846.0,11090.0,2632.0
9650.0,31690.0,9167.0,3548.0,2094.0,2736.0,4758.0,6630.0,5008.0,11048.0,2615.0
10944.0,31575.0,10047.0,3885.0,2327.0,2960.0,4839.0,6851.0,5537.0,11416.0,2660.0
11909.0,33826.0,10856.0,4386.0,2602.0,3170.0,5116.0,7445.0,6236.0,12444.0,2731.0
12372.0,38420.0,11590.0,4714.0,2741.0,3399.0,5576.0,8387.0,6837.0,14025.0,2892.0
12211.0,43255.0,11690.0,4810.0,2727.0,3493.0,5851.0,9122.0,6889.0,15369.0,2992.0
11895.0,47009.0,11434.0,4808.0,2670.0,3583.0,6160.0,9407.0,6959.0,15799.0,3184.0
11545.0,49077.0,10972.0,4725.0,2585.0,3561.0,6326.0,9450.0,6813.0,15803.0,3235.0
11251.0,48605.0,10652.0,4623.0,2508.0,3453.0,6234.0,9342.0,6656.0,15510.0,3213.0
11090.0,47794.0,10536.0,4520.0,2472.0,3410.0,6017.0,9223.0,6486.0,15170.0,3194.0
10840.0,46872.0,10308.0,4401.0,2467.0,3315.0,5868.0,9042.0,6359.0,14841.0,3144.0
10834.0,46297.0,10290.0,4344.0,2469.0,3263.0,5741.0,8854.0,6328.0,14499.0,3095.0
10944.0,44731.0,10536.0,4265.0,2557.0,3126.0,5685.0,8585.0,6166.0,14017.0,2886.0
11539.0,43655.0,11297.0,4433.0,2697.0,3207.0,5567.0,8594.0,6387.0,14148.0,2913.0
12562.0,45108.0,11965.0,4697.0,2839.0,3416.0,5781.0,8903.0,6753.0,14762.0,3055.0
12625.0,49781.0,11931.0,4767.0,2822.0,3394.0,6344.0,9480.0,6770.0,15807.0,3002.0
12241.0,52880.0,11609.0,4644.0,2724.0,3321.0,6657.0,9723.0,6607.0,16214.0,2950.0
11805.0,52211.0,11203.0,4465.0,2635.0,3227.0,6606.0,9539.0,6338.0,15882.0,2881.0
11226.0,49664.0,10658.0,4321.0,2471.0,3120.0,6426.0,9159.0,6128.0,15238.0,2945.0
10397.0,46984.0,9928.0,4070.0,2310.0,2925.0,6229.0,8984.0,5720.0,14954.0,2865.0
9826.0,43663.0,9351.0,3827.0,2164.0,2754.0,5972.0,8451.0,5359.0,14025.0,2758.0
9226.0,39803.0,8978.0,3604.0,2071.0,2679.0,5541.0,7855.0,5069.0,12987.0,2713.0
8947.0,36656.0,8921.0,3478.0,2014.0,2624.0,5195.0,7242.0,4936.0,12054.0,2761.0
8806.0,34071.0,8742.0,3401.0,1996.0,2604.0,4942.0,6935.0,4828.0,11512.0,2771.0
8782.0,32476.0,8672.0,3383.0,1959.0,2593.0,4828.0,6720.0,4796.0,11194.0,2730.0
9127.0,31402.0,8761.0,3409.0,1963.0,2630.0,4711.0,6651.0,4842.0,11057.0,2679.0
9622.0,30829.0,9058.0,3553.0,2061.0,2716.0,4726.0,6640.0,5024.0,11014.0,2685.0
10347.0,31078.0,9410.0,3774.0,2193.0,2819.0,4799.0,6857.0,5392.0,11344.0,2731.0
10963.0,32650.0,10159.0,4039.0,2334.0,3047.0,4970.0,7207.0,5898.0,12006.0,2859.0
11311.0,34484.0,10423.0,4279.0,2439.0,3210.0,5079.0,7686.0,6163.0,12925.0,2967.0
11270.0,37919.0,10537.0,4473.0,2508.0,3246.0,5319.0,8196.0,6410.0,13828.0,3161.0
11161.0,41585.0,10409.0,4491.0,2510.0,3239.0,5629.0,8677.0,6428.0,14616.0,3200.0
11099.0,43257.0,10382.0,4445.0,2489.0,3226.0,5644.0,8815.0,6311.0,14757.0,3198.0
10990.0,43459.0,10210.0,4419.0,2490.0,3196.0,5587.0,8824.0,6245.0,14771.0,3177.0
10801.0,44137.0,10087.0,4361.0,2454.0,3139.0,5552.0,8831.0,6200.0,14820.0,3163.0
10794.0,43693.0,10118.0,4344.0,2483.0,3100.0,5531.0,8776.0,6156.0,14718.0,3130.0
10833.0,42857.0,10309.0,4309.0,2542.0,2981.0,5507.0,8656.0,6059.0,14577.0,3038.0
11276.0,41529.0,11078.0,4426.0,2693.0,3063.0,5424.0,8555.0,6278.0,14481.0,3026.0
12144.0,41751.0,11407.0,4645.0,2785.0,3202.0,5595.0,8829.0,6553.0,14906.0,3117.0
12164.0,45565.0,11559.0,4648.0,2743.0,3233.0,6148.0,9320.0,6593.0,15801.0,3102.0
11893.0,48004.0,11358.0,4582.0,2660.0,3233.0,6288.0,9398.0,6419.0,15859.0,3070.0
11464.0,47799.0,11024.0,4453.0,2580.0,3128.0,6294.0,9294.0,6264.0,15673.0,3041.0
10892.0,46607.0,10434.0,4279.0,2452.0,3006.0,6149.0,8995.0,5953.0,15152.0,2953.0
10207.0,44578.0,9840.0,4009.0,2310.0,2852.0,5972.0,8607.0,5579.0,14498.0,2869.0
9640.0,42115.0,9359.0,3764.0,2148.0,2710.0,5724.0,8149.0,5236.0,13713.0,2791.0
9277.0,39187.0,8937.0,3581.0,2065.0,2626.0,5468.0,7646.0,4929.0,12788.0,2733.0
9018.0,36404.0,8859.0,3409.0,2022.0,2561.0,5146.0,7104.0,4756.0,11912.0,2791.0
8868.0,34086.0,8743.0,3338.0,1973.0,2535.0,4946.0,6771.0,4610.0,11344.0,2798.0
8860.0,32443.0,8594.0,3289.0,1937.0,2536.0,4834.0,6565.0,4570.0,10971.0,2744.0
9052.0,31259.0,8602.0,3325.0,1970.0,2568.0,4732.0,6478.0,4612.0,10858.0,2741.0
9591.0,30694.0,8751.0,3427.0,2057.0,2605.0,4698.0,6468.0,4770.0,10858.0,2709.0
10096.0,31091.0,9141.0,3653.0,2177.0,2704.0,4803.0,6656.0,5098.0,11167.0,2734.0
10724.0,32124.0,9829.0,3918.0,2374.0,2914.0,4926.0,6984.0,5517.0,11802.0,2849.0
11002.0,33816.0,10160.0,4135.0,2427.0,3102.0,5008.0,7450.0,5776.0,12701.0,2967.0
10976.0,37248.0,10394.0,4333.0,2472.0,3141.0,5263.0,7886.0,6067.0,13558.0,3159.0
10939.0,40473.0,10407.0,4371.0,2503.0,3148.0,5540.0,8305.0,6074.0,14264.0,3179.0
10921.0,42194.0,10602.0,4382.0,2497.0,3176.0,5577.0,8453.0,6108.0,14460.0,3212.0
10794.0,42467.0,10598.0,4389.0,2514.0,3152.0,5525.0,8470.0,6100.0,14440.0,3213.0
10794.0,43197.0,10502.0,4385.0,2496.0,3111.0,5447.0,8493.0,6002.0,14515.0,3215.0
10716.0,43134.0,10617.0,4390.0,2536.0,3094.0,5411.0,8409.0,5962.0,14420.0,3237.0
10903.0,42593.0,10928.0,4311.0,2594.0,2992.0,5392.0,8318.0,5819.0,14210.0,3151.0
11343.0,41445.0,11698.0,4452.0,2762.0,3073.0,5311.0,8211.0,6004.0,14133.0,3087.0
12379.0,41720.0,12078.0,4697.0,2873.0,3212.0,5504.0,8528.0,6329.0,14663.0,3196.0
12543.0,46442.0,12164.0,4755.0,2844.0,3233.0,6126.0,9183.0,6487.0,15733.0,3182.0
12198.0,48896.0,11825.0,4652.0,2774.0,3216.0,6312.0,9477.0,6349.0,16086.0,3160.0
11693.0,48942.0,11376.0,4465.0,2656.0,3082.0,6292.0,9433.0,6182.0,16024.0,3066.0
10814.0,47419.0,10343.0,4167.0,2483.0,2859.0,6139.0,9206.0,5778.0,15562.0,2709.0
10034.0,44919.0,9834.0,3885.0,2316.0,2694.0,5892.0,8478.0,5350.0,14354.0,2676.0
9225.0,42084.0,9204.0,3582.0,2135.0,2530.0,5683.0,7916.0,5013.0,13275.0,2668.0
8878.0,38794.0,8867.0,3434.0,2051.0,2472.0,5331.0,7327.0,4797.0,12258.0,2610.0
8764.0,34720.0,8751.0,3327.0,1996.0,2442.0,4980.0,6896.0,4743.0,11410.0,2606.0
8686.0,32963.0,8732.0,3293.0,1981.0,2444.0,4842.0,6629.0,4715.0,10920.0,2609.0
8984.0,31477.0,8763.0,3311.0,1993.0,2486.0,4708.0,6536.0,4750.0,10762.0,2602.0
9761.0,30785.0,9063.0,3462.0,2068.0,2587.0,4678.0,6526.0,4926.0,10794.0,2615.0
11266.0,31193.0,9968.0,3836.0,2323.0,2804.0,4810.0,6730.0,5434.0,11199.0,2671.0
12217.0,33438.0,10726.0,4343.0,2599.0,2996.0,5090.0,7417.0,6186.0,12410.0,2844.0
12521.0,38477.0,11383.0,4657.0,2732.0,3142.0,5575.0,8549.0,6687.0,14354.0,3007.0
12252.0,43194.0,11470.0,4722.0,2701.0,3122.0,5866.0,9289.0,6699.0,15733.0,3085.0
11954.0,47198.0,11242.0,4789.0,2663.0,3277.0,6072.0,9558.0,6805.0,16078.0,3278.0
11563.0,50327.0,10875.0,4715.0,2588.0,3237.0,6268.0,9707.0,6729.0,16168.0,3295.0
11318.0,49422.0,10566.0,4627.0,2543.0,3179.0,6081.0,9659.0,6627.0,15942.0,3285.0
11089.0,48203.0,10448.0,4548.0,2517.0,3154.0,5887.0,9505.0,6517.0,15585.0,3317.0
10868.0,47532.0,10301.0,4442.0,2475.0,3095.0,5772.0,9389.0,6312.0,15257.0,3278.0
10776.0,46893.0,10424.0,4376.0,2499.0,3059.0,5626.0,9185.0,6234.0,14974.0,3292.0
10872.0,45675.0,10735.0,4343.0,2581.0,2981.0,5475.0,9003.0,6210.0,14654.0,3163.0
11624.0,43822.0,11545.0,4489.0,2748.0,3034.0,5483.0,9029.0,6304.0,14745.0,3084.0
12807.0,44689.0,12260.0,4811.0,2932.0,3269.0,5701.0,9363.0,6746.0,15399.0,3200.0
12907.0,49460.0,12232.0,4934.0,2932.0,3285.0,6296.0,9957.0,6812.0,16523.0,3225.0
22066.0,61774.0,13763.0,5733.0,2731.0,3330.0,10742.0,10377.0,7189.0,16654.0,3053.0
20722.0,60957.0,13069.0,5523.0,2541.0,3086.0,10430.0,10178.0,6739.0,16384.0,2994.0
19088.0,59733.0,11969.0,5231.0,2348.0,2825.0,10242.0,9801.0,6201.0,15885.0,2857.0
17605.0,56274.0,10904.0,4794.0,2156.0,2625.0,9721.0,9140.0,5616.0,15119.0,2738.0
15958.0,50787.0,9918.0,4323.0,1981.0,2410.0,8960.0,8296.0,5105.0,13793.0,2632.0
14975.0,45117.0,9290.0,4002.0,1866.0,2353.0,8280.0,7486.0,4832.0,12401.0,2569.0
14411.0,39761.0,8772.0,3811.0,1834.0,2296.0,7497.0,6815.0,4645.0,11209.0,2482.0
13887.0,36688.0,8377.0,3683.0,1794.0,2270.0,7025.0,6436.0,4513.0,10525.0,2403.0
13685.0,34851.0,8176.0,3611.0,1776.0,2346.0,6732.0,6211.0,4562.0,10100.0,2366.0
13954.0,33717.0,8317.0,3654.0,1872.0,2416.0,6372.0,6149.0,4682.0,9910.0,2391.0
14386.0,33152.0,8906.0,3827.0,2059.0,2652.0,6175.0,6305.0,5095.0,10010.0,2428.0
15418.0,34203.0,9715.0,4171.0,2224.0,2944.0,6152.0,6743.0,5639.0,10548.0,2512.0
16633.0,37719.0,10704.0,4610.0,2392.0,3191.0,6298.0,7354.0,6175.0,11614.0,2653.0
17436.0,42711.0,11391.0,4911.0,2422.0,3335.0,6886.0,8042.0,6516.0,12805.0,2777.0
18149.0,48351.0,11735.0,5089.0,2417.0,3447.0,7638.0,8739.0,6729.0,13826.0,2857.0
18824.0,52777.0,12172.0,5263.0,2405.0,3549.0,8191.0,8982.0,7021.0,14204.0,3022.0
19521.0,53302.0,12640.0,5420.0,2410.0,3605.0,8553.0,9251.0,7280.0,14512.0,3061.0
20245.0,53254.0,13011.0,5568.0,2469.0,3650.0,8964.0,9421.0,7513.0,14638.0,3165.0
20959.0,53991.0,13051.0,5561.0,2472.0,3709.0,9158.0,9593.0,7452.0,14725.0,3042.0
21666.0,54179.0,13130.0,5683.0,2506.0,3783.0,9438.0,9562.0,7735.0,14532.0,3139.0
22162.0,54441.0,13013.0,5790.0,2544.0,3795.0,9673.0,9740.0,7929.0,14687.0,3143.0
22415.0,54985.0,12872.0,5867.0,2599.0,3814.0,10112.0,9989.0,7997.0,14991.0,2962.0
22352.0,56928.0,13139.0,5937.0,2633.0,3791.0,10483.0,10112.0,7998.0,15264.0,3129.0
21727.0,58883.0,12800.0,5935.0,2607.0,3756.0,10691.0,10169.0,7773.0,15635.0,3075.0
20848.0,60456.0,12542.0,5763.0,2542.0,3563.0,10844.0,10214.0,7518.0,15890.0,3048.0
19429.0,59679.0,12120.0,5552.0,2384.0,3321.0,10547.0,9971.0,7097.0,15671.0,2965.0
17762.0,58727.0,11349.0,5247.0,2216.0,3039.0,10291.0,9592.0,6592.0,15256.0,2794.0
16046.0,55520.0,10390.0,4811.0,2042.0,2829.0,9695.0,8947.0,5980.0,14570.0,2679.0
14621.0,50519.0,9486.0,4361.0,1885.0,2593.0,8956.0,8153.0,5413.0,13373.0,2590.0
13637.0,44769.0,8928.0,4059.0,1791.0,2464.0,8268.0,7349.0,5068.0,12049.0,2529.0
13134.0,39765.0,8474.0,3839.0,1732.0,2407.0,7523.0,6772.0,4864.0,10961.0,2470.0
12836.0,36532.0,8153.0,3683.0,1674.0,2381.0,6951.0,6394.0,4711.0,10295.0,2407.0
12844.0,34334.0,8102.0,3614.0,1712.0,2418.0,6576.0,6168.0,4741.0,9934.0,2395.0
13076.0,33064.0,8268.0,3652.0,1797.0,2532.0,6326.0,6137.0,4915.0,9720.0,2395.0
13633.0,32856.0,8790.0,3813.0,1978.0,2762.0,6226.0,6327.0,5217.0,9934.0,2462.0
14902.0,34023.0,9521.0,4157.0,2156.0,3039.0,6260.0,6720.0,5809.0,10484.0,2535.0
16370.0,37176.0,10409.0,4574.0,2349.0,3314.0,6431.0,7369.0,6416.0,11555.0,2682.0
17742.0,42344.0,10886.0,4814.0,2389.0,3481.0,6906.0,8082.0,6749.0,12738.0,2802.0
18645.0,48217.0,11008.0,4907.0,2409.0,3596.0,7681.0,8701.0,6926.0,13749.0,2873.0
19466.0,52790.0,11229.0,5040.0,2417.0,3646.0,8222.0,8917.0,7199.0,14070.0,3026.0
20393.0,53482.0,11532.0,5173.0,2466.0,3706.0,8668.0,9153.0,7434.0,14408.0,3099.0
21183.0,53812.0,11943.0,5317.0,2544.0,3714.0,8944.0,9296.0,7536.0,14491.0,3172.0
21669.0,54472.0,12142.0,5386.0,2588.0,3636.0,9146.0,9350.0,7486.0,14520.0,3041.0
22358.0,54524.0,12477.0,5537.0,2665.0,3596.0,9272.0,9227.0,7685.0,14275.0,3082.0
22712.0,54663.0,12591.0,5658.0,2704.0,3539.0,9652.0,9243.0,7802.0,14316.0,3072.0
22756.0,55198.0,12679.0,5736.0,2738.0,3442.0,10002.0,9345.0,7835.0,14535.0,2930.0
22574.0,57412.0,13192.0,5779.0,2750.0,3532.0,10446.0,9396.0,7822.0,14781.0,3066.0
21880.0,59544.0,13093.0,5710.0,2713.0,3561.0,10666.0,9531.0,7568.0,15085.0,3066.0
20846.0,61215.0,12870.0,5525.0,2648.0,3380.0,10779.0,9612.0,7376.0,15294.0,3041.0
19498.0,60270.0,12391.0,5353.0,2490.0,3149.0,10481.0,9539.0,6997.0,15128.0,2982.0
17960.0,59234.0,11556.0,5037.0,2281.0,2899.0,10263.0,9246.0,6451.0,14800.0,2840.0
16560.0,56141.0,10726.0,4603.0,2105.0,2698.0,9726.0,8681.0,5899.0,14140.0,2754.0
15012.0,50875.0,9690.0,4199.0,1937.0,2510.0,9053.0,7907.0,5271.0,13054.0,2613.0
13998.0,45213.0,9071.0,3878.0,1828.0,2414.0,8291.0,7183.0,4965.0,11845.0,2528.0
13409.0,40009.0,8607.0,3674.0,1753.0,2338.0,7438.0,6567.0,4709.0,10701.0,2468.0
12932.0,36958.0,8205.0,3552.0,1728.0,2327.0,6945.0,6238.0,4620.0,10079.0,2370.0
12795.0,34567.0,8114.0,3469.0,1734.0,2388.0,6519.0,6034.0,4670.0,9705.0,2348.0
12993.0,33152.0,8317.0,3511.0,1828.0,2480.0,6150.0,5982.0,4766.0,9557.0,2373.0
13550.0,33353.0,8834.0,3687.0,2001.0,2689.0,6015.0,6167.0,5186.0,9743.0,2423.0
14801.0,34567.0,9697.0,4038.0,2204.0,2954.0,6075.0,6573.0,5684.0,10255.0,2508.0
16112.0,37442.0,10798.0,4431.0,2395.0,3206.0,6229.0,7270.0,6279.0,11320.0,2660.0
17294.0,42628.0,11336.0,4663.0,2486.0,3409.0,6785.0,7962.0,6573.0,12518.0,2755.0
18313.0,48488.0,11597.0,4811.0,2511.0,3483.0,7641.0,8557.0,6808.0,13521.0,2859.0
19302.0,52797.0,11844.0,4993.0,2529.0,3524.0,8215.0,8817.0,7127.0,13830.0,3019.0
20220.0,53963.0,12246.0,5196.0,2590.0,3619.0,8731.0,9066.0,7302.0,14168.0,3076.0
20901.0,54524.0,12648.0,5398.0,2633.0,3651.0,9209.0,9149.0,7322.0,14251.0,3124.0
21475.0,55432.0,12656.0,5441.0,2682.0,3675.0,9625.0,9185.0,7269.0,14304.0,2991.0
21358.0,55768.0,12809.0,5597.0,2754.0,3676.0,9909.0,9115.0,7389.0,14043.0,3076.0
20716.0,56322.0,12748.0,5780.0,2779.0,3602.0,10293.0,9254.0,7572.0,14136.0,3063.0
20031.0,57298.0,12671.0,5834.0,2862.0,3638.0,10648.0,9484.0,7787.0,14470.0,3003.0
19284.0,59540.0,13115.0,5893.0,2881.0,3597.0,10987.0,9684.0,7970.0,14843.0,3104.0
18401.0,61550.0,12887.0,5851.0,2830.0,3544.0,11182.0,9789.0,7776.0,15238.0,3084.0
17938.0,62925.0,12787.0,5707.0,2741.0,3416.0,11215.0,9870.0,7571.0,15585.0,3065.0
17195.0,61748.0,12380.0,5521.0,2548.0,3186.0,10932.0,9659.0,7136.0,15298.0,2964.0
16051.0,60544.0,11475.0,5196.0,2359.0,2955.0,10684.0,9367.0,6553.0,14985.0,2808.0
14879.0,57156.0,10554.0,4729.0,2156.0,2713.0,10137.0,8830.0,5932.0,14384.0,2716.0
13402.0,51709.0,9580.0,4264.0,1952.0,2532.0,9381.0,8034.0,5408.0,13208.0,2602.0
12680.0,45833.0,9000.0,3948.0,1836.0,2428.0,8532.0,7298.0,5035.0,11891.0,2520.0
12241.0,40563.0,8565.0,3735.0,1771.0,2364.0,7782.0,6650.0,4746.0,10807.0,2464.0
11878.0,37304.0,8181.0,3581.0,1731.0,2306.0,7258.0,6309.0,4573.0,10223.0,2361.0
11758.0,35206.0,8064.0,3490.0,1757.0,2386.0,6885.0,6100.0,4572.0,9821.0,2324.0
12063.0,33665.0,8283.0,3536.0,1820.0,2473.0,6561.0,6030.0,4717.0,9650.0,2357.0
12660.0,33450.0,8814.0,3679.0,1990.0,2726.0,6534.0,6175.0,5114.0,9755.0,2391.0
13712.0,34507.0,9558.0,4017.0,2188.0,3007.0,6653.0,6555.0,5705.0,10240.0,2475.0
14759.0,37540.0,10514.0,4423.0,2361.0,3275.0,6660.0,7220.0,6232.0,11327.0,2617.0
15746.0,42603.0,10981.0,4702.0,2445.0,3405.0,7147.0,7911.0,6588.0,12499.0,2747.0
16484.0,48563.0,11205.0,4880.0,2460.0,3508.0,7928.0,8544.0,6780.0,13586.0,2828.0
17116.0,53356.0,11478.0,5069.0,2478.0,3573.0,8393.0,8814.0,7087.0,13916.0,2998.0
18028.0,54238.0,11758.0,5246.0,2529.0,3641.0,8917.0,9075.0,7309.0,14192.0,3062.0
18824.0,54561.0,12096.0,5400.0,2601.0,3714.0,9251.0,9137.0,7542.0,14236.0,3102.0
19461.0,55663.0,12346.0,5401.0,2630.0,3770.0,9673.0,9258.0,7488.0,14294.0,2988.0
20102.0,56028.0,12670.0,5567.0,2697.0,3787.0,9926.0,9123.0,7711.0,14040.0,3017.0
20272.0,56505.0,12868.0,5716.0,2736.0,3750.0,10211.0,9177.0,7890.0,14084.0,3009.0
20325.0,57313.0,12720.0,5845.0,2763.0,3746.0,10531.0,9354.0,8008.0,14470.0,2896.0
20066.0,59493.0,12733.0,5938.0,2801.0,3713.0,10715.0,9473.0,8024.0,14818.0,3013.0
19799.0,61369.0,12324.0,5890.0,2745.0,3677.0,10864.0,9570.0,7798.0,15185.0,2999.0
19160.0,62893.0,11937.0,5708.0,2659.0,3464.0,10848.0,9494.0,7531.0,15322.0,2943.0
18160.0,61485.0,11548.0,5513.0,2506.0,3267.0,10443.0,9311.0,7136.0,15103.0,2895.0
16812.0,59984.0,10846.0,5234.0,2353.0,3073.0,10070.0,9028.0,6596.0,14663.0,2761.0
15361.0,56671.0,10089.0,4803.0,2193.0,2871.0,9621.0,8939.0,5975.0,14837.0,2637.0
14061.0,51676.0,9245.0,4385.0,2013.0,2709.0,8980.0,8291.0,5449.0,13841.0,2518.0
12840.0,46221.0,8597.0,4025.0,1886.0,2579.0,8295.0,7611.0,5068.0,12689.0,2448.0
12189.0,41384.0,8224.0,3806.0,1769.0,2458.0,7470.0,6953.0,4816.0,11505.0,2378.0
11547.0,38017.0,7863.0,3631.0,1751.0,2401.0,6964.0,6516.0,4605.0,10617.0,2297.0
11043.0,35434.0,7674.0,3501.0,1713.0,2385.0,6644.0,6207.0,4491.0,10109.0,2269.0
10838.0,33728.0,7565.0,3420.0,1734.0,2446.0,6372.0,6100.0,4471.0,9810.0,2238.0
10742.0,32612.0,7632.0,3424.0,1802.0,2573.0,6104.0,6046.0,4520.0,9650.0,2230.0
11437.0,32678.0,8027.0,3653.0,1944.0,2830.0,5865.0,6104.0,5107.0,9675.0,2399.0
12315.0,35227.0,8578.0,3907.0,2083.0,3059.0,5814.0,6484.0,5507.0,10177.0,2473.0
13277.0,37041.0,9295.0,4181.0,2183.0,3278.0,6069.0,6931.0,5948.0,10890.0,2604.0
14274.0,40128.0,9895.0,4463.0,2287.0,3526.0,6562.0,7412.0,6286.0,11700.0,2741.0
15005.0,44500.0,10396.0,4719.0,2371.0,3675.0,7203.0,7681.0,6644.0,12269.0,2895.0
15617.0,47717.0,10882.0,4944.0,2410.0,3771.0,7822.0,8035.0,7009.0,12811.0,3001.0
15899.0,50044.0,11184.0,5132.0,2514.0,3788.0,8393.0,8175.0,7221.0,13091.0,3036.0
15796.0,52479.0,11392.0,5213.0,2527.0,3748.0,8907.0,8311.0,7211.0,13317.0,2943.0
15898.0,53741.0,11862.0,5304.0,2548.0,3691.0,9299.0,8269.0,7405.0,13283.0,2932.0
16181.0,55016.0,12250.0,5443.0,2559.0,3639.0,9638.0,8329.0,7440.0,13308.0,2949.0
16516.0,56541.0,12370.0,5498.0,2566.0,3594.0,9951.0,8477.0,7267.0,13503.0,2852.0
16414.0,58352.0,12354.0,5470.0,2529.0,3497.0,10277.0,8565.0,6953.0,13730.0,2740.0
16298.0,57271.0,12152.0,5400.0,2504.0,3472.0,10371.0,8671.0,6750.0,13997.0,2739.0
16069.0,57533.0,11902.0,5250.0,2446.0,3326.0,10154.0,8670.0,6600.0,14028.0,2743.0
15481.0,56369.0,11660.0,5107.0,2350.0,3112.0,9750.0,8613.0,6337.0,13892.0,2704.0
14583.0,55812.0,11112.0,4844.0,2195.0,3028.0,9629.0,8513.0,5938.0,13812.0,2691.0
13676.0,53425.0,10285.0,4495.0,2053.0,2809.0,9104.0,8026.0,5522.0,13182.0,2600.0
12607.0,49309.0,9441.0,4083.0,1910.0,2629.0,8561.0,7481.0,5122.0,12392.0,2496.0
11808.0,44770.0,8830.0,3760.0,1795.0,2506.0,7860.0,6916.0,4771.0,11460.0,2434.0
11388.0,40028.0,8393.0,3541.0,1734.0,2410.0,7114.0,6398.0,4427.0,10536.0,2362.0
10942.0,36523.0,8097.0,3417.0,1697.0,2365.0,6620.0,6001.0,4409.0,9898.0,2333.0
10728.0,34493.0,7803.0,3314.0,1668.0,2355.0,6240.0,5820.0,4300.0,9484.0,2274.0
10626.0,32796.0,7712.0,3225.0,1638.0,2381.0,5921.0,5747.0,4260.0,9299.0,2291.0
10571.0,31595.0,7830.0,3226.0,1708.0,2491.0,5686.0,5685.0,4339.0,9178.0,2295.0
11196.0,31476.0,8184.0,3407.0,1816.0,2689.0,5537.0,5691.0,4777.0,9174.0,2428.0
11921.0,32740.0,8790.0,3626.0,1948.0,2859.0,5411.0,6032.0,5166.0,9604.0,2466.0
12958.0,34318.0,9447.0,3842.0,2035.0,3054.0,5624.0,6479.0,5506.0,10273.0,2590.0
14081.0,37836.0,10090.0,4103.0,2120.0,3378.0,6177.0,6930.0,5933.0,11000.0,2721.0
14763.0,42102.0,10635.0,4304.0,2201.0,3540.0,6721.0,7301.0,6188.0,11608.0,2773.0
15144.0,45022.0,11188.0,4533.0,2270.0,3550.0,7265.0,7582.0,6511.0,12140.0,2883.0
15514.0,47544.0,11612.0,4711.0,2350.0,3665.0,7758.0,7790.0,6749.0,12415.0,2947.0
15675.0,48468.0,11976.0,4832.0,2390.0,3719.0,8136.0,7997.0,6872.0,12719.0,2953.0
16114.0,50610.0,12048.0,4948.0,2476.0,3722.0,8504.0,8104.0,7122.0,12827.0,3007.0
16715.0,52396.0,12144.0,5119.0,2531.0,3735.0,8851.0,8231.0,7351.0,12963.0,3055.0
16993.0,54412.0,11887.0,5282.0,2559.0,3707.0,9237.0,8467.0,7477.0,13188.0,2925.0
16893.0,56835.0,11543.0,5296.0,2538.0,3597.0,9620.0,8701.0,7340.0,13615.0,2780.0
16760.0,57530.0,11394.0,5254.0,2525.0,3591.0,9722.0,8834.0,7256.0,13941.0,2782.0
16352.0,57890.0,11682.0,5124.0,2466.0,3472.0,9565.0,8825.0,7098.0,14026.0,2920.0
15553.0,57178.0,11473.0,4999.0,2373.0,3247.0,9198.0,8847.0,6737.0,14017.0,2873.0
14284.0,56522.0,10636.0,4700.0,2157.0,2867.0,9071.0,8712.0,6220.0,13908.0,2620.0
13116.0,54138.0,9843.0,4298.0,2008.0,2694.0,8656.0,8155.0,5704.0,13323.0,2498.0
12024.0,49383.0,9213.0,3899.0,1853.0,2516.0,8143.0,7521.0,5199.0,12394.0,2496.0
11418.0,44437.0,8684.0,3609.0,1746.0,2415.0,7366.0,6907.0,4957.0,11307.0,2448.0
10904.0,39290.0,8273.0,3441.0,1686.0,2358.0,6806.0,6439.0,4682.0,10418.0,2368.0
10665.0,36384.0,7812.0,3339.0,1659.0,2323.0,6313.0,6114.0,4565.0,9844.0,2228.0
10649.0,34397.0,7733.0,3291.0,1692.0,2389.0,5952.0,5939.0,4616.0,9452.0,2212.0
11036.0,33026.0,8080.0,3359.0,1771.0,2512.0,5736.0,5931.0,4795.0,9369.0,2331.0
11810.0,32887.0,8602.0,3535.0,1951.0,2752.0,5685.0,6138.0,5163.0,9580.0,2346.0
13235.0,34230.0,9463.0,3902.0,2139.0,3021.0,5638.0,6539.0,5758.0,10204.0,2467.0
14677.0,37795.0,10497.0,4308.0,2314.0,3304.0,5766.0,7277.0,6352.0,11289.0,2629.0
15891.0,42525.0,10905.0,4575.0,2379.0,3481.0,6401.0,7937.0,6689.0,12429.0,2735.0
16795.0,47969.0,11075.0,4687.0,2403.0,3594.0,7171.0,8580.0,6948.0,13463.0,2810.0
17646.0,51654.0,11299.0,4823.0,2404.0,3685.0,7702.0,8836.0,7139.0,13799.0,2877.0
18564.0,52781.0,11571.0,4947.0,2434.0,3760.0,8063.0,8986.0,7316.0,13894.0,2945.0
19322.0,53391.0,11887.0,5103.0,2496.0,3785.0,8399.0,9042.0,7461.0,13866.0,2986.0
19971.0,54713.0,12045.0,5212.0,2551.0,3856.0,8667.0,9158.0,7527.0,13927.0,2965.0
20744.0,55770.0,12239.0,5389.0,2636.0,3916.0,9033.0,9232.0,7650.0,13992.0,2994.0
21246.0,56792.0,12287.0,5571.0,2688.0,3921.0,9456.0,9353.0,7822.0,14095.0,2994.0
21520.0,59049.0,12068.0,5745.0,2743.0,3902.0,9881.0,9510.0,7980.0,14446.0,2898.0
21512.0,61356.0,12089.0,5879.0,2770.0,3855.0,10228.0,9736.0,8088.0,14828.0,2932.0
21079.0,63454.0,11979.0,5873.0,2732.0,3809.0,10374.0,9814.0,7848.0,15074.0,2888.0
20394.0,64779.0,11761.0,5713.0,2629.0,3622.0,10242.0,9800.0,7700.0,15289.0,2888.0
18811.0,63550.0,11325.0,5500.0,2476.0,3315.0,9945.0,9706.0,7239.0,15281.0,2886.0
17153.0,62000.0,10402.0,5159.0,2281.0,3043.0,9661.0,9401.0,6608.0,15002.0,2674.0
15536.0,58035.0,9512.0,4659.0,2085.0,2794.0,9117.0,8782.0,5992.0,14286.0,2522.0
14075.0,52266.0,8870.0,4202.0,1926.0,2598.0,8479.0,7984.0,5506.0,13123.0,2489.0
13127.0,46305.0,8337.0,3877.0,1799.0,2470.0,7771.0,7318.0,5204.0,11906.0,2411.0
12463.0,40968.0,7927.0,3659.0,1739.0,2389.0,7085.0,6672.0,4938.0,10843.0,2335.0
11938.0,37842.0,7489.0,3506.0,1714.0,2362.0,6517.0,6314.0,4754.0,10213.0,2178.0
11747.0,35363.0,7393.0,3450.0,1737.0,2423.0,6211.0,6135.0,4810.0,9820.0,2185.0
11898.0,33860.0,7759.0,3487.0,1816.0,2531.0,5888.0,6075.0,4970.0,9634.0,2291.0
12578.0,33603.0,8270.0,3669.0,1976.0,2757.0,5763.0,6298.0,5377.0,9838.0,2356.0
14031.0,35250.0,9089.0,4016.0,2184.0,3053.0,5792.0,6695.0,5926.0,10402.0,2443.0
15849.0,38521.0,10036.0,4419.0,2337.0,3346.0,5945.0,7407.0,6514.0,11509.0,2596.0
17307.0,43320.0,10387.0,4668.0,2396.0,3518.0,6336.0,8044.0,6836.0,12575.0,2706.0
18451.0,48927.0,10650.0,4812.0,2396.0,3626.0,7182.0,8651.0,7056.0,13610.0,2763.0
19555.0,52360.0,10837.0,4955.0,2405.0,3706.0,7763.0,8875.0,7239.0,13928.0,2871.0
19859.0,53629.0,11145.0,5106.0,2427.0,3787.0,8313.0,8941.0,7405.0,14003.0,2930.0
21324.0,54504.0,11484.0,5250.0,2460.0,3855.0,8764.0,8990.0,7540.0,14061.0,2967.0
22301.0,56011.0,11684.0,5383.0,2503.0,3905.0,9089.0,9109.0,7561.0,14168.0,2919.0
23128.0,57426.0,12033.0,5542.0,2574.0,3906.0,9482.0,9178.0,7818.0,14283.0,2958.0
23729.0,58553.0,12188.0,5730.0,2607.0,3877.0,9824.0,9303.0,8037.0,14388.0,3009.0
24271.0,60975.0,12203.0,5888.0,2629.0,3839.0,10185.0,9557.0,8177.0,14803.0,2913.0
24136.0,63178.0,12291.0,5994.0,2652.0,3803.0,10494.0,9706.0,8275.0,15064.0,2926.0
23497.0,65425.0,12109.0,5948.0,2625.0,3803.0,10742.0,9840.0,8026.0,15414.0,2880.0
22406.0,66620.0,11959.0,5758.0,2551.0,3628.0,10724.0,9817.0,7727.0,15493.0,2852.0
20464.0,65295.0,11622.0,5549.0,2397.0,3336.0,10429.0,9623.0,7230.0,15289.0,2824.0
18481.0,63439.0,10691.0,5195.0,2231.0,3053.0,10230.0,9345.0,6573.0,14983.0,2622.0
16663.0,59292.0,9721.0,4715.0,2053.0,2813.0,9617.0,8701.0,5919.0,14317.0,2484.0
15155.0,53318.0,9015.0,4263.0,1893.0,2629.0,8849.0,7917.0,5331.0,13076.0,2453.0
13980.0,47140.0,8437.0,3931.0,1802.0,2514.0,8040.0,7192.0,5056.0,11883.0,2381.0
13053.0,41450.0,7982.0,3703.0,1726.0,2458.0,7202.0,6646.0,4889.0,10871.0,2312.0
12489.0,37788.0,7524.0,3572.0,1706.0,2405.0,6641.0,6324.0,4710.0,10252.0,2173.0
12264.0,35616.0,7430.0,3494.0,1760.0,2451.0,6222.0,6143.0,4785.0,9844.0,2162.0
12415.0,33948.0,7827.0,3526.0,1823.0,2547.0,5924.0,6088.0,4960.0,9702.0,2272.0
12993.0,33573.0,8333.0,3695.0,1973.0,2791.0,5765.0,6312.0,5353.0,9865.0,2321.0
14556.0,35145.0,8982.0,4036.0,2157.0,3064.0,5778.0,6726.0,5806.0,10406.0,2378.0
16369.0,38430.0,9886.0,4425.0,2312.0,3364.0,5951.0,7378.0,6285.0,11492.0,2528.0
17867.0,43077.0,10180.0,4675.0,2355.0,3520.0,6511.0,7975.0,6556.0,12572.0,2637.0
19347.0,48735.0,10433.0,4816.0,2346.0,3660.0,7338.0,8541.0,6724.0,13575.0,2717.0
20518.0,52314.0,10585.0,4976.0,2335.0,3770.0,7952.0,8787.0,6919.0,13958.0,2789.0
21694.0,53523.0,10876.0,5112.0,2386.0,3865.0,8508.0,8880.0,7095.0,14102.0,2828.0
22806.0,54253.0,11269.0,5300.0,2413.0,3898.0,9011.0,8882.0,7144.0,14220.0,2865.0
23750.0,55548.0,11495.0,5411.0,2442.0,3963.0,9374.0,8887.0,7099.0,14271.0,2791.0
24459.0,56838.0,11813.0,5589.0,2520.0,4017.0,9698.0,8853.0,7024.0,14385.0,2859.0
25136.0,57943.0,11686.0,5773.0,2557.0,4036.0,10123.0,9026.0,7387.0,14638.0,2859.0
25680.0,60141.0,11352.0,5933.0,2629.0,4027.0,10478.0,9237.0,7416.0,15058.0,2750.0
25636.0,62325.0,11362.0,6063.0,2663.0,3985.0,10735.0,9408.0,7470.0,15372.0,2780.0
24764.0,64195.0,11226.0,6007.0,2629.0,3948.0,11069.0,9583.0,7404.0,15750.0,2752.0
23539.0,65406.0,11121.0,5842.0,2574.0,3758.0,11159.0,9653.0,7181.0,15913.0,2748.0
21412.0,63863.0,10956.0,5625.0,2421.0,3467.0,10783.0,9588.0,6741.0,15690.0,2752.0
19302.0,62119.0,10081.0,5255.0,2233.0,3159.0,10430.0,9296.0,6137.0,15369.0,2566.0
17533.0,58041.0,9176.0,4765.0,2046.0,2925.0,9737.0,8773.0,5633.0,14691.0,2430.0
15777.0,52254.0,8548.0,4318.0,1896.0,2687.0,8916.0,7974.0,5092.0,13434.0,2414.0
14485.0,46277.0,8089.0,3979.0,1802.0,2556.0,7988.0,7239.0,4838.0,12116.0,2358.0
13503.0,40819.0,7737.0,3755.0,1732.0,2511.0,7197.0,6708.0,4622.0,11111.0,2297.0
12888.0,37435.0,7322.0,3602.0,1708.0,2454.0,6587.0,6321.0,4522.0,10403.0,2170.0
12431.0,35617.0,7245.0,3522.0,1720.0,2506.0,6146.0,6125.0,4542.0,9996.0,2124.0
12588.0,33728.0,7669.0,3555.0,1787.0,2600.0,5889.0,6052.0,4760.0,9782.0,2248.0
13155.0,33640.0,8156.0,3732.0,1933.0,2805.0,5785.0,6237.0,5152.0,9899.0,2317.0
14594.0,34940.0,8894.0,4036.0,2142.0,3056.0,5773.0,6655.0,5690.0,10415.0,2375.0
16348.0,38193.0,9775.0,4425.0,2300.0,3385.0,5915.0,7318.0,6154.0,11450.0,2535.0
18106.0,42924.0,10089.0,4699.0,2372.0,3571.0,6490.0,7983.0,6369.0,12663.0,2622.0
19581.0,48477.0,10226.0,4907.0,2397.0,3693.0,7261.0,8565.0,6588.0,13681.0,2716.0
20820.0,51582.0,10366.0,5059.0,2397.0,3786.0,7920.0,8903.0,6730.0,14131.0,2806.0
22061.0,52450.0,10606.0,5258.0,2449.0,3861.0,8527.0,9090.0,6900.0,14400.0,2881.0
23189.0,52785.0,10943.0,5459.0,2530.0,3917.0,9018.0,9199.0,7186.0,14551.0,2921.0
24182.0,54106.0,11091.0,5564.0,2599.0,3897.0,9447.0,9413.0,7240.0,14757.0,2871.0
24922.0,54833.0,11560.0,5658.0,2673.0,3849.0,9878.0,9574.0,7506.0,14969.0,2922.0
25552.0,55839.0,11866.0,5666.0,2733.0,3781.0,10234.0,9698.0,7546.0,15117.0,2916.0
25990.0,57670.0,11989.0,5709.0,2782.0,3706.0,10598.0,9861.0,7579.0,15471.0,2784.0
25747.0,59545.0,12087.0,5754.0,2809.0,3656.0,10943.0,9973.0,7540.0,15735.0,2779.0
24803.0,61419.0,11929.0,5745.0,2747.0,3640.0,11155.0,10036.0,7376.0,16010.0,2793.0
23552.0,62777.0,11701.0,5699.0,2663.0,3487.0,11108.0,10032.0,7242.0,16088.0,2775.0
21587.0,61677.0,11364.0,5536.0,2504.0,3222.0,10755.0,9926.0,6848.0,15868.0,2796.0
19365.0,60307.0,10422.0,5223.0,2292.0,2967.0,10492.0,9588.0,6330.0,15559.0,2598.0
17657.0,56613.0,9611.0,4788.0,2120.0,2741.0,9793.0,8948.0,5828.0,14722.0,2493.0
15979.0,51254.0,8892.0,4351.0,1951.0,2546.0,8897.0,8125.0,5319.0,13432.0,2446.0
14684.0,45641.0,8360.0,4039.0,1819.0,2443.0,8061.0,7342.0,4972.0,12120.0,2370.0
13777.0,40255.0,7912.0,3800.0,1765.0,2388.0,7182.0,6753.0,4755.0,11091.0,2332.0
13077.0,37281.0,7461.0,3638.0,1734.0,2341.0,6606.0,6340.0,4611.0,10390.0,2164.0
12758.0,35273.0,7334.0,3571.0,1743.0,2389.0,6107.0,6139.0,4594.0,9990.0,2126.0
12798.0,33698.0,7692.0,3576.0,1825.0,2462.0,5816.0,6032.0,4728.0,9718.0,2235.0
13405.0,33456.0,8221.0,3715.0,1978.0,2683.0,5605.0,6240.0,5049.0,9901.0,2295.0
15075.0,34555.0,8936.0,4040.0,2166.0,2945.0,5655.0,6564.0,5611.0,10376.0,2380.0
16662.0,37741.0,9831.0,4444.0,2349.0,3221.0,5740.0,7250.0,6121.0,11420.0,2543.0
17914.0,42769.0,10165.0,4717.0,2423.0,3363.0,6328.0,7893.0,6388.0,12560.0,2622.0
19256.0,48131.0,10461.0,4889.0,2433.0,3473.0,7187.0,8496.0,6610.0,13607.0,2714.0
20147.0,51279.0,10673.0,5077.0,2446.0,3554.0,7818.0,8776.0,6889.0,14031.0,2828.0
20889.0,51948.0,10928.0,5220.0,2529.0,3649.0,8373.0,8929.0,7126.0,14091.0,2866.0
21943.0,52222.0,11351.0,5364.0,2574.0,3718.0,8851.0,8987.0,7342.0,14110.0,2913.0
22868.0,53008.0,11572.0,5474.0,2611.0,3748.0,9305.0,9103.0,7355.0,14182.0,2862.0
23595.0,53752.0,11910.0,5573.0,2680.0,3818.0,9649.0,9166.0,7568.0,14138.0,2861.0
24417.0,54733.0,11910.0,5638.0,2667.0,3828.0,10031.0,9292.0,7693.0,14152.0,2857.0
24648.0,56636.0,11814.0,5641.0,2660.0,3814.0,10322.0,9426.0,7656.0,14432.0,2731.0
24374.0,58771.0,11962.0,5633.0,2655.0,3761.0,10455.0,9543.0,7578.0,14625.0,2731.0
23706.0,60661.0,11707.0,5529.0,2574.0,3779.0,10674.0,9522.0,7271.0,14884.0,2733.0
22630.0,61968.0,11531.0,5354.0,2518.0,3598.0,10772.0,9457.0,7053.0,14972.0,2675.0
20792.0,60970.0,11166.0,5153.0,2381.0,3337.0,10339.0,9326.0,6689.0,14828.0,2729.0
19011.0,59509.0,10618.0,4885.0,2240.0,3201.0,10067.0,9005.0,6196.0,14549.0,2709.0
17386.0,55917.0,9789.0,4513.0,2057.0,2950.0,9452.0,8635.0,5643.0,14153.0,2596.0
15826.0,50704.0,8985.0,4162.0,1910.0,2780.0,8756.0,7953.0,5075.0,13076.0,2504.0
14652.0,45368.0,8515.0,3849.0,1797.0,2616.0,8012.0,7274.0,4748.0,11973.0,2450.0
13811.0,40713.0,8070.0,3628.0,1723.0,2557.0,7127.0,6657.0,4548.0,10948.0,2371.0
13263.0,37265.0,7770.0,3483.0,1691.0,2470.0,6432.0,6270.0,4399.0,10260.0,2326.0
12894.0,34829.0,7504.0,3357.0,1674.0,2462.0,6048.0,6013.0,4340.0,9805.0,2256.0
12555.0,33650.0,7519.0,3323.0,1700.0,2493.0,5712.0,5884.0,4352.0,9573.0,2254.0
12366.0,32633.0,7570.0,3337.0,1774.0,2611.0,5459.0,5835.0,4401.0,9507.0,2263.0
12559.0,32704.0,8011.0,3523.0,1900.0,2867.0,5403.0,5908.0,4807.0,9612.0,2430.0
13115.0,34226.0,8692.0,3761.0,2009.0,3070.0,5221.0,6260.0,5184.0,10055.0,2507.0
14030.0,35866.0,9371.0,4018.0,2087.0,3310.0,5477.0,6762.0,5562.0,10756.0,2580.0
15217.0,39889.0,10084.0,4263.0,2192.0,3654.0,6028.0,7235.0,5937.0,11567.0,2724.0
16216.0,43790.0,10577.0,4462.0,2233.0,3830.0,6778.0,7582.0,6179.0,12222.0,2782.0
17146.0,46615.0,11051.0,4650.0,2329.0,3834.0,7529.0,7869.0,6505.0,12664.0,2828.0
18158.0,48730.0,11407.0,4817.0,2422.0,3952.0,8031.0,8054.0,6632.0,12940.0,2879.0
18892.0,49157.0,11620.0,4930.0,2457.0,4012.0,8415.0,8222.0,6551.0,13143.0,2821.0
19522.0,50803.0,11895.0,5034.0,2483.0,4032.0,8696.0,8260.0,6604.0,13256.0,2806.0
19927.0,52160.0,12083.0,5171.0,2531.0,4054.0,9034.0,8296.0,6610.0,13342.0,2788.0
19957.0,53818.0,11906.0,5298.0,2516.0,3964.0,9348.0,8386.0,6640.0,13471.0,2701.0
19427.0,55777.0,11631.0,5248.0,2510.0,3802.0,9493.0,8557.0,6377.0,13771.0,2531.0
18862.0,55594.0,11408.0,5190.0,2494.0,3764.0,9476.0,8596.0,6232.0,14030.0,2522.0
18432.0,55514.0,11517.0,5065.0,2455.0,3583.0,9241.0,8506.0,6272.0,13921.0,2679.0
17446.0,55092.0,11186.0,4917.0,2339.0,3364.0,8981.0,8485.0,6051.0,13787.0,2664.0
16125.0,54633.0,10609.0,4667.0,2188.0,3120.0,8917.0,8306.0,5650.0,13648.0,2590.0
14921.0,52100.0,9959.0,4345.0,2035.0,2917.0,8544.0,8008.0,5266.0,13307.0,2501.0
13571.0,48143.0,9115.0,3989.0,1878.0,2697.0,8059.0,7462.0,4727.0,12479.0,2397.0
12653.0,43830.0,8617.0,3689.0,1766.0,2573.0,7501.0,6906.0,4511.0,11667.0,2379.0
12024.0,39337.0,8195.0,3490.0,1712.0,2472.0,6773.0,6447.0,4277.0,10666.0,2324.0
11469.0,36065.0,7876.0,3350.0,1679.0,2407.0,6208.0,6087.0,4161.0,10081.0,2295.0
11178.0,33661.0,7648.0,3246.0,1637.0,2388.0,5788.0,5865.0,4082.0,9680.0,2239.0
10979.0,32483.0,7561.0,3195.0,1652.0,2418.0,5456.0,5755.0,3999.0,9409.0,2235.0
11019.0,31644.0,7606.0,3213.0,1723.0,2521.0,5261.0,5697.0,4095.0,9290.0,2224.0
12053.0,31033.0,7902.0,3373.0,1828.0,2752.0,5173.0,5707.0,4496.0,9358.0,2351.0
13390.0,32361.0,8507.0,3595.0,1944.0,2941.0,5024.0,6023.0,4824.0,9758.0,2432.0
15021.0,33734.0,9124.0,3793.0,2040.0,3185.0,5240.0,6413.0,5141.0,10388.0,2488.0
16668.0,37115.0,9757.0,4002.0,2128.0,3536.0,5692.0,6865.0,5467.0,11143.0,2610.0
17916.0,41154.0,10262.0,4204.0,2183.0,3728.0,6224.0,7244.0,5721.0,11844.0,2638.0
18678.0,43892.0,10722.0,4419.0,2284.0,3702.0,6754.0,7493.0,6050.0,12288.0,2766.0
19555.0,45965.0,11123.0,4599.0,2348.0,3803.0,7205.0,7724.0,6245.0,12630.0,2826.0
20149.0,46562.0,11433.0,4747.0,2389.0,3858.0,7515.0,7908.0,6404.0,12918.0,2863.0
20784.0,48546.0,11782.0,4885.0,2460.0,3896.0,7878.0,8049.0,6626.0,12962.0,2905.0
21340.0,49651.0,12122.0,5055.0,2525.0,3873.0,8190.0,8203.0,6889.0,13043.0,2939.0
21375.0,51437.0,12194.0,5204.0,2519.0,3777.0,8511.0,8437.0,6996.0,13322.0,2852.0
20767.0,53320.0,12046.0,5203.0,2504.0,3649.0,8665.0,8645.0,6853.0,13688.0,2666.0
20056.0,53459.0,11755.0,5177.0,2490.0,3587.0,8623.0,8745.0,6709.0,14012.0,2646.0
19560.0,53946.0,11769.0,5044.0,2453.0,3468.0,8206.0,8693.0,6612.0,14098.0,2791.0
18054.0,53375.0,11384.0,4886.0,2322.0,3249.0,7755.0,8622.0,6229.0,14066.0,2750.0
16490.0,53587.0,10345.0,4617.0,2142.0,2897.0,7765.0,8404.0,5745.0,13876.0,2489.0
14967.0,51063.0,9673.0,4258.0,2014.0,2723.0,7463.0,7917.0,5303.0,13275.0,2407.0
13511.0,46941.0,8829.0,3903.0,1834.0,2525.0,7006.0,7265.0,4842.0,12284.0,2387.0
12463.0,42655.0,8363.0,3658.0,1746.0,2414.0,6512.0,6765.0,4559.0,11349.0,2351.0
11735.0,37779.0,7901.0,3484.0,1668.0,2367.0,5888.0,6258.0,4388.0,10419.0,2271.0
11185.0,35361.0,7497.0,3371.0,1652.0,2338.0,5484.0,5979.0,4265.0,9881.0,2114.0
10958.0,33425.0,7417.0,3301.0,1682.0,2390.0,5178.0,5783.0,4315.0,9491.0,2106.0
11240.0,32111.0,7848.0,3360.0,1762.0,2526.0,4987.0,5810.0,4560.0,9397.0,2198.0
11975.0,32112.0,8480.0,3548.0,1937.0,2712.0,4922.0,6049.0,4876.0,9650.0,2240.0
13292.0,33640.0,9145.0,3892.0,2139.0,3003.0,5006.0,6476.0,5360.0,10227.0,2341.0
14795.0,37139.0,9842.0,4315.0,2341.0,3282.0,5124.0,7106.0,5940.0,11397.0,2460.0
16212.0,41674.0,10233.0,4532.0,2376.0,3446.0,5652.0,7797.0,6082.0,12540.0,2540.0
17262.0,47202.0,10526.0,4657.0,2405.0,3560.0,6362.0,8382.0,6256.0,13503.0,2638.0
18282.0,50386.0,10779.0,4767.0,2404.0,3624.0,6827.0,8593.0,6349.0,13903.0,2745.0
19186.0,50972.0,11015.0,4849.0,2442.0,3718.0,7201.0,8640.0,6496.0,13958.0,2779.0
20013.0,51197.0,11322.0,4945.0,2511.0,3748.0,7427.0,8626.0,6660.0,13899.0,2820.0
20768.0,52195.0,11572.0,5014.0,2483.0,3753.0,7756.0,8678.0,6646.0,13928.0,2779.0
21792.0,52690.0,11754.0,5120.0,2508.0,3821.0,8046.0,8644.0,6867.0,13868.0,2791.0
22290.0,53383.0,11654.0,5264.0,2525.0,3833.0,8405.0,8643.0,6916.0,13859.0,2793.0
22614.0,55402.0,11612.0,5362.0,2548.0,3818.0,8764.0,8758.0,6948.0,14087.0,2702.0
22592.0,57361.0,11605.0,5414.0,2590.0,3803.0,9104.0,8794.0,7030.0,14294.0,2733.0
22265.0,59579.0,11426.0,5358.0,2567.0,3798.0,9328.0,8944.0,6915.0,14637.0,2717.0
13381.0,57501.0,11604.0,4755.0,2693.0,3235.0,6758.0,9789.0,6660.0,17085.0,2769.0
12621.0,56495.0,11112.0,4559.0,2570.0,3118.0,6697.0,9612.0,6400.0,16826.0,2740.0
11526.0,53558.0,10189.0,4254.0,2404.0,2939.0,6507.0,9231.0,5988.0,16204.0,2590.0
10475.0,50379.0,9410.0,3912.0,2184.0,2698.0,6229.0,8700.0,5469.0,15358.0,2508.0
9675.0,45727.0,8748.0,3601.0,2042.0,2556.0,5832.0,8018.0,5051.0,14164.0,2412.0
9250.0,40650.0,8517.0,3352.0,1948.0,2458.0,5381.0,7330.0,4799.0,12863.0,2392.0
8963.0,36519.0,8434.0,3244.0,1884.0,2412.0,4987.0,6779.0,4645.0,11769.0,2469.0
8889.0,34219.0,8371.0,3199.0,1853.0,2365.0,4812.0,6464.0,4566.0,11210.0,2461.0
9104.0,32744.0,8384.0,3198.0,1875.0,2430.0,4678.0,6340.0,4567.0,10989.0,2399.0
9780.0,31938.0,8664.0,3322.0,1951.0,2521.0,4619.0,6308.0,4766.0,10918.0,2404.0
10953.0,32042.0,9339.0,3672.0,2195.0,2758.0,4638.0,6494.0,5287.0,11300.0,2401.0
11749.0,33841.0,10043.0,4130.0,2471.0,2944.0,4928.0,7177.0,5978.0,12527.0,2509.0
12068.0,38579.0,10816.0,4478.0,2604.0,3117.0,5306.0,8160.0,6506.0,14339.0,2681.0
11932.0,43427.0,10890.0,4578.0,2628.0,3169.0,5620.0,8991.0,6540.0,15834.0,2760.0
11645.0,47166.0,10713.0,4605.0,2591.0,3158.0,5931.0,9254.0,6569.0,16369.0,2892.0
11415.0,49526.0,10345.0,4627.0,2503.0,3155.0,6144.0,9356.0,6552.0,16445.0,3002.0
11311.0,48364.0,10111.0,4577.0,2479.0,3106.0,6074.0,9325.0,6431.0,16405.0,2953.0
11397.0,47609.0,10027.0,4529.0,2471.0,3064.0,5852.0,9186.0,6320.0,16026.0,2935.0
11288.0,47416.0,9985.0,4411.0,2454.0,2984.0,5800.0,9111.0,6066.0,15893.0,2873.0
11563.0,47173.0,10201.0,4395.0,2496.0,2960.0,5668.0,9085.0,6124.0,15728.0,2849.0
11833.0,45504.0,10665.0,4471.0,2628.0,2913.0,5596.0,8944.0,6226.0,15418.0,2735.0
12884.0,46171.0,11636.0,4745.0,2824.0,3154.0,5601.0,9060.0,6617.0,15712.0,2789.0
13854.0,49054.0,12015.0,4979.0,2939.0,3327.0,6033.0,9679.0,6881.0,16972.0,2886.0
13714.0,54692.0,11973.0,5001.0,2916.0,3298.0,6626.0,10236.0,6895.0,18035.0,2853.0
13308.0,56850.0,11604.0,4892.0,2804.0,3200.0,6785.0,10373.0,6722.0,18420.0,2840.0
12511.0,56327.0,11028.0,4703.0,2710.0,3070.0,6769.0,10296.0,6480.0,18206.0,2791.0
11470.0,53688.0,10131.0,4435.0,2519.0,2899.0,6552.0,9943.0,6125.0,17618.0,2644.0
10444.0,50450.0,9336.0,4069.0,2277.0,2674.0,6319.0,9374.0,5645.0,16675.0,2577.0
9672.0,45669.0,8764.0,3771.0,2127.0,2505.0,5904.0,8649.0,5318.0,15334.0,2508.0
9103.0,40515.0,8424.0,3575.0,2011.0,2395.0,5418.0,7934.0,5119.0,14003.0,2482.0
8806.0,36777.0,8414.0,3485.0,1973.0,2328.0,5012.0,7285.0,4955.0,12827.0,2565.0
8764.0,34131.0,8279.0,3433.0,1942.0,2300.0,4788.0,6962.0,4868.0,12345.0,2527.0
8962.0,32353.0,8356.0,3433.0,1956.0,2331.0,4638.0,6801.0,4909.0,12059.0,2507.0
9722.0,31664.0,8675.0,3598.0,2041.0,2441.0,4598.0,6803.0,5128.0,12042.0,2537.0
10903.0,31956.0,9439.0,3968.0,2295.0,2641.0,4608.0,6990.0,5651.0,12444.0,2542.0
11634.0,33655.0,10127.0,4442.0,2562.0,2856.0,4832.0,7675.0,6355.0,13651.0,2615.0
11915.0,38422.0,10987.0,4783.0,2691.0,3014.0,5275.0,8674.0,6977.0,15433.0,2828.0
11946.0,43570.0,11165.0,4839.0,2666.0,3064.0,5580.0,9413.0,6986.0,16800.0,2896.0
11645.0,47604.0,10970.0,4792.0,2611.0,3085.0,5929.0,9695.0,7000.0,17158.0,3019.0
11445.0,49570.0,10651.0,4712.0,2554.0,3115.0,6080.0,9775.0,6888.0,17181.0,3098.0
11387.0,48668.0,10540.0,4619.0,2503.0,3071.0,6061.0,9608.0,6831.0,16785.0,3096.0
11348.0,48054.0,10491.0,4539.0,2453.0,3048.0,5884.0,9412.0,6704.0,16386.0,3055.0
11291.0,47711.0,10493.0,4422.0,2433.0,2980.0,5793.0,9199.0,6475.0,16083.0,3014.0
11312.0,47134.0,10782.0,4413.0,2476.0,3002.0,5691.0,9134.0,6463.0,15829.0,2941.0
11636.0,45501.0,11359.0,4482.0,2617.0,2969.0,5584.0,8947.0,6470.0,15496.0,2806.0
12742.0,45864.0,12351.0,4815.0,2838.0,3188.0,5704.0,9026.0,6925.0,15825.0,2910.0
13631.0,48744.0,12811.0,5079.0,2948.0,3325.0,6161.0,9654.0,7318.0,17017.0,2994.0
13652.0,54739.0,12797.0,5125.0,2948.0,3296.0,6644.0,10268.0,7386.0,18063.0,2987.0
13191.0,57323.0,12331.0,5024.0,2842.0,3188.0,6832.0,10509.0,7200.0,18447.0,2932.0
12562.0,56922.0,11892.0,4845.0,2723.0,3040.0,6830.0,10415.0,6906.0,18296.0,2893.0
11599.0,54362.0,11039.0,4582.0,2530.0,2846.0,6656.0,10032.0,6571.0,17622.0,2746.0
10526.0,51338.0,10237.0,4250.0,2318.0,2661.0,6327.0,9483.0,6013.0,16740.0,2663.0
9669.0,46884.0,9657.0,3955.0,2169.0,2499.0,5961.0,8770.0,5606.0,15456.0,2582.0
9199.0,41752.0,9302.0,3742.0,2065.0,2396.0,5493.0,8000.0,5381.0,14031.0,2545.0
8830.0,37617.0,9287.0,3652.0,2013.0,2346.0,5104.0,7365.0,5248.0,12950.0,2616.0
8713.0,34826.0,9123.0,3603.0,1984.0,2310.0,4839.0,7044.0,5165.0,12395.0,2602.0
8931.0,33170.0,9131.0,3612.0,1981.0,2331.0,4751.0,6892.0,5225.0,12136.0,2568.0
9546.0,32547.0,9493.0,3783.0,2094.0,2441.0,4658.0,6868.0,5449.0,12102.0,2567.0
10804.0,32457.0,10346.0,4161.0,2326.0,2660.0,4720.0,7099.0,5984.0,12464.0,2617.0
11541.0,34624.0,11050.0,4655.0,2596.0,2904.0,4947.0,7754.0,6713.0,13620.0,2680.0
11969.0,39785.0,11968.0,5012.0,2764.0,3127.0,5366.0,8796.0,7380.0,15461.0,2890.0
12159.0,44848.0,12130.0,5061.0,2757.0,3254.0,5720.0,9544.0,7372.0,16767.0,2958.0
12011.0,48858.0,11888.0,5045.0,2682.0,3312.0,6032.0,9827.0,7364.0,17113.0,3083.0
11938.0,50939.0,11444.0,4966.0,2574.0,3363.0,6221.0,9916.0,7218.0,17232.0,3159.0
11762.0,49394.0,11263.0,4788.0,2511.0,3312.0,6181.0,9704.0,6920.0,16745.0,3118.0
11822.0,48511.0,11104.0,4665.0,2480.0,3249.0,6016.0,9427.0,6712.0,16169.0,3075.0
11680.0,47708.0,11052.0,4522.0,2442.0,3217.0,5916.0,9122.0,6553.0,15690.0,3007.0
11818.0,47083.0,11221.0,4493.0,2504.0,3246.0,5805.0,9039.0,6543.0,15536.0,2986.0
12270.0,45372.0,11813.0,4520.0,2648.0,3239.0,5684.0,8839.0,6538.0,15193.0,2844.0
13317.0,45729.0,12753.0,4919.0,2862.0,3442.0,5751.0,8978.0,7108.0,15504.0,2965.0
14071.0,48592.0,13289.0,5201.0,3004.0,3577.0,6226.0,9668.0,7492.0,16795.0,3052.0
14008.0,55004.0,13163.0,5278.0,2958.0,3531.0,6783.0,10371.0,7485.0,17957.0,3030.0
13548.0,57618.0,12782.0,5216.0,2899.0,3420.0,6998.0,10638.0,7340.0,18364.0,3009.0
12918.0,57174.0,12288.0,5028.0,2785.0,3275.0,6989.0,10538.0,7108.0,18176.0,2963.0
12036.0,54667.0,11351.0,4768.0,2627.0,3081.0,6831.0,10183.0,6731.0,17669.0,2841.0
10894.0,51882.0,10505.0,4419.0,2423.0,2838.0,6553.0,9667.0,6183.0,16795.0,2748.0
10118.0,47465.0,9876.0,4097.0,2278.0,2660.0,6222.0,8952.0,5785.0,15583.0,2648.0
9634.0,42330.0,9532.0,3884.0,2184.0,2547.0,5731.0,8245.0,5483.0,14240.0,2634.0
9278.0,38047.0,9511.0,3774.0,2113.0,2459.0,5350.0,7623.0,5373.0,13158.0,2671.0
9157.0,35284.0,9329.0,3715.0,2095.0,2443.0,5127.0,7296.0,5327.0,12663.0,2649.0
9274.0,33616.0,9287.0,3733.0,2130.0,2467.0,4988.0,7167.0,5338.0,12406.0,2611.0
9945.0,32710.0,9617.0,3861.0,2216.0,2564.0,4959.0,7139.0,5542.0,12430.0,2602.0
11149.0,32751.0,10423.0,4235.0,2452.0,2768.0,5000.0,7395.0,6070.0,12929.0,2649.0
12090.0,34657.0,11178.0,4746.0,2723.0,3014.0,5196.0,8100.0,6820.0,14172.0,2724.0
12665.0,39236.0,12177.0,5116.0,2906.0,3279.0,5593.0,9108.0,7439.0,16054.0,2941.0
12655.0,44259.0,12317.0,5209.0,2905.0,3363.0,5942.0,9916.0,7466.0,17458.0,3011.0
12322.0,48676.0,12215.0,5169.0,2861.0,3387.0,6369.0,10267.0,7458.0,17981.0,3139.0
12019.0,50702.0,11847.0,5076.0,2755.0,3416.0,6586.0,10328.0,7314.0,17915.0,3196.0
11664.0,49922.0,11539.0,4924.0,2680.0,3332.0,6538.0,10055.0,7128.0,17249.0,3176.0
11526.0,49459.0,11429.0,4774.0,2612.0,3290.0,6402.0,9768.0,6890.0,16536.0,3129.0
11241.0,48905.0,11347.0,4612.0,2585.0,3211.0,6292.0,9435.0,6687.0,15980.0,3024.0
11276.0,48655.0,11477.0,4575.0,2625.0,3173.0,6168.0,9230.0,6618.0,15626.0,2947.0
11511.0,47073.0,11967.0,4607.0,2747.0,3138.0,6164.0,8972.0,6707.0,15248.0,2819.0
12740.0,47621.0,12860.0,4943.0,2885.0,3375.0,6251.0,9166.0,7155.0,15598.0,2915.0
13481.0,50304.0,13269.0,5176.0,2991.0,3525.0,6717.0,9834.0,7409.0,16964.0,3004.0
13477.0,55218.0,13150.0,5223.0,2986.0,3479.0,7154.0,10403.0,7333.0,18092.0,2984.0
13074.0,57317.0,12693.0,5083.0,2906.0,3366.0,7321.0,10628.0,7165.0,18460.0,2937.0
12556.0,56416.0,12286.0,4964.0,2790.0,3264.0,7197.0,10446.0,6926.0,18211.0,2938.0
11873.0,53482.0,11632.0,4694.0,2680.0,3128.0,6982.0,10111.0,6583.0,17670.0,2844.0
10944.0,50644.0,10756.0,4401.0,2490.0,2893.0,6702.0,9626.0,6040.0,16916.0,2720.0
10180.0,46950.0,10095.0,4065.0,2329.0,2707.0,6324.0,8968.0,5455.0,15856.0,2608.0
9559.0,41983.0,9792.0,3815.0,2224.0,2613.0,5849.0,8195.0,5216.0,14603.0,2597.0
9247.0,37347.0,9671.0,3674.0,2159.0,2543.0,5275.0,7523.0,4984.0,13371.0,2596.0
9100.0,34474.0,9522.0,3592.0,2108.0,2436.0,4983.0,7158.0,4889.0,12764.0,2536.0
8953.0,32630.0,9310.0,3561.0,2097.0,2442.0,4780.0,6907.0,4846.0,12373.0,2508.0
9157.0,31402.0,9396.0,3605.0,2130.0,2464.0,4658.0,6848.0,4879.0,12208.0,2489.0
9605.0,30708.0,9570.0,3763.0,2210.0,2589.0,4622.0,6899.0,5063.0,12260.0,2493.0
10122.0,31028.0,10032.0,3982.0,2345.0,2754.0,4645.0,7045.0,5420.0,12591.0,2522.0
10801.0,32557.0,10743.0,4294.0,2559.0,3003.0,4739.0,7431.0,5976.0,13242.0,2709.0
11187.0,35073.0,10964.0,4518.0,2601.0,3065.0,4897.0,8051.0,6240.0,14358.0,2803.0
11269.0,38515.0,11161.0,4733.0,2698.0,3120.0,5164.0,8566.0,6606.0,15406.0,3036.0
11332.0,42433.0,11069.0,4836.0,2707.0,3148.0,5428.0,8986.0,6727.0,16146.0,3154.0
11312.0,44497.0,11135.0,4813.0,2690.0,3134.0,5591.0,9108.0,6775.0,16339.0,3177.0
11290.0,44551.0,11022.0,4813.0,2663.0,3121.0,5665.0,9062.0,6723.0,16111.0,3159.0
11224.0,45607.0,11034.0,4676.0,2674.0,3118.0,5660.0,8998.0,6582.0,16076.0,3038.0
11261.0,46065.0,11025.0,4596.0,2679.0,3111.0,5604.0,8851.0,6528.0,15920.0,2983.0
11440.0,45806.0,11478.0,4587.0,2780.0,3045.0,5560.0,8835.0,6467.0,15928.0,2827.0
12417.0,44536.0,12301.0,4810.0,2936.0,3235.0,5537.0,8888.0,6793.0,16062.0,2826.0
13012.0,46857.0,12519.0,4912.0,2958.0,3283.0,5965.0,9422.0,6937.0,16942.0,2906.0
12909.0,50768.0,12527.0,4883.0,2910.0,3288.0,6341.0,9841.0,6882.0,17630.0,2881.0
12585.0,51475.0,12170.0,4790.0,2833.0,3221.0,6365.0,9819.0,6714.0,17531.0,2864.0
12142.0,50557.0,11895.0,4615.0,2738.0,3127.0,6292.0,9665.0,6521.0,17316.0,2788.0
11484.0,49087.0,11234.0,4414.0,2622.0,2933.0,6217.0,9414.0,6201.0,16866.0,2735.0
10571.0,47302.0,10472.0,4124.0,2449.0,2735.0,5984.0,9046.0,5785.0,16276.0,2629.0
9747.0,44187.0,9707.0,3823.0,2316.0,2547.0,5675.0,8543.0,5294.0,15342.0,2547.0
9279.0,40476.0,9358.0,3588.0,2214.0,2432.0,5280.0,7982.0,5058.0,14382.0,2530.0
8933.0,36783.0,9202.0,3467.0,2141.0,2383.0,4948.0,7407.0,4901.0,13293.0,2533.0
8755.0,34056.0,8984.0,3434.0,2110.0,2273.0,4699.0,7058.0,4777.0,12666.0,2520.0
8595.0,31952.0,8792.0,3407.0,2077.0,2261.0,4530.0,6829.0,4732.0,12345.0,2477.0
8737.0,30648.0,8779.0,3425.0,2098.0,2281.0,4397.0,6737.0,4814.0,12209.0,2464.0
9153.0,29913.0,8936.0,3511.0,2182.0,2376.0,4359.0,6760.0,4919.0,12213.0,2434.0
9570.0,30213.0,9161.0,3727.0,2310.0,2537.0,4395.0,6945.0,5150.0,12661.0,2455.0
10217.0,31461.0,9832.0,4021.0,2491.0,2770.0,4477.0,7359.0,5638.0,13332.0,2621.0
10713.0,33697.0,10046.0,4232.0,2568.0,2838.0,4670.0,7895.0,5853.0,14362.0,2711.0
10862.0,37059.0,10218.0,4428.0,2614.0,2886.0,4948.0,8384.0,6210.0,15332.0,2898.0
10989.0,40648.0,10093.0,4551.0,2611.0,2933.0,5263.0,8735.0,6366.0,15904.0,3046.0
11128.0,42745.0,10169.0,4603.0,2637.0,2932.0,5531.0,8796.0,6484.0,15866.0,3080.0
11212.0,43571.0,10058.0,4647.0,2618.0,2940.0,5571.0,8738.0,6458.0,15576.0,3088.0
11182.0,44758.0,10063.0,4571.0,2625.0,2965.0,5691.0,8836.0,6355.0,15676.0,3017.0
11323.0,45294.0,10245.0,4563.0,2675.0,2943.0,5608.0,8919.0,6348.0,15598.0,3014.0
11518.0,45494.0,10696.0,4577.0,2775.0,2923.0,5607.0,8994.0,6308.0,15626.0,2857.0
12539.0,44497.0,11463.0,4787.0,2986.0,3120.0,5607.0,9166.0,6580.0,15933.0,2864.0
13241.0,46717.0,11717.0,4903.0,3025.0,3178.0,6038.0,9711.0,6692.0,16987.0,2908.0
13065.0,50807.0,11678.0,4881.0,2991.0,3169.0,6368.0,10103.0,6667.0,17877.0,2902.0
12742.0,51787.0,11419.0,4804.0,2943.0,3133.0,6446.0,10084.0,6497.0,17962.0,2873.0
12137.0,51357.0,11161.0,4636.0,2818.0,3008.0,6396.0,10008.0,6266.0,17735.0,2864.0
11269.0,49888.0,10286.0,4413.0,2665.0,2787.0,6173.0,9689.0,5926.0,17227.0,2664.0
10236.0,47525.0,9619.0,4111.0,2464.0,2597.0,5993.0,9239.0,5571.0,16525.0,2600.0
9384.0,44359.0,8967.0,3817.0,2321.0,2439.0,5703.0,8685.0,5242.0,15494.0,2489.0
8984.0,40395.0,8613.0,3655.0,2221.0,2338.0,5354.0,8068.0,5023.0,14324.0,2487.0
8677.0,36635.0,8561.0,3545.0,2156.0,2274.0,4988.0,7503.0,4848.0,13337.0,2544.0
8633.0,34026.0,8411.0,3507.0,2116.0,2249.0,4763.0,7147.0,4831.0,12736.0,2538.0
8750.0,32334.0,7875.0,3509.0,2126.0,2261.0,4626.0,7008.0,4899.0,12473.0,2350.0
9249.0,31450.0,8515.0,3609.0,2203.0,2368.0,4559.0,7014.0,5073.0,12502.0,2489.0
10220.0,31674.0,9163.0,3917.0,2427.0,2545.0,4619.0,7202.0,5611.0,12871.0,2514.0
11090.0,33197.0,9865.0,4351.0,2704.0,2761.0,4828.0,7805.0,6187.0,13950.0,2602.0
11841.0,37316.0,10711.0,4725.0,2863.0,2985.0,5162.0,8634.0,6826.0,15472.0,2791.0
12132.0,42414.0,10865.0,4894.0,2867.0,3094.0,5526.0,9329.0,6921.0,16700.0,2888.0
11945.0,47655.0,10748.0,4994.0,2831.0,3138.0,5948.0,9852.0,7053.0,17560.0,3043.0
11746.0,50353.0,10523.0,4957.0,2748.0,3176.0,6113.0,10134.0,7082.0,17982.0,3170.0
11566.0,49962.0,10350.0,4854.0,2656.0,3118.0,6156.0,10130.0,7034.0,17775.0,3152.0
11463.0,49936.0,10237.0,4774.0,2628.0,3115.0,6049.0,9970.0,6888.0,17426.0,3124.0
11374.0,49773.0,10171.0,4627.0,2601.0,3028.0,5974.0,9854.0,6683.0,17151.0,3017.0
11411.0,49486.0,10344.0,4603.0,2629.0,2996.0,5884.0,9709.0,6702.0,16902.0,2992.0
11664.0,47959.0,10874.0,4629.0,2792.0,2933.0,5871.0,9430.0,6751.0,16466.0,2871.0
12855.0,48313.0,11795.0,4907.0,3007.0,3163.0,5925.0,9439.0,7100.0,16603.0,2917.0
13728.0,50723.0,12298.0,5138.0,3130.0,3307.0,6335.0,9943.0,7387.0,17553.0,2987.0
13608.0,55611.0,12265.0,5154.0,3124.0,3286.0,6769.0,10524.0,7323.0,18578.0,2980.0
12182.0,52392.0,11181.0,4436.0,2624.0,2951.0,6370.0,9805.0,6175.0,16400.0,2992.0
11479.0,51850.0,10688.0,4268.0,2488.0,2857.0,6385.0,9695.0,5977.0,16162.0,2940.0
10563.0,49527.0,9586.0,3993.0,2301.0,2706.0,6140.0,9346.0,5612.0,15569.0,2637.0
9742.0,46590.0,9017.0,3686.0,2134.0,2547.0,5920.0,8813.0,5141.0,14683.0,2617.0
9054.0,42474.0,8481.0,3352.0,1961.0,2410.0,5531.0,8103.0,4754.0,13564.0,2548.0
8607.0,38549.0,8193.0,3196.0,1896.0,2331.0,5171.0,7451.0,4517.0,12467.0,2531.0
8510.0,34817.0,7958.0,3069.0,1820.0,2322.0,4819.0,6952.0,4471.0,11620.0,2501.0
8547.0,32301.0,7954.0,3043.0,1818.0,2326.0,4628.0,6670.0,4421.0,11170.0,2503.0
8840.0,30835.0,7993.0,3051.0,1828.0,2364.0,4514.0,6583.0,4484.0,10991.0,2488.0
9716.0,29992.0,8332.0,3195.0,1931.0,2447.0,4453.0,6570.0,4692.0,10963.0,2505.0
10821.0,30104.0,9222.0,3568.0,2160.0,2683.0,4542.0,6811.0,5228.0,11439.0,2574.0
11605.0,31972.0,9840.0,4006.0,2440.0,2832.0,4791.0,7487.0,5914.0,12522.0,2681.0
11859.0,36874.0,10380.0,4238.0,2551.0,2962.0,5183.0,8546.0,6255.0,14423.0,2861.0
11612.0,41377.0,10393.0,4291.0,2514.0,2974.0,5412.0,9307.0,6278.0,15653.0,2927.0
11395.0,45047.0,10161.0,4315.0,2478.0,3093.0,5634.0,9512.0,6407.0,16032.0,3138.0
11110.0,48588.0,9889.0,4273.0,2377.0,3074.0,5784.0,9676.0,6355.0,16185.0,3153.0
11050.0,47800.0,9709.0,4188.0,2344.0,3030.0,5679.0,9588.0,6231.0,15998.0,3151.0
10995.0,46897.0,9704.0,4161.0,2292.0,3024.0,5597.0,9433.0,6151.0,15617.0,3157.0
10966.0,46443.0,9589.0,4076.0,2273.0,2957.0,5491.0,9340.0,6012.0,15364.0,3125.0
11037.0,46346.0,9688.0,4047.0,2292.0,2929.0,5425.0,9195.0,5990.0,15086.0,3116.0
11209.0,45380.0,9914.0,4016.0,2358.0,2854.0,5374.0,8968.0,5928.0,14712.0,2990.0
11645.0,43802.0,10568.0,4085.0,2502.0,2835.0,5366.0,8945.0,6014.0,14819.0,2927.0
12606.0,44750.0,11268.0,4341.0,2673.0,3025.0,5492.0,9244.0,6387.0,15374.0,3048.0
12836.0,48388.0,11232.0,4462.0,2704.0,3036.0,5972.0,9851.0,6442.0,16473.0,3071.0
12266.0,52108.0,10857.0,4382.0,2598.0,2956.0,6412.0,10237.0,6327.0,17185.0,3009.0
11659.0,51557.0,10410.0,4196.0,2468.0,2858.0,6355.0,10122.0,6072.0,16960.0,2952.0
10742.0,49141.0,9282.0,3909.0,2268.0,2691.0,6110.0,9749.0,5728.0,16383.0,2675.0
9839.0,46296.0,8803.0,3621.0,2086.0,2522.0,5807.0,9169.0,5241.0,15391.0,2637.0
9118.0,42071.0,8361.0,3353.0,1973.0,2369.0,5399.0,8449.0,4913.0,14212.0,2610.0
8667.0,38068.0,8068.0,3183.0,1890.0,2303.0,4995.0,7738.0,4672.0,12978.0,2550.0
8424.0,34508.0,7841.0,3071.0,1844.0,2280.0,4676.0,7199.0,4542.0,12034.0,2506.0
8397.0,31974.0,7864.0,3042.0,1843.0,2287.0,4489.0,6924.0,4472.0,11571.0,2535.0
8648.0,30622.0,7884.0,3060.0,1854.0,2335.0,4387.0,6817.0,4491.0,11383.0,2540.0
9308.0,29725.0,8189.0,3229.0,1936.0,2428.0,4346.0,6806.0,4721.0,11395.0,2537.0
10243.0,30021.0,9029.0,3600.0,2207.0,2638.0,4401.0,7015.0,5276.0,11764.0,2585.0
11008.0,31827.0,9584.0,4044.0,2470.0,2794.0,4629.0,7717.0,5883.0,12999.0,2707.0
11388.0,36632.0,10044.0,4322.0,2556.0,2955.0,5039.0,8777.0,6258.0,14948.0,2854.0
11014.0,41426.0,10205.0,4390.0,2524.0,2978.0,5318.0,9551.0,6213.0,16179.0,2917.0
10930.0,45225.0,9961.0,4512.0,2468.0,3068.0,5609.0,9743.0,6315.0,16363.0,3098.0
10759.0,48863.0,9760.0,4541.0,2400.0,3039.0,5784.0,9812.0,6247.0,16247.0,3135.0
10741.0,48183.0,9614.0,4429.0,2356.0,3004.0,5768.0,9695.0,6155.0,15842.0,3149.0
10701.0,47281.0,9621.0,4407.0,2356.0,2999.0,5726.0,9465.0,6074.0,15344.0,3145.0
10637.0,46579.0,9584.0,4336.0,2303.0,2955.0,5704.0,9264.0,5962.0,15024.0,3125.0
10669.0,46386.0,9717.0,4350.0,2344.0,2913.0,5646.0,9149.0,5972.0,14817.0,3105.0
10997.0,45443.0,9994.0,4297.0,2458.0,2848.0,5581.0,8901.0,5945.0,14453.0,2995.0
11365.0,43714.0,10582.0,4366.0,2606.0,2808.0,5610.0,8992.0,6051.0,14759.0,2957.0
12342.0,44715.0,11282.0,4670.0,2767.0,3025.0,5688.0,9310.0,6480.0,15464.0,3048.0
12558.0,48506.0,11185.0,4806.0,2780.0,3010.0,6231.0,9939.0,6535.0,16557.0,3074.0
12095.0,53066.0,10768.0,4738.0,2690.0,2919.0,6621.0,10398.0,6358.0,17363.0,3022.0
11699.0,52882.0,10291.0,4586.0,2566.0,2793.0,6541.0,10258.0,6409.0,17219.0,2991.0
11150.0,50411.0,9228.0,4314.0,2387.0,2616.0,6307.0,9880.0,6016.0,16668.0,2659.0
10313.0,47681.0,8644.0,3936.0,2213.0,2447.0,6050.0,9338.0,5520.0,15727.0,2679.0
9641.0,43774.0,8216.0,3684.0,2089.0,2306.0,5699.0,8609.0,5171.0,14569.0,2602.0
9183.0,39450.0,7935.0,3524.0,1997.0,2208.0,5285.0,7928.0,4943.0,13363.0,2588.0
8907.0,36472.0,7693.0,3381.0,1955.0,2175.0,5042.0,7322.0,4833.0,12286.0,2535.0
8805.0,33985.0,7754.0,3335.0,1928.0,2179.0,4833.0,7047.0,4791.0,11853.0,2585.0
8982.0,32359.0,7817.0,3350.0,1961.0,2227.0,4691.0,6910.0,4794.0,11686.0,2570.0
9371.0,31603.0,8151.0,3515.0,2063.0,2310.0,4659.0,6906.0,5028.0,11698.0,2585.0
9747.0,31947.0,9012.0,3915.0,2300.0,2495.0,4754.0,7156.0,5583.0,12113.0,2642.0
10212.0,34012.0,9651.0,4399.0,2570.0,2683.0,5013.0,7824.0,6296.0,13263.0,2768.0
10643.0,39103.0,10341.0,4686.0,2718.0,2835.0,5399.0,8929.0,6760.0,15131.0,2940.0
10614.0,43764.0,10552.0,4735.0,2707.0,2869.0,5670.0,9649.0,6762.0,16393.0,3053.0
10975.0,47662.0,10410.0,4760.0,2647.0,3021.0,5893.0,9851.0,6868.0,16616.0,3226.0
10775.0,51167.0,10223.0,4665.0,2580.0,3019.0,6151.0,9849.0,6688.0,16601.0,3233.0
10661.0,50410.0,10058.0,4571.0,2522.0,2992.0,6024.0,9668.0,6562.0,16138.0,3236.0
10641.0,49246.0,9985.0,4502.0,2489.0,2999.0,5918.0,9385.0,6497.0,15609.0,3291.0
10620.0,48549.0,9994.0,4398.0,2459.0,2952.0,5814.0,9181.0,6385.0,15103.0,3240.0
10648.0,48165.0,10016.0,4361.0,2454.0,2900.0,5707.0,8964.0,6277.0,14727.0,3179.0
10671.0,46942.0,10231.0,4353.0,2554.0,2822.0,5607.0,8702.0,6177.0,14237.0,3075.0
11212.0,45302.0,10868.0,4427.0,2686.0,2785.0,5599.0,8641.0,6214.0,14323.0,3038.0
12184.0,45953.0,11629.0,4698.0,2874.0,3000.0,5746.0,8862.0,6693.0,14960.0,3129.0
12516.0,49672.0,11617.0,4818.0,2896.0,3005.0,6279.0,9526.0,6825.0,16136.0,3181.0
12017.0,54009.0,11283.0,4737.0,2803.0,2929.0,6665.0,10156.0,6684.0,17130.0,3134.0
11476.0,53641.0,10867.0,4561.0,2699.0,2832.0,6591.0,10081.0,6415.0,16999.0,3061.0
10725.0,51220.0,9837.0,4285.0,2504.0,2660.0,6407.0,9788.0,6075.0,16476.0,2726.0
9820.0,48416.0,9306.0,3948.0,2303.0,2476.0,6123.0,9252.0,5536.0,15651.0,2740.0
9085.0,44462.0,8853.0,3655.0,2149.0,2374.0,5738.0,8545.0,5202.0,14497.0,2671.0
8706.0,40127.0,8576.0,3452.0,2068.0,2305.0,5307.0,7880.0,4984.0,13329.0,2624.0
8465.0,36452.0,8366.0,3431.0,2010.0,2272.0,4978.0,7335.0,4829.0,12425.0,2585.0
8324.0,33946.0,8358.0,3328.0,1989.0,2269.0,4782.0,7093.0,4729.0,12007.0,2590.0
8476.0,32468.0,8338.0,3375.0,2007.0,2317.0,4693.0,6990.0,4768.0,11837.0,2566.0
9175.0,31492.0,8684.0,3485.0,2089.0,2398.0,4606.0,6989.0,4938.0,11854.0,2568.0
10217.0,31647.0,9442.0,3788.0,2328.0,2607.0,4651.0,7181.0,5461.0,12315.0,2615.0
10934.0,33315.0,10147.0,4244.0,2592.0,2763.0,4924.0,7863.0,6104.0,13361.0,2758.0
11362.0,37980.0,10904.0,4557.0,2740.0,2913.0,5310.0,8879.0,6560.0,15195.0,2964.0
11344.0,42696.0,10936.0,4638.0,2764.0,2976.0,5607.0,9591.0,6561.0,16445.0,3026.0
11268.0,46736.0,10764.0,4686.0,2709.0,3089.0,5880.0,9851.0,6681.0,16772.0,3226.0
10999.0,50592.0,10485.0,4593.0,2643.0,3067.0,6120.0,9952.0,6525.0,16779.0,3242.0
11013.0,49933.0,10265.0,4486.0,2587.0,3025.0,6003.0,9815.0,6376.0,16324.0,3205.0
10899.0,48636.0,10109.0,4395.0,2539.0,3008.0,5824.0,9511.0,6278.0,15561.0,3217.0
10748.0,47983.0,9894.0,4307.0,2528.0,2963.0,5743.0,9328.0,6096.0,15134.0,3163.0
10776.0,47663.0,9862.0,4237.0,2539.0,2913.0,5683.0,9129.0,5984.0,14778.0,3083.0
10787.0,46699.0,10074.0,4196.0,2604.0,2811.0,5598.0,8875.0,5917.0,14365.0,2949.0
11213.0,45391.0,10653.0,4257.0,2724.0,2790.0,5538.0,8856.0,5966.0,14430.0,2931.0
12070.0,46789.0,11390.0,4481.0,2917.0,2958.0,5686.0,9109.0,6344.0,14952.0,3032.0
12146.0,50558.0,11288.0,4550.0,2924.0,2951.0,6217.0,9618.0,6427.0,15903.0,3082.0
11896.0,53736.0,11055.0,4536.0,2828.0,2874.0,6539.0,10047.0,6251.0,16705.0,3036.0
11447.0,53251.0,10560.0,4365.0,2721.0,2805.0,6493.0,9917.0,6058.0,16541.0,2982.0
10786.0,50706.0,9978.0,4241.0,2566.0,2688.0,6300.0,9532.0,5912.0,16021.0,2945.0
9926.0,48002.0,9311.0,3950.0,2397.0,2522.0,6096.0,9340.0,5478.0,15748.0,2864.0
9351.0,44449.0,8768.0,3748.0,2249.0,2384.0,5782.0,8738.0,5125.0,14750.0,2770.0
8827.0,40057.0,8450.0,3533.0,2173.0,2285.0,5391.0,8139.0,4891.0,13811.0,2727.0
8500.0,36930.0,8269.0,3427.0,2093.0,2212.0,5048.0,7587.0,4716.0,12874.0,2739.0
8337.0,34073.0,8177.0,3361.0,2082.0,2154.0,4842.0,7275.0,4642.0,12430.0,2717.0
8207.0,32213.0,8128.0,3323.0,2084.0,2150.0,4665.0,7124.0,4593.0,12166.0,2704.0
8350.0,31232.0,8181.0,3388.0,2086.0,2174.0,4642.0,7050.0,4638.0,12141.0,2688.0
8774.0,30690.0,8499.0,3499.0,2198.0,2268.0,4582.0,7107.0,4836.0,12266.0,2707.0
9153.0,30958.0,8779.0,3722.0,2340.0,2390.0,4608.0,7392.0,5151.0,12803.0,2755.0
10000.0,32664.0,9197.0,3991.0,2524.0,2663.0,4735.0,7805.0,5603.0,13590.0,2870.0
10485.0,34831.0,9512.0,4237.0,2609.0,2805.0,4921.0,8283.0,5948.0,14491.0,3005.0
10818.0,39174.0,9502.0,4349.0,2621.0,2846.0,5187.0,8778.0,6139.0,15287.0,3096.0
11012.0,42580.0,9478.0,4403.0,2614.0,2888.0,5463.0,9082.0,6263.0,15591.0,3178.0
11263.0,44624.0,9480.0,4386.0,2615.0,2941.0,5591.0,9120.0,6329.0,15443.0,3226.0
11328.0,45085.0,9437.0,4336.0,2582.0,2929.0,5579.0,8902.0,6278.0,15100.0,3226.0
11441.0,45746.0,9456.0,4316.0,2568.0,2910.0,5563.0,8781.0,6179.0,14848.0,3209.0
11340.0,45901.0,9441.0,4271.0,2566.0,2843.0,5508.0,8635.0,6028.0,14516.0,3090.0
11484.0,45289.0,9677.0,4252.0,2632.0,2924.0,5458.0,8448.0,5946.0,14233.0,3017.0
11481.0,44713.0,10212.0,4348.0,2743.0,2866.0,5410.0,8293.0,6097.0,14068.0,3011.0
11994.0,44531.0,10617.0,4510.0,2843.0,2938.0,5544.0,8507.0,6318.0,14468.0,3066.0
12226.0,47333.0,10563.0,4586.0,2843.0,2945.0,6026.0,9019.0,6408.0,15395.0,3092.0
12065.0,49916.0,10363.0,4536.0,2822.0,2884.0,6351.0,9455.0,6314.0,16274.0,3077.0
11749.0,49842.0,10065.0,4402.0,2692.0,2798.0,6339.0,9485.0,6154.0,16304.0,3057.0
11018.0,48550.0,9419.0,4211.0,2603.0,2620.0,6247.0,9244.0,5910.0,15957.0,2950.0
10332.0,46734.0,8968.0,3965.0,2452.0,2510.0,6067.0,8929.0,5577.0,15344.0,2887.0
9800.0,43669.0,8539.0,3658.0,2326.0,2380.0,5762.0,8465.0,5228.0,14564.0,2791.0
9296.0,40594.0,8299.0,3501.0,2235.0,2292.0,5580.0,8037.0,4967.0,13800.0,2773.0
9054.0,37352.0,8070.0,3387.0,2173.0,2222.0,5260.0,7543.0,4814.0,13020.0,2761.0
8885.0,34546.0,7916.0,3306.0,2148.0,2172.0,5026.0,7278.0,4735.0,12654.0,2791.0
8953.0,32752.0,7854.0,3287.0,2132.0,2129.0,4901.0,7125.0,4708.0,12394.0,2756.0
9096.0,31780.0,7988.0,3323.0,2183.0,2183.0,4809.0,7123.0,4760.0,12404.0,2754.0
9521.0,31194.0,8239.0,3453.0,2268.0,2255.0,4782.0,7193.0,4934.0,12611.0,2765.0
10021.0,31478.0,8566.0,3686.0,2387.0,2408.0,4872.0,7440.0,5196.0,13069.0,2806.0
10998.0,32590.0,9158.0,3942.0,2568.0,2681.0,4902.0,7831.0,5698.0,13948.0,2966.0
11431.0,34912.0,9478.0,4144.0,2647.0,2815.0,5105.0,8377.0,5966.0,14817.0,3066.0
11641.0,38960.0,9640.0,4274.0,2684.0,2895.0,5398.0,8811.0,6096.0,15494.0,3118.0
11769.0,41362.0,9748.0,4300.0,2662.0,2945.0,5634.0,9031.0,6139.0,15760.0,3189.0
11856.0,42622.0,9911.0,4300.0,2656.0,2942.0,5695.0,8971.0,6233.0,15454.0,3240.0
11784.0,42495.0,9978.0,4303.0,2648.0,2978.0,5707.0,8856.0,6196.0,14989.0,3238.0
11608.0,43287.0,10026.0,4259.0,2626.0,2979.0,5656.0,8805.0,6115.0,14744.0,3262.0
11395.0,43302.0,10041.0,4174.0,2624.0,2911.0,5594.0,8723.0,5980.0,14491.0,3184.0
11594.0,42586.0,10266.0,4144.0,2667.0,2974.0,5479.0,8582.0,5946.0,14113.0,3129.0
11753.0,41803.0,10734.0,4213.0,2777.0,2947.0,5426.0,8505.0,6059.0,14008.0,3087.0
12391.0,41340.0,11392.0,4443.0,2911.0,3065.0,5554.0,8754.0,6316.0,14487.0,3123.0
12769.0,44049.0,11514.0,4585.0,2906.0,3100.0,6030.0,9234.0,6513.0,15536.0,3166.0
12681.0,48022.0,11331.0,4529.0,2828.0,3044.0,6380.0,9650.0,6388.0,16387.0,3139.0
12480.0,48501.0,10935.0,4416.0,2724.0,2935.0,6356.0,9616.0,6217.0,16377.0,3061.0
11769.0,47451.0,10068.0,4142.0,2582.0,2706.0,6287.0,9367.0,5797.0,15939.0,2709.0
11042.0,45382.0,9747.0,3890.0,2419.0,2568.0,5961.0,8706.0,5418.0,14944.0,2719.0
10306.0,42563.0,9285.0,3676.0,2268.0,2447.0,5801.0,8113.0,5119.0,13936.0,2668.0
10053.0,39801.0,8901.0,3521.0,2176.0,2374.0,5499.0,7633.0,4917.0,13104.0,2644.0
9867.0,36216.0,8752.0,3443.0,2123.0,2337.0,5195.0,7171.0,4760.0,12190.0,2635.0
9868.0,33971.0,8778.0,3407.0,2106.0,2337.0,5066.0,6899.0,4745.0,11795.0,2631.0
10073.0,32528.0,8807.0,3443.0,2104.0,2374.0,4958.0,6781.0,4777.0,11667.0,2644.0
10683.0,31740.0,9130.0,3576.0,2196.0,2462.0,4909.0,6805.0,4965.0,11723.0,2647.0
11476.0,32086.0,9830.0,3832.0,2394.0,2665.0,4950.0,7028.0,5456.0,12140.0,2690.0
12342.0,33730.0,10504.0,4218.0,2632.0,2850.0,5140.0,7588.0,6068.0,13060.0,2755.0
13059.0,37003.0,11378.0,4589.0,2811.0,3062.0,5427.0,8404.0,6530.0,14445.0,2988.0
12913.0,41031.0,11506.0,4724.0,2828.0,3110.0,5719.0,9128.0,6560.0,15731.0,3059.0
12602.0,45743.0,11237.0,4800.0,2772.0,3213.0,6028.0,9577.0,6746.0,16506.0,3288.0
12202.0,49967.0,10912.0,4711.0,2718.0,3175.0,6334.0,9789.0,6608.0,16708.0,3306.0
11798.0,48832.0,10533.0,4572.0,2624.0,3128.0,6220.0,9617.0,6485.0,16368.0,3277.0
11446.0,47382.0,10395.0,4458.0,2558.0,3082.0,5984.0,9298.0,6359.0,15689.0,3268.0
11165.0,46281.0,10172.0,4335.0,2522.0,2999.0,5870.0,9037.0,6192.0,15176.0,3213.0
11121.0,45515.0,10265.0,4291.0,2535.0,2953.0,5684.0,8879.0,6164.0,14858.0,3222.0
11164.0,44214.0,10479.0,4255.0,2608.0,2889.0,5567.0,8624.0,6124.0,14374.0,3099.0
11789.0,42682.0,11106.0,4319.0,2747.0,2863.0,5511.0,8581.0,6137.0,14401.0,3031.0
13004.0,43876.0,11916.0,4622.0,2962.0,3110.0,5646.0,8814.0,6551.0,15009.0,3120.0
13309.0,47793.0,11894.0,4768.0,2987.0,3125.0,6168.0,9402.0,6689.0,16070.0,3161.0
16937.0,51217.0,12084.0,4445.0,2341.0,3563.0,7276.0,8650.0,5992.0,14764.0,2646.0
15814.0,51431.0,11587.0,4409.0,2213.0,3249.0,7206.0,8585.0,5783.0,14552.0,2600.0
14126.0,51257.0,10813.0,4209.0,2053.0,3037.0,7206.0,8364.0,5362.0,14323.0,2583.0
12550.0,49345.0,9754.0,3844.0,1906.0,2800.0,6929.0,8098.0,4887.0,13992.0,2457.0
11140.0,45355.0,8860.0,3585.0,1786.0,2570.0,6455.0,7468.0,4484.0,13016.0,2375.0
10224.0,40531.0,8315.0,3351.0,1702.0,2437.0,5863.0,6818.0,4226.0,11853.0,2315.0
9557.0,36568.0,7894.0,3162.0,1625.0,2374.0,5193.0,6320.0,4045.0,10775.0,2288.0
9195.0,33886.0,7623.0,3063.0,1636.0,2311.0,4957.0,6012.0,3986.0,10212.0,2225.0
9025.0,32091.0,7475.0,3030.0,1646.0,2354.0,4685.0,5811.0,4060.0,9833.0,2195.0
9008.0,30971.0,7643.0,3121.0,1737.0,2432.0,4546.0,5785.0,4272.0,9728.0,2195.0
9776.0,31095.0,8236.0,3355.0,1911.0,2617.0,4490.0,6074.0,4681.0,10023.0,2273.0
10971.0,32722.0,9105.0,3788.0,2089.0,2900.0,4537.0,6615.0,5324.0,10775.0,2445.0
12118.0,37725.0,10070.0,4092.0,2261.0,3155.0,4898.0,7375.0,5609.0,12124.0,2538.0
12981.0,42832.0,10380.0,4226.0,2276.0,3354.0,5389.0,7859.0,5615.0,13165.0,2585.0
13758.0,47878.0,10566.0,4236.0,2224.0,3500.0,5852.0,8238.0,5553.0,13891.0,2647.0
14502.0,49977.0,10663.0,4238.0,2198.0,3614.0,6127.0,8269.0,5592.0,13948.0,2703.0
15072.0,49945.0,10795.0,4254.0,2187.0,3718.0,6292.0,8303.0,5682.0,13965.0,2756.0
15711.0,49543.0,11073.0,4250.0,2195.0,3805.0,6452.0,8241.0,5770.0,13845.0,2773.0
16226.0,49575.0,11298.0,4224.0,2163.0,3850.0,6542.0,8188.0,5787.0,13740.0,2768.0
17022.0,49953.0,11774.0,4217.0,2198.0,3931.0,6787.0,8122.0,5880.0,13575.0,2785.0
17774.0,49885.0,12163.0,4282.0,2224.0,3942.0,6953.0,8105.0,5855.0,13439.0,2733.0
18260.0,50783.0,12432.0,4373.0,2284.0,3889.0,7249.0,8057.0,6135.0,13570.0,2675.0
18151.0,51940.0,12753.0,4433.0,2389.0,3792.0,7525.0,8225.0,6191.0,13869.0,2659.0
17776.0,51591.0,12496.0,4460.0,2364.0,3733.0,7741.0,8453.0,6140.0,14361.0,2653.0
17221.0,52669.0,12062.0,4371.0,2301.0,3539.0,7883.0,8567.0,6042.0,14712.0,2621.0
15995.0,52634.0,11531.0,4335.0,2201.0,3246.0,7705.0,8554.0,5799.0,14462.0,2566.0
14316.0,52183.0,10607.0,4204.0,2050.0,3023.0,7624.0,8380.0,5336.0,14225.0,2564.0
12655.0,50284.0,9531.0,3862.0,1893.0,2757.0,7338.0,8130.0,4849.0,14095.0,2428.0
11268.0,45916.0,8602.0,3539.0,1768.0,2533.0,6775.0,7489.0,4449.0,13105.0,2332.0
10239.0,40955.0,8059.0,3306.0,1673.0,2422.0,6162.0,6882.0,4213.0,11945.0,2240.0
9651.0,36703.0,7649.0,3140.0,1628.0,2347.0,5506.0,6292.0,4039.0,10890.0,2218.0
9322.0,34291.0,7391.0,3010.0,1603.0,2314.0,5124.0,6023.0,4002.0,10340.0,2181.0
9172.0,32189.0,7309.0,3051.0,1625.0,2347.0,4825.0,5878.0,3993.0,10023.0,2137.0
9181.0,30874.0,7463.0,3107.0,1734.0,2448.0,4670.0,5849.0,4261.0,9914.0,2187.0
9852.0,30985.0,8066.0,3346.0,1902.0,2628.0,4594.0,6132.0,4706.0,10279.0,2259.0
11101.0,32490.0,8923.0,3812.0,2082.0,2937.0,4625.0,6743.0,5323.0,11122.0,2450.0
12400.0,37327.0,9767.0,4129.0,2260.0,3181.0,4994.0,7469.0,5646.0,12506.0,2527.0
13180.0,42534.0,10048.0,4267.0,2276.0,3373.0,5471.0,7963.0,5662.0,13573.0,2585.0
13935.0,47787.0,10118.0,4255.0,2246.0,3532.0,5951.0,8334.0,5647.0,14225.0,2654.0
14625.0,50134.0,10213.0,4237.0,2201.0,3660.0,6279.0,8312.0,5675.0,14160.0,2730.0
15216.0,49980.0,10309.0,4243.0,2170.0,3759.0,6457.0,8349.0,5710.0,14003.0,2733.0
15705.0,49558.0,10560.0,4264.0,2138.0,3848.0,6635.0,8190.0,5821.0,13823.0,2786.0
16138.0,49657.0,10755.0,4203.0,2130.0,3910.0,6837.0,8126.0,5775.0,13597.0,2761.0
16852.0,50109.0,11004.0,4221.0,2156.0,3970.0,7001.0,8056.0,5881.0,13396.0,2779.0
17411.0,49937.0,11167.0,4261.0,2192.0,3955.0,7198.0,7968.0,5881.0,13181.0,2704.0
17823.0,50822.0,11330.0,4325.0,2257.0,3912.0,7489.0,8023.0,6004.0,13362.0,2637.0
17664.0,52073.0,11543.0,4387.0,2351.0,3791.0,7832.0,8119.0,6019.0,13635.0,2606.0
17180.0,51761.0,11332.0,4392.0,2328.0,3738.0,7950.0,8351.0,5910.0,14114.0,2596.0
16632.0,52975.0,10988.0,4314.0,2276.0,3549.0,8030.0,8462.0,5779.0,14399.0,2583.0
15530.0,53113.0,10745.0,4272.0,2198.0,3257.0,7863.0,8432.0,5594.0,14295.0,2515.0
14055.0,52728.0,10105.0,4142.0,2036.0,3016.0,7802.0,8301.0,5201.0,14056.0,2518.0
12482.0,50845.0,9137.0,3844.0,1895.0,2761.0,7533.0,8020.0,4794.0,13922.0,2368.0
11087.0,46356.0,8328.0,3546.0,1749.0,2549.0,6941.0,7471.0,4453.0,12972.0,2287.0
10115.0,41174.0,7813.0,3312.0,1665.0,2424.0,6300.0,6845.0,4224.0,11825.0,2213.0
9423.0,37063.0,7440.0,3166.0,1625.0,2344.0,5611.0,6331.0,4062.0,10780.0,2181.0
9049.0,34378.0,7224.0,3090.0,1608.0,2316.0,5222.0,6011.0,4012.0,10183.0,2151.0
8935.0,32364.0,7163.0,3079.0,1655.0,2343.0,4941.0,5889.0,4079.0,9896.0,2115.0
8982.0,31085.0,7362.0,3166.0,1748.0,2418.0,4757.0,5856.0,4288.0,9803.0,2171.0
9645.0,31148.0,8022.0,3424.0,1918.0,2636.0,4692.0,6126.0,4791.0,10063.0,2254.0
10867.0,32725.0,8775.0,3878.0,2105.0,2892.0,4642.0,6718.0,5421.0,11016.0,2445.0
12153.0,37513.0,9656.0,4178.0,2266.0,3151.0,4993.0,7447.0,5750.0,12278.0,2545.0
13159.0,42883.0,9834.0,4302.0,2294.0,3343.0,5549.0,7919.0,5729.0,13177.0,2607.0
14016.0,48141.0,9837.0,4291.0,2231.0,3476.0,6156.0,8277.0,5686.0,13775.0,2671.0
14715.0,50648.0,9751.0,4252.0,2160.0,3602.0,6488.0,8280.0,5669.0,13623.0,2711.0
15321.0,50760.0,9775.0,4229.0,2149.0,3700.0,6780.0,8236.0,5694.0,13557.0,2738.0
15952.0,50236.0,9869.0,4232.0,2123.0,3787.0,7026.0,8225.0,5744.0,13460.0,2763.0
16592.0,50267.0,9864.0,4177.0,2105.0,3824.0,7278.0,8164.0,5640.0,13339.0,2707.0
17490.0,51043.0,10211.0,4171.0,2143.0,3910.0,7558.0,8084.0,5613.0,13139.0,2713.0
18103.0,51197.0,10395.0,4242.0,2181.0,3913.0,7800.0,7970.0,5805.0,13039.0,2727.0
18569.0,52415.0,10576.0,4306.0,2266.0,3864.0,8141.0,8143.0,5999.0,13294.0,2629.0
18519.0,53777.0,10895.0,4367.0,2331.0,3781.0,8438.0,8252.0,6014.0,13510.0,2619.0
17996.0,53612.0,10843.0,4407.0,2344.0,3697.0,8694.0,8442.0,5969.0,13926.0,2603.0
17307.0,54739.0,10665.0,4333.0,2298.0,3513.0,8747.0,8560.0,5918.0,14316.0,2571.0
16122.0,54469.0,10391.0,4261.0,2180.0,3244.0,8531.0,8540.0,5703.0,14185.0,2514.0
14419.0,53756.0,9741.0,4161.0,2037.0,2994.0,8370.0,8389.0,5320.0,13920.0,2498.0
12794.0,51742.0,8883.0,3855.0,1895.0,2744.0,8097.0,8105.0,4869.0,13771.0,2388.0
11508.0,47147.0,8096.0,3544.0,1765.0,2548.0,7342.0,7505.0,4445.0,12841.0,2285.0
10527.0,42045.0,7624.0,3327.0,1673.0,2398.0,6605.0,6852.0,4215.0,11647.0,2193.0
9792.0,37762.0,7288.0,3141.0,1610.0,2342.0,5947.0,6328.0,4065.0,10663.0,2176.0
9366.0,34963.0,7090.0,3068.0,1602.0,2307.0,5414.0,6017.0,4001.0,10076.0,2135.0
9230.0,32826.0,7009.0,3052.0,1628.0,2322.0,5089.0,5834.0,4087.0,9762.0,2097.0
9250.0,31547.0,7194.0,3119.0,1702.0,2405.0,4886.0,5837.0,4269.0,9642.0,2133.0
9951.0,31352.0,7795.0,3302.0,1884.0,2584.0,4783.0,6016.0,4681.0,9896.0,2221.0
11338.0,32902.0,8585.0,3773.0,2050.0,2864.0,4733.0,6528.0,5357.0,10626.0,2430.0
12571.0,37525.0,9498.0,4108.0,2210.0,3104.0,5050.0,7267.0,5631.0,11988.0,2520.0
13770.0,42967.0,9672.0,4210.0,2227.0,3294.0,5678.0,7834.0,5620.0,13040.0,2575.0
14619.0,48022.0,9643.0,4188.0,2180.0,3446.0,6399.0,8202.0,5614.0,13793.0,2645.0
15430.0,50625.0,9686.0,4204.0,2147.0,3567.0,6852.0,8244.0,5640.0,13753.0,2683.0
16264.0,50904.0,9735.0,4221.0,2119.0,3685.0,7165.0,8266.0,5666.0,13767.0,2739.0
16840.0,50284.0,9917.0,4242.0,2116.0,3743.0,7445.0,8181.0,5749.0,13610.0,2750.0
17490.0,50325.0,9959.0,4221.0,2085.0,3761.0,7713.0,8141.0,5697.0,13462.0,2679.0
18370.0,50932.0,10281.0,4220.0,2138.0,3823.0,7981.0,8000.0,5838.0,13295.0,2726.0
18974.0,50882.0,10414.0,4248.0,2156.0,3829.0,8285.0,7902.0,5914.0,13114.0,2661.0
19310.0,51977.0,10752.0,4327.0,2210.0,3794.0,8539.0,7951.0,6106.0,13227.0,2613.0
19293.0,53120.0,11033.0,4340.0,2287.0,3668.0,8831.0,8030.0,6112.0,13444.0,2553.0
18592.0,52719.0,10935.0,4333.0,2277.0,3596.0,8907.0,8190.0,6021.0,13775.0,2565.0
17861.0,53853.0,10559.0,4259.0,2231.0,3428.0,8885.0,8346.0,5904.0,14132.0,2506.0
16624.0,53590.0,10327.0,4222.0,2138.0,3207.0,8553.0,8285.0,5643.0,13968.0,2475.0
15223.0,52681.0,9641.0,4141.0,2059.0,3102.0,8367.0,8094.0,5382.0,13700.0,2468.0
13745.0,50400.0,8798.0,3894.0,1928.0,2842.0,8072.0,7828.0,4946.0,13563.0,2363.0
12411.0,46232.0,8190.0,3578.0,1785.0,2611.0,7404.0,7329.0,4534.0,12760.0,2370.0
11237.0,41785.0,7687.0,3304.0,1681.0,2462.0,6685.0,6763.0,4308.0,11761.0,2312.0
10426.0,38143.0,7406.0,3138.0,1644.0,2369.0,6087.0,6216.0,4128.0,10691.0,2271.0
9770.0,35058.0,7157.0,3031.0,1625.0,2298.0,5671.0,5868.0,4003.0,10137.0,2230.0
9331.0,32722.0,6956.0,2983.0,1597.0,2293.0,5315.0,5674.0,3954.0,9708.0,2193.0
9052.0,31282.0,6935.0,2989.0,1625.0,2300.0,5086.0,5593.0,3924.0,9545.0,2209.0
9279.0,30480.0,7157.0,3060.0,1702.0,2424.0,4870.0,5597.0,4058.0,9505.0,2256.0
10196.0,30398.0,7622.0,3268.0,1828.0,2775.0,4750.0,5731.0,4443.0,9683.0,2356.0
11467.0,32980.0,8141.0,3585.0,1921.0,3031.0,4690.0,6097.0,4887.0,10260.0,2548.0
12655.0,37412.0,8581.0,3784.0,1979.0,3235.0,5135.0,6940.0,5100.0,11617.0,2588.0
13928.0,40016.0,8945.0,3887.0,2000.0,3441.0,5567.0,7265.0,5248.0,12274.0,2668.0
15000.0,41915.0,9151.0,3973.0,2016.0,3637.0,6115.0,7466.0,5368.0,12658.0,2703.0
15957.0,43651.0,9471.0,4024.0,2063.0,3745.0,6547.0,7567.0,5498.0,12887.0,2741.0
16782.0,44724.0,9661.0,4095.0,2074.0,3873.0,6877.0,7624.0,5649.0,12961.0,2769.0
17375.0,45987.0,9716.0,4120.0,2089.0,3913.0,7309.0,7667.0,5715.0,13023.0,2761.0
18140.0,47119.0,9843.0,4153.0,2094.0,3978.0,7500.0,7687.0,5785.0,12982.0,2776.0
18698.0,47849.0,10068.0,4165.0,2105.0,3911.0,7838.0,7723.0,5823.0,13010.0,2688.0
18775.0,48666.0,10206.0,4129.0,2124.0,3691.0,8021.0,7697.0,5773.0,12855.0,2446.0
18660.0,47970.0,10589.0,4144.0,2160.0,3587.0,8177.0,7504.0,5772.0,12623.0,2513.0
17942.0,47950.0,10619.0,4121.0,2173.0,3525.0,8305.0,7634.0,5698.0,12982.0,2550.0
17394.0,47678.0,10446.0,4071.0,2173.0,3459.0,8226.0,7704.0,5608.0,13147.0,2508.0
16226.0,47895.0,10229.0,4049.0,2123.0,3221.0,7946.0,7719.0,5499.0,13039.0,2498.0
14875.0,48089.0,9535.0,3995.0,2041.0,3114.0,7849.0,7662.0,5269.0,13039.0,2425.0
13453.0,47226.0,8742.0,3777.0,1905.0,2851.0,7629.0,7522.0,4870.0,13004.0,2331.0
12053.0,44346.0,8204.0,3486.0,1768.0,2637.0,7104.0,7058.0,4467.0,12377.0,2321.0
10947.0,40673.0,7697.0,3252.0,1675.0,2437.0,6661.0,6599.0,4233.0,11575.0,2275.0
10145.0,37232.0,7422.0,3082.0,1630.0,2328.0,6004.0,6107.0,4027.0,10591.0,2248.0
9494.0,34190.0,7132.0,2978.0,1614.0,2244.0,5555.0,5747.0,3840.0,9939.0,2203.0
9074.0,31914.0,6955.0,2943.0,1597.0,2232.0,5220.0,5525.0,3831.0,9611.0,2189.0
8699.0,30611.0,6916.0,2930.0,1608.0,2242.0,4930.0,5472.0,3832.0,9437.0,2186.0
8930.0,29729.0,7039.0,2960.0,1690.0,2352.0,4770.0,5462.0,3949.0,9385.0,2239.0
9867.0,29483.0,7479.0,3148.0,1809.0,2694.0,4581.0,5544.0,4379.0,9512.0,2333.0
11214.0,31665.0,7943.0,3453.0,1919.0,2953.0,4533.0,5920.0,4745.0,10017.0,2526.0
12364.0,36030.0,8372.0,3644.0,1961.0,3177.0,4870.0,6695.0,4883.0,11377.0,2533.0
13789.0,38341.0,8834.0,3778.0,2024.0,3388.0,5290.0,7075.0,5073.0,12015.0,2629.0
14974.0,40102.0,9147.0,3876.0,2026.0,3582.0,5695.0,7239.0,5215.0,12395.0,2651.0
15970.0,42071.0,9604.0,3957.0,2071.0,3760.0,6159.0,7445.0,5383.0,12699.0,2707.0
16906.0,43384.0,10019.0,4017.0,2097.0,3865.0,6557.0,7554.0,5483.0,12806.0,2748.0
17780.0,44906.0,10287.0,4048.0,2104.0,3989.0,6919.0,7640.0,5548.0,12949.0,2775.0
18413.0,46197.0,10511.0,4107.0,2132.0,4035.0,7276.0,7671.0,5624.0,13017.0,2808.0
19110.0,47321.0,10737.0,4149.0,2149.0,3995.0,7509.0,7759.0,5743.0,13137.0,2790.0
19329.0,48390.0,10882.0,4153.0,2241.0,3774.0,7771.0,7792.0,5778.0,13135.0,2550.0
19074.0,48107.0,11308.0,4234.0,2261.0,3690.0,8076.0,7705.0,5861.0,12982.0,2629.0
18298.0,48626.0,11347.0,4223.0,2250.0,3613.0,8310.0,7875.0,5790.0,13417.0,2629.0
17706.0,48840.0,11167.0,4146.0,2257.0,3517.0,8295.0,7972.0,5661.0,13651.0,2615.0
16545.0,48931.0,10982.0,4130.0,2210.0,3273.0,8032.0,7996.0,5525.0,13697.0,2598.0
14862.0,49244.0,10220.0,4037.0,2048.0,3029.0,7941.0,7862.0,5173.0,13574.0,2506.0
13300.0,48200.0,9311.0,3750.0,1895.0,2769.0,7667.0,7675.0,4795.0,13469.0,2427.0
11760.0,44707.0,8415.0,3402.0,1760.0,2574.0,7165.0,7161.0,4372.0,12611.0,2308.0
10812.0,40500.0,7850.0,3210.0,1666.0,2426.0,6520.0,6658.0,4137.0,11601.0,2248.0
10022.0,36204.0,7474.0,3068.0,1619.0,2358.0,5946.0,6187.0,4002.0,10556.0,2206.0
9425.0,33531.0,7228.0,2978.0,1614.0,2344.0,5529.0,5913.0,3935.0,10054.0,2164.0
9271.0,31598.0,7214.0,2927.0,1640.0,2366.0,5166.0,5755.0,3989.0,9698.0,2159.0
9304.0,30403.0,7402.0,3031.0,1722.0,2452.0,4949.0,5779.0,4177.0,9623.0,2184.0
9991.0,30495.0,7973.0,3274.0,1884.0,2686.0,4847.0,6012.0,4619.0,9920.0,2231.0
11365.0,32214.0,8711.0,3709.0,2075.0,2982.0,4751.0,6603.0,5271.0,10673.0,2441.0
12678.0,37143.0,9650.0,4058.0,2239.0,3251.0,5064.0,7338.0,5594.0,11968.0,2506.0
13814.0,42556.0,10014.0,4243.0,2262.0,3479.0,5631.0,7870.0,5689.0,13051.0,2577.0
14810.0,48349.0,10163.0,4280.0,2230.0,3647.0,6339.0,8250.0,5732.0,13820.0,2646.0
15569.0,50890.0,10307.0,4309.0,2201.0,3766.0,6781.0,8340.0,5821.0,13897.0,2721.0
16238.0,51467.0,10498.0,4331.0,2239.0,3895.0,7111.0,8406.0,5889.0,13903.0,2766.0
16880.0,51639.0,10802.0,4377.0,2224.0,3965.0,7513.0,8399.0,5916.0,13811.0,2784.0
17727.0,52204.0,11052.0,4377.0,2206.0,4009.0,7745.0,8347.0,5868.0,13792.0,2750.0
18581.0,52894.0,11428.0,4387.0,2250.0,4074.0,8043.0,8210.0,5948.0,13634.0,2789.0
19160.0,53512.0,11681.0,4463.0,2292.0,4069.0,8391.0,8165.0,6069.0,13444.0,2755.0
19707.0,55089.0,11907.0,4548.0,2324.0,4047.0,8691.0,8258.0,6217.0,13682.0,2679.0
19847.0,56481.0,12076.0,4604.0,2387.0,3944.0,8968.0,8333.0,6300.0,13848.0,2657.0
19239.0,56564.0,11959.0,4625.0,2368.0,3871.0,9190.0,8506.0,6189.0,14319.0,2644.0
13955.0,57458.0,13018.0,5030.0,2844.0,3460.0,7069.0,10456.0,7260.0,17925.0,2929.0
13404.0,57281.0,12432.0,4854.0,2736.0,3314.0,7056.0,10329.0,7034.0,17764.0,2878.0
12575.0,55152.0,11551.0,4615.0,2561.0,3142.0,6901.0,9940.0,6596.0,17154.0,2738.0
11653.0,52558.0,10655.0,4293.0,2335.0,2900.0,6693.0,9401.0,6082.0,16248.0,2650.0
11163.0,48156.0,9901.0,3986.0,2173.0,2737.0,6313.0,8765.0,5620.0,15158.0,2540.0
10697.0,43318.0,9523.0,3757.0,2085.0,2638.0,5992.0,8002.0,5337.0,13848.0,2489.0
10371.0,38814.0,9610.0,3644.0,2019.0,2553.0,5579.0,7354.0,5189.0,12677.0,2604.0
10211.0,36100.0,9399.0,3581.0,1995.0,2501.0,5377.0,7006.0,5108.0,12121.0,2582.0
10417.0,34288.0,9418.0,3621.0,2011.0,2522.0,5283.0,6854.0,5120.0,11854.0,2544.0
11045.0,33335.0,9688.0,3762.0,2092.0,2609.0,5254.0,6843.0,5341.0,11773.0,2563.0
11507.0,33661.0,10325.0,4119.0,2297.0,2787.0,5311.0,7019.0,5890.0,12115.0,2576.0
12340.0,35716.0,11139.0,4590.0,2587.0,3018.0,5498.0,7638.0,6542.0,13081.0,2654.0
12952.0,40531.0,12117.0,4950.0,2692.0,3280.0,5903.0,8459.0,7189.0,14576.0,2843.0
13331.0,45417.0,12286.0,5080.0,2715.0,3387.0,6227.0,9175.0,7295.0,15754.0,2931.0
12951.0,49709.0,11994.0,5058.0,2670.0,3408.0,6578.0,9614.0,7337.0,16558.0,3077.0
12560.0,51847.0,11517.0,4956.0,2577.0,3424.0,6804.0,9919.0,7242.0,16989.0,3149.0
12192.0,50303.0,11214.0,4809.0,2539.0,3349.0,6664.0,9801.0,7109.0,16745.0,3121.0
12006.0,49000.0,11059.0,4676.0,2505.0,3310.0,6435.0,9625.0,6924.0,16408.0,3081.0
11795.0,47879.0,10934.0,4537.0,2478.0,3213.0,6235.0,9494.0,6693.0,16170.0,3005.0
11737.0,47001.0,11034.0,4474.0,2507.0,3202.0,6043.0,9320.0,6616.0,15838.0,2951.0
12153.0,45139.0,11486.0,4497.0,2640.0,3162.0,5877.0,9015.0,6686.0,15392.0,2808.0
13106.0,45316.0,12541.0,4770.0,2824.0,3408.0,5863.0,9063.0,7097.0,15555.0,2870.0
14055.0,47782.0,13100.0,5053.0,2922.0,3550.0,6286.0,9587.0,7439.0,16534.0,2987.0
14076.0,54391.0,13153.0,5098.0,2905.0,3540.0,6904.0,10169.0,7437.0,17516.0,2995.0
13747.0,57507.0,12839.0,4970.0,2816.0,3441.0,7123.0,10374.0,7218.0,17911.0,2921.0
13263.0,57180.0,12462.0,4820.0,2692.0,3346.0,7149.0,10218.0,6988.0,17691.0,2887.0
12490.0,54912.0,11569.0,4577.0,2539.0,3181.0,6974.0,9863.0,6617.0,17030.0,2770.0
11654.0,52843.0,10711.0,4236.0,2292.0,2968.0,6773.0,9342.0,6050.0,16296.0,2646.0
11287.0,48769.0,9986.0,3913.0,2147.0,2779.0,6476.0,8713.0,5606.0,15202.0,2550.0
10795.0,43814.0,9628.0,3703.0,2061.0,2673.0,6062.0,7979.0,5337.0,13958.0,2529.0
10638.0,39113.0,9615.0,3541.0,1989.0,2600.0,5686.0,7344.0,5146.0,12874.0,2594.0
10620.0,36358.0,9475.0,3479.0,1961.0,2541.0,5467.0,6989.0,5063.0,12310.0,2550.0
10881.0,34794.0,9430.0,3503.0,1970.0,2559.0,5410.0,6827.0,5058.0,12067.0,2529.0
11560.0,33700.0,9702.0,3640.0,2057.0,2653.0,5327.0,6805.0,5287.0,12028.0,2537.0
12126.0,34257.0,10431.0,3967.0,2300.0,2805.0,5379.0,7028.0,5835.0,12424.0,2573.0
13150.0,36504.0,11153.0,4430.0,2563.0,3027.0,5616.0,7646.0,6438.0,13578.0,2637.0
13640.0,41224.0,12075.0,4815.0,2727.0,3282.0,6024.0,8478.0,7063.0,15065.0,2808.0
13845.0,45907.0,12111.0,4947.0,2759.0,3349.0,6296.0,9233.0,7178.0,16438.0,2924.0
13306.0,49977.0,11864.0,4979.0,2715.0,3357.0,6691.0,9763.0,7302.0,17260.0,3088.0
12789.0,51799.0,11494.0,4913.0,2640.0,3369.0,6825.0,10037.0,7239.0,17570.0,3154.0
12379.0,49916.0,11238.0,4803.0,2592.0,3296.0,6687.0,9938.0,7060.0,17120.0,3141.0
12116.0,48485.0,11175.0,4709.0,2563.0,3242.0,6404.0,9718.0,6879.0,16524.0,3121.0
11834.0,47345.0,11133.0,4585.0,2535.0,3141.0,6167.0,9461.0,6648.0,15986.0,3003.0
11854.0,46386.0,11315.0,4540.0,2574.0,3130.0,5960.0,9227.0,6595.0,15613.0,2965.0
12109.0,44537.0,11856.0,4582.0,2699.0,3093.0,5781.0,8963.0,6660.0,15132.0,2821.0
12880.0,44799.0,12898.0,4879.0,2906.0,3310.0,5820.0,8992.0,7125.0,15290.0,2909.0
13945.0,47225.0,13398.0,5154.0,3026.0,3481.0,6247.0,9608.0,7486.0,16578.0,3011.0
14032.0,53776.0,13361.0,5208.0,2985.0,3456.0,6910.0,10347.0,7447.0,17819.0,3015.0
13714.0,56801.0,12910.0,5120.0,2898.0,3375.0,7148.0,10590.0,7282.0,18297.0,2962.0
13286.0,56318.0,12454.0,4949.0,2769.0,3267.0,7186.0,10506.0,7078.0,18224.0,2936.0
12470.0,54260.0,11605.0,4692.0,2603.0,3116.0,7036.0,10207.0,6725.0,17711.0,2808.0
11692.0,51797.0,10707.0,4401.0,2395.0,2893.0,6826.0,9703.0,6188.0,16893.0,2722.0
11467.0,47882.0,10071.0,4113.0,2261.0,2743.0,6461.0,9064.0,5723.0,15883.0,2627.0
11039.0,43118.0,9695.0,3903.0,2187.0,2633.0,6067.0,8321.0,5457.0,14630.0,2602.0
10889.0,38804.0,9686.0,3808.0,2126.0,2568.0,5691.0,7705.0,5335.0,13598.0,2659.0
10723.0,36173.0,9449.0,3784.0,2106.0,2507.0,5518.0,7419.0,5262.0,13120.0,2665.0
11024.0,34292.0,9486.0,3794.0,2123.0,2542.0,5391.0,7286.0,5275.0,12948.0,2636.0
11695.0,33406.0,9769.0,3952.0,2190.0,2611.0,5322.0,7283.0,5487.0,12929.0,2619.0
12205.0,33794.0,10320.0,4302.0,2424.0,2793.0,5387.0,7492.0,5999.0,13306.0,2639.0
13147.0,35832.0,11051.0,4747.0,2685.0,3021.0,5591.0,8115.0,6639.0,14371.0,2720.0
13831.0,40428.0,12216.0,5165.0,2878.0,3275.0,6061.0,8971.0,7346.0,15853.0,2955.0
14053.0,44895.0,12654.0,5327.0,2896.0,3361.0,6363.0,9774.0,7470.0,17235.0,3054.0
13627.0,49265.0,12597.0,5291.0,2856.0,3392.0,6774.0,10290.0,7443.0,18180.0,3169.0
13201.0,51201.0,12338.0,5191.0,2756.0,3402.0,6948.0,10508.0,7281.0,18491.0,3230.0
12811.0,49573.0,12190.0,4987.0,2659.0,3340.0,6861.0,10335.0,7077.0,18100.0,3191.0
12508.0,48144.0,12065.0,4833.0,2603.0,3331.0,6591.0,9976.0,6879.0,17432.0,3154.0
12228.0,46937.0,12002.0,4627.0,2554.0,3280.0,6339.0,9713.0,6651.0,16848.0,3051.0
12196.0,46231.0,12085.0,4537.0,2603.0,3280.0,6190.0,9444.0,6629.0,16312.0,2982.0
12484.0,44479.0,12481.0,4561.0,2729.0,3272.0,6064.0,9121.0,6633.0,15784.0,2849.0
13436.0,44710.0,13469.0,4909.0,2936.0,3470.0,6071.0,9197.0,7107.0,15964.0,2934.0
14652.0,47131.0,14031.0,5197.0,3062.0,3666.0,6500.0,9874.0,7552.0,17233.0,3026.0
14784.0,53798.0,14005.0,5272.0,3071.0,3649.0,7136.0,10563.0,7532.0,18472.0,3035.0
14526.0,56802.0,13620.0,5197.0,2972.0,3556.0,7368.0,10808.0,7370.0,18924.0,2995.0
14551.0,56717.0,13074.0,5073.0,2880.0,3466.0,7409.0,10681.0,7119.0,18715.0,2937.0
13805.0,54643.0,12232.0,4853.0,2690.0,3333.0,7285.0,10366.0,6842.0,18182.0,2817.0
13045.0,52826.0,11400.0,4542.0,2494.0,3111.0,7091.0,9910.0,6333.0,17364.0,2704.0
12365.0,49158.0,10787.0,4255.0,2301.0,2916.0,6819.0,9297.0,5924.0,16294.0,2594.0
11899.0,44666.0,10522.0,4033.0,2207.0,2787.0,6386.0,8555.0,5648.0,15023.0,2531.0
11663.0,40367.0,10517.0,3908.0,2180.0,2704.0,5984.0,7860.0,5436.0,13736.0,2631.0
11580.0,37614.0,10384.0,3866.0,2134.0,2632.0,5714.0,7524.0,5423.0,13126.0,2622.0
11724.0,35943.0,10260.0,3882.0,2130.0,2646.0,5583.0,7346.0,5458.0,12741.0,2592.0
12208.0,34849.0,10420.0,4004.0,2219.0,2737.0,5503.0,7256.0,5598.0,12633.0,2571.0
12550.0,34848.0,10924.0,4259.0,2397.0,2895.0,5610.0,7384.0,6020.0,12887.0,2551.0
13456.0,36825.0,11655.0,4654.0,2634.0,3144.0,5735.0,7821.0,6643.0,13653.0,2637.0
14212.0,40712.0,12642.0,5068.0,2844.0,3417.0,6078.0,8530.0,7302.0,14888.0,2853.0
14380.0,44844.0,12795.0,5251.0,2865.0,3528.0,6397.0,9234.0,7402.0,16062.0,2950.0
13876.0,49468.0,12438.0,5261.0,2829.0,3575.0,6722.0,9817.0,7395.0,17024.0,3070.0
13286.0,51136.0,11963.0,5166.0,2755.0,3566.0,6889.0,10107.0,7225.0,17463.0,3123.0
12738.0,49477.0,11465.0,4986.0,2647.0,3456.0,6756.0,9992.0,6932.0,17172.0,3087.0
12275.0,47488.0,11163.0,4768.0,2566.0,3391.0,6441.0,9683.0,6652.0,16641.0,3024.0
11953.0,45792.0,11080.0,4529.0,2515.0,3303.0,6255.0,9276.0,6425.0,15980.0,2929.0
11867.0,44262.0,11073.0,4452.0,2515.0,3242.0,5999.0,8967.0,6321.0,15437.0,2843.0
12227.0,42418.0,11629.0,4467.0,2652.0,3189.0,5791.0,8554.0,6304.0,14795.0,2719.0
13091.0,42736.0,12763.0,4771.0,2843.0,3430.0,5816.0,8610.0,6801.0,14989.0,2787.0
14268.0,45481.0,13297.0,5074.0,2962.0,3605.0,6255.0,9227.0,7265.0,16012.0,2917.0
14354.0,52468.0,13331.0,5142.0,2934.0,3586.0,6915.0,9868.0,7270.0,16984.0,2910.0
14094.0,55498.0,12977.0,5074.0,2847.0,3519.0,7149.0,10076.0,7125.0,17241.0,2888.0
14267.0,55084.0,12484.0,4929.0,2746.0,3448.0,7192.0,9926.0,6926.0,16984.0,2814.0
13656.0,53161.0,11846.0,4726.0,2624.0,3336.0,7085.0,9654.0,6626.0,16458.0,2776.0
13037.0,51111.0,10886.0,4437.0,2407.0,3141.0,6925.0,9250.0,6119.0,15791.0,2671.0
12488.0,47908.0,10146.0,4152.0,2188.0,2951.0,6687.0,8685.0,5661.0,14782.0,2565.0
11955.0,43907.0,9849.0,3912.0,2121.0,2850.0,6345.0,7977.0,5387.0,13615.0,2510.0
11780.0,39823.0,9668.0,3795.0,2031.0,2770.0,5949.0,7246.0,5222.0,12454.0,2529.0
11613.0,36963.0,9491.0,3735.0,2014.0,2672.0,5704.0,6887.0,5139.0,11810.0,2488.0
11656.0,34818.0,9331.0,3679.0,1979.0,2675.0,5616.0,6648.0,5062.0,11432.0,2452.0
11903.0,33827.0,9367.0,3697.0,2004.0,2685.0,5546.0,6552.0,5131.0,11234.0,2439.0
11781.0,33451.0,9611.0,3849.0,2056.0,2791.0,5520.0,6547.0,5363.0,11242.0,2445.0
12481.0,33610.0,10142.0,4074.0,2201.0,2985.0,5544.0,6747.0,5743.0,11506.0,2480.0
13172.0,35281.0,10905.0,4402.0,2332.0,3210.0,5618.0,7148.0,6312.0,12158.0,2665.0
13521.0,37209.0,11126.0,4620.0,2432.0,3283.0,5735.0,7674.0,6555.0,13112.0,2748.0
13281.0,39870.0,11293.0,4789.0,2474.0,3323.0,6040.0,8188.0,6848.0,14068.0,2966.0
12934.0,42830.0,11118.0,4875.0,2480.0,3335.0,6290.0,8620.0,6917.0,14826.0,3092.0
12630.0,44200.0,11139.0,4805.0,2475.0,3308.0,6370.0,8752.0,6779.0,15091.0,3127.0
12359.0,43587.0,11024.0,4707.0,2466.0,3283.0,6161.0,8600.0,6607.0,14906.0,3101.0
12183.0,43864.0,10950.0,4533.0,2445.0,3265.0,6044.0,8560.0,6426.0,14797.0,2962.0
12113.0,43407.0,11002.0,4460.0,2452.0,3209.0,5851.0,8406.0,6280.0,14541.0,2918.0
12236.0,43035.0,11223.0,4405.0,2489.0,3116.0,5800.0,8251.0,6136.0,14228.0,2716.0
12805.0,41728.0,12020.0,4578.0,2614.0,3310.0,5770.0,8205.0,6483.0,14124.0,2755.0
13396.0,43653.0,12176.0,4684.0,2644.0,3383.0,6105.0,8603.0,6636.0,14869.0,2782.0
13345.0,49063.0,12157.0,4660.0,2587.0,3386.0,6636.0,9020.0,6607.0,15524.0,2748.0
13210.0,49552.0,11956.0,4623.0,2531.0,3333.0,6620.0,8973.0,6462.0,15449.0,2716.0
13354.0,49228.0,11704.0,4534.0,2477.0,3298.0,6624.0,8857.0,6391.0,15239.0,2716.0
12975.0,48202.0,11182.0,4414.0,2410.0,3167.0,6632.0,8667.0,6222.0,14935.0,2627.0
12511.0,47119.0,10450.0,4204.0,2281.0,3029.0,6472.0,8428.0,5759.0,14557.0,2526.0
11765.0,45066.0,9879.0,3935.0,2123.0,2859.0,6372.0,8020.0,5403.0,13887.0,2455.0
11228.0,42308.0,9527.0,3738.0,2011.0,2748.0,6075.0,7525.0,5166.0,13047.0,2425.0
10997.0,38791.0,9325.0,3605.0,1974.0,2698.0,5691.0,6928.0,4959.0,12021.0,2404.0
10874.0,36124.0,9113.0,3541.0,1941.0,2599.0,5547.0,6596.0,4836.0,11452.0,2399.0
10805.0,33803.0,8986.0,3509.0,1906.0,2579.0,5345.0,6365.0,4841.0,11020.0,2387.0
11139.0,32470.0,9064.0,3528.0,1936.0,2584.0,5299.0,6260.0,4897.0,10855.0,2357.0
11654.0,31505.0,9270.0,3660.0,1994.0,2675.0,5265.0,6267.0,5045.0,10839.0,2335.0
12375.0,31917.0,9619.0,3899.0,2131.0,2877.0,5322.0,6441.0,5453.0,11196.0,2395.0
12960.0,33074.0,10235.0,4206.0,2283.0,3110.0,5506.0,6849.0,6023.0,11833.0,2542.0
12738.0,35083.0,10465.0,4357.0,2319.0,3147.0,5640.0,7396.0,6172.0,12788.0,2665.0
12466.0,37695.0,10505.0,4465.0,2346.0,3178.0,5803.0,7839.0,6391.0,13678.0,2856.0
12136.0,40302.0,10470.0,4529.0,2344.0,3191.0,6043.0,8170.0,6428.0,14213.0,2966.0
11931.0,41159.0,10547.0,4465.0,2363.0,3147.0,6096.0,8246.0,6386.0,14445.0,2992.0
11641.0,40497.0,10421.0,4408.0,2325.0,3108.0,5941.0,8127.0,6280.0,14233.0,2982.0
11442.0,40986.0,10425.0,4224.0,2314.0,3076.0,5892.0,8104.0,6045.0,14319.0,2894.0
11314.0,40896.0,10424.0,4169.0,2320.0,3046.0,5706.0,8072.0,5935.0,14258.0,2796.0
11377.0,40701.0,10696.0,4081.0,2397.0,2987.0,5592.0,7945.0,5782.0,14006.0,2606.0
12257.0,39425.0,11475.0,4263.0,2509.0,3196.0,5565.0,7876.0,6072.0,13984.0,2636.0
13014.0,41074.0,11803.0,4433.0,2551.0,3289.0,5870.0,8206.0,6306.0,14544.0,2707.0
13287.0,45966.0,11965.0,4499.0,2547.0,3336.0,6345.0,8608.0,6417.0,15164.0,2721.0
13283.0,47368.0,11799.0,4461.0,2498.0,3314.0,6460.0,8679.0,6301.0,15248.0,2701.0
13247.0,47630.0,11576.0,4414.0,2459.0,3286.0,6492.0,8709.0,6209.0,15233.0,2688.0
12715.0,47261.0,10828.0,4276.0,2338.0,3114.0,6439.0,8550.0,6007.0,15023.0,2563.0
12131.0,46087.0,10213.0,4041.0,2195.0,2941.0,6432.0,8378.0,5657.0,14657.0,2491.0
11412.0,43552.0,9530.0,3804.0,2057.0,2809.0,6257.0,8015.0,5368.0,13986.0,2404.0
11153.0,40637.0,9248.0,3669.0,1963.0,2694.0,6000.0,7464.0,5128.0,12990.0,2377.0
10950.0,36955.0,9252.0,3555.0,1918.0,2639.0,5663.0,7028.0,4962.0,12211.0,2462.0
10888.0,34493.0,9115.0,3503.0,1876.0,2574.0,5483.0,6691.0,4878.0,11646.0,2441.0
11143.0,32977.0,9116.0,3505.0,1867.0,2563.0,5400.0,6564.0,4869.0,11406.0,2429.0
11586.0,31665.0,9210.0,3586.0,1936.0,2641.0,5339.0,6504.0,5056.0,11281.0,2395.0
11844.0,31568.0,9587.0,3793.0,2063.0,2763.0,5417.0,6622.0,5463.0,11471.0,2399.0
12813.0,33005.0,10182.0,4115.0,2258.0,2979.0,5530.0,6998.0,5966.0,12059.0,2464.0
13640.0,35852.0,11129.0,4518.0,2471.0,3205.0,5804.0,7515.0,6610.0,12985.0,2610.0
13803.0,39565.0,11344.0,4766.0,2535.0,3278.0,6108.0,8168.0,6780.0,14088.0,2754.0
13360.0,44155.0,11259.0,4845.0,2544.0,3297.0,6475.0,8826.0,6940.0,15244.0,2904.0
12799.0,46420.0,10887.0,4806.0,2471.0,3287.0,6697.0,9372.0,6896.0,16075.0,3024.0
12227.0,45226.0,10652.0,4663.0,2437.0,3196.0,6569.0,9408.0,6681.0,16102.0,3026.0
11858.0,44116.0,10477.0,4531.0,2382.0,3103.0,6226.0,9311.0,6473.0,15838.0,2982.0
11462.0,42845.0,10416.0,4353.0,2365.0,3004.0,5970.0,9104.0,6224.0,15571.0,2872.0
11414.0,41722.0,10520.0,4311.0,2395.0,2974.0,5736.0,8925.0,6149.0,15239.0,2856.0
11828.0,40073.0,11035.0,4352.0,2526.0,2960.0,5544.0,8682.0,6232.0,14888.0,2711.0
12969.0,40537.0,12179.0,4637.0,2746.0,3221.0,5575.0,8746.0,6677.0,15069.0,2806.0
14122.0,43399.0,12761.0,4873.0,2872.0,3425.0,6044.0,9282.0,7057.0,16029.0,2895.0
14193.0,50193.0,12711.0,4923.0,2847.0,3439.0,6676.0,9792.0,7152.0,16897.0,2864.0
18192.0,52670.0,10970.0,4812.0,2354.0,3354.0,8546.0,9275.0,6690.0,15019.0,2871.0
16748.0,53376.0,10355.0,4711.0,2173.0,3095.0,8444.0,9358.0,6165.0,15222.0,2770.0
15046.0,52463.0,9670.0,4405.0,1992.0,2956.0,8281.0,9001.0,5672.0,14987.0,2756.0
13354.0,49328.0,8770.0,4012.0,1823.0,2764.0,7783.0,8374.0,5170.0,14199.0,2613.0
11902.0,45113.0,8058.0,3643.0,1676.0,2585.0,7134.0,7675.0,4761.0,13019.0,2531.0
10935.0,40617.0,7563.0,3407.0,1584.0,2469.0,6447.0,7036.0,4526.0,11836.0,2476.0
10238.0,36626.0,7248.0,3250.0,1548.0,2397.0,5763.0,6570.0,4347.0,10995.0,2435.0
9749.0,34291.0,7056.0,3152.0,1543.0,2356.0,5322.0,6279.0,4294.0,10472.0,2396.0
9586.0,32266.0,7001.0,3093.0,1571.0,2356.0,5073.0,6147.0,4313.0,10168.0,2346.0
9914.0,31264.0,7352.0,3191.0,1698.0,2448.0,4950.0,6092.0,4549.0,9980.0,2404.0
10472.0,30785.0,7983.0,3424.0,1883.0,2613.0,4824.0,6356.0,4992.0,10315.0,2442.0
11509.0,32334.0,8749.0,3798.0,2025.0,2836.0,4878.0,6957.0,5420.0,11130.0,2511.0
12492.0,36297.0,9428.0,4091.0,2156.0,3040.0,5018.0,7632.0,5748.0,12425.0,2597.0
12987.0,41724.0,9764.0,4231.0,2156.0,3222.0,5512.0,8170.0,5873.0,13519.0,2686.0
13628.0,46445.0,9899.0,4295.0,2148.0,3361.0,5920.0,8500.0,6040.0,14196.0,2800.0
14195.0,48693.0,9926.0,4319.0,2153.0,3507.0,6218.0,8585.0,6086.0,14275.0,2864.0
14940.0,48804.0,10082.0,4388.0,2162.0,3614.0,6416.0,8610.0,6247.0,14280.0,2935.0
15646.0,48259.0,10311.0,4467.0,2168.0,3694.0,6575.0,8568.0,6346.0,14115.0,2947.0
16289.0,48573.0,10325.0,4537.0,2191.0,3708.0,6818.0,8529.0,6331.0,13975.0,2932.0
16989.0,49307.0,10493.0,4566.0,2203.0,3702.0,7057.0,8475.0,6442.0,13899.0,2942.0
17618.0,48906.0,10490.0,4593.0,2246.0,3684.0,7256.0,8323.0,6537.0,13761.0,2876.0
18105.0,49575.0,10739.0,4625.0,2290.0,3653.0,7578.0,8439.0,6753.0,13983.0,2876.0
18101.0,50077.0,10973.0,4742.0,2345.0,3591.0,7739.0,8512.0,6787.0,14247.0,2874.0
17838.0,50678.0,11030.0,4779.0,2367.0,3619.0,7842.0,8719.0,6751.0,14774.0,2864.0
16970.0,52274.0,10921.0,4743.0,2298.0,3433.0,7795.0,8937.0,6589.0,15196.0,2824.0
15625.0,53277.0,10314.0,4649.0,2136.0,3152.0,7859.0,9015.0,6149.0,15328.0,2766.0
14096.0,52906.0,9640.0,4368.0,1979.0,2994.0,7815.0,8740.0,5672.0,14951.0,2746.0
12542.0,50124.0,8746.0,3994.0,1854.0,2782.0,7389.0,8222.0,5184.0,14282.0,2613.0
11259.0,45703.0,8083.0,3699.0,1711.0,2614.0,6812.0,7587.0,4747.0,13187.0,2515.0
10534.0,40910.0,7579.0,3470.0,1611.0,2469.0,6237.0,7017.0,4523.0,12083.0,2470.0
9939.0,36722.0,7311.0,3290.0,1569.0,2431.0,5616.0,6588.0,4319.0,11246.0,2412.0
9659.0,34193.0,7007.0,3201.0,1576.0,2380.0,5223.0,6309.0,4248.0,10663.0,2372.0
9560.0,32280.0,7064.0,3185.0,1593.0,2396.0,5021.0,6169.0,4294.0,10407.0,2371.0
9940.0,30892.0,7351.0,3285.0,1711.0,2493.0,4862.0,6180.0,4580.0,10301.0,2416.0
10578.0,30911.0,7956.0,3540.0,1901.0,2650.0,4792.0,6471.0,4967.0,10668.0,2449.0
11617.0,32595.0,8656.0,3907.0,2067.0,2878.0,4929.0,7031.0,5481.0,11507.0,2509.0
12336.0,36566.0,9311.0,4191.0,2191.0,3111.0,5206.0,7780.0,5694.0,12913.0,2580.0
12807.0,42092.0,9595.0,4279.0,2198.0,3294.0,5599.0,8235.0,5731.0,13891.0,2682.0
13245.0,47060.0,9678.0,4276.0,2168.0,3456.0,5949.0,8486.0,5756.0,14405.0,2791.0
13933.0,49415.0,9706.0,4289.0,2103.0,3590.0,6116.0,8568.0,5772.0,14413.0,2850.0
14568.0,49397.0,9859.0,4360.0,2119.0,3692.0,6130.0,8558.0,5799.0,14329.0,2892.0
15150.0,49056.0,10067.0,4411.0,2151.0,3744.0,6115.0,8436.0,5834.0,14057.0,2888.0
15375.0,49499.0,10079.0,4433.0,2153.0,3755.0,5987.0,8383.0,5846.0,13937.0,2895.0
15667.0,50482.0,10192.0,4481.0,2198.0,3743.0,6036.0,8344.0,5929.0,13876.0,2844.0
16034.0,50131.0,10287.0,4565.0,2207.0,3679.0,6120.0,8205.0,5998.0,13654.0,2826.0
16259.0,50864.0,10543.0,4639.0,2287.0,3612.0,6330.0,8273.0,6166.0,13824.0,2812.0
16502.0,51314.0,10849.0,4719.0,2345.0,3564.0,6642.0,8434.0,6393.0,14209.0,2812.0
16585.0,51244.0,10926.0,4753.0,2388.0,3621.0,6909.0,8665.0,6421.0,14734.0,2820.0
16039.0,53069.0,10800.0,4702.0,2318.0,3450.0,7105.0,8975.0,6299.0,15222.0,2804.0
15049.0,53805.0,10265.0,4603.0,2160.0,3189.0,7258.0,9032.0,5851.0,15306.0,2730.0
13778.0,52635.0,9626.0,4331.0,2017.0,3031.0,7198.0,8683.0,5456.0,14958.0,2727.0
12378.0,49454.0,8771.0,4014.0,1848.0,2823.0,6808.0,8183.0,5076.0,14231.0,2612.0
11326.0,45445.0,8075.0,3721.0,1717.0,2630.0,6346.0,7632.0,4674.0,13209.0,2500.0
10638.0,41165.0,7579.0,3516.0,1633.0,2499.0,5854.0,7041.0,4479.0,12072.0,2469.0
10082.0,37112.0,7262.0,3339.0,1587.0,2449.0,5314.0,6673.0,4302.0,11337.0,2415.0
9748.0,34262.0,7072.0,3237.0,1550.0,2418.0,5038.0,6380.0,4247.0,10806.0,2385.0
9823.0,32304.0,7031.0,3190.0,1610.0,2429.0,4776.0,6205.0,4288.0,10472.0,2337.0
10193.0,31218.0,7315.0,3283.0,1739.0,2540.0,4660.0,6232.0,4564.0,10403.0,2375.0
10835.0,31324.0,7915.0,3584.0,1902.0,2692.0,4676.0,6546.0,5005.0,10843.0,2436.0
11631.0,33067.0,8696.0,3965.0,2072.0,2900.0,4802.0,7165.0,5506.0,11738.0,2524.0
12396.0,37024.0,9425.0,4258.0,2201.0,3096.0,5001.0,7948.0,5745.0,13169.0,2577.0
12746.0,42439.0,9733.0,4365.0,2199.0,3269.0,5421.0,8397.0,5723.0,14135.0,2656.0
12718.0,47249.0,9778.0,4403.0,2153.0,3399.0,5813.0,8718.0,5743.0,14774.0,2766.0
12645.0,49468.0,9831.0,4370.0,2114.0,3489.0,5941.0,8736.0,5735.0,14734.0,2819.0
12587.0,48997.0,9911.0,4312.0,2096.0,3558.0,5972.0,8657.0,5785.0,14566.0,2861.0
12634.0,48015.0,10048.0,4305.0,2105.0,3615.0,5964.0,8525.0,5830.0,14222.0,2864.0
12789.0,47605.0,10086.0,4286.0,2105.0,3621.0,5875.0,8376.0,5778.0,13868.0,2848.0
13036.0,48297.0,10266.0,4276.0,2142.0,3604.0,5923.0,8309.0,5859.0,13722.0,2816.0
13422.0,47086.0,10430.0,4280.0,2188.0,3550.0,5889.0,8109.0,5841.0,13412.0,2739.0
13800.0,47804.0,10694.0,4388.0,2272.0,3476.0,5985.0,8177.0,6054.0,13546.0,2782.0
14031.0,48186.0,10828.0,4510.0,2337.0,3420.0,6122.0,8355.0,6192.0,13883.0,2771.0
14439.0,48705.0,10775.0,4525.0,2344.0,3388.0,6317.0,8600.0,6234.0,14458.0,2778.0
14172.0,50365.0,10672.0,4472.0,2280.0,3222.0,6496.0,8972.0,6119.0,15070.0,2782.0
13410.0,51913.0,10079.0,4399.0,2150.0,3019.0,6628.0,9095.0,5801.0,15335.0,2718.0
12330.0,51999.0,9419.0,4183.0,2030.0,2896.0,6656.0,8842.0,5339.0,15246.0,2675.0
11263.0,49458.0,8580.0,3880.0,1875.0,2708.0,6338.0,8386.0,5031.0,14605.0,2580.0
10381.0,45304.0,7957.0,3617.0,1760.0,2550.0,5937.0,7798.0,4781.0,13612.0,2490.0
9747.0,40845.0,7472.0,3442.0,1676.0,2434.0,5517.0,7245.0,4579.0,12488.0,2435.0
9342.0,36773.0,7195.0,3323.0,1642.0,2390.0,4975.0,6779.0,4466.0,11669.0,2402.0
9050.0,34170.0,6972.0,3235.0,1655.0,2356.0,4734.0,6568.0,4427.0,11299.0,2373.0
9076.0,32366.0,6870.0,3243.0,1687.0,2369.0,4564.0,6435.0,4519.0,10951.0,2346.0
9449.0,31539.0,7265.0,3367.0,1816.0,2467.0,4484.0,6426.0,4786.0,10955.0,2404.0
10056.0,31677.0,7953.0,3653.0,2012.0,2588.0,4467.0,6806.0,5278.0,11544.0,2446.0
11030.0,33306.0,8752.0,4062.0,2209.0,2784.0,4536.0,7457.0,5743.0,12480.0,2538.0
11755.0,37043.0,9416.0,4369.0,2356.0,2986.0,4801.0,8196.0,6019.0,13997.0,2629.0
12197.0,42458.0,9712.0,4427.0,2367.0,3128.0,5229.0,8628.0,5978.0,14859.0,2736.0
12397.0,47325.0,9660.0,4387.0,2330.0,3231.0,5635.0,8901.0,5855.0,15252.0,2796.0
12550.0,49264.0,9535.0,4332.0,2254.0,3280.0,5790.0,8859.0,5757.0,15118.0,2826.0
12903.0,48949.0,9456.0,4255.0,2213.0,3331.0,5872.0,8747.0,5680.0,14837.0,2864.0
13227.0,47979.0,9511.0,4195.0,2206.0,3363.0,5860.0,8497.0,5641.0,14322.0,2829.0
13530.0,47802.0,9381.0,4124.0,2176.0,3347.0,5854.0,8384.0,5593.0,14032.0,2798.0
14062.0,48331.0,9462.0,4068.0,2212.0,3367.0,5921.0,8207.0,5557.0,13750.0,2716.0
14521.0,47755.0,9611.0,4079.0,2259.0,3334.0,6008.0,8057.0,5606.0,13410.0,2646.0
15041.0,48430.0,10008.0,4126.0,2327.0,3313.0,6186.0,8066.0,5751.0,13549.0,2663.0
15100.0,49011.0,10284.0,4225.0,2382.0,3279.0,6348.0,8172.0,5937.0,13823.0,2714.0
15175.0,49605.0,10242.0,4270.0,2419.0,3335.0,6567.0,8467.0,6052.0,14362.0,2727.0
14685.0,51092.0,10189.0,4267.0,2360.0,3194.0,6659.0,8718.0,5964.0,14820.0,2719.0
13860.0,51864.0,9760.0,4280.0,2228.0,3004.0,6816.0,8813.0,5751.0,14976.0,2658.0
12693.0,51663.0,9187.0,3954.0,2105.0,2742.0,6804.0,8619.0,5072.0,14835.0,2369.0
11491.0,48367.0,8630.0,3628.0,1950.0,2585.0,6361.0,8220.0,4682.0,14341.0,2346.0
10679.0,44798.0,8307.0,3364.0,1838.0,2418.0,5936.0,7618.0,4352.0,13327.0,2359.0
9812.0,40317.0,7917.0,3162.0,1763.0,2327.0,5423.0,7039.0,4186.0,12255.0,2324.0
9336.0,36309.0,7628.0,3066.0,1700.0,2246.0,4943.0,6561.0,4028.0,11400.0,2277.0
8985.0,33481.0,7531.0,2995.0,1668.0,2188.0,4629.0,6243.0,3985.0,10810.0,2257.0
8762.0,31394.0,7455.0,2971.0,1679.0,2211.0,4420.0,6071.0,4002.0,10505.0,2270.0
8739.0,30126.0,7636.0,3013.0,1723.0,2227.0,4319.0,6055.0,4115.0,10379.0,2304.0
8841.0,29483.0,7783.0,3152.0,1812.0,2349.0,4211.0,6115.0,4293.0,10468.0,2329.0
9912.0,29704.0,8334.0,3409.0,1969.0,2818.0,4211.0,6330.0,4943.0,10772.0,2581.0
10707.0,30550.0,8637.0,3772.0,2081.0,2966.0,4237.0,6705.0,5328.0,11376.0,2724.0
11411.0,36501.0,8809.0,3924.0,2119.0,3023.0,4605.0,7321.0,5368.0,12465.0,2773.0
12138.0,39595.0,8895.0,3950.0,2142.0,3085.0,4945.0,7683.0,5329.0,13088.0,2803.0
12751.0,41466.0,8909.0,3944.0,2135.0,3147.0,5191.0,7737.0,5298.0,13237.0,2782.0
13458.0,43037.0,9028.0,3905.0,2156.0,3228.0,5395.0,7733.0,5316.0,13219.0,2793.0
14172.0,44175.0,9100.0,3887.0,2139.0,3298.0,5520.0,7646.0,5296.0,13011.0,2800.0
14742.0,45661.0,9128.0,3858.0,2127.0,3352.0,5682.0,7631.0,5248.0,12979.0,2803.0
15376.0,46534.0,9107.0,3822.0,2135.0,3411.0,5884.0,7611.0,5276.0,12951.0,2790.0
15847.0,47042.0,9358.0,3853.0,2168.0,3301.0,6058.0,7587.0,5353.0,12840.0,2819.0
16069.0,47581.0,9450.0,3851.0,2213.0,3108.0,6198.0,7626.0,5332.0,12914.0,2600.0
15781.0,48158.0,9526.0,3780.0,2254.0,3009.0,6256.0,7619.0,5129.0,12922.0,2366.0
15619.0,47064.0,10025.0,3804.0,2285.0,3126.0,6394.0,7784.0,5278.0,13252.0,2645.0
15170.0,48275.0,10176.0,3823.0,2257.0,3022.0,6382.0,7912.0,5284.0,13522.0,2656.0
14095.0,48965.0,9921.0,3875.0,2172.0,2904.0,6462.0,8050.0,5154.0,13712.0,2583.0
13011.0,49181.0,9082.0,3758.0,2040.0,2665.0,6520.0,7923.0,4755.0,13764.0,2342.0
11927.0,47045.0,8625.0,3488.0,1932.0,2516.0,6254.0,7618.0,4475.0,13330.0,2293.0
11015.0,43659.0,8172.0,3230.0,1787.0,2405.0,5911.0,7177.0,4174.0,12488.0,2314.0
10230.0,40018.0,7747.0,3051.0,1697.0,2302.0,5468.0,6681.0,3972.0,11587.0,2253.0
9648.0,35927.0,7482.0,2926.0,1640.0,2210.0,4992.0,6324.0,3825.0,10837.0,2261.0
9292.0,33054.0,7375.0,2883.0,1625.0,2182.0,4656.0,6047.0,3807.0,10288.0,2228.0
9042.0,30822.0,7303.0,2841.0,1618.0,2175.0,4406.0,5873.0,3772.0,10016.0,2239.0
8766.0,29591.0,7502.0,2854.0,1651.0,2174.0,4285.0,5817.0,3804.0,9851.0,2270.0
8650.0,28705.0,7640.0,2937.0,1708.0,2294.0,4194.0,5831.0,3947.0,9872.0,2298.0
9668.0,28617.0,8036.0,3234.0,1847.0,2732.0,4139.0,5977.0,4565.0,10117.0,2511.0
10583.0,28969.0,8279.0,3577.0,1954.0,2906.0,4140.0,6324.0,5010.0,10649.0,2671.0
11381.0,34739.0,8487.0,3731.0,2011.0,2999.0,4467.0,6940.0,5093.0,11836.0,2738.0
12218.0,37729.0,8625.0,3764.0,2029.0,3093.0,4861.0,7382.0,5117.0,12742.0,2730.0
12979.0,39440.0,8689.0,3773.0,2035.0,3173.0,5109.0,7549.0,5137.0,13076.0,2726.0
13781.0,41015.0,8828.0,3799.0,2045.0,3251.0,5392.0,7606.0,5171.0,13176.0,2749.0
14579.0,42398.0,8908.0,3783.0,2035.0,3336.0,5585.0,7568.0,5173.0,13124.0,2782.0
15242.0,44222.0,9144.0,3800.0,2037.0,3415.0,5744.0,7560.0,5194.0,13101.0,2816.0
15836.0,45791.0,9215.0,3801.0,2073.0,3465.0,5949.0,7565.0,5263.0,13076.0,2826.0
16410.0,46937.0,9592.0,3826.0,2116.0,3365.0,6187.0,7598.0,5342.0,13044.0,2868.0
16748.0,47966.0,9715.0,3809.0,2156.0,3215.0,6393.0,7656.0,5320.0,13121.0,2650.0
16396.0,48570.0,9790.0,3764.0,2170.0,3069.0,6566.0,7717.0,5201.0,13270.0,2450.0
16247.0,47884.0,10287.0,3802.0,2228.0,3217.0,6672.0,7896.0,5314.0,13645.0,2707.0
15616.0,49061.0,10451.0,3854.0,2199.0,3122.0,6769.0,8123.0,5353.0,13959.0,2690.0
14498.0,49960.0,10171.0,3888.0,2118.0,2946.0,6827.0,8303.0,5117.0,14208.0,2652.0
13371.0,50284.0,9218.0,3890.0,1977.0,2854.0,6853.0,8146.0,5082.0,14134.0,2648.0
12058.0,48512.0,8558.0,3617.0,1859.0,2704.0,6703.0,7738.0,4760.0,13629.0,2567.0
10967.0,44666.0,7812.0,3328.0,1728.0,2540.0,6169.0,7194.0,4437.0,12629.0,2464.0
10250.0,40792.0,7398.0,3179.0,1655.0,2423.0,5661.0,6749.0,4255.0,11700.0,2430.0
9817.0,36387.0,7169.0,3049.0,1613.0,2386.0,5089.0,6410.0,4175.0,11005.0,2380.0
9442.0,33668.0,7022.0,2989.0,1599.0,2371.0,4802.0,6188.0,4124.0,10556.0,2346.0
9367.0,31747.0,7105.0,2975.0,1663.0,2379.0,4600.0,6079.0,4214.0,10295.0,2338.0
9660.0,30576.0,7515.0,3101.0,1816.0,2455.0,4481.0,6110.0,4450.0,10325.0,2367.0
10334.0,30750.0,8192.0,3438.0,1981.0,2604.0,4444.0,6447.0,4892.0,10781.0,2409.0
11377.0,32543.0,8991.0,3839.0,2144.0,2815.0,4567.0,7081.0,5412.0,11779.0,2515.0
12398.0,36200.0,9424.0,4172.0,2265.0,3009.0,4808.0,7856.0,5680.0,13261.0,2572.0
13058.0,42094.0,9581.0,4292.0,2261.0,3161.0,5279.0,8364.0,5658.0,14306.0,2677.0
13638.0,47172.0,9582.0,4309.0,2248.0,3304.0,5712.0,8715.0,5637.0,14936.0,2789.0
14225.0,49760.0,9481.0,4282.0,2164.0,3376.0,5829.0,8828.0,5604.0,14959.0,2801.0
14874.0,50262.0,9486.0,4238.0,2159.0,3453.0,5719.0,8765.0,5607.0,14846.0,2864.0
15521.0,50184.0,9623.0,4198.0,2129.0,3489.0,6266.0,8604.0,5595.0,14508.0,2846.0
15756.0,50835.0,9650.0,4153.0,2105.0,3487.0,6540.0,8504.0,5575.0,14276.0,2860.0
16220.0,51846.0,9886.0,4145.0,2150.0,3510.0,6739.0,8396.0,5629.0,14084.0,2817.0
17006.0,51802.0,10142.0,4166.0,2211.0,3497.0,6902.0,8206.0,5757.0,13770.0,2781.0
17560.0,52928.0,10556.0,4261.0,2273.0,3459.0,7284.0,8252.0,5960.0,13909.0,2787.0
17654.0,53319.0,10849.0,4378.0,2328.0,3420.0,7536.0,8390.0,6173.0,14219.0,2823.0
17609.0,53771.0,10819.0,4411.0,2396.0,3444.0,7680.0,8663.0,6236.0,14748.0,2798.0
21077.0,67003.0,13493.0,5319.0,2735.0,3481.0,9464.0,9087.0,6901.0,14640.0,3018.0
19747.0,65300.0,12945.0,5159.0,2551.0,3251.0,9457.0,8989.0,6568.0,14573.0,2989.0
18241.0,63227.0,12078.0,4899.0,2328.0,2987.0,9331.0,8798.0,6089.0,14247.0,2884.0
16617.0,59413.0,11065.0,4496.0,2151.0,2763.0,8913.0,8274.0,5583.0,13680.0,2764.0
15051.0,53253.0,10240.0,4095.0,1981.0,2572.0,8302.0,7604.0,5023.0,12732.0,2669.0
13908.0,47175.0,9638.0,3800.0,1860.0,2434.0,7622.0,7000.0,4702.0,11616.0,2550.0
13071.0,41265.0,9134.0,3621.0,1793.0,2372.0,6920.0,6443.0,4567.0,10641.0,2533.0
12280.0,37649.0,8681.0,3469.0,1760.0,2346.0,6435.0,6166.0,4413.0,10072.0,2471.0
12127.0,35718.0,8550.0,3433.0,1782.0,2385.0,6088.0,5990.0,4448.0,9790.0,2430.0
12288.0,34156.0,8654.0,3459.0,1837.0,2468.0,5839.0,5956.0,4600.0,9662.0,2410.0
12697.0,33714.0,9069.0,3625.0,2026.0,2657.0,5777.0,6189.0,4926.0,9911.0,2415.0
13872.0,34618.0,9701.0,3942.0,2243.0,2947.0,5752.0,6578.0,5474.0,10445.0,2471.0
15230.0,37505.0,10733.0,4315.0,2401.0,3216.0,5876.0,7202.0,5970.0,11443.0,2621.0
16267.0,42726.0,11221.0,4497.0,2472.0,3361.0,6426.0,7862.0,6119.0,12617.0,2686.0
17144.0,48506.0,11653.0,4604.0,2482.0,3453.0,7189.0,8340.0,6285.0,13498.0,2790.0
17981.0,53240.0,11964.0,4742.0,2453.0,3520.0,7780.0,8548.0,6501.0,13731.0,2928.0
18889.0,54022.0,12221.0,4862.0,2490.0,3612.0,8147.0,8731.0,6645.0,13988.0,2972.0
19462.0,54794.0,12634.0,4992.0,2526.0,3694.0,8562.0,8783.0,6758.0,14000.0,3037.0
19856.0,56010.0,13052.0,4987.0,2563.0,3731.0,8990.0,8842.0,6711.0,14006.0,2924.0
20364.0,56623.0,13317.0,5153.0,2686.0,3764.0,9220.0,8670.0,6920.0,13684.0,2961.0
20911.0,57548.0,13576.0,5320.0,2741.0,3699.0,9536.0,8814.0,7161.0,13799.0,2966.0
21278.0,58620.0,13766.0,5497.0,2796.0,3678.0,9942.0,8979.0,7343.0,13981.0,2868.0
21344.0,61224.0,14165.0,5643.0,2860.0,3636.0,10263.0,9178.0,7368.0,14283.0,3021.0
20866.0,63294.0,13964.0,5632.0,2820.0,3635.0,10524.0,9342.0,7184.0,14788.0,2967.0
20157.0,64535.0,13576.0,5515.0,2766.0,3516.0,10500.0,9424.0,7034.0,15092.0,2928.0
18726.0,63107.0,12971.0,5320.0,2590.0,3273.0,10139.0,9340.0,6632.0,15002.0,2878.0
17163.0,60976.0,11862.0,5026.0,2344.0,3038.0,9858.0,9092.0,6185.0,14574.0,2770.0
15564.0,57194.0,10879.0,4597.0,2136.0,2811.0,9299.0,8550.0,5612.0,14064.0,2642.0
14129.0,51494.0,9913.0,4175.0,1945.0,2605.0,8549.0,7887.0,5115.0,13038.0,2538.0
13128.0,45758.0,9354.0,3830.0,1831.0,2493.0,7722.0,7142.0,4803.0,11806.0,2458.0
12354.0,40776.0,8861.0,3628.0,1768.0,2418.0,6955.0,6578.0,4578.0,10817.0,2389.0
11896.0,37442.0,8536.0,3466.0,1723.0,2377.0,6446.0,6251.0,4438.0,10191.0,2307.0
11742.0,34937.0,8381.0,3399.0,1748.0,2424.0,6065.0,6065.0,4409.0,9816.0,2289.0
11961.0,33617.0,8500.0,3429.0,1812.0,2506.0,5712.0,5996.0,4586.0,9681.0,2324.0
12373.0,33320.0,8961.0,3600.0,2003.0,2720.0,5596.0,6196.0,4993.0,9896.0,2378.0
13613.0,34427.0,9497.0,3953.0,2203.0,3002.0,5560.0,6627.0,5603.0,10429.0,2494.0
15119.0,37103.0,10377.0,4361.0,2380.0,3269.0,5683.0,7304.0,6137.0,11498.0,2586.0
16362.0,42134.0,10857.0,4573.0,2460.0,3450.0,6190.0,7985.0,6430.0,12665.0,2688.0
17351.0,47829.0,11050.0,4676.0,2473.0,3521.0,6973.0,8549.0,6586.0,13627.0,2804.0
18165.0,52222.0,11121.0,4848.0,2468.0,3609.0,7589.0,8806.0,6839.0,13942.0,2946.0
18835.0,53198.0,11457.0,5009.0,2518.0,3707.0,8061.0,9055.0,7061.0,14275.0,3035.0
19597.0,53668.0,11682.0,5210.0,2586.0,3777.0,8534.0,9185.0,7321.0,14390.0,3109.0
20324.0,54922.0,11880.0,5261.0,2607.0,3819.0,8855.0,9365.0,7230.0,14547.0,2984.0
21242.0,55602.0,12177.0,5428.0,2710.0,3884.0,9260.0,9297.0,7425.0,14366.0,2994.0
22091.0,56281.0,12492.0,5611.0,2765.0,3868.0,9546.0,9438.0,7635.0,14520.0,3017.0
22688.0,57281.0,12764.0,5776.0,2826.0,3853.0,9930.0,9655.0,7822.0,14904.0,2923.0
22818.0,59918.0,13183.0,5936.0,2860.0,3826.0,10240.0,9899.0,7936.0,15273.0,3053.0
22287.0,61904.0,12944.0,5948.0,2810.0,3786.0,10476.0,10033.0,7744.0,15649.0,3056.0
21322.0,63239.0,12538.0,5801.0,2723.0,3632.0,10516.0,10077.0,7426.0,15797.0,2955.0
19756.0,61909.0,12021.0,5589.0,2551.0,3355.0,10144.0,9873.0,7008.0,15611.0,2923.0
17990.0,60025.0,11169.0,5230.0,2378.0,3112.0,9835.0,9553.0,6397.0,15226.0,2765.0
16399.0,56678.0,10314.0,4727.0,2145.0,2859.0,9229.0,8913.0,5758.0,14536.0,2640.0
15140.0,50926.0,9548.0,4283.0,1987.0,2672.0,8403.0,8124.0,5189.0,13384.0,2583.0
14090.0,45357.0,9058.0,3961.0,1866.0,2564.0,7713.0,7374.0,4906.0,12165.0,2513.0
13223.0,40247.0,8625.0,3708.0,1805.0,2495.0,6840.0,6743.0,4626.0,11081.0,2473.0
12527.0,37543.0,8292.0,3543.0,1777.0,2452.0,6290.0,6345.0,4474.0,10433.0,2371.0
12376.0,35080.0,8153.0,3466.0,1776.0,2489.0,5943.0,6134.0,4477.0,9992.0,2360.0
12524.0,33406.0,8304.0,3500.0,1831.0,2566.0,5568.0,6068.0,4631.0,9784.0,2350.0
12486.0,33180.0,8734.0,3672.0,2003.0,2764.0,5419.0,6217.0,5044.0,9892.0,2393.0
13818.0,34234.0,9405.0,4018.0,2211.0,3034.0,5355.0,6626.0,5592.0,10403.0,2483.0
15275.0,37279.0,10367.0,4439.0,2403.0,3318.0,5470.0,7283.0,6105.0,11429.0,2606.0
16520.0,41934.0,10755.0,4729.0,2460.0,3476.0,6082.0,7898.0,6463.0,12611.0,2709.0
17591.0,47512.0,11046.0,4905.0,2495.0,3584.0,6883.0,8553.0,6741.0,13658.0,2824.0
18507.0,52053.0,11252.0,5115.0,2504.0,3674.0,7447.0,8864.0,7092.0,14045.0,2986.0
19452.0,52800.0,11471.0,5329.0,2555.0,3764.0,7986.0,9149.0,7403.0,14396.0,3079.0
20490.0,53104.0,11939.0,5548.0,2592.0,3835.0,8505.0,9282.0,7705.0,14527.0,3190.0
21304.0,54082.0,12208.0,5602.0,2637.0,3787.0,8931.0,9467.0,7586.0,14607.0,3023.0
22120.0,54422.0,12697.0,5753.0,2698.0,3702.0,9256.0,9334.0,7773.0,14495.0,3054.0
22880.0,54875.0,13132.0,5916.0,2747.0,3643.0,9614.0,9481.0,8039.0,14633.0,3047.0
23317.0,56057.0,13385.0,6011.0,2816.0,3629.0,9971.0,9720.0,8172.0,15005.0,2954.0
23104.0,58507.0,13855.0,6159.0,2836.0,3594.0,10220.0,9916.0,8248.0,15335.0,3102.0
22387.0,60571.0,13561.0,6117.0,2787.0,3612.0,10449.0,10036.0,8068.0,15635.0,3078.0
21481.0,62061.0,13128.0,5963.0,2700.0,3495.0,10478.0,10061.0,7821.0,15823.0,3038.0
19932.0,60834.0,12641.0,5716.0,2532.0,3264.0,10097.0,9856.0,7311.0,15640.0,2969.0
18609.0,59213.0,11752.0,5354.0,2334.0,3005.0,9750.0,9473.0,6653.0,15261.0,2826.0
17066.0,55957.0,10775.0,4920.0,2145.0,2791.0,9063.0,8795.0,6070.0,14539.0,2695.0
15556.0,50846.0,9847.0,4451.0,1970.0,2608.0,8215.0,8063.0,5489.0,13406.0,2626.0
14493.0,45402.0,9226.0,4107.0,1842.0,2499.0,7494.0,7307.0,5162.0,12052.0,2497.0
13642.0,40284.0,8688.0,3849.0,1782.0,2421.0,6672.0,6706.0,4923.0,10981.0,2387.0
13073.0,36836.0,8286.0,3681.0,1751.0,2400.0,6189.0,6311.0,4756.0,10258.0,2344.0
12704.0,34384.0,8072.0,3573.0,1775.0,2432.0,5727.0,6125.0,4689.0,9878.0,2280.0
12737.0,32991.0,8271.0,3590.0,1824.0,2526.0,5446.0,6085.0,4837.0,9728.0,2315.0
12647.0,32727.0,8682.0,3738.0,2000.0,2712.0,5303.0,6263.0,5241.0,9855.0,2366.0
13937.0,33802.0,9478.0,4045.0,2164.0,2974.0,5154.0,6653.0,5689.0,10324.0,2447.0
15646.0,36484.0,10393.0,4443.0,2342.0,3267.0,5354.0,7269.0,6140.0,11379.0,2575.0
16866.0,41339.0,10896.0,4743.0,2397.0,3430.0,5925.0,7847.0,6455.0,12558.0,2663.0
17903.0,46929.0,11355.0,4928.0,2388.0,3526.0,6659.0,8439.0,6555.0,13620.0,2773.0
18914.0,51371.0,11674.0,5140.0,2392.0,3579.0,7166.0,8688.0,6840.0,13975.0,2933.0
20003.0,52070.0,11947.0,5311.0,2419.0,3658.0,7658.0,8907.0,7190.0,14264.0,3017.0
20912.0,52218.0,12173.0,5468.0,2490.0,3709.0,7975.0,8933.0,7356.0,14326.0,3096.0
21671.0,53137.0,12017.0,5466.0,2515.0,3718.0,8404.0,8949.0,7241.0,14264.0,2921.0
22569.0,53542.0,11794.0,5612.0,2582.0,3782.0,8734.0,8730.0,7448.0,13899.0,2921.0
23241.0,53930.0,11740.0,5782.0,2597.0,3759.0,9141.0,8714.0,7604.0,13907.0,2915.0
23771.0,54908.0,11793.0,5916.0,2629.0,3795.0,9581.0,8845.0,7722.0,14141.0,2814.0
23861.0,57281.0,12081.0,6037.0,2641.0,3755.0,9872.0,8948.0,7821.0,14389.0,2962.0
23154.0,59547.0,11953.0,5999.0,2597.0,3755.0,10198.0,9071.0,7636.0,14659.0,2941.0
22162.0,61095.0,11764.0,5834.0,2549.0,3614.0,10279.0,9162.0,7375.0,14930.0,2897.0
20553.0,60053.0,11422.0,5578.0,2397.0,3383.0,9906.0,9042.0,6969.0,14740.0,2864.0
19308.0,58414.0,10791.0,5264.0,2240.0,3179.0,9498.0,8788.0,6455.0,14373.0,2723.0
17774.0,55564.0,10067.0,4834.0,2080.0,2942.0,8832.0,8737.0,5803.0,14524.0,2641.0
16044.0,50718.0,9429.0,4400.0,1953.0,2760.0,8079.0,8159.0,5356.0,13619.0,2546.0
14901.0,45264.0,8832.0,4023.0,1857.0,2641.0,7300.0,7506.0,4987.0,12508.0,2456.0
14117.0,40756.0,8453.0,3777.0,1753.0,2532.0,6539.0,6905.0,4712.0,11469.0,2377.0
13393.0,37200.0,8090.0,3568.0,1716.0,2454.0,6032.0,6485.0,4536.0,10710.0,2304.0
12987.0,34731.0,7810.0,3429.0,1692.0,2440.0,5494.0,6247.0,4389.0,10250.0,2230.0
12646.0,32969.0,7744.0,3358.0,1681.0,2453.0,5178.0,6099.0,4351.0,10011.0,2200.0
12051.0,31932.0,7829.0,3370.0,1771.0,2568.0,4990.0,6021.0,4468.0,9841.0,2199.0
12667.0,31732.0,8110.0,3616.0,1924.0,2844.0,4781.0,6102.0,5040.0,9906.0,2368.0
13542.0,34019.0,8636.0,3878.0,2043.0,3034.0,4717.0,6524.0,5424.0,10438.0,2450.0
14599.0,35846.0,9407.0,4141.0,2156.0,3240.0,5045.0,6966.0,5875.0,11099.0,2608.0
15699.0,38838.0,10078.0,4397.0,2250.0,3497.0,5624.0,7373.0,6222.0,11800.0,2760.0
16610.0,43217.0,10638.0,4656.0,2327.0,3681.0,6207.0,7761.0,6583.0,12459.0,2903.0
17389.0,46437.0,11120.0,4883.0,2442.0,3829.0,6911.0,8143.0,6988.0,12969.0,2993.0
18051.0,48849.0,11539.0,5102.0,2518.0,3873.0,7485.0,8334.0,7172.0,13270.0,3047.0
18830.0,51491.0,11869.0,5223.0,2586.0,3921.0,8159.0,8543.0,7258.0,13537.0,3012.0
19571.0,52887.0,12111.0,5386.0,2649.0,3956.0,8727.0,8654.0,7488.0,13531.0,2949.0
19922.0,54373.0,12235.0,5572.0,2684.0,3944.0,9227.0,8781.0,7618.0,13701.0,2994.0
19825.0,56353.0,12118.0,5689.0,2692.0,3871.0,9663.0,8948.0,7629.0,13920.0,2928.0
18929.0,58749.0,12035.0,5642.0,2689.0,3712.0,10019.0,9126.0,7313.0,14207.0,2846.0
18108.0,58079.0,11734.0,5590.0,2618.0,3650.0,10244.0,9220.0,7123.0,14575.0,2804.0
17019.0,58366.0,11518.0,5434.0,2578.0,3524.0,10183.0,9144.0,7013.0,14566.0,2814.0
15724.0,57340.0,11239.0,5235.0,2442.0,3324.0,9822.0,8990.0,6602.0,14408.0,2735.0
15284.0,56377.0,10773.0,4983.0,2298.0,3102.0,9463.0,8743.0,6231.0,14192.0,2711.0
14293.0,53914.0,10208.0,4586.0,2156.0,2893.0,8936.0,8471.0,5700.0,13938.0,2606.0
13202.0,49871.0,9470.0,4184.0,1980.0,2686.0,8270.0,7948.0,5209.0,13230.0,2486.0
12432.0,45512.0,8939.0,3894.0,1856.0,2558.0,7591.0,7378.0,4880.0,12227.0,2413.0
11903.0,40681.0,8483.0,3645.0,1775.0,2462.0,6804.0,6839.0,4588.0,11311.0,2342.0
11470.0,37069.0,8147.0,3474.0,1730.0,2400.0,6302.0,6427.0,4435.0,10620.0,2277.0
11192.0,34576.0,7860.0,3354.0,1697.0,2417.0,5837.0,6151.0,4313.0,10119.0,2209.0
10966.0,32691.0,7729.0,3304.0,1676.0,2411.0,5564.0,5977.0,4259.0,9819.0,2163.0
10495.0,31427.0,7675.0,3267.0,1750.0,2495.0,5371.0,5932.0,4348.0,9678.0,2140.0
11411.0,31121.0,7949.0,3505.0,1886.0,2750.0,5154.0,5919.0,4945.0,9671.0,2316.0
12598.0,33157.0,8622.0,3753.0,2006.0,2958.0,5066.0,6289.0,5266.0,10110.0,2385.0
14033.0,34960.0,9301.0,3988.0,2137.0,3221.0,5447.0,6739.0,5664.0,10817.0,2516.0
15641.0,37329.0,10085.0,4242.0,2240.0,3481.0,6048.0,7181.0,6040.0,11515.0,2680.0
16957.0,41460.0,10741.0,4512.0,2337.0,3703.0,6685.0,7502.0,6399.0,12185.0,2818.0
18133.0,44649.0,11424.0,4751.0,2434.0,3845.0,7293.0,7884.0,6724.0,12745.0,2921.0
19003.0,47301.0,11853.0,4985.0,2544.0,3911.0,7856.0,8097.0,6936.0,13147.0,2963.0
19457.0,50364.0,12149.0,5132.0,2599.0,3948.0,8506.0,8250.0,7077.0,13485.0,2958.0
19846.0,52391.0,12373.0,5325.0,2673.0,4035.0,8872.0,8381.0,7321.0,13527.0,2984.0
20101.0,54407.0,12374.0,5531.0,2744.0,4041.0,9174.0,8577.0,7552.0,13734.0,2996.0
19547.0,56772.0,12407.0,5693.0,2766.0,3994.0,9409.0,8772.0,7569.0,14020.0,2940.0
18412.0,59610.0,12194.0,5708.0,2734.0,3865.0,9687.0,9008.0,7354.0,14487.0,2856.0
17579.0,59177.0,11951.0,5671.0,2686.0,3773.0,9871.0,9148.0,7174.0,14839.0,2846.0
16314.0,59727.0,11751.0,5523.0,2630.0,3648.0,9741.0,9167.0,7019.0,14981.0,2844.0
15340.0,58476.0,11461.0,5330.0,2499.0,3389.0,9501.0,9034.0,6661.0,14750.0,2798.0
14797.0,57638.0,10897.0,4975.0,2291.0,3083.0,9409.0,8866.0,6165.0,14614.0,2716.0
13776.0,55102.0,10176.0,4563.0,2093.0,2865.0,9012.0,8067.0,5635.0,13616.0,2619.0
12529.0,50483.0,9304.0,4108.0,1935.0,2673.0,8598.0,7436.0,5120.0,12680.0,2516.0
11987.0,45926.0,8891.0,3807.0,1808.0,2540.0,7960.0,6846.0,4820.0,11556.0,2452.0
11440.0,40823.0,8416.0,3603.0,1749.0,2458.0,7189.0,6409.0,4603.0,10661.0,2370.0
11159.0,37333.0,8162.0,3438.0,1691.0,2431.0,6644.0,6059.0,4493.0,10048.0,2317.0
11211.0,34879.0,8048.0,3382.0,1716.0,2483.0,6250.0,5906.0,4494.0,9643.0,2270.0
11528.0,33292.0,8208.0,3429.0,1807.0,2568.0,5936.0,5885.0,4586.0,9567.0,2292.0
11684.0,33195.0,8676.0,3602.0,2006.0,2775.0,5843.0,6071.0,5047.0,9774.0,2348.0
12870.0,34569.0,9479.0,3954.0,2185.0,3078.0,5892.0,6541.0,5706.0,10311.0,2452.0
14125.0,37265.0,10377.0,4363.0,2374.0,3386.0,5983.0,7230.0,6215.0,11396.0,2603.0
15208.0,42525.0,10831.0,4666.0,2473.0,3598.0,6459.0,7882.0,6518.0,12547.0,2688.0
16006.0,48580.0,11060.0,4831.0,2519.0,3715.0,7228.0,8505.0,6744.0,13655.0,2812.0
16772.0,53773.0,11323.0,5057.0,2563.0,3824.0,7727.0,8764.0,7080.0,14017.0,2967.0
17574.0,55189.0,11639.0,5235.0,2634.0,3916.0,8159.0,9036.0,7389.0,14355.0,3058.0
18175.0,56268.0,12048.0,5405.0,2705.0,4003.0,8505.0,9156.0,7625.0,14422.0,3140.0
18690.0,58145.0,11977.0,5437.0,2792.0,4066.0,8759.0,9198.0,7507.0,14482.0,2970.0
19277.0,59457.0,12119.0,5625.0,2850.0,4149.0,8907.0,9069.0,7696.0,14182.0,3053.0
19920.0,60654.0,11968.0,5779.0,2900.0,4176.0,9143.0,9080.0,7872.0,14218.0,3032.0
20305.0,61953.0,11951.0,5917.0,2944.0,4169.0,9396.0,9189.0,7922.0,14389.0,2923.0
20274.0,64173.0,12455.0,6021.0,2982.0,4115.0,9589.0,9312.0,7848.0,14674.0,3028.0
19871.0,66182.0,12331.0,6031.0,2916.0,4058.0,9429.0,9419.0,7571.0,15069.0,3035.0
18129.0,62370.0,10024.0,4513.0,2316.0,3050.0,8710.0,9340.0,6243.0,14703.0,2411.0
16820.0,62619.0,9553.0,4311.0,2142.0,2806.0,8630.0,9236.0,5673.0,14755.0,2334.0
15516.0,59769.0,9362.0,3969.0,1991.0,2645.0,8157.0,8661.0,5191.0,14135.0,2533.0
14048.0,54892.0,8471.0,3592.0,1838.0,2423.0,7426.0,7932.0,4773.0,13050.0,2341.0
12711.0,49356.0,7793.0,3299.0,1705.0,2317.0,6782.0,7184.0,4379.0,11848.0,2240.0
11810.0,43802.0,7373.0,3062.0,1643.0,2180.0,6126.0,6617.0,4162.0,10811.0,2207.0
11162.0,38729.0,7116.0,2947.0,1587.0,2172.0,5556.0,6098.0,4019.0,9954.0,2140.0
10737.0,36062.0,6945.0,2862.0,1564.0,2147.0,5129.0,5781.0,3953.0,9467.0,2116.0
10663.0,33812.0,6947.0,2850.0,1619.0,2165.0,4901.0,5629.0,4036.0,9163.0,2151.0
11156.0,32531.0,7330.0,2954.0,1771.0,2314.0,4733.0,5641.0,4337.0,9077.0,2195.0
11462.0,32359.0,8054.0,3271.0,1922.0,2424.0,4701.0,5944.0,4827.0,9394.0,2226.0
12496.0,33832.0,8688.0,3649.0,2060.0,2656.0,4786.0,6577.0,5205.0,10259.0,2302.0
13500.0,38047.0,9398.0,3924.0,2177.0,2838.0,5118.0,7220.0,5559.0,11563.0,2486.0
14497.0,42584.0,9492.0,4001.0,2176.0,2969.0,5414.0,7689.0,5570.0,12478.0,2526.0
15472.0,47239.0,9484.0,4059.0,2130.0,3043.0,5941.0,8069.0,5692.0,13112.0,2655.0
16516.0,51752.0,9611.0,4090.0,2112.0,3145.0,6349.0,8432.0,5804.0,13558.0,2817.0
17554.0,52482.0,9654.0,4165.0,2119.0,3227.0,6571.0,8479.0,5941.0,13451.0,2831.0
18459.0,52935.0,9817.0,4222.0,2142.0,3292.0,7011.0,8591.0,6110.0,13565.0,2878.0
19253.0,54129.0,9840.0,4274.0,2188.0,3315.0,7441.0,8664.0,6223.0,13590.0,2818.0
20169.0,55729.0,10138.0,4301.0,2273.0,3376.0,7878.0,8814.0,6281.0,13682.0,2767.0
20639.0,57114.0,10290.0,4440.0,2334.0,3252.0,8124.0,8707.0,6454.0,13419.0,2692.0
20876.0,57249.0,10227.0,4553.0,2405.0,3232.0,8470.0,8895.0,6537.0,13709.0,2419.0
20725.0,59135.0,10594.0,4648.0,2477.0,3282.0,8726.0,9009.0,6629.0,14010.0,2469.0
20230.0,60594.0,10826.0,4663.0,2512.0,3241.0,8818.0,9107.0,6656.0,14374.0,2513.0
18780.0,61433.0,10401.0,4636.0,2385.0,3048.0,8795.0,9222.0,6384.0,14670.0,2445.0
17130.0,62000.0,9787.0,4382.0,2194.0,2799.0,8649.0,9156.0,5804.0,14778.0,2369.0
15665.0,59226.0,9518.0,4038.0,2017.0,2663.0,8206.0,8634.0,5247.0,14160.0,2545.0
14174.0,54242.0,8611.0,3656.0,1845.0,2426.0,7475.0,7861.0,4823.0,13041.0,2366.0
13024.0,48610.0,7912.0,3326.0,1738.0,2281.0,6792.0,7149.0,4430.0,11803.0,2280.0
11924.0,43118.0,7472.0,3112.0,1643.0,2195.0,6205.0,6565.0,4186.0,10740.0,2206.0
11229.0,38721.0,7172.0,2979.0,1591.0,2148.0,5512.0,6071.0,4024.0,9937.0,2141.0
10830.0,35481.0,7005.0,2912.0,1573.0,2132.0,5119.0,5769.0,3974.0,9406.0,2131.0
10699.0,33319.0,7008.0,2884.0,1633.0,2168.0,4909.0,5653.0,4043.0,9133.0,2163.0
11131.0,31843.0,7326.0,2987.0,1771.0,2304.0,4716.0,5621.0,4352.0,9027.0,2199.0
11508.0,31848.0,8016.0,3275.0,1922.0,2402.0,4687.0,5927.0,4839.0,9320.0,2228.0
12419.0,33555.0,8594.0,3625.0,2037.0,2630.0,4800.0,6564.0,5229.0,10229.0,2309.0
13597.0,37795.0,9253.0,3914.0,2168.0,2863.0,5074.0,7156.0,5529.0,11446.0,2479.0
14651.0,42248.0,9538.0,3997.0,2161.0,2974.0,5367.0,7685.0,5646.0,12386.0,2569.0
15732.0,46890.0,9599.0,4021.0,2127.0,3087.0,5960.0,8053.0,5774.0,13060.0,2735.0
16834.0,51663.0,9696.0,4026.0,2125.0,3211.0,6375.0,8404.0,5849.0,13474.0,2814.0
17969.0,52510.0,9793.0,4092.0,2112.0,3335.0,6712.0,8338.0,5996.0,13362.0,2822.0
19080.0,53408.0,9940.0,4174.0,2142.0,3425.0,7027.0,8348.0,6179.0,13327.0,2856.0
20100.0,54683.0,10023.0,4223.0,2176.0,3477.0,7442.0,8350.0,6317.0,13240.0,2843.0
21131.0,56519.0,10388.0,4211.0,2243.0,3516.0,7875.0,8409.0,6356.0,13325.0,2758.0
21501.0,58074.0,10546.0,4317.0,2285.0,3383.0,8206.0,8245.0,6531.0,12988.0,2675.0
21552.0,58270.0,10393.0,4411.0,2348.0,3366.0,8618.0,8372.0,6668.0,13301.0,2417.0
21271.0,60130.0,10642.0,4526.0,2408.0,3393.0,8871.0,8478.0,6713.0,13524.0,2453.0
20599.0,61533.0,10747.0,4567.0,2449.0,3313.0,8944.0,8610.0,6704.0,13876.0,2474.0
19025.0,62188.0,10400.0,4526.0,2324.0,3087.0,8882.0,8885.0,6388.0,14252.0,2417.0
17336.0,62742.0,9801.0,4331.0,2139.0,2853.0,8775.0,8855.0,5839.0,14438.0,2354.0
15836.0,59747.0,9507.0,3976.0,1962.0,2698.0,8244.0,8354.0,5285.0,13856.0,2520.0
14351.0,54575.0,8588.0,3621.0,1801.0,2468.0,7550.0,7701.0,4850.0,12825.0,2339.0
12935.0,48837.0,7897.0,3305.0,1670.0,2303.0,6916.0,7051.0,4405.0,11654.0,2263.0
12065.0,43328.0,7471.0,3089.0,1611.0,2211.0,6246.0,6454.0,4200.0,10617.0,2210.0
11378.0,38600.0,7157.0,2952.0,1554.0,2175.0,5614.0,5998.0,4036.0,9830.0,2160.0
10930.0,35559.0,6914.0,2887.0,1540.0,2161.0,5242.0,5718.0,3990.0,9295.0,2110.0
10882.0,33213.0,6933.0,2859.0,1576.0,2184.0,4925.0,5600.0,4005.0,9049.0,2116.0
11381.0,31770.0,7318.0,2972.0,1725.0,2317.0,4752.0,5583.0,4327.0,8931.0,2205.0
11922.0,31607.0,8018.0,3256.0,1894.0,2455.0,4705.0,5903.0,4831.0,9261.0,2224.0
12847.0,33355.0,8608.0,3613.0,2020.0,2673.0,4812.0,6571.0,5265.0,10152.0,2329.0
13734.0,37448.0,9242.0,3873.0,2153.0,2896.0,5121.0,7230.0,5578.0,11377.0,2469.0
14599.0,42043.0,9447.0,3984.0,2183.0,3035.0,5463.0,7670.0,5577.0,12368.0,2538.0
15586.0,47219.0,9485.0,4031.0,2135.0,3188.0,6028.0,8074.0,5654.0,13013.0,2656.0
16690.0,51848.0,9607.0,4036.0,2127.0,3313.0,6396.0,8321.0,5804.0,13335.0,2782.0
18015.0,53082.0,9676.0,4086.0,2142.0,3427.0,6702.0,8324.0,5980.0,13224.0,2846.0
19132.0,54195.0,9896.0,4119.0,2164.0,3487.0,7113.0,8331.0,6184.0,13226.0,2876.0
20096.0,55980.0,9922.0,4120.0,2187.0,3542.0,7688.0,8269.0,6219.0,13018.0,2826.0
21147.0,58723.0,10203.0,4113.0,2237.0,3572.0,7976.0,8249.0,6295.0,13060.0,2731.0
21642.0,60256.0,10410.0,4187.0,2269.0,3430.0,8208.0,8049.0,6457.0,12723.0,2658.0
21760.0,60431.0,10367.0,4288.0,2344.0,3383.0,8543.0,8108.0,6513.0,12956.0,2387.0
21547.0,62363.0,10601.0,4366.0,2424.0,3415.0,8673.0,8194.0,6647.0,13217.0,2457.0
20807.0,63572.0,10781.0,4370.0,2428.0,3367.0,8693.0,8355.0,6579.0,13571.0,2450.0
19292.0,63964.0,10451.0,4330.0,2311.0,3150.0,8677.0,8606.0,6234.0,14059.0,2404.0
17678.0,64449.0,9796.0,4137.0,2150.0,2889.0,8581.0,8598.0,5682.0,14255.0,2306.0
16024.0,61385.0,9562.0,3862.0,1970.0,2754.0,8159.0,8162.0,5144.0,13689.0,2502.0
14325.0,56368.0,8565.0,3553.0,1808.0,2502.0,7461.0,7573.0,4726.0,12743.0,2314.0
12987.0,50389.0,7962.0,3247.0,1691.0,2330.0,6875.0,6920.0,4286.0,11638.0,2231.0
12061.0,44604.0,7527.0,3061.0,1622.0,2218.0,6168.0,6346.0,4057.0,10611.0,2166.0
11422.0,39573.0,7206.0,2953.0,1573.0,2195.0,5579.0,5893.0,3936.0,9790.0,2158.0
11010.0,36398.0,6951.0,2873.0,1564.0,2178.0,5205.0,5629.0,3914.0,9313.0,2101.0
10905.0,34371.0,6958.0,2869.0,1611.0,2184.0,4905.0,5563.0,4011.0,9088.0,2123.0
11226.0,32836.0,7252.0,2966.0,1734.0,2327.0,4732.0,5607.0,4308.0,9012.0,2158.0
11614.0,32685.0,7913.0,3242.0,1913.0,2437.0,4640.0,5902.0,4811.0,9325.0,2221.0
12625.0,34242.0,8458.0,3623.0,2045.0,2670.0,4812.0,6513.0,5151.0,10170.0,2304.0
13905.0,38348.0,9074.0,3876.0,2161.0,2889.0,5058.0,7139.0,5399.0,11503.0,2419.0
14844.0,42614.0,9302.0,3982.0,2164.0,3031.0,5412.0,7597.0,5544.0,12523.0,2521.0
16006.0,47411.0,9306.0,4005.0,2119.0,3149.0,5912.0,8020.0,5629.0,13106.0,2675.0
17108.0,52219.0,9484.0,4030.0,2108.0,3279.0,6369.0,8298.0,5712.0,13509.0,2780.0
18357.0,53764.0,9512.0,4032.0,2144.0,3423.0,6628.0,8244.0,5798.0,13369.0,2801.0
19539.0,55133.0,9702.0,4080.0,2161.0,3521.0,6940.0,8252.0,5964.0,13348.0,2806.0
20531.0,57237.0,9676.0,4105.0,2185.0,3559.0,7385.0,8228.0,6041.0,13209.0,2757.0
21409.0,59706.0,9940.0,4083.0,2249.0,3590.0,7869.0,8140.0,6030.0,13151.0,2620.0
21760.0,61128.0,10063.0,4144.0,2280.0,3438.0,8176.0,7869.0,6189.0,12703.0,2553.0
21705.0,60846.0,9997.0,4252.0,2334.0,3367.0,8603.0,7923.0,6277.0,12903.0,2276.0
21225.0,62029.0,10255.0,4277.0,2382.0,3418.0,8898.0,7962.0,6340.0,13114.0,2322.0
20329.0,62926.0,10396.0,4295.0,2378.0,3330.0,8942.0,8112.0,6337.0,13490.0,2348.0
18794.0,63504.0,9998.0,4253.0,2261.0,3127.0,8792.0,8320.0,6076.0,13792.0,2263.0
17206.0,63981.0,9472.0,4052.0,2103.0,2878.0,8690.0,8271.0,5541.0,13842.0,2231.0
15930.0,60629.0,9051.0,3799.0,1976.0,2620.0,8113.0,7838.0,5100.0,13203.0,2293.0
14307.0,56100.0,8446.0,3509.0,1845.0,2442.0,7505.0,7492.0,4685.0,12668.0,2306.0
13126.0,50964.0,7897.0,3263.0,1734.0,2293.0,6932.0,6933.0,4299.0,11722.0,2207.0
12254.0,45181.0,7475.0,3026.0,1650.0,2175.0,6342.0,6387.0,4044.0,10763.0,2172.0
11538.0,40375.0,7221.0,2877.0,1576.0,2100.0,5715.0,5927.0,3843.0,9973.0,2160.0
11123.0,36771.0,6986.0,2792.0,1576.0,2023.0,5294.0,5599.0,3770.0,9402.0,2106.0
10716.0,34149.0,6885.0,2752.0,1549.0,2013.0,4979.0,5445.0,3732.0,9106.0,2122.0
10687.0,32605.0,6949.0,2746.0,1614.0,2069.0,4768.0,5356.0,3809.0,8907.0,2158.0
10530.0,31549.0,7168.0,2840.0,1667.0,2101.0,4636.0,5446.0,3920.0,8895.0,2136.0
11238.0,31732.0,7508.0,3000.0,1793.0,2436.0,4595.0,5595.0,4209.0,9123.0,2236.0
12626.0,33382.0,7943.0,3381.0,1874.0,2754.0,4589.0,5893.0,4871.0,9720.0,2580.0
13906.0,38703.0,8106.0,3561.0,1939.0,2899.0,4868.0,6938.0,5005.0,11340.0,2600.0
15477.0,42010.0,8374.0,3675.0,1980.0,3075.0,5277.0,7382.0,5176.0,12195.0,2617.0
16964.0,44982.0,8584.0,3749.0,1973.0,3227.0,5713.0,7600.0,5307.0,12602.0,2680.0
18479.0,48177.0,8836.0,3832.0,2029.0,3381.0,6136.0,7688.0,5494.0,12823.0,2743.0
19741.0,50684.0,9012.0,3880.0,2088.0,3520.0,6575.0,7685.0,5693.0,12848.0,2758.0
20730.0,54155.0,9126.0,3961.0,2130.0,3585.0,7062.0,7788.0,5830.0,12898.0,2781.0
21444.0,57488.0,9448.0,4023.0,2171.0,3638.0,7571.0,7851.0,6135.0,12946.0,2791.0
21816.0,60280.0,9646.0,4031.0,2137.0,3550.0,7911.0,7899.0,6252.0,12940.0,2663.0
21216.0,62634.0,9296.0,3994.0,2248.0,3225.0,8033.0,7945.0,6154.0,12883.0,2199.0
20625.0,60392.0,9664.0,3970.0,2259.0,3228.0,8196.0,7604.0,6109.0,12420.0,2386.0
19779.0,60321.0,10138.0,3990.0,2276.0,3144.0,8113.0,7714.0,6158.0,12645.0,2541.0
18367.0,59695.0,9852.0,3964.0,2201.0,2941.0,7987.0,7870.0,5790.0,12848.0,2505.0
17118.0,59939.0,9600.0,3850.0,2069.0,2749.0,7915.0,7807.0,5431.0,13033.0,2454.0
16013.0,57336.0,8887.0,3649.0,1924.0,2607.0,7518.0,7527.0,5087.0,12651.0,2265.0
14760.0,53871.0,8524.0,3403.0,1847.0,2427.0,7191.0,7150.0,4738.0,12123.0,2293.0
13459.0,49733.0,7855.0,3168.0,1719.0,2266.0,6692.0,6685.0,4342.0,11367.0,2221.0
12468.0,45044.0,7468.0,2951.0,1622.0,2146.0,6276.0,6244.0,4099.0,10603.0,2172.0
11721.0,40308.0,7153.0,2821.0,1569.0,2078.0,5650.0,5851.0,3953.0,9892.0,2180.0
11260.0,36600.0,7010.0,2727.0,1560.0,1998.0,5211.0,5572.0,3893.0,9310.0,2141.0
10814.0,34107.0,6836.0,2691.0,1546.0,1986.0,4926.0,5374.0,3855.0,8987.0,2137.0
10576.0,32441.0,6891.0,2669.0,1587.0,2017.0,4728.0,5305.0,3903.0,8805.0,2163.0
10350.0,31184.0,6996.0,2721.0,1617.0,2045.0,4568.0,5304.0,3968.0,8788.0,2158.0
10953.0,30960.0,7297.0,2873.0,1753.0,2372.0,4545.0,5413.0,4235.0,9011.0,2242.0
12298.0,32245.0,7764.0,3245.0,1833.0,2713.0,4484.0,5697.0,4864.0,9497.0,2534.0
13547.0,37199.0,8008.0,3458.0,1906.0,2842.0,4790.0,6705.0,5074.0,11118.0,2572.0
15074.0,40333.0,8353.0,3576.0,1939.0,3020.0,5171.0,7199.0,5310.0,11964.0,2648.0
16465.0,43464.0,8565.0,3670.0,1957.0,3144.0,5645.0,7438.0,5472.0,12347.0,2654.0
17616.0,47017.0,8886.0,3732.0,1987.0,3306.0,6109.0,7598.0,5722.0,12607.0,2711.0
18609.0,50447.0,9271.0,3782.0,2042.0,3430.0,6450.0,7625.0,5840.0,12615.0,2722.0
19642.0,54639.0,9614.0,3805.0,2065.0,3496.0,6754.0,7719.0,5892.0,12742.0,2780.0
20590.0,58263.0,10102.0,3833.0,2111.0,3549.0,7122.0,7795.0,5988.0,12794.0,2860.0
21170.0,60801.0,10370.0,3805.0,2112.0,3500.0,7483.0,7837.0,6000.0,12826.0,2731.0
20997.0,63328.0,9966.0,3750.0,2243.0,3199.0,7754.0,7872.0,6009.0,12872.0,2322.0
20452.0,61647.0,10414.0,3802.0,2310.0,3202.0,8024.0,7586.0,6068.0,12437.0,2447.0
19762.0,62026.0,10874.0,3879.0,2310.0,3111.0,8089.0,7817.0,6108.0,12868.0,2634.0
18259.0,61529.0,10548.0,3887.0,2228.0,2939.0,7987.0,8060.0,5888.0,13249.0,2596.0
16763.0,61586.0,10086.0,3773.0,2093.0,2722.0,7879.0,8062.0,5580.0,13451.0,2526.0
15401.0,58609.0,9494.0,3548.0,1885.0,2663.0,7461.0,7685.0,5140.0,12993.0,2456.0
13950.0,54499.0,8875.0,3271.0,1751.0,2485.0,7081.0,7090.0,4815.0,12108.0,2277.0
12685.0,49593.0,8065.0,3018.0,1629.0,2315.0,6607.0,6541.0,4388.0,11138.0,2219.0
11854.0,44742.0,7571.0,2866.0,1560.0,2211.0,6105.0,6121.0,4192.0,10350.0,2134.0
11211.0,39025.0,7323.0,2768.0,1522.0,2199.0,5563.0,5748.0,4016.0,9521.0,2121.0
10882.0,36101.0,7117.0,2722.0,1510.0,2193.0,5214.0,5516.0,3905.0,9117.0,2095.0
10849.0,33880.0,7138.0,2710.0,1569.0,2204.0,4990.0,5402.0,3986.0,8856.0,2096.0
11236.0,32264.0,7420.0,2806.0,1728.0,2350.0,4824.0,5442.0,4369.0,8895.0,2171.0
11784.0,31962.0,8141.0,3134.0,1907.0,2474.0,4813.0,5803.0,4846.0,9332.0,2227.0
12681.0,33981.0,8705.0,3546.0,2056.0,2694.0,4929.0,6496.0,5236.0,10269.0,2304.0
13696.0,38351.0,9198.0,3818.0,2161.0,2922.0,5307.0,7195.0,5520.0,11656.0,2437.0
14650.0,43103.0,9500.0,3908.0,2187.0,3043.0,5716.0,7696.0,5589.0,12605.0,2531.0
15551.0,48007.0,9486.0,3946.0,2139.0,3180.0,6242.0,8046.0,5633.0,13270.0,2655.0
16248.0,52813.0,9542.0,3931.0,2100.0,3267.0,6610.0,8326.0,5649.0,13573.0,2749.0
17141.0,54019.0,9626.0,3927.0,2090.0,3386.0,6968.0,8207.0,5654.0,13316.0,2768.0
17814.0,54807.0,9701.0,3927.0,2119.0,3418.0,7020.0,8240.0,5689.0,13334.0,2793.0
18687.0,55885.0,9682.0,3913.0,2147.0,3444.0,7188.0,8173.0,5697.0,13144.0,2722.0
19678.0,57645.0,10048.0,3872.0,2224.0,3450.0,7505.0,8119.0,5612.0,13059.0,2619.0
20066.0,58718.0,10157.0,3935.0,2228.0,3328.0,7678.0,7884.0,5707.0,12713.0,2548.0
20272.0,58405.0,10081.0,4026.0,2313.0,3282.0,7918.0,7970.0,5852.0,12902.0,2322.0
20230.0,59779.0,10341.0,4137.0,2396.0,3349.0,8137.0,8072.0,6026.0,13072.0,2362.0
19749.0,60808.0,10595.0,4221.0,2422.0,3275.0,8253.0,8308.0,6081.0,13562.0,2409.0
12396.0,54410.0,11686.0,4674.0,2757.0,3189.0,6445.0,9653.0,6592.0,16758.0,2789.0
11810.0,53398.0,11165.0,4459.0,2612.0,3076.0,6421.0,9476.0,6318.0,16439.0,2736.0
11069.0,50848.0,10509.0,4165.0,2453.0,2903.0,6211.0,9006.0,5901.0,15611.0,2670.0
10181.0,47900.0,9783.0,3827.0,2240.0,2704.0,6022.0,8446.0,5416.0,14708.0,2567.0
9510.0,44093.0,9194.0,3533.0,2071.0,2550.0,5720.0,7781.0,5039.0,13519.0,2460.0
9116.0,40091.0,8878.0,3325.0,1987.0,2468.0,5370.0,7140.0,4784.0,12314.0,2431.0
8851.0,36520.0,8785.0,3196.0,1948.0,2443.0,5006.0,6608.0,4687.0,11377.0,2441.0
8766.0,33830.0,8675.0,3135.0,1928.0,2362.0,4840.0,6300.0,4624.0,10908.0,2444.0
8955.0,32160.0,8660.0,3149.0,1932.0,2410.0,4732.0,6169.0,4609.0,10611.0,2392.0
9519.0,31295.0,9018.0,3270.0,2029.0,2481.0,4677.0,6104.0,4777.0,10545.0,2404.0
10659.0,31900.0,9683.0,3633.0,2254.0,2712.0,4723.0,6289.0,5375.0,10893.0,2441.0
11381.0,34031.0,10378.0,4059.0,2472.0,2934.0,4963.0,6915.0,6036.0,11936.0,2538.0
11623.0,38278.0,11046.0,4367.0,2587.0,3106.0,5297.0,7846.0,6499.0,13654.0,2733.0
11532.0,42909.0,11087.0,4436.0,2581.0,3119.0,5632.0,8519.0,6512.0,14837.0,2798.0
11243.0,46118.0,10781.0,4516.0,2521.0,3148.0,5877.0,8708.0,6575.0,15184.0,2972.0
11082.0,48063.0,10348.0,4487.0,2471.0,3101.0,6085.0,8835.0,6513.0,15305.0,3035.0
10967.0,47407.0,10124.0,4404.0,2409.0,2978.0,6014.0,8678.0,6390.0,15031.0,3030.0
10986.0,46410.0,10088.0,4337.0,2359.0,2952.0,5771.0,8511.0,6290.0,14748.0,3030.0
11010.0,46022.0,9928.0,4177.0,2374.0,2931.0,5580.0,8421.0,5993.0,14506.0,2885.0
11234.0,46067.0,10169.0,4145.0,2397.0,2862.0,5451.0,8300.0,5938.0,14371.0,2862.0
11491.0,44579.0,10491.0,4134.0,2473.0,2829.0,5331.0,8155.0,5945.0,14006.0,2692.0
12382.0,44677.0,11397.0,4354.0,2675.0,3018.0,5402.0,8162.0,6297.0,14117.0,2766.0
13296.0,46783.0,11936.0,4594.0,2778.0,3171.0,5711.0,8615.0,6665.0,15034.0,2848.0
13074.0,51966.0,11966.0,4625.0,2757.0,3161.0,6261.0,9219.0,6657.0,16000.0,2846.0
12434.0,54169.0,11590.0,4500.0,2655.0,3103.0,6461.0,9440.0,6408.0,16367.0,2773.0
11832.0,53179.0,11042.0,4310.0,2548.0,2986.0,6358.0,9219.0,6217.0,15978.0,2686.0
10986.0,50371.0,10486.0,4057.0,2396.0,2817.0,6160.0,8937.0,5820.0,15532.0,2642.0
10141.0,47354.0,9728.0,3726.0,2213.0,2633.0,5903.0,8397.0,5340.0,14587.0,2523.0
9380.0,43402.0,9235.0,3432.0,2042.0,2494.0,5608.0,7722.0,4942.0,13393.0,2446.0
8922.0,38723.0,8924.0,3227.0,1930.0,2400.0,5206.0,7089.0,4734.0,12237.0,2417.0
8649.0,35540.0,8876.0,3100.0,1874.0,2392.0,4869.0,6575.0,4589.0,11330.0,2449.0
8601.0,33640.0,8778.0,3037.0,1859.0,2327.0,4716.0,6278.0,4523.0,10801.0,2430.0
8714.0,32012.0,8771.0,3037.0,1917.0,2367.0,4579.0,6117.0,4555.0,10534.0,2394.0
9344.0,31173.0,9037.0,3184.0,1991.0,2474.0,4499.0,6069.0,4685.0,10419.0,2387.0
10413.0,31042.0,9730.0,3521.0,2199.0,2673.0,4608.0,6257.0,5243.0,10740.0,2409.0
11034.0,33073.0,10510.0,3971.0,2445.0,2899.0,4818.0,6846.0,5926.0,11791.0,2516.0
11362.0,37732.0,11054.0,4264.0,2529.0,3043.0,5203.0,7796.0,6375.0,13552.0,2686.0
11328.0,42250.0,11091.0,4357.0,2525.0,3086.0,5480.0,8400.0,6376.0,14680.0,2762.0
11202.0,45741.0,10833.0,4436.0,2481.0,3108.0,5757.0,8670.0,6519.0,15138.0,2970.0
11069.0,47954.0,10378.0,4412.0,2381.0,3101.0,5909.0,8786.0,6382.0,15185.0,3013.0
11108.0,47584.0,10120.0,4330.0,2334.0,3025.0,5870.0,8548.0,6241.0,14816.0,2986.0
11209.0,46604.0,10008.0,4289.0,2324.0,2963.0,5664.0,8383.0,6156.0,14439.0,2970.0
11382.0,46059.0,9879.0,4158.0,2294.0,2950.0,5543.0,8285.0,5937.0,14209.0,2853.0
11647.0,45994.0,10052.0,4120.0,2344.0,2869.0,5381.0,8168.0,5865.0,13983.0,2814.0
12037.0,44250.0,10399.0,4125.0,2413.0,2847.0,5286.0,7969.0,5859.0,13720.0,2670.0
12836.0,44389.0,11226.0,4320.0,2609.0,3031.0,5343.0,8013.0,6209.0,13871.0,2717.0
13549.0,46649.0,11664.0,4540.0,2735.0,3152.0,5709.0,8471.0,6567.0,14757.0,2794.0
13248.0,51609.0,11699.0,4580.0,2741.0,3163.0,6154.0,9165.0,6550.0,15931.0,2787.0
12560.0,53760.0,11260.0,4481.0,2629.0,3083.0,6378.0,9448.0,6333.0,16416.0,2733.0
11939.0,52902.0,10837.0,4262.0,2521.0,2991.0,6301.0,9309.0,6144.0,16269.0,2670.0
11078.0,49941.0,10295.0,4011.0,2365.0,2812.0,6063.0,8999.0,5798.0,15681.0,2632.0
10130.0,47164.0,9511.0,3698.0,2177.0,2625.0,5872.0,8507.0,5291.0,14871.0,2511.0
9343.0,43260.0,9052.0,3389.0,2055.0,2480.0,5547.0,7839.0,4941.0,13788.0,2415.0
8918.0,38739.0,8766.0,3172.0,1955.0,2381.0,5182.0,7236.0,4635.0,12584.0,2400.0
8660.0,34938.0,8715.0,3063.0,1917.0,2339.0,4848.0,6688.0,4554.0,11688.0,2415.0
8469.0,33151.0,8606.0,3016.0,1893.0,2291.0,4611.0,6420.0,4517.0,11200.0,2396.0
8645.0,31696.0,8632.0,3035.0,1908.0,2333.0,4528.0,6294.0,4523.0,10963.0,2386.0
9256.0,30355.0,8950.0,3165.0,2003.0,2440.0,4444.0,6244.0,4717.0,10980.0,2382.0
10329.0,30452.0,9623.0,3536.0,2228.0,2650.0,4480.0,6467.0,5260.0,11364.0,2411.0
11010.0,32353.0,10360.0,3973.0,2448.0,2877.0,4753.0,7127.0,5887.0,12466.0,2550.0
11415.0,37112.0,11039.0,4256.0,2560.0,3030.0,5131.0,8158.0,6346.0,14352.0,2681.0
11478.0,41646.0,11151.0,4336.0,2555.0,3067.0,5436.0,8736.0,6325.0,15450.0,2779.0
11348.0,45362.0,10913.0,4371.0,2495.0,3106.0,5740.0,8986.0,6465.0,15833.0,2945.0
11279.0,47704.0,10444.0,4332.0,2450.0,3062.0,5913.0,9066.0,6386.0,15935.0,3023.0
11166.0,47366.0,10207.0,4240.0,2355.0,3013.0,5875.0,8843.0,6200.0,15470.0,3018.0
11235.0,46599.0,10151.0,4143.0,2334.0,2968.0,5665.0,8559.0,6060.0,14997.0,3002.0
11053.0,45881.0,10030.0,3966.0,2292.0,2947.0,5617.0,8362.0,5788.0,14609.0,2848.0
11093.0,45800.0,10240.0,3923.0,2309.0,2867.0,5412.0,8250.0,5746.0,14317.0,2805.0
11426.0,43920.0,10588.0,3934.0,2393.0,2846.0,5367.0,8062.0,5759.0,14076.0,2678.0
12313.0,44114.0,11390.0,4190.0,2615.0,3038.0,5356.0,8150.0,6153.0,14162.0,2754.0
13037.0,46515.0,11943.0,4467.0,2766.0,3122.0,5726.0,8598.0,6486.0,14889.0,2818.0
12804.0,51383.0,11924.0,4490.0,2752.0,3123.0,6157.0,9367.0,6503.0,16377.0,2853.0
12383.0,53545.0,11509.0,4394.0,2684.0,3062.0,6334.0,9630.0,6335.0,16825.0,2767.0
11800.0,52712.0,11045.0,4225.0,2541.0,2956.0,6239.0,9540.0,6178.0,16629.0,2708.0
11027.0,49910.0,10458.0,3979.0,2362.0,2775.0,6025.0,9158.0,5807.0,15936.0,2644.0
10162.0,46908.0,9861.0,3676.0,2188.0,2588.0,5788.0,8641.0,5314.0,15079.0,2532.0
9309.0,42953.0,9208.0,3393.0,2045.0,2429.0,5463.0,7975.0,4869.0,13906.0,2432.0
8860.0,38436.0,8927.0,3209.0,1954.0,2349.0,5087.0,7319.0,4681.0,12790.0,2398.0
8547.0,34375.0,8827.0,3096.0,1928.0,2301.0,4679.0,6762.0,4557.0,11780.0,2447.0
8425.0,32005.0,8667.0,3030.0,1868.0,2227.0,4519.0,6480.0,4490.0,11324.0,2391.0
8518.0,30716.0,8723.0,3013.0,1866.0,2265.0,4360.0,6295.0,4519.0,11033.0,2361.0
9023.0,30049.0,9076.0,3154.0,1968.0,2345.0,4327.0,6291.0,4667.0,11011.0,2359.0
10096.0,29662.0,9718.0,3466.0,2192.0,2552.0,4322.0,6481.0,5214.0,11402.0,2378.0
10715.0,31565.0,10410.0,3892.0,2424.0,2787.0,4541.0,7124.0,5792.0,12471.0,2505.0
11201.0,36307.0,10934.0,4198.0,2554.0,2940.0,4909.0,8071.0,6261.0,14255.0,2677.0
11179.0,40834.0,11045.0,4308.0,2551.0,2997.0,5249.0,8679.0,6356.0,15480.0,2791.0
11030.0,44341.0,10712.0,4354.0,2504.0,3039.0,5583.0,9001.0,6417.0,15881.0,2929.0
10959.0,46523.0,10246.0,4303.0,2453.0,3023.0,5854.0,9130.0,6346.0,16112.0,2999.0
11020.0,46595.0,9989.0,4202.0,2381.0,2950.0,5753.0,8921.0,6193.0,15733.0,2965.0
11131.0,45901.0,9821.0,4100.0,2354.0,2935.0,5645.0,8697.0,6153.0,15281.0,2949.0
11179.0,45443.0,9668.0,3952.0,2317.0,2900.0,5517.0,8525.0,5931.0,14950.0,2771.0
11399.0,45537.0,9809.0,3899.0,2359.0,2812.0,5402.0,8446.0,5850.0,14740.0,2729.0
11702.0,43734.0,10188.0,3880.0,2441.0,2789.0,5358.0,8256.0,5848.0,14418.0,2586.0
12328.0,43850.0,10985.0,4074.0,2612.0,2943.0,5355.0,8309.0,6138.0,14607.0,2648.0
12903.0,46196.0,11324.0,4283.0,2711.0,3009.0,5664.0,8735.0,6398.0,15422.0,2716.0
12684.0,50704.0,11284.0,4288.0,2684.0,3025.0,6102.0,9203.0,6294.0,16182.0,2714.0
12033.0,52359.0,10833.0,4153.0,2592.0,2953.0,6261.0,9310.0,6063.0,16444.0,2620.0
11516.0,51489.0,10475.0,4009.0,2471.0,2873.0,6161.0,9114.0,5839.0,16016.0,2572.0
10857.0,48866.0,10251.0,3895.0,2334.0,2791.0,5938.0,8714.0,5668.0,15326.0,2754.0
10081.0,46105.0,9575.0,3637.0,2147.0,2623.0,5781.0,8599.0,5221.0,15055.0,2648.0
9446.0,42392.0,8981.0,3372.0,2011.0,2489.0,5496.0,8059.0,4819.0,14061.0,2555.0
8837.0,38159.0,8581.0,3151.0,1887.0,2376.0,5126.0,7422.0,4581.0,12884.0,2524.0
8543.0,34576.0,8527.0,3016.0,1849.0,2343.0,4761.0,6870.0,4387.0,11911.0,2528.0
8392.0,31813.0,8286.0,2928.0,1800.0,2315.0,4512.0,6504.0,4301.0,11280.0,2502.0
8276.0,30140.0,8132.0,2905.0,1799.0,2298.0,4364.0,6289.0,4271.0,10920.0,2469.0
8427.0,29544.0,8183.0,2936.0,1824.0,2336.0,4287.0,6230.0,4343.0,10768.0,2471.0
8811.0,28959.0,8349.0,3081.0,1899.0,2484.0,4259.0,6251.0,4564.0,10789.0,2487.0
9346.0,29097.0,8813.0,3274.0,2029.0,2628.0,4288.0,6440.0,4835.0,11119.0,2521.0
10036.0,30218.0,9226.0,3514.0,2168.0,2868.0,4275.0,6762.0,5243.0,11797.0,2680.0
10418.0,33079.0,9410.0,3720.0,2248.0,3004.0,4527.0,7259.0,5496.0,12693.0,2756.0
10605.0,36702.0,9463.0,3935.0,2269.0,3072.0,4797.0,7744.0,5842.0,13540.0,2960.0
10766.0,40720.0,9450.0,3978.0,2255.0,3074.0,5138.0,8161.0,5859.0,14238.0,2965.0
10868.0,42464.0,9465.0,4000.0,2253.0,3077.0,5278.0,8282.0,5871.0,14433.0,2984.0
10975.0,43511.0,9492.0,3972.0,2228.0,3086.0,5291.0,8341.0,5861.0,14509.0,3003.0
11108.0,44224.0,9548.0,3963.0,2240.0,3098.0,5327.0,8395.0,5885.0,14547.0,2986.0
11317.0,44467.0,9583.0,3974.0,2237.0,3112.0,5386.0,8410.0,5882.0,14595.0,2988.0
11278.0,44832.0,10008.0,3887.0,2293.0,2826.0,5446.0,8511.0,5705.0,14762.0,2814.0
11962.0,42492.0,10730.0,4016.0,2490.0,2955.0,5391.0,8469.0,5915.0,14770.0,2865.0
12446.0,43980.0,10811.0,4112.0,2515.0,2969.0,5718.0,8860.0,6020.0,15559.0,2886.0
12130.0,47179.0,10763.0,4084.0,2514.0,2973.0,6070.0,9220.0,5997.0,16107.0,2905.0
11708.0,47616.0,10539.0,3994.0,2460.0,2967.0,6072.0,9189.0,5868.0,15993.0,2860.0
11203.0,46972.0,10240.0,3860.0,2367.0,2901.0,5994.0,9006.0,5736.0,15737.0,2796.0
10557.0,45396.0,9683.0,3716.0,2230.0,2713.0,5841.0,8783.0,5485.0,15258.0,2708.0
9916.0,43459.0,9298.0,3462.0,2096.0,2577.0,5680.0,8403.0,5142.0,14587.0,2624.0
9300.0,40656.0,8852.0,3250.0,1943.0,2444.0,5445.0,7974.0,4760.0,13843.0,2568.0
8721.0,37360.0,8488.0,3043.0,1871.0,2335.0,5126.0,7464.0,4523.0,12934.0,2529.0
8370.0,34151.0,8423.0,2914.0,1787.0,2299.0,4780.0,6956.0,4364.0,12028.0,2532.0
8208.0,32100.0,8299.0,2864.0,1768.0,2267.0,4534.0,6606.0,4298.0,11437.0,2521.0
8087.0,30466.0,8187.0,2849.0,1750.0,2250.0,4327.0,6411.0,4228.0,11128.0,2492.0
8114.0,29374.0,8124.0,2884.0,1776.0,2256.0,4238.0,6311.0,4274.0,10985.0,2460.0
8436.0,28665.0,8271.0,3011.0,1857.0,2371.0,4113.0,6272.0,4423.0,10927.0,2439.0
8920.0,28491.0,8623.0,3201.0,1991.0,2521.0,4149.0,6474.0,4699.0,11299.0,2515.0
9587.0,29782.0,9028.0,3477.0,2079.0,2749.0,4177.0,6793.0,5109.0,11887.0,2646.0
10047.0,32253.0,9193.0,3680.0,2198.0,2906.0,4350.0,7215.0,5377.0,12759.0,2711.0
10430.0,35484.0,9271.0,3907.0,2222.0,2995.0,4640.0,7718.0,5743.0,13561.0,2932.0
10688.0,39319.0,9352.0,3997.0,2231.0,2997.0,4977.0,8148.0,5808.0,14340.0,2954.0
11059.0,40773.0,9440.0,4038.0,2248.0,3017.0,5109.0,8255.0,5866.0,14524.0,2963.0
11254.0,41078.0,9505.0,4004.0,2250.0,3017.0,5205.0,8313.0,5828.0,14527.0,2968.0
11456.0,42052.0,9694.0,3993.0,2244.0,3038.0,5249.0,8354.0,5883.0,14619.0,3032.0
11753.0,42618.0,9825.0,3993.0,2298.0,3074.0,5335.0,8352.0,5881.0,14613.0,3068.0
11753.0,43240.0,10349.0,3925.0,2397.0,2768.0,5415.0,8372.0,5694.0,14639.0,2890.0
12382.0,41135.0,11071.0,4106.0,2555.0,2935.0,5339.0,8429.0,5945.0,14798.0,2900.0
12835.0,42954.0,11142.0,4267.0,2578.0,2976.0,5631.0,8865.0,6069.0,15585.0,2940.0
12485.0,46946.0,11094.0,4274.0,2584.0,2962.0,5996.0,9258.0,6040.0,16272.0,2949.0
12054.0,47674.0,10803.0,4195.0,2490.0,2982.0,5996.0,9273.0,5940.0,16255.0,2914.0
11533.0,47302.0,10422.0,4045.0,2434.0,2890.0,5928.0,9152.0,5775.0,16038.0,2868.0
10559.0,45855.0,9639.0,3759.0,2250.0,2637.0,5792.0,8846.0,5289.0,15498.0,2528.0
9712.0,43348.0,9168.0,3452.0,2101.0,2489.0,5499.0,8044.0,4951.0,14192.0,2469.0
8987.0,40323.0,8736.0,3200.0,1959.0,2343.0,5295.0,7501.0,4680.0,13179.0,2396.0
8572.0,37240.0,8488.0,3033.0,1861.0,2282.0,4974.0,6954.0,4446.0,12163.0,2366.0
8377.0,33813.0,8338.0,2925.0,1835.0,2252.0,4606.0,6460.0,4336.0,11226.0,2387.0
8219.0,31766.0,8247.0,2890.0,1797.0,2178.0,4400.0,6223.0,4264.0,10737.0,2373.0
8329.0,30424.0,8275.0,2879.0,1831.0,2229.0,4276.0,6069.0,4240.0,10505.0,2341.0
8889.0,29634.0,8566.0,2990.0,1908.0,2323.0,4206.0,6046.0,4432.0,10403.0,2343.0
9777.0,29691.0,9177.0,3326.0,2153.0,2519.0,4258.0,6210.0,4950.0,10742.0,2375.0
10617.0,31284.0,9894.0,3757.0,2391.0,2771.0,4476.0,6812.0,5522.0,11728.0,2488.0
11213.0,35152.0,10517.0,4034.0,2487.0,2937.0,4774.0,7718.0,5924.0,13535.0,2634.0
11190.0,39661.0,10725.0,4164.0,2480.0,3007.0,5154.0,8350.0,6035.0,14712.0,2760.0
11089.0,43466.0,10535.0,4217.0,2417.0,3028.0,5463.0,8630.0,6165.0,15220.0,2943.0
11062.0,46036.0,10073.0,4219.0,2354.0,3020.0,5698.0,8773.0,6165.0,15391.0,3017.0
11114.0,45942.0,9998.0,4170.0,2311.0,2968.0,5654.0,8736.0,6051.0,15177.0,2996.0
11233.0,45231.0,10025.0,4117.0,2287.0,2947.0,5565.0,8621.0,5997.0,14944.0,2972.0
11452.0,44961.0,9890.0,3989.0,2256.0,2912.0,5536.0,8549.0,5749.0,14877.0,2826.0
11641.0,45129.0,10090.0,3948.0,2276.0,2822.0,5416.0,8523.0,5744.0,14753.0,2814.0
11890.0,43486.0,10451.0,3943.0,2371.0,2801.0,5352.0,8383.0,5740.0,14479.0,2646.0
12685.0,43747.0,11270.0,4162.0,2574.0,2974.0,5371.0,8480.0,6064.0,14576.0,2711.0
13380.0,45936.0,11625.0,4349.0,2673.0,3095.0,5676.0,8866.0,6348.0,15337.0,2750.0
13094.0,51206.0,11592.0,4317.0,2654.0,3071.0,6162.0,9276.0,6265.0,16104.0,2775.0
13587.0,50702.0,11792.0,4514.0,2613.0,3179.0,6092.0,8909.0,6365.0,15220.0,3003.0
12851.0,52533.0,11224.0,4469.0,2454.0,2973.0,6360.0,9114.0,6035.0,15632.0,2924.0
12177.0,52167.0,10819.0,4295.0,2349.0,2876.0,6346.0,8868.0,5714.0,15503.0,2931.0
11048.0,49955.0,10017.0,4014.0,2182.0,2704.0,6094.0,8429.0,5327.0,14915.0,2793.0
10176.0,46057.0,9389.0,3767.0,2059.0,2549.0,5740.0,7916.0,5106.0,14053.0,2713.0
9695.0,41773.0,8999.0,3564.0,1977.0,2429.0,5290.0,7284.0,4914.0,13011.0,2633.0
9251.0,38004.0,8761.0,3452.0,1935.0,2409.0,4843.0,7046.0,4828.0,12375.0,2615.0
9007.0,35445.0,8608.0,3395.0,1939.0,2387.0,4642.0,6808.0,4855.0,11985.0,2598.0
9070.0,33380.0,8589.0,3445.0,2010.0,2374.0,4481.0,6731.0,4963.0,11883.0,2614.0
9416.0,32410.0,8943.0,3609.0,2156.0,2500.0,4415.0,6845.0,5294.0,12013.0,2657.0
9876.0,32781.0,9711.0,3936.0,2323.0,2622.0,4413.0,7315.0,5752.0,12629.0,2716.0
10771.0,34400.0,10626.0,4322.0,2482.0,2805.0,4584.0,8003.0,6268.0,13772.0,2784.0
11316.0,38745.0,11394.0,4535.0,2579.0,2980.0,4913.0,8741.0,6400.0,15188.0,2846.0
11486.0,44053.0,11733.0,4523.0,2582.0,3126.0,5199.0,9021.0,6295.0,15819.0,2963.0
11446.0,48162.0,11800.0,4423.0,2516.0,3205.0,5624.0,9154.0,6160.0,15965.0,3075.0
11320.0,49625.0,11553.0,4321.0,2399.0,3220.0,5725.0,8973.0,5959.0,15475.0,3092.0
11136.0,48830.0,11410.0,4187.0,2380.0,3243.0,5647.0,8784.0,5888.0,14930.0,3100.0
11041.0,47537.0,11383.0,4129.0,2319.0,3243.0,5508.0,8474.0,5857.0,14350.0,3100.0
10998.0,47070.0,11357.0,4074.0,2313.0,3214.0,5402.0,8245.0,5759.0,13951.0,3092.0
11199.0,47377.0,11546.0,4020.0,2326.0,3195.0,5398.0,8153.0,5740.0,13690.0,3070.0
11556.0,46901.0,11704.0,4033.0,2382.0,3178.0,5338.0,7985.0,5808.0,13345.0,2949.0
12027.0,47690.0,12172.0,4132.0,2423.0,3190.0,5402.0,8088.0,6039.0,13520.0,2994.0
12854.0,48173.0,12676.0,4272.0,2531.0,3237.0,5495.0,8242.0,6239.0,13866.0,2994.0
13321.0,49131.0,12753.0,4359.0,2592.0,3279.0,5723.0,8620.0,6405.0,14604.0,3008.0
13173.0,51056.0,12577.0,4393.0,2527.0,3147.0,5912.0,8966.0,6341.0,15198.0,2952.0
12551.0,52610.0,11991.0,4374.0,2433.0,2978.0,6216.0,9073.0,6036.0,15475.0,2879.0
11991.0,52154.0,11316.0,4182.0,2310.0,2907.0,6221.0,8805.0,5683.0,15265.0,2877.0
10966.0,49360.0,10451.0,3902.0,2165.0,2749.0,6011.0,8341.0,5330.0,14607.0,2745.0
10127.0,45447.0,9815.0,3637.0,2035.0,2640.0,5597.0,7802.0,5042.0,13667.0,2637.0
9716.0,41043.0,9383.0,3458.0,1961.0,2550.0,5238.0,7147.0,4870.0,12660.0,2577.0
9351.0,37099.0,9141.0,3342.0,1937.0,2531.0,4801.0,6866.0,4809.0,11784.0,2564.0
9144.0,34713.0,8898.0,3279.0,1901.0,2514.0,4564.0,6610.0,4745.0,11360.0,2513.0
9271.0,33084.0,9053.0,3324.0,1981.0,2557.0,4440.0,6461.0,4895.0,11099.0,2540.0
9712.0,32467.0,9293.0,3497.0,2112.0,2674.0,4379.0,6561.0,5215.0,11183.0,2627.0
9818.0,32626.0,10019.0,3843.0,2308.0,2800.0,4397.0,6944.0,5681.0,11734.0,2657.0
10386.0,34298.0,10935.0,4256.0,2440.0,3000.0,4585.0,7619.0,6119.0,12841.0,2748.0
10918.0,38179.0,11665.0,4447.0,2557.0,3148.0,4894.0,8296.0,6314.0,14250.0,2839.0
11035.0,43547.0,11968.0,4457.0,2516.0,3198.0,5249.0,8654.0,6215.0,15044.0,2918.0
10793.0,47706.0,11808.0,4359.0,2470.0,3278.0,5580.0,8842.0,6061.0,15400.0,3031.0
10638.0,49313.0,11444.0,4253.0,2354.0,3246.0,5639.0,8788.0,5894.0,15319.0,3061.0
10760.0,48678.0,11231.0,4055.0,2272.0,3230.0,5573.0,8636.0,5788.0,15068.0,3071.0
10786.0,47706.0,11097.0,4185.0,2227.0,3193.0,5474.0,8417.0,5783.0,14623.0,3050.0
10834.0,47544.0,10950.0,4010.0,2232.0,3152.0,5367.0,8290.0,5676.0,14325.0,3026.0
11072.0,48051.0,11115.0,3960.0,2238.0,3115.0,5378.0,8145.0,5611.0,14075.0,3016.0
11508.0,47920.0,11107.0,4015.0,2294.0,3123.0,5334.0,7949.0,5672.0,13791.0,2892.0
11982.0,49007.0,11423.0,4110.0,2365.0,3161.0,5398.0,8049.0,5849.0,14066.0,2901.0
12660.0,49581.0,11722.0,4246.0,2458.0,3222.0,5535.0,8207.0,6031.0,14450.0,2914.0
13237.0,50351.0,11818.0,4321.0,2524.0,3326.0,5752.0,8516.0,6204.0,15111.0,2934.0
12986.0,52271.0,11777.0,4352.0,2462.0,3217.0,5951.0,8917.0,6103.0,15743.0,2872.0
12431.0,53420.0,11344.0,4301.0,2349.0,3074.0,6239.0,9046.0,5841.0,15866.0,2821.0
11982.0,52868.0,10714.0,4110.0,2194.0,2999.0,6240.0,8726.0,5502.0,15559.0,2808.0
10940.0,50108.0,9901.0,3801.0,2026.0,2832.0,5999.0,8283.0,5162.0,14784.0,2671.0
10080.0,46022.0,9177.0,3512.0,1918.0,2683.0,5590.0,7699.0,4818.0,13746.0,2576.0
9471.0,41335.0,8835.0,3321.0,1850.0,2588.0,5136.0,7025.0,4631.0,12687.0,2491.0
9214.0,37431.0,8634.0,3223.0,1817.0,2567.0,4724.0,6807.0,4568.0,11827.0,2477.0
9044.0,34784.0,8476.0,3157.0,1797.0,2572.0,4513.0,6512.0,4538.0,11339.0,2451.0
9084.0,33629.0,8545.0,3147.0,1853.0,2585.0,4359.0,6383.0,4645.0,11110.0,2446.0
9477.0,32338.0,8913.0,3263.0,1974.0,2719.0,4256.0,6403.0,4941.0,11053.0,2483.0
9615.0,32400.0,9514.0,3573.0,2154.0,2811.0,4300.0,6764.0,5401.0,11541.0,2538.0
10151.0,33747.0,10325.0,3961.0,2290.0,2985.0,4433.0,7392.0,5908.0,12474.0,2645.0
10742.0,37810.0,10868.0,4254.0,2439.0,3110.0,4738.0,8141.0,6157.0,13844.0,2728.0
10920.0,43267.0,10925.0,4359.0,2399.0,3201.0,5101.0,8549.0,6105.0,14765.0,2810.0
10967.0,47964.0,10662.0,4343.0,2337.0,3207.0,5506.0,8830.0,5979.0,15272.0,2940.0
10961.0,49735.0,10315.0,4278.0,2294.0,3189.0,5535.0,8863.0,5867.0,15340.0,2980.0
11099.0,49380.0,10188.0,4185.0,2263.0,3183.0,5502.0,8790.0,5774.0,15177.0,3005.0
11259.0,48856.0,10138.0,4140.0,2208.0,3151.0,5474.0,8566.0,5680.0,14771.0,3002.0
11409.0,48932.0,9950.0,4087.0,2190.0,3094.0,5443.0,8438.0,5624.0,14423.0,2929.0
11894.0,49708.0,9922.0,4036.0,2201.0,3060.0,5497.0,8296.0,5602.0,14163.0,2883.0
12262.0,49524.0,10008.0,4044.0,2228.0,3075.0,5514.0,8114.0,5615.0,13770.0,2777.0
12822.0,50741.0,10329.0,4146.0,2299.0,3083.0,5590.0,8138.0,5780.0,13868.0,2771.0
13299.0,51643.0,10753.0,4232.0,2371.0,3136.0,5748.0,8194.0,5934.0,14097.0,2804.0
13661.0,52198.0,10877.0,4310.0,2426.0,3207.0,5970.0,8421.0,6019.0,14695.0,2838.0
13198.0,54014.0,10760.0,4313.0,2358.0,3096.0,6147.0,8699.0,5941.0,15100.0,2784.0
12611.0,54584.0,10304.0,4240.0,2248.0,2966.0,6331.0,8753.0,5710.0,15220.0,2729.0
12009.0,53521.0,9820.0,3861.0,2117.0,2738.0,6308.0,8524.0,5018.0,14990.0,2451.0
10970.0,49497.0,9177.0,3568.0,1972.0,2576.0,5931.0,8134.0,4654.0,14389.0,2389.0
10081.0,45649.0,8752.0,3288.0,1869.0,2446.0,5592.0,7595.0,4314.0,13503.0,2390.0
9431.0,41088.0,8355.0,3099.0,1768.0,2355.0,5137.0,6928.0,4161.0,12485.0,2337.0
9021.0,37181.0,8146.0,2962.0,1721.0,2330.0,4669.0,6709.0,3965.0,11714.0,2324.0
8796.0,34366.0,8015.0,2892.0,1713.0,2313.0,4369.0,6390.0,3944.0,11173.0,2310.0
8699.0,32183.0,8015.0,2850.0,1693.0,2318.0,4150.0,6176.0,3947.0,10812.0,2317.0
8731.0,30871.0,8227.0,2898.0,1756.0,2368.0,4070.0,6127.0,4032.0,10698.0,2376.0
8438.0,29887.0,8456.0,3040.0,1815.0,2471.0,3993.0,6229.0,4230.0,10828.0,2423.0
9155.0,30000.0,8917.0,3342.0,1968.0,2891.0,3993.0,6441.0,4865.0,11241.0,2659.0
9803.0,30702.0,9231.0,3688.0,2052.0,2989.0,4050.0,6806.0,5279.0,11797.0,2824.0
10115.0,36265.0,9328.0,3880.0,2106.0,3010.0,4389.0,7439.0,5352.0,12989.0,2854.0
10457.0,39250.0,9550.0,3928.0,2100.0,3013.0,4718.0,7768.0,5362.0,13743.0,2881.0
10885.0,40952.0,9435.0,3914.0,2095.0,3037.0,4954.0,7884.0,5379.0,13977.0,2862.0
11292.0,42118.0,9518.0,3888.0,2106.0,3099.0,5133.0,7896.0,5367.0,13964.0,2885.0
11719.0,43405.0,9572.0,3867.0,2069.0,3125.0,5235.0,7804.0,5342.0,13799.0,2892.0
12183.0,44979.0,9621.0,3844.0,2095.0,3121.0,5394.0,7758.0,5335.0,13666.0,2903.0
12667.0,46271.0,9534.0,3805.0,2084.0,3151.0,5514.0,7707.0,5295.0,13521.0,2862.0
13226.0,47338.0,9680.0,3824.0,2133.0,3069.0,5638.0,7604.0,5313.0,13330.0,2851.0
13725.0,48292.0,9830.0,3795.0,2144.0,2926.0,5758.0,7644.0,5259.0,13372.0,2645.0
13898.0,48910.0,9983.0,3708.0,2212.0,2828.0,5855.0,7637.0,5119.0,13422.0,2432.0
14098.0,48293.0,10547.0,3725.0,2260.0,2996.0,5976.0,7808.0,5234.0,13772.0,2673.0
13823.0,49342.0,10631.0,3752.0,2246.0,2954.0,6074.0,7961.0,5257.0,14029.0,2690.0
13089.0,50150.0,10351.0,3783.0,2159.0,2864.0,6191.0,8113.0,5080.0,14238.0,2615.0
12306.0,50220.0,9491.0,3645.0,2041.0,2669.0,6201.0,8028.0,4757.0,14227.0,2382.0
11333.0,47670.0,8936.0,3442.0,1918.0,2554.0,5939.0,7713.0,4510.0,13836.0,2319.0
10465.0,44320.0,8527.0,3195.0,1874.0,2426.0,5539.0,7310.0,4247.0,13082.0,2368.0
9737.0,40454.0,8221.0,3041.0,1782.0,2324.0,5178.0,6776.0,4058.0,12247.0,2345.0
9209.0,36285.0,7961.0,2910.0,1729.0,2288.0,4705.0,6542.0,3922.0,11505.0,2322.0
8850.0,33284.0,7839.0,2851.0,1708.0,2272.0,4424.0,6276.0,3888.0,10972.0,2314.0
8700.0,31312.0,7785.0,2824.0,1690.0,2268.0,4173.0,6059.0,3871.0,10729.0,2322.0
8634.0,29837.0,8016.0,2870.0,1712.0,2283.0,4055.0,5997.0,3998.0,10529.0,2389.0
8529.0,28997.0,8099.0,3001.0,1815.0,2388.0,3996.0,6060.0,4177.0,10666.0,2395.0
9374.0,28809.0,8514.0,3285.0,1972.0,2806.0,3988.0,6232.0,4736.0,11001.0,2598.0
10041.0,29418.0,8730.0,3600.0,2089.0,2922.0,4056.0,6578.0,5127.0,11570.0,2746.0
10562.0,35099.0,8925.0,3735.0,2149.0,2958.0,4345.0,7191.0,5167.0,12683.0,2777.0
11123.0,38019.0,9026.0,3767.0,2214.0,2970.0,4697.0,7608.0,5071.0,13558.0,2824.0
11827.0,39589.0,9048.0,3761.0,2212.0,3020.0,4900.0,7753.0,5154.0,13854.0,2851.0
12502.0,41361.0,9193.0,3758.0,2227.0,3085.0,5149.0,7852.0,5148.0,14002.0,2848.0
13302.0,42767.0,9300.0,3778.0,2234.0,3130.0,5319.0,7793.0,5173.0,13924.0,2875.0
13920.0,44707.0,9376.0,3770.0,2234.0,3180.0,5561.0,7852.0,5183.0,13975.0,2895.0
14450.0,46252.0,9525.0,3753.0,2294.0,3236.0,5739.0,7847.0,5215.0,13937.0,2929.0
15176.0,47774.0,9767.0,3821.0,2346.0,3147.0,5930.0,7862.0,5333.0,13899.0,2949.0
15560.0,49093.0,9883.0,3834.0,2457.0,3022.0,6168.0,7910.0,5308.0,13949.0,2745.0
15349.0,49912.0,9908.0,3772.0,2490.0,2921.0,6448.0,7976.0,5218.0,14059.0,2525.0
15394.0,49477.0,10604.0,3811.0,2538.0,3100.0,6507.0,8146.0,5357.0,14355.0,2787.0
14872.0,50709.0,10701.0,3852.0,2477.0,3023.0,6679.0,8347.0,5369.0,14619.0,2795.0
13896.0,51512.0,10331.0,3842.0,2359.0,2880.0,6721.0,8481.0,5135.0,14989.0,2731.0
12858.0,51454.0,9448.0,3859.0,2216.0,2797.0,6684.0,8316.0,5145.0,14958.0,2724.0
11720.0,49396.0,8846.0,3615.0,2089.0,2649.0,6550.0,7903.0,4831.0,14403.0,2641.0
10542.0,45378.0,8335.0,3364.0,1986.0,2493.0,6070.0,7440.0,4561.0,13558.0,2573.0
9830.0,41672.0,7946.0,3220.0,1883.0,2400.0,5535.0,6919.0,4333.0,12537.0,2523.0
9419.0,37292.0,7807.0,3134.0,1861.0,2374.0,5037.0,6689.0,4268.0,11861.0,2529.0
9154.0,34503.0,7650.0,3095.0,1852.0,2348.0,4693.0,6442.0,4240.0,11465.0,2508.0
9050.0,32573.0,7767.0,3099.0,1881.0,2374.0,4474.0,6397.0,4359.0,11363.0,2491.0
9369.0,31456.0,8203.0,3276.0,2052.0,2477.0,4408.0,6494.0,4707.0,11453.0,2565.0
9565.0,31449.0,8953.0,3628.0,2241.0,2597.0,4342.0,6915.0,5188.0,12195.0,2604.0
10291.0,32755.0,9788.0,4023.0,2399.0,2807.0,4438.0,7664.0,5681.0,13364.0,2673.0
11092.0,36907.0,10330.0,4290.0,2516.0,2966.0,4689.0,8386.0,5862.0,14750.0,2758.0
11506.0,42424.0,10523.0,4359.0,2505.0,3078.0,5169.0,8655.0,5806.0,15414.0,2870.0
11936.0,47512.0,10471.0,4327.0,2470.0,3204.0,5599.0,8858.0,5797.0,15619.0,2964.0
12501.0,50269.0,10426.0,4272.0,2408.0,3273.0,5899.0,8779.0,5715.0,15337.0,3018.0
12974.0,50536.0,10555.0,4175.0,2358.0,3304.0,6016.0,8628.0,5702.0,14915.0,3036.0
13633.0,50204.0,10871.0,4121.0,2320.0,3343.0,5911.0,8392.0,5645.0,14411.0,3022.0
14153.0,50829.0,10921.0,4083.0,2290.0,3342.0,6290.0,8227.0,5548.0,14028.0,3024.0
14766.0,51994.0,11098.0,4027.0,2303.0,3361.0,6464.0,8133.0,5559.0,13868.0,2996.0
15371.0,52487.0,11380.0,4061.0,2342.0,3331.0,6646.0,7933.0,5610.0,13485.0,2941.0
15959.0,53899.0,11814.0,4134.0,2426.0,3334.0,6940.0,7982.0,5796.0,13527.0,2934.0
16343.0,54815.0,12220.0,4256.0,2503.0,3348.0,7229.0,8104.0,5956.0,13791.0,2939.0
16281.0,55434.0,12285.0,4328.0,2561.0,3371.0,7525.0,8364.0,6100.0,14323.0,2957.0
15829.0,56757.0,12089.0,4340.0,2490.0,3230.0,7649.0,8698.0,6064.0,14921.0,2919.0
14598.0,56822.0,11520.0,4337.0,2409.0,2996.0,7693.0,8891.0,5790.0,15275.0,2847.0
13480.0,55910.0,10857.0,4133.0,2271.0,2887.0,7532.0,8689.0,5427.0,15250.0,2846.0
12139.0,51970.0,10027.0,3824.0,2139.0,2719.0,7126.0,8237.0,5093.0,14606.0,2717.0
10935.0,47322.0,9501.0,3596.0,2002.0,2544.0,6527.0,7687.0,4851.0,13721.0,2615.0
10140.0,42657.0,8982.0,3415.0,1931.0,2451.0,5900.0,7072.0,4719.0,12752.0,2568.0
9515.0,38277.0,8775.0,3313.0,1906.0,2418.0,5311.0,6836.0,4628.0,11966.0,2535.0
9220.0,35490.0,8672.0,3268.0,1905.0,2408.0,4902.0,6586.0,4609.0,11583.0,2510.0
8993.0,33360.0,8715.0,3321.0,1950.0,2415.0,4626.0,6507.0,4753.0,11448.0,2520.0
9282.0,32259.0,9177.0,3494.0,2101.0,2525.0,4429.0,6615.0,5090.0,11633.0,2575.0
9494.0,32072.0,9893.0,3817.0,2283.0,2645.0,4410.0,7029.0,5604.0,12307.0,2623.0
10276.0,33684.0,10875.0,4225.0,2413.0,2843.0,4507.0,7729.0,6064.0,13511.0,2713.0
11016.0,36840.0,11634.0,4434.0,2527.0,2996.0,4763.0,8450.0,6220.0,14947.0,2772.0
11539.0,41991.0,11913.0,4428.0,2494.0,3102.0,5081.0,8756.0,6081.0,15622.0,2862.0
12006.0,46699.0,11886.0,4354.0,2421.0,3191.0,5538.0,8836.0,5957.0,15736.0,3005.0
12404.0,49200.0,11498.0,4238.0,2320.0,3211.0,5659.0,8687.0,5833.0,15344.0,3017.0
12786.0,49126.0,11249.0,4159.0,2273.0,3245.0,5579.0,8531.0,5722.0,14813.0,3019.0
13203.0,48565.0,11163.0,4089.0,2234.0,3269.0,5621.0,8303.0,5686.0,14301.0,3033.0
13706.0,48613.0,10958.0,4016.0,2197.0,3233.0,5585.0,8128.0,5602.0,13859.0,3004.0
14303.0,49709.0,11083.0,3988.0,2212.0,3226.0,5626.0,8054.0,5585.0,13667.0,3012.0
14852.0,50294.0,11209.0,4016.0,2249.0,3201.0,5682.0,7904.0,5664.0,13384.0,2911.0
15410.0,51830.0,11494.0,4133.0,2334.0,3207.0,5828.0,7926.0,5819.0,13409.0,2907.0
15749.0,52695.0,11841.0,4257.0,2431.0,3215.0,5991.0,8077.0,6035.0,13703.0,2919.0
15889.0,53648.0,11841.0,4370.0,2488.0,3292.0,6297.0,8336.0,6147.0,14277.0,2912.0
20912.0,60889.0,13229.0,4855.0,2521.0,3897.0,9761.0,8839.0,6869.0,14584.0,2878.0
19027.0,60193.0,12754.0,4784.0,2403.0,3571.0,9511.0,8720.0,6624.0,14381.0,2843.0
17448.0,58897.0,11751.0,4645.0,2212.0,3288.0,9251.0,8547.0,6115.0,14032.0,2846.0
15678.0,56468.0,10623.0,4328.0,2056.0,3004.0,8874.0,8244.0,5552.0,13757.0,2689.0
13901.0,51285.0,9732.0,4022.0,1898.0,2795.0,8121.0,7673.0,5064.0,12837.0,2612.0
12927.0,45698.0,9144.0,3775.0,1841.0,2640.0,7471.0,6937.0,4791.0,11738.0,2581.0
12057.0,40884.0,8749.0,3623.0,1781.0,2538.0,6832.0,6633.0,4593.0,10824.0,2515.0
11535.0,37539.0,8399.0,3510.0,1779.0,2497.0,6371.0,6288.0,4450.0,10220.0,2465.0
11194.0,35412.0,8254.0,3450.0,1792.0,2504.0,6052.0,6065.0,4459.0,9960.0,2434.0
11046.0,34089.0,8387.0,3516.0,1878.0,2592.0,5795.0,6087.0,4666.0,9804.0,2427.0
11608.0,33691.0,8987.0,3699.0,2021.0,2811.0,5700.0,6286.0,5075.0,10044.0,2501.0
12922.0,34900.0,9785.0,4143.0,2202.0,3116.0,5706.0,6736.0,5739.0,10611.0,2639.0
14579.0,40198.0,10805.0,4464.0,2369.0,3411.0,5986.0,7424.0,6220.0,11654.0,2733.0
15825.0,45829.0,11280.0,4628.0,2405.0,3656.0,6624.0,7980.0,6388.0,12638.0,2839.0
16964.0,51891.0,11601.0,4713.0,2376.0,3868.0,7405.0,8428.0,6483.0,13420.0,2918.0
18007.0,55419.0,11681.0,4811.0,2382.0,4050.0,7946.0,8504.0,6750.0,13551.0,3040.0
18564.0,57000.0,11928.0,4897.0,2377.0,4195.0,8367.0,8622.0,6932.0,13637.0,3090.0
19566.0,57938.0,12155.0,5003.0,2399.0,4288.0,8638.0,8676.0,7071.0,13658.0,3132.0
20594.0,59417.0,12429.0,5032.0,2430.0,4343.0,9083.0,8672.0,7146.0,13608.0,3062.0
21498.0,61109.0,12971.0,5108.0,2464.0,4479.0,9411.0,8644.0,7397.0,13539.0,3117.0
22368.0,62485.0,13350.0,5269.0,2532.0,4489.0,9756.0,8598.0,7572.0,13384.0,3141.0
22867.0,65180.0,13805.0,5432.0,2594.0,4505.0,10148.0,8733.0,7796.0,13666.0,3084.0
22999.0,67328.0,14228.0,5544.0,2625.0,4395.0,10353.0,8817.0,7809.0,13846.0,3083.0
22209.0,67660.0,14012.0,5576.0,2578.0,4252.0,10697.0,9007.0,7647.0,14277.0,3040.0
21066.0,68604.0,13504.0,5479.0,2514.0,4069.0,10951.0,9134.0,7419.0,14568.0,3024.0
19369.0,66957.0,13293.0,5325.0,2399.0,3751.0,10606.0,8998.0,7073.0,14386.0,2984.0
17406.0,64683.0,12534.0,5093.0,2231.0,3428.0,10266.0,8768.0,6520.0,14073.0,2948.0
15571.0,61698.0,11442.0,4679.0,2057.0,3136.0,9773.0,8490.0,5917.0,13844.0,2806.0
14022.0,55933.0,10397.0,4309.0,1903.0,2908.0,8943.0,7871.0,5378.0,12979.0,2711.0
12789.0,49519.0,9696.0,3984.0,1818.0,2743.0,8193.0,7125.0,5025.0,11950.0,2615.0
11956.0,44104.0,9192.0,3735.0,1761.0,2665.0,7182.0,6754.0,4715.0,10914.0,2535.0
11401.0,40327.0,8809.0,3592.0,1733.0,2572.0,6748.0,6375.0,4556.0,10275.0,2475.0
11095.0,37940.0,8701.0,3534.0,1742.0,2608.0,6231.0,6107.0,4545.0,9964.0,2475.0
11022.0,36295.0,8712.0,3566.0,1843.0,2703.0,5908.0,6111.0,4721.0,9879.0,2475.0
11729.0,35970.0,9197.0,3749.0,1997.0,2910.0,5799.0,6329.0,5196.0,10071.0,2518.0
13077.0,37163.0,9857.0,4204.0,2190.0,3235.0,5772.0,6786.0,5902.0,10578.0,2708.0
14957.0,42171.0,11036.0,4582.0,2367.0,3593.0,6082.0,7503.0,6407.0,11670.0,2846.0
16266.0,47875.0,11680.0,4810.0,2395.0,3832.0,6740.0,8137.0,6743.0,12776.0,2893.0
17470.0,54502.0,12070.0,4926.0,2402.0,4068.0,7616.0,8593.0,6982.0,13539.0,3043.0
18757.0,58948.0,12213.0,5062.0,2420.0,4293.0,8241.0,8774.0,7240.0,13669.0,3125.0
19748.0,61192.0,12438.0,5231.0,2484.0,4466.0,8811.0,8958.0,7554.0,13771.0,3223.0
20802.0,62923.0,12659.0,5374.0,2514.0,4546.0,9186.0,9128.0,7792.0,13925.0,3264.0
21903.0,64721.0,12887.0,5474.0,2549.0,4599.0,9652.0,9261.0,7836.0,13951.0,3205.0
23265.0,66741.0,13297.0,5644.0,2635.0,4681.0,10057.0,9260.0,8109.0,13922.0,3256.0
23852.0,68545.0,13603.0,5813.0,2673.0,4660.0,10507.0,9314.0,8258.0,13855.0,3275.0
24545.0,70961.0,13913.0,6000.0,2712.0,4630.0,10968.0,9452.0,8506.0,14120.0,3193.0
24531.0,73085.0,14254.0,6093.0,2763.0,4508.0,11260.0,9621.0,8510.0,14407.0,3189.0
23823.0,72939.0,14092.0,6092.0,2729.0,4441.0,11590.0,9841.0,8311.0,14910.0,3152.0
22781.0,73785.0,13722.0,5972.0,2619.0,4237.0,11851.0,9878.0,8058.0,15156.0,3126.0
20767.0,72282.0,13214.0,5743.0,2479.0,3912.0,11533.0,9686.0,7626.0,14990.0,3074.0
18493.0,69543.0,12272.0,5480.0,2277.0,3640.0,11025.0,9410.0,7001.0,14607.0,3016.0
16601.0,65869.0,11528.0,5021.0,2088.0,3337.0,10526.0,9062.0,6333.0,14365.0,2860.0
14926.0,59185.0,10450.0,4583.0,1905.0,3068.0,9485.0,8333.0,5685.0,13431.0,2726.0
13784.0,52285.0,9785.0,4237.0,1819.0,2849.0,8607.0,7408.0,5298.0,12257.0,2634.0
12658.0,46012.0,9319.0,3984.0,1739.0,2756.0,7741.0,7097.0,5039.0,11225.0,2573.0
11865.0,41959.0,8887.0,3803.0,1712.0,2730.0,7122.0,6650.0,4851.0,10588.0,2488.0
11562.0,39195.0,8739.0,3705.0,1719.0,2753.0,6605.0,6375.0,4787.0,10196.0,2455.0
11556.0,37066.0,8746.0,3723.0,1792.0,2853.0,6232.0,6291.0,4919.0,10060.0,2432.0
12068.0,36601.0,9327.0,3878.0,1978.0,3036.0,6066.0,6431.0,5336.0,10143.0,2491.0
13557.0,37723.0,10053.0,4339.0,2158.0,3353.0,5999.0,6836.0,6093.0,10613.0,2690.0
15440.0,42685.0,10865.0,4777.0,2343.0,3673.0,6275.0,7601.0,6686.0,11774.0,2780.0
17282.0,49022.0,11377.0,5028.0,2417.0,3902.0,6936.0,8310.0,7004.0,12912.0,2894.0
18683.0,56076.0,11605.0,5224.0,2406.0,4068.0,7917.0,8878.0,7293.0,13930.0,3029.0
20149.0,61001.0,11830.0,5378.0,2423.0,4222.0,8611.0,9133.0,7536.0,14185.0,3156.0
21579.0,63776.0,12050.0,5558.0,2536.0,4332.0,9176.0,9375.0,7782.0,14446.0,3255.0
22979.0,65821.0,12175.0,5772.0,2586.0,4368.0,9771.0,9642.0,8043.0,14731.0,3273.0
24458.0,67983.0,12361.0,5845.0,2635.0,4359.0,10403.0,9826.0,8078.0,14882.0,3207.0
25517.0,70298.0,12829.0,6043.0,2703.0,4400.0,10962.0,9896.0,8305.0,14988.0,3223.0
26379.0,72113.0,13132.0,6176.0,2737.0,4336.0,11362.0,10000.0,8450.0,15184.0,3215.0
26757.0,74455.0,13250.0,6305.0,2800.0,4247.0,11925.0,10194.0,8577.0,15531.0,3137.0
26846.0,76455.0,13468.0,6384.0,2845.0,4106.0,12086.0,10364.0,8539.0,15846.0,3114.0
25896.0,76448.0,13162.0,6380.0,2791.0,4069.0,12306.0,10502.0,8348.0,16223.0,3082.0
24840.0,76980.0,12786.0,6240.0,2687.0,3890.0,12297.0,10546.0,8070.0,16371.0,3048.0
22984.0,75045.0,12519.0,6005.0,2572.0,3602.0,12010.0,10274.0,7695.0,16091.0,2980.0
20899.0,72122.0,11656.0,5771.0,2420.0,3515.0,11576.0,9894.0,7159.0,15602.0,2965.0
18923.0,68370.0,10545.0,5356.0,2227.0,3243.0,11005.0,9427.0,6590.0,15154.0,2798.0
17138.0,61715.0,9721.0,4900.0,2034.0,2992.0,10149.0,8692.0,5981.0,14140.0,2760.0
15585.0,54701.0,9085.0,4518.0,1915.0,2807.0,9192.0,7660.0,5558.0,12938.0,2686.0
14619.0,48661.0,8727.0,4278.0,1853.0,2681.0,8318.0,7405.0,5262.0,11830.0,2618.0
14048.0,43905.0,8388.0,4066.0,1801.0,2593.0,7838.0,6880.0,5008.0,11053.0,2550.0
13459.0,40659.0,8099.0,3918.0,1792.0,2550.0,7310.0,6450.0,4893.0,10526.0,2510.0
13003.0,38396.0,7996.0,3817.0,1773.0,2570.0,6691.0,6276.0,4833.0,10216.0,2509.0
12744.0,36804.0,8231.0,3832.0,1901.0,2687.0,6600.0,6160.0,4992.0,9985.0,2552.0
13640.0,36397.0,8735.0,4058.0,2052.0,3046.0,6208.0,6295.0,5448.0,10067.0,2671.0
15318.0,38680.0,9279.0,4454.0,2163.0,3366.0,6183.0,6700.0,6076.0,10598.0,2844.0
17490.0,43752.0,9778.0,4710.0,2294.0,3630.0,6680.0,7653.0,6516.0,11994.0,2936.0
19774.0,48441.0,10299.0,5013.0,2360.0,3895.0,7352.0,8109.0,6962.0,12779.0,3090.0
22120.0,53597.0,10683.0,5281.0,2442.0,4127.0,8238.0,8476.0,7309.0,13384.0,3189.0
23687.0,58679.0,11122.0,5499.0,2517.0,4312.0,9112.0,8874.0,7743.0,13893.0,3265.0
25472.0,62989.0,11362.0,5735.0,2575.0,4463.0,9917.0,9199.0,7994.0,14265.0,3323.0
26385.0,67704.0,11275.0,5914.0,2654.0,4513.0,10784.0,9505.0,8134.0,14559.0,3299.0
27005.0,71019.0,11257.0,6057.0,2683.0,4514.0,11442.0,9686.0,8304.0,14795.0,3311.0
27237.0,73222.0,11365.0,6148.0,2661.0,4352.0,11817.0,9878.0,8434.0,14959.0,3270.0
27078.0,75266.0,11328.0,6130.0,2680.0,4067.0,12034.0,9983.0,8451.0,15069.0,3017.0
26583.0,75107.0,11800.0,6134.0,2698.0,3953.0,12097.0,9874.0,8319.0,14890.0,3059.0
25642.0,75396.0,11933.0,6098.0,2624.0,3870.0,12279.0,9923.0,8092.0,15177.0,3063.0
24959.0,74364.0,11792.0,5925.0,2535.0,3739.0,12150.0,9921.0,7793.0,15319.0,2986.0
23056.0,72521.0,11636.0,5770.0,2481.0,3500.0,11818.0,9667.0,7458.0,15085.0,2914.0
21413.0,70387.0,10868.0,5606.0,2353.0,3416.0,11506.0,9394.0,7020.0,14731.0,2816.0
19627.0,67243.0,10113.0,5236.0,2178.0,3161.0,11002.0,9055.0,6439.0,14492.0,2719.0
18196.0,61957.0,9381.0,4815.0,2023.0,2932.0,9895.0,8470.0,5915.0,13719.0,2708.0
16915.0,55853.0,8774.0,4463.0,1924.0,2753.0,9198.0,7587.0,5559.0,12694.0,2607.0
15771.0,49365.0,8425.0,4226.0,1834.0,2650.0,8394.0,7346.0,5310.0,11665.0,2577.0
14752.0,44695.0,8076.0,4011.0,1793.0,2546.0,7833.0,6913.0,5135.0,10938.0,2493.0
14108.0,41282.0,7803.0,3865.0,1746.0,2510.0,7009.0,6479.0,5048.0,10411.0,2457.0
13567.0,38964.0,7737.0,3759.0,1768.0,2521.0,6697.0,6320.0,4974.0,10164.0,2464.0
13395.0,37115.0,7900.0,3734.0,1829.0,2619.0,6501.0,6173.0,5102.0,9919.0,2503.0
14372.0,36225.0,8250.0,3979.0,1966.0,2975.0,6175.0,6252.0,5552.0,10002.0,2617.0
16065.0,37991.0,8719.0,4398.0,2100.0,3278.0,6092.0,6680.0,6123.0,10517.0,2808.0
17929.0,42719.0,9201.0,4732.0,2201.0,3495.0,6507.0,7630.0,6494.0,11986.0,2891.0
20145.0,47170.0,9613.0,5045.0,2308.0,3732.0,7231.0,8110.0,6962.0,12790.0,3038.0
21263.0,52172.0,9794.0,5311.0,2395.0,3940.0,8220.0,8597.0,7324.0,13467.0,3154.0
23045.0,57635.0,10089.0,5567.0,2503.0,4104.0,9074.0,9042.0,7672.0,14109.0,3225.0
24166.0,62088.0,10299.0,5777.0,2582.0,4221.0,9856.0,9380.0,7964.0,14564.0,3277.0
25020.0,66244.0,10340.0,5965.0,2642.0,4294.0,10582.0,9764.0,8157.0,14987.0,3285.0
25964.0,69129.0,10737.0,6122.0,2704.0,4330.0,11332.0,10032.0,8352.0,15343.0,3348.0
26372.0,70370.0,10949.0,6268.0,2737.0,4219.0,11842.0,10286.0,8486.0,15661.0,3330.0
25994.0,71760.0,11059.0,6294.0,2823.0,3940.0,12123.0,10454.0,8525.0,15883.0,3069.0
25316.0,71792.0,11384.0,6342.0,2849.0,3791.0,12234.0,10424.0,8457.0,15786.0,3129.0
24566.0,72192.0,11334.0,6276.0,2774.0,3707.0,12426.0,10502.0,8253.0,16160.0,3134.0
23997.0,71277.0,11319.0,6097.0,2735.0,3636.0,12357.0,10458.0,7974.0,16246.0,3027.0
22629.0,69282.0,11141.0,5754.0,2582.0,3329.0,12047.0,10232.0,7649.0,16085.0,3058.0
20867.0,67460.0,10343.0,5475.0,2331.0,2947.0,11456.0,10078.0,6962.0,15672.0,2742.0
19449.0,64186.0,9666.0,5057.0,2147.0,2753.0,10869.0,9208.0,6347.0,14665.0,2664.0
17670.0,58703.0,8872.0,4673.0,1951.0,2539.0,10151.0,8490.0,5718.0,13761.0,2565.0
16012.0,52778.0,8343.0,4315.0,1840.0,2428.0,9251.0,7482.0,5343.0,12476.0,2471.0
15113.0,46287.0,8046.0,4090.0,1770.0,2346.0,8377.0,7327.0,5069.0,11493.0,2428.0
14411.0,42487.0,7735.0,3926.0,1716.0,2305.0,7826.0,6872.0,4892.0,10820.0,2343.0
14096.0,39563.0,7639.0,3826.0,1733.0,2325.0,7041.0,6530.0,4856.0,10315.0,2321.0
13969.0,37687.0,7821.0,3818.0,1826.0,2413.0,6530.0,6458.0,4984.0,10110.0,2347.0
14507.0,37226.0,8321.0,4004.0,2008.0,2622.0,6416.0,6562.0,5493.0,10158.0,2409.0
15904.0,38509.0,8969.0,4402.0,2212.0,2854.0,6431.0,6996.0,6147.0,10673.0,2565.0
17638.0,41957.0,9696.0,4881.0,2444.0,3090.0,7042.0,7777.0,6780.0,11851.0,2632.0
19177.0,47643.0,10123.0,5265.0,2529.0,3240.0,7806.0,8561.0,7215.0,13214.0,2803.0
20399.0,54059.0,10199.0,5515.0,2564.0,3289.0,8666.0,9257.0,7489.0,14284.0,2904.0
21710.0,60021.0,10294.0,5754.0,2588.0,3350.0,9309.0,9664.0,7831.0,14915.0,3077.0
22384.0,62241.0,10567.0,5988.0,2652.0,3405.0,9990.0,10100.0,8158.0,15368.0,3169.0
23296.0,63929.0,10872.0,6198.0,2701.0,3494.0,10523.0,10309.0,8407.0,15585.0,3236.0
24304.0,66235.0,10906.0,6238.0,2748.0,3538.0,10995.0,10442.0,8210.0,15723.0,3048.0
25211.0,67249.0,11256.0,6373.0,2827.0,3576.0,11124.0,10378.0,8493.0,15575.0,3132.0
25805.0,68618.0,11446.0,6476.0,2871.0,3539.0,11600.0,10563.0,8596.0,15747.0,3146.0
26255.0,70277.0,11670.0,6584.0,2947.0,3520.0,11930.0,10734.0,8768.0,16072.0,3013.0
25988.0,73128.0,12116.0,6723.0,2975.0,3497.0,12117.0,10904.0,8904.0,16384.0,3184.0
25291.0,75088.0,12012.0,6689.0,2893.0,3455.0,12270.0,11045.0,8748.0,16786.0,3149.0
24599.0,76623.0,11612.0,6538.0,2817.0,3335.0,12346.0,11088.0,8455.0,16993.0,3047.0
23057.0,74786.0,11360.0,6343.0,2669.0,3088.0,12035.0,10824.0,7950.0,16744.0,3004.0
21195.0,72191.0,10570.0,6026.0,2473.0,2819.0,11683.0,10396.0,7302.0,16197.0,2872.0
19275.0,68010.0,9742.0,5565.0,2244.0,2619.0,11109.0,9758.0,6622.0,15525.0,2752.0
17465.0,61278.0,9004.0,5111.0,2047.0,2441.0,10297.0,8871.0,5920.0,14315.0,2617.0
16185.0,54489.0,8471.0,4744.0,1924.0,2342.0,9543.0,7765.0,5547.0,12935.0,2548.0
15384.0,47947.0,8100.0,4458.0,1844.0,2268.0,8617.0,7531.0,5257.0,11744.0,2469.0
14746.0,43829.0,7803.0,4226.0,1812.0,2238.0,7966.0,7052.0,5026.0,11019.0,2410.0
14506.0,40879.0,7732.0,4090.0,1793.0,2264.0,7472.0,6640.0,4990.0,10552.0,2377.0
14451.0,38974.0,7848.0,4073.0,1881.0,2327.0,6925.0,6541.0,5103.0,10309.0,2381.0
14744.0,38444.0,8325.0,4169.0,2070.0,2518.0,6657.0,6625.0,5601.0,10371.0,2455.0
15764.0,39704.0,9099.0,4519.0,2294.0,2766.0,6513.0,7098.0,6153.0,10851.0,2545.0
16965.0,42703.0,9842.0,4970.0,2464.0,3032.0,6767.0,7794.0,6837.0,11941.0,2711.0
18026.0,48430.0,10265.0,5355.0,2546.0,3162.0,7478.0,8524.0,7313.0,13085.0,2825.0
19035.0,55185.0,10396.0,5610.0,2577.0,3227.0,8415.0,9209.0,7568.0,14134.0,2948.0
19839.0,61250.0,10340.0,5844.0,2605.0,3272.0,9239.0,9554.0,7886.0,14598.0,3114.0
20464.0,63824.0,10424.0,6044.0,2674.0,3357.0,9939.0,9906.0,8132.0,15077.0,3193.0
21474.0,65438.0,10684.0,6218.0,2734.0,3436.0,10537.0,10128.0,8405.0,15227.0,3280.0
22296.0,67231.0,10840.0,6221.0,2793.0,3500.0,11005.0,10286.0,8257.0,15333.0,3122.0
22830.0,68291.0,11373.0,6356.0,2859.0,3510.0,11338.0,10195.0,8424.0,15133.0,3158.0
24018.0,68755.0,11774.0,6471.0,2905.0,3476.0,11669.0,10315.0,8603.0,15225.0,3124.0
24364.0,68904.0,12057.0,6560.0,2947.0,3466.0,11950.0,10466.0,8756.0,15585.0,3049.0
24364.0,70107.0,12523.0,6631.0,3033.0,3434.0,11976.0,10571.0,8840.0,15881.0,3197.0
23927.0,70990.0,12404.0,6592.0,2951.0,3413.0,12164.0,10668.0,8670.0,16193.0,3160.0
