AZ_small_hydroelectric_1,CA_small_hydroelectric_1,CO_small_hydroelectric_1,ID_small_hydroelectric_1,MT_small_hydroelectric_1,NM_small_hydroelectric_1,NV_small_hydroelectric_1,OR_small_hydroelectric_1,UT_small_hydroelectric_1,WA_small_hydroelectric_1,WY_small_hydroelectric_1
0.2288642525672912,0.2507253289222717,0.2905009388923645,0.3174571692943573,0.3487204909324646,0.3293721377849579,0.2999816238880157,0.5357375144958496,0.2688908874988556,0.4106901884078979,0.0979650169610977
0.2288650423288345,0.2506881654262543,0.2902035713195801,0.3170024454593658,0.3485187888145447,0.3291844427585602,0.3000075221061706,0.5354526042938232,0.2688708901405334,0.4103689193725586,0.0979596823453903
0.2288658320903778,0.2506509721279144,0.2899062633514404,0.316547691822052,0.3483171164989471,0.3289967775344848,0.3000333905220032,0.5351678133010864,0.2688508927822113,0.4100476801395416,0.0979543700814247
0.228866621851921,0.2506137490272522,0.2896089255809784,0.3160929679870605,0.3481154441833496,0.3288090825080871,0.3000593185424804,0.5348829627037048,0.2688308954238891,0.4097264409065246,0.0979490354657173
0.2288674116134643,0.2505765557289123,0.2893116176128387,0.3156382441520691,0.3479137420654297,0.3286214172840118,0.3000851571559906,0.5345981121063232,0.2688108682632446,0.4094051718711853,0.0979437232017517
0.2288682162761688,0.2505393624305725,0.2890142798423767,0.3151835203170776,0.3477120995521545,0.3284337222576141,0.3001110851764679,0.5343132615089417,0.2687908411026001,0.4090839624404907,0.0979383885860443
0.2288689911365509,0.2505021691322326,0.288716971874237,0.3147287964820862,0.347510427236557,0.3282460272312164,0.3001369535923004,0.5340284109115601,0.2687708735466003,0.4087626934051513,0.0979330688714981
0.2288697659969329,0.2504649758338928,0.2884196639060974,0.3142740428447723,0.3473087549209595,0.3280583620071411,0.3001628518104553,0.5337435007095337,0.2687508761882782,0.4084414541721344,0.0979277417063713
0.2288705706596374,0.250427782535553,0.2881223261356354,0.3138193190097809,0.3471070826053619,0.3278706669807434,0.3001887202262878,0.5334587097167969,0.268730878829956,0.4081202149391174,0.0979224219918251
0.2288713455200195,0.2503905892372131,0.2878249883651733,0.313364565372467,0.3469054102897644,0.3276830017566681,0.3002146184444427,0.5331738591194153,0.2687108814716339,0.4077989459037781,0.0979170948266983
0.228872150182724,0.2503533959388733,0.2875276803970337,0.3129098415374756,0.3467037081718445,0.3274953067302704,0.3002405166625976,0.5328890085220337,0.2686908841133117,0.4074776768684387,0.0979117751121521
0.2288729399442672,0.2503162026405334,0.2872303426265716,0.3124551177024841,0.3465020656585693,0.3273076117038727,0.3002663552761078,0.5326041579246521,0.2686708569526672,0.4071564674377441,0.0979064404964447
0.2288737297058105,0.2502789795398712,0.2869330048561096,0.3120003938674927,0.3463003933429718,0.3271199464797973,0.3002922832965851,0.5323193073272705,0.2686508595943451,0.4068352580070495,0.0979011282324791
0.2288745045661926,0.2502417862415313,0.2866356968879699,0.3115456700325012,0.3460987210273742,0.3269322514533996,0.3003181517124176,0.5320343971252441,0.2686308622360229,0.4065139889717102,0.0978957936167717
0.2288753092288971,0.2502046227455139,0.2863383889198303,0.3110909163951874,0.3458970189094543,0.3267445862293243,0.3003440797328949,0.5317496061325073,0.2686108350753784,0.4061927199363708,0.097890481352806
0.2288760840892791,0.2501674294471741,0.2860410511493683,0.3106361925601959,0.3456953465938568,0.3265568912029266,0.300369918346405,0.5314647555351257,0.2685908675193786,0.4058714509010315,0.0978851467370987
0.2288768887519836,0.2501302063465118,0.2857437133789062,0.3101814389228821,0.3454936742782593,0.3263691961765289,0.3003958463668823,0.5311799049377441,0.2685708403587341,0.4055502414703369,0.0978798270225524
0.2288776785135269,0.250093013048172,0.2854464054107666,0.3097267150878906,0.3452919721603393,0.3261815309524536,0.3004217147827148,0.5308950543403625,0.2685508728027344,0.4052289724349975,0.0978745073080062
0.2288784682750702,0.2500558197498321,0.2851490974426269,0.3092719912528991,0.3450903296470642,0.3259938359260559,0.3004476428031921,0.530610203742981,0.2685308456420898,0.4049077332019806,0.0978691801428794
0.2288792431354522,0.2500186264514923,0.2848517596721649,0.3088172674179077,0.3448886573314667,0.3258061707019806,0.3004734814167022,0.5303252935409546,0.2685108482837677,0.4045864939689636,0.0978638529777526
0.2288800477981567,0.2499814331531524,0.2845544219017029,0.3083625435829162,0.3446869850158691,0.3256184756755829,0.3004993498325348,0.5300405025482178,0.2684908509254455,0.4042652249336242,0.0978585332632064
0.2288808226585388,0.2499442398548126,0.2842571139335632,0.3079078197479248,0.3444853127002716,0.3254308104515075,0.3005252778530121,0.5297556519508362,0.268470823764801,0.4039440155029297,0.0978532060980796
0.2288816124200821,0.2499070465564727,0.2839597761631012,0.3074530959129333,0.3442836403846741,0.3252431154251098,0.3005511164665222,0.5294708013534546,0.2684508264064789,0.4036227464675903,0.0978478863835334
0.2288824170827865,0.2498698532581329,0.2836624681949615,0.3069983422756195,0.3440819680690765,0.3250554203987121,0.3005770444869995,0.529185950756073,0.2684308290481567,0.4033015072345733,0.0978425592184066
0.2288832068443298,0.2498326599597931,0.2833651304244995,0.306543618440628,0.343880295753479,0.3248677551746368,0.300602912902832,0.5289011001586914,0.2684108316898346,0.4029802680015564,0.0978372395038604
0.2288839966058731,0.2497954666614532,0.2830678224563598,0.3060888946056366,0.3436786234378814,0.3246800601482391,0.3006288409233093,0.5286162495613098,0.2683908343315124,0.4026590287685394,0.0978319123387336
0.2288847863674163,0.2497582733631134,0.2827705144882202,0.3056341707706451,0.3434769511222839,0.3244923949241638,0.3006546795368194,0.5283313989639282,0.2683708369731903,0.4023377597332001,0.0978265851736068
0.2288855612277984,0.2497210800647735,0.2824731767177582,0.3051794171333313,0.343275249004364,0.3243046998977661,0.3006806075572967,0.5280465483665466,0.2683508396148681,0.4020165205001831,0.0978212654590606
0.2288863658905029,0.2496838867664337,0.2821758389472961,0.3047246932983398,0.3430735766887665,0.3241170048713684,0.3007064759731293,0.527761697769165,0.2683308124542236,0.4016952812671661,0.0978159382939338
0.228887140750885,0.2496466934680938,0.2818785309791565,0.3042699694633484,0.3428719043731689,0.3239293396472931,0.3007323741912842,0.5274768471717834,0.2683108448982239,0.4013740420341491,0.097810611128807
0.2288879454135894,0.2496094852685928,0.2815812230110168,0.3038152158260345,0.3426702320575714,0.3237416446208954,0.3007582426071167,0.5271919965744019,0.2682908177375793,0.4010527729988098,0.0978052914142608
0.2288887351751327,0.249572291970253,0.2812838554382324,0.3033604919910431,0.3424685597419739,0.32355397939682,0.3007841408252716,0.5269070863723755,0.2682708203792572,0.4007315039634704,0.097799964249134
0.228889524936676,0.2495351135730743,0.2809865474700928,0.3029057681560516,0.3422669172286987,0.3233662843704223,0.3008100390434265,0.5266222953796387,0.268250823020935,0.4004102945327759,0.0977946445345878
0.2288902997970581,0.2494979053735733,0.2806892395019531,0.3024510443210602,0.3420652151107788,0.3231785893440246,0.3008358776569366,0.5263374447822571,0.2682308256626129,0.4000890552997589,0.097789317369461
0.2288911044597625,0.2494607120752334,0.2803918719291687,0.3019962906837463,0.3418635725975036,0.3229909241199493,0.3008618056774139,0.5260525345802307,0.2682107985019684,0.3997677862644195,0.0977839976549148
0.2288918793201446,0.2494235038757324,0.280094563961029,0.3015415668487549,0.3416618704795837,0.3228032290935516,0.3008876740932464,0.5257677435874939,0.2681908011436462,0.3994465470314026,0.097778670489788
0.2288926839828491,0.2493863254785537,0.2797972559928894,0.3010868430137634,0.3414601981639862,0.3226155638694763,0.3009136021137237,0.5254828929901123,0.2681708335876465,0.3991252779960632,0.0977733433246612
0.2288934588432312,0.2493491321802139,0.2794999182224273,0.300632119178772,0.3412585258483886,0.3224278688430786,0.3009394407272339,0.5251979827880859,0.2681508064270019,0.3988040387630462,0.097768023610115
0.2288942635059356,0.2493119239807129,0.2792025804519653,0.3001773655414581,0.3410568833351135,0.3222401738166809,0.3009653687477112,0.5249131917953491,0.2681308090686798,0.3984827995300293,0.0977626964449882
0.2288950383663177,0.249274730682373,0.2789052724838257,0.2997226417064667,0.3408551812171936,0.3220525085926056,0.3009912371635437,0.5246283411979675,0.2681108117103576,0.3981615602970123,0.0977573692798614
0.2288958430290222,0.2492375373840332,0.278607964515686,0.2992679178714752,0.3406534790992737,0.3218648135662079,0.3010171353816986,0.5243434309959412,0.2680907845497131,0.3978403210639953,0.0977520495653152
0.2288966178894043,0.2492003440856933,0.278310626745224,0.2988131642341614,0.3404518365859985,0.3216771483421325,0.3010430037975311,0.5240586400032043,0.2680708169937134,0.397519052028656,0.097746729850769
0.2288974076509475,0.2491631507873535,0.2780132889747619,0.2983584403991699,0.3402501344680786,0.3214894533157348,0.301068902015686,0.5237737894058228,0.2680507898330688,0.397197812795639,0.0977413952350616
0.2288981974124908,0.2491259574890136,0.2777159810066223,0.2979037165641784,0.3400484621524811,0.3213017582893371,0.3010948002338409,0.5234888792037964,0.2680307924747467,0.3968765437602997,0.0977360755205154
0.2288990020751953,0.2490887641906738,0.2774186432361603,0.297448992729187,0.3398467898368835,0.3211140930652618,0.3011206388473511,0.5232040882110596,0.2680107951164245,0.3965553045272827,0.0977307483553886
0.2288997769355774,0.2490515708923339,0.2771213352680206,0.2969942390918731,0.3396451473236084,0.3209263980388641,0.3011465668678283,0.522919237613678,0.2679907977581024,0.3962340950965881,0.0977254286408424
0.2289005815982818,0.2490143626928329,0.2768239974975586,0.2965394854545593,0.3394434750080108,0.3207387328147888,0.3011724352836609,0.5226343274116516,0.2679708003997803,0.3959128260612488,0.0977201014757156
0.2289013564586639,0.2489771544933319,0.2765266895294189,0.2960847914218902,0.3392418026924133,0.3205510377883911,0.3011983633041382,0.5223495364189148,0.2679507732391357,0.3955915570259094,0.0977147817611694
0.228902131319046,0.248939961194992,0.2762293815612793,0.2956300675868988,0.3390401005744934,0.3203633427619934,0.3012242019176483,0.5220646858215332,0.2679307758808136,0.3952703177928924,0.097709447145462
0.2289029359817505,0.2489027827978134,0.2759320437908172,0.2951753437519073,0.3388384580612182,0.3201756775379181,0.3012501001358032,0.5217797756195068,0.2679107785224914,0.3949490785598755,0.0977041348814964
0.2289037257432937,0.2488655745983123,0.2756347060203552,0.2947205901145935,0.3386367559432983,0.3199879825115204,0.3012759983539581,0.52149498462677,0.2678907811641693,0.3946278095245361,0.097698800265789
0.228904515504837,0.2488283812999725,0.2753373980522156,0.294265866279602,0.3384350836277008,0.319800317287445,0.301301896572113,0.5212101340293884,0.2678707838058471,0.3943065702915191,0.0976934880018234
0.2289053052663803,0.2487911880016327,0.2750400602817535,0.2938111424446106,0.3382334113121032,0.3196126222610473,0.3013277649879455,0.5209252238273621,0.267850786447525,0.3939853310585022,0.097688153386116
0.2289060950279235,0.2487539947032928,0.2747427225112915,0.2933564186096191,0.3380317389965057,0.3194249272346496,0.3013536632061004,0.5206404328346252,0.2678307592868805,0.3936640918254852,0.0976828336715698
0.2289068698883056,0.248716801404953,0.2744454145431518,0.2929016947746277,0.3378300666809082,0.3192372620105743,0.3013795614242553,0.5203555822372437,0.2678107619285583,0.3933428525924682,0.097677506506443
0.2289076745510101,0.2486796081066131,0.2741481065750122,0.2924469411373138,0.3376283943653106,0.3190495669841766,0.3014054000377655,0.5200706720352173,0.2677907645702362,0.3930215835571289,0.0976721867918968
0.2289084494113922,0.2486424148082733,0.2738507688045501,0.2919922173023224,0.3374267220497131,0.3188619017601013,0.3014313280582428,0.5197858810424805,0.2677707374095917,0.3927003443241119,0.09766685962677
0.2289092540740966,0.2486052066087722,0.2735534310340881,0.2915374636650085,0.3372250199317932,0.3186742067337036,0.3014571964740753,0.5195010304450989,0.2677507698535919,0.3923791050910949,0.0976615399122238
0.2289100438356399,0.2485680282115936,0.2732561230659485,0.2910827398300171,0.337023377418518,0.3184865117073059,0.3014830946922302,0.5192161202430725,0.2677307724952698,0.3920578360557556,0.0976562052965164
0.2289108335971832,0.2485308200120926,0.2729588150978088,0.2906280159950256,0.3368217349052429,0.3182988464832306,0.3015089631080627,0.5189313292503357,0.2677107453346252,0.3917365968227386,0.0976508930325508
0.2289116382598877,0.2484936267137527,0.2726614773273468,0.2901732921600342,0.336620032787323,0.3181111514568329,0.3015348613262176,0.5186464190483093,0.2676907479763031,0.3914153575897217,0.0976455584168434
0.2289124131202697,0.2484564334154129,0.2723641693592071,0.2897185683250427,0.3364183306694031,0.3179234862327575,0.3015607595443725,0.5183615684509277,0.2676707506179809,0.3910941183567047,0.0976402461528778
0.228913202881813,0.2484192550182342,0.2720668315887451,0.2892638146877289,0.3362166881561279,0.3177357912063598,0.3015866577625274,0.5180767774581909,0.2676507532596588,0.3907728791236877,0.0976349115371704
0.2289139926433563,0.2483820468187332,0.2717694938182831,0.2888090908527374,0.336014986038208,0.3175480961799621,0.30161252617836,0.5177918672561646,0.2676307559013366,0.3904516100883484,0.0976295918226242
0.2289147824048996,0.2483448535203933,0.2714721858501434,0.2883543670177459,0.3358133137226105,0.3173604309558868,0.3016384243965149,0.517507016658783,0.2676107585430145,0.3901303708553314,0.0976242646574974
0.2289155721664428,0.2483076453208923,0.2711748480796814,0.2878996133804321,0.3356116712093353,0.3171727359294891,0.3016643226146698,0.5172222256660461,0.2675907611846924,0.3898091316223144,0.0976189449429512
0.2289163768291473,0.2482704520225525,0.2708775401115417,0.2874448895454407,0.3354099690914154,0.3169850707054138,0.3016901910305023,0.5169373154640198,0.2675707340240478,0.3894878625869751,0.0976136177778244
0.2289171516895294,0.2482332736253738,0.2705802023410797,0.2869901657104492,0.3352082967758178,0.3167973756790161,0.3017160594463348,0.5166524648666382,0.2675507366657257,0.3891666233539581,0.0976082980632782
0.2289171516895294,0.2482332736253738,0.2705802023410797,0.2869901657104492,0.3352082967758178,0.3167973756790161,0.3017160594463348,0.5166524648666382,0.2675507366657257,0.3891666233539581,0.0976082980632782
0.2289171516895294,0.2482332736253738,0.2705802023410797,0.2869901657104492,0.3352082967758178,0.3167973756790161,0.3017160594463348,0.5166524648666382,0.2675507366657257,0.3891666233539581,0.0976082980632782
0.2289171516895294,0.2482332736253738,0.2705802023410797,0.2869901657104492,0.3352082967758178,0.3167973756790161,0.3017160594463348,0.5166524648666382,0.2675507366657257,0.3891666233539581,0.0976082980632782
0.2289171516895294,0.2482332736253738,0.2705802023410797,0.2869901657104492,0.3352082967758178,0.3167973756790161,0.3017160594463348,0.5166524648666382,0.2675507366657257,0.3891666233539581,0.0976082980632782
0.2289171516895294,0.2482332736253738,0.2705802023410797,0.2869901657104492,0.3352082967758178,0.3167973756790161,0.3017160594463348,0.5166524648666382,0.2675507366657257,0.3891666233539581,0.0976082980632782
0.2289171516895294,0.2482332736253738,0.2705802023410797,0.2869901657104492,0.3352082967758178,0.3167973756790161,0.3017160594463348,0.5166524648666382,0.2675507366657257,0.3891666233539581,0.0976082980632782
0.2289171516895294,0.2482332736253738,0.2705802023410797,0.2869901657104492,0.3352082967758178,0.3167973756790161,0.3017160594463348,0.5166524648666382,0.2675507366657257,0.3891666233539581,0.0976082980632782
0.2289171516895294,0.2482332736253738,0.2705802023410797,0.2869901657104492,0.3352082967758178,0.3167973756790161,0.3017160594463348,0.5166524648666382,0.2675507366657257,0.3891666233539581,0.0976082980632782
0.2289171516895294,0.2482332736253738,0.2705802023410797,0.2869901657104492,0.3352082967758178,0.3167973756790161,0.3017160594463348,0.5166524648666382,0.2675507366657257,0.3891666233539581,0.0976082980632782
0.2289171516895294,0.2482332736253738,0.2705802023410797,0.2869901657104492,0.3352082967758178,0.3167973756790161,0.3017160594463348,0.5166524648666382,0.2675507366657257,0.3891666233539581,0.0976082980632782
0.2289171516895294,0.2482332736253738,0.2705802023410797,0.2869901657104492,0.3352082967758178,0.3167973756790161,0.3017160594463348,0.5166524648666382,0.2675507366657257,0.3891666233539581,0.0976082980632782
0.2289171516895294,0.2482332736253738,0.2705802023410797,0.2869901657104492,0.3352082967758178,0.3167973756790161,0.3017160594463348,0.5166524648666382,0.2675507366657257,0.3891666233539581,0.0976082980632782
0.2289171516895294,0.2482332736253738,0.2705802023410797,0.2869901657104492,0.3352082967758178,0.3167973756790161,0.3017160594463348,0.5166524648666382,0.2675507366657257,0.3891666233539581,0.0976082980632782
0.2289171516895294,0.2482332736253738,0.2705802023410797,0.2869901657104492,0.3352082967758178,0.3167973756790161,0.3017160594463348,0.5166524648666382,0.2675507366657257,0.3891666233539581,0.0976082980632782
0.2289171516895294,0.2482332736253738,0.2705802023410797,0.2869901657104492,0.3352082967758178,0.3167973756790161,0.3017160594463348,0.5166524648666382,0.2675507366657257,0.3891666233539581,0.0976082980632782
0.2289171516895294,0.2482332736253738,0.2705802023410797,0.2869901657104492,0.3352082967758178,0.3167973756790161,0.3017160594463348,0.5166524648666382,0.2675507366657257,0.3891666233539581,0.0976082980632782
0.2289171516895294,0.2482332736253738,0.2705802023410797,0.2869901657104492,0.3352082967758178,0.3167973756790161,0.3017160594463348,0.5166524648666382,0.2675507366657257,0.3891666233539581,0.0976082980632782
0.2289171516895294,0.2482332736253738,0.2705802023410797,0.2869901657104492,0.3352082967758178,0.3167973756790161,0.3017160594463348,0.5166524648666382,0.2675507366657257,0.3891666233539581,0.0976082980632782
0.2289171516895294,0.2482332736253738,0.2705802023410797,0.2869901657104492,0.3352082967758178,0.3167973756790161,0.3017160594463348,0.5166524648666382,0.2675507366657257,0.3891666233539581,0.0976082980632782
0.2289171516895294,0.2482332736253738,0.2705802023410797,0.2869901657104492,0.3352082967758178,0.3167973756790161,0.3017160594463348,0.5166524648666382,0.2675507366657257,0.3891666233539581,0.0976082980632782
0.2289171516895294,0.2482332736253738,0.2705802023410797,0.2869901657104492,0.3352082967758178,0.3167973756790161,0.3017160594463348,0.5166524648666382,0.2675507366657257,0.3891666233539581,0.0976082980632782
0.2289171516895294,0.2482332736253738,0.2705802023410797,0.2869901657104492,0.3352082967758178,0.3167973756790161,0.3017160594463348,0.5166524648666382,0.2675507366657257,0.3891666233539581,0.0976082980632782
0.2289171516895294,0.2482332736253738,0.2705802023410797,0.2869901657104492,0.3352082967758178,0.3167973756790161,0.3017160594463348,0.5166524648666382,0.2675507366657257,0.3891666233539581,0.0976082980632782
0.2289171516895294,0.2482332736253738,0.2705802023410797,0.2869901657104492,0.3352082967758178,0.3167973756790161,0.3017160594463348,0.5166524648666382,0.2675507366657257,0.3891666233539581,0.0976082980632782
0.2289171516895294,0.2482332736253738,0.2705802023410797,0.2869901657104492,0.3352082967758178,0.3167973756790161,0.3017160594463348,0.5166524648666382,0.2675507366657257,0.3891666233539581,0.0976082980632782
0.2289171516895294,0.2482332736253738,0.2705802023410797,0.2869901657104492,0.3352082967758178,0.3167973756790161,0.3017160594463348,0.5166524648666382,0.2675507366657257,0.3891666233539581,0.0976082980632782
0.2289171516895294,0.2482332736253738,0.2705802023410797,0.2869901657104492,0.3352082967758178,0.3167973756790161,0.3017160594463348,0.5166524648666382,0.2675507366657257,0.3891666233539581,0.0976082980632782
0.2289171516895294,0.2482332736253738,0.2705802023410797,0.2869901657104492,0.3352082967758178,0.3167973756790161,0.3017160594463348,0.5166524648666382,0.2675507366657257,0.3891666233539581,0.0976082980632782
0.2289171516895294,0.2482332736253738,0.2705802023410797,0.2869901657104492,0.3352082967758178,0.3167973756790161,0.3017160594463348,0.5166524648666382,0.2675507366657257,0.3891666233539581,0.0976082980632782
0.2289171516895294,0.2482332736253738,0.2705802023410797,0.2869901657104492,0.3352082967758178,0.3167973756790161,0.3017160594463348,0.5166524648666382,0.2675507366657257,0.3891666233539581,0.0976082980632782
0.2289171516895294,0.2482332736253738,0.2705802023410797,0.2869901657104492,0.3352082967758178,0.3167973756790161,0.3017160594463348,0.5166524648666382,0.2675507366657257,0.3891666233539581,0.0976082980632782
0.2289171516895294,0.2482332736253738,0.2705802023410797,0.2869901657104492,0.3352082967758178,0.3167973756790161,0.3017160594463348,0.5166524648666382,0.2675507366657257,0.3891666233539581,0.0976082980632782
0.2289171516895294,0.2482332736253738,0.2705802023410797,0.2869901657104492,0.3352082967758178,0.3167973756790161,0.3017160594463348,0.5166524648666382,0.2675507366657257,0.3891666233539581,0.0976082980632782
0.2289171516895294,0.2482332736253738,0.2705802023410797,0.2869901657104492,0.3352082967758178,0.3167973756790161,0.3017160594463348,0.5166524648666382,0.2675507366657257,0.3891666233539581,0.0976082980632782
0.2289171516895294,0.2482332736253738,0.2705802023410797,0.2869901657104492,0.3352082967758178,0.3167973756790161,0.3017160594463348,0.5166524648666382,0.2675507366657257,0.3891666233539581,0.0976082980632782
0.2289171516895294,0.2482332736253738,0.2705802023410797,0.2869901657104492,0.3352082967758178,0.3167973756790161,0.3017160594463348,0.5166524648666382,0.2675507366657257,0.3891666233539581,0.0976082980632782
0.2289171516895294,0.2482332736253738,0.2705802023410797,0.2869901657104492,0.3352082967758178,0.3167973756790161,0.3017160594463348,0.5166524648666382,0.2675507366657257,0.3891666233539581,0.0976082980632782
0.2289171516895294,0.2482332736253738,0.2705802023410797,0.2869901657104492,0.3352082967758178,0.3167973756790161,0.3017160594463348,0.5166524648666382,0.2675507366657257,0.3891666233539581,0.0976082980632782
0.2289171516895294,0.2482332736253738,0.2705802023410797,0.2869901657104492,0.3352082967758178,0.3167973756790161,0.3017160594463348,0.5166524648666382,0.2675507366657257,0.3891666233539581,0.0976082980632782
0.2289171516895294,0.2482332736253738,0.2705802023410797,0.2869901657104492,0.3352082967758178,0.3167973756790161,0.3017160594463348,0.5166524648666382,0.2675507366657257,0.3891666233539581,0.0976082980632782
0.2289171516895294,0.2482332736253738,0.2705802023410797,0.2869901657104492,0.3352082967758178,0.3167973756790161,0.3017160594463348,0.5166524648666382,0.2675507366657257,0.3891666233539581,0.0976082980632782
0.2289171516895294,0.2482332736253738,0.2705802023410797,0.2869901657104492,0.3352082967758178,0.3167973756790161,0.3017160594463348,0.5166524648666382,0.2675507366657257,0.3891666233539581,0.0976082980632782
0.2289171516895294,0.2482332736253738,0.2705802023410797,0.2869901657104492,0.3352082967758178,0.3167973756790161,0.3017160594463348,0.5166524648666382,0.2675507366657257,0.3891666233539581,0.0976082980632782
0.2289171516895294,0.2482332736253738,0.2705802023410797,0.2869901657104492,0.3352082967758178,0.3167973756790161,0.3017160594463348,0.5166524648666382,0.2675507366657257,0.3891666233539581,0.0976082980632782
0.2289171516895294,0.2482332736253738,0.2705802023410797,0.2869901657104492,0.3352082967758178,0.3167973756790161,0.3017160594463348,0.5166524648666382,0.2675507366657257,0.3891666233539581,0.0976082980632782
0.2289171516895294,0.2482332736253738,0.2705802023410797,0.2869901657104492,0.3352082967758178,0.3167973756790161,0.3017160594463348,0.5166524648666382,0.2675507366657257,0.3891666233539581,0.0976082980632782
0.2289171516895294,0.2482332736253738,0.2705802023410797,0.2869901657104492,0.3352082967758178,0.3167973756790161,0.3017160594463348,0.5166524648666382,0.2675507366657257,0.3891666233539581,0.0976082980632782
0.2289171516895294,0.2482332736253738,0.2705802023410797,0.2869901657104492,0.3352082967758178,0.3167973756790161,0.3017160594463348,0.5166524648666382,0.2675507366657257,0.3891666233539581,0.0976082980632782
0.2289171516895294,0.2482332736253738,0.2705802023410797,0.2869901657104492,0.3352082967758178,0.3167973756790161,0.3017160594463348,0.5166524648666382,0.2675507366657257,0.3891666233539581,0.0976082980632782
0.2289171516895294,0.2482332736253738,0.2705802023410797,0.2869901657104492,0.3352082967758178,0.3167973756790161,0.3017160594463348,0.5166524648666382,0.2675507366657257,0.3891666233539581,0.0976082980632782
0.2289171516895294,0.2482332736253738,0.2705802023410797,0.2869901657104492,0.3352082967758178,0.3167973756790161,0.3017160594463348,0.5166524648666382,0.2675507366657257,0.3891666233539581,0.0976082980632782
0.2289171516895294,0.2482332736253738,0.2705802023410797,0.2869901657104492,0.3352082967758178,0.3167973756790161,0.3017160594463348,0.5166524648666382,0.2675507366657257,0.3891666233539581,0.0976082980632782
0.2289171516895294,0.2482332736253738,0.2705802023410797,0.2869901657104492,0.3352082967758178,0.3167973756790161,0.3017160594463348,0.5166524648666382,0.2675507366657257,0.3891666233539581,0.0976082980632782
0.2289171516895294,0.2482332736253738,0.2705802023410797,0.2869901657104492,0.3352082967758178,0.3167973756790161,0.3017160594463348,0.5166524648666382,0.2675507366657257,0.3891666233539581,0.0976082980632782
0.2289171516895294,0.2482332736253738,0.2705802023410797,0.2869901657104492,0.3352082967758178,0.3167973756790161,0.3017160594463348,0.5166524648666382,0.2675507366657257,0.3891666233539581,0.0976082980632782
0.2289171516895294,0.2482332736253738,0.2705802023410797,0.2869901657104492,0.3352082967758178,0.3167973756790161,0.3017160594463348,0.5166524648666382,0.2675507366657257,0.3891666233539581,0.0976082980632782
0.2289171516895294,0.2482332736253738,0.2705802023410797,0.2869901657104492,0.3352082967758178,0.3167973756790161,0.3017160594463348,0.5166524648666382,0.2675507366657257,0.3891666233539581,0.0976082980632782
0.2289171516895294,0.2482332736253738,0.2705802023410797,0.2869901657104492,0.3352082967758178,0.3167973756790161,0.3017160594463348,0.5166524648666382,0.2675507366657257,0.3891666233539581,0.0976082980632782
0.2289171516895294,0.2482332736253738,0.2705802023410797,0.2869901657104492,0.3352082967758178,0.3167973756790161,0.3017160594463348,0.5166524648666382,0.2675507366657257,0.3891666233539581,0.0976082980632782
0.2289171516895294,0.2482332736253738,0.2705802023410797,0.2869901657104492,0.3352082967758178,0.3167973756790161,0.3017160594463348,0.5166524648666382,0.2675507366657257,0.3891666233539581,0.0976082980632782
0.2289171516895294,0.2482332736253738,0.2705802023410797,0.2869901657104492,0.3352082967758178,0.3167973756790161,0.3017160594463348,0.5166524648666382,0.2675507366657257,0.3891666233539581,0.0976082980632782
0.2289171516895294,0.2482332736253738,0.2705802023410797,0.2869901657104492,0.3352082967758178,0.3167973756790161,0.3017160594463348,0.5166524648666382,0.2675507366657257,0.3891666233539581,0.0976082980632782
0.2289171516895294,0.2482332736253738,0.2705802023410797,0.2869901657104492,0.3352082967758178,0.3167973756790161,0.3017160594463348,0.5166524648666382,0.2675507366657257,0.3891666233539581,0.0976082980632782
0.2289171516895294,0.2482332736253738,0.2705802023410797,0.2869901657104492,0.3352082967758178,0.3167973756790161,0.3017160594463348,0.5166524648666382,0.2675507366657257,0.3891666233539581,0.0976082980632782
0.2289171516895294,0.2482332736253738,0.2705802023410797,0.2869901657104492,0.3352082967758178,0.3167973756790161,0.3017160594463348,0.5166524648666382,0.2675507366657257,0.3891666233539581,0.0976082980632782
0.2289171516895294,0.2482332736253738,0.2705802023410797,0.2869901657104492,0.3352082967758178,0.3167973756790161,0.3017160594463348,0.5166524648666382,0.2675507366657257,0.3891666233539581,0.0976082980632782
0.2289171516895294,0.2482332736253738,0.2705802023410797,0.2869901657104492,0.3352082967758178,0.3167973756790161,0.3017160594463348,0.5166524648666382,0.2675507366657257,0.3891666233539581,0.0976082980632782
0.2289171516895294,0.2482332736253738,0.2705802023410797,0.2869901657104492,0.3352082967758178,0.3167973756790161,0.3017160594463348,0.5166524648666382,0.2675507366657257,0.3891666233539581,0.0976082980632782
0.2289171516895294,0.2482332736253738,0.2705802023410797,0.2869901657104492,0.3352082967758178,0.3167973756790161,0.3017160594463348,0.5166524648666382,0.2675507366657257,0.3891666233539581,0.0976082980632782
0.2289171516895294,0.2482332736253738,0.2705802023410797,0.2869901657104492,0.3352082967758178,0.3167973756790161,0.3017160594463348,0.5166524648666382,0.2675507366657257,0.3891666233539581,0.0976082980632782
0.2289171516895294,0.2482332736253738,0.2705802023410797,0.2869901657104492,0.3352082967758178,0.3167973756790161,0.3017160594463348,0.5166524648666382,0.2675507366657257,0.3891666233539581,0.0976082980632782
0.2289171516895294,0.2482332736253738,0.2705802023410797,0.2869901657104492,0.3352082967758178,0.3167973756790161,0.3017160594463348,0.5166524648666382,0.2675507366657257,0.3891666233539581,0.0976082980632782
0.2289171516895294,0.2482332736253738,0.2705802023410797,0.2869901657104492,0.3352082967758178,0.3167973756790161,0.3017160594463348,0.5166524648666382,0.2675507366657257,0.3891666233539581,0.0976082980632782
0.2289171516895294,0.2482332736253738,0.2705802023410797,0.2869901657104492,0.3352082967758178,0.3167973756790161,0.3017160594463348,0.5166524648666382,0.2675507366657257,0.3891666233539581,0.0976082980632782
0.2289171516895294,0.2482332736253738,0.2705802023410797,0.2869901657104492,0.3352082967758178,0.3167973756790161,0.3017160594463348,0.5166524648666382,0.2675507366657257,0.3891666233539581,0.0976082980632782
0.2289171516895294,0.2482332736253738,0.2705802023410797,0.2869901657104492,0.3352082967758178,0.3167973756790161,0.3017160594463348,0.5166524648666382,0.2675507366657257,0.3891666233539581,0.0976082980632782
0.2289171516895294,0.2482332736253738,0.2705802023410797,0.2869901657104492,0.3352082967758178,0.3167973756790161,0.3017160594463348,0.5166524648666382,0.2675507366657257,0.3891666233539581,0.0976082980632782
0.2289171516895294,0.2482332736253738,0.2705802023410797,0.2869901657104492,0.3352082967758178,0.3167973756790161,0.3017160594463348,0.5166524648666382,0.2675507366657257,0.3891666233539581,0.0976082980632782
0.2289171516895294,0.2482332736253738,0.2705802023410797,0.2869901657104492,0.3352082967758178,0.3167973756790161,0.3017160594463348,0.5166524648666382,0.2675507366657257,0.3891666233539581,0.0976082980632782
0.2289171516895294,0.2482332736253738,0.2705802023410797,0.2869901657104492,0.3352082967758178,0.3167973756790161,0.3017160594463348,0.5166524648666382,0.2675507366657257,0.3891666233539581,0.0976082980632782
0.2289171516895294,0.2482332736253738,0.2705802023410797,0.2869901657104492,0.3352082967758178,0.3167973756790161,0.3017160594463348,0.5166524648666382,0.2675507366657257,0.3891666233539581,0.0976082980632782
0.2289171516895294,0.2482332736253738,0.2705802023410797,0.2869901657104492,0.3352082967758178,0.3167973756790161,0.3017160594463348,0.5166524648666382,0.2675507366657257,0.3891666233539581,0.0976082980632782
0.2289171516895294,0.2482332736253738,0.2705802023410797,0.2869901657104492,0.3352082967758178,0.3167973756790161,0.3017160594463348,0.5166524648666382,0.2675507366657257,0.3891666233539581,0.0976082980632782
0.2289171516895294,0.2482332736253738,0.2705802023410797,0.2869901657104492,0.3352082967758178,0.3167973756790161,0.3017160594463348,0.5166524648666382,0.2675507366657257,0.3891666233539581,0.0976082980632782
0.2289171516895294,0.2482332736253738,0.2705802023410797,0.2869901657104492,0.3352082967758178,0.3167973756790161,0.3017160594463348,0.5166524648666382,0.2675507366657257,0.3891666233539581,0.0976082980632782
0.2289171516895294,0.2482332736253738,0.2705802023410797,0.2869901657104492,0.3352082967758178,0.3167973756790161,0.3017160594463348,0.5166524648666382,0.2675507366657257,0.3891666233539581,0.0976082980632782
0.2289171516895294,0.2482332736253738,0.2705802023410797,0.2869901657104492,0.3352082967758178,0.3167973756790161,0.3017160594463348,0.5166524648666382,0.2675507366657257,0.3891666233539581,0.0976082980632782
0.2289171516895294,0.2482332736253738,0.2705802023410797,0.2869901657104492,0.3352082967758178,0.3167973756790161,0.3017160594463348,0.5166524648666382,0.2675507366657257,0.3891666233539581,0.0976082980632782
0.2289171516895294,0.2482332736253738,0.2705802023410797,0.2869901657104492,0.3352082967758178,0.3167973756790161,0.3017160594463348,0.5166524648666382,0.2675507366657257,0.3891666233539581,0.0976082980632782
0.2289171516895294,0.2482332736253738,0.2705802023410797,0.2869901657104492,0.3352082967758178,0.3167973756790161,0.3017160594463348,0.5166524648666382,0.2675507366657257,0.3891666233539581,0.0976082980632782
0.2289171516895294,0.2482332736253738,0.2705802023410797,0.2869901657104492,0.3352082967758178,0.3167973756790161,0.3017160594463348,0.5166524648666382,0.2675507366657257,0.3891666233539581,0.0976082980632782
0.2289171516895294,0.2482332736253738,0.2705802023410797,0.2869901657104492,0.3352082967758178,0.3167973756790161,0.3017160594463348,0.5166524648666382,0.2675507366657257,0.3891666233539581,0.0976082980632782
0.2289171516895294,0.2482332736253738,0.2705802023410797,0.2869901657104492,0.3352082967758178,0.3167973756790161,0.3017160594463348,0.5166524648666382,0.2675507366657257,0.3891666233539581,0.0976082980632782
0.2289171516895294,0.2482332736253738,0.2705802023410797,0.2869901657104492,0.3352082967758178,0.3167973756790161,0.3017160594463348,0.5166524648666382,0.2675507366657257,0.3891666233539581,0.0976082980632782
0.2289171516895294,0.2482332736253738,0.2705802023410797,0.2869901657104492,0.3352082967758178,0.3167973756790161,0.3017160594463348,0.5166524648666382,0.2675507366657257,0.3891666233539581,0.0976082980632782
0.2289171516895294,0.2482332736253738,0.2705802023410797,0.2869901657104492,0.3352082967758178,0.3167973756790161,0.3017160594463348,0.5166524648666382,0.2675507366657257,0.3891666233539581,0.0976082980632782
0.2289171516895294,0.2482332736253738,0.2705802023410797,0.2869901657104492,0.3352082967758178,0.3167973756790161,0.3017160594463348,0.5166524648666382,0.2675507366657257,0.3891666233539581,0.0976082980632782
0.2289171516895294,0.2482332736253738,0.2705802023410797,0.2869901657104492,0.3352082967758178,0.3167973756790161,0.3017160594463348,0.5166524648666382,0.2675507366657257,0.3891666233539581,0.0976082980632782
0.2289171516895294,0.2482332736253738,0.2705802023410797,0.2869901657104492,0.3352082967758178,0.3167973756790161,0.3017160594463348,0.5166524648666382,0.2675507366657257,0.3891666233539581,0.0976082980632782
0.2289171516895294,0.2482332736253738,0.2705802023410797,0.2869901657104492,0.3352082967758178,0.3167973756790161,0.3017160594463348,0.5166524648666382,0.2675507366657257,0.3891666233539581,0.0976082980632782
0.3165771961212158,0.3019096255302429,0.2507819533348083,0.4707473814487457,0.5381557941436768,0.4670760333538055,0.3489807546138763,0.5546891689300537,0.1826797127723693,0.5559970140457153,0.3870137929916382
0.3165771961212158,0.3019096255302429,0.2507819533348083,0.4707473814487457,0.5381557941436768,0.4670760333538055,0.3489807546138763,0.5546891689300537,0.1826797127723693,0.5559970140457153,0.3870137929916382
0.3165771961212158,0.3019096255302429,0.2507819533348083,0.4707473814487457,0.5381557941436768,0.4670760333538055,0.3489807546138763,0.5546891689300537,0.1826797127723693,0.5559970140457153,0.3870137929916382
0.3165771961212158,0.3019096255302429,0.2507819533348083,0.4707473814487457,0.5381557941436768,0.4670760333538055,0.3489807546138763,0.5546891689300537,0.1826797127723693,0.5559970140457153,0.3870137929916382
0.3165771961212158,0.3019096255302429,0.2507819533348083,0.4707473814487457,0.5381557941436768,0.4670760333538055,0.3489807546138763,0.5546891689300537,0.1826797127723693,0.5559970140457153,0.3870137929916382
0.3165771961212158,0.3019096255302429,0.2507819533348083,0.4707473814487457,0.5381557941436768,0.4670760333538055,0.3489807546138763,0.5546891689300537,0.1826797127723693,0.5559970140457153,0.3870137929916382
0.3165771961212158,0.3019096255302429,0.2507819533348083,0.4707473814487457,0.5381557941436768,0.4670760333538055,0.3489807546138763,0.5546891689300537,0.1826797127723693,0.5559970140457153,0.3870137929916382
0.3165771961212158,0.3019096255302429,0.2507819533348083,0.4707473814487457,0.5381557941436768,0.4670760333538055,0.3489807546138763,0.5546891689300537,0.1826797127723693,0.5559970140457153,0.3870137929916382
0.3165771961212158,0.3019096255302429,0.2507819533348083,0.4707473814487457,0.5381557941436768,0.4670760333538055,0.3489807546138763,0.5546891689300537,0.1826797127723693,0.5559970140457153,0.3870137929916382
0.3165771961212158,0.3019096255302429,0.2507819533348083,0.4707473814487457,0.5381557941436768,0.4670760333538055,0.3489807546138763,0.5546891689300537,0.1826797127723693,0.5559970140457153,0.3870137929916382
0.3165771961212158,0.3019096255302429,0.2507819533348083,0.4707473814487457,0.5381557941436768,0.4670760333538055,0.3489807546138763,0.5546891689300537,0.1826797127723693,0.5559970140457153,0.3870137929916382
0.3165771961212158,0.3019096255302429,0.2507819533348083,0.4707473814487457,0.5381557941436768,0.4670760333538055,0.3489807546138763,0.5546891689300537,0.1826797127723693,0.5559970140457153,0.3870137929916382
0.3165771961212158,0.3019096255302429,0.2507819533348083,0.4707473814487457,0.5381557941436768,0.4670760333538055,0.3489807546138763,0.5546891689300537,0.1826797127723693,0.5559970140457153,0.3870137929916382
0.3165771961212158,0.3019096255302429,0.2507819533348083,0.4707473814487457,0.5381557941436768,0.4670760333538055,0.3489807546138763,0.5546891689300537,0.1826797127723693,0.5559970140457153,0.3870137929916382
0.3165771961212158,0.3019096255302429,0.2507819533348083,0.4707473814487457,0.5381557941436768,0.4670760333538055,0.3489807546138763,0.5546891689300537,0.1826797127723693,0.5559970140457153,0.3870137929916382
0.3165771961212158,0.3019096255302429,0.2507819533348083,0.4707473814487457,0.5381557941436768,0.4670760333538055,0.3489807546138763,0.5546891689300537,0.1826797127723693,0.5559970140457153,0.3870137929916382
0.3165771961212158,0.3019096255302429,0.2507819533348083,0.4707473814487457,0.5381557941436768,0.4670760333538055,0.3489807546138763,0.5546891689300537,0.1826797127723693,0.5559970140457153,0.3870137929916382
0.3165771961212158,0.3019096255302429,0.2507819533348083,0.4707473814487457,0.5381557941436768,0.4670760333538055,0.3489807546138763,0.5546891689300537,0.1826797127723693,0.5559970140457153,0.3870137929916382
0.3165771961212158,0.3019096255302429,0.2507819533348083,0.4707473814487457,0.5381557941436768,0.4670760333538055,0.3489807546138763,0.5546891689300537,0.1826797127723693,0.5559970140457153,0.3870137929916382
0.3165771961212158,0.3019096255302429,0.2507819533348083,0.4707473814487457,0.5381557941436768,0.4670760333538055,0.3489807546138763,0.5546891689300537,0.1826797127723693,0.5559970140457153,0.3870137929916382
0.3165164589881897,0.3021720349788666,0.2507392168045044,0.4713585674762726,0.5385448336601257,0.4673106372356415,0.3488837480545044,0.5547628402709961,0.1836532950401306,0.5560737252235413,0.3867517411708832
0.3164556622505188,0.3024344444274902,0.2506964802742004,0.4719697833061218,0.5389338731765747,0.4675452411174774,0.3487867712974548,0.5548365116119385,0.1846268773078918,0.5561504364013672,0.3864897191524505
0.3163948655128479,0.3026968538761139,0.2506537139415741,0.472580999135971,0.5393229126930237,0.4677798449993133,0.3486897349357605,0.5549101233482361,0.1856004446744918,0.5562271475791931,0.3862276971340179
0.3163340985774994,0.3029592633247375,0.2506109774112701,0.4731922149658203,0.5397120118141174,0.4680144488811493,0.3485927283763885,0.5549837946891785,0.1865740120410919,0.5563037991523743,0.3859656453132629
0.3162733316421509,0.3032217025756836,0.2505682408809662,0.4738034307956695,0.5401010513305664,0.4682490527629852,0.3484957218170166,0.5550574064254761,0.1875475943088531,0.5563805103302002,0.3857036232948303
0.31621253490448,0.3034840822219848,0.2505255043506622,0.4744146466255188,0.5404900908470154,0.4684836268424988,0.3483987152576446,0.5551310181617737,0.1885211616754531,0.5564572811126709,0.3854416012763977
0.3161517679691314,0.3037464916706085,0.2504827678203583,0.475025862455368,0.5408790707588196,0.4687182307243347,0.3483017086982727,0.5552047491073608,0.1894947290420532,0.556533932685852,0.3851795792579651
0.3160910010337829,0.3040089011192322,0.2504400312900543,0.4756370782852173,0.5412681102752686,0.4689528346061706,0.3482047021389007,0.5552783012390137,0.1904683113098144,0.556610643863678,0.3849175572395324
0.316030204296112,0.3042713403701782,0.250397264957428,0.4762482941150665,0.5416572093963623,0.4691874384880066,0.3481076955795288,0.5553520321846008,0.1914418935775756,0.5566872954368591,0.3846555054187774
0.3159694373607635,0.3045337498188019,0.250354528427124,0.4768595099449157,0.5420462489128113,0.4694220423698425,0.3480107188224792,0.5554255843162537,0.1924154609441757,0.5567640066146851,0.3843935132026672
0.315908670425415,0.3047961592674255,0.25031179189682,0.477470725774765,0.542435348033905,0.4696566462516784,0.3479137122631073,0.5554993152618408,0.1933890283107757,0.5568407773971558,0.3841314613819122
0.3158478736877441,0.3050585985183716,0.2502690553665161,0.4780819416046142,0.5428243279457092,0.4698912501335144,0.3478166759014129,0.5555729269981384,0.194362610578537,0.5569174289703369,0.3838694393634796
0.3157870769500732,0.3053210079669952,0.2502263188362121,0.4786931276321411,0.543213427066803,0.4701258540153503,0.347719669342041,0.5556465983390808,0.195336177945137,0.5569941401481628,0.383607417345047
0.3157263398170471,0.3055833876132965,0.2501835525035858,0.4793043732643127,0.543602466583252,0.4703604578971863,0.3476226925849914,0.5557202100753784,0.1963097602128982,0.5570708513259888,0.383345365524292
0.3156655430793762,0.3058457970619201,0.2501408457756042,0.4799155592918396,0.5439915060997009,0.4705950617790222,0.3475256562232971,0.555793821811676,0.1972833275794983,0.5571475625038147,0.3830833435058594
0.3156047463417053,0.3061082065105438,0.2500981092453003,0.4805268049240112,0.5443805456161499,0.4708296656608581,0.3474286496639251,0.5558674931526184,0.1982569098472595,0.5572242736816406,0.3828213214874267
0.3155440092086792,0.3063706457614898,0.2500553429126739,0.4811379909515381,0.5447695851325989,0.4710642695426941,0.3473316133022308,0.5559411644935608,0.1992304772138595,0.5573009848594666,0.3825592994689941
0.3154832124710083,0.3066330552101135,0.25001260638237,0.4817492365837097,0.5451586842536926,0.4712988436222076,0.3472346067428589,0.5560147762298584,0.2002040445804596,0.5573776364326477,0.3822972476482391
0.3154224157333374,0.3068954348564148,0.249969869852066,0.4823604226112366,0.5455477237701416,0.4715334475040436,0.3471376299858093,0.5560884475708008,0.2011776268482208,0.5574543476104736,0.3820352256298065
0.3153616786003113,0.3071578443050384,0.249927133321762,0.4829716086387634,0.5459367632865906,0.4717680513858795,0.347040593624115,0.5561620593070984,0.202151209115982,0.5575310587882996,0.3817732334136963
0.3153008818626404,0.3074203133583069,0.2498843669891357,0.483582854270935,0.5463258028030396,0.4720026552677154,0.346943587064743,0.556235671043396,0.2031247764825821,0.5576077699661255,0.3815111815929413
0.3152400851249695,0.3076827228069305,0.2498416304588318,0.4841940402984619,0.5467148423194885,0.4722372591495514,0.3468465805053711,0.5563093423843384,0.2040983438491821,0.5576844215393066,0.3812491595745086
0.3151793181896209,0.3079451024532318,0.2497988939285278,0.4848052859306335,0.5471038818359375,0.4724718630313873,0.3467495739459991,0.556382954120636,0.2050719112157821,0.5577611327171326,0.3809871077537536
0.3151185512542724,0.3082075119018554,0.2497561573982238,0.4854164719581604,0.5474929809570312,0.4727064669132232,0.3466525673866272,0.5564566850662231,0.2060454934835434,0.5578378438949585,0.380725085735321
0.3150577545166015,0.3084699511528015,0.2497134208679199,0.486027717590332,0.5478820204734802,0.4729410707950592,0.3465555608272552,0.556530237197876,0.2070190906524658,0.5579145550727844,0.3804630637168884
0.314996987581253,0.3087323606014251,0.2496706843376159,0.4866389036178589,0.5482710599899292,0.4731756746768951,0.3464585542678833,0.5566039085388184,0.2079926431179046,0.5579912662506104,0.3802010416984558
0.3149362206459045,0.3089947700500488,0.249627947807312,0.4872501492500305,0.5486600995063782,0.4734102785587311,0.3463615775108337,0.556677520275116,0.2089662104845047,0.5580679774284363,0.3799390196800232
0.3148754239082336,0.3092571496963501,0.2495851814746856,0.4878613352775574,0.5490491390228271,0.473644882440567,0.3462645709514618,0.5567511916160583,0.2099398076534271,0.5581446886062622,0.3796769678592682
0.3148146569728851,0.3095195889472961,0.2495424449443817,0.4884725511074066,0.5494381785392761,0.4738794863224029,0.3461675345897674,0.5568248629570007,0.2109133601188659,0.5582213997840881,0.3794149458408355
0.3147538900375366,0.3097819983959198,0.2494997084140777,0.4890837669372558,0.5498272776603699,0.4741140604019165,0.3460705280303955,0.5568984746932983,0.211886927485466,0.5582980513572693,0.3791529238224029
0.3146930932998657,0.3100444376468658,0.2494569420814514,0.4896949827671051,0.5502162575721741,0.4743486642837524,0.3459735512733459,0.5569721460342407,0.2128605246543884,0.5583747625350952,0.3788909018039703
0.3146323263645172,0.3103068172931671,0.2494142353534698,0.4903061985969543,0.550605297088623,0.4745832681655884,0.3458765149116516,0.5570457577705383,0.2138341069221496,0.5584514737129211,0.3786288797855377
0.3145715594291687,0.3105692565441131,0.2493714839220047,0.4909174144268036,0.5509943962097168,0.4748178720474243,0.3457795083522796,0.5571194291114807,0.2148076593875885,0.5585281848907471,0.3783668279647827
0.3145107626914978,0.3108316659927368,0.2493287473917007,0.4915286302566528,0.5513834357261658,0.4750524759292602,0.3456824719905853,0.5571931004524231,0.2157812416553497,0.558604896068573,0.3781048059463501
0.3144499957561493,0.3110940754413605,0.2492859959602356,0.4921398460865021,0.5517724752426147,0.4752870798110962,0.3455854952335357,0.5572666525840759,0.2167548239231109,0.5586816072463989,0.3778427839279175
0.3143892288208008,0.3113564550876617,0.2492432594299316,0.4927510619163513,0.5521615147590637,0.4755216836929321,0.3454884886741638,0.5573403835296631,0.2177283763885498,0.5587583184242249,0.3775807619094848
0.3143284320831299,0.3116188645362854,0.2492005228996276,0.4933622777462005,0.5525505542755127,0.475756287574768,0.3453914523124695,0.5574139356613159,0.218701958656311,0.558834969997406,0.3773187398910522
0.3142676651477813,0.3118813037872314,0.2491577714681625,0.4939734935760498,0.5529396533966064,0.475990891456604,0.3452944457530975,0.5574876666069031,0.2196755409240722,0.5589116811752319,0.3770566880702972
0.3142068982124328,0.3121437132358551,0.2491150200366974,0.494584709405899,0.5533286929130554,0.4762254953384399,0.3451974391937256,0.5575612783432007,0.2206491231918335,0.5589883327484131,0.3767946660518646
0.3141461014747619,0.3124061226844787,0.2490722835063934,0.4951959252357483,0.5537177324295044,0.4764600992202759,0.3451004326343536,0.5576349496841431,0.2216226756572723,0.5590651035308838,0.376532644033432
0.314085304737091,0.3126685321331024,0.2490295618772506,0.4958071112632751,0.5541067719459534,0.4766947031021118,0.3450034260749817,0.5577085614204407,0.2225962579250335,0.5591418147087097,0.3762706220149994
0.3140245378017425,0.3129309713840484,0.2489868104457855,0.4964183568954468,0.5544958114624023,0.4769292771816253,0.3449064493179321,0.5577821731567383,0.2235698103904724,0.5592185258865356,0.3760085701942444
0.313963770866394,0.3131933808326721,0.2489440739154815,0.4970295429229736,0.5548849105834961,0.4771638810634613,0.3448094129562378,0.5578558444976807,0.224543422460556,0.5592952370643616,0.3757465481758117
0.3139029741287231,0.3134557902812958,0.2489013373851776,0.4976407885551452,0.5552739500999451,0.4773984849452972,0.3447124361991882,0.557929515838623,0.2255169749259948,0.5593718886375427,0.3754845261573791
0.3138422071933746,0.313718169927597,0.2488585710525512,0.4982519745826721,0.555662989616394,0.4776330888271332,0.3446154296398163,0.5580031275749207,0.2264905571937561,0.5594485998153687,0.3752225041389465
0.3137814402580261,0.3139806091785431,0.2488158345222473,0.498863160610199,0.5560519695281982,0.4778676927089691,0.3445183932781219,0.5580767393112183,0.2274641245603561,0.5595253109931946,0.3749604821205139
0.3137206733226776,0.3142430186271667,0.2487730979919433,0.4994744062423706,0.556441068649292,0.478102296590805,0.34442138671875,0.5581504106521606,0.2284376919269561,0.5596020221710205,0.3746984601020813
0.3136599063873291,0.3145054280757904,0.2487303614616394,0.5000856518745422,0.5568301677703857,0.478336900472641,0.3443244099617004,0.5582240223884583,0.2294112741947174,0.5596787333488464,0.3744364082813263
0.3135991096496582,0.314767837524414,0.2486876249313354,0.5006968379020691,0.5572192072868347,0.4785715043544769,0.3442273736000061,0.5582977533340454,0.2303848564624786,0.5597554445266724,0.3741743862628937
0.3135383129119873,0.3150302469730377,0.2486448884010315,0.501308023929596,0.5576081871986389,0.4788061082363128,0.3441303670406341,0.5583713054656982,0.2313584238290786,0.5598320960998535,0.3739123344421386
0.3134775459766388,0.3152926862239837,0.2486021518707275,0.5019192695617676,0.5579972267150879,0.4790407121181488,0.3440333306789398,0.5584450364112854,0.2323320060968399,0.5599088072776794,0.3736503422260284
0.3134167790412903,0.3155550956726074,0.2485593855381012,0.5025304555892944,0.5583863258361816,0.4792753159999847,0.3439363539218902,0.5585185885429382,0.2333055734634399,0.5599855184555054,0.3733882904052734
0.3133559823036194,0.3158174753189087,0.2485166490077972,0.5031417012214661,0.5587753653526306,0.4795099198818207,0.3438393473625183,0.5585923194885254,0.2342791408300399,0.5600622296333313,0.3731262683868408
0.3132952451705932,0.3160799145698547,0.2484739124774933,0.5037528872489929,0.5591644048690796,0.4797444939613342,0.343742311000824,0.558665931224823,0.2352527230978012,0.5601389408111572,0.3728642463684082
0.3132344484329223,0.3163423240184784,0.2484311759471893,0.5043641328811646,0.5595534443855286,0.4799790978431701,0.343645304441452,0.5587395429611206,0.2362263053655624,0.5602155923843384,0.3726022243499756
0.3131736516952514,0.316604733467102,0.248388409614563,0.5049753189086914,0.5599424839019775,0.4802137017250061,0.3435483276844024,0.558813214302063,0.2371998727321624,0.5602923631668091,0.3723401725292206
0.3131129145622253,0.3168671429157257,0.2483457028865814,0.5055865049362183,0.5603315830230713,0.480448305606842,0.3434512913227081,0.5588868260383606,0.2381734400987625,0.5603690147399902,0.3720781803131103
0.3130521178245544,0.3171295523643493,0.2483029663562774,0.5061977505683899,0.5607206225395203,0.480682909488678,0.3433542847633362,0.558960497379303,0.2391470223665237,0.5604456663131714,0.3718161284923553
0.3129913210868835,0.317391961812973,0.2482602000236511,0.5068089962005615,0.5611096620559692,0.4809175133705139,0.3432573080062866,0.5590341687202454,0.2401205897331237,0.5605224370956421,0.3715541064739227
0.312930554151535,0.3176543712615967,0.2482174634933471,0.5074201822280884,0.5614987015724182,0.4811521172523498,0.3431602716445923,0.559107780456543,0.241094172000885,0.5605990886688232,0.3712920546531677
0.3128697872161865,0.3179168105125427,0.2481747269630432,0.5080313682556152,0.5618877410888672,0.4813867211341858,0.3430632948875427,0.5591814517974854,0.2420677542686462,0.560675859451294,0.3710300326347351
0.3128089904785156,0.318179190158844,0.2481319904327392,0.5086426138877869,0.5622768402099609,0.4816213250160217,0.3429662883281708,0.559255063533783,0.2430413365364074,0.5607525110244751,0.3707680106163025
0.3127482533454895,0.31844162940979,0.2480892241001129,0.5092538595199585,0.5626658797264099,0.4818559288978576,0.3428692519664764,0.5593287348747253,0.2440148890018463,0.5608292818069458,0.3705059885978699
0.3126874566078186,0.3187040388584137,0.2480464875698089,0.5098650455474854,0.5630548596382141,0.4820905327796936,0.3427722454071045,0.559402346611023,0.2449884563684463,0.560905933380127,0.3702439665794372
0.3126266598701477,0.3189664483070373,0.248003751039505,0.5104762315750122,0.5634438991546631,0.4823251366615295,0.3426752686500549,0.5594760179519653,0.2459620237350464,0.5609826445579529,0.3699819445610046
0.3125659227371216,0.3192288279533386,0.247961014509201,0.5110874772071838,0.5638329982757568,0.4825597107410431,0.3425782322883606,0.5595496296882629,0.2469356209039688,0.5610593557357788,0.3697198927402496
0.3125051259994507,0.3194912672042846,0.2479182779788971,0.5116987228393555,0.5642220377922058,0.482794314622879,0.3424812257289886,0.5596232414245605,0.2479091882705688,0.56113600730896,0.3694579005241394
0.3124443292617798,0.3197536766529083,0.2478755414485931,0.5123099088668823,0.5646110773086548,0.4830289185047149,0.3423842191696167,0.5596969127655029,0.24888277053833,0.5612127780914307,0.3691958487033844
0.3123835623264313,0.320016086101532,0.2478328049182891,0.5129210948944092,0.5650001168251038,0.4832635223865509,0.3422872126102447,0.5597705841064453,0.2498563230037689,0.5612894296646118,0.3689338266849518
0.3123227953910827,0.320278525352478,0.247790053486824,0.5135323405265808,0.5653891563415527,0.4834981262683868,0.3421902060508728,0.5598441958427429,0.2508299052715301,0.5613662004470825,0.3686718046665191
0.3122619986534118,0.3205409348011017,0.2477473020553589,0.5141435265541077,0.5657782554626465,0.4837327301502228,0.3420931696891784,0.5599178671836853,0.251803457736969,0.5614428520202637,0.3684097528457641
0.3122012317180633,0.3208033442497253,0.2477045655250549,0.5147547125816345,0.5661672949790955,0.4839673340320587,0.3419961631298065,0.5599914789199829,0.2527770698070526,0.5615195035934448,0.3681477308273315
0.3121404647827148,0.321065753698349,0.2476618140935897,0.5153659582138062,0.5665563344955444,0.4842019379138946,0.3418991863727569,0.5600651502609253,0.2537506222724914,0.5615962743759155,0.3678857088088989
0.3120796680450439,0.321328192949295,0.247619092464447,0.5159772038459778,0.5669453740119934,0.4844365417957306,0.3418021500110626,0.5601388216018677,0.2547242045402527,0.5616729259490967,0.3676236867904663
0.3120189309120178,0.3215905725955963,0.247576355934143,0.5165883898735046,0.5673344135284424,0.4846711456775665,0.3417051434516907,0.5602123737335205,0.2556977868080139,0.5617496371269226,0.3673616647720337
0.3119581341743469,0.3218529820442199,0.2475336194038391,0.5171995759010315,0.5677235126495361,0.4849057495594024,0.3416081666946411,0.5602861046791077,0.2566713392734527,0.5618263483047485,0.3670996129512787
0.3118973672389984,0.3221153914928436,0.2474908530712127,0.5178108215332031,0.5681125521659851,0.4851403534412384,0.3415111601352691,0.5603596568107605,0.257644921541214,0.5619030594825745,0.3668376207351684
0.3118366003036499,0.3223778009414673,0.2474481165409088,0.5184220671653748,0.5685015916824341,0.4853749275207519,0.3414141535758972,0.5604333877563477,0.2586185038089752,0.5619797706604004,0.3665755689144134
0.311775803565979,0.3226402103900909,0.2474053800106048,0.5190331935882568,0.5688906311988831,0.4856095314025879,0.3413171470165252,0.5605069994926453,0.259592056274414,0.5620564222335815,0.3663135468959808
0.3117150068283081,0.3229026198387146,0.2473626434803009,0.5196444392204285,0.569279670715332,0.4858441352844238,0.3412201106548309,0.5605806708335876,0.2605656385421753,0.5621331930160522,0.3660515248775482
0.3116542398929596,0.3231650590896606,0.2473198920488357,0.5202556848526001,0.5696687698364258,0.4860787391662597,0.341123104095459,0.5606542825698853,0.2615392208099365,0.5622098445892334,0.3657894730567932
0.3115934729576111,0.3234274685382843,0.2472771555185318,0.520866870880127,0.5700578093528748,0.4863133430480957,0.3410261273384094,0.5607279539108276,0.2625128030776977,0.5622865557670593,0.3655274510383606
0.3115326762199402,0.3236898779869079,0.247234433889389,0.5214781165122986,0.570446789264679,0.4865479469299316,0.3409290909767151,0.5608015656471252,0.263486385345459,0.5623632669448853,0.365265429019928
0.3114719092845917,0.3239522874355316,0.2471916675567627,0.5220893025398254,0.5708358287811279,0.4867825508117676,0.3408320844173431,0.5608752369880676,0.2644599378108978,0.5624399185180664,0.3650034070014953
0.3114111423492431,0.3242146968841553,0.2471489310264587,0.5227005481719971,0.5712249279022217,0.4870171546936035,0.3407350778579712,0.5609488487243652,0.265433520078659,0.5625166893005371,0.3647413551807403
0.3113503456115722,0.3244771361351013,0.2471061944961547,0.5233117341995239,0.5716139674186707,0.4872517585754394,0.3406380712985992,0.5610225200653076,0.2664071023464203,0.5625933408737183,0.3644793331623077
0.3112895786762237,0.324739545583725,0.2470634430646896,0.5239229798316956,0.5720030069351196,0.4874863624572754,0.3405410647392273,0.5610961318016052,0.2673806548118591,0.5626700520515442,0.3642173409461975
0.3112287819385528,0.3250019252300262,0.2470206916332245,0.5245341658592224,0.5723920464515686,0.4877209663391113,0.3404440283775329,0.5611697435379028,0.2683542370796203,0.5627467632293701,0.3639552891254425
0.3111680150032043,0.3252643346786499,0.2469779551029205,0.525145411491394,0.5727810859680176,0.4879555702209472,0.340347021818161,0.56124347448349,0.2693278193473816,0.562823474407196,0.3636932671070099
0.3111072182655334,0.3255267441272735,0.2469352185726165,0.5257565975189209,0.5731701850891113,0.4881901741027832,0.3402500450611114,0.5613170266151428,0.2703013718128204,0.562900185585022,0.3634312450885772
0.3110464811325073,0.325789213180542,0.2468924820423126,0.5263677835464478,0.5735592246055603,0.4884247481822967,0.3401530086994171,0.56139075756073,0.2712749540805816,0.5629768967628479,0.3631691932678222
0.3109856843948364,0.3260515928268432,0.2468497455120086,0.5269790291786194,0.5739482641220093,0.4886593520641327,0.3400560021400451,0.5614643096923828,0.2722485363483429,0.5630536079406738,0.3629071712493896
0.3109249174594879,0.3263140022754669,0.2468070089817047,0.5275902152061462,0.5743373036384583,0.4888939559459686,0.3399590253829956,0.5615379810333252,0.2732221186161041,0.563130259513855,0.362645149230957
0.3108641505241394,0.3265764117240906,0.2467642575502395,0.5282014608383179,0.5747263431549072,0.4891285598278045,0.3398620188236236,0.5616116523742676,0.2741957008838653,0.5632070302963257,0.3623831272125244
0.3108033537864685,0.3268388509750366,0.2467215061187744,0.5288126468658447,0.575115442276001,0.4893631637096405,0.3397650122642517,0.5616852641105652,0.2751692533493042,0.5632836818695068,0.3621210753917694
0.31074258685112,0.3271012306213379,0.2466787695884704,0.5294238924980164,0.57550448179245,0.4895977675914764,0.3396680057048797,0.5617589354515076,0.2761428356170654,0.5633604526519775,0.3618590533733368
0.3106818199157715,0.3273636400699615,0.2466360330581665,0.5300350189208984,0.5758934617042542,0.4898323714733124,0.3395709693431854,0.5618325471878052,0.2771164178848266,0.5634371042251587,0.3615970611572265
0.3106210231781006,0.3276260495185852,0.2465932816267013,0.5306463241577148,0.5762825012207031,0.4900669753551483,0.3394739925861358,0.5619062185287476,0.2780900001525879,0.5635137557983398,0.3613350093364715
0.3105602264404297,0.3278884887695312,0.2465505599975586,0.5312575101852417,0.5766716003417969,0.4903015792369842,0.3393769860267639,0.5619798898696899,0.2790635526180267,0.5635904669761658,0.3610729873180389
0.3104994595050812,0.3281508982181549,0.2465078234672546,0.5318686962127686,0.5770606398582458,0.4905361831188202,0.3392799496650696,0.5620535016059875,0.2800371348857879,0.5636671781539917,0.3608109652996063
0.3104386925697326,0.3284133076667785,0.2464650571346283,0.5324798822402954,0.5774496793746948,0.4907707870006561,0.3391829431056976,0.5621271729469299,0.2810106873512268,0.5637438893318176,0.3605489134788513
0.3103778958320617,0.3286757171154022,0.2464223355054855,0.5330911874771118,0.5778387188911438,0.491005390882492,0.339085966348648,0.5622007846832275,0.281984269618988,0.5638206005096436,0.3602868914604187
0.3103171586990356,0.3289381265640259,0.2463795840740203,0.5337023735046387,0.5782277584075928,0.4912399649620056,0.3389889299869537,0.5622744560241699,0.2829578518867492,0.5638973116874695,0.3600248694419861
0.3102563619613647,0.3292005658149719,0.2463368475437164,0.5343135595321655,0.5786168575286865,0.4914745688438415,0.3388919234275818,0.5623480677604675,0.2839314341545105,0.5639740228652954,0.3597628474235534
0.3101955950260162,0.3294629454612732,0.2462940961122512,0.5349247455596924,0.5790058970451355,0.4917091727256775,0.3387948870658874,0.5624217391014099,0.2849050164222717,0.5640507340431213,0.3595007956027984
0.3101348280906677,0.3297253549098968,0.2462513595819473,0.535535991191864,0.5793949365615845,0.4919437766075134,0.3386978805065155,0.5624953508377075,0.2858785986900329,0.5641274452209473,0.3592387735843658
0.3100740313529968,0.3299877643585205,0.2462086230516433,0.5361472368240356,0.5797839760780334,0.4921783804893493,0.3386009037494659,0.5625690221786499,0.2868521511554718,0.5642040967941284,0.3589767813682556
0.3100132346153259,0.3302502036094665,0.2461658716201782,0.5367584228515625,0.5801730155944824,0.4924129843711853,0.3385038673877716,0.5626426339149475,0.287825733423233,0.5642808079719543,0.358714759349823
0.3099524974822998,0.3305125832557678,0.2461231350898742,0.5373696684837341,0.5805621147155762,0.4926475882530212,0.3384068608283996,0.5627163648605347,0.2887993156909942,0.5643575191497803,0.3584526777267456
0.3098917007446289,0.3307749927043915,0.2460803985595703,0.537980854511261,0.5809511542320251,0.4928821921348572,0.3383098840713501,0.5627899169921875,0.2897728681564331,0.5644342303276062,0.3581906855106354
0.309830904006958,0.3310374617576599,0.2460376620292663,0.5385921001434326,0.5813401937484741,0.4931167960166931,0.3382128775119781,0.5628635883331299,0.2907464504241943,0.5645109415054321,0.3579286336898803
0.3097701668739319,0.3312998712062835,0.24599489569664,0.5392032861709595,0.5817291736602783,0.493351399898529,0.3381158709526062,0.5629372000694275,0.2917200326919555,0.5645875930786133,0.3576666116714477
0.309709370136261,0.3315622508525848,0.2459521740674972,0.5398144721984863,0.5821182727813721,0.493586003780365,0.3380188643932342,0.5630108118057251,0.2926935851573944,0.564664363861084,0.3574045896530151
0.3096485733985901,0.3318246603012085,0.2459094375371933,0.540425717830658,0.582507312297821,0.4938206076622009,0.3379218280315399,0.5630845427513123,0.2936671674251556,0.5647410154342651,0.3571425676345825
0.3095878362655639,0.3320870995521545,0.2458666861057281,0.5410369634628296,0.58289635181427,0.4940551817417145,0.3378248512744903,0.5631581544876099,0.2946407496929168,0.5648177266120911,0.3568805158138275
0.309527039527893,0.3323495090007782,0.2458239495754242,0.5416481494903564,0.583285391330719,0.4942897856235504,0.3377278447151184,0.5632318258285522,0.2956143319606781,0.564894437789917,0.3566184937953949
0.3094662427902221,0.3326119184494018,0.2457812130451202,0.5422593355178833,0.583674430847168,0.4945243895053863,0.3376308083534241,0.5633053779602051,0.2965879142284393,0.5649711489677429,0.3563565015792846
0.3094054758548736,0.3328742980957031,0.2457384765148162,0.5428705215454102,0.5840635299682617,0.4947589933872223,0.3375338017940521,0.5633791089057922,0.2975614666938782,0.5650478601455688,0.3560944497585296
0.3093447089195251,0.3331367373466491,0.2456957250833511,0.5434817671775818,0.5844525694847107,0.4949935972690582,0.3374368250370025,0.5634527206420898,0.2985350489616394,0.56512451171875,0.3558323979377746
0.3092839121818542,0.3333991467952728,0.245652973651886,0.5440930128097534,0.5848416090011597,0.4952282011508941,0.3373397886753082,0.5635263919830322,0.2995086312294006,0.5652012825012207,0.3555704057216644
0.3092231750488281,0.3336615860462188,0.245610237121582,0.5447041988372803,0.5852306485176086,0.4954628050327301,0.3372427821159363,0.5636000037193298,0.3004821836948395,0.5652779340744019,0.3553083539009094
0.3091623783111572,0.3339239656925201,0.2455674856901168,0.5453153848648071,0.5856196880340576,0.495697408914566,0.3371457457542419,0.5636736750602722,0.3014557659626007,0.5653546452522278,0.3550463318824768
0.3091015815734863,0.3341863751411438,0.2455247491598129,0.5459266304969788,0.5860087871551514,0.495932012796402,0.3370487689971924,0.5637472867965698,0.3024293482303619,0.5654313564300537,0.3547843098640442
0.3090408444404602,0.3344488143920898,0.2454820275306701,0.5465378761291504,0.5863978266716003,0.4961666166782379,0.3369517624378204,0.5638209581375122,0.3034029006958008,0.5655080080032349,0.3545222878456116
0.3089800477027893,0.3347112238407135,0.2454392910003662,0.5471490621566772,0.5867868661880493,0.4964012205600738,0.3368547260761261,0.5638945698738098,0.304376482963562,0.5655847787857056,0.3542602360248565
0.3089192509651184,0.3349736034870147,0.245396539568901,0.5477602481842041,0.5871759057044983,0.4966358244419098,0.3367577493190765,0.5639682412147522,0.3053500652313232,0.5656614303588867,0.3539982140064239
0.3088584840297699,0.3352360129356384,0.2453538030385971,0.5483714938163757,0.5875649452209473,0.4968703985214233,0.3366607427597046,0.5640418529510498,0.3063236474990845,0.5657381415367126,0.3537362217903137
0.3087977170944214,0.3354984521865845,0.2453110516071319,0.5489826798439026,0.5879539847373962,0.4971050024032593,0.3365637362003326,0.5641155242919922,0.3072972297668457,0.5658148527145386,0.3534741401672363
0.3087369203567505,0.3357608616352081,0.245268315076828,0.5495939254760742,0.5883430242538452,0.4973396062850952,0.3364667296409607,0.5641891360282898,0.3082708120346069,0.5658915638923645,0.3532121181488037
0.308676153421402,0.3360232710838318,0.2452255636453628,0.5502051115036011,0.588732123374939,0.4975742101669311,0.3363697230815887,0.5642628073692322,0.3092443645000458,0.5659682750701904,0.3529500961303711
0.3086153864860534,0.336285650730133,0.2451828271150589,0.5508163571357727,0.5891211032867432,0.4978088140487671,0.3362726867198944,0.5643364787101746,0.310217946767807,0.5660449862480164,0.3526880741119385
0.3085545897483825,0.3365481197834015,0.2451400756835937,0.5514275431632996,0.5895102024078369,0.498043417930603,0.3361757099628448,0.5644100904464722,0.3111914992332458,0.5661216974258423,0.3524260520935058
0.308493822813034,0.3368105292320251,0.2450973391532898,0.5520387887954712,0.5898993015289307,0.4982780218124389,0.3360787034034729,0.5644837021827698,0.3121650815010071,0.5661983489990234,0.3521640002727508
0.3084330558776855,0.3370729386806488,0.2450546026229858,0.552649974822998,0.5902882814407349,0.4985126256942749,0.3359816670417785,0.5645573735237122,0.3131386637687683,0.5662750601768494,0.3519020080566406
0.308372288942337,0.3373353183269501,0.2450118660926818,0.5532612204551697,0.5906773209571838,0.4987472295761108,0.3358846604824066,0.5646309852600098,0.3141122460365295,0.5663517713546753,0.3516399562358856
0.3083114922046661,0.3375977575778961,0.2449691295623779,0.5538724064826965,0.5910663604736328,0.4989818334579468,0.335787683725357,0.5647046566009521,0.3150857985019684,0.5664284825325012,0.351377934217453
0.3082507252693176,0.3378601670265198,0.2449263781309127,0.5544836521148682,0.5914554595947266,0.4992164373397827,0.3356906473636627,0.5647782683372498,0.3160593509674072,0.5665051341056824,0.3511159121990204
0.3081899285316467,0.3381225764751434,0.2448836416006088,0.555094838142395,0.5918444991111755,0.4994510412216186,0.3355936408042907,0.5648519396781921,0.3170329332351684,0.5665818452835083,0.3508538603782654
0.3081291615962982,0.3383849561214447,0.2448409050703048,0.5557060837745667,0.5922335386276245,0.4996856153011322,0.3354966044425964,0.5649255514144897,0.3180065155029297,0.5666585564613342,0.3505918383598327
0.3080683946609497,0.3386473953723907,0.2447981536388397,0.5563172698020935,0.5926225781440735,0.4999202191829681,0.3353996276855469,0.5649992227554321,0.3189800977706909,0.5667352676391602,0.3503298163414001
0.3080075979232788,0.3389098048210144,0.2447554171085357,0.5569284558296204,0.5930116176605225,0.5001548528671265,0.3353026211261749,0.5650728940963745,0.3199536800384521,0.5668119788169861,0.3500677943229675
0.3079468309879303,0.3391722440719604,0.2447126805782318,0.557539701461792,0.5934007167816162,0.5003894567489624,0.3352055847644806,0.5651464462280273,0.3209272623062134,0.566888689994812,0.3498057723045349
0.3078860640525818,0.3394346237182617,0.2446699291467666,0.5581508874893188,0.5937896966934204,0.5006240606307983,0.335108608007431,0.5652201771736145,0.3219008445739746,0.5669654011726379,0.3495437204837799
0.3078252673149109,0.3396970331668854,0.2446271926164627,0.5587621331214905,0.5941787958145142,0.5008586645126343,0.3350116312503814,0.5652937293052673,0.3228743970394134,0.5670421123504639,0.3492817282676697
0.30776447057724,0.3399594724178314,0.2445844411849975,0.5593733191490173,0.5945677757263184,0.5010932087898254,0.3349145948886871,0.5653674602508545,0.3238479495048523,0.5671188235282898,0.3490196764469147
0.3077037036418915,0.3402218818664551,0.2445417195558548,0.559984564781189,0.5949568748474121,0.5013278126716614,0.3348175883293152,0.5654410719871521,0.3248215317726135,0.567195475101471,0.348757654428482
0.3076429367065429,0.3404842913150787,0.2444989681243896,0.5605957508087158,0.5953459143638611,0.5015624165534973,0.3347205817699432,0.5655147433280945,0.3257951140403747,0.5672721862792969,0.3484956324100494
0.307582139968872,0.3407467007637024,0.2444562315940857,0.5612069964408875,0.5957350134849548,0.5017970204353333,0.3346235454082489,0.5655883550643921,0.326768696308136,0.5673488974571228,0.3482335805892944
0.2734224498271942,0.1908280551433563,0.2011168450117111,0.250154435634613,0.4382044672966003,0.3154730498790741,0.0317029170691967,0.4749168157577514,0.1482604444026947,0.3927842676639557,0.0927967503666877
0.2734224498271942,0.1908280551433563,0.2011168450117111,0.250154435634613,0.4382044672966003,0.3154730498790741,0.0317029170691967,0.4749168157577514,0.1482604444026947,0.3927842676639557,0.0927967503666877
0.2734224498271942,0.1908280551433563,0.2011168450117111,0.250154435634613,0.4382044672966003,0.3154730498790741,0.0317029170691967,0.4749168157577514,0.1482604444026947,0.3927842676639557,0.0927967503666877
0.2734224498271942,0.1908280551433563,0.2011168450117111,0.250154435634613,0.4382044672966003,0.3154730498790741,0.0317029170691967,0.4749168157577514,0.1482604444026947,0.3927842676639557,0.0927967503666877
0.2734224498271942,0.1908280551433563,0.2011168450117111,0.250154435634613,0.4382044672966003,0.3154730498790741,0.0317029170691967,0.4749168157577514,0.1482604444026947,0.3927842676639557,0.0927967503666877
0.2734224498271942,0.1908280551433563,0.2011168450117111,0.250154435634613,0.4382044672966003,0.3154730498790741,0.0317029170691967,0.4749168157577514,0.1482604444026947,0.3927842676639557,0.0927967503666877
0.2734224498271942,0.1908280551433563,0.2011168450117111,0.250154435634613,0.4382044672966003,0.3154730498790741,0.0317029170691967,0.4749168157577514,0.1482604444026947,0.3927842676639557,0.0927967503666877
0.2734224498271942,0.1908280551433563,0.2011168450117111,0.250154435634613,0.4382044672966003,0.3154730498790741,0.0317029170691967,0.4749168157577514,0.1482604444026947,0.3927842676639557,0.0927967503666877
0.2734224498271942,0.1908280551433563,0.2011168450117111,0.250154435634613,0.4382044672966003,0.3154730498790741,0.0317029170691967,0.4749168157577514,0.1482604444026947,0.3927842676639557,0.0927967503666877
0.2734224498271942,0.1908280551433563,0.2011168450117111,0.250154435634613,0.4382044672966003,0.3154730498790741,0.0317029170691967,0.4749168157577514,0.1482604444026947,0.3927842676639557,0.0927967503666877
0.2734224498271942,0.1908280551433563,0.2011168450117111,0.250154435634613,0.4382044672966003,0.3154730498790741,0.0317029170691967,0.4749168157577514,0.1482604444026947,0.3927842676639557,0.0927967503666877
0.2734224498271942,0.1908280551433563,0.2011168450117111,0.250154435634613,0.4382044672966003,0.3154730498790741,0.0317029170691967,0.4749168157577514,0.1482604444026947,0.3927842676639557,0.0927967503666877
0.2734224498271942,0.1908280551433563,0.2011168450117111,0.250154435634613,0.4382044672966003,0.3154730498790741,0.0317029170691967,0.4749168157577514,0.1482604444026947,0.3927842676639557,0.0927967503666877
0.2734224498271942,0.1908280551433563,0.2011168450117111,0.250154435634613,0.4382044672966003,0.3154730498790741,0.0317029170691967,0.4749168157577514,0.1482604444026947,0.3927842676639557,0.0927967503666877
0.2734224498271942,0.1908280551433563,0.2011168450117111,0.250154435634613,0.4382044672966003,0.3154730498790741,0.0317029170691967,0.4749168157577514,0.1482604444026947,0.3927842676639557,0.0927967503666877
0.2734224498271942,0.1908280551433563,0.2011168450117111,0.250154435634613,0.4382044672966003,0.3154730498790741,0.0317029170691967,0.4749168157577514,0.1482604444026947,0.3927842676639557,0.0927967503666877
0.2734224498271942,0.1908280551433563,0.2011168450117111,0.250154435634613,0.4382044672966003,0.3154730498790741,0.0317029170691967,0.4749168157577514,0.1482604444026947,0.3927842676639557,0.0927967503666877
0.2734224498271942,0.1908280551433563,0.2011168450117111,0.250154435634613,0.4382044672966003,0.3154730498790741,0.0317029170691967,0.4749168157577514,0.1482604444026947,0.3927842676639557,0.0927967503666877
0.2734224498271942,0.1908280551433563,0.2011168450117111,0.250154435634613,0.4382044672966003,0.3154730498790741,0.0317029170691967,0.4749168157577514,0.1482604444026947,0.3927842676639557,0.0927967503666877
0.2734224498271942,0.1908280551433563,0.2011168450117111,0.250154435634613,0.4382044672966003,0.3154730498790741,0.0317029170691967,0.4749168157577514,0.1482604444026947,0.3927842676639557,0.0927967503666877
0.2734224498271942,0.1908280551433563,0.2011168450117111,0.250154435634613,0.4382044672966003,0.3154730498790741,0.0317029170691967,0.4749168157577514,0.1482604444026947,0.3927842676639557,0.0927967503666877
0.2734224498271942,0.1908280551433563,0.2011168450117111,0.250154435634613,0.4382044672966003,0.3154730498790741,0.0317029170691967,0.4749168157577514,0.1482604444026947,0.3927842676639557,0.0927967503666877
0.2734224498271942,0.1908280551433563,0.2011168450117111,0.250154435634613,0.4382044672966003,0.3154730498790741,0.0317029170691967,0.4749168157577514,0.1482604444026947,0.3927842676639557,0.0927967503666877
0.2734224498271942,0.1908280551433563,0.2011168450117111,0.250154435634613,0.4382044672966003,0.3154730498790741,0.0317029170691967,0.4749168157577514,0.1482604444026947,0.3927842676639557,0.0927967503666877
0.2734224498271942,0.1908280551433563,0.2011168450117111,0.250154435634613,0.4382044672966003,0.3154730498790741,0.0317029170691967,0.4749168157577514,0.1482604444026947,0.3927842676639557,0.0927967503666877
0.2734224498271942,0.1908280551433563,0.2011168450117111,0.250154435634613,0.4382044672966003,0.3154730498790741,0.0317029170691967,0.4749168157577514,0.1482604444026947,0.3927842676639557,0.0927967503666877
0.2734224498271942,0.1908280551433563,0.2011168450117111,0.250154435634613,0.4382044672966003,0.3154730498790741,0.0317029170691967,0.4749168157577514,0.1482604444026947,0.3927842676639557,0.0927967503666877
0.2734224498271942,0.1908280551433563,0.2011168450117111,0.250154435634613,0.4382044672966003,0.3154730498790741,0.0317029170691967,0.4749168157577514,0.1482604444026947,0.3927842676639557,0.0927967503666877
0.2734224498271942,0.1908280551433563,0.2011168450117111,0.250154435634613,0.4382044672966003,0.3154730498790741,0.0317029170691967,0.4749168157577514,0.1482604444026947,0.3927842676639557,0.0927967503666877
0.2734224498271942,0.1908280551433563,0.2011168450117111,0.250154435634613,0.4382044672966003,0.3154730498790741,0.0317029170691967,0.4749168157577514,0.1482604444026947,0.3927842676639557,0.0927967503666877
0.2734224498271942,0.1908280551433563,0.2011168450117111,0.250154435634613,0.4382044672966003,0.3154730498790741,0.0317029170691967,0.4749168157577514,0.1482604444026947,0.3927842676639557,0.0927967503666877
0.2734224498271942,0.1908280551433563,0.2011168450117111,0.250154435634613,0.4382044672966003,0.3154730498790741,0.0317029170691967,0.4749168157577514,0.1482604444026947,0.3927842676639557,0.0927967503666877
0.2734224498271942,0.1908280551433563,0.2011168450117111,0.250154435634613,0.4382044672966003,0.3154730498790741,0.0317029170691967,0.4749168157577514,0.1482604444026947,0.3927842676639557,0.0927967503666877
0.2734224498271942,0.1908280551433563,0.2011168450117111,0.250154435634613,0.4382044672966003,0.3154730498790741,0.0317029170691967,0.4749168157577514,0.1482604444026947,0.3927842676639557,0.0927967503666877
0.2734224498271942,0.1908280551433563,0.2011168450117111,0.250154435634613,0.4382044672966003,0.3154730498790741,0.0317029170691967,0.4749168157577514,0.1482604444026947,0.3927842676639557,0.0927967503666877
0.2734224498271942,0.1908280551433563,0.2011168450117111,0.250154435634613,0.4382044672966003,0.3154730498790741,0.0317029170691967,0.4749168157577514,0.1482604444026947,0.3927842676639557,0.0927967503666877
0.2734224498271942,0.1908280551433563,0.2011168450117111,0.250154435634613,0.4382044672966003,0.3154730498790741,0.0317029170691967,0.4749168157577514,0.1482604444026947,0.3927842676639557,0.0927967503666877
0.2734224498271942,0.1908280551433563,0.2011168450117111,0.250154435634613,0.4382044672966003,0.3154730498790741,0.0317029170691967,0.4749168157577514,0.1482604444026947,0.3927842676639557,0.0927967503666877
0.2734224498271942,0.1908280551433563,0.2011168450117111,0.250154435634613,0.4382044672966003,0.3154730498790741,0.0317029170691967,0.4749168157577514,0.1482604444026947,0.3927842676639557,0.0927967503666877
0.2734224498271942,0.1908280551433563,0.2011168450117111,0.250154435634613,0.4382044672966003,0.3154730498790741,0.0317029170691967,0.4749168157577514,0.1482604444026947,0.3927842676639557,0.0927967503666877
0.2734224498271942,0.1908280551433563,0.2011168450117111,0.250154435634613,0.4382044672966003,0.3154730498790741,0.0317029170691967,0.4749168157577514,0.1482604444026947,0.3927842676639557,0.0927967503666877
0.2734224498271942,0.1908280551433563,0.2011168450117111,0.250154435634613,0.4382044672966003,0.3154730498790741,0.0317029170691967,0.4749168157577514,0.1482604444026947,0.3927842676639557,0.0927967503666877
0.2734224498271942,0.1908280551433563,0.2011168450117111,0.250154435634613,0.4382044672966003,0.3154730498790741,0.0317029170691967,0.4749168157577514,0.1482604444026947,0.3927842676639557,0.0927967503666877
0.2734224498271942,0.1908280551433563,0.2011168450117111,0.250154435634613,0.4382044672966003,0.3154730498790741,0.0317029170691967,0.4749168157577514,0.1482604444026947,0.3927842676639557,0.0927967503666877
0.2734224498271942,0.1908280551433563,0.2011168450117111,0.250154435634613,0.4382044672966003,0.3154730498790741,0.0317029170691967,0.4749168157577514,0.1482604444026947,0.3927842676639557,0.0927967503666877
0.2734224498271942,0.1908280551433563,0.2011168450117111,0.250154435634613,0.4382044672966003,0.3154730498790741,0.0317029170691967,0.4749168157577514,0.1482604444026947,0.3927842676639557,0.0927967503666877
0.2734224498271942,0.1908280551433563,0.2011168450117111,0.250154435634613,0.4382044672966003,0.3154730498790741,0.0317029170691967,0.4749168157577514,0.1482604444026947,0.3927842676639557,0.0927967503666877
0.2734224498271942,0.1908280551433563,0.2011168450117111,0.250154435634613,0.4382044672966003,0.3154730498790741,0.0317029170691967,0.4749168157577514,0.1482604444026947,0.3927842676639557,0.0927967503666877
0.2734224498271942,0.1908280551433563,0.2011168450117111,0.250154435634613,0.4382044672966003,0.3154730498790741,0.0317029170691967,0.4749168157577514,0.1482604444026947,0.3927842676639557,0.0927967503666877
0.2734224498271942,0.1908280551433563,0.2011168450117111,0.250154435634613,0.4382044672966003,0.3154730498790741,0.0317029170691967,0.4749168157577514,0.1482604444026947,0.3927842676639557,0.0927967503666877
0.2734224498271942,0.1908280551433563,0.2011168450117111,0.250154435634613,0.4382044672966003,0.3154730498790741,0.0317029170691967,0.4749168157577514,0.1482604444026947,0.3927842676639557,0.0927967503666877
0.2734224498271942,0.1908280551433563,0.2011168450117111,0.250154435634613,0.4382044672966003,0.3154730498790741,0.0317029170691967,0.4749168157577514,0.1482604444026947,0.3927842676639557,0.0927967503666877
0.2734224498271942,0.1908280551433563,0.2011168450117111,0.250154435634613,0.4382044672966003,0.3154730498790741,0.0317029170691967,0.4749168157577514,0.1482604444026947,0.3927842676639557,0.0927967503666877
0.2734224498271942,0.1908280551433563,0.2011168450117111,0.250154435634613,0.4382044672966003,0.3154730498790741,0.0317029170691967,0.4749168157577514,0.1482604444026947,0.3927842676639557,0.0927967503666877
0.2734224498271942,0.1908280551433563,0.2011168450117111,0.250154435634613,0.4382044672966003,0.3154730498790741,0.0317029170691967,0.4749168157577514,0.1482604444026947,0.3927842676639557,0.0927967503666877
0.2734224498271942,0.1908280551433563,0.2011168450117111,0.250154435634613,0.4382044672966003,0.3154730498790741,0.0317029170691967,0.4749168157577514,0.1482604444026947,0.3927842676639557,0.0927967503666877
0.2734224498271942,0.1908280551433563,0.2011168450117111,0.250154435634613,0.4382044672966003,0.3154730498790741,0.0317029170691967,0.4749168157577514,0.1482604444026947,0.3927842676639557,0.0927967503666877
0.2734224498271942,0.1908280551433563,0.2011168450117111,0.250154435634613,0.4382044672966003,0.3154730498790741,0.0317029170691967,0.4749168157577514,0.1482604444026947,0.3927842676639557,0.0927967503666877
0.2734224498271942,0.1908280551433563,0.2011168450117111,0.250154435634613,0.4382044672966003,0.3154730498790741,0.0317029170691967,0.4749168157577514,0.1482604444026947,0.3927842676639557,0.0927967503666877
0.2734224498271942,0.1908280551433563,0.2011168450117111,0.250154435634613,0.4382044672966003,0.3154730498790741,0.0317029170691967,0.4749168157577514,0.1482604444026947,0.3927842676639557,0.0927967503666877
0.2734224498271942,0.1908280551433563,0.2011168450117111,0.250154435634613,0.4382044672966003,0.3154730498790741,0.0317029170691967,0.4749168157577514,0.1482604444026947,0.3927842676639557,0.0927967503666877
0.2734224498271942,0.1908280551433563,0.2011168450117111,0.250154435634613,0.4382044672966003,0.3154730498790741,0.0317029170691967,0.4749168157577514,0.1482604444026947,0.3927842676639557,0.0927967503666877
0.2734224498271942,0.1908280551433563,0.2011168450117111,0.250154435634613,0.4382044672966003,0.3154730498790741,0.0317029170691967,0.4749168157577514,0.1482604444026947,0.3927842676639557,0.0927967503666877
0.2734224498271942,0.1908280551433563,0.2011168450117111,0.250154435634613,0.4382044672966003,0.3154730498790741,0.0317029170691967,0.4749168157577514,0.1482604444026947,0.3927842676639557,0.0927967503666877
0.2734224498271942,0.1908280551433563,0.2011168450117111,0.250154435634613,0.4382044672966003,0.3154730498790741,0.0317029170691967,0.4749168157577514,0.1482604444026947,0.3927842676639557,0.0927967503666877
0.2734224498271942,0.1908280551433563,0.2011168450117111,0.250154435634613,0.4382044672966003,0.3154730498790741,0.0317029170691967,0.4749168157577514,0.1482604444026947,0.3927842676639557,0.0927967503666877
0.2734224498271942,0.1908280551433563,0.2011168450117111,0.250154435634613,0.4382044672966003,0.3154730498790741,0.0317029170691967,0.4749168157577514,0.1482604444026947,0.3927842676639557,0.0927967503666877
0.2734224498271942,0.1908280551433563,0.2011168450117111,0.250154435634613,0.4382044672966003,0.3154730498790741,0.0317029170691967,0.4749168157577514,0.1482604444026947,0.3927842676639557,0.0927967503666877
0.2734224498271942,0.1908280551433563,0.2011168450117111,0.250154435634613,0.4382044672966003,0.3154730498790741,0.0317029170691967,0.4749168157577514,0.1482604444026947,0.3927842676639557,0.0927967503666877
0.2734224498271942,0.1908280551433563,0.2011168450117111,0.250154435634613,0.4382044672966003,0.3154730498790741,0.0317029170691967,0.4749168157577514,0.1482604444026947,0.3927842676639557,0.0927967503666877
0.2734224498271942,0.1908280551433563,0.2011168450117111,0.250154435634613,0.4382044672966003,0.3154730498790741,0.0317029170691967,0.4749168157577514,0.1482604444026947,0.3927842676639557,0.0927967503666877
0.2734224498271942,0.1908280551433563,0.2011168450117111,0.250154435634613,0.4382044672966003,0.3154730498790741,0.0317029170691967,0.4749168157577514,0.1482604444026947,0.3927842676639557,0.0927967503666877
0.2734224498271942,0.1908280551433563,0.2011168450117111,0.250154435634613,0.4382044672966003,0.3154730498790741,0.0317029170691967,0.4749168157577514,0.1482604444026947,0.3927842676639557,0.0927967503666877
0.2734224498271942,0.1908280551433563,0.2011168450117111,0.250154435634613,0.4382044672966003,0.3154730498790741,0.0317029170691967,0.4749168157577514,0.1482604444026947,0.3927842676639557,0.0927967503666877
0.2734224498271942,0.1908280551433563,0.2011168450117111,0.250154435634613,0.4382044672966003,0.3154730498790741,0.0317029170691967,0.4749168157577514,0.1482604444026947,0.3927842676639557,0.0927967503666877
0.2734224498271942,0.1908280551433563,0.2011168450117111,0.250154435634613,0.4382044672966003,0.3154730498790741,0.0317029170691967,0.4749168157577514,0.1482604444026947,0.3927842676639557,0.0927967503666877
0.2734224498271942,0.1908280551433563,0.2011168450117111,0.250154435634613,0.4382044672966003,0.3154730498790741,0.0317029170691967,0.4749168157577514,0.1482604444026947,0.3927842676639557,0.0927967503666877
0.2734224498271942,0.1908280551433563,0.2011168450117111,0.250154435634613,0.4382044672966003,0.3154730498790741,0.0317029170691967,0.4749168157577514,0.1482604444026947,0.3927842676639557,0.0927967503666877
0.2734224498271942,0.1908280551433563,0.2011168450117111,0.250154435634613,0.4382044672966003,0.3154730498790741,0.0317029170691967,0.4749168157577514,0.1482604444026947,0.3927842676639557,0.0927967503666877
0.2734224498271942,0.1908280551433563,0.2011168450117111,0.250154435634613,0.4382044672966003,0.3154730498790741,0.0317029170691967,0.4749168157577514,0.1482604444026947,0.3927842676639557,0.0927967503666877
0.2734224498271942,0.1908280551433563,0.2011168450117111,0.250154435634613,0.4382044672966003,0.3154730498790741,0.0317029170691967,0.4749168157577514,0.1482604444026947,0.3927842676639557,0.0927967503666877
0.2734224498271942,0.1908280551433563,0.2011168450117111,0.250154435634613,0.4382044672966003,0.3154730498790741,0.0317029170691967,0.4749168157577514,0.1482604444026947,0.3927842676639557,0.0927967503666877
0.2734224498271942,0.1908280551433563,0.2011168450117111,0.250154435634613,0.4382044672966003,0.3154730498790741,0.0317029170691967,0.4749168157577514,0.1482604444026947,0.3927842676639557,0.0927967503666877
0.2734224498271942,0.1908280551433563,0.2011168450117111,0.250154435634613,0.4382044672966003,0.3154730498790741,0.0317029170691967,0.4749168157577514,0.1482604444026947,0.3927842676639557,0.0927967503666877
0.2734224498271942,0.1908280551433563,0.2011168450117111,0.250154435634613,0.4382044672966003,0.3154730498790741,0.0317029170691967,0.4749168157577514,0.1482604444026947,0.3927842676639557,0.0927967503666877
0.2734224498271942,0.1908280551433563,0.2011168450117111,0.250154435634613,0.4382044672966003,0.3154730498790741,0.0317029170691967,0.4749168157577514,0.1482604444026947,0.3927842676639557,0.0927967503666877
0.2734224498271942,0.1908280551433563,0.2011168450117111,0.250154435634613,0.4382044672966003,0.3154730498790741,0.0317029170691967,0.4749168157577514,0.1482604444026947,0.3927842676639557,0.0927967503666877
0.2734224498271942,0.1908280551433563,0.2011168450117111,0.250154435634613,0.4382044672966003,0.3154730498790741,0.0317029170691967,0.4749168157577514,0.1482604444026947,0.3927842676639557,0.0927967503666877
0.2734224498271942,0.1908280551433563,0.2011168450117111,0.250154435634613,0.4382044672966003,0.3154730498790741,0.0317029170691967,0.4749168157577514,0.1482604444026947,0.3927842676639557,0.0927967503666877
0.2734224498271942,0.1908280551433563,0.2011168450117111,0.250154435634613,0.4382044672966003,0.3154730498790741,0.0317029170691967,0.4749168157577514,0.1482604444026947,0.3927842676639557,0.0927967503666877
0.2734224498271942,0.1908280551433563,0.2011168450117111,0.250154435634613,0.4382044672966003,0.3154730498790741,0.0317029170691967,0.4749168157577514,0.1482604444026947,0.3927842676639557,0.0927967503666877
0.2734224498271942,0.1908280551433563,0.2011168450117111,0.250154435634613,0.4382044672966003,0.3154730498790741,0.0317029170691967,0.4749168157577514,0.1482604444026947,0.3927842676639557,0.0927967503666877
0.2734224498271942,0.1908280551433563,0.2011168450117111,0.250154435634613,0.4382044672966003,0.3154730498790741,0.0317029170691967,0.4749168157577514,0.1482604444026947,0.3927842676639557,0.0927967503666877
0.2734224498271942,0.1908280551433563,0.2011168450117111,0.250154435634613,0.4382044672966003,0.3154730498790741,0.0317029170691967,0.4749168157577514,0.1482604444026947,0.3927842676639557,0.0927967503666877
0.2734224498271942,0.1908280551433563,0.2011168450117111,0.250154435634613,0.4382044672966003,0.3154730498790741,0.0317029170691967,0.4749168157577514,0.1482604444026947,0.3927842676639557,0.0927967503666877
0.2734224498271942,0.1908280551433563,0.2011168450117111,0.250154435634613,0.4382044672966003,0.3154730498790741,0.0317029170691967,0.4749168157577514,0.1482604444026947,0.3927842676639557,0.0927967503666877
0.2734224498271942,0.1908280551433563,0.2011168450117111,0.250154435634613,0.4382044672966003,0.3154730498790741,0.0317029170691967,0.4749168157577514,0.1482604444026947,0.3927842676639557,0.0927967503666877
0.2734224498271942,0.1908280551433563,0.2011168450117111,0.250154435634613,0.4382044672966003,0.3154730498790741,0.0317029170691967,0.4749168157577514,0.1482604444026947,0.3927842676639557,0.0927967503666877
0.2734224498271942,0.1908280551433563,0.2011168450117111,0.250154435634613,0.4382044672966003,0.3154730498790741,0.0317029170691967,0.4749168157577514,0.1482604444026947,0.3927842676639557,0.0927967503666877
0.2734224498271942,0.1908280551433563,0.2011168450117111,0.250154435634613,0.4382044672966003,0.3154730498790741,0.0317029170691967,0.4749168157577514,0.1482604444026947,0.3927842676639557,0.0927967503666877
0.2734224498271942,0.1908280551433563,0.2011168450117111,0.250154435634613,0.4382044672966003,0.3154730498790741,0.0317029170691967,0.4749168157577514,0.1482604444026947,0.3927842676639557,0.0927967503666877
0.2734224498271942,0.1908280551433563,0.2011168450117111,0.250154435634613,0.4382044672966003,0.3154730498790741,0.0317029170691967,0.4749168157577514,0.1482604444026947,0.3927842676639557,0.0927967503666877
0.2734224498271942,0.1908280551433563,0.2011168450117111,0.250154435634613,0.4382044672966003,0.3154730498790741,0.0317029170691967,0.4749168157577514,0.1482604444026947,0.3927842676639557,0.0927967503666877
0.2734224498271942,0.1908280551433563,0.2011168450117111,0.250154435634613,0.4382044672966003,0.3154730498790741,0.0317029170691967,0.4749168157577514,0.1482604444026947,0.3927842676639557,0.0927967503666877
0.2734224498271942,0.1908280551433563,0.2011168450117111,0.250154435634613,0.4382044672966003,0.3154730498790741,0.0317029170691967,0.4749168157577514,0.1482604444026947,0.3927842676639557,0.0927967503666877
0.2734224498271942,0.1908280551433563,0.2011168450117111,0.250154435634613,0.4382044672966003,0.3154730498790741,0.0317029170691967,0.4749168157577514,0.1482604444026947,0.3927842676639557,0.0927967503666877
0.2734224498271942,0.1908280551433563,0.2011168450117111,0.250154435634613,0.4382044672966003,0.3154730498790741,0.0317029170691967,0.4749168157577514,0.1482604444026947,0.3927842676639557,0.0927967503666877
0.2734224498271942,0.1908280551433563,0.2011168450117111,0.250154435634613,0.4382044672966003,0.3154730498790741,0.0317029170691967,0.4749168157577514,0.1482604444026947,0.3927842676639557,0.0927967503666877
0.2734224498271942,0.1908280551433563,0.2011168450117111,0.250154435634613,0.4382044672966003,0.3154730498790741,0.0317029170691967,0.4749168157577514,0.1482604444026947,0.3927842676639557,0.0927967503666877
0.2734224498271942,0.1908280551433563,0.2011168450117111,0.250154435634613,0.4382044672966003,0.3154730498790741,0.0317029170691967,0.4749168157577514,0.1482604444026947,0.3927842676639557,0.0927967503666877
0.2734224498271942,0.1908280551433563,0.2011168450117111,0.250154435634613,0.4382044672966003,0.3154730498790741,0.0317029170691967,0.4749168157577514,0.1482604444026947,0.3927842676639557,0.0927967503666877
0.2734224498271942,0.1908280551433563,0.2011168450117111,0.250154435634613,0.4382044672966003,0.3154730498790741,0.0317029170691967,0.4749168157577514,0.1482604444026947,0.3927842676639557,0.0927967503666877
0.2734224498271942,0.1908280551433563,0.2011168450117111,0.250154435634613,0.4382044672966003,0.3154730498790741,0.0317029170691967,0.4749168157577514,0.1482604444026947,0.3927842676639557,0.0927967503666877
0.2734224498271942,0.1908280551433563,0.2011168450117111,0.250154435634613,0.4382044672966003,0.3154730498790741,0.0317029170691967,0.4749168157577514,0.1482604444026947,0.3927842676639557,0.0927967503666877
0.2734224498271942,0.1908280551433563,0.2011168450117111,0.250154435634613,0.4382044672966003,0.3154730498790741,0.0317029170691967,0.4749168157577514,0.1482604444026947,0.3927842676639557,0.0927967503666877
0.2734224498271942,0.1908280551433563,0.2011168450117111,0.250154435634613,0.4382044672966003,0.3154730498790741,0.0317029170691967,0.4749168157577514,0.1482604444026947,0.3927842676639557,0.0927967503666877
0.2734224498271942,0.1908280551433563,0.2011168450117111,0.250154435634613,0.4382044672966003,0.3154730498790741,0.0317029170691967,0.4749168157577514,0.1482604444026947,0.3927842676639557,0.0927967503666877
0.2734224498271942,0.1908280551433563,0.2011168450117111,0.250154435634613,0.4382044672966003,0.3154730498790741,0.0317029170691967,0.4749168157577514,0.1482604444026947,0.3927842676639557,0.0927967503666877
0.2734224498271942,0.1908280551433563,0.2011168450117111,0.250154435634613,0.4382044672966003,0.3154730498790741,0.0317029170691967,0.4749168157577514,0.1482604444026947,0.3927842676639557,0.0927967503666877
0.2734224498271942,0.1908280551433563,0.2011168450117111,0.250154435634613,0.4382044672966003,0.3154730498790741,0.0317029170691967,0.4749168157577514,0.1482604444026947,0.3927842676639557,0.0927967503666877
0.2734224498271942,0.1908280551433563,0.2011168450117111,0.250154435634613,0.4382044672966003,0.3154730498790741,0.0317029170691967,0.4749168157577514,0.1482604444026947,0.3927842676639557,0.0927967503666877
0.2734224498271942,0.1908280551433563,0.2011168450117111,0.250154435634613,0.4382044672966003,0.3154730498790741,0.0317029170691967,0.4749168157577514,0.1482604444026947,0.3927842676639557,0.0927967503666877
0.2734224498271942,0.1908280551433563,0.2011168450117111,0.250154435634613,0.4382044672966003,0.3154730498790741,0.0317029170691967,0.4749168157577514,0.1482604444026947,0.3927842676639557,0.0927967503666877
0.2734224498271942,0.1908280551433563,0.2011168450117111,0.250154435634613,0.4382044672966003,0.3154730498790741,0.0317029170691967,0.4749168157577514,0.1482604444026947,0.3927842676639557,0.0927967503666877
0.2734224498271942,0.1908280551433563,0.2011168450117111,0.250154435634613,0.4382044672966003,0.3154730498790741,0.0317029170691967,0.4749168157577514,0.1482604444026947,0.3927842676639557,0.0927967503666877
0.2734224498271942,0.1908280551433563,0.2011168450117111,0.250154435634613,0.4382044672966003,0.3154730498790741,0.0317029170691967,0.4749168157577514,0.1482604444026947,0.3927842676639557,0.0927967503666877
0.2734224498271942,0.1908280551433563,0.2011168450117111,0.250154435634613,0.4382044672966003,0.3154730498790741,0.0317029170691967,0.4749168157577514,0.1482604444026947,0.3927842676639557,0.0927967503666877
0.2734224498271942,0.1908280551433563,0.2011168450117111,0.250154435634613,0.4382044672966003,0.3154730498790741,0.0317029170691967,0.4749168157577514,0.1482604444026947,0.3927842676639557,0.0927967503666877
0.2734224498271942,0.1908280551433563,0.2011168450117111,0.250154435634613,0.4382044672966003,0.3154730498790741,0.0317029170691967,0.4749168157577514,0.1482604444026947,0.3927842676639557,0.0927967503666877
0.2734224498271942,0.1908280551433563,0.2011168450117111,0.250154435634613,0.4382044672966003,0.3154730498790741,0.0317029170691967,0.4749168157577514,0.1482604444026947,0.3927842676639557,0.0927967503666877
0.2734224498271942,0.1908280551433563,0.2011168450117111,0.250154435634613,0.4382044672966003,0.3154730498790741,0.0317029170691967,0.4749168157577514,0.1482604444026947,0.3927842676639557,0.0927967503666877
0.2734224498271942,0.1908280551433563,0.2011168450117111,0.250154435634613,0.4382044672966003,0.3154730498790741,0.0317029170691967,0.4749168157577514,0.1482604444026947,0.3927842676639557,0.0927967503666877
0.2734224498271942,0.1908280551433563,0.2011168450117111,0.250154435634613,0.4382044672966003,0.3154730498790741,0.0317029170691967,0.4749168157577514,0.1482604444026947,0.3927842676639557,0.0927967503666877
0.2734224498271942,0.1908280551433563,0.2011168450117111,0.250154435634613,0.4382044672966003,0.3154730498790741,0.0317029170691967,0.4749168157577514,0.1482604444026947,0.3927842676639557,0.0927967503666877
0.2734224498271942,0.1908280551433563,0.2011168450117111,0.250154435634613,0.4382044672966003,0.3154730498790741,0.0317029170691967,0.4749168157577514,0.1482604444026947,0.3927842676639557,0.0927967503666877
0.2734224498271942,0.1908280551433563,0.2011168450117111,0.250154435634613,0.4382044672966003,0.3154730498790741,0.0317029170691967,0.4749168157577514,0.1482604444026947,0.3927842676639557,0.0927967503666877
0.2734224498271942,0.1908280551433563,0.2011168450117111,0.250154435634613,0.4382044672966003,0.3154730498790741,0.0317029170691967,0.4749168157577514,0.1482604444026947,0.3927842676639557,0.0927967503666877
0.2734224498271942,0.1908280551433563,0.2011168450117111,0.250154435634613,0.4382044672966003,0.3154730498790741,0.0317029170691967,0.4749168157577514,0.1482604444026947,0.3927842676639557,0.0927967503666877
0.2734224498271942,0.1908280551433563,0.2011168450117111,0.250154435634613,0.4382044672966003,0.3154730498790741,0.0317029170691967,0.4749168157577514,0.1482604444026947,0.3927842676639557,0.0927967503666877
0.2734224498271942,0.1908280551433563,0.2011168450117111,0.250154435634613,0.4382044672966003,0.3154730498790741,0.0317029170691967,0.4749168157577514,0.1482604444026947,0.3927842676639557,0.0927967503666877
0.2734224498271942,0.1908280551433563,0.2011168450117111,0.250154435634613,0.4382044672966003,0.3154730498790741,0.0317029170691967,0.4749168157577514,0.1482604444026947,0.3927842676639557,0.0927967503666877
0.2734224498271942,0.1908280551433563,0.2011168450117111,0.250154435634613,0.4382044672966003,0.3154730498790741,0.0317029170691967,0.4749168157577514,0.1482604444026947,0.3927842676639557,0.0927967503666877
0.2734224498271942,0.1908280551433563,0.2011168450117111,0.250154435634613,0.4382044672966003,0.3154730498790741,0.0317029170691967,0.4749168157577514,0.1482604444026947,0.3927842676639557,0.0927967503666877
0.2734224498271942,0.1908280551433563,0.2011168450117111,0.250154435634613,0.4382044672966003,0.3154730498790741,0.0317029170691967,0.4749168157577514,0.1482604444026947,0.3927842676639557,0.0927967503666877
0.2734224498271942,0.1908280551433563,0.2011168450117111,0.250154435634613,0.4382044672966003,0.3154730498790741,0.0317029170691967,0.4749168157577514,0.1482604444026947,0.3927842676639557,0.0927967503666877
0.2734224498271942,0.1908280551433563,0.2011168450117111,0.250154435634613,0.4382044672966003,0.3154730498790741,0.0317029170691967,0.4749168157577514,0.1482604444026947,0.3927842676639557,0.0927967503666877
0.2734224498271942,0.1908280551433563,0.2011168450117111,0.250154435634613,0.4382044672966003,0.3154730498790741,0.0317029170691967,0.4749168157577514,0.1482604444026947,0.3927842676639557,0.0927967503666877
0.2734224498271942,0.1908280551433563,0.2011168450117111,0.250154435634613,0.4382044672966003,0.3154730498790741,0.0317029170691967,0.4749168157577514,0.1482604444026947,0.3927842676639557,0.0927967503666877
0.2734224498271942,0.1908280551433563,0.2011168450117111,0.250154435634613,0.4382044672966003,0.3154730498790741,0.0317029170691967,0.4749168157577514,0.1482604444026947,0.3927842676639557,0.0927967503666877
0.2734224498271942,0.1908280551433563,0.2011168450117111,0.250154435634613,0.4382044672966003,0.3154730498790741,0.0317029170691967,0.4749168157577514,0.1482604444026947,0.3927842676639557,0.0927967503666877
0.2734224498271942,0.1908280551433563,0.2011168450117111,0.250154435634613,0.4382044672966003,0.3154730498790741,0.0317029170691967,0.4749168157577514,0.1482604444026947,0.3927842676639557,0.0927967503666877
0.2734224498271942,0.1908280551433563,0.2011168450117111,0.250154435634613,0.4382044672966003,0.3154730498790741,0.0317029170691967,0.4749168157577514,0.1482604444026947,0.3927842676639557,0.0927967503666877
0.2734224498271942,0.1908280551433563,0.2011168450117111,0.250154435634613,0.4382044672966003,0.3154730498790741,0.0317029170691967,0.4749168157577514,0.1482604444026947,0.3927842676639557,0.0927967503666877
0.2734224498271942,0.1908280551433563,0.2011168450117111,0.250154435634613,0.4382044672966003,0.3154730498790741,0.0317029170691967,0.4749168157577514,0.1482604444026947,0.3927842676639557,0.0927967503666877
0.2734224498271942,0.1908280551433563,0.2011168450117111,0.250154435634613,0.4382044672966003,0.3154730498790741,0.0317029170691967,0.4749168157577514,0.1482604444026947,0.3927842676639557,0.0927967503666877
0.2734224498271942,0.1908280551433563,0.2011168450117111,0.250154435634613,0.4382044672966003,0.3154730498790741,0.0317029170691967,0.4749168157577514,0.1482604444026947,0.3927842676639557,0.0927967503666877
0.2734224498271942,0.1908280551433563,0.2011168450117111,0.250154435634613,0.4382044672966003,0.3154730498790741,0.0317029170691967,0.4749168157577514,0.1482604444026947,0.3927842676639557,0.0927967503666877
0.2734224498271942,0.1908280551433563,0.2011168450117111,0.250154435634613,0.4382044672966003,0.3154730498790741,0.0317029170691967,0.4749168157577514,0.1482604444026947,0.3927842676639557,0.0927967503666877
0.2734224498271942,0.1908280551433563,0.2011168450117111,0.250154435634613,0.4382044672966003,0.3154730498790741,0.0317029170691967,0.4749168157577514,0.1482604444026947,0.3927842676639557,0.0927967503666877
0.2734224498271942,0.1908280551433563,0.2011168450117111,0.250154435634613,0.4382044672966003,0.3154730498790741,0.0317029170691967,0.4749168157577514,0.1482604444026947,0.3927842676639557,0.0927967503666877
0.2734224498271942,0.1908280551433563,0.2011168450117111,0.250154435634613,0.4382044672966003,0.3154730498790741,0.0317029170691967,0.4749168157577514,0.1482604444026947,0.3927842676639557,0.0927967503666877
0.2734224498271942,0.1908280551433563,0.2011168450117111,0.250154435634613,0.4382044672966003,0.3154730498790741,0.0317029170691967,0.4749168157577514,0.1482604444026947,0.3927842676639557,0.0927967503666877
0.2734224498271942,0.1908280551433563,0.2011168450117111,0.250154435634613,0.4382044672966003,0.3154730498790741,0.0317029170691967,0.4749168157577514,0.1482604444026947,0.3927842676639557,0.0927967503666877
0.2734224498271942,0.1908280551433563,0.2011168450117111,0.250154435634613,0.4382044672966003,0.3154730498790741,0.0317029170691967,0.4749168157577514,0.1482604444026947,0.3927842676639557,0.0927967503666877
0.2734224498271942,0.1908280551433563,0.2011168450117111,0.250154435634613,0.4382044672966003,0.3154730498790741,0.0317029170691967,0.4749168157577514,0.1482604444026947,0.3927842676639557,0.0927967503666877
0.2734224498271942,0.1908280551433563,0.2011168450117111,0.250154435634613,0.4382044672966003,0.3154730498790741,0.0317029170691967,0.4749168157577514,0.1482604444026947,0.3927842676639557,0.0927967503666877
0.2734224498271942,0.1908280551433563,0.2011168450117111,0.250154435634613,0.4382044672966003,0.3154730498790741,0.0317029170691967,0.4749168157577514,0.1482604444026947,0.3927842676639557,0.0927967503666877
0.2734224498271942,0.1908280551433563,0.2011168450117111,0.250154435634613,0.4382044672966003,0.3154730498790741,0.0317029170691967,0.4749168157577514,0.1482604444026947,0.3927842676639557,0.0927967503666877
0.3592002987861633,0.3940854370594024,0.4373739957809448,0.5412349104881287,0.429593026638031,0.5144973397254944,0.2926725745201111,0.4959664940834045,0.3298266232013702,0.4520642757415771,0.3649121522903442
0.3592502474784851,0.3942518234252929,0.4375874102115631,0.541138231754303,0.4303233623504638,0.5147098302841187,0.2924198508262634,0.496555894613266,0.3299628496170044,0.4527235329151153,0.3650628626346588
0.3593001961708069,0.3944181799888611,0.437800794839859,0.5410416126251221,0.4310536086559295,0.5149223208427429,0.2921671569347381,0.4971452355384826,0.3300990462303161,0.4533827900886535,0.3652135729789734
0.3593501448631286,0.394584596157074,0.4380142092704773,0.5409449338912964,0.43178391456604,0.5151348114013672,0.2919144928455353,0.4977346062660217,0.3302352726459503,0.4540420174598694,0.3653642833232879
0.3594001233577728,0.3947509825229645,0.4382275640964508,0.5408482551574707,0.4325141906738281,0.5153472423553467,0.2916617691516876,0.4983240067958832,0.3303714990615845,0.4547012746334076,0.3655149638652801
0.3594500720500946,0.394917368888855,0.4384409785270691,0.540751576423645,0.4332444965839386,0.515559732913971,0.2914090454578399,0.4989133477210998,0.3305076956748962,0.455360472202301,0.3656657040119171
0.3595000505447387,0.3950837552547455,0.438654363155365,0.5406548976898193,0.4339747726917267,0.5157722234725952,0.2911563515663147,0.4995027184486389,0.3306439220905304,0.4560197591781616,0.3658164143562317
0.3595499694347381,0.3952501714229584,0.4388677477836609,0.5405582189559937,0.4347050786018371,0.5159847140312195,0.290903627872467,0.500092089176178,0.3307801485061645,0.4566789865493774,0.3659671247005462
0.3595999479293823,0.3954165279865265,0.4390811324119568,0.540461540222168,0.4354353547096252,0.5161972045898438,0.2906509339809418,0.500681459903717,0.3309163749217987,0.4573382139205932,0.3661178350448608
0.3596498966217041,0.3955829441547394,0.4392945170402527,0.5403649210929871,0.4361656606197357,0.516409695148468,0.2903982400894165,0.5012707710266113,0.3310525715351105,0.4579975008964538,0.366268515586853
0.3596998453140259,0.3957493007183075,0.4395079314708709,0.5402682423591614,0.4368959069252014,0.5166221857070923,0.2901455163955688,0.5018602013587952,0.3311887979507446,0.4586567282676697,0.3664192259311676
0.3597497940063476,0.3959157168865204,0.4397212862968445,0.5401715636253357,0.4376262426376343,0.5168346762657166,0.2898927927017212,0.5024495720863342,0.3313250243663788,0.4593159556388855,0.3665699362754822
0.3597997426986694,0.3960820734500885,0.4399347007274627,0.5400749444961548,0.4383565187454223,0.5170471668243408,0.2896400988101959,0.5030388832092285,0.3314612209796905,0.4599751830101013,0.3667206764221191
0.3598496913909912,0.396248459815979,0.4401480853557586,0.5399782657623291,0.4390867948532104,0.5172596573829651,0.289387434720993,0.5036282539367676,0.3315974473953247,0.4606344103813171,0.3668713569641113
0.359899640083313,0.3964148759841919,0.4403614997863769,0.5398815870285034,0.4398170709609985,0.5174720883369446,0.289134681224823,0.5042176246643066,0.3317336440086365,0.4612936675548553,0.3670220673084259
0.3599495887756347,0.39658123254776,0.4405748844146728,0.539784848690033,0.4405474066734314,0.5176845788955688,0.2888819873332977,0.5048069953918457,0.331869900226593,0.4619529247283935,0.3671727776527405
0.3599995374679565,0.3967476487159729,0.4407882690429687,0.5396881699562073,0.4412776827812195,0.5178970694541931,0.2886292934417724,0.5053963661193848,0.3320060968399048,0.4626121520996094,0.367323487997055
0.3600494861602783,0.3969140350818634,0.4410016536712646,0.5395915508270264,0.4420079588890075,0.5181095600128174,0.2883765995502472,0.5059857368469238,0.3321422934532165,0.4632713794708252,0.3674741685390472
0.3600994646549225,0.3970804512500763,0.4412150382995605,0.5394948720932007,0.4427382349967956,0.5183220505714417,0.2881238460540771,0.5065750479698181,0.3322785198688507,0.4639306366443634,0.3676248788833618
0.3601494431495666,0.397246778011322,0.4414284229278564,0.539398193359375,0.4434685409069061,0.5185345411300659,0.2878711521625519,0.507164478302002,0.3324147462844848,0.4645898938179016,0.367775559425354
0.360199362039566,0.3974131941795349,0.4416418075561523,0.5393015146255493,0.4441988468170166,0.5187470316886902,0.2876184582710266,0.507753849029541,0.332550972700119,0.4652491211891174,0.3679262995719909
0.3602493107318878,0.3975795805454254,0.4418551921844482,0.5392048358917236,0.4449291229248047,0.5189595222473145,0.2873657345771789,0.5083432197570801,0.3326871693134308,0.4659083485603332,0.3680769801139831
0.360299289226532,0.3977459967136383,0.4420685768127441,0.539108157157898,0.4456594586372375,0.5191720128059387,0.2871130108833313,0.5089325308799744,0.3328233957290649,0.4665675759315491,0.3682277202606201
0.3603492379188537,0.3979123532772064,0.44228196144104,0.539011538028717,0.4463897049427032,0.519384503364563,0.2868603467941284,0.5095219016075134,0.3329596221446991,0.4672268331050873,0.3683784008026123
0.3603991866111755,0.3980787694454193,0.4424954056739807,0.5389148592948914,0.4471200108528137,0.5195969939231873,0.2866076529026031,0.5101112723350525,0.3330958187580108,0.4678860306739807,0.3685291111469269
0.3604491353034973,0.3982451558113098,0.4427087604999542,0.5388182401657104,0.4478502869606018,0.5198094248771667,0.2863549292087555,0.5107007026672363,0.333232045173645,0.4685453176498413,0.3686798214912414
0.3604990839958191,0.3984115421772003,0.4429221153259277,0.53872150182724,0.4485805630683899,0.520021915435791,0.2861022055149078,0.5112900137901306,0.3333682417869568,0.4692045450210571,0.368830531835556
0.3605490326881408,0.3985779285430908,0.4431355595588684,0.5386248230934143,0.4493108689785003,0.5202344059944153,0.2858495116233825,0.5118793845176697,0.3335044980049133,0.4698637723922729,0.368981271982193
0.3605989813804626,0.3987442851066589,0.4433489143848419,0.5385281443595886,0.4500411748886108,0.5204468965530396,0.2855968177318573,0.5124687552452087,0.3336406946182251,0.4705230295658111,0.3691319525241852
0.3606489300727844,0.3989107012748718,0.4435623288154602,0.5384314656257629,0.4507714509963989,0.5206593871116638,0.2853440940380096,0.5130581259727478,0.3337769210338592,0.4711822867393493,0.3692826628684997
0.3606989085674286,0.3990770578384399,0.4437757134437561,0.538334846496582,0.451501727104187,0.5208718776702881,0.285091370344162,0.5136474967002869,0.333913117647171,0.4718415141105652,0.3694333732128143
0.3607488572597503,0.3992434740066528,0.443989098072052,0.5382381677627563,0.4522320330142975,0.5210843682289124,0.2848386764526367,0.5142368078231812,0.3340493440628052,0.472500741481781,0.3695840835571289
0.3607988059520721,0.3994098603725433,0.4442024827003479,0.5381414890289307,0.4529623389244079,0.5212968587875366,0.284585952758789,0.514826238155365,0.3341855704784393,0.4731599688529968,0.3697347939014435
0.3608487844467163,0.3995762765407562,0.4444158673286438,0.538044810295105,0.453692615032196,0.5215093493461609,0.2843332886695862,0.5154155492782593,0.3343217968940735,0.4738192558288574,0.369885504245758
0.3608987331390381,0.3997426331043243,0.4446292519569397,0.5379481315612793,0.4544228911399841,0.5217218399047852,0.2840805649757385,0.5160049796104431,0.3344579935073852,0.4744784832000732,0.3700361847877502
0.3609486818313598,0.3999090492725372,0.4448426365852356,0.5378515124320984,0.4551531672477722,0.5219343304634094,0.2838278710842132,0.5165942907333374,0.3345942199230194,0.4751377403736114,0.3701869249343872
0.3609986305236816,0.4000754356384277,0.4450560510158539,0.5377548336982727,0.4558835029602051,0.5221467614173889,0.2835751473903656,0.5171836614608765,0.3347304463386535,0.4757969975471496,0.3703376054763794
0.3610485792160034,0.4002417922019958,0.4452694356441498,0.5376580953598022,0.4566137790679931,0.5223592519760132,0.2833224534988403,0.5177730321884155,0.3348666429519653,0.4764562249183655,0.3704883456230163
0.3610985279083252,0.4004081785678863,0.445482850074768,0.5375614166259766,0.4573440551757812,0.5225717425346375,0.283069759607315,0.5183624029159546,0.3350028395652771,0.4771154522895813,0.3706390559673309
0.361148476600647,0.4005745649337768,0.4456962347030639,0.5374647974967957,0.4580743312835693,0.5227842330932617,0.282817006111145,0.5189517736434937,0.3351390957832336,0.4777746796607971,0.3707897365093231
0.3611984252929687,0.4007409811019897,0.4459096193313598,0.5373680591583252,0.4588046669960022,0.522996723651886,0.2825643122196197,0.5195410847663879,0.3352752923965454,0.4784339070320129,0.3709404468536377
0.3612483739852905,0.4009073376655578,0.4461230039596557,0.5372714400291443,0.4595349431037903,0.5232092142105103,0.2823116183280945,0.5201305150985718,0.3354115188121795,0.4790931642055511,0.3710911273956299
0.3612983226776123,0.4010737538337707,0.4463363885879516,0.5371748208999634,0.4602652192115783,0.5234217047691345,0.2820589244365692,0.5207198858261108,0.3355477154254913,0.4797524213790893,0.3712418675422668
0.3613482713699341,0.4012401401996612,0.4465497732162475,0.5370781421661377,0.4609954953193664,0.5236341953277588,0.2818061709403991,0.5213092565536499,0.3356839418411255,0.4804116487503052,0.371392548084259
0.3613982498645782,0.4014065265655517,0.4467631578445434,0.536981463432312,0.4617258012294769,0.5238466858863831,0.2815535068511963,0.5218985676765442,0.3358201682567596,0.481070876121521,0.3715432584285736
0.3614481687545776,0.4015729129314422,0.4469765722751617,0.5368847846984863,0.462456077337265,0.5240591764450073,0.281300812959671,0.522487998008728,0.3359563946723938,0.4817301630973816,0.3716939687728882
0.3614981770515442,0.4017392992973327,0.4471899271011352,0.5367881059646606,0.4631863832473755,0.5242716670036316,0.2810481190681457,0.5230773091316223,0.3360925912857055,0.4823893904685974,0.3718446493148803
0.3615481257438659,0.4019056856632232,0.4474033713340759,0.536691427230835,0.4639166593551636,0.5244840979576111,0.2807953655719757,0.5236667394638062,0.3362287878990173,0.4830486178398132,0.3719953894615173
0.3615980744361877,0.4020720720291137,0.4476167261600494,0.5365947484970093,0.464646965265274,0.5246965885162354,0.2805426716804504,0.5242560505867004,0.3363650441169739,0.483707845211029,0.3721460998058319
0.3616480231285095,0.4022384583950043,0.4478301405906677,0.5364980697631836,0.4653772413730621,0.5249090790748596,0.2802899777889251,0.5248454213142395,0.3365012407302856,0.4843670725822449,0.3722967803478241
0.3616979718208313,0.4024048745632171,0.4480435252189636,0.5364014506340027,0.4661075472831726,0.5251215696334839,0.2800372540950775,0.5254347920417786,0.3366374373435974,0.4850263297557831,0.372447520494461
0.3617479205131531,0.4025712609291076,0.4482569098472595,0.5363047122955322,0.4668378233909607,0.5253340601921082,0.2797845304012298,0.5260241627693176,0.3367736637592315,0.4856855869293213,0.3725982010364532
0.3617978692054748,0.4027376174926758,0.448470264673233,0.5362080931663513,0.4675681293010711,0.5255465507507324,0.2795318365097046,0.5266135334968567,0.3369098901748657,0.4863448143005371,0.3727489411830902
0.3618478178977966,0.4029040336608886,0.4486836791038513,0.5361114144325256,0.4682984352111816,0.5257590413093567,0.2792791426181793,0.527202844619751,0.3370461165904999,0.4870040416717529,0.3728996515274048
0.3618977665901184,0.4030704200267792,0.4488970637321472,0.5360147356987,0.4690286815166473,0.525971531867981,0.279026448726654,0.5277922749519348,0.337182343006134,0.4876633286476135,0.373050332069397
0.3619477450847626,0.4032368063926697,0.4491104483604431,0.5359180569648743,0.4697589874267578,0.5261840224266052,0.2787737250328064,0.5283815860748291,0.3373185396194458,0.4883225560188293,0.3732010722160339
0.3619976937770843,0.4034031629562378,0.449323832988739,0.5358213782310486,0.4704892635345459,0.5263965129852295,0.2785210311412811,0.5289710164070129,0.3374547660350799,0.4889817833900451,0.3733517527580261
0.3620476424694061,0.4035695791244507,0.4495372176170349,0.5357247591018677,0.4712195992469787,0.526608943939209,0.2782683074474334,0.5295603275299072,0.3375909924507141,0.489641010761261,0.3735024929046631
0.3620975911617279,0.4037359654903412,0.4497506022453308,0.535628080368042,0.4719498753547668,0.5268214344978333,0.2780156135559082,0.5301496982574463,0.3377271890640259,0.4903002679347992,0.3736531734466553
0.362147569656372,0.4039023518562317,0.4499640464782715,0.5355314016342163,0.4726801514625549,0.5270339250564575,0.2777628898620605,0.5307390689849854,0.3378633856773376,0.4909594655036926,0.3738038837909698
0.3621975183486938,0.4040687382221222,0.450177401304245,0.5354347229003906,0.4734104573726654,0.5272464156150818,0.2775101959705353,0.5313284397125244,0.3379996418952942,0.4916187524795532,0.3739545941352844
0.3622474670410156,0.4042351543903351,0.4503907859325409,0.5353380441665649,0.4741407334804535,0.527458906173706,0.2772574722766876,0.5319178104400635,0.3381358385086059,0.492277979850769,0.374105304479599
0.3622974157333374,0.4044015407562256,0.4506042003631592,0.5352413654327393,0.4748709797859192,0.5276713967323303,0.2770047783851623,0.5325071811676025,0.3382720649242401,0.4929372668266296,0.3742559850215912
0.3623473644256592,0.4045678973197937,0.4508175551891327,0.5351446866989136,0.475601315498352,0.5278838872909546,0.2767520844936371,0.5330965518951416,0.3384082913398742,0.4935964345932007,0.3744066953659057
0.3623973131179809,0.4047342836856842,0.451030969619751,0.5350480079650879,0.4763315916061401,0.5280963778495789,0.2764993607997894,0.5336859226226807,0.338544487953186,0.4942557215690613,0.3745573759078979
0.3624472618103027,0.4049006700515747,0.4512443542480469,0.534951388835907,0.4770618975162506,0.5283088684082031,0.2762466669082641,0.5342752933502197,0.3386807143688202,0.4949149489402771,0.3747081160545349
0.3624972105026245,0.4050670862197876,0.4514577388763428,0.5348546504974365,0.4777921438217163,0.5285213589668274,0.2759939730167389,0.534864604473114,0.3388169407844543,0.4955741763114929,0.3748587965965271
0.3625471591949463,0.4052334427833557,0.4516711235046386,0.5347580313682556,0.4785224795341491,0.5287338495254517,0.2757412791252136,0.5354539752006531,0.3389531373977661,0.4962334036827087,0.375009536743164
0.3625971376895904,0.4053998589515686,0.4518845379352569,0.5346613526344299,0.4792527556419372,0.5289462804794312,0.2754885256290436,0.5360433459281921,0.3390893638134002,0.4968926906585693,0.3751602172851562
0.3626470565795898,0.4055662155151367,0.4520979225635528,0.534564733505249,0.4799830317497253,0.5291587710380554,0.2752358317375183,0.536632776260376,0.3392255902290344,0.4975518584251404,0.3753109276294708
0.3626970052719116,0.4057326316833496,0.4523112773895263,0.5344679951667786,0.4807133674621582,0.5293712615966797,0.274983137845993,0.5372220873832703,0.3393618166446686,0.498211145401001,0.3754616379737854
0.3627469837665558,0.4058990180492401,0.4525246918201446,0.5343713760375977,0.4814436435699463,0.529583752155304,0.2747304439544678,0.5378114581108093,0.3394980132579803,0.4988703727722168,0.3756123483181
0.3627969324588775,0.4060654044151306,0.4527380764484405,0.534274697303772,0.4821739196777344,0.5297962427139282,0.2744776904582977,0.5384008288383484,0.3396342396736145,0.4995296597480774,0.3757630884647369
0.3628469109535217,0.4062317907810211,0.4529514908790588,0.5341779589653015,0.4829041957855224,0.5300087332725525,0.2742249965667724,0.5389901995658875,0.3397704362869262,0.5001888871192932,0.3759137690067291
0.3628968596458435,0.4063981771469116,0.4531648755073547,0.5340813398361206,0.4836345016956329,0.5302212238311768,0.2739723324775696,0.5395795702934265,0.3399066925048828,0.500848114490509,0.3760644793510437
0.3629468083381653,0.4065645635128021,0.4533782601356506,0.5339846611022949,0.484364777803421,0.530433714389801,0.2737196087837219,0.5401688814163208,0.3400428891181946,0.5015074014663696,0.3762151896953583
0.362996757030487,0.406730979681015,0.4535916447639465,0.5338879823684692,0.4850950837135315,0.5306462049484253,0.2734668850898742,0.5407583117485046,0.3401791155338287,0.5021665692329407,0.3763659000396728
0.3630467057228088,0.4068973660469055,0.4538050293922424,0.5337913036346436,0.4858253598213196,0.5308586955070496,0.273214191198349,0.5413476228713989,0.3403153419494629,0.5028258562088013,0.3765166401863098
0.3630966544151306,0.4070637226104736,0.4540184140205383,0.5336946249008179,0.4865556359291076,0.5310711860656738,0.2729614973068237,0.5419370532035828,0.3404515385627746,0.5034850835800171,0.376667320728302
0.3631466031074524,0.4072301387786865,0.4542317986488342,0.533598005771637,0.4872859418392181,0.5312836170196533,0.2727087736129761,0.5425264239311218,0.3405877649784088,0.5041443109512329,0.3768180012702942
0.3631965517997741,0.407396525144577,0.4544452130794525,0.5335013270378113,0.4880162477493286,0.5314961075782776,0.2724560499191284,0.5431157350540161,0.3407239615917206,0.5048035383224487,0.3769687414169311
0.3632465302944183,0.4075628817081451,0.454658567905426,0.5334046483039856,0.4887465238571167,0.5317085981369019,0.2722033560276031,0.5437051057815552,0.3408601880073547,0.5054628252983093,0.3771194219589233
0.3632964789867401,0.4077292680740356,0.4548720121383667,0.5333079695701599,0.4894767999649048,0.5319210886955261,0.2719506323337555,0.5442944765090942,0.3409964144229889,0.5061220526695251,0.3772701621055603
0.3633464276790619,0.4078956842422485,0.4550853967666626,0.533211350440979,0.4902071058750152,0.5321335792541504,0.2716979384422302,0.5448838472366333,0.3411326110363006,0.506781280040741,0.3774208426475525
0.363396406173706,0.4080620408058166,0.4552987813949585,0.5331146717071533,0.4909374117851257,0.5323460698127747,0.2714452445507049,0.5454732179641724,0.3412688374519348,0.5074405670166016,0.377571552991867
0.3634463548660278,0.4082284569740295,0.4555121660232544,0.5330179929733276,0.4916677176952362,0.5325585603713989,0.2711925506591797,0.5460625886917114,0.3414050638675689,0.5080997943878174,0.3777222633361816
0.3634963035583496,0.40839484333992,0.4557255506515503,0.532921314239502,0.4923979640007019,0.5327710509300232,0.270939826965332,0.5466519594192505,0.3415412902832031,0.5087589621543884,0.3778729438781738
0.3635462522506714,0.4085612595081329,0.4559389054775238,0.5328246355056763,0.49312824010849,0.5329835414886475,0.2706871330738067,0.5472412705421448,0.3416774868965149,0.509418249130249,0.3780236840248108
0.3635962009429931,0.4087276458740234,0.4561523199081421,0.5327279567718506,0.4938585758209228,0.5331960320472717,0.2704344093799591,0.5478307008743286,0.3418136835098266,0.5100774765014648,0.378174364566803
0.3636461496353149,0.4088940024375915,0.456365704536438,0.5326312780380249,0.4945888519287109,0.533408522605896,0.2701816856861114,0.5484200119972229,0.3419499397277832,0.5107367038726807,0.3783250749111175
0.3636960983276367,0.409060388803482,0.4565790891647339,0.5325345993041992,0.495319128036499,0.5336209535598755,0.2699289917945862,0.549009382724762,0.3420861363410949,0.5113959312438965,0.3784757852554321
0.3637460470199585,0.4092267751693725,0.4567924737930298,0.5324379801750183,0.4960494041442871,0.5338334441184998,0.2696762979030609,0.5495988130569458,0.3422223627567291,0.5120552182197571,0.3786264955997467
0.3637959957122803,0.409393161535263,0.4570058584213257,0.5323412418365479,0.4967797100543976,0.534045934677124,0.2694236040115356,0.5501881837844849,0.3423585593700409,0.5127144455909729,0.3787772059440613
0.363845944404602,0.4095595479011535,0.4572192430496216,0.5322446227073669,0.4975099861621856,0.5342584252357483,0.2691708505153656,0.5507774949073792,0.342494785785675,0.5133736729621887,0.3789279162883758
0.3638958930969238,0.4097259640693664,0.4574326872825622,0.5321479439735413,0.4982403218746185,0.5344709157943726,0.2689181864261627,0.5513668060302734,0.3426310122013092,0.5140329003334045,0.3790786266326904
0.3639458417892456,0.4098923206329345,0.4576460421085357,0.5320512652397156,0.4989705979824066,0.5346834063529968,0.2686654925346374,0.5519562363624573,0.3427672386169433,0.5146921873092651,0.379229336977005
0.3639958202838897,0.4100587368011474,0.4578594267368316,0.5319545865058899,0.4997009038925171,0.5348958969116211,0.2684127688407898,0.5525456070899963,0.3429034352302551,0.515351414680481,0.3793800175189972
0.3640457987785339,0.4102251231670379,0.4580728411674499,0.531857967376709,0.5004311800003052,0.5351083874702454,0.2681600451469421,0.5531349778175354,0.3430396616458893,0.5160106420516968,0.3795307576656341
0.3640957176685333,0.4103915393352508,0.4582862257957458,0.5317612886428833,0.5011614561080933,0.5353208780288696,0.2679073512554168,0.5537243485450745,0.3431758880615234,0.5166698694229126,0.3796814680099487
0.3641456663608551,0.4105578660964966,0.4584996104240417,0.5316645503044128,0.5018917322158813,0.5355333685874939,0.2676546573638916,0.5543137192726135,0.3433120846748352,0.5173291563987732,0.3798321485519409
0.3641956448554992,0.4107242822647095,0.4587129950523376,0.5315679311752319,0.5026220679283142,0.5357457995414734,0.2674019336700439,0.5549030303955078,0.343448281288147,0.5179883241653442,0.3799828886985779
0.364245593547821,0.4108906686306,0.4589263796806335,0.5314712524414062,0.5033523440361023,0.5359582901000977,0.2671492099761963,0.5554924607276917,0.3435845375061035,0.5186476111412048,0.38013356924057
0.3642955422401428,0.4110570847988128,0.4591397643089294,0.5313745737075806,0.5040826201438904,0.5361707806587219,0.266896516084671,0.5560817718505859,0.3437207341194153,0.5193068981170654,0.380284309387207
0.3643454909324646,0.411223441362381,0.4593531489372253,0.5312778949737549,0.5048129558563232,0.5363832712173462,0.2666438221931457,0.556671142578125,0.3438569605350494,0.5199661254882812,0.3804349899291992
0.3643954396247864,0.4113898277282715,0.4595665633678436,0.5311812162399292,0.5055432319641113,0.5365957617759705,0.2663910984992981,0.5572605133056641,0.3439931869506836,0.5206253528594971,0.3805856704711914
0.3644453883171081,0.4115562438964844,0.4597799181938171,0.5310845375061035,0.5062735080718994,0.5368082523345947,0.2661384046077728,0.5578499436378479,0.3441294133663177,0.5212845802307129,0.3807364106178283
0.3644953668117523,0.4117226004600525,0.4599933624267578,0.5309879183769226,0.5070037841796875,0.537020742893219,0.2658857107162475,0.5584392547607422,0.3442656099796295,0.5219438076019287,0.3808871209621429
0.3645452857017517,0.4118890166282654,0.4602067172527313,0.5308911800384521,0.5077340602874756,0.5372332334518433,0.2656329870223999,0.5590285658836365,0.3444018363952636,0.5226030349731445,0.3810378015041351
0.3645952343940735,0.4120553731918335,0.4604201316833496,0.5307945609092712,0.5084643363952637,0.5374457240104675,0.2653802931308746,0.5596179962158203,0.3445380330085754,0.5232623219490051,0.3811885118484497
0.3646452128887176,0.4122217893600464,0.4606335163116455,0.5306978821754456,0.5091946721076965,0.5376582145690918,0.265127569437027,0.5602073669433594,0.344674289226532,0.523921549320221,0.3813392221927643
0.3646951913833618,0.4123881459236145,0.4608469009399414,0.5306012034416199,0.5099248886108398,0.5378707051277161,0.2648748755455017,0.5607967376708984,0.3448104858398437,0.5245807766914368,0.3814899325370788
0.3647451400756836,0.4125545620918274,0.4610602855682373,0.5305045247077942,0.5106552839279175,0.5380831360816956,0.264622151851654,0.5613861083984375,0.3449466824531555,0.5252400636672974,0.381640613079071
0.3647950887680053,0.4127209484577179,0.4612736701965332,0.5304078459739685,0.5113855004310608,0.5382956266403198,0.2643694579601288,0.5619754195213318,0.3450829088687897,0.5258992910385132,0.381791353225708
0.3648450374603271,0.4128873348236084,0.4614870548248291,0.5303112268447876,0.5121158361434937,0.5385081171989441,0.2641167342662811,0.5625647902488708,0.3452191352844238,0.526558518409729,0.3819420635700226
0.3648949861526489,0.4130537211894989,0.461700439453125,0.5302144885063171,0.5128461122512817,0.5387206077575684,0.2638640105724334,0.5631541609764099,0.3453553318977356,0.5272177457809448,0.3820927441120147
0.3649449348449707,0.4132201075553894,0.4619138538837433,0.5301178693771362,0.5135763883590698,0.5389330983161926,0.2636113464832306,0.5637435913085938,0.3454915583133697,0.5278769731521606,0.3822434544563293
0.3649948835372925,0.4133865237236023,0.4621272087097168,0.5300211906433105,0.5143066644668579,0.5391455888748169,0.2633586525917053,0.564332902431488,0.3456277847290039,0.5285362601280212,0.3823941648006439
0.3650448620319366,0.413552850484848,0.4623405933380127,0.5299245119094849,0.515036940574646,0.5393580794334412,0.2631059288978576,0.5649222731590271,0.3457639813423157,0.5291954278945923,0.3825449049472809
0.3650948107242584,0.4137192666530609,0.4625540375709533,0.5298278331756592,0.5157672166824341,0.5395705699920654,0.26285320520401,0.5655116438865662,0.3459002077579498,0.5298547148704529,0.382695585489273
0.3651447296142578,0.4138856530189514,0.4627673923969269,0.5297311544418335,0.5164975523948669,0.5397830605506897,0.2626005113124847,0.5661010146141052,0.346036434173584,0.5305139422416687,0.3828462958335876
0.3651946783065796,0.4140520691871643,0.4629807770252228,0.5296345353126526,0.5172278881072998,0.539995551109314,0.2623478174209595,0.5666903257369995,0.3461726307868957,0.5311731696128845,0.3829970061779022
0.3652446269989013,0.4142184257507324,0.463194191455841,0.5295377969741821,0.5179581642150879,0.5402080416679382,0.2620950937271118,0.5672796964645386,0.3463088572025299,0.5318324565887451,0.3831477165222168
0.3652946054935455,0.4143848419189453,0.4634075462818146,0.5294411778450012,0.518688440322876,0.5404204726219177,0.2618423700332641,0.5678691267967224,0.346445083618164,0.5324916839599609,0.3832984566688537
0.3653445243835449,0.4145512282848358,0.4636209607124328,0.5293444991111755,0.5194187164306641,0.540632963180542,0.2615896761417389,0.5684584975242615,0.3465813100337982,0.5331509113311768,0.3834491372108459
0.3653945326805115,0.4147176146507263,0.4638343453407287,0.5292478799819946,0.5201489925384521,0.5408454537391663,0.2613369822502136,0.5690478086471558,0.34671750664711,0.5338101387023926,0.3835998177528381
0.3654444813728332,0.4148840010166168,0.4640477299690246,0.5291511416435242,0.5208792686462402,0.5410579442977905,0.2610842883586883,0.5696371793746948,0.3468537032604217,0.5344693660736084,0.3837505578994751
0.365494430065155,0.4150503873825073,0.4642611145973205,0.5290545225143433,0.5216095447540283,0.5412704348564148,0.2608315646648407,0.5702265501022339,0.3469899594783783,0.535128653049469,0.3839012384414673
0.3655443787574768,0.4152167737483978,0.4644745290279388,0.5289578437805176,0.5223398804664612,0.5414829254150391,0.2605788707733154,0.570815920829773,0.34712615609169,0.53578782081604,0.3840519785881042
0.3655943274497986,0.4153831601142883,0.4646879136562347,0.5288611650466919,0.5230701565742493,0.5416954159736633,0.2603261768817901,0.5714053511619568,0.3472623825073242,0.5364471077919006,0.3842026591300964
0.3656442761421203,0.4155495464801788,0.4649012684822082,0.5287644863128662,0.5238004326820374,0.5419079065322876,0.2600734531879425,0.5719946622848511,0.3473986089229584,0.5371063947677612,0.384353369474411
0.3656942248344421,0.4157159328460693,0.4651146829128265,0.5286678075790405,0.5245307087898254,0.5421203970909119,0.2598207294940948,0.5725839734077454,0.3475348353385925,0.5377655625343323,0.3845040798187256
0.3657442033290863,0.4158823490142822,0.4653280675411224,0.5285711288452148,0.5252610445022583,0.5423328876495361,0.2595680356025696,0.5731733441352844,0.3476710319519043,0.5384248495101929,0.3846547901630401
0.3657941222190857,0.4160487055778503,0.4655414819717407,0.5284744501113892,0.5259913206100464,0.5425453782081604,0.2593153119087219,0.5737627744674683,0.347807228565216,0.5390840768814087,0.3848055005073547
0.3658441007137298,0.4162151217460632,0.4657548666000366,0.5283778309822083,0.5267215967178345,0.5427578091621399,0.2590626180171966,0.5743520855903625,0.3479434847831726,0.5397433638572693,0.3849561810493469
0.3658940494060516,0.4163815081119537,0.4659682512283325,0.5282811522483826,0.5274519324302673,0.5429702997207642,0.258809894323349,0.5749414563179016,0.3480796813964844,0.5404025316238403,0.3851068913936615
0.3659440279006958,0.4165478646755218,0.4661816358566284,0.5281844735145569,0.5281822085380554,0.5431827902793884,0.2585572302341461,0.5755308866500854,0.3482159078121185,0.5410618185997009,0.3852576017379761
0.3659939467906952,0.4167142510414123,0.4663950502872467,0.5280877947807312,0.5289124846458435,0.5433952808380127,0.2583045065402984,0.5761201977729797,0.3483521342277527,0.5417210459709167,0.3854083120822906
0.3660438954830169,0.4168806672096252,0.4666084051132202,0.5279911160469055,0.5296427607536316,0.543607771396637,0.2580518126487732,0.5767095685005188,0.3484883308410644,0.5423802733421326,0.3855590224266052
0.3660938739776611,0.4170470535755157,0.4668217897415161,0.5278944373130798,0.5303730368614197,0.5438202619552612,0.2577990889549255,0.5772989392280579,0.3486245572566986,0.5430395007133484,0.3857097327709198
0.3661438226699829,0.4172134399414062,0.4670352041721344,0.5277978181838989,0.5311033725738525,0.5440327525138855,0.2575463652610779,0.5778883099555969,0.3487607538700104,0.543698787689209,0.3858604431152344
0.3661937713623047,0.4173798263072967,0.4672485589981079,0.5277010798454285,0.5318336486816406,0.5442452430725098,0.2572936713695526,0.578477680683136,0.3488969802856445,0.5443580150604248,0.3860111534595489
0.3662437200546264,0.4175462126731872,0.4674620032310486,0.5276044607162476,0.5325639247894287,0.544457733631134,0.2570409774780273,0.579067051410675,0.3490332067012787,0.5450172424316406,0.3861618638038635
0.3662936687469482,0.4177125990390777,0.4676753878593445,0.5275077819824219,0.5332942008972168,0.5446702241897583,0.2567882537841797,0.5796564221382141,0.3491694331169128,0.5456764698028564,0.3863125741481781
0.36634361743927,0.4178789854049682,0.4678887724876404,0.5274111032485962,0.5340244770050049,0.5448826551437378,0.256535530090332,0.5802457332611084,0.3493056297302246,0.546335756778717,0.3864632546901703
0.3663935661315918,0.4180453717708587,0.4681021571159363,0.5273144245147705,0.5347548127174377,0.5450951457023621,0.2562828361988067,0.5808351039886475,0.3494418561458587,0.5469949245452881,0.3866139650344848
0.3664435446262359,0.4182117581367492,0.4683155417442322,0.5272177457809448,0.5354850888252258,0.5453076362609863,0.2560301423072815,0.5814245343208313,0.3495780825614929,0.5476542115211487,0.3867647051811218
0.3664934933185577,0.4183781445026397,0.4685289263725281,0.5271210670471191,0.5362153649330139,0.5455201268196106,0.2557774484157562,0.5820139050483704,0.3497142791748047,0.5483134388923645,0.386915385723114
0.3665434420108795,0.4185445308685303,0.4687423408031463,0.5270243883132935,0.536945641040802,0.5457326173782349,0.2555247545242309,0.5826032161712646,0.3498505055904388,0.5489726662635803,0.387066125869751
0.3665933609008789,0.4187109470367431,0.4689556956291199,0.5269277095794678,0.5376759767532349,0.5459451079368591,0.2552720308303833,0.5831925868988037,0.349986732006073,0.5496319532394409,0.3872168064117431
0.366643339395523,0.4188773334026336,0.4691691398620605,0.5268310904502869,0.538406252861023,0.5461575984954834,0.255019336938858,0.5837819576263428,0.3501229286193847,0.5502911806106567,0.3873675167560577
0.3666932880878448,0.4190437197685241,0.4693825244903564,0.5267344117164612,0.539136528968811,0.5463700890541077,0.2547666132450104,0.5843713283538818,0.3502591252326965,0.5509504079818726,0.3875182271003723
0.366743266582489,0.4192101061344147,0.4695958495140075,0.5266377329826355,0.5398668050765991,0.5465825796127319,0.2545139193534851,0.5849606394767761,0.3503953814506531,0.5516096353530884,0.3876689374446869
0.3667932152748108,0.4193764925003052,0.4698092341423034,0.5265410542488098,0.540597140789032,0.5467950701713562,0.2542611956596374,0.58555006980896,0.3505315780639648,0.5522688627243042,0.3878196477890014
0.3668431639671325,0.4195428490638733,0.4700226187705993,0.5264444351196289,0.5413273572921753,0.5470075607299805,0.2540085017681122,0.586139440536499,0.350667804479599,0.5529281497001648,0.387970358133316
0.3668931126594543,0.4197092652320862,0.4702360332012176,0.5263477563858032,0.5420577526092529,0.54721999168396,0.2537557780742645,0.5867288112640381,0.3508040010929107,0.5535873770713806,0.3881210386753082
0.3669430613517761,0.4198756515979767,0.4704494178295135,0.5262510776519775,0.542788028717041,0.5474324822425842,0.2535030543804168,0.5873181819915771,0.3509402573108673,0.5542466044425964,0.3882717490196228
0.3669930100440979,0.4200420379638672,0.4706628322601318,0.5261543989181519,0.5435183048248291,0.5476449728012085,0.2532503604888916,0.5879074931144714,0.3510764539241791,0.5549058318138123,0.388422429561615
0.3670429587364197,0.4202084243297577,0.4708762168884277,0.5260577201843262,0.5442485809326172,0.5478574633598328,0.2529976665973663,0.5884968638420105,0.3512126803398132,0.5555651187896729,0.3885731697082519
0.3670929074287414,0.4203748106956482,0.4710896015167236,0.5259610414505005,0.5449788570404053,0.548069953918457,0.252744972705841,0.5890862345695496,0.351348876953125,0.5562243461608887,0.3887238800525665
0.3671428859233856,0.4205412268638611,0.4713029861450195,0.5258643627166748,0.5457091331481934,0.5482824444770813,0.2524922490119934,0.5896756649017334,0.3514851331710815,0.5568835735321045,0.3888745605945587
0.3671928346157074,0.4207075834274292,0.4715163707733154,0.5257676839828491,0.5464394092559814,0.5484949350357056,0.2522395551204681,0.5902649760246277,0.3516213297843933,0.5575428605079651,0.3890253007411957
0.3672427833080292,0.4208739697933197,0.4717297554016113,0.5256710648536682,0.5471697449684143,0.5487074255943298,0.2519868314266205,0.590854287147522,0.3517575263977051,0.5582020878791809,0.3891759812831878
0.3672927618026733,0.4210403561592102,0.4719431698322296,0.5255743265151978,0.5479000210762024,0.5489199161529541,0.2517341375350952,0.5914437174797058,0.3518937528133392,0.5588613152503967,0.3893266916275024
0.3673427104949951,0.4212067723274231,0.4721565544605255,0.5254777073860168,0.5486303567886353,0.5491324067115784,0.2514814436435699,0.5920330882072449,0.3520299792289734,0.5595205426216125,0.3894774317741394
0.3673926591873169,0.4213731288909912,0.4723699688911438,0.5253810286521912,0.5493606328964233,0.5493448972702026,0.2512287199497223,0.5926224589347839,0.3521661758422851,0.5601797699928284,0.3896281123161316
0.3674426078796386,0.4215395450592041,0.4725833535194397,0.5252843499183655,0.5500909090042114,0.5495573282241821,0.250976026058197,0.593211829662323,0.3523024022579193,0.560839056968689,0.3897788226604461
0.3674925565719604,0.4217059314250946,0.4727967381477356,0.5251876711845398,0.5508211255073547,0.5497698187828064,0.2507233023643493,0.5938012003898621,0.3524386286735534,0.5614982843399048,0.3899295330047607
0.3675425052642822,0.4218723177909851,0.4730101227760315,0.5250909924507141,0.5515514612197876,0.5499823093414307,0.2504706084728241,0.5943905115127563,0.3525748550891876,0.5621575117111206,0.3900802433490753
0.2531485259532928,0.1457598060369491,0.3865030109882355,0.2347849011421203,0.3010656833648681,0.3131289184093475,0.1224344074726104,0.3485443294048309,0.2007362246513366,0.2962798178195953,0.2220896780490875
0.2531485259532928,0.1457598060369491,0.3865030109882355,0.2347849011421203,0.3010656833648681,0.3131289184093475,0.1224344074726104,0.3485443294048309,0.2007362246513366,0.2962798178195953,0.2220896780490875
0.2531485259532928,0.1457598060369491,0.3865030109882355,0.2347849011421203,0.3010656833648681,0.3131289184093475,0.1224344074726104,0.3485443294048309,0.2007362246513366,0.2962798178195953,0.2220896780490875
0.2531485259532928,0.1457598060369491,0.3865030109882355,0.2347849011421203,0.3010656833648681,0.3131289184093475,0.1224344074726104,0.3485443294048309,0.2007362246513366,0.2962798178195953,0.2220896780490875
0.2531485259532928,0.1457598060369491,0.3865030109882355,0.2347849011421203,0.3010656833648681,0.3131289184093475,0.1224344074726104,0.3485443294048309,0.2007362246513366,0.2962798178195953,0.2220896780490875
0.2531485259532928,0.1457598060369491,0.3865030109882355,0.2347849011421203,0.3010656833648681,0.3131289184093475,0.1224344074726104,0.3485443294048309,0.2007362246513366,0.2962798178195953,0.2220896780490875
0.2531485259532928,0.1457598060369491,0.3865030109882355,0.2347849011421203,0.3010656833648681,0.3131289184093475,0.1224344074726104,0.3485443294048309,0.2007362246513366,0.2962798178195953,0.2220896780490875
0.2531485259532928,0.1457598060369491,0.3865030109882355,0.2347849011421203,0.3010656833648681,0.3131289184093475,0.1224344074726104,0.3485443294048309,0.2007362246513366,0.2962798178195953,0.2220896780490875
0.2531485259532928,0.1457598060369491,0.3865030109882355,0.2347849011421203,0.3010656833648681,0.3131289184093475,0.1224344074726104,0.3485443294048309,0.2007362246513366,0.2962798178195953,0.2220896780490875
0.2531485259532928,0.1457598060369491,0.3865030109882355,0.2347849011421203,0.3010656833648681,0.3131289184093475,0.1224344074726104,0.3485443294048309,0.2007362246513366,0.2962798178195953,0.2220896780490875
0.2531485259532928,0.1457598060369491,0.3865030109882355,0.2347849011421203,0.3010656833648681,0.3131289184093475,0.1224344074726104,0.3485443294048309,0.2007362246513366,0.2962798178195953,0.2220896780490875
0.2531485259532928,0.1457598060369491,0.3865030109882355,0.2347849011421203,0.3010656833648681,0.3131289184093475,0.1224344074726104,0.3485443294048309,0.2007362246513366,0.2962798178195953,0.2220896780490875
0.2531485259532928,0.1457598060369491,0.3865030109882355,0.2347849011421203,0.3010656833648681,0.3131289184093475,0.1224344074726104,0.3485443294048309,0.2007362246513366,0.2962798178195953,0.2220896780490875
0.2531485259532928,0.1457598060369491,0.3865030109882355,0.2347849011421203,0.3010656833648681,0.3131289184093475,0.1224344074726104,0.3485443294048309,0.2007362246513366,0.2962798178195953,0.2220896780490875
0.2531485259532928,0.1457598060369491,0.3865030109882355,0.2347849011421203,0.3010656833648681,0.3131289184093475,0.1224344074726104,0.3485443294048309,0.2007362246513366,0.2962798178195953,0.2220896780490875
0.2531485259532928,0.1457598060369491,0.3865030109882355,0.2347849011421203,0.3010656833648681,0.3131289184093475,0.1224344074726104,0.3485443294048309,0.2007362246513366,0.2962798178195953,0.2220896780490875
0.2531485259532928,0.1457598060369491,0.3865030109882355,0.2347849011421203,0.3010656833648681,0.3131289184093475,0.1224344074726104,0.3485443294048309,0.2007362246513366,0.2962798178195953,0.2220896780490875
0.2531485259532928,0.1457598060369491,0.3865030109882355,0.2347849011421203,0.3010656833648681,0.3131289184093475,0.1224344074726104,0.3485443294048309,0.2007362246513366,0.2962798178195953,0.2220896780490875
0.2531485259532928,0.1457598060369491,0.3865030109882355,0.2347849011421203,0.3010656833648681,0.3131289184093475,0.1224344074726104,0.3485443294048309,0.2007362246513366,0.2962798178195953,0.2220896780490875
0.2531485259532928,0.1457598060369491,0.3865030109882355,0.2347849011421203,0.3010656833648681,0.3131289184093475,0.1224344074726104,0.3485443294048309,0.2007362246513366,0.2962798178195953,0.2220896780490875
0.2531485259532928,0.1457598060369491,0.3865030109882355,0.2347849011421203,0.3010656833648681,0.3131289184093475,0.1224344074726104,0.3485443294048309,0.2007362246513366,0.2962798178195953,0.2220896780490875
0.2531485259532928,0.1457598060369491,0.3865030109882355,0.2347849011421203,0.3010656833648681,0.3131289184093475,0.1224344074726104,0.3485443294048309,0.2007362246513366,0.2962798178195953,0.2220896780490875
0.2531485259532928,0.1457598060369491,0.3865030109882355,0.2347849011421203,0.3010656833648681,0.3131289184093475,0.1224344074726104,0.3485443294048309,0.2007362246513366,0.2962798178195953,0.2220896780490875
0.2531485259532928,0.1457598060369491,0.3865030109882355,0.2347849011421203,0.3010656833648681,0.3131289184093475,0.1224344074726104,0.3485443294048309,0.2007362246513366,0.2962798178195953,0.2220896780490875
0.2531485259532928,0.1457598060369491,0.3865030109882355,0.2347849011421203,0.3010656833648681,0.3131289184093475,0.1224344074726104,0.3485443294048309,0.2007362246513366,0.2962798178195953,0.2220896780490875
0.2531485259532928,0.1457598060369491,0.3865030109882355,0.2347849011421203,0.3010656833648681,0.3131289184093475,0.1224344074726104,0.3485443294048309,0.2007362246513366,0.2962798178195953,0.2220896780490875
0.2531485259532928,0.1457598060369491,0.3865030109882355,0.2347849011421203,0.3010656833648681,0.3131289184093475,0.1224344074726104,0.3485443294048309,0.2007362246513366,0.2962798178195953,0.2220896780490875
0.2531485259532928,0.1457598060369491,0.3865030109882355,0.2347849011421203,0.3010656833648681,0.3131289184093475,0.1224344074726104,0.3485443294048309,0.2007362246513366,0.2962798178195953,0.2220896780490875
0.2531485259532928,0.1457598060369491,0.3865030109882355,0.2347849011421203,0.3010656833648681,0.3131289184093475,0.1224344074726104,0.3485443294048309,0.2007362246513366,0.2962798178195953,0.2220896780490875
0.2531485259532928,0.1457598060369491,0.3865030109882355,0.2347849011421203,0.3010656833648681,0.3131289184093475,0.1224344074726104,0.3485443294048309,0.2007362246513366,0.2962798178195953,0.2220896780490875
0.2531485259532928,0.1457598060369491,0.3865030109882355,0.2347849011421203,0.3010656833648681,0.3131289184093475,0.1224344074726104,0.3485443294048309,0.2007362246513366,0.2962798178195953,0.2220896780490875
0.2531485259532928,0.1457598060369491,0.3865030109882355,0.2347849011421203,0.3010656833648681,0.3131289184093475,0.1224344074726104,0.3485443294048309,0.2007362246513366,0.2962798178195953,0.2220896780490875
0.2531485259532928,0.1457598060369491,0.3865030109882355,0.2347849011421203,0.3010656833648681,0.3131289184093475,0.1224344074726104,0.3485443294048309,0.2007362246513366,0.2962798178195953,0.2220896780490875
0.2531485259532928,0.1457598060369491,0.3865030109882355,0.2347849011421203,0.3010656833648681,0.3131289184093475,0.1224344074726104,0.3485443294048309,0.2007362246513366,0.2962798178195953,0.2220896780490875
0.2531485259532928,0.1457598060369491,0.3865030109882355,0.2347849011421203,0.3010656833648681,0.3131289184093475,0.1224344074726104,0.3485443294048309,0.2007362246513366,0.2962798178195953,0.2220896780490875
0.2531485259532928,0.1457598060369491,0.3865030109882355,0.2347849011421203,0.3010656833648681,0.3131289184093475,0.1224344074726104,0.3485443294048309,0.2007362246513366,0.2962798178195953,0.2220896780490875
0.2531485259532928,0.1457598060369491,0.3865030109882355,0.2347849011421203,0.3010656833648681,0.3131289184093475,0.1224344074726104,0.3485443294048309,0.2007362246513366,0.2962798178195953,0.2220896780490875
0.2531485259532928,0.1457598060369491,0.3865030109882355,0.2347849011421203,0.3010656833648681,0.3131289184093475,0.1224344074726104,0.3485443294048309,0.2007362246513366,0.2962798178195953,0.2220896780490875
0.2531485259532928,0.1457598060369491,0.3865030109882355,0.2347849011421203,0.3010656833648681,0.3131289184093475,0.1224344074726104,0.3485443294048309,0.2007362246513366,0.2962798178195953,0.2220896780490875
0.2531485259532928,0.1457598060369491,0.3865030109882355,0.2347849011421203,0.3010656833648681,0.3131289184093475,0.1224344074726104,0.3485443294048309,0.2007362246513366,0.2962798178195953,0.2220896780490875
0.2531485259532928,0.1457598060369491,0.3865030109882355,0.2347849011421203,0.3010656833648681,0.3131289184093475,0.1224344074726104,0.3485443294048309,0.2007362246513366,0.2962798178195953,0.2220896780490875
0.2531485259532928,0.1457598060369491,0.3865030109882355,0.2347849011421203,0.3010656833648681,0.3131289184093475,0.1224344074726104,0.3485443294048309,0.2007362246513366,0.2962798178195953,0.2220896780490875
0.2531485259532928,0.1457598060369491,0.3865030109882355,0.2347849011421203,0.3010656833648681,0.3131289184093475,0.1224344074726104,0.3485443294048309,0.2007362246513366,0.2962798178195953,0.2220896780490875
0.2531485259532928,0.1457598060369491,0.3865030109882355,0.2347849011421203,0.3010656833648681,0.3131289184093475,0.1224344074726104,0.3485443294048309,0.2007362246513366,0.2962798178195953,0.2220896780490875
0.2531485259532928,0.1457598060369491,0.3865030109882355,0.2347849011421203,0.3010656833648681,0.3131289184093475,0.1224344074726104,0.3485443294048309,0.2007362246513366,0.2962798178195953,0.2220896780490875
0.2531485259532928,0.1457598060369491,0.3865030109882355,0.2347849011421203,0.3010656833648681,0.3131289184093475,0.1224344074726104,0.3485443294048309,0.2007362246513366,0.2962798178195953,0.2220896780490875
0.2531485259532928,0.1457598060369491,0.3865030109882355,0.2347849011421203,0.3010656833648681,0.3131289184093475,0.1224344074726104,0.3485443294048309,0.2007362246513366,0.2962798178195953,0.2220896780490875
0.2531485259532928,0.1457598060369491,0.3865030109882355,0.2347849011421203,0.3010656833648681,0.3131289184093475,0.1224344074726104,0.3485443294048309,0.2007362246513366,0.2962798178195953,0.2220896780490875
0.2531485259532928,0.1457598060369491,0.3865030109882355,0.2347849011421203,0.3010656833648681,0.3131289184093475,0.1224344074726104,0.3485443294048309,0.2007362246513366,0.2962798178195953,0.2220896780490875
0.2531485259532928,0.1457598060369491,0.3865030109882355,0.2347849011421203,0.3010656833648681,0.3131289184093475,0.1224344074726104,0.3485443294048309,0.2007362246513366,0.2962798178195953,0.2220896780490875
0.2531485259532928,0.1457598060369491,0.3865030109882355,0.2347849011421203,0.3010656833648681,0.3131289184093475,0.1224344074726104,0.3485443294048309,0.2007362246513366,0.2962798178195953,0.2220896780490875
0.2531485259532928,0.1457598060369491,0.3865030109882355,0.2347849011421203,0.3010656833648681,0.3131289184093475,0.1224344074726104,0.3485443294048309,0.2007362246513366,0.2962798178195953,0.2220896780490875
0.2531485259532928,0.1457598060369491,0.3865030109882355,0.2347849011421203,0.3010656833648681,0.3131289184093475,0.1224344074726104,0.3485443294048309,0.2007362246513366,0.2962798178195953,0.2220896780490875
0.2531485259532928,0.1457598060369491,0.3865030109882355,0.2347849011421203,0.3010656833648681,0.3131289184093475,0.1224344074726104,0.3485443294048309,0.2007362246513366,0.2962798178195953,0.2220896780490875
0.2531485259532928,0.1457598060369491,0.3865030109882355,0.2347849011421203,0.3010656833648681,0.3131289184093475,0.1224344074726104,0.3485443294048309,0.2007362246513366,0.2962798178195953,0.2220896780490875
0.2531485259532928,0.1457598060369491,0.3865030109882355,0.2347849011421203,0.3010656833648681,0.3131289184093475,0.1224344074726104,0.3485443294048309,0.2007362246513366,0.2962798178195953,0.2220896780490875
0.2531485259532928,0.1457598060369491,0.3865030109882355,0.2347849011421203,0.3010656833648681,0.3131289184093475,0.1224344074726104,0.3485443294048309,0.2007362246513366,0.2962798178195953,0.2220896780490875
0.2531485259532928,0.1457598060369491,0.3865030109882355,0.2347849011421203,0.3010656833648681,0.3131289184093475,0.1224344074726104,0.3485443294048309,0.2007362246513366,0.2962798178195953,0.2220896780490875
0.2531485259532928,0.1457598060369491,0.3865030109882355,0.2347849011421203,0.3010656833648681,0.3131289184093475,0.1224344074726104,0.3485443294048309,0.2007362246513366,0.2962798178195953,0.2220896780490875
0.2531485259532928,0.1457598060369491,0.3865030109882355,0.2347849011421203,0.3010656833648681,0.3131289184093475,0.1224344074726104,0.3485443294048309,0.2007362246513366,0.2962798178195953,0.2220896780490875
0.2531485259532928,0.1457598060369491,0.3865030109882355,0.2347849011421203,0.3010656833648681,0.3131289184093475,0.1224344074726104,0.3485443294048309,0.2007362246513366,0.2962798178195953,0.2220896780490875
0.2531485259532928,0.1457598060369491,0.3865030109882355,0.2347849011421203,0.3010656833648681,0.3131289184093475,0.1224344074726104,0.3485443294048309,0.2007362246513366,0.2962798178195953,0.2220896780490875
0.2531485259532928,0.1457598060369491,0.3865030109882355,0.2347849011421203,0.3010656833648681,0.3131289184093475,0.1224344074726104,0.3485443294048309,0.2007362246513366,0.2962798178195953,0.2220896780490875
0.2531485259532928,0.1457598060369491,0.3865030109882355,0.2347849011421203,0.3010656833648681,0.3131289184093475,0.1224344074726104,0.3485443294048309,0.2007362246513366,0.2962798178195953,0.2220896780490875
0.2531485259532928,0.1457598060369491,0.3865030109882355,0.2347849011421203,0.3010656833648681,0.3131289184093475,0.1224344074726104,0.3485443294048309,0.2007362246513366,0.2962798178195953,0.2220896780490875
0.2531485259532928,0.1457598060369491,0.3865030109882355,0.2347849011421203,0.3010656833648681,0.3131289184093475,0.1224344074726104,0.3485443294048309,0.2007362246513366,0.2962798178195953,0.2220896780490875
0.2531485259532928,0.1457598060369491,0.3865030109882355,0.2347849011421203,0.3010656833648681,0.3131289184093475,0.1224344074726104,0.3485443294048309,0.2007362246513366,0.2962798178195953,0.2220896780490875
0.2531485259532928,0.1457598060369491,0.3865030109882355,0.2347849011421203,0.3010656833648681,0.3131289184093475,0.1224344074726104,0.3485443294048309,0.2007362246513366,0.2962798178195953,0.2220896780490875
0.2531485259532928,0.1457598060369491,0.3865030109882355,0.2347849011421203,0.3010656833648681,0.3131289184093475,0.1224344074726104,0.3485443294048309,0.2007362246513366,0.2962798178195953,0.2220896780490875
0.2531485259532928,0.1457598060369491,0.3865030109882355,0.2347849011421203,0.3010656833648681,0.3131289184093475,0.1224344074726104,0.3485443294048309,0.2007362246513366,0.2962798178195953,0.2220896780490875
0.2531485259532928,0.1457598060369491,0.3865030109882355,0.2347849011421203,0.3010656833648681,0.3131289184093475,0.1224344074726104,0.3485443294048309,0.2007362246513366,0.2962798178195953,0.2220896780490875
0.2531485259532928,0.1457598060369491,0.3865030109882355,0.2347849011421203,0.3010656833648681,0.3131289184093475,0.1224344074726104,0.3485443294048309,0.2007362246513366,0.2962798178195953,0.2220896780490875
0.2531485259532928,0.1457598060369491,0.3865030109882355,0.2347849011421203,0.3010656833648681,0.3131289184093475,0.1224344074726104,0.3485443294048309,0.2007362246513366,0.2962798178195953,0.2220896780490875
0.2531485259532928,0.1457598060369491,0.3865030109882355,0.2347849011421203,0.3010656833648681,0.3131289184093475,0.1224344074726104,0.3485443294048309,0.2007362246513366,0.2962798178195953,0.2220896780490875
0.2531485259532928,0.1457598060369491,0.3865030109882355,0.2347849011421203,0.3010656833648681,0.3131289184093475,0.1224344074726104,0.3485443294048309,0.2007362246513366,0.2962798178195953,0.2220896780490875
0.2531485259532928,0.1457598060369491,0.3865030109882355,0.2347849011421203,0.3010656833648681,0.3131289184093475,0.1224344074726104,0.3485443294048309,0.2007362246513366,0.2962798178195953,0.2220896780490875
0.2531485259532928,0.1457598060369491,0.3865030109882355,0.2347849011421203,0.3010656833648681,0.3131289184093475,0.1224344074726104,0.3485443294048309,0.2007362246513366,0.2962798178195953,0.2220896780490875
0.2531485259532928,0.1457598060369491,0.3865030109882355,0.2347849011421203,0.3010656833648681,0.3131289184093475,0.1224344074726104,0.3485443294048309,0.2007362246513366,0.2962798178195953,0.2220896780490875
0.2531485259532928,0.1457598060369491,0.3865030109882355,0.2347849011421203,0.3010656833648681,0.3131289184093475,0.1224344074726104,0.3485443294048309,0.2007362246513366,0.2962798178195953,0.2220896780490875
0.2531485259532928,0.1457598060369491,0.3865030109882355,0.2347849011421203,0.3010656833648681,0.3131289184093475,0.1224344074726104,0.3485443294048309,0.2007362246513366,0.2962798178195953,0.2220896780490875
0.2531485259532928,0.1457598060369491,0.3865030109882355,0.2347849011421203,0.3010656833648681,0.3131289184093475,0.1224344074726104,0.3485443294048309,0.2007362246513366,0.2962798178195953,0.2220896780490875
0.2531485259532928,0.1457598060369491,0.3865030109882355,0.2347849011421203,0.3010656833648681,0.3131289184093475,0.1224344074726104,0.3485443294048309,0.2007362246513366,0.2962798178195953,0.2220896780490875
0.2531485259532928,0.1457598060369491,0.3865030109882355,0.2347849011421203,0.3010656833648681,0.3131289184093475,0.1224344074726104,0.3485443294048309,0.2007362246513366,0.2962798178195953,0.2220896780490875
0.2531485259532928,0.1457598060369491,0.3865030109882355,0.2347849011421203,0.3010656833648681,0.3131289184093475,0.1224344074726104,0.3485443294048309,0.2007362246513366,0.2962798178195953,0.2220896780490875
0.2531485259532928,0.1457598060369491,0.3865030109882355,0.2347849011421203,0.3010656833648681,0.3131289184093475,0.1224344074726104,0.3485443294048309,0.2007362246513366,0.2962798178195953,0.2220896780490875
0.2531485259532928,0.1457598060369491,0.3865030109882355,0.2347849011421203,0.3010656833648681,0.3131289184093475,0.1224344074726104,0.3485443294048309,0.2007362246513366,0.2962798178195953,0.2220896780490875
0.2531485259532928,0.1457598060369491,0.3865030109882355,0.2347849011421203,0.3010656833648681,0.3131289184093475,0.1224344074726104,0.3485443294048309,0.2007362246513366,0.2962798178195953,0.2220896780490875
0.2531485259532928,0.1457598060369491,0.3865030109882355,0.2347849011421203,0.3010656833648681,0.3131289184093475,0.1224344074726104,0.3485443294048309,0.2007362246513366,0.2962798178195953,0.2220896780490875
0.2531485259532928,0.1457598060369491,0.3865030109882355,0.2347849011421203,0.3010656833648681,0.3131289184093475,0.1224344074726104,0.3485443294048309,0.2007362246513366,0.2962798178195953,0.2220896780490875
0.2531485259532928,0.1457598060369491,0.3865030109882355,0.2347849011421203,0.3010656833648681,0.3131289184093475,0.1224344074726104,0.3485443294048309,0.2007362246513366,0.2962798178195953,0.2220896780490875
0.2531485259532928,0.1457598060369491,0.3865030109882355,0.2347849011421203,0.3010656833648681,0.3131289184093475,0.1224344074726104,0.3485443294048309,0.2007362246513366,0.2962798178195953,0.2220896780490875
0.2531485259532928,0.1457598060369491,0.3865030109882355,0.2347849011421203,0.3010656833648681,0.3131289184093475,0.1224344074726104,0.3485443294048309,0.2007362246513366,0.2962798178195953,0.2220896780490875
0.2531485259532928,0.1457598060369491,0.3865030109882355,0.2347849011421203,0.3010656833648681,0.3131289184093475,0.1224344074726104,0.3485443294048309,0.2007362246513366,0.2962798178195953,0.2220896780490875
0.2531485259532928,0.1457598060369491,0.3865030109882355,0.2347849011421203,0.3010656833648681,0.3131289184093475,0.1224344074726104,0.3485443294048309,0.2007362246513366,0.2962798178195953,0.2220896780490875
0.2531485259532928,0.1457598060369491,0.3865030109882355,0.2347849011421203,0.3010656833648681,0.3131289184093475,0.1224344074726104,0.3485443294048309,0.2007362246513366,0.2962798178195953,0.2220896780490875
0.2531485259532928,0.1457598060369491,0.3865030109882355,0.2347849011421203,0.3010656833648681,0.3131289184093475,0.1224344074726104,0.3485443294048309,0.2007362246513366,0.2962798178195953,0.2220896780490875
0.2531485259532928,0.1457598060369491,0.3865030109882355,0.2347849011421203,0.3010656833648681,0.3131289184093475,0.1224344074726104,0.3485443294048309,0.2007362246513366,0.2962798178195953,0.2220896780490875
0.2531485259532928,0.1457598060369491,0.3865030109882355,0.2347849011421203,0.3010656833648681,0.3131289184093475,0.1224344074726104,0.3485443294048309,0.2007362246513366,0.2962798178195953,0.2220896780490875
0.2531485259532928,0.1457598060369491,0.3865030109882355,0.2347849011421203,0.3010656833648681,0.3131289184093475,0.1224344074726104,0.3485443294048309,0.2007362246513366,0.2962798178195953,0.2220896780490875
0.2531485259532928,0.1457598060369491,0.3865030109882355,0.2347849011421203,0.3010656833648681,0.3131289184093475,0.1224344074726104,0.3485443294048309,0.2007362246513366,0.2962798178195953,0.2220896780490875
0.2531485259532928,0.1457598060369491,0.3865030109882355,0.2347849011421203,0.3010656833648681,0.3131289184093475,0.1224344074726104,0.3485443294048309,0.2007362246513366,0.2962798178195953,0.2220896780490875
0.2531485259532928,0.1457598060369491,0.3865030109882355,0.2347849011421203,0.3010656833648681,0.3131289184093475,0.1224344074726104,0.3485443294048309,0.2007362246513366,0.2962798178195953,0.2220896780490875
0.2531485259532928,0.1457598060369491,0.3865030109882355,0.2347849011421203,0.3010656833648681,0.3131289184093475,0.1224344074726104,0.3485443294048309,0.2007362246513366,0.2962798178195953,0.2220896780490875
0.2531485259532928,0.1457598060369491,0.3865030109882355,0.2347849011421203,0.3010656833648681,0.3131289184093475,0.1224344074726104,0.3485443294048309,0.2007362246513366,0.2962798178195953,0.2220896780490875
0.2531485259532928,0.1457598060369491,0.3865030109882355,0.2347849011421203,0.3010656833648681,0.3131289184093475,0.1224344074726104,0.3485443294048309,0.2007362246513366,0.2962798178195953,0.2220896780490875
0.2531485259532928,0.1457598060369491,0.3865030109882355,0.2347849011421203,0.3010656833648681,0.3131289184093475,0.1224344074726104,0.3485443294048309,0.2007362246513366,0.2962798178195953,0.2220896780490875
0.2531485259532928,0.1457598060369491,0.3865030109882355,0.2347849011421203,0.3010656833648681,0.3131289184093475,0.1224344074726104,0.3485443294048309,0.2007362246513366,0.2962798178195953,0.2220896780490875
0.2531485259532928,0.1457598060369491,0.3865030109882355,0.2347849011421203,0.3010656833648681,0.3131289184093475,0.1224344074726104,0.3485443294048309,0.2007362246513366,0.2962798178195953,0.2220896780490875
0.2531485259532928,0.1457598060369491,0.3865030109882355,0.2347849011421203,0.3010656833648681,0.3131289184093475,0.1224344074726104,0.3485443294048309,0.2007362246513366,0.2962798178195953,0.2220896780490875
0.2531485259532928,0.1457598060369491,0.3865030109882355,0.2347849011421203,0.3010656833648681,0.3131289184093475,0.1224344074726104,0.3485443294048309,0.2007362246513366,0.2962798178195953,0.2220896780490875
0.2531485259532928,0.1457598060369491,0.3865030109882355,0.2347849011421203,0.3010656833648681,0.3131289184093475,0.1224344074726104,0.3485443294048309,0.2007362246513366,0.2962798178195953,0.2220896780490875
0.2531485259532928,0.1457598060369491,0.3865030109882355,0.2347849011421203,0.3010656833648681,0.3131289184093475,0.1224344074726104,0.3485443294048309,0.2007362246513366,0.2962798178195953,0.2220896780490875
0.2531485259532928,0.1457598060369491,0.3865030109882355,0.2347849011421203,0.3010656833648681,0.3131289184093475,0.1224344074726104,0.3485443294048309,0.2007362246513366,0.2962798178195953,0.2220896780490875
0.2531485259532928,0.1457598060369491,0.3865030109882355,0.2347849011421203,0.3010656833648681,0.3131289184093475,0.1224344074726104,0.3485443294048309,0.2007362246513366,0.2962798178195953,0.2220896780490875
0.2531485259532928,0.1457598060369491,0.3865030109882355,0.2347849011421203,0.3010656833648681,0.3131289184093475,0.1224344074726104,0.3485443294048309,0.2007362246513366,0.2962798178195953,0.2220896780490875
0.2531485259532928,0.1457598060369491,0.3865030109882355,0.2347849011421203,0.3010656833648681,0.3131289184093475,0.1224344074726104,0.3485443294048309,0.2007362246513366,0.2962798178195953,0.2220896780490875
0.2531485259532928,0.1457598060369491,0.3865030109882355,0.2347849011421203,0.3010656833648681,0.3131289184093475,0.1224344074726104,0.3485443294048309,0.2007362246513366,0.2962798178195953,0.2220896780490875
0.2531485259532928,0.1457598060369491,0.3865030109882355,0.2347849011421203,0.3010656833648681,0.3131289184093475,0.1224344074726104,0.3485443294048309,0.2007362246513366,0.2962798178195953,0.2220896780490875
0.2531485259532928,0.1457598060369491,0.3865030109882355,0.2347849011421203,0.3010656833648681,0.3131289184093475,0.1224344074726104,0.3485443294048309,0.2007362246513366,0.2962798178195953,0.2220896780490875
0.2531485259532928,0.1457598060369491,0.3865030109882355,0.2347849011421203,0.3010656833648681,0.3131289184093475,0.1224344074726104,0.3485443294048309,0.2007362246513366,0.2962798178195953,0.2220896780490875
0.2531485259532928,0.1457598060369491,0.3865030109882355,0.2347849011421203,0.3010656833648681,0.3131289184093475,0.1224344074726104,0.3485443294048309,0.2007362246513366,0.2962798178195953,0.2220896780490875
0.2531485259532928,0.1457598060369491,0.3865030109882355,0.2347849011421203,0.3010656833648681,0.3131289184093475,0.1224344074726104,0.3485443294048309,0.2007362246513366,0.2962798178195953,0.2220896780490875
0.2531485259532928,0.1457598060369491,0.3865030109882355,0.2347849011421203,0.3010656833648681,0.3131289184093475,0.1224344074726104,0.3485443294048309,0.2007362246513366,0.2962798178195953,0.2220896780490875
0.2531485259532928,0.1457598060369491,0.3865030109882355,0.2347849011421203,0.3010656833648681,0.3131289184093475,0.1224344074726104,0.3485443294048309,0.2007362246513366,0.2962798178195953,0.2220896780490875
0.2531485259532928,0.1457598060369491,0.3865030109882355,0.2347849011421203,0.3010656833648681,0.3131289184093475,0.1224344074726104,0.3485443294048309,0.2007362246513366,0.2962798178195953,0.2220896780490875
0.2531485259532928,0.1457598060369491,0.3865030109882355,0.2347849011421203,0.3010656833648681,0.3131289184093475,0.1224344074726104,0.3485443294048309,0.2007362246513366,0.2962798178195953,0.2220896780490875
0.2531485259532928,0.1457598060369491,0.3865030109882355,0.2347849011421203,0.3010656833648681,0.3131289184093475,0.1224344074726104,0.3485443294048309,0.2007362246513366,0.2962798178195953,0.2220896780490875
0.2531485259532928,0.1457598060369491,0.3865030109882355,0.2347849011421203,0.3010656833648681,0.3131289184093475,0.1224344074726104,0.3485443294048309,0.2007362246513366,0.2962798178195953,0.2220896780490875
0.2531485259532928,0.1457598060369491,0.3865030109882355,0.2347849011421203,0.3010656833648681,0.3131289184093475,0.1224344074726104,0.3485443294048309,0.2007362246513366,0.2962798178195953,0.2220896780490875
0.2531485259532928,0.1457598060369491,0.3865030109882355,0.2347849011421203,0.3010656833648681,0.3131289184093475,0.1224344074726104,0.3485443294048309,0.2007362246513366,0.2962798178195953,0.2220896780490875
0.2531485259532928,0.1457598060369491,0.3865030109882355,0.2347849011421203,0.3010656833648681,0.3131289184093475,0.1224344074726104,0.3485443294048309,0.2007362246513366,0.2962798178195953,0.2220896780490875
0.2531485259532928,0.1457598060369491,0.3865030109882355,0.2347849011421203,0.3010656833648681,0.3131289184093475,0.1224344074726104,0.3485443294048309,0.2007362246513366,0.2962798178195953,0.2220896780490875
0.2531485259532928,0.1457598060369491,0.3865030109882355,0.2347849011421203,0.3010656833648681,0.3131289184093475,0.1224344074726104,0.3485443294048309,0.2007362246513366,0.2962798178195953,0.2220896780490875
0.2531485259532928,0.1457598060369491,0.3865030109882355,0.2347849011421203,0.3010656833648681,0.3131289184093475,0.1224344074726104,0.3485443294048309,0.2007362246513366,0.2962798178195953,0.2220896780490875
0.2531485259532928,0.1457598060369491,0.3865030109882355,0.2347849011421203,0.3010656833648681,0.3131289184093475,0.1224344074726104,0.3485443294048309,0.2007362246513366,0.2962798178195953,0.2220896780490875
0.2531485259532928,0.1457598060369491,0.3865030109882355,0.2347849011421203,0.3010656833648681,0.3131289184093475,0.1224344074726104,0.3485443294048309,0.2007362246513366,0.2962798178195953,0.2220896780490875
0.2531485259532928,0.1457598060369491,0.3865030109882355,0.2347849011421203,0.3010656833648681,0.3131289184093475,0.1224344074726104,0.3485443294048309,0.2007362246513366,0.2962798178195953,0.2220896780490875
0.2531485259532928,0.1457598060369491,0.3865030109882355,0.2347849011421203,0.3010656833648681,0.3131289184093475,0.1224344074726104,0.3485443294048309,0.2007362246513366,0.2962798178195953,0.2220896780490875
0.2531485259532928,0.1457598060369491,0.3865030109882355,0.2347849011421203,0.3010656833648681,0.3131289184093475,0.1224344074726104,0.3485443294048309,0.2007362246513366,0.2962798178195953,0.2220896780490875
0.2531485259532928,0.1457598060369491,0.3865030109882355,0.2347849011421203,0.3010656833648681,0.3131289184093475,0.1224344074726104,0.3485443294048309,0.2007362246513366,0.2962798178195953,0.2220896780490875
0.2531485259532928,0.1457598060369491,0.3865030109882355,0.2347849011421203,0.3010656833648681,0.3131289184093475,0.1224344074726104,0.3485443294048309,0.2007362246513366,0.2962798178195953,0.2220896780490875
0.2531485259532928,0.1457598060369491,0.3865030109882355,0.2347849011421203,0.3010656833648681,0.3131289184093475,0.1224344074726104,0.3485443294048309,0.2007362246513366,0.2962798178195953,0.2220896780490875
0.2531485259532928,0.1457598060369491,0.3865030109882355,0.2347849011421203,0.3010656833648681,0.3131289184093475,0.1224344074726104,0.3485443294048309,0.2007362246513366,0.2962798178195953,0.2220896780490875
0.2531485259532928,0.1457598060369491,0.3865030109882355,0.2347849011421203,0.3010656833648681,0.3131289184093475,0.1224344074726104,0.3485443294048309,0.2007362246513366,0.2962798178195953,0.2220896780490875
0.2531485259532928,0.1457598060369491,0.3865030109882355,0.2347849011421203,0.3010656833648681,0.3131289184093475,0.1224344074726104,0.3485443294048309,0.2007362246513366,0.2962798178195953,0.2220896780490875
0.2531485259532928,0.1457598060369491,0.3865030109882355,0.2347849011421203,0.3010656833648681,0.3131289184093475,0.1224344074726104,0.3485443294048309,0.2007362246513366,0.2962798178195953,0.2220896780490875
0.2531485259532928,0.1457598060369491,0.3865030109882355,0.2347849011421203,0.3010656833648681,0.3131289184093475,0.1224344074726104,0.3485443294048309,0.2007362246513366,0.2962798178195953,0.2220896780490875
0.2531485259532928,0.1457598060369491,0.3865030109882355,0.2347849011421203,0.3010656833648681,0.3131289184093475,0.1224344074726104,0.3485443294048309,0.2007362246513366,0.2962798178195953,0.2220896780490875
0.2531485259532928,0.1457598060369491,0.3865030109882355,0.2347849011421203,0.3010656833648681,0.3131289184093475,0.1224344074726104,0.3485443294048309,0.2007362246513366,0.2962798178195953,0.2220896780490875
0.2531485259532928,0.1457598060369491,0.3865030109882355,0.2347849011421203,0.3010656833648681,0.3131289184093475,0.1224344074726104,0.3485443294048309,0.2007362246513366,0.2962798178195953,0.2220896780490875
0.2531485259532928,0.1457598060369491,0.3865030109882355,0.2347849011421203,0.3010656833648681,0.3131289184093475,0.1224344074726104,0.3485443294048309,0.2007362246513366,0.2962798178195953,0.2220896780490875
0.2531485259532928,0.1457598060369491,0.3865030109882355,0.2347849011421203,0.3010656833648681,0.3131289184093475,0.1224344074726104,0.3485443294048309,0.2007362246513366,0.2962798178195953,0.2220896780490875
0.2531485259532928,0.1457598060369491,0.3865030109882355,0.2347849011421203,0.3010656833648681,0.3131289184093475,0.1224344074726104,0.3485443294048309,0.2007362246513366,0.2962798178195953,0.2220896780490875
0.2531485259532928,0.1457598060369491,0.3865030109882355,0.2347849011421203,0.3010656833648681,0.3131289184093475,0.1224344074726104,0.3485443294048309,0.2007362246513366,0.2962798178195953,0.2220896780490875
0.2531485259532928,0.1457598060369491,0.3865030109882355,0.2347849011421203,0.3010656833648681,0.3131289184093475,0.1224344074726104,0.3485443294048309,0.2007362246513366,0.2962798178195953,0.2220896780490875
0.2531485259532928,0.1457598060369491,0.3865030109882355,0.2347849011421203,0.3010656833648681,0.3131289184093475,0.1224344074726104,0.3485443294048309,0.2007362246513366,0.2962798178195953,0.2220896780490875
0.2531485259532928,0.1457598060369491,0.3865030109882355,0.2347849011421203,0.3010656833648681,0.3131289184093475,0.1224344074726104,0.3485443294048309,0.2007362246513366,0.2962798178195953,0.2220896780490875
0.2531485259532928,0.1457598060369491,0.3865030109882355,0.2347849011421203,0.3010656833648681,0.3131289184093475,0.1224344074726104,0.3485443294048309,0.2007362246513366,0.2962798178195953,0.2220896780490875
0.2531485259532928,0.1457598060369491,0.3865030109882355,0.2347849011421203,0.3010656833648681,0.3131289184093475,0.1224344074726104,0.3485443294048309,0.2007362246513366,0.2962798178195953,0.2220896780490875
0.2531485259532928,0.1457598060369491,0.3865030109882355,0.2347849011421203,0.3010656833648681,0.3131289184093475,0.1224344074726104,0.3485443294048309,0.2007362246513366,0.2962798178195953,0.2220896780490875
0.2531485259532928,0.1457598060369491,0.3865030109882355,0.2347849011421203,0.3010656833648681,0.3131289184093475,0.1224344074726104,0.3485443294048309,0.2007362246513366,0.2962798178195953,0.2220896780490875
0.2531485259532928,0.1457598060369491,0.3865030109882355,0.2347849011421203,0.3010656833648681,0.3131289184093475,0.1224344074726104,0.3485443294048309,0.2007362246513366,0.2962798178195953,0.2220896780490875
0.2531485259532928,0.1457598060369491,0.3865030109882355,0.2347849011421203,0.3010656833648681,0.3131289184093475,0.1224344074726104,0.3485443294048309,0.2007362246513366,0.2962798178195953,0.2220896780490875
0.2531485259532928,0.1457598060369491,0.3865030109882355,0.2347849011421203,0.3010656833648681,0.3131289184093475,0.1224344074726104,0.3485443294048309,0.2007362246513366,0.2962798178195953,0.2220896780490875
0.2531485259532928,0.1457598060369491,0.3865030109882355,0.2347849011421203,0.3010656833648681,0.3131289184093475,0.1224344074726104,0.3485443294048309,0.2007362246513366,0.2962798178195953,0.2220896780490875
0.2531485259532928,0.1457598060369491,0.3865030109882355,0.2347849011421203,0.3010656833648681,0.3131289184093475,0.1224344074726104,0.3485443294048309,0.2007362246513366,0.2962798178195953,0.2220896780490875
0.2531485259532928,0.1457598060369491,0.3865030109882355,0.2347849011421203,0.3010656833648681,0.3131289184093475,0.1224344074726104,0.3485443294048309,0.2007362246513366,0.2962798178195953,0.2220896780490875
0.2531485259532928,0.1457598060369491,0.3865030109882355,0.2347849011421203,0.3010656833648681,0.3131289184093475,0.1224344074726104,0.3485443294048309,0.2007362246513366,0.2962798178195953,0.2220896780490875
0.2578016519546509,0.1084482967853546,0.0363133735954761,0.2123757302761078,0.3507847189903259,0.3265391588211059,0.129994049668312,0.4242845177650451,0.209333062171936,0.3449502885341644,0.2316010296344757
0.2577410936355591,0.10846459120512,0.0373105034232139,0.2124721407890319,0.3512473702430725,0.3267049193382263,0.1299496591091156,0.4244461059570312,0.2094393372535705,0.3451469838619232,0.2317185997962951
0.2576805353164673,0.1084808856248855,0.038307636976242,0.2125685513019561,0.3517100811004638,0.326870709657669,0.1299052685499191,0.4246076643466949,0.2095455974340438,0.345343679189682,0.2318361699581146
0.2576199769973755,0.1084971874952316,0.0393047705292701,0.2126649618148803,0.3521727919578552,0.3270364701747894,0.1298608779907226,0.4247692823410034,0.2096518576145172,0.3455403447151184,0.231953740119934
0.2575594484806061,0.1085134819149971,0.0403019040822982,0.2127613574266433,0.3526354730129242,0.3272022306919098,0.129816472530365,0.4249308705329895,0.2097581326961517,0.3457370400428772,0.2320713251829147
0.2574989199638366,0.1085297763347625,0.0412990376353263,0.2128577679395675,0.3530981540679931,0.3273679912090301,0.1297720670700073,0.4250924587249756,0.2098644077777862,0.345933735370636,0.2321888953447342
0.2574383318424225,0.1085460782051086,0.0422961711883544,0.2129541784524917,0.3535608649253845,0.3275337815284729,0.1297276616096496,0.4252540171146393,0.2099706679582595,0.3461304605007171,0.2323064506053924
0.2573778033256531,0.1085623800754547,0.0432933010160923,0.2130505889654159,0.3540235757827759,0.3276995420455932,0.1296832710504531,0.425415575504303,0.2100769281387329,0.3463271558284759,0.2324240356683731
0.2573172450065613,0.1085786744952201,0.0442904345691204,0.2131469845771789,0.3544862866401672,0.3278653025627136,0.1296388804912567,0.425577163696289,0.2101832032203674,0.3465238511562347,0.2325416207313537
0.2572567164897918,0.1085949689149856,0.0452875643968582,0.2132433950901031,0.3549489974975586,0.3280310928821563,0.129594475030899,0.4257387816905975,0.2102894783020019,0.3467205464839935,0.2326591908931732
0.2571961283683777,0.1086112633347511,0.0462846979498863,0.2133398056030273,0.3554117083549499,0.3281968533992767,0.1295500844717025,0.4259003698825836,0.2103957533836364,0.3469172418117523,0.2327767610549926
0.2571355998516083,0.1086275652050972,0.0472818315029144,0.2134362161159515,0.3558744192123413,0.3283626139163971,0.1295056641101837,0.4260619282722473,0.2105020135641098,0.3471139371395111,0.2328943312168121
0.2570750415325165,0.1086438670754432,0.0482789650559425,0.2135326266288757,0.3563370704650879,0.3285283744335174,0.1294612735509872,0.4262235164642334,0.2106082737445831,0.3473106324672699,0.2330119013786316
0.2570144832134247,0.1086601614952087,0.0492760986089706,0.2136290371417999,0.3567997813224792,0.3286941647529602,0.1294168829917907,0.4263851046562195,0.2107145488262176,0.3475073277950287,0.2331294864416122
0.2569539546966553,0.1086764559149742,0.0502732321619987,0.2137254178524017,0.3572624921798706,0.3288599252700805,0.1293724924325943,0.4265466928482055,0.2108208239078521,0.3477040231227875,0.2332470417022705
0.2568933963775635,0.1086927652359008,0.0512703657150268,0.2138218432664871,0.3577252030372619,0.3290256857872009,0.1293280869722366,0.4267082512378692,0.2109270989894867,0.3479007184505462,0.2333646118640899
0.256832867860794,0.1087090671062469,0.0522674992680549,0.2139182388782501,0.3581878840923309,0.3291914463043213,0.1292836815118789,0.4268698394298553,0.21103335916996,0.348097413778305,0.2334821969270706
0.2567722797393799,0.1087253615260124,0.0532646253705024,0.2140146493911743,0.3586505651473999,0.329357236623764,0.1292392760515213,0.4270314276218414,0.2111396193504333,0.3482941091060638,0.2335997819900512
0.2567117214202881,0.1087416559457779,0.0542617626488208,0.2141110599040985,0.3591132760047912,0.3295229971408844,0.1291948854923248,0.4271930456161499,0.2112458944320678,0.3484908044338226,0.2337173223495483
0.2566511929035187,0.1087579503655433,0.0552588924765586,0.2142074704170227,0.3595759868621826,0.3296887576580047,0.1291504949331283,0.4273546040058136,0.2113521695137024,0.3486874997615814,0.2338349223136901
0.2565906643867492,0.1087742522358894,0.0562560260295867,0.2143038660287857,0.360038697719574,0.3298545479774475,0.1291060894727707,0.4275161623954773,0.2114584445953369,0.3488841950893402,0.2339524924755096
0.2565300762653351,0.1087905466556549,0.0572531595826149,0.2144002765417099,0.3605014085769653,0.3300203084945678,0.129061684012413,0.4276777505874634,0.2115647047758102,0.349080890417099,0.2340700626373291
0.2564695477485657,0.1088068485260009,0.0582502968609333,0.2144966870546341,0.3609641194343567,0.3301860690116882,0.1290172785520553,0.4278393387794494,0.2116709649562835,0.3492775559425354,0.2341876327991485
0.2564089894294739,0.1088231429457664,0.0592474266886711,0.2145930826663971,0.3614267706871032,0.3303518295288086,0.1289728879928589,0.4280009269714355,0.2117772400379181,0.3494742512702942,0.234305202960968
0.2563484609127044,0.1088394448161125,0.0602445602416992,0.2146894931793213,0.3618894815444946,0.3305176198482513,0.1289284974336624,0.4281625151634216,0.2118835151195526,0.349670946598053,0.2344227880239486
0.2562878727912903,0.1088557392358779,0.0612416937947273,0.2147859036922454,0.362352192401886,0.3306833803653717,0.1288841068744659,0.4283241033554077,0.2119897753000259,0.3498676419258117,0.2345403581857681
0.2562273442745209,0.108872041106224,0.0622388273477554,0.2148823142051696,0.3628149032592773,0.330849140882492,0.1288397014141082,0.4284856617450714,0.2120960354804992,0.3500643372535705,0.2346579134464264
0.2561668157577514,0.1088883355259895,0.0632359609007835,0.2149787247180938,0.3632775843143463,0.3310149312019348,0.1287952959537506,0.4286472499370575,0.2122023105621338,0.3502610623836517,0.2347755134105682
0.2561062574386596,0.108904629945755,0.0642330944538116,0.215075135231018,0.3637402653694153,0.3311806917190552,0.1287508904933929,0.4288088083267212,0.2123085856437683,0.3504577279090881,0.2348930835723877
0.2560456991195678,0.108920931816101,0.0652302280068397,0.2151715159416198,0.3642029762268066,0.3313464522361755,0.1287064999341964,0.4289704263210296,0.2124148607254028,0.3506544530391693,0.2350106537342071
0.2559851408004761,0.1089372262358665,0.0662273541092872,0.215267926454544,0.364665687084198,0.3315122127532959,0.128662109375,0.4291320145130157,0.2125211209058761,0.3508511483669281,0.2351282238960266
0.2559246122837066,0.108953520655632,0.0672244876623153,0.2153643369674682,0.3651283979415893,0.3316780030727386,0.1286177039146423,0.4292936027050018,0.2126273810863495,0.3510478436946869,0.235245794057846
0.2558640539646148,0.108969822525978,0.068221628665924,0.2154607474803924,0.3655911087989807,0.331843763589859,0.1285732984542846,0.4294551610946655,0.212733656167984,0.3512445390224457,0.2353633642196655
0.2558034658432007,0.1089861243963241,0.0692187547683715,0.2155571579933166,0.366053819656372,0.3320095241069793,0.128528892993927,0.4296167194843292,0.2128399312496185,0.3514412045478821,0.2354809343814849
0.2557429373264313,0.1090024188160896,0.0702158883213996,0.2156535685062408,0.366516500711441,0.3321753144264221,0.1284845024347305,0.4297783374786377,0.212946206331253,0.3516378998756408,0.2355985045433044
0.2556824088096618,0.1090187206864357,0.0712130218744278,0.215749979019165,0.3669792115688324,0.3323410749435425,0.128440111875534,0.4299399256706238,0.2130524814128875,0.3518345952033996,0.2357160747051239
0.2556218206882477,0.1090350151062011,0.0722101554274559,0.2158463597297668,0.3674418926239013,0.3325068354606628,0.1283957213163375,0.4301015138626098,0.2131587266921997,0.3520313203334808,0.2358336597681045
0.2555612921714782,0.1090513244271278,0.073207288980484,0.2159428000450134,0.3679046034812927,0.3326725959777832,0.1283513009548187,0.4302630722522735,0.2132650017738342,0.3522280156612396,0.2359512448310852
0.2555007338523865,0.1090676188468933,0.0742044150829315,0.2160391807556152,0.3683673143386841,0.3328383862972259,0.1283069103956222,0.4304246604442596,0.2133712768554687,0.3524247109889984,0.2360687851905822
0.255440205335617,0.1090839132666587,0.0752015560865402,0.2161355912685394,0.368829995393753,0.3330041468143463,0.1282625049352646,0.4305862784385681,0.2134775519371032,0.3526214063167572,0.2361863851547241
0.2553796172142029,0.1091002076864242,0.0761986821889877,0.2162320017814636,0.3692927360534668,0.3331699073314667,0.1282181143760681,0.4307478368282318,0.2135838270187378,0.352818101644516,0.2363039553165435
0.2553190886974334,0.1091165095567703,0.0771958231925964,0.2163284122943878,0.3697553873062134,0.333335667848587,0.1281737089157104,0.4309093952178955,0.2136900722980499,0.3530147969722748,0.236421525478363
0.255258560180664,0.1091328114271164,0.0781929492950439,0.2164248079061508,0.3702180981636047,0.3335014581680298,0.1281293183565139,0.4310709834098816,0.2137963473796844,0.3532114923000335,0.2365390956401825
0.2551980018615722,0.1091491058468818,0.079190082848072,0.2165212333202362,0.3706808090209961,0.3336672186851501,0.1280849128961563,0.4312325716018677,0.2139026224613189,0.3534081876277923,0.2366566658020019
0.2551374435424804,0.1091654002666473,0.0801872164011001,0.2166176289319992,0.3711435198783874,0.3338329792022705,0.1280405074357986,0.4313941597938537,0.2140088826417923,0.3536048829555511,0.2367742508649826
0.2550768852233886,0.1091816946864128,0.0811843574047088,0.2167140245437622,0.3716062009334564,0.3339987695217132,0.1279961168766021,0.4315557479858398,0.2141151428222656,0.3538015782833099,0.2368918061256408
0.2550163269042969,0.1091980040073394,0.0821814835071563,0.2168104499578476,0.3720688819885254,0.3341645300388336,0.1279517263174057,0.4317173361778259,0.2142214179039001,0.3539982736110687,0.2370093762874603
0.2549557983875274,0.1092142984271049,0.0831786096096038,0.2169068455696106,0.3725315928459167,0.334330290555954,0.127907320857048,0.4318788945674896,0.2143276929855346,0.3541949689388275,0.2371269762516021
0.2548952400684356,0.1092305928468704,0.0841757506132125,0.2170032560825348,0.3729943037033081,0.3344960510730743,0.1278629302978515,0.4320404827594757,0.2144339680671692,0.3543916642665863,0.2372445464134216
0.2548346817493438,0.1092468872666359,0.0851728841662406,0.2170996665954589,0.3734570145606994,0.3346618413925171,0.1278185248374939,0.4322021007537842,0.2145402282476425,0.3545883893966675,0.2373620867729187
0.2547741532325744,0.1092631891369819,0.0861700177192688,0.2171960771083831,0.3739197254180908,0.3348276019096374,0.1277741193771362,0.4323636591434479,0.2146464884281158,0.3547850549221039,0.2374796867370605
0.2547135949134826,0.1092794835567474,0.0871671438217163,0.2172924727201461,0.3743824064731598,0.3349933624267578,0.1277297288179397,0.4325252473354339,0.2147527635097503,0.3549817502498626,0.23759725689888
0.2546530365943908,0.1092957854270935,0.088164284825325,0.2173888832330703,0.3748450875282287,0.3351591527462005,0.1276853233575821,0.43268683552742,0.2148590385913849,0.3551784455776214,0.2377148270606994
0.2545924782752991,0.1093120798468589,0.0891614109277725,0.2174852788448333,0.3753077983856201,0.3353249132633209,0.1276409327983856,0.4328483939170837,0.2149653136730194,0.3553751707077026,0.2378323972225189
0.2545319199562073,0.109328381717205,0.0901585444808006,0.2175816893577575,0.3757705092430115,0.3354906737804413,0.1275965273380279,0.4330099523067474,0.2150715887546539,0.355571836233139,0.2379499673843383
0.2544713616371155,0.1093446835875511,0.0911556780338287,0.2176780998706817,0.3762332201004028,0.3356564342975616,0.1275521218776703,0.4331715703010559,0.215177834033966,0.3557685315608978,0.2380675375461578
0.254410833120346,0.1093609780073165,0.0921528115868568,0.2177745103836059,0.3766959011554718,0.3358222246170044,0.1275077313184738,0.433333158493042,0.2152841091156005,0.3559652268886566,0.2381851375102996
0.2543503046035766,0.1093772798776626,0.0931499451398849,0.2178709059953689,0.3771586418151855,0.3359879851341247,0.1274633407592773,0.4334947466850281,0.2153903841972351,0.3561619520187378,0.2383026778697967
0.2542897462844848,0.1093935817480087,0.0941470712423324,0.2179673165082931,0.3776212930679321,0.3361537456512451,0.1274189352989196,0.4336563348770141,0.2154966443777084,0.3563586473464966,0.2384202778339386
0.254229187965393,0.1094098761677742,0.0951442122459411,0.2180637270212173,0.3780840039253235,0.3363195359706878,0.1273745447397232,0.4338179230690002,0.2156029045581817,0.3565553426742553,0.238537847995758
0.2541686296463012,0.1094261705875396,0.0961413383483886,0.2181601226329803,0.3785467147827148,0.3364852964878082,0.1273301392793655,0.4339794814586639,0.2157091796398162,0.3567520081996918,0.2386554181575775
0.2541080713272095,0.1094424724578857,0.0971384793519973,0.2182565480470657,0.3790094256401062,0.3366510570049286,0.1272857338190078,0.43414106965065,0.2158154547214508,0.3569487035274505,0.2387729883193969
0.25404754281044,0.1094587668776512,0.0981356054544448,0.2183529436588287,0.3794721066951751,0.3368168175220489,0.1272413283586502,0.4343026578426361,0.2159217298030853,0.3571454286575317,0.2388905584812164
0.2539869844913482,0.1094750687479972,0.0991327464580535,0.2184493541717529,0.3799347877502441,0.3369826078414917,0.1271969377994537,0.4344642162322998,0.2160280048847198,0.3573421239852905,0.2390081286430359
0.2539264261722564,0.1094913631677627,0.1001298725605011,0.2185457646846771,0.3803974986076355,0.337148368358612,0.1271525472402572,0.4346258044242859,0.2161342501640319,0.3575387895107269,0.2391256988048553
0.253865897655487,0.1095076575875282,0.1011270135641098,0.2186421751976013,0.3808602094650268,0.3373141288757324,0.1271081417798996,0.4347874224185943,0.2162405252456665,0.3577354848384857,0.2392432689666748
0.2538053393363952,0.1095239520072937,0.1021241396665573,0.2187385857105255,0.3813229203224182,0.3374799191951751,0.1270637363195419,0.434948980808258,0.216346800327301,0.3579322099685669,0.2393608391284942
0.2537447810173034,0.1095402613282203,0.1031212732195854,0.2188349813222885,0.3817856013774872,0.3376456797122955,0.1270193457603454,0.4351105391979217,0.2164530754089355,0.3581289052963257,0.2394784390926361
0.2536842226982116,0.1095565557479858,0.1041184067726135,0.2189314067363739,0.3822483122348785,0.3378114402294159,0.1269749402999878,0.4352721273899078,0.2165593355894088,0.3583256006240845,0.2395960092544555
0.2536236643791199,0.1095728501677513,0.105115532875061,0.2190278023481369,0.3827110230922699,0.3379772007465362,0.1269305497407913,0.4354337155818939,0.2166655957698822,0.3585222959518432,0.2397135496139526
0.2535631358623504,0.1095891445875167,0.1061126738786697,0.2191241979598999,0.3831737339496612,0.338142991065979,0.1268861442804336,0.4355953335762024,0.2167718708515167,0.358718991279602,0.2398311495780944
0.2535025775432586,0.1096054464578628,0.1071098074316978,0.2192206084728241,0.3836364150047302,0.3383087515830993,0.1268417537212371,0.4357569217681885,0.2168781459331512,0.3589156866073608,0.2399487197399139
0.2534420490264892,0.1096217483282089,0.1081069409847259,0.2193170189857483,0.3840991258621216,0.3384745121002197,0.1267973482608795,0.4359184801578522,0.2169844210147857,0.3591123819351196,0.2400662899017334
0.2533814907073974,0.1096380427479744,0.1091040670871734,0.2194134294986724,0.3845618367195129,0.3386402726173401,0.1267529428005218,0.4360800385475158,0.2170906960964203,0.3593090772628784,0.2401838600635528
0.2533209323883056,0.1096543446183204,0.1101012006402015,0.2195098400115966,0.3850245177745819,0.3388060629367828,0.1267085522413253,0.4362416267395019,0.2171969562768936,0.3595057725906372,0.2403014302253723
0.2532603740692138,0.1096706464886665,0.1110983341932296,0.2196062505245208,0.3854871988296509,0.3389718234539032,0.1266641467809677,0.436403214931488,0.2173032164573669,0.359702467918396,0.2404190301895141
0.253199815750122,0.109686940908432,0.1120954751968383,0.2197026461362838,0.3859499096870422,0.3391375839710235,0.1266197562217712,0.4365648031234741,0.2174094915390014,0.3598991334438324,0.2405365705490112
0.2531392872333526,0.109703242778778,0.1130926012992858,0.2197990417480468,0.3864126205444336,0.3393033742904663,0.1265753507614135,0.4367263913154602,0.2175157517194748,0.3600957989692688,0.2406541407108307
0.2530787289142608,0.1097195371985435,0.114089734852314,0.2198954671621322,0.3868753314018249,0.3394691348075866,0.1265309602022171,0.4368879795074463,0.2176220118999481,0.3602924942970276,0.2407717406749725
0.253018170595169,0.109735831618309,0.1150868684053421,0.2199918627738952,0.3873380124568939,0.339634895324707,0.1264865547418594,0.4370495676994324,0.2177282869815826,0.3604892194271087,0.240889310836792
0.2529576122760772,0.109752133488655,0.1160840019583702,0.2200882732868194,0.3878007233142853,0.3398006558418274,0.1264421641826629,0.437211126089096,0.2178345620632171,0.3606859147548675,0.2410068660974502
0.2528970837593078,0.1097684279084205,0.1170811355113983,0.2201846837997436,0.3882634341716766,0.3399664461612701,0.1263977587223053,0.4373727142810821,0.2179408371448516,0.3608826100826263,0.2411244511604309
0.252836525440216,0.109784722328186,0.1180782616138458,0.2202810943126678,0.388726145029068,0.3401322066783905,0.1263533681631088,0.4375343024730682,0.2180471122264862,0.3610793054103851,0.2412420213222503
0.2527759671211242,0.1098010241985321,0.1190754026174545,0.2203774750232696,0.3891888260841369,0.3402979671955108,0.1263089627027511,0.4376958906650543,0.2181533575057983,0.3612760007381439,0.2413595914840698
0.2527154088020324,0.1098173260688781,0.120072528719902,0.2204739153385162,0.3896515369415283,0.3404637575149536,0.1262645572423935,0.4378574788570404,0.2182596325874328,0.3614726960659027,0.2414771616458892
0.252654880285263,0.1098336204886436,0.1210696697235107,0.220570296049118,0.3901142179965973,0.340629518032074,0.126220166683197,0.4380190372467041,0.2183659076690673,0.3616693913936615,0.2415947318077087
0.2525943219661712,0.1098499149084091,0.1220667958259582,0.2206667065620422,0.3905768990516662,0.3407952785491943,0.1261757612228393,0.4381806254386902,0.2184721827507019,0.3618660867214203,0.2417123019695282
0.2525337636470794,0.1098662167787551,0.1230639219284057,0.2207631170749664,0.3910396099090576,0.3409610390663147,0.1261313706636428,0.4383422136306762,0.2185784578323364,0.3620627820491791,0.24182990193367
0.25247323513031,0.1098825186491012,0.1240610629320144,0.2208595275878906,0.391502320766449,0.3411268293857574,0.1260869652032852,0.4385038018226623,0.2186847180128097,0.3622595071792602,0.2419474422931671
0.2524126768112182,0.1098988130688667,0.1250581890344619,0.2209559381008148,0.3919650316238403,0.3412925899028778,0.1260425746440887,0.438665360212326,0.218790978193283,0.3624561727046966,0.2420650124549865
0.2523521184921264,0.1099151074886322,0.1260553300380706,0.221052348613739,0.3924277126789093,0.3414583504199981,0.125998169183731,0.4388269782066345,0.2188972532749176,0.3626528978347778,0.2421826124191284
0.2522915601730346,0.1099314019083976,0.1270524561405182,0.2211487591266632,0.3928903937339782,0.3416241407394409,0.1259537786245346,0.4389885663986206,0.2190035283565521,0.3628495931625366,0.2423001825809478
0.2522310316562652,0.1099477112293243,0.1280495971441269,0.221245139837265,0.3933531641960144,0.3417899012565613,0.1259093731641769,0.4391501545906067,0.2191098034381866,0.3630462884902954,0.2424177527427673
0.2521704733371734,0.1099640056490898,0.1290467381477356,0.2213415652513504,0.393815815448761,0.3419556617736816,0.1258649826049804,0.439311683177948,0.2192160636186599,0.3632429838180542,0.2425353229045868
0.2521099150180816,0.1099803075194358,0.1300438642501831,0.2214379608631134,0.3942785263061523,0.342121422290802,0.1258205771446228,0.4394732713699341,0.2193223237991333,0.363439679145813,0.2426528930664062
0.2520493566989898,0.1099966019392013,0.1310409903526306,0.2215343713760376,0.3947412371635437,0.3422872126102447,0.1257761716842651,0.4396348595619201,0.2194285988807678,0.3636363744735718,0.2427704632282257
0.2519888281822204,0.1100128963589668,0.1320381313562393,0.2216307818889618,0.395203948020935,0.3424529731273651,0.1257317811250686,0.4397964775562286,0.2195348590612411,0.3638330698013305,0.2428880333900451
0.2519282698631286,0.1100292056798935,0.1330352574586868,0.221727192401886,0.3956665992736816,0.3426187336444855,0.125687375664711,0.4399580657482147,0.2196411341428756,0.3640297651290893,0.2430056035518646
0.2518677115440368,0.1100455000996589,0.1340323984622955,0.2218235731124878,0.396129310131073,0.3427845239639282,0.1256429851055145,0.4401196241378784,0.219747394323349,0.3642264306545257,0.2431232035160064
0.251807153224945,0.1100617945194244,0.135029524564743,0.2219200134277343,0.3965920209884643,0.3429502844810486,0.1255985796451568,0.4402812123298645,0.2198536694049835,0.3644231557846069,0.2432407736778259
0.2517466247081756,0.1100780889391899,0.1360266506671905,0.2220163941383361,0.3970547318458557,0.3431160449981689,0.1255541890859604,0.4404428005218506,0.219959944486618,0.3646198213100433,0.2433583289384842
0.2516860663890838,0.1100943908095359,0.1370237916707992,0.2221128046512603,0.3975174129009247,0.3432818055152893,0.1255097836256027,0.4406043887138366,0.2200662195682525,0.3648165166378021,0.2434759140014648
0.251625508069992,0.1101106852293014,0.1380209177732467,0.2222092151641845,0.3979800939559936,0.343447595834732,0.125465378165245,0.4407659471035003,0.2201724797487259,0.3650132119655609,0.2435934841632843
0.2515649795532226,0.1101269870996475,0.1390180587768554,0.2223056256771087,0.398442804813385,0.3436133563518524,0.1254209876060485,0.4409275352954864,0.2202787399291992,0.3652099370956421,0.2437110543251037
0.2515044212341308,0.110143281519413,0.1400151848793029,0.2224020361900329,0.3989055454730987,0.3437791168689728,0.1253765970468521,0.4410891234874725,0.2203850150108337,0.3654066324234009,0.2438286244869232
0.251443862915039,0.110159583389759,0.1410123258829116,0.2224984318017959,0.3993682563304901,0.3439448773860931,0.1253321915864944,0.4412507116794586,0.2204912900924682,0.3656033277511596,0.2439461946487426
0.2513833045959472,0.1101758778095245,0.1420094519853592,0.2225948572158813,0.3998309373855591,0.3441106677055359,0.1252877861261367,0.4414122700691223,0.2205975651741027,0.3658000230789184,0.2440637648105621
0.2513227760791778,0.11019217222929,0.1430065929889679,0.2226912528276443,0.4002936482429504,0.3442764282226562,0.1252433806657791,0.4415738582611084,0.2207038253545761,0.3659967184066772,0.2441813498735427
0.2512622475624084,0.110208474099636,0.1440037190914154,0.2227876633405685,0.4007563591003418,0.3444421887397766,0.1251989901065826,0.4417354464530945,0.2208100855350494,0.366193413734436,0.2442989200353622
0.2512016594409942,0.1102247759699821,0.1450008451938629,0.2228840589523315,0.4012190103530884,0.3446079790592193,0.1251545995473861,0.4418970346450805,0.2209163606166839,0.3663901090621948,0.2444164901971817
0.2511411011219024,0.1102410703897476,0.1459979861974716,0.2229804694652557,0.4016817212104797,0.3447737395763397,0.1251101940870285,0.4420586228370666,0.2210226356983184,0.3665868043899536,0.2445340752601623
0.251080572605133,0.110257364809513,0.1469951272010803,0.2230768799781799,0.4021444320678711,0.3449395000934601,0.1250657886266708,0.4422202110290527,0.2211288809776306,0.3667834997177124,0.2446516454219818
0.2510200142860412,0.1102736592292785,0.1479922533035278,0.2231732904911041,0.4026071429252624,0.3451052606105804,0.1250213980674743,0.4423817992210388,0.2212351560592651,0.3669801950454712,0.2447692155838012
0.2509594559669494,0.1102899685502052,0.1489893794059753,0.2232697010040283,0.4030698239803314,0.3452710509300232,0.1249769926071167,0.4425433576107025,0.2213414311408996,0.36717689037323,0.2448867857456207
0.25089892745018,0.1103062704205513,0.149986520409584,0.2233660966157913,0.4035325050354004,0.3454368114471435,0.1249326020479202,0.4427049458026886,0.2214477062225341,0.3673735857009887,0.2450043559074401
0.2508383691310882,0.1103225648403167,0.1509836465120315,0.2234625220298767,0.4039952158927917,0.3456025719642639,0.1248881965875625,0.4428665041923523,0.2215539664030075,0.3675702810287475,0.2451219409704208
0.2507778108119964,0.1103388592600822,0.1519807875156402,0.2235589176416397,0.4044579267501831,0.3457683622837066,0.1248437985777854,0.4430281221866607,0.221660241484642,0.3677669763565063,0.2452395111322403
0.2507172524929046,0.1103551536798477,0.1529779136180877,0.2236553281545639,0.4049206674098968,0.345934122800827,0.124799408018589,0.4431897103786468,0.2217665016651153,0.3679636716842651,0.2453570812940597
0.2506567239761352,0.1103714555501937,0.1539750397205352,0.2237517386674881,0.4053833484649658,0.3460998833179474,0.1247550025582313,0.4433512985706329,0.2218727767467498,0.3681603670120239,0.2454746663570404
0.2505961656570434,0.1103877574205398,0.1549721658229828,0.2238481342792511,0.4058460593223572,0.3462656438350677,0.1247106045484542,0.4435128569602966,0.2219790518283844,0.3683570623397827,0.2455922365188598
0.2505356073379516,0.1104040518403053,0.1559693217277526,0.2239445447921753,0.4063087403774261,0.3464314341545105,0.1246662139892578,0.4436744153499603,0.2220853269100189,0.3685537576675415,0.2457098066806793
0.2504750490188598,0.1104203462600708,0.1569664478302002,0.2240409553050995,0.4067714512348175,0.3465971946716308,0.1246218085289001,0.4438360333442688,0.2221915870904922,0.3687504529953003,0.2458273768424987
0.2504145205020904,0.1104366481304168,0.1579635739326477,0.2241373658180236,0.4072341322898865,0.3467629551887512,0.1245774030685424,0.4439976215362549,0.2222978472709655,0.3689471483230591,0.2459449470043182
0.2503539621829986,0.1104529500007629,0.1589607149362564,0.2242337614297866,0.4076968431472778,0.3469287455081939,0.1245330050587654,0.4441592097282409,0.2224041223526001,0.3691438436508178,0.2460625171661377
0.2502934038639068,0.1104692444205284,0.1599578410387039,0.2243301570415496,0.4081595242023468,0.3470945060253143,0.1244886070489883,0.4443207681179046,0.2225103974342346,0.3693405389785766,0.2461801022291183
0.2502328753471374,0.1104855388402938,0.1609549820423126,0.224426582455635,0.4086222350597381,0.3472602665424347,0.1244442164897918,0.4444823563098907,0.2226166725158691,0.3695372343063354,0.2462976723909378
0.2501723170280456,0.1105018407106399,0.1619521081447601,0.224522978067398,0.4090849161148071,0.347426027059555,0.1243998110294342,0.4446439146995544,0.2227229326963424,0.3697339296340942,0.2464152425527572
0.2501117587089538,0.1105181351304054,0.1629492342472076,0.2246193885803222,0.4095476269721985,0.3475918173789978,0.1243554130196571,0.4448055326938629,0.2228291928768158,0.369930624961853,0.2465328127145767
0.250051200389862,0.1105344370007515,0.1639463752508163,0.2247157990932464,0.4100103378295898,0.3477575778961181,0.1243110224604606,0.4449670910835266,0.2229354679584503,0.3701273202896118,0.2466503977775573
0.2499906569719314,0.1105507314205169,0.164943516254425,0.2248121947050094,0.4104730486869812,0.3479233384132385,0.124266617000103,0.4451286792755127,0.2230417430400848,0.3703240156173706,0.2467679679393768
0.2499301135540008,0.110567033290863,0.1659406423568725,0.2249086201190948,0.4109357595443725,0.3480890989303589,0.1242222189903259,0.4452902674674988,0.2231479883193969,0.3705207109451294,0.2468855381011963
0.249869555234909,0.1105833277106285,0.16693776845932,0.2250050157308578,0.4113984704017639,0.3482548892498016,0.1241778209805488,0.4454518556594848,0.2232542634010315,0.3707173764705658,0.2470031082630157
0.2498089969158172,0.1105996221303939,0.1679348945617675,0.225101426243782,0.4118611216545105,0.348420649766922,0.1241334229707717,0.4456134438514709,0.223360538482666,0.370914101600647,0.2471206784248352
0.2497484683990478,0.11061592400074,0.1689320504665374,0.225197821855545,0.4123238325119018,0.3485864102840423,0.1240890175104141,0.4457750022411346,0.2234668135643005,0.3711107969284057,0.2472382634878158
0.249687910079956,0.1106322258710861,0.1699291765689849,0.2252942323684692,0.4127865433692932,0.3487522006034851,0.124044619500637,0.4459365904331207,0.223573088645935,0.3713074922561645,0.2473558336496353
0.2496273517608642,0.1106485277414321,0.1709263026714325,0.2253906428813934,0.4132492542266845,0.3489179611206054,0.1240002214908599,0.4460981786251068,0.2236793488264084,0.3715041875839233,0.2474734038114547
0.2495668083429336,0.1106648221611976,0.1719234436750412,0.2254870533943176,0.4137119054794311,0.3490837216377258,0.1239558234810829,0.4462597966194153,0.2237856090068817,0.3717008829116821,0.2475909739732742
0.249506264925003,0.1106811165809631,0.1729205697774887,0.2255834639072418,0.4141746461391449,0.3492494821548462,0.1239114254713058,0.446421355009079,0.2238918840885162,0.3718975782394409,0.2477085441350937
0.2494457066059112,0.1106974184513092,0.1739177107810974,0.225679874420166,0.4146373271942138,0.3494152724742889,0.1238670274615287,0.446582943201065,0.2239981591701507,0.3720942735671997,0.2478261291980743
0.2493851482868194,0.1107137203216552,0.1749148368835449,0.2257762551307678,0.4151000380516052,0.3495810329914093,0.1238226294517517,0.4467445015907287,0.2241044342517852,0.3722909688949585,0.2479436993598938
0.2493246048688888,0.1107300147414207,0.1759119629859924,0.2258726805448532,0.4155627489089966,0.3497467935085296,0.1237782314419746,0.4469060897827148,0.2242106944322586,0.3724876642227173,0.2480612695217132
0.2492640614509582,0.1107463091611862,0.1769091039896011,0.2259690761566162,0.4160254597663879,0.3499125838279724,0.1237338334321975,0.4470676779747009,0.2243169546127319,0.3726843595504761,0.2481788396835327
0.2492035180330276,0.1107626035809516,0.1779062449932098,0.2260654866695404,0.4164881408214569,0.3500783443450928,0.1236894354224205,0.447229266166687,0.2244232296943664,0.3728810548782348,0.2482964098453521
0.2491429448127746,0.1107789129018783,0.1789033710956573,0.2261618971824646,0.4169508814811706,0.3502441048622131,0.1236450374126434,0.4473908543586731,0.2245295047760009,0.3730777502059936,0.2484139800071716
0.249082401394844,0.1107952073216438,0.1799004971981048,0.2262583076953888,0.4174135327339172,0.3504098653793335,0.1236006319522857,0.4475524425506592,0.2246357798576355,0.3732744455337524,0.2485315650701522
0.2490218579769134,0.1108115017414093,0.1808976233005523,0.226354718208313,0.4178762435913086,0.3505756556987762,0.1235562339425087,0.4477140009403229,0.2247420400381088,0.3734711408615112,0.2486491352319717
0.248961329460144,0.1108277961611747,0.1818947792053222,0.2264511287212371,0.4183389544486999,0.3507414162158966,0.1235118359327316,0.4478755593299866,0.2248483002185821,0.3736678659915924,0.2487667053937912
0.2489007413387298,0.1108440980315208,0.1828919053077697,0.2265475392341613,0.4188016653060913,0.3509071767330169,0.1234674304723739,0.448037177324295,0.2249545753002166,0.3738645315170288,0.2488842755556106
0.2488402128219604,0.1108603924512863,0.1838890314102172,0.2266439199447631,0.4192643165588379,0.3510729670524597,0.1234230399131774,0.4481987655162811,0.2250608503818512,0.37406125664711,0.2490018606185913
0.2487796545028686,0.1108766943216323,0.1848861575126648,0.2267403304576873,0.4197270274162292,0.3512387275695801,0.1233786419034004,0.4483603537082672,0.2251671105623245,0.3742579221725464,0.2491194307804107
0.2487190961837768,0.1108929887413978,0.1858832985162735,0.2268367409706115,0.4201897382736206,0.3514044880867004,0.1233342438936233,0.4485219120979309,0.2252733707427978,0.3744546175003052,0.2492370009422302
0.2486585527658462,0.1109092906117439,0.1868804395198822,0.2269331514835357,0.4206524491310119,0.3515702486038208,0.1232898458838462,0.448683500289917,0.2253796458244323,0.3746513128280639,0.2493545711040496
0.2485980093479156,0.1109255850315094,0.1878775656223297,0.2270295470952987,0.4211151599884033,0.3517360389232635,0.1232454478740692,0.4488451182842254,0.2254859209060669,0.3748480081558227,0.2494721561670303
0.2485374510288238,0.1109418869018554,0.1888746917247772,0.2271259725093841,0.4215778708457947,0.3519017994403839,0.1232010498642921,0.4490066766738891,0.2255921959877014,0.3750447034835815,0.2495897263288498
0.248476892709732,0.1109581887722015,0.1898718327283859,0.2272223681211471,0.4220405519008636,0.3520675599575043,0.1231566444039344,0.4491682350635528,0.2256984561681747,0.3752413988113403,0.249707281589508
0.2484163492918014,0.110974483191967,0.1908689588308334,0.2273187637329101,0.422503262758255,0.352233350276947,0.1231122389435768,0.4493298232555389,0.225804716348648,0.3754380941390991,0.2498248666524887
0.2483558058738708,0.110990785062313,0.1918660998344421,0.2274151742458343,0.422965943813324,0.3523991107940674,0.1230678483843803,0.4494914412498474,0.2259109914302826,0.3756347894668579,0.2499424368143081
0.2482952773571014,0.1110070794820785,0.1928632259368896,0.2275115847587585,0.4234286546707153,0.3525648713111877,0.1230234503746032,0.4496530294418335,0.2260172665119171,0.3758314847946167,0.2500600218772888
0.2482346892356872,0.1110233813524246,0.1938603520393371,0.2276079952716827,0.4238913357257843,0.3527306318283081,0.1229790449142456,0.4498146176338196,0.2261235415935516,0.3760281801223755,0.2501775920391083
0.2481741458177566,0.1110396757721901,0.1948574930429458,0.2277044057846069,0.424354076385498,0.3528964221477508,0.1229346543550491,0.4499761760234833,0.2262298017740249,0.3762248754501343,0.2502951622009277
0.248113602399826,0.1110559776425361,0.1958546340465545,0.2278008162975311,0.4248167276382446,0.3530621826648712,0.122890256345272,0.450137734413147,0.2263360619544983,0.376421570777893,0.2504127323627472
0.2480530440807342,0.1110722720623016,0.196851760149002,0.2278972119092941,0.4252794682979584,0.3532279431819916,0.1228458508849144,0.450299322605133,0.2264423370361328,0.3766182959079742,0.2505303025245666
0.2479924857616424,0.1110885664820671,0.1978488862514495,0.2279936373233795,0.4257421493530273,0.3533937036991119,0.1228014603257179,0.4504609405994415,0.2265486121177673,0.376814991235733,0.2506478726863861
0.247931957244873,0.1111048609018325,0.1988460272550583,0.2280900180339813,0.4262048602104187,0.3535594940185547,0.1227570548653602,0.4506224989891052,0.2266548722982406,0.3770116567611694,0.2507654428482055
0.2478713989257812,0.1111211702227592,0.199843168258667,0.2281864285469055,0.42666757106781,0.353725254535675,0.1227126643061637,0.4507840871810913,0.226761132478714,0.3772083520889282,0.2508830428123474
0.2478108406066894,0.1111374646425247,0.2008402943611145,0.2282828390598297,0.4271302819252014,0.3538910150527954,0.1226682588458061,0.4509456753730774,0.2268674075603485,0.3774050772190094,0.2510005831718445
0.2477502822875976,0.1111537590622901,0.201837420463562,0.2283792495727539,0.427592933177948,0.3540568053722381,0.1226238533854484,0.4511072635650635,0.226973682641983,0.3776017725467682,0.2511181831359863
0.2476897537708282,0.1111700534820556,0.2028345465660095,0.2284756451845169,0.4280556440353393,0.3542225658893585,0.1225794628262519,0.4512687921524048,0.2270799577236175,0.377798467874527,0.2512357532978058
0.2810840904712677,0.2267928719520568,0.3499929904937744,0.3311367034912109,0.3328999876976013,0.325553297996521,0.2036267668008804,0.4713900089263916,0.3000545501708984,0.353369802236557,0.3071929216384887
0.2812737822532654,0.2270627170801162,0.3502030968666076,0.3310402929782867,0.3327970504760742,0.3255985975265503,0.2037802189588546,0.4714250862598419,0.3000963032245636,0.3533207476139068,0.3072356581687927
0.2814634144306183,0.2273325622081756,0.3504132032394409,0.3309438526630401,0.3326941132545471,0.325643926858902,0.2039336711168289,0.4714601933956146,0.3001380562782287,0.3532716631889343,0.307278424501419
0.2816531062126159,0.227602407336235,0.3506232798099518,0.3308474123477936,0.33259117603302,0.3256892263889313,0.2040871232748031,0.4714953005313873,0.3001798093318939,0.3532226085662842,0.307321161031723
0.2818427681922912,0.2278722524642944,0.3508333563804626,0.330750972032547,0.3324882388114929,0.3257345259189605,0.2042405754327774,0.47153040766716,0.3002215623855591,0.353173553943634,0.3073638677597046
0.2820324301719665,0.2281420975923538,0.3510434627532959,0.330654501914978,0.3323853015899658,0.3257798254489898,0.2043940275907516,0.4715654850006103,0.3002633452415466,0.3531244993209839,0.3074066638946533
0.2822220921516418,0.2284119427204132,0.3512535691261291,0.3305580914020538,0.3322823643684387,0.3258251249790191,0.2045474648475647,0.471600592136383,0.3003050684928894,0.3530754446983337,0.3074494004249573
0.2824117541313171,0.2286818027496338,0.3514636754989624,0.3304616510868072,0.3321794271469116,0.3258704245090484,0.2047009170055389,0.4716356992721557,0.3003468215465545,0.3530263900756836,0.3074921369552612
0.2826014161109924,0.2289516627788543,0.3516737520694732,0.3303652107715606,0.3320764899253845,0.3259157240390777,0.2048543691635131,0.4716707766056061,0.3003885746002197,0.3529773354530334,0.3075349032878876
0.2827910780906677,0.2292214781045913,0.3518838882446289,0.3302687704563141,0.3319735527038574,0.325961023569107,0.2050078213214874,0.4717059135437011,0.3004303276538849,0.3529283106327057,0.3075776398181915
0.282980740070343,0.2294913381338119,0.3520939350128174,0.3301723599433899,0.3318705856800079,0.3260063230991363,0.2051612585783004,0.4717410206794739,0.30047208070755,0.3528792560100555,0.3076204061508178
0.2831704020500183,0.2297611832618713,0.3523040413856506,0.3300759196281433,0.3317676484584808,0.326051652431488,0.2053147107362747,0.4717760682106018,0.3005138337612152,0.352830171585083,0.3076631426811218
0.2833600640296936,0.2300310283899307,0.3525141477584839,0.3299794793128967,0.3316647410392761,0.3260969519615173,0.2054681777954101,0.4718112051486969,0.3005556166172027,0.3527811169624328,0.3077058792114258
0.2835497260093689,0.2303008884191513,0.3527242541313171,0.3298830389976501,0.331561803817749,0.3261422514915466,0.2056216299533844,0.4718463122844696,0.3005973696708679,0.3527320623397827,0.3077486455440521
0.2837393879890442,0.2305707335472107,0.3529343605041504,0.3297865986824035,0.3314588665962219,0.3261875510215759,0.2057750672101974,0.4718813896179199,0.3006390929222107,0.3526830077171325,0.3077913820743561
0.2839290499687195,0.23084057867527,0.3531444668769836,0.329690158367157,0.3313559293746948,0.3262328505516052,0.2059285193681717,0.4719164967536926,0.3006808757781982,0.3526339530944824,0.30783411860466
0.2841187417507171,0.2311104089021682,0.3533545434474945,0.3295937180519104,0.3312529325485229,0.3262781500816345,0.2060819715261459,0.4719516038894653,0.300722599029541,0.3525848984718323,0.3078768849372864
0.2843084037303924,0.2313802689313888,0.3535646498203277,0.3294972777366638,0.3311500251293182,0.3263234496116638,0.2062354087829589,0.471986711025238,0.3007643818855285,0.3525358438491821,0.3079196214675903
0.2844980359077453,0.2316501289606094,0.3537747263908386,0.3294008672237396,0.3310471177101135,0.3263687491416931,0.2063888609409332,0.4720217883586883,0.3008061349391937,0.352486789226532,0.3079623579978943
0.284687727689743,0.2319199591875076,0.3539848327636719,0.329304426908493,0.330944150686264,0.3264140486717224,0.2065423130989074,0.472056895494461,0.3008478879928589,0.3524377346038818,0.3080051243305206
0.2848773896694183,0.232189804315567,0.3541949391365051,0.3292079865932464,0.3308412134647369,0.3264593780040741,0.2066957652568817,0.4720920026302337,0.300889641046524,0.3523886799812317,0.3080478608608246
0.2850670516490936,0.2324596494436264,0.3544050455093384,0.3291115164756775,0.3307382762432098,0.3265046775341034,0.2068492174148559,0.4721270799636841,0.3009313941001892,0.3523396253585815,0.3080906271934509
0.2852567434310913,0.2327295094728469,0.3546151518821716,0.3290150761604309,0.3306353688240051,0.3265499770641327,0.2070026695728302,0.4721621870994568,0.3009731471538543,0.352290540933609,0.3081333637237549
0.2854463756084442,0.2329993546009063,0.3548252582550049,0.3289186358451843,0.3305324018001556,0.326595276594162,0.2071561217308044,0.4721972942352295,0.3010149002075195,0.3522414863109588,0.3081761002540588
0.2856360673904419,0.2332691997289657,0.3550353050231933,0.3288222253322601,0.3304294645786285,0.3266405761241913,0.2073095738887787,0.4722323715686798,0.3010566532611847,0.3521924316883087,0.3082188367843628
0.2858257293701172,0.2335390597581863,0.355245441198349,0.3287257850170135,0.330326497554779,0.3266858756542206,0.2074630111455917,0.4722674787044525,0.3010984063148498,0.3521433770656585,0.3082616031169891
0.2860153913497925,0.2338088899850845,0.3554555177688598,0.3286293447017669,0.3302235603332519,0.3267311751842499,0.2076164782047271,0.4723025858402252,0.3011401891708374,0.3520943224430084,0.3083043694496155
0.2862050533294678,0.2340787351131439,0.3556656241416931,0.3285329341888428,0.3301206529140472,0.3267764747142792,0.2077699154615402,0.4723376631736755,0.3011819124221802,0.3520452976226806,0.3083471059799194
0.286394715309143,0.2343485951423645,0.3558757305145263,0.3284364938735962,0.3300177156925201,0.3268217742443084,0.2079233527183532,0.4723727405071258,0.3012236952781677,0.3519962430000305,0.3083898425102234
0.2865843772888183,0.2346184402704239,0.3560858070850372,0.3283400535583496,0.3299147486686706,0.3268671035766601,0.2080768048763275,0.4724078774452209,0.3012654185295105,0.3519471883773803,0.3084326088428497
0.2867740392684936,0.2348882853984832,0.3562959432601928,0.3282435834407806,0.3298118114471435,0.3269124031066894,0.2082302570343017,0.4724429845809936,0.3013071715831756,0.3518981039524078,0.3084753453731537
0.2869637310504913,0.2351581305265426,0.3565059900283813,0.3281471729278564,0.3297088742256164,0.3269577026367187,0.2083837240934372,0.4724780619144439,0.3013489246368408,0.3518490195274353,0.3085180819034576
0.2871533632278442,0.235427975654602,0.3567160964012146,0.3280507326126098,0.3296059668064117,0.327003002166748,0.2085371613502502,0.4725131690502167,0.3013907074928283,0.3517999947071075,0.308560848236084
0.2873430550098419,0.2356978207826614,0.3569262027740478,0.3279542922973633,0.3295030295848846,0.3270483016967773,0.2086906135082245,0.4725482761859894,0.3014324605464935,0.3517509400844574,0.3086035847663879
0.2875327169895172,0.2359676659107208,0.3571363091468811,0.3278578519821167,0.3294000625610351,0.3270936012268066,0.2088440656661987,0.4725833535194397,0.3014742136001587,0.3517018556594848,0.3086463510990143
0.2877223491668701,0.2362375259399414,0.3573464155197143,0.3277614116668701,0.329297125339508,0.3271389007568359,0.2089975327253341,0.4726184606552124,0.3015159666538238,0.3516528010368347,0.3086890876293182
0.2879120409488678,0.2365073710680008,0.3575564920902252,0.3276649713516235,0.3291941881179809,0.3271842002868652,0.2091509699821472,0.4726535677909851,0.301557719707489,0.3516037762165069,0.3087318241596222
0.2881017029285431,0.2367772161960601,0.3577665984630584,0.3275685310363769,0.3290912806987762,0.3272294998168945,0.2093044221401214,0.4726886451244354,0.3015994429588318,0.3515547215938568,0.3087745904922485
0.288291335105896,0.2370470762252807,0.3579766750335693,0.3274721205234527,0.3289883136749267,0.3272748291492462,0.2094578593969345,0.4727237522602081,0.3016411960124969,0.3515056669712066,0.3088173270225525
0.2884810268878937,0.2373169064521789,0.3581867814064026,0.3273756802082062,0.3288853764533996,0.3273201286792755,0.2096112966537475,0.4727588593959808,0.3016829788684845,0.3514566123485565,0.3088600635528564
0.2886706888675689,0.2375867515802383,0.3583968877792358,0.3272792398929596,0.3287824392318725,0.3273654282093048,0.209764763712883,0.4727939367294311,0.3017247319221496,0.351407527923584,0.3089028298854828
0.2888603806495666,0.2378565967082977,0.3586069941520691,0.327182799577713,0.3286795020103454,0.3274107277393341,0.2099182158708572,0.4728290438652038,0.3017664849758148,0.3513585031032562,0.3089455664157867
0.2890500128269195,0.2381264567375183,0.3588171005249023,0.3270863592624664,0.3285765647888183,0.3274560272693634,0.2100716680288314,0.4728641510009765,0.30180823802948,0.3513094484806061,0.3089883029460907
0.2892396748065948,0.2383963018655777,0.3590271770954132,0.3269899189472198,0.3284736275672912,0.3275013267993927,0.2102251052856445,0.4728992581367492,0.3018499910831451,0.3512603640556335,0.309031069278717
0.2894293665885925,0.238666146993637,0.3592372834682464,0.3268934786319732,0.3283706903457641,0.327546626329422,0.2103785723447799,0.4729343354701996,0.3018917441368103,0.3512113094329834,0.309073805809021
0.2896190285682678,0.2389359772205352,0.3594473600387573,0.3267970383167267,0.328267753124237,0.3275919258594513,0.2105320245027542,0.4729694426059723,0.3019335269927978,0.3511622846126556,0.3091165721416473
0.2898086905479431,0.2392058372497558,0.3596574664115906,0.3267006278038025,0.3281648159027099,0.3276372253894806,0.2106854617595672,0.4730045795440674,0.3019752502441406,0.3511132299900055,0.3091593086719513
0.2899983525276184,0.2394756823778152,0.3598675727844238,0.3266041874885559,0.3280618786811828,0.3276825547218323,0.2108389139175415,0.4730396270751953,0.3020170032978058,0.3510641455650329,0.3092020452022552
0.2901880145072937,0.2397455424070358,0.3600776791572571,0.3265077471733093,0.3279589414596557,0.3277278542518616,0.2109923660755157,0.473074734210968,0.3020587563514709,0.3510150909423828,0.3092448115348816
0.290377676486969,0.2400153875350952,0.3602877855300903,0.3264113068580627,0.3278560042381286,0.3277731537818908,0.21114581823349,0.4731098711490631,0.3021005392074585,0.3509660363197326,0.3092875480651855
0.2905673384666443,0.2402852177619934,0.3604978621006012,0.3263148665428161,0.3277530670166015,0.3278184533119201,0.211299255490303,0.4731449484825134,0.3021422624588012,0.3509169816970825,0.3093302845954895
0.2907570004463196,0.2405550628900528,0.3607079684734344,0.3262184262275696,0.3276501297950744,0.3278637528419494,0.2114527076482772,0.4731800556182861,0.3021840155124664,0.3508679270744324,0.3093730509281158
0.2909466624259949,0.2408249229192733,0.3609180450439453,0.326121985912323,0.3275471925735473,0.3279090523719787,0.2116061598062515,0.4732151627540588,0.302225798368454,0.3508188724517822,0.3094157874584198
0.2911363244056701,0.2410947829484939,0.3611281514167785,0.3260255455970764,0.3274442553520202,0.327954351902008,0.2117596268653869,0.4732502400875091,0.3022675514221191,0.3507698178291321,0.3094585537910461
0.2913259863853454,0.2413646280765533,0.3613382577896118,0.3259291052818298,0.3273413181304931,0.3279996514320373,0.2119130641222,0.4732853472232818,0.3023092746734619,0.3507207930088043,0.3095012903213501
0.2915156781673431,0.2416344583034515,0.361548364162445,0.3258326649665832,0.327238380908966,0.3280449509620666,0.2120665162801742,0.4733204245567322,0.3023510575294494,0.3506717085838318,0.309544026851654
0.2917053401470184,0.2419043034315109,0.3617584705352783,0.3257362246513366,0.3271354436874389,0.3280902802944183,0.2122199684381485,0.4733555316925049,0.3023928105831146,0.3506226539611816,0.3095867931842804
0.2918949723243713,0.2421741485595703,0.3619685471057892,0.3256398141384125,0.3270325064659118,0.3281355798244476,0.2123734056949615,0.4733906090259552,0.3024345636367798,0.3505735993385315,0.3096295297145843
0.2920846343040466,0.2424440085887909,0.3621786236763,0.3255433738231659,0.3269295692443847,0.3281808793544769,0.2125268727540969,0.4734257161617279,0.3024762868881225,0.3505245447158813,0.3096722662448883
0.2922743260860443,0.2427138686180114,0.3623887300491333,0.3254469335079193,0.3268266320228576,0.3282261788845062,0.2126803249120712,0.4734608232975006,0.3025180697441101,0.3504754900932312,0.3097150325775146
0.2924639880657196,0.2429836988449096,0.3625988364219665,0.3253504633903503,0.3267236948013305,0.3282714784145355,0.2128337621688842,0.4734959006309509,0.3025598227977752,0.350426435470581,0.3097577691078186
0.2926536798477173,0.2432535290718078,0.3628089427947998,0.3252540230751037,0.3266207575798034,0.3283167779445648,0.2129871994256973,0.4735310077667236,0.3026015758514404,0.3503773808479309,0.3098005354404449
0.2928433120250702,0.2435233891010284,0.363019049167633,0.3251576125621795,0.3265178203582763,0.3283620774745941,0.2131406515836715,0.4735661149024963,0.3026433289051056,0.3503283262252807,0.3098433017730713
0.2930330038070678,0.243793249130249,0.3632291555404663,0.325061172246933,0.3264148831367492,0.3284073770046234,0.213294118642807,0.4736011922359466,0.3026850819587707,0.3502792716026306,0.3098860085010528
0.2932226657867431,0.2440630942583084,0.3634392321109772,0.3249647319316864,0.3263119459152221,0.3284526765346527,0.21344755589962,0.4736363291740417,0.3027268350124359,0.3502302169799804,0.3099287748336792
0.2934123277664184,0.2443329244852066,0.3636493384838104,0.3248683214187622,0.3262089788913727,0.3284980058670044,0.2136010080575943,0.4736714363098144,0.3027686178684234,0.3501811623573303,0.3099715113639831
0.2936019897460937,0.2446027845144271,0.3638594150543213,0.3247718811035156,0.3261060416698456,0.3285433053970337,0.2137544602155685,0.4737064838409424,0.3028103709220886,0.3501320779323578,0.3100142478942871
0.293791651725769,0.2448726296424865,0.3640695214271545,0.324675440788269,0.3260031342506408,0.328588604927063,0.2139079272747039,0.4737416207790375,0.3028521239757538,0.3500830233097076,0.3100570142269134
0.2939813137054443,0.2451424747705459,0.3642796277999878,0.3245790004730224,0.3259001970291137,0.3286339044570923,0.214061364531517,0.4737767279148102,0.3028938770294189,0.3500339686870575,0.3100997805595398
0.2941709756851196,0.2454123347997665,0.364489734172821,0.3244825601577759,0.3257972598075866,0.3286792039871216,0.2142148166894912,0.4738118350505829,0.3029356300830841,0.3499849140644073,0.3101425170898437
0.2943606376647949,0.2456821650266647,0.3646998405456543,0.3243861198425293,0.3256942927837372,0.3287245035171509,0.2143682688474655,0.4738469123840332,0.3029773831367492,0.3499358594417572,0.3101852536201477
0.2945502996444702,0.2459520250558853,0.3649099171161651,0.3242896795272827,0.3255913257598877,0.3287698030471802,0.2145217061042785,0.4738820195198059,0.303019106388092,0.349886804819107,0.310228019952774
0.2947399616241455,0.2462218701839447,0.3651200234889984,0.3241932392120361,0.3254884481430053,0.3288151025772095,0.2146751582622528,0.4739171266555786,0.3030608892440796,0.3498377501964569,0.310270756483078
0.2949296236038208,0.2464917302131652,0.3653301000595093,0.3240967988967895,0.3253854811191559,0.3288604021072387,0.214828610420227,0.4739522039890289,0.3031026422977447,0.3497887253761291,0.3103135228157043
0.2951193153858185,0.2467615604400634,0.3655402064323425,0.3240003883838653,0.3252825438976288,0.3289057314395904,0.2149820625782013,0.4739873111248016,0.3031443953514099,0.3497396409511566,0.3103562593460083
0.2953089475631714,0.2470313906669616,0.3657503128051758,0.3239039480686188,0.3251795768737793,0.3289510309696197,0.2151354998350143,0.4740224182605743,0.3031861484050751,0.3496905565261841,0.3103989958763122
0.2954986095428467,0.2473012506961822,0.365960419178009,0.3238074779510498,0.3250766396522522,0.328996330499649,0.2152889519929886,0.4740574955940246,0.3032279014587402,0.3496415019035339,0.3104417324066162
0.2956883013248443,0.2475711107254028,0.3661705255508423,0.3237110376358032,0.3249737322330475,0.3290416300296783,0.215442419052124,0.4740926027297973,0.3032696545124054,0.3495924770832062,0.3104844987392425
0.2958779633045196,0.2478409558534622,0.3663806021213531,0.3236145973205566,0.3248707950115204,0.3290869295597076,0.2155958712100982,0.47412770986557,0.3033114075660705,0.3495433926582336,0.3105272650718689
0.2960676550865173,0.2481108158826828,0.366590678691864,0.3235181868076324,0.3247678279876709,0.3291322290897369,0.2157493084669113,0.4741627871990204,0.3033531904220581,0.3494943678379059,0.3105700016021728
0.2962572872638702,0.2483806312084198,0.3668007850646972,0.3234217464923858,0.3246648907661438,0.3291775286197662,0.2159027606248855,0.4741978943347931,0.3033949136734009,0.3494453132152557,0.3106127381324768
0.2964469194412231,0.2486504912376403,0.3670108914375305,0.3233253061771393,0.3245619535446167,0.3292228281497955,0.216056227684021,0.4742330014705658,0.303436666727066,0.3493962585926056,0.3106554746627807
0.2966366410255432,0.2489203363656997,0.3672209978103637,0.3232288658618927,0.3244590163230896,0.3292681276798248,0.216209664940834,0.4742680788040161,0.3034784197807312,0.3493472039699554,0.3106982111930847
0.2968262732028961,0.2491901963949203,0.367431104183197,0.3231324255466461,0.3243560791015625,0.3293134570121765,0.2163631021976471,0.4743031859397888,0.3035202026367187,0.3492981493473053,0.310740977525711
0.2970159649848938,0.2494600564241409,0.3676412105560303,0.3230359852313995,0.3242531418800354,0.3293587565422058,0.2165165543556213,0.4743382930755615,0.3035619258880615,0.3492490649223327,0.3107837438583374
0.2972056269645691,0.2497298717498779,0.3678512871265411,0.3229395449161529,0.3241502046585083,0.3294040560722351,0.2166700065135955,0.4743734002113342,0.3036036789417267,0.3492000102996826,0.3108264803886413
0.2973952889442444,0.2499997168779373,0.3680613934993744,0.3228431046009063,0.3240472674369812,0.3294493556022644,0.2168234586715698,0.4744084775447845,0.3036454617977142,0.3491509556770324,0.3108692169189453
0.2975849509239197,0.2502695918083191,0.3682714700698852,0.3227466940879822,0.3239443302154541,0.3294946551322937,0.216976910829544,0.4744435846805572,0.3036872148513794,0.3491019308567047,0.3109119534492492
0.2977746129035949,0.2505394220352173,0.3684815764427185,0.3226502537727356,0.323841392993927,0.329539954662323,0.2171303629875183,0.4744786918163299,0.3037289679050445,0.3490528464317322,0.310954749584198
0.2979642748832702,0.2508092820644378,0.3686916828155517,0.322553813457489,0.3237384557723999,0.3295852541923523,0.2172838151454925,0.4745137691497803,0.3037707209587097,0.349003791809082,0.3109974861145019
0.2981539368629455,0.251079112291336,0.368901789188385,0.3224573731422424,0.3236355185508728,0.3296305537223816,0.2174372673034668,0.474548876285553,0.3038124740123749,0.3489547371864319,0.3110401928424835
0.2983435988426208,0.2513489723205566,0.3691118657588959,0.3223609328269958,0.3235325813293457,0.3296758532524109,0.217590719461441,0.4745839834213257,0.30385422706604,0.3489056825637817,0.3110829889774322
0.2985332608222961,0.2516188025474548,0.3693219721317291,0.3222644925117492,0.3234296441078186,0.3297211825847626,0.2177441716194152,0.4746190905570984,0.3038959801197052,0.3488566279411316,0.3111257255077362
0.2987229228019714,0.2518886625766754,0.3695320785045624,0.3221680521965027,0.3233267068862915,0.3297664821147918,0.2178975939750671,0.4746541678905487,0.3039377331733703,0.3488075733184814,0.3111684322357178
0.2989126145839691,0.252158522605896,0.3697421550750732,0.3220716118812561,0.3232237696647644,0.3298117816448211,0.2180510461330413,0.4746892750263214,0.3039794862270355,0.3487585186958313,0.3112112283706665
0.299102246761322,0.2524283528327942,0.3699522614479065,0.3219751715660095,0.3231208324432373,0.3298570811748504,0.2182045131921768,0.4747243821620941,0.3040212392807007,0.3487094640731811,0.3112539649009704
0.2992919087409973,0.2526981830596924,0.3701623678207397,0.3218787610530853,0.3230178952217102,0.3299023807048797,0.218357965350151,0.4747594594955444,0.3040629923343658,0.348660409450531,0.3112967014312744
0.299481600522995,0.2529680430889129,0.370372474193573,0.3217823207378387,0.3229149580001831,0.329947680234909,0.2185114026069641,0.4747945666313171,0.304104745388031,0.3486113548278808,0.3113394677639007
0.2996712625026703,0.2532379031181335,0.3705825209617615,0.3216858804225921,0.322812020778656,0.3299929797649383,0.2186648547649383,0.4748296737670898,0.3041464984416961,0.3485623002052307,0.3113822042942047
0.2998609542846679,0.2535077631473541,0.3707926571369171,0.3215894401073456,0.3227090835571289,0.3300382792949676,0.2188183069229126,0.4748647511005401,0.3041882812976837,0.3485132455825805,0.311424970626831
0.3000505864620209,0.2537775635719299,0.3710027635097503,0.321492999792099,0.3226061463356018,0.3300835788249969,0.218971773982048,0.4748998582363128,0.3042300343513489,0.3484641909599304,0.311467707157135
0.3002402484416961,0.2540474236011505,0.3712128400802612,0.3213965594768524,0.3225032091140747,0.3301289081573486,0.219125211238861,0.4749349653720855,0.3042717576026916,0.3484151065349579,0.3115104436874389
0.3004299104213714,0.2543172836303711,0.3714229464530945,0.3213001489639282,0.3224002718925476,0.3301742076873779,0.2192786633968353,0.4749700427055359,0.3043135404586792,0.3483660817146301,0.3115531802177429
0.3006195724010467,0.2545871436595917,0.3716330230236053,0.3212037086486816,0.3222973346710205,0.3302195072174072,0.2194321155548095,0.4750051498413086,0.304355263710022,0.3483169972896576,0.3115959465503692
0.3008092641830444,0.2548570036888122,0.3718431293964386,0.321107268333435,0.3221943974494934,0.3302648067474365,0.2195855528116226,0.4750402867794037,0.3043970167636871,0.3482679724693298,0.3116387128829956
0.3009989261627197,0.2551268339157104,0.3720532059669494,0.3210108280181885,0.3220914602279663,0.3303101062774658,0.2197390049695968,0.4750753939151764,0.3044387698173523,0.3482189178466797,0.3116814494132995
0.301188588142395,0.2553966641426086,0.3722633123397827,0.3209143579006195,0.3219884932041168,0.3303554058074951,0.2198924571275711,0.4751104712486267,0.3044805526733398,0.3481698632240295,0.3117241859436035
0.3013782501220703,0.2556665241718292,0.3724734187126159,0.3208179473876953,0.3218855857849121,0.3304007053375244,0.2200459092855453,0.4751455783843994,0.304522305727005,0.348120778799057,0.3117669224739074
0.3015679121017456,0.2559363842010498,0.3726835250854492,0.3207215070724487,0.321782648563385,0.3304460048675537,0.2201993465423584,0.4751806557178497,0.3045640587806701,0.3480717241764068,0.3118096888065338
0.3017575740814209,0.256206214427948,0.3728936314582824,0.3206250667572021,0.3216797113418579,0.330491304397583,0.2203528136014938,0.4752157628536224,0.3046058118343353,0.3480226993560791,0.3118524253368377
0.3019472360610962,0.2564760446548462,0.3731037080287933,0.3205286264419555,0.3215767741203308,0.3305366337299347,0.220506265759468,0.4752508401870727,0.3046475648880005,0.3479736149311065,0.3118951916694641
0.3021368980407715,0.2567459046840668,0.373313844203949,0.320432186126709,0.3214738070964813,0.330581933259964,0.2206597030162811,0.4752859473228454,0.3046892881393432,0.3479245603084564,0.311937928199768
0.3023265600204468,0.2570157647132873,0.3735238909721374,0.3203357458114624,0.3213708996772766,0.3306272327899933,0.2208131551742553,0.4753210246562958,0.3047310709953308,0.3478755056858063,0.3119806945323944
0.302516222000122,0.2572855949401855,0.3737339973449707,0.3202393054962158,0.3212679624557495,0.3306725323200226,0.2209666222333908,0.4753561317920685,0.3047728240489959,0.3478264808654785,0.312023401260376
0.3027058839797973,0.2575554549694061,0.3739441037178039,0.3201428949832916,0.3211649954319,0.3307178318500519,0.221120074391365,0.4753912389278412,0.3048145771026611,0.3477774262428283,0.3120661675930023
0.302895575761795,0.2578252851963043,0.3741542100906372,0.320046454668045,0.3210620582103729,0.3307631313800812,0.2212734967470169,0.4754263162612915,0.3048563599586487,0.3477283418178558,0.3121089339256286
0.3030852079391479,0.2580951452255249,0.3743643164634704,0.3199499845504761,0.3209590911865234,0.3308084309101105,0.2214269489049911,0.4754614233970642,0.3048980832099914,0.3476792871952057,0.3121516704559326
0.3032748997211456,0.2583649754524231,0.3745744228363037,0.3198535442352295,0.3208561837673187,0.3308537304401397,0.2215804010629654,0.4754965305328369,0.3049398362636566,0.3476302325725555,0.3121944069862366
0.3034645617008209,0.2586348354816437,0.3747844994068146,0.3197571337223053,0.320753276348114,0.330899029970169,0.2217338681221008,0.4755316376686096,0.3049815893173218,0.3475811779499054,0.3122371733188629
0.3036542236804962,0.2589046955108642,0.3749946057796478,0.3196606934070587,0.3206503093242645,0.3309443593025207,0.2218873053789138,0.4755667448043823,0.3050233721733093,0.3475320935249328,0.3122799098491668
0.3038439154624939,0.2591745257377624,0.3752046823501587,0.3195642530918121,0.320547342300415,0.33098965883255,0.2220407575368881,0.475601851940155,0.3050650954246521,0.3474830389022827,0.3123226761817932
0.3040335476398468,0.259444385766983,0.3754147887229919,0.3194678425788879,0.3204444348812103,0.3310349583625793,0.2221942096948623,0.4756369590759277,0.3051068782806396,0.3474339842796325,0.3123654127120971
0.3042232394218445,0.2597142457962036,0.3756248950958252,0.3193714022636413,0.3203414976596832,0.3310802578926086,0.2223476469516754,0.475672036409378,0.3051486313343048,0.3473849594593048,0.3124081492424011
0.3044129014015198,0.2599840760231018,0.3758350014686584,0.3192749619483948,0.3202385604381561,0.3311255574226379,0.2225011140108108,0.4757071435451507,0.3051903843879699,0.3473359048366546,0.3124509155750274
0.3046025335788727,0.2602539360523224,0.3760450780391693,0.3191785216331482,0.320135623216629,0.3311708569526672,0.2226545661687851,0.4757422506809234,0.3052321076393127,0.3472868502140045,0.3124936521053314
0.3047922253608703,0.2605237662792206,0.3762551844120025,0.3190820515155792,0.3200326561927795,0.3312161564826965,0.2228080034255981,0.4757773280143738,0.3052738606929779,0.3472377955913543,0.3125363886356354
0.3049818873405456,0.2607936263084411,0.3764652609825134,0.318985641002655,0.3199297189712524,0.3312614560127258,0.2229614406824112,0.4758124351501465,0.3053156435489654,0.3471887111663818,0.3125791549682617
0.3051715493202209,0.2610634565353393,0.3766753673553467,0.3188892006874084,0.3198268115520477,0.3313067555427551,0.2231149077415466,0.4758475422859192,0.3053573966026306,0.3471396565437317,0.3126218914985657
0.3053612112998962,0.2613333165645599,0.3768854737281799,0.3187927603721618,0.3197238445281982,0.3313520848751068,0.2232683598995208,0.4758826196193695,0.3053991496562958,0.3470906019210815,0.3126646280288696
0.3055508732795715,0.2616031765937805,0.3770955801010132,0.3186963200569153,0.3196209073066711,0.3313973844051361,0.2234217971563339,0.4759177267551422,0.3054409027099609,0.3470415472984314,0.3127073943614959
0.3057405352592468,0.2618730068206787,0.3773056864738464,0.3185999095439911,0.319517970085144,0.3314426839351654,0.2235752493143081,0.4759528338909149,0.3054826557636261,0.3469924926757812,0.3127501308917999
0.3059301972389221,0.2621428370475769,0.3775157630443573,0.3185034394264221,0.3194150328636169,0.3314879834651947,0.2237287014722824,0.4759879410266876,0.3055244088172912,0.3469434380531311,0.3127928972244262
0.3061198592185974,0.2624126970767975,0.3777258992195129,0.3184069991111755,0.3193120956420898,0.331533282995224,0.2238821685314178,0.4760230183601379,0.305566132068634,0.3468943834304809,0.3128356337547302
0.3063095211982727,0.262682557106018,0.3779359459877014,0.3183105587959289,0.3192091584205627,0.3315785825252533,0.2240356057882309,0.4760581254959106,0.3056079149246216,0.3468453288078308,0.3128783702850342
0.306499183177948,0.2629523873329162,0.3781460523605346,0.3182141184806824,0.3191062211990356,0.3316238820552826,0.2241890579462051,0.4760932326316833,0.3056496679782867,0.3467962741851806,0.3129211366176605
0.3066888451576233,0.2632222175598144,0.3783561587333679,0.3181177079677582,0.3190032839775085,0.3316691815853119,0.2243425101041793,0.4761283099651336,0.3056914210319519,0.3467472195625305,0.3129638731479645
0.3068785369396209,0.263492077589035,0.3785662651062011,0.3180212676525116,0.3189003467559814,0.3317144811153412,0.2244959622621536,0.476163387298584,0.305733174085617,0.3466981649398803,0.3130066096782684
0.3070681989192962,0.2637619376182556,0.3787763714790344,0.317924827337265,0.3187974393367767,0.3317598104476928,0.2246493995189666,0.4761984944343567,0.3057749271392822,0.3466491103172302,0.3130493760108948
0.3072578608989715,0.2640317976474762,0.3789864778518677,0.3178283870220184,0.3186944723129272,0.3318051099777221,0.2248028516769409,0.4762336015701294,0.3058166801929474,0.3466000556945801,0.3130921125411987
0.3074475228786468,0.2643016576766968,0.3791965544223785,0.3177319467067718,0.3185915350914001,0.3318504095077514,0.2249563038349151,0.4762687087059021,0.3058584332466125,0.3465509712696075,0.3131348788738251
0.3076372146606445,0.2645714879035949,0.3794066607952118,0.3176355063915252,0.318488597869873,0.3318957090377807,0.2251097410917282,0.4763038158416748,0.3059002161026001,0.3465019166469574,0.313177615404129
0.3078268468379974,0.2648413181304931,0.3796167373657226,0.3175390660762787,0.3183856606483459,0.33194100856781,0.2252632081508636,0.4763388931751251,0.3059419691562652,0.3464528918266296,0.313220351934433
0.3080165386199951,0.2651111781597137,0.3798268437385559,0.3174426257610321,0.3182827234268188,0.3319863080978393,0.2254166603088379,0.4763740003108978,0.3059837222099304,0.3464038372039795,0.3132631182670593
0.3082062005996704,0.2653810381889343,0.3800369501113891,0.3173462152481079,0.3181797862052917,0.3320316076278686,0.2255701124668121,0.4764091074466705,0.3060254752635956,0.3463547825813293,0.3133058547973633
0.3083958625793457,0.2656508684158325,0.3802470564842224,0.3172497749328613,0.3180768489837646,0.3320769071578979,0.2257235497236251,0.4764442145824432,0.3060672283172607,0.3463056981563568,0.3133485913276672
0.308585524559021,0.2659206986427307,0.3804571628570556,0.3171533346176147,0.3179739117622375,0.3321222066879272,0.2258770167827606,0.4764792919158935,0.3061089515686035,0.346256673336029,0.3133913576602936
0.3087751567363739,0.2661905586719513,0.3806672692298889,0.3170568943023681,0.3178709745407104,0.3321675360202789,0.2260304689407348,0.4765143990516662,0.306150734424591,0.3462076187133789,0.3134340941905975
0.3089648485183716,0.2664604187011719,0.3808773159980774,0.3169604539871216,0.3177680373191833,0.3322128355503082,0.2261839061975479,0.4765495061874389,0.3061924874782562,0.3461585342884063,0.3134768605232239
0.3091545104980469,0.26673024892807,0.3810874223709106,0.316864013671875,0.3176651000976562,0.3322581350803375,0.2263373434543609,0.4765845835208893,0.3062342405319214,0.3461094796657562,0.3135195970535278
0.3093441724777221,0.2670001089572906,0.3812975287437439,0.3167675733566284,0.3175621628761291,0.3323034346103668,0.2264907956123352,0.476619690656662,0.3062760233879089,0.3460604250431061,0.3135623335838318
0.3095338344573974,0.2672699391841888,0.3815076351165771,0.3166711330413818,0.317459225654602,0.3323487341403961,0.2266442626714706,0.4766547977924347,0.3063177466392517,0.3460114002227783,0.3136050999164581
0.3097234964370727,0.2675397992134094,0.3817177414894104,0.3165746927261352,0.3173562884330749,0.3323940336704254,0.2267976999282837,0.476689875125885,0.3063594996929168,0.3459623157978058,0.3136478662490845
0.309913158416748,0.26780965924263,0.3819278180599212,0.3164782524108886,0.3172533512115478,0.3324393332004547,0.2269511520862579,0.4767249822616577,0.306401252746582,0.3459132611751556,0.313690572977066
0.3101028203964233,0.2680795192718506,0.3821379542350769,0.3163818120956421,0.3171504139900207,0.332484632730484,0.2271046042442321,0.4767600893974304,0.3064430356025696,0.3458642065525055,0.3137333393096924
0.3102924823760986,0.2683493494987488,0.3823480010032654,0.3162854015827179,0.3170474767684936,0.3325299322605133,0.2272580564022064,0.4767951667308807,0.3064847588539123,0.3458151519298553,0.3137760758399963
0.3104821741580963,0.268619179725647,0.3825581073760986,0.3161889314651489,0.3169445395469665,0.332575261592865,0.2274115085601806,0.4768302738666534,0.3065265417098999,0.3457660973072052,0.3138188421726227
0.3106718063354492,0.2688890397548675,0.3827682137489319,0.3160924911499023,0.316841572523117,0.3326205611228943,0.2275649607181549,0.4768653810024261,0.306568294763565,0.345717042684555,0.313861608505249
0.3108614981174469,0.2691588997840881,0.3829783201217651,0.3159960806369781,0.3167386651039123,0.3326658606529236,0.2277184128761291,0.4769005179405212,0.3066100478172302,0.3456679582595825,0.313904345035553
0.3110511600971222,0.2694287300109863,0.3831884264945984,0.3158996701240539,0.3166357278823852,0.3327111601829529,0.227871835231781,0.4769355654716491,0.306651771068573,0.3456189036369324,0.3139470815658569
0.3112408220767975,0.2696985900402069,0.3833985328674316,0.315803200006485,0.3165327906608581,0.3327564597129822,0.2280253022909164,0.4769706726074219,0.3066935539245605,0.3455698788166046,0.3139898180961609
0.3114304840564728,0.2699684202671051,0.3836086094379425,0.3157067596912384,0.316429853439331,0.3328017592430115,0.2281787544488906,0.4770058095455169,0.3067353069782257,0.3455208241939544,0.3140325546264648
0.3116201758384704,0.2702382802963257,0.3838187158107757,0.3156103193759918,0.3163268864154815,0.3328470587730407,0.2283322066068649,0.4770408868789673,0.3067770600318908,0.3454717397689819,0.3140753209590912
0.3118098378181457,0.2705081105232239,0.3840287923812866,0.3155139088630676,0.3162239491939544,0.33289235830307,0.2284856438636779,0.47707599401474,0.306818813085556,0.3454226851463318,0.3141180872917175
0.311999499797821,0.2707779705524444,0.3842388987541199,0.3154174387454986,0.3161210417747497,0.3329376578330993,0.2286390960216522,0.4771110713481903,0.3068605661392212,0.3453736305236816,0.3141608238220215
0.3121891617774963,0.271047830581665,0.3844490051269531,0.3153210282325744,0.3160180747509002,0.332982987165451,0.2287925630807876,0.4771461486816406,0.3069023191928863,0.3453245759010315,0.3142035603523254
0.3123788237571716,0.2713176310062408,0.3846591114997864,0.3152245879173279,0.3159151375293731,0.3330282866954803,0.2289460152387619,0.4771812558174133,0.3069440722465515,0.3452755212783813,0.3142462968826294
0.3125684857368469,0.2715874910354614,0.3848691880702972,0.3151281476020813,0.315812200307846,0.3330735862255096,0.2290994524955749,0.477216362953186,0.3069858253002167,0.3452264666557312,0.3142890632152557
0.3127581477165222,0.271857351064682,0.3850793242454529,0.3150317072868347,0.3157092332839966,0.3331188857555389,0.2292529046535492,0.4772514402866363,0.3070275783538818,0.345177412033081,0.3143317997455597
0.2696317136287689,0.1778906136751175,0.344362199306488,0.3163892924785614,0.3251664042472839,0.2648323178291321,0.2289710342884063,0.4463858902454376,0.2562638223171234,0.3432284295558929,0.1347242444753646
0.2696317136287689,0.1778906136751175,0.344362199306488,0.3163892924785614,0.3251664042472839,0.2648323178291321,0.2289710342884063,0.4463858902454376,0.2562638223171234,0.3432284295558929,0.1347242444753646
0.2696317136287689,0.1778906136751175,0.344362199306488,0.3163892924785614,0.3251664042472839,0.2648323178291321,0.2289710342884063,0.4463858902454376,0.2562638223171234,0.3432284295558929,0.1347242444753646
0.2696317136287689,0.1778906136751175,0.344362199306488,0.3163892924785614,0.3251664042472839,0.2648323178291321,0.2289710342884063,0.4463858902454376,0.2562638223171234,0.3432284295558929,0.1347242444753646
0.2696317136287689,0.1778906136751175,0.344362199306488,0.3163892924785614,0.3251664042472839,0.2648323178291321,0.2289710342884063,0.4463858902454376,0.2562638223171234,0.3432284295558929,0.1347242444753646
0.2696317136287689,0.1778906136751175,0.344362199306488,0.3163892924785614,0.3251664042472839,0.2648323178291321,0.2289710342884063,0.4463858902454376,0.2562638223171234,0.3432284295558929,0.1347242444753646
0.2696317136287689,0.1778906136751175,0.344362199306488,0.3163892924785614,0.3251664042472839,0.2648323178291321,0.2289710342884063,0.4463858902454376,0.2562638223171234,0.3432284295558929,0.1347242444753646
0.2696317136287689,0.1778906136751175,0.344362199306488,0.3163892924785614,0.3251664042472839,0.2648323178291321,0.2289710342884063,0.4463858902454376,0.2562638223171234,0.3432284295558929,0.1347242444753646
0.2696317136287689,0.1778906136751175,0.344362199306488,0.3163892924785614,0.3251664042472839,0.2648323178291321,0.2289710342884063,0.4463858902454376,0.2562638223171234,0.3432284295558929,0.1347242444753646
0.2696317136287689,0.1778906136751175,0.344362199306488,0.3163892924785614,0.3251664042472839,0.2648323178291321,0.2289710342884063,0.4463858902454376,0.2562638223171234,0.3432284295558929,0.1347242444753646
0.2696317136287689,0.1778906136751175,0.344362199306488,0.3163892924785614,0.3251664042472839,0.2648323178291321,0.2289710342884063,0.4463858902454376,0.2562638223171234,0.3432284295558929,0.1347242444753646
0.2696317136287689,0.1778906136751175,0.344362199306488,0.3163892924785614,0.3251664042472839,0.2648323178291321,0.2289710342884063,0.4463858902454376,0.2562638223171234,0.3432284295558929,0.1347242444753646
0.2696317136287689,0.1778906136751175,0.344362199306488,0.3163892924785614,0.3251664042472839,0.2648323178291321,0.2289710342884063,0.4463858902454376,0.2562638223171234,0.3432284295558929,0.1347242444753646
0.2696317136287689,0.1778906136751175,0.344362199306488,0.3163892924785614,0.3251664042472839,0.2648323178291321,0.2289710342884063,0.4463858902454376,0.2562638223171234,0.3432284295558929,0.1347242444753646
0.2696317136287689,0.1778906136751175,0.344362199306488,0.3163892924785614,0.3251664042472839,0.2648323178291321,0.2289710342884063,0.4463858902454376,0.2562638223171234,0.3432284295558929,0.1347242444753646
0.2696317136287689,0.1778906136751175,0.344362199306488,0.3163892924785614,0.3251664042472839,0.2648323178291321,0.2289710342884063,0.4463858902454376,0.2562638223171234,0.3432284295558929,0.1347242444753646
0.2696317136287689,0.1778906136751175,0.344362199306488,0.3163892924785614,0.3251664042472839,0.2648323178291321,0.2289710342884063,0.4463858902454376,0.2562638223171234,0.3432284295558929,0.1347242444753646
0.2696317136287689,0.1778906136751175,0.344362199306488,0.3163892924785614,0.3251664042472839,0.2648323178291321,0.2289710342884063,0.4463858902454376,0.2562638223171234,0.3432284295558929,0.1347242444753646
0.2696317136287689,0.1778906136751175,0.344362199306488,0.3163892924785614,0.3251664042472839,0.2648323178291321,0.2289710342884063,0.4463858902454376,0.2562638223171234,0.3432284295558929,0.1347242444753646
0.2696317136287689,0.1778906136751175,0.344362199306488,0.3163892924785614,0.3251664042472839,0.2648323178291321,0.2289710342884063,0.4463858902454376,0.2562638223171234,0.3432284295558929,0.1347242444753646
0.2696317136287689,0.1778906136751175,0.344362199306488,0.3163892924785614,0.3251664042472839,0.2648323178291321,0.2289710342884063,0.4463858902454376,0.2562638223171234,0.3432284295558929,0.1347242444753646
0.2696317136287689,0.1778906136751175,0.344362199306488,0.3163892924785614,0.3251664042472839,0.2648323178291321,0.2289710342884063,0.4463858902454376,0.2562638223171234,0.3432284295558929,0.1347242444753646
0.2696317136287689,0.1778906136751175,0.344362199306488,0.3163892924785614,0.3251664042472839,0.2648323178291321,0.2289710342884063,0.4463858902454376,0.2562638223171234,0.3432284295558929,0.1347242444753646
0.2696317136287689,0.1778906136751175,0.344362199306488,0.3163892924785614,0.3251664042472839,0.2648323178291321,0.2289710342884063,0.4463858902454376,0.2562638223171234,0.3432284295558929,0.1347242444753646
0.2696317136287689,0.1778906136751175,0.344362199306488,0.3163892924785614,0.3251664042472839,0.2648323178291321,0.2289710342884063,0.4463858902454376,0.2562638223171234,0.3432284295558929,0.1347242444753646
0.2696317136287689,0.1778906136751175,0.344362199306488,0.3163892924785614,0.3251664042472839,0.2648323178291321,0.2289710342884063,0.4463858902454376,0.2562638223171234,0.3432284295558929,0.1347242444753646
0.2696317136287689,0.1778906136751175,0.344362199306488,0.3163892924785614,0.3251664042472839,0.2648323178291321,0.2289710342884063,0.4463858902454376,0.2562638223171234,0.3432284295558929,0.1347242444753646
0.2696317136287689,0.1778906136751175,0.344362199306488,0.3163892924785614,0.3251664042472839,0.2648323178291321,0.2289710342884063,0.4463858902454376,0.2562638223171234,0.3432284295558929,0.1347242444753646
0.2696317136287689,0.1778906136751175,0.344362199306488,0.3163892924785614,0.3251664042472839,0.2648323178291321,0.2289710342884063,0.4463858902454376,0.2562638223171234,0.3432284295558929,0.1347242444753646
0.2696317136287689,0.1778906136751175,0.344362199306488,0.3163892924785614,0.3251664042472839,0.2648323178291321,0.2289710342884063,0.4463858902454376,0.2562638223171234,0.3432284295558929,0.1347242444753646
0.2696317136287689,0.1778906136751175,0.344362199306488,0.3163892924785614,0.3251664042472839,0.2648323178291321,0.2289710342884063,0.4463858902454376,0.2562638223171234,0.3432284295558929,0.1347242444753646
0.2696317136287689,0.1778906136751175,0.344362199306488,0.3163892924785614,0.3251664042472839,0.2648323178291321,0.2289710342884063,0.4463858902454376,0.2562638223171234,0.3432284295558929,0.1347242444753646
0.2696317136287689,0.1778906136751175,0.344362199306488,0.3163892924785614,0.3251664042472839,0.2648323178291321,0.2289710342884063,0.4463858902454376,0.2562638223171234,0.3432284295558929,0.1347242444753646
0.2696317136287689,0.1778906136751175,0.344362199306488,0.3163892924785614,0.3251664042472839,0.2648323178291321,0.2289710342884063,0.4463858902454376,0.2562638223171234,0.3432284295558929,0.1347242444753646
0.2696317136287689,0.1778906136751175,0.344362199306488,0.3163892924785614,0.3251664042472839,0.2648323178291321,0.2289710342884063,0.4463858902454376,0.2562638223171234,0.3432284295558929,0.1347242444753646
0.2696317136287689,0.1778906136751175,0.344362199306488,0.3163892924785614,0.3251664042472839,0.2648323178291321,0.2289710342884063,0.4463858902454376,0.2562638223171234,0.3432284295558929,0.1347242444753646
0.2696317136287689,0.1778906136751175,0.344362199306488,0.3163892924785614,0.3251664042472839,0.2648323178291321,0.2289710342884063,0.4463858902454376,0.2562638223171234,0.3432284295558929,0.1347242444753646
0.2696317136287689,0.1778906136751175,0.344362199306488,0.3163892924785614,0.3251664042472839,0.2648323178291321,0.2289710342884063,0.4463858902454376,0.2562638223171234,0.3432284295558929,0.1347242444753646
0.2696317136287689,0.1778906136751175,0.344362199306488,0.3163892924785614,0.3251664042472839,0.2648323178291321,0.2289710342884063,0.4463858902454376,0.2562638223171234,0.3432284295558929,0.1347242444753646
0.2696317136287689,0.1778906136751175,0.344362199306488,0.3163892924785614,0.3251664042472839,0.2648323178291321,0.2289710342884063,0.4463858902454376,0.2562638223171234,0.3432284295558929,0.1347242444753646
0.2696317136287689,0.1778906136751175,0.344362199306488,0.3163892924785614,0.3251664042472839,0.2648323178291321,0.2289710342884063,0.4463858902454376,0.2562638223171234,0.3432284295558929,0.1347242444753646
0.2696317136287689,0.1778906136751175,0.344362199306488,0.3163892924785614,0.3251664042472839,0.2648323178291321,0.2289710342884063,0.4463858902454376,0.2562638223171234,0.3432284295558929,0.1347242444753646
0.2696317136287689,0.1778906136751175,0.344362199306488,0.3163892924785614,0.3251664042472839,0.2648323178291321,0.2289710342884063,0.4463858902454376,0.2562638223171234,0.3432284295558929,0.1347242444753646
0.2696317136287689,0.1778906136751175,0.344362199306488,0.3163892924785614,0.3251664042472839,0.2648323178291321,0.2289710342884063,0.4463858902454376,0.2562638223171234,0.3432284295558929,0.1347242444753646
0.2696317136287689,0.1778906136751175,0.344362199306488,0.3163892924785614,0.3251664042472839,0.2648323178291321,0.2289710342884063,0.4463858902454376,0.2562638223171234,0.3432284295558929,0.1347242444753646
0.2696317136287689,0.1778906136751175,0.344362199306488,0.3163892924785614,0.3251664042472839,0.2648323178291321,0.2289710342884063,0.4463858902454376,0.2562638223171234,0.3432284295558929,0.1347242444753646
0.2696317136287689,0.1778906136751175,0.344362199306488,0.3163892924785614,0.3251664042472839,0.2648323178291321,0.2289710342884063,0.4463858902454376,0.2562638223171234,0.3432284295558929,0.1347242444753646
0.2696317136287689,0.1778906136751175,0.344362199306488,0.3163892924785614,0.3251664042472839,0.2648323178291321,0.2289710342884063,0.4463858902454376,0.2562638223171234,0.3432284295558929,0.1347242444753646
0.2696317136287689,0.1778906136751175,0.344362199306488,0.3163892924785614,0.3251664042472839,0.2648323178291321,0.2289710342884063,0.4463858902454376,0.2562638223171234,0.3432284295558929,0.1347242444753646
0.2696317136287689,0.1778906136751175,0.344362199306488,0.3163892924785614,0.3251664042472839,0.2648323178291321,0.2289710342884063,0.4463858902454376,0.2562638223171234,0.3432284295558929,0.1347242444753646
0.2696317136287689,0.1778906136751175,0.344362199306488,0.3163892924785614,0.3251664042472839,0.2648323178291321,0.2289710342884063,0.4463858902454376,0.2562638223171234,0.3432284295558929,0.1347242444753646
0.2696317136287689,0.1778906136751175,0.344362199306488,0.3163892924785614,0.3251664042472839,0.2648323178291321,0.2289710342884063,0.4463858902454376,0.2562638223171234,0.3432284295558929,0.1347242444753646
0.2696317136287689,0.1778906136751175,0.344362199306488,0.3163892924785614,0.3251664042472839,0.2648323178291321,0.2289710342884063,0.4463858902454376,0.2562638223171234,0.3432284295558929,0.1347242444753646
0.2696317136287689,0.1778906136751175,0.344362199306488,0.3163892924785614,0.3251664042472839,0.2648323178291321,0.2289710342884063,0.4463858902454376,0.2562638223171234,0.3432284295558929,0.1347242444753646
0.2696317136287689,0.1778906136751175,0.344362199306488,0.3163892924785614,0.3251664042472839,0.2648323178291321,0.2289710342884063,0.4463858902454376,0.2562638223171234,0.3432284295558929,0.1347242444753646
0.2696317136287689,0.1778906136751175,0.344362199306488,0.3163892924785614,0.3251664042472839,0.2648323178291321,0.2289710342884063,0.4463858902454376,0.2562638223171234,0.3432284295558929,0.1347242444753646
0.2696317136287689,0.1778906136751175,0.344362199306488,0.3163892924785614,0.3251664042472839,0.2648323178291321,0.2289710342884063,0.4463858902454376,0.2562638223171234,0.3432284295558929,0.1347242444753646
0.2696317136287689,0.1778906136751175,0.344362199306488,0.3163892924785614,0.3251664042472839,0.2648323178291321,0.2289710342884063,0.4463858902454376,0.2562638223171234,0.3432284295558929,0.1347242444753646
0.2696317136287689,0.1778906136751175,0.344362199306488,0.3163892924785614,0.3251664042472839,0.2648323178291321,0.2289710342884063,0.4463858902454376,0.2562638223171234,0.3432284295558929,0.1347242444753646
0.2696317136287689,0.1778906136751175,0.344362199306488,0.3163892924785614,0.3251664042472839,0.2648323178291321,0.2289710342884063,0.4463858902454376,0.2562638223171234,0.3432284295558929,0.1347242444753646
0.2696317136287689,0.1778906136751175,0.344362199306488,0.3163892924785614,0.3251664042472839,0.2648323178291321,0.2289710342884063,0.4463858902454376,0.2562638223171234,0.3432284295558929,0.1347242444753646
0.2696317136287689,0.1778906136751175,0.344362199306488,0.3163892924785614,0.3251664042472839,0.2648323178291321,0.2289710342884063,0.4463858902454376,0.2562638223171234,0.3432284295558929,0.1347242444753646
0.2696317136287689,0.1778906136751175,0.344362199306488,0.3163892924785614,0.3251664042472839,0.2648323178291321,0.2289710342884063,0.4463858902454376,0.2562638223171234,0.3432284295558929,0.1347242444753646
0.2696317136287689,0.1778906136751175,0.344362199306488,0.3163892924785614,0.3251664042472839,0.2648323178291321,0.2289710342884063,0.4463858902454376,0.2562638223171234,0.3432284295558929,0.1347242444753646
0.2696317136287689,0.1778906136751175,0.344362199306488,0.3163892924785614,0.3251664042472839,0.2648323178291321,0.2289710342884063,0.4463858902454376,0.2562638223171234,0.3432284295558929,0.1347242444753646
0.2696317136287689,0.1778906136751175,0.344362199306488,0.3163892924785614,0.3251664042472839,0.2648323178291321,0.2289710342884063,0.4463858902454376,0.2562638223171234,0.3432284295558929,0.1347242444753646
0.2696317136287689,0.1778906136751175,0.344362199306488,0.3163892924785614,0.3251664042472839,0.2648323178291321,0.2289710342884063,0.4463858902454376,0.2562638223171234,0.3432284295558929,0.1347242444753646
0.2696317136287689,0.1778906136751175,0.344362199306488,0.3163892924785614,0.3251664042472839,0.2648323178291321,0.2289710342884063,0.4463858902454376,0.2562638223171234,0.3432284295558929,0.1347242444753646
0.2696317136287689,0.1778906136751175,0.344362199306488,0.3163892924785614,0.3251664042472839,0.2648323178291321,0.2289710342884063,0.4463858902454376,0.2562638223171234,0.3432284295558929,0.1347242444753646
0.2696317136287689,0.1778906136751175,0.344362199306488,0.3163892924785614,0.3251664042472839,0.2648323178291321,0.2289710342884063,0.4463858902454376,0.2562638223171234,0.3432284295558929,0.1347242444753646
0.2696317136287689,0.1778906136751175,0.344362199306488,0.3163892924785614,0.3251664042472839,0.2648323178291321,0.2289710342884063,0.4463858902454376,0.2562638223171234,0.3432284295558929,0.1347242444753646
0.2696317136287689,0.1778906136751175,0.344362199306488,0.3163892924785614,0.3251664042472839,0.2648323178291321,0.2289710342884063,0.4463858902454376,0.2562638223171234,0.3432284295558929,0.1347242444753646
0.2696317136287689,0.1778906136751175,0.344362199306488,0.3163892924785614,0.3251664042472839,0.2648323178291321,0.2289710342884063,0.4463858902454376,0.2562638223171234,0.3432284295558929,0.1347242444753646
0.2696317136287689,0.1778906136751175,0.344362199306488,0.3163892924785614,0.3251664042472839,0.2648323178291321,0.2289710342884063,0.4463858902454376,0.2562638223171234,0.3432284295558929,0.1347242444753646
0.2696317136287689,0.1778906136751175,0.344362199306488,0.3163892924785614,0.3251664042472839,0.2648323178291321,0.2289710342884063,0.4463858902454376,0.2562638223171234,0.3432284295558929,0.1347242444753646
0.2696317136287689,0.1778906136751175,0.344362199306488,0.3163892924785614,0.3251664042472839,0.2648323178291321,0.2289710342884063,0.4463858902454376,0.2562638223171234,0.3432284295558929,0.1347242444753646
0.2696317136287689,0.1778906136751175,0.344362199306488,0.3163892924785614,0.3251664042472839,0.2648323178291321,0.2289710342884063,0.4463858902454376,0.2562638223171234,0.3432284295558929,0.1347242444753646
0.2696317136287689,0.1778906136751175,0.344362199306488,0.3163892924785614,0.3251664042472839,0.2648323178291321,0.2289710342884063,0.4463858902454376,0.2562638223171234,0.3432284295558929,0.1347242444753646
0.2696317136287689,0.1778906136751175,0.344362199306488,0.3163892924785614,0.3251664042472839,0.2648323178291321,0.2289710342884063,0.4463858902454376,0.2562638223171234,0.3432284295558929,0.1347242444753646
0.2696317136287689,0.1778906136751175,0.344362199306488,0.3163892924785614,0.3251664042472839,0.2648323178291321,0.2289710342884063,0.4463858902454376,0.2562638223171234,0.3432284295558929,0.1347242444753646
0.2696317136287689,0.1778906136751175,0.344362199306488,0.3163892924785614,0.3251664042472839,0.2648323178291321,0.2289710342884063,0.4463858902454376,0.2562638223171234,0.3432284295558929,0.1347242444753646
0.2696317136287689,0.1778906136751175,0.344362199306488,0.3163892924785614,0.3251664042472839,0.2648323178291321,0.2289710342884063,0.4463858902454376,0.2562638223171234,0.3432284295558929,0.1347242444753646
0.2696317136287689,0.1778906136751175,0.344362199306488,0.3163892924785614,0.3251664042472839,0.2648323178291321,0.2289710342884063,0.4463858902454376,0.2562638223171234,0.3432284295558929,0.1347242444753646
0.2696317136287689,0.1778906136751175,0.344362199306488,0.3163892924785614,0.3251664042472839,0.2648323178291321,0.2289710342884063,0.4463858902454376,0.2562638223171234,0.3432284295558929,0.1347242444753646
0.2696317136287689,0.1778906136751175,0.344362199306488,0.3163892924785614,0.3251664042472839,0.2648323178291321,0.2289710342884063,0.4463858902454376,0.2562638223171234,0.3432284295558929,0.1347242444753646
0.2696317136287689,0.1778906136751175,0.344362199306488,0.3163892924785614,0.3251664042472839,0.2648323178291321,0.2289710342884063,0.4463858902454376,0.2562638223171234,0.3432284295558929,0.1347242444753646
0.2696317136287689,0.1778906136751175,0.344362199306488,0.3163892924785614,0.3251664042472839,0.2648323178291321,0.2289710342884063,0.4463858902454376,0.2562638223171234,0.3432284295558929,0.1347242444753646
0.2696317136287689,0.1778906136751175,0.344362199306488,0.3163892924785614,0.3251664042472839,0.2648323178291321,0.2289710342884063,0.4463858902454376,0.2562638223171234,0.3432284295558929,0.1347242444753646
0.2696317136287689,0.1778906136751175,0.344362199306488,0.3163892924785614,0.3251664042472839,0.2648323178291321,0.2289710342884063,0.4463858902454376,0.2562638223171234,0.3432284295558929,0.1347242444753646
0.2696317136287689,0.1778906136751175,0.344362199306488,0.3163892924785614,0.3251664042472839,0.2648323178291321,0.2289710342884063,0.4463858902454376,0.2562638223171234,0.3432284295558929,0.1347242444753646
0.2696317136287689,0.1778906136751175,0.344362199306488,0.3163892924785614,0.3251664042472839,0.2648323178291321,0.2289710342884063,0.4463858902454376,0.2562638223171234,0.3432284295558929,0.1347242444753646
0.2696317136287689,0.1778906136751175,0.344362199306488,0.3163892924785614,0.3251664042472839,0.2648323178291321,0.2289710342884063,0.4463858902454376,0.2562638223171234,0.3432284295558929,0.1347242444753646
0.2696317136287689,0.1778906136751175,0.344362199306488,0.3163892924785614,0.3251664042472839,0.2648323178291321,0.2289710342884063,0.4463858902454376,0.2562638223171234,0.3432284295558929,0.1347242444753646
0.2696317136287689,0.1778906136751175,0.344362199306488,0.3163892924785614,0.3251664042472839,0.2648323178291321,0.2289710342884063,0.4463858902454376,0.2562638223171234,0.3432284295558929,0.1347242444753646
0.2696317136287689,0.1778906136751175,0.344362199306488,0.3163892924785614,0.3251664042472839,0.2648323178291321,0.2289710342884063,0.4463858902454376,0.2562638223171234,0.3432284295558929,0.1347242444753646
0.2696317136287689,0.1778906136751175,0.344362199306488,0.3163892924785614,0.3251664042472839,0.2648323178291321,0.2289710342884063,0.4463858902454376,0.2562638223171234,0.3432284295558929,0.1347242444753646
0.2696317136287689,0.1778906136751175,0.344362199306488,0.3163892924785614,0.3251664042472839,0.2648323178291321,0.2289710342884063,0.4463858902454376,0.2562638223171234,0.3432284295558929,0.1347242444753646
0.2696317136287689,0.1778906136751175,0.344362199306488,0.3163892924785614,0.3251664042472839,0.2648323178291321,0.2289710342884063,0.4463858902454376,0.2562638223171234,0.3432284295558929,0.1347242444753646
0.2696317136287689,0.1778906136751175,0.344362199306488,0.3163892924785614,0.3251664042472839,0.2648323178291321,0.2289710342884063,0.4463858902454376,0.2562638223171234,0.3432284295558929,0.1347242444753646
0.2696317136287689,0.1778906136751175,0.344362199306488,0.3163892924785614,0.3251664042472839,0.2648323178291321,0.2289710342884063,0.4463858902454376,0.2562638223171234,0.3432284295558929,0.1347242444753646
0.2696317136287689,0.1778906136751175,0.344362199306488,0.3163892924785614,0.3251664042472839,0.2648323178291321,0.2289710342884063,0.4463858902454376,0.2562638223171234,0.3432284295558929,0.1347242444753646
0.2696317136287689,0.1778906136751175,0.344362199306488,0.3163892924785614,0.3251664042472839,0.2648323178291321,0.2289710342884063,0.4463858902454376,0.2562638223171234,0.3432284295558929,0.1347242444753646
0.2696317136287689,0.1778906136751175,0.344362199306488,0.3163892924785614,0.3251664042472839,0.2648323178291321,0.2289710342884063,0.4463858902454376,0.2562638223171234,0.3432284295558929,0.1347242444753646
0.2696317136287689,0.1778906136751175,0.344362199306488,0.3163892924785614,0.3251664042472839,0.2648323178291321,0.2289710342884063,0.4463858902454376,0.2562638223171234,0.3432284295558929,0.1347242444753646
0.2696317136287689,0.1778906136751175,0.344362199306488,0.3163892924785614,0.3251664042472839,0.2648323178291321,0.2289710342884063,0.4463858902454376,0.2562638223171234,0.3432284295558929,0.1347242444753646
0.2696317136287689,0.1778906136751175,0.344362199306488,0.3163892924785614,0.3251664042472839,0.2648323178291321,0.2289710342884063,0.4463858902454376,0.2562638223171234,0.3432284295558929,0.1347242444753646
0.2696317136287689,0.1778906136751175,0.344362199306488,0.3163892924785614,0.3251664042472839,0.2648323178291321,0.2289710342884063,0.4463858902454376,0.2562638223171234,0.3432284295558929,0.1347242444753646
0.2696317136287689,0.1778906136751175,0.344362199306488,0.3163892924785614,0.3251664042472839,0.2648323178291321,0.2289710342884063,0.4463858902454376,0.2562638223171234,0.3432284295558929,0.1347242444753646
0.2696317136287689,0.1778906136751175,0.344362199306488,0.3163892924785614,0.3251664042472839,0.2648323178291321,0.2289710342884063,0.4463858902454376,0.2562638223171234,0.3432284295558929,0.1347242444753646
0.2696317136287689,0.1778906136751175,0.344362199306488,0.3163892924785614,0.3251664042472839,0.2648323178291321,0.2289710342884063,0.4463858902454376,0.2562638223171234,0.3432284295558929,0.1347242444753646
0.2696317136287689,0.1778906136751175,0.344362199306488,0.3163892924785614,0.3251664042472839,0.2648323178291321,0.2289710342884063,0.4463858902454376,0.2562638223171234,0.3432284295558929,0.1347242444753646
0.2696317136287689,0.1778906136751175,0.344362199306488,0.3163892924785614,0.3251664042472839,0.2648323178291321,0.2289710342884063,0.4463858902454376,0.2562638223171234,0.3432284295558929,0.1347242444753646
0.2696317136287689,0.1778906136751175,0.344362199306488,0.3163892924785614,0.3251664042472839,0.2648323178291321,0.2289710342884063,0.4463858902454376,0.2562638223171234,0.3432284295558929,0.1347242444753646
0.2696317136287689,0.1778906136751175,0.344362199306488,0.3163892924785614,0.3251664042472839,0.2648323178291321,0.2289710342884063,0.4463858902454376,0.2562638223171234,0.3432284295558929,0.1347242444753646
0.2696317136287689,0.1778906136751175,0.344362199306488,0.3163892924785614,0.3251664042472839,0.2648323178291321,0.2289710342884063,0.4463858902454376,0.2562638223171234,0.3432284295558929,0.1347242444753646
0.2696317136287689,0.1778906136751175,0.344362199306488,0.3163892924785614,0.3251664042472839,0.2648323178291321,0.2289710342884063,0.4463858902454376,0.2562638223171234,0.3432284295558929,0.1347242444753646
0.2696317136287689,0.1778906136751175,0.344362199306488,0.3163892924785614,0.3251664042472839,0.2648323178291321,0.2289710342884063,0.4463858902454376,0.2562638223171234,0.3432284295558929,0.1347242444753646
0.2696317136287689,0.1778906136751175,0.344362199306488,0.3163892924785614,0.3251664042472839,0.2648323178291321,0.2289710342884063,0.4463858902454376,0.2562638223171234,0.3432284295558929,0.1347242444753646
0.2696317136287689,0.1778906136751175,0.344362199306488,0.3163892924785614,0.3251664042472839,0.2648323178291321,0.2289710342884063,0.4463858902454376,0.2562638223171234,0.3432284295558929,0.1347242444753646
0.2696317136287689,0.1778906136751175,0.344362199306488,0.3163892924785614,0.3251664042472839,0.2648323178291321,0.2289710342884063,0.4463858902454376,0.2562638223171234,0.3432284295558929,0.1347242444753646
0.2696317136287689,0.1778906136751175,0.344362199306488,0.3163892924785614,0.3251664042472839,0.2648323178291321,0.2289710342884063,0.4463858902454376,0.2562638223171234,0.3432284295558929,0.1347242444753646
0.2696317136287689,0.1778906136751175,0.344362199306488,0.3163892924785614,0.3251664042472839,0.2648323178291321,0.2289710342884063,0.4463858902454376,0.2562638223171234,0.3432284295558929,0.1347242444753646
0.2696317136287689,0.1778906136751175,0.344362199306488,0.3163892924785614,0.3251664042472839,0.2648323178291321,0.2289710342884063,0.4463858902454376,0.2562638223171234,0.3432284295558929,0.1347242444753646
0.2696317136287689,0.1778906136751175,0.344362199306488,0.3163892924785614,0.3251664042472839,0.2648323178291321,0.2289710342884063,0.4463858902454376,0.2562638223171234,0.3432284295558929,0.1347242444753646
0.2696317136287689,0.1778906136751175,0.344362199306488,0.3163892924785614,0.3251664042472839,0.2648323178291321,0.2289710342884063,0.4463858902454376,0.2562638223171234,0.3432284295558929,0.1347242444753646
0.2696317136287689,0.1778906136751175,0.344362199306488,0.3163892924785614,0.3251664042472839,0.2648323178291321,0.2289710342884063,0.4463858902454376,0.2562638223171234,0.3432284295558929,0.1347242444753646
0.2696317136287689,0.1778906136751175,0.344362199306488,0.3163892924785614,0.3251664042472839,0.2648323178291321,0.2289710342884063,0.4463858902454376,0.2562638223171234,0.3432284295558929,0.1347242444753646
0.2696317136287689,0.1778906136751175,0.344362199306488,0.3163892924785614,0.3251664042472839,0.2648323178291321,0.2289710342884063,0.4463858902454376,0.2562638223171234,0.3432284295558929,0.1347242444753646
0.2696317136287689,0.1778906136751175,0.344362199306488,0.3163892924785614,0.3251664042472839,0.2648323178291321,0.2289710342884063,0.4463858902454376,0.2562638223171234,0.3432284295558929,0.1347242444753646
0.2696317136287689,0.1778906136751175,0.344362199306488,0.3163892924785614,0.3251664042472839,0.2648323178291321,0.2289710342884063,0.4463858902454376,0.2562638223171234,0.3432284295558929,0.1347242444753646
0.2696317136287689,0.1778906136751175,0.344362199306488,0.3163892924785614,0.3251664042472839,0.2648323178291321,0.2289710342884063,0.4463858902454376,0.2562638223171234,0.3432284295558929,0.1347242444753646
0.2696317136287689,0.1778906136751175,0.344362199306488,0.3163892924785614,0.3251664042472839,0.2648323178291321,0.2289710342884063,0.4463858902454376,0.2562638223171234,0.3432284295558929,0.1347242444753646
0.2696317136287689,0.1778906136751175,0.344362199306488,0.3163892924785614,0.3251664042472839,0.2648323178291321,0.2289710342884063,0.4463858902454376,0.2562638223171234,0.3432284295558929,0.1347242444753646
0.2696317136287689,0.1778906136751175,0.344362199306488,0.3163892924785614,0.3251664042472839,0.2648323178291321,0.2289710342884063,0.4463858902454376,0.2562638223171234,0.3432284295558929,0.1347242444753646
0.2696317136287689,0.1778906136751175,0.344362199306488,0.3163892924785614,0.3251664042472839,0.2648323178291321,0.2289710342884063,0.4463858902454376,0.2562638223171234,0.3432284295558929,0.1347242444753646
0.2696317136287689,0.1778906136751175,0.344362199306488,0.3163892924785614,0.3251664042472839,0.2648323178291321,0.2289710342884063,0.4463858902454376,0.2562638223171234,0.3432284295558929,0.1347242444753646
0.2696317136287689,0.1778906136751175,0.344362199306488,0.3163892924785614,0.3251664042472839,0.2648323178291321,0.2289710342884063,0.4463858902454376,0.2562638223171234,0.3432284295558929,0.1347242444753646
0.2696317136287689,0.1778906136751175,0.344362199306488,0.3163892924785614,0.3251664042472839,0.2648323178291321,0.2289710342884063,0.4463858902454376,0.2562638223171234,0.3432284295558929,0.1347242444753646
0.2696317136287689,0.1778906136751175,0.344362199306488,0.3163892924785614,0.3251664042472839,0.2648323178291321,0.2289710342884063,0.4463858902454376,0.2562638223171234,0.3432284295558929,0.1347242444753646
0.2696317136287689,0.1778906136751175,0.344362199306488,0.3163892924785614,0.3251664042472839,0.2648323178291321,0.2289710342884063,0.4463858902454376,0.2562638223171234,0.3432284295558929,0.1347242444753646
0.2694610059261322,0.1779976636171341,0.3445417582988739,0.3163526058197021,0.3251464962959289,0.2647440731525421,0.2288143932819366,0.4463783800601959,0.2561790943145752,0.3431981801986694,0.1347236931324005
0.2692902684211731,0.1781047284603119,0.3447213172912597,0.3163159489631653,0.325126588344574,0.2646557986736297,0.2286577373743057,0.4463708698749542,0.2560943365097046,0.3431679606437683,0.1347231417894363
0.2691195607185364,0.1782117933034896,0.344900906085968,0.316279262304306,0.3251067101955414,0.2645675241947174,0.228501096367836,0.4463633894920349,0.256009578704834,0.3431377410888672,0.1347225904464721
0.2689488232135772,0.1783188581466674,0.3450804650783539,0.3162425756454468,0.3250868320465088,0.264479249715805,0.228344440460205,0.4463558793067932,0.2559248208999634,0.343107521533966,0.134722039103508
0.2687781155109405,0.178425908088684,0.3452600240707397,0.3162058889865875,0.3250668942928314,0.2643909752368927,0.2281877845525741,0.4463483691215515,0.2558400630950928,0.3430772721767425,0.1347214877605438
0.2686074078083038,0.1785329580307006,0.345439612865448,0.3161692023277282,0.3250469863414764,0.2643027305603027,0.2280311435461044,0.4463408589363098,0.2557553350925445,0.343047022819519,0.1347209215164184
0.2684367001056671,0.1786400228738784,0.3456191420555115,0.3161325454711914,0.3250270783901214,0.2642144560813904,0.2278744727373123,0.4463333785533905,0.2556705772876739,0.3430168032646179,0.1347203701734542
0.2682659924030304,0.178747072815895,0.3457987308502197,0.3160958290100097,0.3250072002410888,0.264126181602478,0.2277178317308426,0.4463258683681488,0.2555858492851257,0.3429865539073944,0.1347198188304901
0.2680952548980713,0.1788541376590728,0.3459782898426056,0.3160591721534729,0.3249872922897339,0.2640379071235657,0.2275611758232116,0.4463183879852295,0.2555010914802551,0.3429563343524933,0.1347192674875259
0.2679245471954345,0.1789612025022506,0.3461578786373138,0.3160224556922912,0.3249673843383789,0.2639496326446533,0.2274045348167419,0.4463108479976654,0.2554163336753845,0.3429260849952698,0.1347187161445617
0.2677538394927978,0.179068237543106,0.3463374376296997,0.3159857988357544,0.3249474763870239,0.2638613581657409,0.227247878909111,0.4463033378124237,0.2553315758705139,0.3428958654403686,0.1347181499004364
0.2675831317901611,0.179175317287445,0.3465169966220855,0.3159491121768951,0.3249275684356689,0.263773113489151,0.2270912230014801,0.4462958872318268,0.2552468180656433,0.3428656160831451,0.1347175985574722
0.2674124240875244,0.1792823672294616,0.3466965556144714,0.3159124255180359,0.3249076604843139,0.2636848390102386,0.2269345819950103,0.4462883472442627,0.2551620602607727,0.3428353667259216,0.134717047214508
0.2672417163848877,0.1793894469738006,0.3468761444091797,0.3158757388591766,0.324887752532959,0.2635965645313263,0.2267779111862182,0.446280837059021,0.2550773322582245,0.3428051471710205,0.1347164958715438
0.2670709788799286,0.179496482014656,0.3470557034015655,0.3158390820026397,0.324867844581604,0.2635082900524139,0.2266212701797485,0.4462733566761017,0.2549925744533539,0.3427749276161194,0.1347159445285797
0.2669002711772918,0.179603561758995,0.3472352623939514,0.3158023655414581,0.324847936630249,0.2634200155735016,0.2264646142721176,0.4462658166885376,0.2549078464508056,0.3427446782588959,0.1347153931856155
0.2667295336723327,0.1797106117010116,0.3474148511886596,0.3157656788825989,0.324828028678894,0.2633317708969116,0.2263079732656479,0.4462583363056183,0.254823088645935,0.3427144587039947,0.1347148269414901
0.266558825969696,0.1798176765441894,0.3475944101810455,0.315729022026062,0.324808120727539,0.2632434964179992,0.2261513173580169,0.446250855922699,0.2547383308410644,0.3426842093467712,0.134714275598526
0.2663881182670593,0.179924726486206,0.3477739691734314,0.3156923353672027,0.3247882127761841,0.2631552219390869,0.225994661450386,0.4462433159351349,0.2546536028385162,0.3426539897918701,0.1347137242555618
0.2662174105644226,0.1800317764282226,0.3479535579681396,0.3156556487083435,0.3247683346271515,0.2630669474601745,0.2258380204439163,0.4462358057498932,0.2545688152313232,0.3426237404346466,0.1347131729125976
0.2660467028617859,0.1801388412714004,0.3481330871582031,0.3156189918518066,0.3247484266757965,0.2629786729812622,0.2256813645362854,0.4462283253669739,0.254484087228775,0.3425935208797455,0.1347126215696334
0.2658759653568268,0.180245891213417,0.3483126759529114,0.315582275390625,0.3247285187244415,0.2628904283046722,0.2255247086286544,0.4462208151817322,0.2543993592262268,0.342563271522522,0.1347120553255081
0.26570525765419,0.180352970957756,0.3484922051429748,0.3155456185340881,0.3247086107730865,0.2628021538257599,0.2253680527210235,0.4462133347988128,0.2543145716190338,0.3425330519676208,0.1347115039825439
0.2655345499515533,0.1804600208997726,0.3486717939376831,0.3155089020729065,0.3246887028217315,0.2627138793468475,0.2252113968133926,0.4462058246135711,0.2542298436164856,0.3425028026103973,0.1347109526395797
0.2653638422489166,0.1805670857429504,0.3488513529300689,0.3154722452163696,0.324668824672699,0.2626256048679352,0.2250547558069229,0.4461982846260071,0.254145085811615,0.3424725532531738,0.1347104012966156
0.2651931345462799,0.180674135684967,0.3490309417247772,0.3154355585575104,0.3246488869190216,0.2625373303890228,0.224898099899292,0.4461908042430877,0.2540603280067444,0.3424423336982727,0.1347098499536514
0.2650224268436432,0.1807812005281448,0.3492105007171631,0.3153988718986511,0.324629008769989,0.2624490857124328,0.2247414588928222,0.4461833238601684,0.2539756000041961,0.3424120843410492,0.134709283709526
0.2648516893386841,0.1808882504701614,0.3493900895118713,0.3153621852397918,0.3246090710163116,0.2623608112335205,0.2245848029851913,0.4461757838726043,0.2538908720016479,0.342381864786148,0.1347087323665619
0.3309969902038574,0.544302225112915,0.3775784969329834,0.6715880036354065,0.5676279067993164,0.4282161295413971,0.2753228843212127,0.3710209429264068,0.4147673845291137,0.4390027225017547,0.7696266174316406
0.3309391736984253,0.5440244078636169,0.3771343529224396,0.6712666749954224,0.5670517683029175,0.4279537796974182,0.2752294540405273,0.3706287443637848,0.4145132601261139,0.4385785460472107,0.7690679430961609
0.3308814167976379,0.5437465906143188,0.3766902089118957,0.670945405960083,0.566475510597229,0.4276914596557617,0.2751359939575195,0.3702365458011627,0.4142591655254364,0.438154399394989,0.7685092687606812
0.3308236300945282,0.5434687733650208,0.3762461245059967,0.6706240773200989,0.5658993721008301,0.4274291098117828,0.2750425636768341,0.369844377040863,0.4140051007270813,0.4377302527427673,0.7679506540298462
0.3307658433914184,0.5431910157203674,0.3758019804954529,0.6703028082847595,0.5653232336044312,0.4271667897701263,0.2749491035938263,0.3694521784782409,0.4137510061264038,0.4373061060905456,0.7673919200897217
0.3307080566883087,0.5429131984710693,0.3753578662872314,0.6699814796447754,0.5647470355033875,0.4269044697284698,0.2748556435108185,0.3690599799156189,0.4134968817234039,0.436881959438324,0.7668333053588867
0.330650269985199,0.5426353812217712,0.3749137222766876,0.6696600914001465,0.5641708374023438,0.4266421198844909,0.274762213230133,0.3686678111553192,0.4132428169250488,0.4364577531814575,0.766274631023407
0.3305924832820892,0.5423575639724731,0.3744696080684662,0.6693388223648071,0.5635946989059448,0.4263797998428345,0.2746687829494476,0.3682756423950195,0.4129887223243713,0.4360336065292358,0.765716016292572
0.3305346965789795,0.542079746723175,0.3740254640579223,0.669017493724823,0.5630185008049011,0.4261174499988556,0.2745753526687622,0.3678834438323974,0.4127345979213714,0.4356094598770141,0.7651572823524475
0.3304769098758697,0.541801929473877,0.3735813498497009,0.6686961650848389,0.5624423027038574,0.4258551299571991,0.2744818925857544,0.3674912452697754,0.4124805331230163,0.4351853132247925,0.7645986676216125
0.33041912317276,0.5415241718292236,0.3731372356414795,0.6683748364448547,0.5618661642074585,0.4255927801132202,0.2743884325027466,0.3670990765094757,0.4122264385223388,0.4347611367702484,0.7640399932861328
0.3303613662719726,0.5412463545799255,0.372693121433258,0.6680535078048706,0.5612900257110596,0.4253304600715637,0.2742950022220611,0.3667068779468536,0.4119723439216614,0.4343369603157043,0.7634813785552979
0.3303035795688629,0.5409685969352722,0.3722489476203918,0.6677321791648865,0.5607138276100159,0.4250681102275848,0.2742015421390533,0.3663147091865539,0.4117182493209839,0.4339128136634826,0.7629227042198181
0.3302457928657532,0.5406907796859741,0.3718048334121704,0.6674109101295471,0.5601376295089722,0.4248057901859283,0.2741081118583679,0.3659225106239319,0.4114641547203064,0.433488667011261,0.7623640894889832
0.3301880061626434,0.5404129028320312,0.371360719203949,0.6670895218849182,0.5595614910125732,0.4245434403419494,0.2740146517753601,0.3655303120613098,0.4112100601196289,0.4330644607543945,0.7618054151535034
0.3301302194595337,0.5401350855827332,0.3709166049957275,0.6667682528495789,0.5589852929115295,0.4242811203002929,0.2739212214946747,0.3651381433010101,0.4109559655189514,0.4326403439044952,0.7612468004226685
0.3300724327564239,0.5398573279380798,0.3704724609851837,0.6664469242095947,0.5584090948104858,0.4240188002586365,0.2738277614116668,0.364745944738388,0.4107018709182739,0.4322161972522735,0.7606881260871887
0.3300146460533142,0.5395795106887817,0.3700283467769623,0.6661255955696106,0.5578329563140869,0.4237564504146576,0.2737343311309814,0.3643537759780884,0.4104477763175964,0.4317920207977295,0.760129451751709
0.3299568593502044,0.5393016934394836,0.3695842027664184,0.6658042669296265,0.5572567582130432,0.4234941303730011,0.2736408710479736,0.3639615774154663,0.4101936817169189,0.4313678741455078,0.7595707774162292
0.3298990726470947,0.5390239357948303,0.369140088558197,0.6654829382896423,0.5566805601119995,0.4232317805290222,0.2735474407672882,0.3635694086551666,0.409939557313919,0.4309436678886413,0.7590121030807495
0.3298413157463074,0.5387461185455322,0.3686959743499756,0.6651616096496582,0.5561044216156006,0.4229694604873657,0.273453950881958,0.3631772100925445,0.4096854627132416,0.430519551038742,0.7584534287452698
0.3297834992408752,0.5384682416915894,0.3682518601417541,0.6648402810096741,0.5555282831192017,0.4227071106433868,0.2733605504035949,0.3627850115299225,0.4094313979148865,0.430095374584198,0.75789475440979
0.3297257423400879,0.538190484046936,0.3678076863288879,0.6645189523696899,0.554952085018158,0.4224447906017303,0.2732670903205871,0.3623928427696228,0.4091772735118866,0.4296712279319763,0.7573361396789551
0.3296679258346557,0.5379126667976379,0.3673635721206665,0.6641976833343506,0.5543758869171143,0.4221824407577514,0.2731736600399017,0.3620006740093231,0.4089231789112091,0.4292470812797546,0.7567774653434753
0.3296101689338684,0.5376349091529846,0.366919457912445,0.6638763546943665,0.5537997484207153,0.4219201207160949,0.2730801999568939,0.3616084456443786,0.408669114112854,0.4288229048252105,0.7562188506126404
0.3295523524284363,0.5373570919036865,0.3664753437042236,0.6635550260543823,0.5532235503196716,0.4216577708721161,0.2729867398738861,0.361216276884079,0.4084150195121765,0.4283987283706665,0.7556601762771606
0.3294945955276489,0.5370792746543884,0.3660311996936798,0.663233757019043,0.5526474118232727,0.4213954508304596,0.2728933095932007,0.3608240783214569,0.4081608951091766,0.4279745817184448,0.7551015615463257
0.3294367790222168,0.5368014574050903,0.3655870854854584,0.6629123687744141,0.552071213722229,0.4211331307888031,0.2727998495101928,0.3604319095611572,0.4079068303108215,0.4275504350662231,0.754542887210846
0.3293790221214294,0.5365236401557922,0.3651429414749145,0.6625910997390747,0.5514950156211853,0.4208707809448242,0.272706389427185,0.3600396811962127,0.407652735710144,0.4271262586116791,0.7539842128753662
0.3293212354183197,0.5362458229064941,0.3646988272666931,0.6622697710990906,0.5509188771247864,0.4206084609031677,0.2726129591464996,0.3596475124359131,0.4073986113071441,0.4267021119594574,0.7534255981445312
0.3292634487152099,0.535968005657196,0.3642547130584717,0.6619484424591064,0.5503426790237427,0.4203461110591888,0.2725194990634918,0.3592553436756134,0.407144546508789,0.4262779355049133,0.7528669238090515
0.3292056620121002,0.5356902480125427,0.3638105988502502,0.6616271138191223,0.5497665405273438,0.4200837910175323,0.2724260985851288,0.3588631451129913,0.4068904519081116,0.4258537590503692,0.7523082494735718
0.3291478753089905,0.5354124307632446,0.363366425037384,0.6613057851791382,0.5491903424263,0.4198214411735534,0.2723326086997986,0.3584709465503692,0.4066363573074341,0.4254296123981476,0.7517495155334473
0.3290901184082031,0.5351346731185913,0.3629223108291626,0.660984456539154,0.5486141443252563,0.419559121131897,0.2722391784191131,0.3580787777900696,0.4063822627067566,0.4250054657459259,0.7511909008026123
0.329032301902771,0.5348567962646484,0.3624781966209411,0.6606631278991699,0.5480380058288574,0.4192967712879181,0.2721457183361053,0.3576865792274475,0.4061281383037567,0.4245812892913818,0.7506322860717773
0.3289745151996612,0.5345789790153503,0.3620340824127197,0.6603417992591858,0.5474618673324585,0.4190344512462616,0.2720522880554199,0.3572943806648254,0.4058740735054016,0.4241571426391601,0.7500736117362976
0.3289167284965515,0.534301221370697,0.3615899384021759,0.6600205302238464,0.5468856692314148,0.4187721014022827,0.2719588279724121,0.3569022119045257,0.4056199789047241,0.4237329959869385,0.7495149374008179
0.3288589715957641,0.5340234041213989,0.3611458241939544,0.6596992015838623,0.5463094711303711,0.4185097813606262,0.2718653976917267,0.3565100431442261,0.4053658545017242,0.4233088195323944,0.7489563226699829
0.3288011848926544,0.5337455868721008,0.3607016801834106,0.6593778133392334,0.5457333326339722,0.4182474613189697,0.2717719376087188,0.356117844581604,0.4051117897033691,0.4228846430778503,0.7483976483345032
0.3287433981895447,0.5334677696228027,0.3602575659751892,0.659056544303894,0.5451571345329285,0.4179851114749908,0.2716785073280334,0.3557256460189819,0.4048576951026916,0.4224604964256286,0.7478390336036682
0.3286856114864349,0.5331900119781494,0.3598134517669678,0.6587352156639099,0.5445809364318848,0.4177227914333343,0.2715850472450256,0.3553334772586822,0.4046035706996918,0.422036349773407,0.7472803592681885
0.3286278247833252,0.5329121351242065,0.3593693375587463,0.6584138870239258,0.5440047979354858,0.4174604415893554,0.2714916169643402,0.3549412786960602,0.4043495059013366,0.4216122031211853,0.7467217445373535
0.3285700380802154,0.5326343178749084,0.3589251935482025,0.6580925583839417,0.5434286594390869,0.417198121547699,0.2713981568813324,0.3545491099357605,0.4040954113006592,0.4211880564689636,0.746163010597229
0.3285122513771057,0.5323565602302551,0.3584810495376587,0.6577712297439575,0.5428524613380432,0.4169357717037201,0.2713046967983246,0.3541569113731384,0.4038413166999817,0.4207638502120971,0.745604395866394
0.3284544646739959,0.532078742980957,0.3580369353294372,0.6574499607086182,0.5422762632369995,0.4166734516620636,0.2712112665176391,0.3537647128105163,0.4035872220993042,0.4203397035598755,0.7450457215309143
0.3283966779708862,0.5318009853363037,0.3575928211212158,0.657128632068634,0.5417001247406006,0.4164111018180847,0.2711178362369537,0.3533725440502167,0.4033331274986267,0.4199155569076538,0.7444870471954346
0.3283389210700989,0.5315231680870056,0.357148677110672,0.6568072438240051,0.5411239862442017,0.4161487817764282,0.2710243761539459,0.352980375289917,0.4030790328979492,0.4194914102554321,0.7439283728599548
0.3282811045646667,0.5312453508377075,0.3567045629024505,0.6564859747886658,0.5405477285385132,0.4158864319324493,0.2709309458732605,0.3525881767272949,0.4028249084949493,0.4190672636032104,0.7433697581291199
0.328223317861557,0.5309675335884094,0.3562604188919067,0.6561646461486816,0.5399715900421143,0.4156241118907928,0.2708374559879303,0.3521959781646728,0.4025708436965942,0.418643057346344,0.7428110837936401
0.3281655311584472,0.5306897163391113,0.3558163046836853,0.6558433771133423,0.5393953919410706,0.4153617918491363,0.2707440555095672,0.3518038094043731,0.4023167490959167,0.4182189106941223,0.7422524690628052
0.3281077742576599,0.5304118990898132,0.3553721904754638,0.6555219888687134,0.5388192534446716,0.4150994420051574,0.270650565624237,0.3514116406440735,0.4020626246929168,0.4177947640419006,0.7416937947273254
0.3280499577522278,0.5301340818405151,0.3549280762672424,0.655200719833374,0.5382430553436279,0.414837121963501,0.270557165145874,0.351019412279129,0.4018085300922394,0.4173706173896789,0.7411351203918457
0.3279922008514404,0.5298563241958618,0.3544839322566986,0.6548793911933899,0.537666916847229,0.4145747721195221,0.2704637050628662,0.3506272435188293,0.4015544354915619,0.4169464111328125,0.7405765056610107
0.3279344141483307,0.5295785069465637,0.3540397882461548,0.6545580625534058,0.5370907187461853,0.4143124520778656,0.2703702449798584,0.3502350747585296,0.4013003706932068,0.4165222644805908,0.7400177717208862
0.3278766274452209,0.5293006896972656,0.3535956740379333,0.6542367339134216,0.5365145206451416,0.4140501022338867,0.270276814699173,0.3498428463935852,0.4010462462902069,0.4160981178283691,0.7394591569900513
0.3278188407421112,0.5290228724479675,0.3531515598297119,0.6539154052734375,0.5359383821487427,0.4137877821922302,0.2701833546161651,0.3494506776332855,0.4007921516895294,0.4156739711761474,0.7389004826545715
0.3277610540390014,0.5287450551986694,0.3527074158191681,0.6535940766334534,0.5353622436523438,0.4135254323482513,0.2700899541378021,0.3490585088729858,0.4005380868911743,0.415249764919281,0.7383418679237366
0.3277032971382141,0.5284672975540161,0.3522633016109466,0.6532727479934692,0.5347860455513,0.4132631123065948,0.2699964642524719,0.3486663103103637,0.4002839624881744,0.4148256480693817,0.7377831935882568
0.327645480632782,0.528189480304718,0.3518191576004028,0.6529514789581299,0.5342098474502563,0.4130007624626159,0.2699030339717865,0.3482741117477417,0.4000298678874969,0.4144014716148376,0.7372245192527771
0.3275876939296722,0.5279116630554199,0.3513750433921814,0.652630090713501,0.5336337089538574,0.4127384424209595,0.2698095738887787,0.347881942987442,0.3997758030891418,0.4139773249626159,0.7366658449172974
0.3275299370288849,0.5276339054107666,0.3509309291839599,0.6523088216781616,0.5330575108528137,0.4124760925769806,0.2697161436080932,0.3474897742271423,0.3995217084884643,0.4135531783103943,0.7361072301864624
0.3274721503257751,0.5273560285568237,0.3504868149757385,0.6519874930381775,0.53248131275177,0.4122137725353241,0.2696227133274078,0.3470975756645202,0.3992675840854645,0.4131290018558502,0.7355485558509827
0.327414333820343,0.5270782113075256,0.3500426709651947,0.6516661643981934,0.5319051742553711,0.4119514524936676,0.2695292532444,0.3467053771018982,0.3990135192871094,0.4127048254013061,0.7349899411201477
0.3273565769195556,0.5268004536628723,0.3495985567569732,0.6513448357582092,0.5313289761543274,0.4116891026496887,0.2694357931613922,0.3463132083415985,0.3987594246864319,0.4122806787490845,0.734431266784668
0.3272987902164459,0.5265226364135742,0.3491544127464294,0.6510235071182251,0.5307528376579285,0.4114267826080322,0.2693423628807068,0.3459210097789764,0.398505300283432,0.4118565320968628,0.7338725328445435
0.3272410035133362,0.5262448191642761,0.348710298538208,0.6507022380828857,0.5301766395568848,0.4111644327640533,0.269248902797699,0.3455288410186767,0.3982512354850769,0.4114323556423187,0.7333139181137085
0.3271832168102264,0.525967001914978,0.3482661843299866,0.6503808498382568,0.5296004414558411,0.4109021127223968,0.2691554725170135,0.3451366424560547,0.397997111082077,0.411008208990097,0.7327553033828735
0.3271254301071167,0.5256892442703247,0.3478220403194427,0.6500595211982727,0.5290243029594421,0.4106397628784179,0.2690620124340057,0.3447444438934326,0.3977430462837219,0.410584032535553,0.7321966290473938
0.3270676434040069,0.5254113674163818,0.3473778963088989,0.6497382521629333,0.5284481048583984,0.4103774428367615,0.2689685821533203,0.3443522751331329,0.397488921880722,0.4101598858833313,0.7316379547119141
0.3270098567008972,0.5251336097717285,0.3469337821006775,0.6494169235229492,0.5278719663619995,0.4101150929927826,0.2688751220703125,0.3439600765705108,0.3972348272800445,0.4097357392311096,0.7310793399810791
0.3269520998001098,0.5248557925224304,0.346489667892456,0.6490956544876099,0.5272957682609558,0.4098527729511261,0.2687816917896271,0.3435678482055664,0.3969807624816894,0.4093115627765655,0.7305206060409546
0.3268943130970001,0.5245779752731323,0.3460455536842346,0.648774266242981,0.5267196297645569,0.4095904231071472,0.2686882317066192,0.3431756794452667,0.3967266380786896,0.4088874161243438,0.7299619913101196
0.3268365263938904,0.524300217628479,0.3456014096736908,0.6484529376029968,0.5261434316635132,0.4093281030654907,0.2685948014259338,0.342783510684967,0.3964725434780121,0.4084632396697998,0.7294033765792847
0.3267787396907806,0.5240224003791809,0.3451572954654693,0.6481316089630127,0.5255672931671143,0.4090657830238342,0.2685013115406036,0.3423913121223449,0.3962184488773346,0.4080390632152557,0.7288447022438049
0.3267209529876709,0.5237445831298828,0.3447131514549255,0.6478103399276733,0.5249910950660706,0.4088034331798553,0.2684079110622406,0.3419991135597229,0.3959643542766571,0.4076149463653564,0.7282860279083252
0.3266631662845611,0.5234667658805847,0.3442690372467041,0.6474889516830444,0.5244148969650269,0.4085411131381988,0.2683144509792328,0.3416069447994232,0.3957102596759796,0.4071907997131347,0.7277273535728455
0.3266053795814514,0.5231889486312866,0.3438249230384826,0.6471676826477051,0.5238387584686279,0.4082787632942199,0.2682210206985473,0.3412147760391235,0.3954561650753021,0.4067665934562683,0.7271686792373657
0.3265475928783417,0.5229111313819885,0.3433807790279388,0.646846354007721,0.523262619972229,0.4080164432525635,0.2681275606155395,0.3408225476741791,0.395202100276947,0.4063424468040466,0.7266100645065308
0.3264898061752319,0.5226333141326904,0.342936635017395,0.6465250253677368,0.5226864218711853,0.4077540934085846,0.2680341005325317,0.3404303789138794,0.3949479758739471,0.4059183001518249,0.726051390171051
0.3264320492744446,0.5223555564880371,0.3424925208091736,0.6462036967277527,0.5221102237701416,0.4074917733669281,0.2679406702518463,0.3400382101535797,0.3946938812732696,0.4054941236972809,0.7254927754402161
0.3263742327690124,0.522077739238739,0.3420484066009521,0.6458823680877686,0.5215340256690979,0.4072294235229492,0.2678472101688385,0.33964604139328,0.3944398164749145,0.4050699472427368,0.7249341011047363
0.3263164460659027,0.5217999815940857,0.3416042923927307,0.6455610990524292,0.520957887172699,0.4069671034812927,0.2677537798881531,0.3392538130283355,0.3941856920719147,0.4046458005905151,0.7243754863739014
0.3262586593627929,0.5215221047401428,0.3411601483821869,0.6452397108078003,0.5203816890716553,0.4067047536373138,0.2676603496074676,0.3388616442680359,0.3939315974712372,0.4042216539382934,0.7238168120384216
0.3262009024620056,0.5212442874908447,0.3407160341739654,0.6449184417724609,0.5198055505752563,0.4064424335956573,0.2675668597221374,0.3384694755077362,0.3936775028705597,0.4037975072860718,0.7232581377029419
0.3261431157588959,0.5209665298461914,0.3402718901634216,0.6445971131324768,0.5192293524742126,0.4061801135540008,0.2674734592437744,0.3380772769451141,0.3934234082698822,0.4033733606338501,0.7226994633674622
0.3260853290557861,0.5206887125968933,0.3398277759552002,0.6442757844924927,0.5186532139778137,0.405917763710022,0.2673799693584442,0.337685078382492,0.3931693136692047,0.402949184179306,0.7221407890319824
0.326027512550354,0.5204108953475952,0.3393836617469787,0.6439545154571533,0.51807701587677,0.4056554436683655,0.2672865688800812,0.3372929096221924,0.3929152190685272,0.4025250077247619,0.7215821146965027
0.3259697556495666,0.5201330780982971,0.3389395475387573,0.6436331272125244,0.5175008773803711,0.4053930938243866,0.267193078994751,0.3369007110595703,0.3926611244678497,0.4021008610725403,0.721023440361023
0.3259119689464569,0.519855260848999,0.3384953737258911,0.6433117985725403,0.5169246792793274,0.4051307737827301,0.2670996487140655,0.3365085124969482,0.3924070298671722,0.4016767144203186,0.720464825630188
0.3258541822433471,0.5195775032043457,0.3380512595176697,0.6429904699325562,0.5163484811782837,0.4048684239387512,0.2670062184333801,0.3361163437366485,0.3921529352664947,0.4012525379657745,0.719906210899353
0.3257963955402374,0.5192996263504028,0.3376071453094482,0.6426692008972168,0.5157723426818848,0.4046061038970947,0.2669127583503723,0.3357241451740265,0.3918988406658172,0.4008283913135528,0.7193475365638733
0.3257386088371277,0.5190218687057495,0.3371630311012268,0.6423478126525879,0.5151962041854858,0.4043437540531158,0.2668193280696869,0.3353319764137268,0.3916447758674621,0.4004042148590088,0.7187888622283936
0.3256808221340179,0.5187440514564514,0.336718887090683,0.6420265436172485,0.5146199464797974,0.4040814340114593,0.2667258679866791,0.3349397778511047,0.3913906514644623,0.3999800682067871,0.7182302474975586
0.3256230354309082,0.5184662938117981,0.3362747728824615,0.6417052149772644,0.5140438079833984,0.4038190841674804,0.2666324079036712,0.334547609090805,0.3911365568637848,0.399555891752243,0.7176715731620789
0.3255652785301208,0.5181884765625,0.3358306288719177,0.6413838863372803,0.5134676098823547,0.403556764125824,0.2665389776229858,0.334155410528183,0.3908824920654297,0.3991317451000213,0.7171129584312439
0.3255074620246887,0.5179105997085571,0.3353865146636963,0.6410626173019409,0.5128914713859558,0.4032944440841675,0.266445517539978,0.3337632417678833,0.3906283676624298,0.3987075984477997,0.7165542840957642
0.3254497051239013,0.5176328420639038,0.3349424004554748,0.640741229057312,0.5123153328895569,0.4030320942401886,0.2663520872592926,0.3333710432052612,0.3903742730617523,0.3982834219932556,0.7159956097602844
0.3253919184207916,0.5173550248146057,0.3344982862472534,0.6404199600219727,0.5117391347885132,0.4027697741985321,0.2662586271762848,0.3329788446426391,0.3901202082633972,0.3978592455387115,0.7154369354248047
0.3253341317176819,0.5170772075653076,0.3340541124343872,0.6400986313819885,0.5111629366874695,0.4025074243545532,0.2661651968955993,0.3325866758823395,0.3898661136627197,0.3974350988864898,0.7148782014846802
0.3252763450145721,0.5167994499206543,0.3336099982261657,0.6397772431373596,0.5105867385864258,0.4022451043128967,0.2660717368125915,0.3321945071220398,0.3896119892597198,0.3970109224319458,0.7143195867538452
0.3252185583114624,0.5165216326713562,0.3331658840179443,0.6394559741020203,0.5100106000900269,0.4019827544689178,0.2659783065319061,0.3318022787570953,0.3893578946590423,0.3965867757797241,0.7137609720230103
0.3251607716083526,0.5162438154220581,0.3327217698097229,0.6391346454620361,0.5094344019889832,0.4017204344272613,0.2658848464488983,0.3314101099967956,0.3891038000583648,0.3961626291275024,0.7132022976875305
0.3251029849052429,0.5159659385681152,0.3322775959968567,0.638813316822052,0.5088582634925842,0.4014580845832824,0.2657914161682129,0.3310179412364959,0.388849675655365,0.3957384526729584,0.7126436233520508
0.3250451982021332,0.5156881809234619,0.3318335115909576,0.6384919881820679,0.5082820653915405,0.401195764541626,0.2656979262828827,0.3306257128715515,0.3885956108570099,0.3953143060207367,0.7120850086212158
0.3249874114990234,0.5154104232788086,0.3313893675804138,0.6381706595420837,0.5077059268951416,0.4009334146976471,0.2656045258045196,0.3302335441112518,0.3883415162563324,0.3948901295661926,0.7115263342857361
0.3249296247959137,0.5151326060295105,0.3309452533721924,0.6378493309020996,0.5071297287940979,0.4006710946559906,0.2655110657215118,0.3298413753509521,0.3880873918533325,0.3944659829139709,0.7109677195549011
0.3248718380928039,0.5148547887802124,0.3305011391639709,0.6375280618667603,0.506553590297699,0.4004087746143341,0.2654176354408264,0.3294492065906524,0.3878333270549774,0.3940418064594269,0.7104090452194214
0.3248140811920166,0.5145769715309143,0.3300570249557495,0.6372066736221313,0.5059773921966553,0.4001464247703552,0.265324205160141,0.329056978225708,0.3875792324542999,0.3936176598072052,0.7098504304885864
0.3247562646865845,0.514299213886261,0.3296128511428833,0.636885404586792,0.5054012537002563,0.3998841047286987,0.2652307152748108,0.3286648094654083,0.3873251378536224,0.3931935131549835,0.7092916965484619
0.3246985077857971,0.5140213370323181,0.3291687369346618,0.6365641355514526,0.5048250555992126,0.3996217548847198,0.2651373147964477,0.3282726407051086,0.3870710432529449,0.3927693367004394,0.708733081817627
0.3246407210826874,0.51374351978302,0.3287246227264404,0.6362427473068237,0.504248857498169,0.3993594348430633,0.2650438249111175,0.3278804421424866,0.3868169486522674,0.3923451602458954,0.7081744074821472
0.3245829343795776,0.5134657621383667,0.328280508518219,0.6359214782714844,0.50367271900177,0.3990970849990845,0.2649504244327545,0.3274882435798645,0.3865628540515899,0.3919210135936737,0.7076157331466675
0.3245251178741455,0.5131879448890686,0.3278363645076751,0.6356000900268555,0.5030965209007263,0.398834764957428,0.2648569643497467,0.3270960748195648,0.3863087892532348,0.3914968967437744,0.7070570588111877
0.3244673609733581,0.5129101276397705,0.3273922502994537,0.6352788209915161,0.5025203227996826,0.3985724151134491,0.2647635042667389,0.3267038762569427,0.386054664850235,0.3910726904869079,0.7064984440803528
0.3244095742702484,0.5126323103904724,0.3269481062889099,0.6349574327468872,0.5019441843032837,0.3983100950717926,0.2646700739860534,0.3263116776943207,0.3858005702495575,0.3906485438346863,0.705939769744873
0.3243517875671386,0.5123545527458191,0.3265039920806885,0.6346361637115479,0.50136798620224,0.3980477452278137,0.2645766139030456,0.3259194791316986,0.38554647564888,0.3902243673801422,0.7053811550140381
0.3242940008640289,0.512076735496521,0.326059877872467,0.6343148350715637,0.5007918477058411,0.3977854251861572,0.2644831836223602,0.3255273103713989,0.3852923512458801,0.3898002207279205,0.7048224806785583
0.3242362439632416,0.5117989182472229,0.3256157636642456,0.6339935064315796,0.5002156496047974,0.3975231051445007,0.2643897235393524,0.3251351118087768,0.385038286447525,0.3893760442733764,0.7042638063430786
0.3241784274578094,0.5115211009979248,0.3251715898513794,0.6336722373962402,0.4996395111083984,0.3972607553005218,0.2642962634563446,0.3247429430484772,0.3847841918468475,0.3889518976211548,0.7037051916122437
0.3241206407546997,0.5112432837486267,0.3247274756431579,0.6333508491516113,0.4990633130073547,0.3969984352588653,0.2642028629779815,0.3243507444858551,0.3845300674438476,0.3885277509689331,0.7031465768814087
0.3240628540515899,0.5109655261039734,0.3242833614349365,0.633029580116272,0.498487114906311,0.3967360854148865,0.2641093730926513,0.323958545923233,0.3842760026454925,0.3881036043167114,0.7025878429412842
0.3240050971508026,0.5106877088546753,0.3238392472267151,0.6327082514762878,0.4979109764099121,0.39647376537323,0.2640159726142883,0.3235663771629333,0.384021908044815,0.3876793980598449,0.7020292282104492
0.3239473104476928,0.5104098320007324,0.3233951032161712,0.6323869228363037,0.4973348081111908,0.3962114155292511,0.2639224827289581,0.3231742084026336,0.3837678134441376,0.3872552514076233,0.7014705538749695
0.3238895237445831,0.5101320743560791,0.3229509890079498,0.6320655345916748,0.4967586398124695,0.3959490954875946,0.2638290524482727,0.3227819800376892,0.3835137486457824,0.3868311047554016,0.7009118795394897
0.3238317370414734,0.509854257106781,0.322506844997406,0.6317442655563354,0.4961824715137481,0.3956867456436157,0.2637355923652649,0.3223898112773895,0.3832596242427826,0.3864069581031799,0.70035320520401
0.3237739503383636,0.5095764398574829,0.3220627307891845,0.6314229369163513,0.4956062436103821,0.3954244256019592,0.2636421620845794,0.3219976425170898,0.3830055296421051,0.3859828114509582,0.6997945308685303
0.3237161636352539,0.5092986822128296,0.3216186165809631,0.6311016082763672,0.4950301051139831,0.3951620757579803,0.2635486721992492,0.3216054439544678,0.38275146484375,0.3855586051940918,0.6992359161376953
0.3236583769321441,0.5090208649635315,0.3211745023727417,0.6307803392410278,0.4944539368152618,0.3948997557163238,0.2634552717208862,0.3212132453918457,0.3824973404407501,0.3851344883441925,0.6986772418022156
0.3236006200313568,0.5087430477142334,0.3207303583621979,0.6304589509963989,0.4938777685165405,0.3946374356746673,0.2633618116378784,0.320821076631546,0.3822432458400726,0.3847103118896484,0.6981186270713806
0.323542833328247,0.5084652304649353,0.320286214351654,0.6301376819610596,0.4933016002178192,0.3943750858306885,0.263268381357193,0.3204289078712463,0.3819891810417175,0.3842861652374267,0.6975599527359009
0.3234850466251373,0.5081874132156372,0.3198421001434326,0.6298162937164307,0.4927254319190979,0.394112765789032,0.2631749212741852,0.3200366795063019,0.38173508644104,0.3838619887828827,0.6970013380050659
0.3234272599220276,0.5079095959663391,0.3193979859352112,0.6294950246810913,0.4921492338180542,0.3938504159450531,0.2630814611911773,0.3196445107460022,0.3814809322357178,0.3834378123283386,0.6964426040649414
0.3233694732189178,0.5076318383216858,0.3189538419246673,0.629173755645752,0.4915730655193329,0.3935880959033966,0.2629880309104919,0.3192523419857025,0.3812268674373626,0.3830136656761169,0.6958839893341064
0.3233116865158081,0.5073540210723877,0.3185097277164459,0.628852367401123,0.4909968972206116,0.3933257460594177,0.2628945708274841,0.3188601434230804,0.3809727430343628,0.3825895190238952,0.6953253149986267
0.3232538998126983,0.5070762038230896,0.3180655837059021,0.6285310983657837,0.4904206991195678,0.3930634260177612,0.2628011405467987,0.3184679448604584,0.3807186484336853,0.3821653425693512,0.694766640663147
0.3231961131095886,0.5067984461784363,0.3176214694976806,0.6282097101211548,0.4898445606231689,0.3928010761737823,0.2627077102661133,0.3180757761001587,0.3804645836353302,0.3817411959171295,0.694208025932312
0.3231383264064789,0.5065205693244934,0.3171773552894592,0.6278883814811707,0.4892683625221252,0.3925387561321258,0.2626142501831054,0.3176835775375366,0.3802104592323303,0.3813170492649078,0.6936492919921875
0.3230805397033691,0.5062427520751953,0.3167332410812378,0.6275671124458313,0.4886922240257263,0.392276406288147,0.26252081990242,0.3172914087772369,0.3799563646316528,0.3808928728103637,0.6930906772613525
0.3230227828025818,0.505964994430542,0.3162890970706939,0.6272457838058472,0.4881160259246826,0.3920140862464905,0.2624273300170898,0.3168992102146148,0.3797022998332977,0.3804687261581421,0.6925320625305176
0.3229649662971496,0.5056871771812439,0.3158449530601501,0.6269245147705078,0.4875398874282837,0.3917517364025116,0.2623339295387268,0.3165070414543152,0.3794482052326202,0.380044549703598,0.6919733881950378
0.3229072093963623,0.5054094195365906,0.3154008388519287,0.6266031265258789,0.4869637191295624,0.3914894163608551,0.2622404396533966,0.3161148428916931,0.3791940808296203,0.3796204030513763,0.6914147138595581
0.3228493928909302,0.5051316022872925,0.3149567246437073,0.6262817978858948,0.4863875210285187,0.3912270963191986,0.2621470093727112,0.315722644329071,0.3789400160312652,0.3791962265968323,0.6908560991287231
0.3227916359901428,0.5048537850379944,0.3145126104354858,0.6259604692459106,0.4858113527297973,0.3909647464752197,0.2620535790920257,0.3153304755687713,0.3786859214305877,0.3787720799446106,0.6902973651885986
0.3227338194847107,0.5045759081840515,0.314068466424942,0.6256392002105713,0.485235184431076,0.3907024264335632,0.2619601190090179,0.3149382770061493,0.3784317970275879,0.3783479332923889,0.6897387504577637
0.3226760625839233,0.5042981505393982,0.3136243224143982,0.6253178119659424,0.4846589863300323,0.3904400765895843,0.2618666887283325,0.3145461082458496,0.3781777620315552,0.3779237568378448,0.6891800761222839
0.3226182460784912,0.5040203332901001,0.3131802082061767,0.624996542930603,0.484082818031311,0.3901777565479278,0.2617732286453247,0.3141539096832275,0.3779236376285553,0.3774995803833008,0.688621461391449
0.3225604891777038,0.503742516040802,0.3127360641956329,0.6246751546859741,0.4835066497325897,0.389915406703949,0.2616797685623169,0.3137617111206054,0.3776695430278778,0.3770754337310791,0.6880627870559692
0.3225027024745941,0.5034647583961487,0.3122919797897339,0.6243538856506348,0.4829304814338684,0.3896530866622925,0.2615863382816314,0.3133695423603058,0.3774154186248779,0.376651257276535,0.6875041723251343
0.3224449157714844,0.5031869411468506,0.3118478059768677,0.6240326166152954,0.4823542833328247,0.3893907368183136,0.2614928781986236,0.3129773736000061,0.3771613240242004,0.3762271106243133,0.6869454979896545
0.3223871290683746,0.5029090642929077,0.3114037215709686,0.6237112283706665,0.4817781448364258,0.3891284167766571,0.2613994777202606,0.312585175037384,0.3769072592258453,0.3758029639720917,0.6863868236541748
0.3223293423652649,0.5026313066482544,0.3109595775604248,0.6233899593353271,0.4812019467353821,0.3888660669326782,0.2613059878349304,0.3121929764747619,0.3766531646251678,0.3753787875175476,0.6858281493186951
0.3222715556621551,0.5023534893989563,0.3105154633522033,0.6230685710906982,0.4806257784366607,0.3886037468910217,0.261212557554245,0.3118008077144623,0.3763990402221679,0.3749546408653259,0.6852694749832153
0.3222137987613678,0.502075731754303,0.3100713491439819,0.6227473020553589,0.4800496101379394,0.3883414268493652,0.2611190974712372,0.3114086389541626,0.3761449754238128,0.3745304644107818,0.6847108602523804
0.3221559822559356,0.5017979145050049,0.3096272349357605,0.6224259734153748,0.4794734120368957,0.3880790770053863,0.2610256671905517,0.3110164105892181,0.3758908808231354,0.3741063177585602,0.6841521263122559
0.3220981955528259,0.5015200972557068,0.3091830611228943,0.6221046447753906,0.4788972735404968,0.3878167569637298,0.2609322071075439,0.3106242418289184,0.3756367564201355,0.3736821413040161,0.6835935115814209
0.3220404386520386,0.5012422800064087,0.3087389469146728,0.6217833757400513,0.4783210754394531,0.387554407119751,0.2608387768268585,0.3102320730686188,0.3753826916217804,0.3732579946517944,0.6830348968505859
0.3219826519489288,0.5009644627571106,0.3082948327064514,0.6214619874954224,0.4777449071407318,0.3872920870780945,0.2607453167438507,0.3098398447036743,0.3751285970211029,0.3728338479995727,0.6824762225151062
0.3219248652458191,0.5006866455078125,0.3078506886959076,0.621140718460083,0.4771687388420105,0.3870297372341156,0.2606518864631653,0.3094476759433746,0.3748745024204254,0.3724097013473511,0.6819175481796265
0.3218670785427093,0.5004088282585144,0.3074065744876861,0.6208193302154541,0.4765926003456116,0.3867674171924591,0.2605584561824798,0.3090554773807525,0.3746204376220703,0.3719854950904846,0.6813589334487915
0.3218092918395996,0.5001310706138611,0.3069624602794647,0.6204980611801147,0.4760164022445678,0.3865050673484802,0.260464996099472,0.3086633086204529,0.3743663132190704,0.3715613782405853,0.6808002591133118
0.3217515051364898,0.499853253364563,0.3065183162689209,0.6201766729354858,0.4754402637481689,0.3862427473068237,0.2603715658187866,0.3082710802555084,0.3741122186183929,0.3711372017860412,0.6802416443824768
0.3216937184333801,0.4995754659175873,0.3060742020606994,0.6198554039001465,0.4748640656471252,0.3859803974628448,0.2602780759334564,0.3078789114952087,0.373858094215393,0.3707130551338196,0.6796829700469971
0.3216359317302704,0.4992976486682892,0.3056300580501556,0.6195340752601624,0.4742878973484039,0.3857180774211883,0.2601846754550934,0.3074867129325866,0.3736040294170379,0.3702889084815979,0.6791242957115173
0.3215781450271606,0.4990198016166687,0.3051859736442566,0.6192127466201782,0.4737117290496826,0.3854557573795318,0.2600911855697632,0.307094544172287,0.3733499348163605,0.3698647320270538,0.6785656213760376
0.3215203881263733,0.498742014169693,0.3047417998313904,0.6188914179801941,0.4731355309486389,0.385193407535553,0.2599977850914001,0.3067023456096649,0.373095840215683,0.3694405853748321,0.6780068874359131
0.3214625716209411,0.4984642267227173,0.3042976856231689,0.61857008934021,0.4725593626499176,0.3849310874938965,0.2599043250083923,0.3063101768493652,0.3728417158126831,0.3690164089202881,0.6774482727050781
0.3214048147201538,0.4981864094734192,0.3038535714149475,0.6182488203048706,0.4719831943511963,0.3846687376499176,0.2598108649253845,0.3059179782867431,0.3725876212120056,0.3685922622680664,0.6768896579742432
0.3213469982147217,0.4979086220264435,0.3034094572067261,0.6179274320602417,0.4714069962501526,0.3844064176082611,0.2597174346446991,0.3055258095264435,0.3723335564136505,0.3681681156158447,0.6763309836387634
0.3212892413139343,0.4976308345794678,0.3029653131961822,0.6176061630249023,0.4708308577537536,0.3841440677642822,0.2596239745616913,0.3051336109638214,0.3720794320106506,0.3677439093589782,0.6757723093032837
0.3212314248085022,0.4973530173301697,0.3025211691856384,0.6172847747802734,0.4702546596527099,0.3838817477226257,0.2595305442810058,0.3047414422035217,0.3718253374099731,0.3673197627067566,0.6752136945724487
0.3211736679077148,0.4970751702785492,0.302077054977417,0.6169635057449341,0.4696784913539886,0.3836193978786468,0.259437084197998,0.3043492436408996,0.371571272611618,0.3668956160545349,0.6746550798416138
0.3211158812046051,0.4967973828315735,0.3016329407691955,0.6166422367095947,0.4691023528575897,0.3833570778369903,0.2593436241149902,0.3039570748806,0.3713171780109405,0.3664714097976684,0.674096405506134
0.3210580945014953,0.4965195655822754,0.3011888265609741,0.6163208484649658,0.4685261845588684,0.3830947279930115,0.2592502236366272,0.3035648763179779,0.3710630536079407,0.3660472929477691,0.6735377311706543
0.3210003077983856,0.4962417781352997,0.3007446825504303,0.6159995794296265,0.4679500162601471,0.382832407951355,0.259156733751297,0.3031726777553558,0.3708089888095855,0.3656231462955475,0.6729791164398193
0.3209425210952759,0.4959639608860016,0.3003005385398865,0.6156782507896423,0.4673738479614258,0.3825700879096985,0.2590633332729339,0.3027805089950561,0.3705548942089081,0.3651989996433258,0.6724204421043396
0.3208847343921661,0.4956861734390259,0.299856424331665,0.6153569221496582,0.4667976498603821,0.3823077380657196,0.2589698433876037,0.3023883402347564,0.3703007698059082,0.3647748231887817,0.6718617677688599
0.3208269476890564,0.4954083263874054,0.2994123101234436,0.6150355339050293,0.4662214517593384,0.3820454180240631,0.2588764131069183,0.301996111869812,0.3700467348098755,0.3643506467342376,0.6713031530380249
0.3207691609859466,0.4951305091381073,0.2989681959152221,0.6147142648696899,0.4656453132629394,0.3817830681800842,0.2587829530239105,0.3016039431095123,0.3697926104068756,0.363926500082016,0.6707444190979004
0.3207114040851593,0.494852751493454,0.2985240221023559,0.6143929362297058,0.4650691151618957,0.3815207481384277,0.2586895227432251,0.3012117743492126,0.3695385158061981,0.3635023236274719,0.6701857447624207
0.3206536173820495,0.4945749342441559,0.2980799376964569,0.6140716075897217,0.464492917060852,0.3812583982944488,0.2585960924625397,0.3008195459842682,0.369284451007843,0.3630781769752502,0.6696271300315857
0.3205958306789398,0.4942971467971802,0.2976357936859131,0.6137503385543823,0.4639167785644531,0.3809960782527923,0.2585026323795318,0.3004273772239685,0.3690302968025207,0.3626540303230285,0.669068455696106
0.3205380439758301,0.4940193593502044,0.2971916794776916,0.6134289503097534,0.4633406102657318,0.3807337284088135,0.258409172296524,0.3000352084636688,0.3687762320041656,0.3622298538684845,0.668509840965271
0.3204802572727203,0.4937415421009063,0.2967475354671478,0.6131076812744141,0.4627644419670105,0.380471408367157,0.2583157420158386,0.2996430099010467,0.3685221076011657,0.3618056774139404,0.6679511666297913
0.3204224705696106,0.4934636950492859,0.2963034510612488,0.6127863526344299,0.4621882736682892,0.3802090585231781,0.2582222819328308,0.2992508113384247,0.3682680130004883,0.3613815307617187,0.6673925518989563
0.3203646838665008,0.4931859076023102,0.2958593070507049,0.6124650239944458,0.4616120755672455,0.3799467384815216,0.2581288516521454,0.298858642578125,0.3680139482021332,0.360957384109497,0.6668338775634766
0.3203068971633911,0.4929080903530121,0.2954151630401611,0.6121436953544617,0.4610359072685241,0.3796844184398651,0.2580353915691376,0.2984664738178253,0.3677598536014557,0.360533207654953,0.6662752628326416
0.3202491402626037,0.4926303029060364,0.2949710488319397,0.6118223667144775,0.4604597091674804,0.3794220685958862,0.2579419612884521,0.2980742752552032,0.3675057291984558,0.3601090610027313,0.6657165288925171
0.3201913237571716,0.4923524856567383,0.2945269346237182,0.6115010976791382,0.4598835706710815,0.3791597485542297,0.2578485012054443,0.2976820766925812,0.3672516345977783,0.3596848845481872,0.6651579141616821
0.3201335370540619,0.4920746684074402,0.2940827906131744,0.6111797094345093,0.4593074023723602,0.3788973987102508,0.2577550709247589,0.2972899079322815,0.3669975697994232,0.3592607378959656,0.6645992398262024
0.3200757503509521,0.4917968511581421,0.2936386466026306,0.6108584403991699,0.4587312042713165,0.3786350786685943,0.2576616108417511,0.2968977093696594,0.3667434751987457,0.3588365614414215,0.6640405654907227
0.3200179934501648,0.4915190935134887,0.2931945323944092,0.6105371117591858,0.4581550359725952,0.3783727288246155,0.2575681805610657,0.2965055406093597,0.3664893507957458,0.3584124147891998,0.6634818911552429
0.3199601769447326,0.4912412762641907,0.2927504181861877,0.6102157831192017,0.4575788974761963,0.378110408782959,0.2574746906757355,0.2961133420467376,0.3662352859973907,0.3579882681369781,0.6629232168197632
0.3199024200439453,0.4909634590148926,0.2923062741756439,0.6098943948745728,0.457002729177475,0.3778480589389801,0.2573812901973724,0.2957211434841156,0.3659811913967132,0.3575640916824341,0.6623646020889282
0.3198446333408355,0.4906856715679168,0.2918621897697449,0.6095731258392334,0.4564265608787536,0.3775857388973236,0.2572878003120422,0.2953289747238159,0.3657270669937134,0.3571399450302124,0.6618059873580933
0.3197868466377258,0.4904078543186188,0.2914180159568786,0.6092517971992493,0.4558503925800323,0.3773233890533447,0.2571943998336792,0.2949367761611938,0.3654730021953583,0.3567157983779907,0.6612473130226135
0.3197290301322937,0.4901300370693207,0.2909739017486572,0.6089305281639099,0.4552741944789886,0.3770610690116882,0.2571009397506714,0.2945446074008941,0.3652189075946808,0.3562916219234466,0.6606886386871338
0.3196712732315063,0.4898522198200226,0.2905297875404358,0.6086091995239258,0.4546980261802673,0.3767987489700317,0.2570074796676636,0.2941524088382721,0.3649648129940033,0.3558674454689026,0.6601300239562988
0.319613516330719,0.4895744323730469,0.2900856733322143,0.6082878112792969,0.454121857881546,0.3765363991260528,0.2569140493869781,0.2937602400779724,0.3647106885910034,0.3554432988166809,0.6595712900161743
0.3195556998252868,0.4892966151237488,0.2896415293216705,0.6079665422439575,0.4535456597805023,0.3762740790843963,0.2568205893039703,0.2933680415153503,0.3644565939903259,0.3550191521644592,0.6590126752853394
0.3194979429244995,0.4890187978744507,0.2891973853111267,0.6076452136039734,0.452969491481781,0.3760117292404175,0.2567271590232849,0.2929758429527282,0.3642025291919708,0.3545949757099151,0.6584540009498596
0.3194401264190674,0.4887410402297973,0.2887532711029053,0.6073238849639893,0.4523932933807373,0.375749409198761,0.2566336989402771,0.2925836741924286,0.3639484047889709,0.3541708290576935,0.6578953862190247
0.31938236951828,0.4884632229804992,0.2883091568946838,0.6070025563240051,0.4518171548843384,0.3754870593547821,0.2565402686595917,0.2921915054321289,0.3636943101882934,0.3537466824054718,0.6573367118835449
0.3193245530128479,0.4881854057312011,0.2878650426864624,0.606681227684021,0.451240986585617,0.3752247393131256,0.2564468383789062,0.291799247264862,0.3634402453899383,0.3533225059509277,0.6567779779434204
0.3192667961120605,0.4879075884819031,0.2874208986759186,0.6063599586486816,0.4506647884845733,0.3749623894691467,0.2563533782958984,0.2914070785045624,0.3631861507892608,0.352898359298706,0.6562193632125854
0.3192090094089508,0.4876298010349273,0.2869767844676971,0.6060385704040527,0.450088620185852,0.3747000694274902,0.256259948015213,0.2910149097442627,0.362932026386261,0.352474182844162,0.6556607484817505
0.319151222705841,0.4873519837856293,0.2865326404571533,0.6057173013687134,0.4495124816894531,0.3744377195835113,0.2561664581298828,0.2906227111816406,0.3626779615879059,0.3520500063896179,0.6551020741462708
0.3190934360027313,0.4870741665363312,0.2860885262489319,0.6053959727287292,0.4489362835884094,0.3741753995418548,0.2560730278491974,0.2902305126190185,0.3624238669872284,0.3516258597373962,0.654543399810791
0.3190356492996216,0.4867963790893554,0.2856444120407104,0.6050746440887451,0.4483601152896881,0.3739130795001983,0.2559795677661896,0.2898383438587188,0.3621697425842285,0.3512017130851745,0.653984785079956
0.3189778625965118,0.4865185618400574,0.2852002680301666,0.604753315448761,0.4477839469909668,0.3736507296562195,0.2558861374855041,0.2894461750984192,0.3619157075881958,0.3507775664329529,0.6534261107444763
0.3189200758934021,0.4862407445907593,0.2847561538219452,0.6044319868087769,0.4472077488899231,0.373388409614563,0.2557927072048187,0.2890539765357971,0.3616615831851959,0.3503533899784088,0.6528674364089966
0.3188622891902923,0.4859629571437835,0.2843120098114013,0.6041106581687927,0.4466315805912018,0.3731260597705841,0.2556992471218109,0.288661777973175,0.3614074885845184,0.3499292135238647,0.6523088216781616
0.3188045024871826,0.4856851398944855,0.2838678956031799,0.6037893295288086,0.4460554122924804,0.3728637397289276,0.2556058168411255,0.2882696092128753,0.3611534237861633,0.349505066871643,0.6517501473426819
0.3187467455863952,0.4854073226451874,0.2834237515926361,0.6034680604934692,0.4454792737960815,0.3726013898849487,0.2555123567581177,0.2878774106502533,0.360899269580841,0.349080890417099,0.6511914730072021
0.3186889588832855,0.4851295351982116,0.282979667186737,0.6031466722488403,0.4449030756950378,0.3723390698432922,0.2554189264774322,0.2874852120876312,0.3606452047824859,0.3486567735671997,0.6506328582763672
0.3186311721801758,0.4848517477512359,0.2825355231761932,0.602825403213501,0.4443269073963165,0.3720767199993133,0.2553254663944244,0.2870930433273315,0.3603910803794861,0.3482325971126556,0.6500741839408875
0.3185733556747436,0.4845739305019378,0.2820913791656494,0.6025040149688721,0.4437507390975952,0.3718143999576568,0.2552320063114166,0.2867008447647095,0.3601369857788086,0.3478084206581116,0.6495155096054077
0.3185155987739563,0.4842961132526397,0.281647264957428,0.6021827459335327,0.4431745707988739,0.371552050113678,0.2551385760307312,0.2863086760044098,0.3598828911781311,0.3473842740058899,0.6489568948745728
0.3184578120708465,0.484018325805664,0.2812031507492065,0.6018614172935486,0.4425983726978302,0.3712897300720215,0.2550451159477234,0.2859164774417877,0.359628826379776,0.3469600975513458,0.648398220539093
0.3184000253677368,0.4837405085563659,0.2807590365409851,0.6015400886535645,0.4420222043991089,0.3710273802280426,0.2549516856670379,0.285524308681488,0.3593747019767761,0.3465359508991241,0.6478395462036133
0.3183422386646271,0.4834626913070678,0.2803148627281189,0.6012188196182251,0.4414460361003876,0.3707650601863861,0.2548582255840301,0.2851321101188659,0.3591206073760986,0.3461117744445801,0.6472809314727783
0.3182844519615173,0.4831848740577698,0.2798707485198974,0.6008974313735962,0.4408698678016662,0.3705027401447296,0.2547647953033447,0.2847399413585663,0.3588665425777435,0.3456876277923584,0.6467221975326538
0.3182266652584076,0.482907086610794,0.279426634311676,0.6005761623382568,0.4402936697006225,0.3702403903007507,0.2546713352203369,0.2843477427959442,0.3586124181747436,0.3452634811401367,0.6461635828018188
0.3181688785552978,0.4826292693614959,0.2789825201034546,0.6002548336982727,0.4397175312042236,0.3699780702590942,0.2545779049396515,0.2839555442333221,0.3583583235740661,0.344839334487915,0.6456049084663391
0.3181111216545105,0.4823514819145202,0.2785384058952331,0.5999335050582886,0.4391413331031799,0.3697157204151153,0.2544844448566437,0.2835633754730224,0.358104258775711,0.3444151282310486,0.6450462341308594
0.3180533051490783,0.4820736944675445,0.2780942320823669,0.5996122360229492,0.4385651648044586,0.3694534003734588,0.2543910145759582,0.2831712067127228,0.3578501641750335,0.3439909815788269,0.6444876194000244
0.317995548248291,0.4817958772182464,0.2776501476764679,0.5992908477783203,0.4379889965057373,0.36919105052948,0.2542975544929504,0.2827789783477783,0.3575960397720337,0.3435668349266052,0.6439289450645447
0.3179377317428589,0.4815180599689483,0.2772060036659241,0.5989695191383362,0.4374127984046936,0.3689287304878235,0.2542040944099426,0.2823868095874786,0.3573419749736786,0.3431426584720611,0.6433702707290649
0.3178799748420715,0.4812402725219726,0.2767618894577026,0.5986482501029968,0.4368366599082947,0.3686663806438446,0.2541106641292572,0.2819946408271789,0.3570878803730011,0.3427185118198395,0.64281165599823
0.3178221881389618,0.4809624552726745,0.2763177454471588,0.5983269214630127,0.436260461807251,0.3684040606021881,0.2540172338485718,0.2816024124622345,0.3568337559700012,0.3422943353652954,0.6422529816627502
0.317764401435852,0.4806846380233764,0.2758736312389374,0.5980055332183838,0.4356842935085296,0.3681417107582092,0.2539237737655639,0.2812102437019348,0.3565796613693237,0.3418701887130737,0.6416943669319153
0.3177066147327423,0.4804068207740783,0.2754294872283935,0.5976842641830444,0.4351081252098083,0.3678793907165527,0.2538303136825561,0.2808180749416351,0.3563255667686462,0.341446042060852,0.6411356925964355
0.3176488280296325,0.4801290333271026,0.2749853730201721,0.5973629355430603,0.434531956911087,0.3676170706748962,0.2537368834018707,0.2804259061813354,0.3560715019702911,0.341021865606308,0.6405770182609558
0.3175910413265228,0.4798511862754822,0.2745412588119507,0.5970416069030762,0.4339557886123657,0.3673547208309173,0.2536434531211853,0.280033677816391,0.3558173775672912,0.3405977189540863,0.6400183439254761
0.3175332546234131,0.4795733988285064,0.2740971148014068,0.596720278263092,0.433379590511322,0.3670924007892608,0.2535499930381775,0.2796415090560913,0.3555632829666137,0.3401735424995422,0.6394596695899963
0.3174754679203033,0.4792956113815307,0.2736530005931854,0.5963989496231079,0.4328034520149231,0.366830050945282,0.2534565329551697,0.2792493402957916,0.3553092181682586,0.3397493958473205,0.6389009952545166
0.317417711019516,0.4790177941322326,0.2732088565826416,0.5960776805877686,0.4322272539138794,0.3665677309036255,0.2533631026744842,0.2788571417331695,0.3550551235675812,0.3393252491950989,0.6383423805236816
0.3173598945140838,0.4787400066852569,0.2727647423744201,0.5957563519477844,0.4316510856151581,0.3663053810596466,0.2532696723937988,0.2784649431705475,0.3548009991645813,0.3389010727405548,0.6377837657928467
0.3173021078109741,0.4784621894359588,0.2723206281661987,0.5954350233078003,0.4310749173164367,0.3660430610179901,0.253176212310791,0.2780727744102478,0.3545469343662262,0.3384769260883331,0.6372250914573669
0.3172443211078644,0.4781844019889831,0.2718764841556549,0.5951136946678162,0.4304987490177154,0.3657807111740112,0.2530827820301056,0.2776805758476257,0.3542928397655487,0.338052749633789,0.6366664171218872
0.317186564207077,0.477906584739685,0.2714323997497558,0.594792366027832,0.4299225807189941,0.3655183911323547,0.2529893219470978,0.277288407087326,0.3540387153625488,0.3376286029815674,0.6361078023910522
0.3171287775039673,0.4776287674903869,0.2709882259368896,0.5944710373878479,0.4293464124202728,0.3652560412883758,0.2528958618640899,0.276896208524704,0.3537846505641937,0.3372044563293457,0.6355491280555725
0.3170709908008575,0.4773509800434112,0.2705441117286682,0.5941497087478638,0.4287702441215515,0.3649937212467193,0.2528024315834045,0.2765040397644043,0.3535305559635162,0.3367802798748016,0.6349904537200928
0.3170132040977478,0.4770731627941131,0.2700999975204468,0.5938283801078796,0.4281940758228302,0.3647314012050628,0.2527090013027191,0.2761118412017822,0.3532764613628387,0.3363561332225799,0.634431779384613
0.316955417394638,0.476795345544815,0.2696558833122253,0.5935071110725403,0.4276179075241089,0.364469051361084,0.2526155412197113,0.2757196724414825,0.3530223667621612,0.3359319567680359,0.6338731050491333
0.3168976306915283,0.4765175282955169,0.2692117094993591,0.5931857824325562,0.4270417094230652,0.3642067313194275,0.2525220811367035,0.2753274738788605,0.3527682721614837,0.3355078101158142,0.6333144903182983
0.3168398439884186,0.4762397408485412,0.2687675952911377,0.592864453792572,0.4264655411243438,0.3639443814754486,0.252428650856018,0.2749352753162384,0.3525141477584839,0.3350836634635925,0.6327558159828186
0.3167820572853088,0.4759619235992431,0.2683234810829162,0.5925431251525879,0.4258893728256225,0.3636820614337921,0.2523351907730102,0.2745430767536163,0.3522600531578064,0.3346594870090484,0.6321971416473389
0.3167243003845215,0.4756841361522674,0.2678793668746948,0.5922217965126038,0.4253132045269012,0.3634197115898132,0.2522417604923248,0.2741509079933166,0.3520059585571289,0.3342353105545044,0.6316385269165039
0.3166664838790893,0.4754063487052917,0.2674352526664734,0.5919004678726196,0.4247370362281799,0.3631573915481567,0.252148300409317,0.2737586796283722,0.3517518639564514,0.3338111639022827,0.6310798525810242
0.3166086971759796,0.4751285016536712,0.2669910788536072,0.5915791392326355,0.4241608381271362,0.3628950417041778,0.2520548403263092,0.2733665108680725,0.3514977991580963,0.333387017250061,0.6305212378501892
0.3165509402751922,0.4748507142066955,0.2665469646453857,0.5912578105926514,0.4235846400260925,0.3626327216625213,0.2519614100456238,0.2729743421077728,0.3512436747550964,0.3329628109931946,0.6299625635147095
0.3164931535720825,0.4745729267597198,0.2661028504371643,0.590936541557312,0.4230085015296936,0.3623703718185425,0.2518679797649383,0.2725821137428283,0.3509895801544189,0.3325386941432953,0.6294038891792297
0.3164353370666504,0.4742951095104217,0.2656587362289428,0.5906152129173279,0.4224323034286499,0.362108051776886,0.2517745196819305,0.2721899449825287,0.3507355153560638,0.3321145176887512,0.62884521484375
0.316377580165863,0.4740172922611236,0.265214592218399,0.5902938842773438,0.4218561351299286,0.3618457317352295,0.2516810894012451,0.271797776222229,0.3504813909530639,0.3316903710365295,0.6282865405082703
0.3163197934627533,0.4737394750118255,0.2647704482078552,0.5899725556373596,0.421280026435852,0.3615833818912506,0.2515876293182373,0.2714055776596069,0.3502272963523865,0.3312662243843078,0.6277278661727905
0.3162620067596435,0.4734616875648498,0.2643263638019562,0.5896512269973755,0.4207037985324859,0.3613210618495941,0.2514941692352295,0.2710134088993072,0.3499732315540313,0.3308420479297638,0.6271692514419556
0.3162042200565338,0.4731838703155517,0.2638822197914123,0.5893299579620361,0.4201276302337646,0.3610587120056152,0.251400738954544,0.2706212103366852,0.3497191369533539,0.3304179012775421,0.6266106367111206
0.3161464333534241,0.4729060530662536,0.2634381055831909,0.589008629322052,0.4195514917373657,0.3607963919639587,0.2513073086738586,0.2702290415763855,0.349465012550354,0.329993724822998,0.6260519623756409
0.3160886466503143,0.4726282954216003,0.2629939615726471,0.5886872410774231,0.418975293636322,0.3605340421199798,0.2512138485908508,0.2698368430137634,0.3492109477519989,0.3295695781707763,0.6254932880401611
0.3160308599472046,0.4723504483699798,0.2625498175621032,0.5883659720420837,0.4183991253376007,0.3602717220783233,0.251120388507843,0.2694446742534637,0.3489568531513214,0.3291454315185547,0.6249346733093262
0.3159730732440948,0.4720726609230041,0.2621057331562042,0.5880446434020996,0.4178229570388794,0.3600093722343445,0.2510269582271576,0.2690524756908417,0.3487027287483215,0.3287212550640106,0.6243759989738464
0.3159153163433075,0.471794843673706,0.2616615891456604,0.5877233147621155,0.4172467589378357,0.359747052192688,0.2509334981441498,0.2686602771282196,0.348448634147644,0.3282971084117889,0.6238173246383667
0.3158575296401977,0.4715170562267303,0.2612174749374389,0.5874019861221313,0.4166706204414367,0.3594847023487091,0.2508400678634643,0.2682681083679199,0.3481945395469665,0.3278729319572449,0.6232587099075317
0.315799742937088,0.4712392389774322,0.2607733309268951,0.5870806574821472,0.416094422340393,0.3592223823070526,0.2507466077804565,0.2678759098052978,0.347940444946289,0.3274487555027008,0.622700035572052
0.3157419264316559,0.4709614217281341,0.2603292167186737,0.5867593884468079,0.4155182540416717,0.3589600622653961,0.2506531476974487,0.2674837112426758,0.3476863503456116,0.3270246088504791,0.6221413612365723
0.3156841695308685,0.4706836342811584,0.2598851025104522,0.586438000202179,0.4149420857429504,0.3586977124214172,0.2505597174167633,0.2670915424823761,0.3474322557449341,0.3266004621982574,0.6215826869010925
0.3156263828277588,0.4704057872295379,0.2594409584999084,0.5861166715621948,0.4143658876419067,0.3584353923797607,0.2504662871360779,0.266699343919754,0.347178190946579,0.3261762857437134,0.6210240125656128
0.315568596124649,0.4701279997825622,0.258996844291687,0.5857954025268555,0.4137897491455078,0.3581730425357818,0.25037282705307,0.2663071751594543,0.3469240665435791,0.3257521390914917,0.6204653978347778
0.3155108094215393,0.4698501825332641,0.2585527002811432,0.5854740738868713,0.4132135808467865,0.3579107224941253,0.2502793967723846,0.2659149765968323,0.3466699719429016,0.3253279626369476,0.6199067234992981
0.3154530227184295,0.4695724248886108,0.2581085860729217,0.5851527452468872,0.4126373827457428,0.3576483726501465,0.2501859366893768,0.2655227780342102,0.3464159071445465,0.3249038159847259,0.6193481087684631
0.3153952658176422,0.4692946076393127,0.2576644420623779,0.5848314166069031,0.4120612144470215,0.35738605260849,0.250092476606369,0.2651306092739105,0.3461617827415466,0.3244796395301819,0.6187894344329834
0.3153374493122101,0.4690167903900146,0.2572203278541565,0.584510087966919,0.4114850461483001,0.3571237027645111,0.2499990314245224,0.2647384107112884,0.3459076881408691,0.3240554928779602,0.6182307600975037
0.3152796626091003,0.4687390029430389,0.256776213645935,0.5841888189315796,0.4109088778495788,0.3568613827228546,0.2499056011438369,0.2643462419509887,0.345653623342514,0.3236313462257385,0.6176720857620239
0.315221905708313,0.4684611558914184,0.2563320696353912,0.5838674306869507,0.4103327393531799,0.3565990328788757,0.2498121559619903,0.2639540433883667,0.3453995287418365,0.3232071697711944,0.617113471031189
0.3151641190052032,0.4681833684444427,0.2558879554271698,0.5835461020469666,0.4097565114498138,0.3563367128372192,0.2497187107801437,0.263561874628067,0.3451454043388366,0.3227829933166504,0.616554856300354
0.3151063323020935,0.467905580997467,0.255443811416626,0.5832248330116272,0.4091803729534149,0.3560743927955627,0.2496252655982971,0.2631696760654449,0.3448913097381592,0.3223588466644287,0.6159961223602295
0.3150485455989837,0.4676277339458465,0.2549996972084045,0.5829035043716431,0.4086042046546936,0.3558120429515838,0.2495318055152893,0.2627775073051452,0.3446372449398041,0.321934700012207,0.6154375076293945
0.314990758895874,0.4673499464988708,0.2545555830001831,0.5825822353363037,0.4080280065536499,0.3555497229099273,0.2494383603334427,0.2623853087425232,0.3443831205368042,0.3215105533599853,0.6148788332939148
0.3149329721927643,0.4670721292495727,0.2541114389896393,0.5822609066963196,0.4074518382549286,0.3552873730659485,0.249344915151596,0.2619931399822235,0.3441290259361267,0.3210863769054413,0.6143201589584351
0.3148751854896545,0.466794341802597,0.2536673247814178,0.5819395184516907,0.4068756699562073,0.355025053024292,0.2492514699697494,0.2616009414196014,0.3438749313354492,0.3206622004508972,0.6137614846229553
0.3148174285888672,0.4665165245532989,0.2532232105731964,0.5816182494163513,0.4062994718551636,0.3547627031803131,0.249158039689064,0.2612087726593017,0.3436208367347717,0.3202380537986755,0.6132028698921204
0.314759612083435,0.4662387371063232,0.2527790665626526,0.5812969207763672,0.4057233035564422,0.3545003831386566,0.2490645945072174,0.2608165740966797,0.3433667421340942,0.3198139071464538,0.6126441955566406
0.3147018551826477,0.4659609496593475,0.2523349523544311,0.5809755921363831,0.4051471352577209,0.3542380332946777,0.2489711493253708,0.2604243755340576,0.3431126475334167,0.3193897306919098,0.6120855808258057
0.3146440386772156,0.465683102607727,0.2518908083438873,0.5806542634963989,0.4045709669589996,0.3539757132530212,0.2488777041435241,0.2600322067737579,0.3428585529327392,0.3189655840396881,0.6115269064903259
0.3146440386772156,0.465683102607727,0.2518908083438873,0.5806542634963989,0.4045709669589996,0.3539757132530212,0.2488777041435241,0.2600322067737579,0.3428585529327392,0.3189655840396881,0.6115269064903259
0.3146440386772156,0.465683102607727,0.2518908083438873,0.5806542634963989,0.4045709669589996,0.3539757132530212,0.2488777041435241,0.2600322067737579,0.3428585529327392,0.3189655840396881,0.6115269064903259
0.3146440386772156,0.465683102607727,0.2518908083438873,0.5806542634963989,0.4045709669589996,0.3539757132530212,0.2488777041435241,0.2600322067737579,0.3428585529327392,0.3189655840396881,0.6115269064903259
0.3146440386772156,0.465683102607727,0.2518908083438873,0.5806542634963989,0.4045709669589996,0.3539757132530212,0.2488777041435241,0.2600322067737579,0.3428585529327392,0.3189655840396881,0.6115269064903259
0.3146440386772156,0.465683102607727,0.2518908083438873,0.5806542634963989,0.4045709669589996,0.3539757132530212,0.2488777041435241,0.2600322067737579,0.3428585529327392,0.3189655840396881,0.6115269064903259
0.3146440386772156,0.465683102607727,0.2518908083438873,0.5806542634963989,0.4045709669589996,0.3539757132530212,0.2488777041435241,0.2600322067737579,0.3428585529327392,0.3189655840396881,0.6115269064903259
0.3146440386772156,0.465683102607727,0.2518908083438873,0.5806542634963989,0.4045709669589996,0.3539757132530212,0.2488777041435241,0.2600322067737579,0.3428585529327392,0.3189655840396881,0.6115269064903259
0.3146440386772156,0.465683102607727,0.2518908083438873,0.5806542634963989,0.4045709669589996,0.3539757132530212,0.2488777041435241,0.2600322067737579,0.3428585529327392,0.3189655840396881,0.6115269064903259
0.3146440386772156,0.465683102607727,0.2518908083438873,0.5806542634963989,0.4045709669589996,0.3539757132530212,0.2488777041435241,0.2600322067737579,0.3428585529327392,0.3189655840396881,0.6115269064903259
0.3146440386772156,0.465683102607727,0.2518908083438873,0.5806542634963989,0.4045709669589996,0.3539757132530212,0.2488777041435241,0.2600322067737579,0.3428585529327392,0.3189655840396881,0.6115269064903259
0.3146440386772156,0.465683102607727,0.2518908083438873,0.5806542634963989,0.4045709669589996,0.3539757132530212,0.2488777041435241,0.2600322067737579,0.3428585529327392,0.3189655840396881,0.6115269064903259
0.3146440386772156,0.465683102607727,0.2518908083438873,0.5806542634963989,0.4045709669589996,0.3539757132530212,0.2488777041435241,0.2600322067737579,0.3428585529327392,0.3189655840396881,0.6115269064903259
0.3146440386772156,0.465683102607727,0.2518908083438873,0.5806542634963989,0.4045709669589996,0.3539757132530212,0.2488777041435241,0.2600322067737579,0.3428585529327392,0.3189655840396881,0.6115269064903259
0.3146440386772156,0.465683102607727,0.2518908083438873,0.5806542634963989,0.4045709669589996,0.3539757132530212,0.2488777041435241,0.2600322067737579,0.3428585529327392,0.3189655840396881,0.6115269064903259
0.3146440386772156,0.465683102607727,0.2518908083438873,0.5806542634963989,0.4045709669589996,0.3539757132530212,0.2488777041435241,0.2600322067737579,0.3428585529327392,0.3189655840396881,0.6115269064903259
0.3146440386772156,0.465683102607727,0.2518908083438873,0.5806542634963989,0.4045709669589996,0.3539757132530212,0.2488777041435241,0.2600322067737579,0.3428585529327392,0.3189655840396881,0.6115269064903259
0.3146440386772156,0.465683102607727,0.2518908083438873,0.5806542634963989,0.4045709669589996,0.3539757132530212,0.2488777041435241,0.2600322067737579,0.3428585529327392,0.3189655840396881,0.6115269064903259
0.3146440386772156,0.465683102607727,0.2518908083438873,0.5806542634963989,0.4045709669589996,0.3539757132530212,0.2488777041435241,0.2600322067737579,0.3428585529327392,0.3189655840396881,0.6115269064903259
0.3146440386772156,0.465683102607727,0.2518908083438873,0.5806542634963989,0.4045709669589996,0.3539757132530212,0.2488777041435241,0.2600322067737579,0.3428585529327392,0.3189655840396881,0.6115269064903259
0.3146440386772156,0.465683102607727,0.2518908083438873,0.5806542634963989,0.4045709669589996,0.3539757132530212,0.2488777041435241,0.2600322067737579,0.3428585529327392,0.3189655840396881,0.6115269064903259
0.3146440386772156,0.465683102607727,0.2518908083438873,0.5806542634963989,0.4045709669589996,0.3539757132530212,0.2488777041435241,0.2600322067737579,0.3428585529327392,0.3189655840396881,0.6115269064903259
0.3146440386772156,0.465683102607727,0.2518908083438873,0.5806542634963989,0.4045709669589996,0.3539757132530212,0.2488777041435241,0.2600322067737579,0.3428585529327392,0.3189655840396881,0.6115269064903259
0.3146440386772156,0.465683102607727,0.2518908083438873,0.5806542634963989,0.4045709669589996,0.3539757132530212,0.2488777041435241,0.2600322067737579,0.3428585529327392,0.3189655840396881,0.6115269064903259
0.3146440386772156,0.465683102607727,0.2518908083438873,0.5806542634963989,0.4045709669589996,0.3539757132530212,0.2488777041435241,0.2600322067737579,0.3428585529327392,0.3189655840396881,0.6115269064903259
0.3146440386772156,0.465683102607727,0.2518908083438873,0.5806542634963989,0.4045709669589996,0.3539757132530212,0.2488777041435241,0.2600322067737579,0.3428585529327392,0.3189655840396881,0.6115269064903259
0.3146440386772156,0.465683102607727,0.2518908083438873,0.5806542634963989,0.4045709669589996,0.3539757132530212,0.2488777041435241,0.2600322067737579,0.3428585529327392,0.3189655840396881,0.6115269064903259
0.3146440386772156,0.465683102607727,0.2518908083438873,0.5806542634963989,0.4045709669589996,0.3539757132530212,0.2488777041435241,0.2600322067737579,0.3428585529327392,0.3189655840396881,0.6115269064903259
0.3146440386772156,0.465683102607727,0.2518908083438873,0.5806542634963989,0.4045709669589996,0.3539757132530212,0.2488777041435241,0.2600322067737579,0.3428585529327392,0.3189655840396881,0.6115269064903259
0.3146440386772156,0.465683102607727,0.2518908083438873,0.5806542634963989,0.4045709669589996,0.3539757132530212,0.2488777041435241,0.2600322067737579,0.3428585529327392,0.3189655840396881,0.6115269064903259
0.3146440386772156,0.465683102607727,0.2518908083438873,0.5806542634963989,0.4045709669589996,0.3539757132530212,0.2488777041435241,0.2600322067737579,0.3428585529327392,0.3189655840396881,0.6115269064903259
0.3146440386772156,0.465683102607727,0.2518908083438873,0.5806542634963989,0.4045709669589996,0.3539757132530212,0.2488777041435241,0.2600322067737579,0.3428585529327392,0.3189655840396881,0.6115269064903259
0.3146440386772156,0.465683102607727,0.2518908083438873,0.5806542634963989,0.4045709669589996,0.3539757132530212,0.2488777041435241,0.2600322067737579,0.3428585529327392,0.3189655840396881,0.6115269064903259
0.3146440386772156,0.465683102607727,0.2518908083438873,0.5806542634963989,0.4045709669589996,0.3539757132530212,0.2488777041435241,0.2600322067737579,0.3428585529327392,0.3189655840396881,0.6115269064903259
0.3146440386772156,0.465683102607727,0.2518908083438873,0.5806542634963989,0.4045709669589996,0.3539757132530212,0.2488777041435241,0.2600322067737579,0.3428585529327392,0.3189655840396881,0.6115269064903259
0.3146440386772156,0.465683102607727,0.2518908083438873,0.5806542634963989,0.4045709669589996,0.3539757132530212,0.2488777041435241,0.2600322067737579,0.3428585529327392,0.3189655840396881,0.6115269064903259
0.3146440386772156,0.465683102607727,0.2518908083438873,0.5806542634963989,0.4045709669589996,0.3539757132530212,0.2488777041435241,0.2600322067737579,0.3428585529327392,0.3189655840396881,0.6115269064903259
0.3146440386772156,0.465683102607727,0.2518908083438873,0.5806542634963989,0.4045709669589996,0.3539757132530212,0.2488777041435241,0.2600322067737579,0.3428585529327392,0.3189655840396881,0.6115269064903259
0.3146440386772156,0.465683102607727,0.2518908083438873,0.5806542634963989,0.4045709669589996,0.3539757132530212,0.2488777041435241,0.2600322067737579,0.3428585529327392,0.3189655840396881,0.6115269064903259
0.3146440386772156,0.465683102607727,0.2518908083438873,0.5806542634963989,0.4045709669589996,0.3539757132530212,0.2488777041435241,0.2600322067737579,0.3428585529327392,0.3189655840396881,0.6115269064903259
0.3146440386772156,0.465683102607727,0.2518908083438873,0.5806542634963989,0.4045709669589996,0.3539757132530212,0.2488777041435241,0.2600322067737579,0.3428585529327392,0.3189655840396881,0.6115269064903259
0.3146440386772156,0.465683102607727,0.2518908083438873,0.5806542634963989,0.4045709669589996,0.3539757132530212,0.2488777041435241,0.2600322067737579,0.3428585529327392,0.3189655840396881,0.6115269064903259
0.3146440386772156,0.465683102607727,0.2518908083438873,0.5806542634963989,0.4045709669589996,0.3539757132530212,0.2488777041435241,0.2600322067737579,0.3428585529327392,0.3189655840396881,0.6115269064903259
0.3146440386772156,0.465683102607727,0.2518908083438873,0.5806542634963989,0.4045709669589996,0.3539757132530212,0.2488777041435241,0.2600322067737579,0.3428585529327392,0.3189655840396881,0.6115269064903259
0.3146440386772156,0.465683102607727,0.2518908083438873,0.5806542634963989,0.4045709669589996,0.3539757132530212,0.2488777041435241,0.2600322067737579,0.3428585529327392,0.3189655840396881,0.6115269064903259
0.3146440386772156,0.465683102607727,0.2518908083438873,0.5806542634963989,0.4045709669589996,0.3539757132530212,0.2488777041435241,0.2600322067737579,0.3428585529327392,0.3189655840396881,0.6115269064903259
0.3146440386772156,0.465683102607727,0.2518908083438873,0.5806542634963989,0.4045709669589996,0.3539757132530212,0.2488777041435241,0.2600322067737579,0.3428585529327392,0.3189655840396881,0.6115269064903259
0.3146440386772156,0.465683102607727,0.2518908083438873,0.5806542634963989,0.4045709669589996,0.3539757132530212,0.2488777041435241,0.2600322067737579,0.3428585529327392,0.3189655840396881,0.6115269064903259
0.3146440386772156,0.465683102607727,0.2518908083438873,0.5806542634963989,0.4045709669589996,0.3539757132530212,0.2488777041435241,0.2600322067737579,0.3428585529327392,0.3189655840396881,0.6115269064903259
0.3146440386772156,0.465683102607727,0.2518908083438873,0.5806542634963989,0.4045709669589996,0.3539757132530212,0.2488777041435241,0.2600322067737579,0.3428585529327392,0.3189655840396881,0.6115269064903259
0.3146440386772156,0.465683102607727,0.2518908083438873,0.5806542634963989,0.4045709669589996,0.3539757132530212,0.2488777041435241,0.2600322067737579,0.3428585529327392,0.3189655840396881,0.6115269064903259
0.3146440386772156,0.465683102607727,0.2518908083438873,0.5806542634963989,0.4045709669589996,0.3539757132530212,0.2488777041435241,0.2600322067737579,0.3428585529327392,0.3189655840396881,0.6115269064903259
0.3146440386772156,0.465683102607727,0.2518908083438873,0.5806542634963989,0.4045709669589996,0.3539757132530212,0.2488777041435241,0.2600322067737579,0.3428585529327392,0.3189655840396881,0.6115269064903259
0.28849658370018,0.4315758645534515,0.1077913269400596,0.3124800324440002,0.4841626286506653,0.2964990139007568,0.1767313033342361,0.4956784844398498,0.2871870100498199,0.3837011754512787,0.1146273538470268
0.2883940935134887,0.4320358037948608,0.1079549640417099,0.3127493858337402,0.4845187067985534,0.2966003715991974,0.1766978204250335,0.4958574473857879,0.2872851490974426,0.3837454915046692,0.1146424636244773
0.2882915735244751,0.4324957430362701,0.1081186085939407,0.3130187392234802,0.4848748445510864,0.2967017292976379,0.176664337515831,0.4960364103317261,0.2873833179473877,0.3837898373603821,0.1146575659513473
0.2881890535354614,0.432955652475357,0.1082822382450103,0.3132880926132202,0.4852309226989746,0.2968030869960785,0.176630824804306,0.4962153732776642,0.2874815165996551,0.3838341832160949,0.1146726757287979
0.2880865335464477,0.4334155917167663,0.1084458827972412,0.3135574758052826,0.4855870306491852,0.296904444694519,0.1765973418951034,0.4963943362236023,0.2875796556472778,0.3838784992694855,0.1146877780556678
0.2879840135574341,0.4338755309581756,0.1086095124483108,0.3138267993927002,0.4859431385993957,0.2970057725906372,0.1765638440847396,0.4965733289718628,0.2876778542995453,0.383922815322876,0.1147028878331184
0.2878814935684204,0.4343355000019073,0.1087731570005416,0.3140961527824402,0.4862992167472839,0.2971071302890777,0.1765303611755371,0.4967522621154785,0.2877760231494903,0.3839671313762665,0.1147179901599884
0.2877789735794067,0.4347954094409942,0.1089367941021919,0.3143655359745025,0.4866553246974945,0.2972084879875183,0.1764968633651733,0.496931254863739,0.2878742218017578,0.3840114772319793,0.1147330999374389
0.287676453590393,0.4352553486824035,0.1091004312038421,0.3146348595619201,0.4870114624500274,0.2973098456859588,0.1764633655548095,0.4971102178096771,0.2879723906517029,0.3840557932853699,0.1147482097148895
0.2875739634037018,0.4357152581214905,0.109264075756073,0.3149042427539825,0.4873675107955932,0.2974112033843994,0.176429882645607,0.4972891509532928,0.2880705296993255,0.3841001391410827,0.11476331949234
0.2874714434146881,0.4361752271652221,0.1094277128577232,0.3151735961437225,0.4877236485481262,0.2975125610828399,0.1763963848352432,0.4974681138992309,0.288168728351593,0.3841444849967956,0.11477842181921
0.2873689234256744,0.4366351366043091,0.1095913499593734,0.3154429495334625,0.4880797266960144,0.2976139187812805,0.1763628870248794,0.4976471066474914,0.2882668972015381,0.3841888308525085,0.11479352414608
0.2872664034366607,0.437095046043396,0.1097549870610237,0.3157123029232025,0.4884358644485473,0.297715276479721,0.1763294041156768,0.4978260397911072,0.2883650660514831,0.3842331171035766,0.1148086339235305
0.2871639132499695,0.4375549852848053,0.1099186241626739,0.3159816563129425,0.4887919425964355,0.2978166043758392,0.1762959063053131,0.4980050325393677,0.2884632349014282,0.3842774331569671,0.1148237437009811
0.2870613634586334,0.4380149245262146,0.1100822687149047,0.3162510395050049,0.4891480803489685,0.2979179620742798,0.1762624233961105,0.4981839954853058,0.2885614037513733,0.3843217492103576,0.1148388460278511
0.2869588732719421,0.4384748637676239,0.1102458983659744,0.3165203928947449,0.4895041584968567,0.2980193197727203,0.1762289255857467,0.4983629584312439,0.2886595726013183,0.3843660950660705,0.1148539558053016
0.2868563532829284,0.4389348030090332,0.1104095429182052,0.3167897164821625,0.4898602962493896,0.2981206774711609,0.176195427775383,0.498541921377182,0.2887577414512634,0.3844104409217834,0.1148690581321716
0.2867538332939148,0.4393947422504425,0.1105731800198555,0.3170590996742248,0.4902163743972778,0.2982220351696014,0.1761619448661804,0.4987208843231201,0.2888559103012085,0.3844547867774963,0.1148841679096221
0.2866513133049011,0.4398546516895294,0.1107368171215057,0.3173284232616424,0.490572452545166,0.298323392868042,0.1761284470558166,0.4988998472690582,0.2889540791511535,0.3844990730285644,0.1148992776870727
0.2865487933158874,0.4403145909309387,0.1109004542231559,0.3175978064537048,0.490928590297699,0.2984247505664825,0.176094964146614,0.4990788102149963,0.2890522480010986,0.3845434188842773,0.1149143874645233
0.2865487933158874,0.4403145909309387,0.1109004542231559,0.3175978064537048,0.490928590297699,0.2984247505664825,0.176094964146614,0.4990788102149963,0.2890522480010986,0.3845434188842773,0.1149143874645233
0.2865487933158874,0.4403145909309387,0.1109004542231559,0.3175978064537048,0.490928590297699,0.2984247505664825,0.176094964146614,0.4990788102149963,0.2890522480010986,0.3845434188842773,0.1149143874645233
0.2865487933158874,0.4403145909309387,0.1109004542231559,0.3175978064537048,0.490928590297699,0.2984247505664825,0.176094964146614,0.4990788102149963,0.2890522480010986,0.3845434188842773,0.1149143874645233
0.2865487933158874,0.4403145909309387,0.1109004542231559,0.3175978064537048,0.490928590297699,0.2984247505664825,0.176094964146614,0.4990788102149963,0.2890522480010986,0.3845434188842773,0.1149143874645233
0.2865487933158874,0.4403145909309387,0.1109004542231559,0.3175978064537048,0.490928590297699,0.2984247505664825,0.176094964146614,0.4990788102149963,0.2890522480010986,0.3845434188842773,0.1149143874645233
0.2865487933158874,0.4403145909309387,0.1109004542231559,0.3175978064537048,0.490928590297699,0.2984247505664825,0.176094964146614,0.4990788102149963,0.2890522480010986,0.3845434188842773,0.1149143874645233
0.2865487933158874,0.4403145909309387,0.1109004542231559,0.3175978064537048,0.490928590297699,0.2984247505664825,0.176094964146614,0.4990788102149963,0.2890522480010986,0.3845434188842773,0.1149143874645233
0.2865487933158874,0.4403145909309387,0.1109004542231559,0.3175978064537048,0.490928590297699,0.2984247505664825,0.176094964146614,0.4990788102149963,0.2890522480010986,0.3845434188842773,0.1149143874645233
0.2865487933158874,0.4403145909309387,0.1109004542231559,0.3175978064537048,0.490928590297699,0.2984247505664825,0.176094964146614,0.4990788102149963,0.2890522480010986,0.3845434188842773,0.1149143874645233
0.2865487933158874,0.4403145909309387,0.1109004542231559,0.3175978064537048,0.490928590297699,0.2984247505664825,0.176094964146614,0.4990788102149963,0.2890522480010986,0.3845434188842773,0.1149143874645233
0.2865487933158874,0.4403145909309387,0.1109004542231559,0.3175978064537048,0.490928590297699,0.2984247505664825,0.176094964146614,0.4990788102149963,0.2890522480010986,0.3845434188842773,0.1149143874645233
0.2865487933158874,0.4403145909309387,0.1109004542231559,0.3175978064537048,0.490928590297699,0.2984247505664825,0.176094964146614,0.4990788102149963,0.2890522480010986,0.3845434188842773,0.1149143874645233
0.2865487933158874,0.4403145909309387,0.1109004542231559,0.3175978064537048,0.490928590297699,0.2984247505664825,0.176094964146614,0.4990788102149963,0.2890522480010986,0.3845434188842773,0.1149143874645233
0.2865487933158874,0.4403145909309387,0.1109004542231559,0.3175978064537048,0.490928590297699,0.2984247505664825,0.176094964146614,0.4990788102149963,0.2890522480010986,0.3845434188842773,0.1149143874645233
0.2865487933158874,0.4403145909309387,0.1109004542231559,0.3175978064537048,0.490928590297699,0.2984247505664825,0.176094964146614,0.4990788102149963,0.2890522480010986,0.3845434188842773,0.1149143874645233
0.2865487933158874,0.4403145909309387,0.1109004542231559,0.3175978064537048,0.490928590297699,0.2984247505664825,0.176094964146614,0.4990788102149963,0.2890522480010986,0.3845434188842773,0.1149143874645233
0.2865487933158874,0.4403145909309387,0.1109004542231559,0.3175978064537048,0.490928590297699,0.2984247505664825,0.176094964146614,0.4990788102149963,0.2890522480010986,0.3845434188842773,0.1149143874645233
0.2865487933158874,0.4403145909309387,0.1109004542231559,0.3175978064537048,0.490928590297699,0.2984247505664825,0.176094964146614,0.4990788102149963,0.2890522480010986,0.3845434188842773,0.1149143874645233
0.2865487933158874,0.4403145909309387,0.1109004542231559,0.3175978064537048,0.490928590297699,0.2984247505664825,0.176094964146614,0.4990788102149963,0.2890522480010986,0.3845434188842773,0.1149143874645233
0.2865487933158874,0.4403145909309387,0.1109004542231559,0.3175978064537048,0.490928590297699,0.2984247505664825,0.176094964146614,0.4990788102149963,0.2890522480010986,0.3845434188842773,0.1149143874645233
0.2865487933158874,0.4403145909309387,0.1109004542231559,0.3175978064537048,0.490928590297699,0.2984247505664825,0.176094964146614,0.4990788102149963,0.2890522480010986,0.3845434188842773,0.1149143874645233
0.2865487933158874,0.4403145909309387,0.1109004542231559,0.3175978064537048,0.490928590297699,0.2984247505664825,0.176094964146614,0.4990788102149963,0.2890522480010986,0.3845434188842773,0.1149143874645233
0.2865487933158874,0.4403145909309387,0.1109004542231559,0.3175978064537048,0.490928590297699,0.2984247505664825,0.176094964146614,0.4990788102149963,0.2890522480010986,0.3845434188842773,0.1149143874645233
0.2865487933158874,0.4403145909309387,0.1109004542231559,0.3175978064537048,0.490928590297699,0.2984247505664825,0.176094964146614,0.4990788102149963,0.2890522480010986,0.3845434188842773,0.1149143874645233
0.2865487933158874,0.4403145909309387,0.1109004542231559,0.3175978064537048,0.490928590297699,0.2984247505664825,0.176094964146614,0.4990788102149963,0.2890522480010986,0.3845434188842773,0.1149143874645233
0.2865487933158874,0.4403145909309387,0.1109004542231559,0.3175978064537048,0.490928590297699,0.2984247505664825,0.176094964146614,0.4990788102149963,0.2890522480010986,0.3845434188842773,0.1149143874645233
0.2865487933158874,0.4403145909309387,0.1109004542231559,0.3175978064537048,0.490928590297699,0.2984247505664825,0.176094964146614,0.4990788102149963,0.2890522480010986,0.3845434188842773,0.1149143874645233
0.2865487933158874,0.4403145909309387,0.1109004542231559,0.3175978064537048,0.490928590297699,0.2984247505664825,0.176094964146614,0.4990788102149963,0.2890522480010986,0.3845434188842773,0.1149143874645233
0.2865487933158874,0.4403145909309387,0.1109004542231559,0.3175978064537048,0.490928590297699,0.2984247505664825,0.176094964146614,0.4990788102149963,0.2890522480010986,0.3845434188842773,0.1149143874645233
0.2865487933158874,0.4403145909309387,0.1109004542231559,0.3175978064537048,0.490928590297699,0.2984247505664825,0.176094964146614,0.4990788102149963,0.2890522480010986,0.3845434188842773,0.1149143874645233
0.2865487933158874,0.4403145909309387,0.1109004542231559,0.3175978064537048,0.490928590297699,0.2984247505664825,0.176094964146614,0.4990788102149963,0.2890522480010986,0.3845434188842773,0.1149143874645233
0.2865487933158874,0.4403145909309387,0.1109004542231559,0.3175978064537048,0.490928590297699,0.2984247505664825,0.176094964146614,0.4990788102149963,0.2890522480010986,0.3845434188842773,0.1149143874645233
0.2865487933158874,0.4403145909309387,0.1109004542231559,0.3175978064537048,0.490928590297699,0.2984247505664825,0.176094964146614,0.4990788102149963,0.2890522480010986,0.3845434188842773,0.1149143874645233
0.2865487933158874,0.4403145909309387,0.1109004542231559,0.3175978064537048,0.490928590297699,0.2984247505664825,0.176094964146614,0.4990788102149963,0.2890522480010986,0.3845434188842773,0.1149143874645233
0.2865487933158874,0.4403145909309387,0.1109004542231559,0.3175978064537048,0.490928590297699,0.2984247505664825,0.176094964146614,0.4990788102149963,0.2890522480010986,0.3845434188842773,0.1149143874645233
0.2865487933158874,0.4403145909309387,0.1109004542231559,0.3175978064537048,0.490928590297699,0.2984247505664825,0.176094964146614,0.4990788102149963,0.2890522480010986,0.3845434188842773,0.1149143874645233
0.2865487933158874,0.4403145909309387,0.1109004542231559,0.3175978064537048,0.490928590297699,0.2984247505664825,0.176094964146614,0.4990788102149963,0.2890522480010986,0.3845434188842773,0.1149143874645233
0.2865487933158874,0.4403145909309387,0.1109004542231559,0.3175978064537048,0.490928590297699,0.2984247505664825,0.176094964146614,0.4990788102149963,0.2890522480010986,0.3845434188842773,0.1149143874645233
0.2865487933158874,0.4403145909309387,0.1109004542231559,0.3175978064537048,0.490928590297699,0.2984247505664825,0.176094964146614,0.4990788102149963,0.2890522480010986,0.3845434188842773,0.1149143874645233
0.2865487933158874,0.4403145909309387,0.1109004542231559,0.3175978064537048,0.490928590297699,0.2984247505664825,0.176094964146614,0.4990788102149963,0.2890522480010986,0.3845434188842773,0.1149143874645233
0.2865487933158874,0.4403145909309387,0.1109004542231559,0.3175978064537048,0.490928590297699,0.2984247505664825,0.176094964146614,0.4990788102149963,0.2890522480010986,0.3845434188842773,0.1149143874645233
0.2865487933158874,0.4403145909309387,0.1109004542231559,0.3175978064537048,0.490928590297699,0.2984247505664825,0.176094964146614,0.4990788102149963,0.2890522480010986,0.3845434188842773,0.1149143874645233
0.2865487933158874,0.4403145909309387,0.1109004542231559,0.3175978064537048,0.490928590297699,0.2984247505664825,0.176094964146614,0.4990788102149963,0.2890522480010986,0.3845434188842773,0.1149143874645233
0.2865487933158874,0.4403145909309387,0.1109004542231559,0.3175978064537048,0.490928590297699,0.2984247505664825,0.176094964146614,0.4990788102149963,0.2890522480010986,0.3845434188842773,0.1149143874645233
0.2865487933158874,0.4403145909309387,0.1109004542231559,0.3175978064537048,0.490928590297699,0.2984247505664825,0.176094964146614,0.4990788102149963,0.2890522480010986,0.3845434188842773,0.1149143874645233
0.2865487933158874,0.4403145909309387,0.1109004542231559,0.3175978064537048,0.490928590297699,0.2984247505664825,0.176094964146614,0.4990788102149963,0.2890522480010986,0.3845434188842773,0.1149143874645233
0.2865487933158874,0.4403145909309387,0.1109004542231559,0.3175978064537048,0.490928590297699,0.2984247505664825,0.176094964146614,0.4990788102149963,0.2890522480010986,0.3845434188842773,0.1149143874645233
0.2865487933158874,0.4403145909309387,0.1109004542231559,0.3175978064537048,0.490928590297699,0.2984247505664825,0.176094964146614,0.4990788102149963,0.2890522480010986,0.3845434188842773,0.1149143874645233
0.2865487933158874,0.4403145909309387,0.1109004542231559,0.3175978064537048,0.490928590297699,0.2984247505664825,0.176094964146614,0.4990788102149963,0.2890522480010986,0.3845434188842773,0.1149143874645233
0.2865487933158874,0.4403145909309387,0.1109004542231559,0.3175978064537048,0.490928590297699,0.2984247505664825,0.176094964146614,0.4990788102149963,0.2890522480010986,0.3845434188842773,0.1149143874645233
0.2865487933158874,0.4403145909309387,0.1109004542231559,0.3175978064537048,0.490928590297699,0.2984247505664825,0.176094964146614,0.4990788102149963,0.2890522480010986,0.3845434188842773,0.1149143874645233
0.2865487933158874,0.4403145909309387,0.1109004542231559,0.3175978064537048,0.490928590297699,0.2984247505664825,0.176094964146614,0.4990788102149963,0.2890522480010986,0.3845434188842773,0.1149143874645233
0.2865487933158874,0.4403145909309387,0.1109004542231559,0.3175978064537048,0.490928590297699,0.2984247505664825,0.176094964146614,0.4990788102149963,0.2890522480010986,0.3845434188842773,0.1149143874645233
0.2865487933158874,0.4403145909309387,0.1109004542231559,0.3175978064537048,0.490928590297699,0.2984247505664825,0.176094964146614,0.4990788102149963,0.2890522480010986,0.3845434188842773,0.1149143874645233
0.2865487933158874,0.4403145909309387,0.1109004542231559,0.3175978064537048,0.490928590297699,0.2984247505664825,0.176094964146614,0.4990788102149963,0.2890522480010986,0.3845434188842773,0.1149143874645233
0.2865487933158874,0.4403145909309387,0.1109004542231559,0.3175978064537048,0.490928590297699,0.2984247505664825,0.176094964146614,0.4990788102149963,0.2890522480010986,0.3845434188842773,0.1149143874645233
0.2865487933158874,0.4403145909309387,0.1109004542231559,0.3175978064537048,0.490928590297699,0.2984247505664825,0.176094964146614,0.4990788102149963,0.2890522480010986,0.3845434188842773,0.1149143874645233
0.2865487933158874,0.4403145909309387,0.1109004542231559,0.3175978064537048,0.490928590297699,0.2984247505664825,0.176094964146614,0.4990788102149963,0.2890522480010986,0.3845434188842773,0.1149143874645233
0.2865487933158874,0.4403145909309387,0.1109004542231559,0.3175978064537048,0.490928590297699,0.2984247505664825,0.176094964146614,0.4990788102149963,0.2890522480010986,0.3845434188842773,0.1149143874645233
0.2865487933158874,0.4403145909309387,0.1109004542231559,0.3175978064537048,0.490928590297699,0.2984247505664825,0.176094964146614,0.4990788102149963,0.2890522480010986,0.3845434188842773,0.1149143874645233
0.2865487933158874,0.4403145909309387,0.1109004542231559,0.3175978064537048,0.490928590297699,0.2984247505664825,0.176094964146614,0.4990788102149963,0.2890522480010986,0.3845434188842773,0.1149143874645233
0.2865487933158874,0.4403145909309387,0.1109004542231559,0.3175978064537048,0.490928590297699,0.2984247505664825,0.176094964146614,0.4990788102149963,0.2890522480010986,0.3845434188842773,0.1149143874645233
0.2865487933158874,0.4403145909309387,0.1109004542231559,0.3175978064537048,0.490928590297699,0.2984247505664825,0.176094964146614,0.4990788102149963,0.2890522480010986,0.3845434188842773,0.1149143874645233
0.2865487933158874,0.4403145909309387,0.1109004542231559,0.3175978064537048,0.490928590297699,0.2984247505664825,0.176094964146614,0.4990788102149963,0.2890522480010986,0.3845434188842773,0.1149143874645233
0.2865487933158874,0.4403145909309387,0.1109004542231559,0.3175978064537048,0.490928590297699,0.2984247505664825,0.176094964146614,0.4990788102149963,0.2890522480010986,0.3845434188842773,0.1149143874645233
0.2865487933158874,0.4403145909309387,0.1109004542231559,0.3175978064537048,0.490928590297699,0.2984247505664825,0.176094964146614,0.4990788102149963,0.2890522480010986,0.3845434188842773,0.1149143874645233
0.2865487933158874,0.4403145909309387,0.1109004542231559,0.3175978064537048,0.490928590297699,0.2984247505664825,0.176094964146614,0.4990788102149963,0.2890522480010986,0.3845434188842773,0.1149143874645233
0.2865487933158874,0.4403145909309387,0.1109004542231559,0.3175978064537048,0.490928590297699,0.2984247505664825,0.176094964146614,0.4990788102149963,0.2890522480010986,0.3845434188842773,0.1149143874645233
0.2865487933158874,0.4403145909309387,0.1109004542231559,0.3175978064537048,0.490928590297699,0.2984247505664825,0.176094964146614,0.4990788102149963,0.2890522480010986,0.3845434188842773,0.1149143874645233
0.2865487933158874,0.4403145909309387,0.1109004542231559,0.3175978064537048,0.490928590297699,0.2984247505664825,0.176094964146614,0.4990788102149963,0.2890522480010986,0.3845434188842773,0.1149143874645233
0.2865487933158874,0.4403145909309387,0.1109004542231559,0.3175978064537048,0.490928590297699,0.2984247505664825,0.176094964146614,0.4990788102149963,0.2890522480010986,0.3845434188842773,0.1149143874645233
0.2865487933158874,0.4403145909309387,0.1109004542231559,0.3175978064537048,0.490928590297699,0.2984247505664825,0.176094964146614,0.4990788102149963,0.2890522480010986,0.3845434188842773,0.1149143874645233
0.2865487933158874,0.4403145909309387,0.1109004542231559,0.3175978064537048,0.490928590297699,0.2984247505664825,0.176094964146614,0.4990788102149963,0.2890522480010986,0.3845434188842773,0.1149143874645233
0.2865487933158874,0.4403145909309387,0.1109004542231559,0.3175978064537048,0.490928590297699,0.2984247505664825,0.176094964146614,0.4990788102149963,0.2890522480010986,0.3845434188842773,0.1149143874645233
0.2865487933158874,0.4403145909309387,0.1109004542231559,0.3175978064537048,0.490928590297699,0.2984247505664825,0.176094964146614,0.4990788102149963,0.2890522480010986,0.3845434188842773,0.1149143874645233
0.2865487933158874,0.4403145909309387,0.1109004542231559,0.3175978064537048,0.490928590297699,0.2984247505664825,0.176094964146614,0.4990788102149963,0.2890522480010986,0.3845434188842773,0.1149143874645233
0.2865487933158874,0.4403145909309387,0.1109004542231559,0.3175978064537048,0.490928590297699,0.2984247505664825,0.176094964146614,0.4990788102149963,0.2890522480010986,0.3845434188842773,0.1149143874645233
0.2865487933158874,0.4403145909309387,0.1109004542231559,0.3175978064537048,0.490928590297699,0.2984247505664825,0.176094964146614,0.4990788102149963,0.2890522480010986,0.3845434188842773,0.1149143874645233
0.2865487933158874,0.4403145909309387,0.1109004542231559,0.3175978064537048,0.490928590297699,0.2984247505664825,0.176094964146614,0.4990788102149963,0.2890522480010986,0.3845434188842773,0.1149143874645233
0.2865487933158874,0.4403145909309387,0.1109004542231559,0.3175978064537048,0.490928590297699,0.2984247505664825,0.176094964146614,0.4990788102149963,0.2890522480010986,0.3845434188842773,0.1149143874645233
0.2865487933158874,0.4403145909309387,0.1109004542231559,0.3175978064537048,0.490928590297699,0.2984247505664825,0.176094964146614,0.4990788102149963,0.2890522480010986,0.3845434188842773,0.1149143874645233
0.2865487933158874,0.4403145909309387,0.1109004542231559,0.3175978064537048,0.490928590297699,0.2984247505664825,0.176094964146614,0.4990788102149963,0.2890522480010986,0.3845434188842773,0.1149143874645233
0.2865487933158874,0.4403145909309387,0.1109004542231559,0.3175978064537048,0.490928590297699,0.2984247505664825,0.176094964146614,0.4990788102149963,0.2890522480010986,0.3845434188842773,0.1149143874645233
0.2865487933158874,0.4403145909309387,0.1109004542231559,0.3175978064537048,0.490928590297699,0.2984247505664825,0.176094964146614,0.4990788102149963,0.2890522480010986,0.3845434188842773,0.1149143874645233
0.2865487933158874,0.4403145909309387,0.1109004542231559,0.3175978064537048,0.490928590297699,0.2984247505664825,0.176094964146614,0.4990788102149963,0.2890522480010986,0.3845434188842773,0.1149143874645233
0.2865487933158874,0.4403145909309387,0.1109004542231559,0.3175978064537048,0.490928590297699,0.2984247505664825,0.176094964146614,0.4990788102149963,0.2890522480010986,0.3845434188842773,0.1149143874645233
0.2865487933158874,0.4403145909309387,0.1109004542231559,0.3175978064537048,0.490928590297699,0.2984247505664825,0.176094964146614,0.4990788102149963,0.2890522480010986,0.3845434188842773,0.1149143874645233
0.2865487933158874,0.4403145909309387,0.1109004542231559,0.3175978064537048,0.490928590297699,0.2984247505664825,0.176094964146614,0.4990788102149963,0.2890522480010986,0.3845434188842773,0.1149143874645233
0.2865487933158874,0.4403145909309387,0.1109004542231559,0.3175978064537048,0.490928590297699,0.2984247505664825,0.176094964146614,0.4990788102149963,0.2890522480010986,0.3845434188842773,0.1149143874645233
0.2865487933158874,0.4403145909309387,0.1109004542231559,0.3175978064537048,0.490928590297699,0.2984247505664825,0.176094964146614,0.4990788102149963,0.2890522480010986,0.3845434188842773,0.1149143874645233
0.2865487933158874,0.4403145909309387,0.1109004542231559,0.3175978064537048,0.490928590297699,0.2984247505664825,0.176094964146614,0.4990788102149963,0.2890522480010986,0.3845434188842773,0.1149143874645233
0.2865487933158874,0.4403145909309387,0.1109004542231559,0.3175978064537048,0.490928590297699,0.2984247505664825,0.176094964146614,0.4990788102149963,0.2890522480010986,0.3845434188842773,0.1149143874645233
0.2865487933158874,0.4403145909309387,0.1109004542231559,0.3175978064537048,0.490928590297699,0.2984247505664825,0.176094964146614,0.4990788102149963,0.2890522480010986,0.3845434188842773,0.1149143874645233
0.2865487933158874,0.4403145909309387,0.1109004542231559,0.3175978064537048,0.490928590297699,0.2984247505664825,0.176094964146614,0.4990788102149963,0.2890522480010986,0.3845434188842773,0.1149143874645233
0.2865487933158874,0.4403145909309387,0.1109004542231559,0.3175978064537048,0.490928590297699,0.2984247505664825,0.176094964146614,0.4990788102149963,0.2890522480010986,0.3845434188842773,0.1149143874645233
0.2865487933158874,0.4403145909309387,0.1109004542231559,0.3175978064537048,0.490928590297699,0.2984247505664825,0.176094964146614,0.4990788102149963,0.2890522480010986,0.3845434188842773,0.1149143874645233
0.2865487933158874,0.4403145909309387,0.1109004542231559,0.3175978064537048,0.490928590297699,0.2984247505664825,0.176094964146614,0.4990788102149963,0.2890522480010986,0.3845434188842773,0.1149143874645233
0.2865487933158874,0.4403145909309387,0.1109004542231559,0.3175978064537048,0.490928590297699,0.2984247505664825,0.176094964146614,0.4990788102149963,0.2890522480010986,0.3845434188842773,0.1149143874645233
0.2865487933158874,0.4403145909309387,0.1109004542231559,0.3175978064537048,0.490928590297699,0.2984247505664825,0.176094964146614,0.4990788102149963,0.2890522480010986,0.3845434188842773,0.1149143874645233
0.2865487933158874,0.4403145909309387,0.1109004542231559,0.3175978064537048,0.490928590297699,0.2984247505664825,0.176094964146614,0.4990788102149963,0.2890522480010986,0.3845434188842773,0.1149143874645233
0.2865487933158874,0.4403145909309387,0.1109004542231559,0.3175978064537048,0.490928590297699,0.2984247505664825,0.176094964146614,0.4990788102149963,0.2890522480010986,0.3845434188842773,0.1149143874645233
0.2865487933158874,0.4403145909309387,0.1109004542231559,0.3175978064537048,0.490928590297699,0.2984247505664825,0.176094964146614,0.4990788102149963,0.2890522480010986,0.3845434188842773,0.1149143874645233
0.2865487933158874,0.4403145909309387,0.1109004542231559,0.3175978064537048,0.490928590297699,0.2984247505664825,0.176094964146614,0.4990788102149963,0.2890522480010986,0.3845434188842773,0.1149143874645233
0.2865487933158874,0.4403145909309387,0.1109004542231559,0.3175978064537048,0.490928590297699,0.2984247505664825,0.176094964146614,0.4990788102149963,0.2890522480010986,0.3845434188842773,0.1149143874645233
0.2865487933158874,0.4403145909309387,0.1109004542231559,0.3175978064537048,0.490928590297699,0.2984247505664825,0.176094964146614,0.4990788102149963,0.2890522480010986,0.3845434188842773,0.1149143874645233
0.2865487933158874,0.4403145909309387,0.1109004542231559,0.3175978064537048,0.490928590297699,0.2984247505664825,0.176094964146614,0.4990788102149963,0.2890522480010986,0.3845434188842773,0.1149143874645233
0.2865487933158874,0.4403145909309387,0.1109004542231559,0.3175978064537048,0.490928590297699,0.2984247505664825,0.176094964146614,0.4990788102149963,0.2890522480010986,0.3845434188842773,0.1149143874645233
0.2865487933158874,0.4403145909309387,0.1109004542231559,0.3175978064537048,0.490928590297699,0.2984247505664825,0.176094964146614,0.4990788102149963,0.2890522480010986,0.3845434188842773,0.1149143874645233
0.2865487933158874,0.4403145909309387,0.1109004542231559,0.3175978064537048,0.490928590297699,0.2984247505664825,0.176094964146614,0.4990788102149963,0.2890522480010986,0.3845434188842773,0.1149143874645233
0.2865487933158874,0.4403145909309387,0.1109004542231559,0.3175978064537048,0.490928590297699,0.2984247505664825,0.176094964146614,0.4990788102149963,0.2890522480010986,0.3845434188842773,0.1149143874645233
0.2865487933158874,0.4403145909309387,0.1109004542231559,0.3175978064537048,0.490928590297699,0.2984247505664825,0.176094964146614,0.4990788102149963,0.2890522480010986,0.3845434188842773,0.1149143874645233
0.2865487933158874,0.4403145909309387,0.1109004542231559,0.3175978064537048,0.490928590297699,0.2984247505664825,0.176094964146614,0.4990788102149963,0.2890522480010986,0.3845434188842773,0.1149143874645233
0.2865487933158874,0.4403145909309387,0.1109004542231559,0.3175978064537048,0.490928590297699,0.2984247505664825,0.176094964146614,0.4990788102149963,0.2890522480010986,0.3845434188842773,0.1149143874645233
0.2865487933158874,0.4403145909309387,0.1109004542231559,0.3175978064537048,0.490928590297699,0.2984247505664825,0.176094964146614,0.4990788102149963,0.2890522480010986,0.3845434188842773,0.1149143874645233
0.2865487933158874,0.4403145909309387,0.1109004542231559,0.3175978064537048,0.490928590297699,0.2984247505664825,0.176094964146614,0.4990788102149963,0.2890522480010986,0.3845434188842773,0.1149143874645233
0.2865487933158874,0.4403145909309387,0.1109004542231559,0.3175978064537048,0.490928590297699,0.2984247505664825,0.176094964146614,0.4990788102149963,0.2890522480010986,0.3845434188842773,0.1149143874645233
0.2865487933158874,0.4403145909309387,0.1109004542231559,0.3175978064537048,0.490928590297699,0.2984247505664825,0.176094964146614,0.4990788102149963,0.2890522480010986,0.3845434188842773,0.1149143874645233
0.2865487933158874,0.4403145909309387,0.1109004542231559,0.3175978064537048,0.490928590297699,0.2984247505664825,0.176094964146614,0.4990788102149963,0.2890522480010986,0.3845434188842773,0.1149143874645233
0.2865487933158874,0.4403145909309387,0.1109004542231559,0.3175978064537048,0.490928590297699,0.2984247505664825,0.176094964146614,0.4990788102149963,0.2890522480010986,0.3845434188842773,0.1149143874645233
0.2865487933158874,0.4403145909309387,0.1109004542231559,0.3175978064537048,0.490928590297699,0.2984247505664825,0.176094964146614,0.4990788102149963,0.2890522480010986,0.3845434188842773,0.1149143874645233
0.2865487933158874,0.4403145909309387,0.1109004542231559,0.3175978064537048,0.490928590297699,0.2984247505664825,0.176094964146614,0.4990788102149963,0.2890522480010986,0.3845434188842773,0.1149143874645233
0.2865487933158874,0.4403145909309387,0.1109004542231559,0.3175978064537048,0.490928590297699,0.2984247505664825,0.176094964146614,0.4990788102149963,0.2890522480010986,0.3845434188842773,0.1149143874645233
0.2865487933158874,0.4403145909309387,0.1109004542231559,0.3175978064537048,0.490928590297699,0.2984247505664825,0.176094964146614,0.4990788102149963,0.2890522480010986,0.3845434188842773,0.1149143874645233
0.2865487933158874,0.4403145909309387,0.1109004542231559,0.3175978064537048,0.490928590297699,0.2984247505664825,0.176094964146614,0.4990788102149963,0.2890522480010986,0.3845434188842773,0.1149143874645233
0.2865487933158874,0.4403145909309387,0.1109004542231559,0.3175978064537048,0.490928590297699,0.2984247505664825,0.176094964146614,0.4990788102149963,0.2890522480010986,0.3845434188842773,0.1149143874645233
0.2865487933158874,0.4403145909309387,0.1109004542231559,0.3175978064537048,0.490928590297699,0.2984247505664825,0.176094964146614,0.4990788102149963,0.2890522480010986,0.3845434188842773,0.1149143874645233
0.2865487933158874,0.4403145909309387,0.1109004542231559,0.3175978064537048,0.490928590297699,0.2984247505664825,0.176094964146614,0.4990788102149963,0.2890522480010986,0.3845434188842773,0.1149143874645233
0.2865487933158874,0.4403145909309387,0.1109004542231559,0.3175978064537048,0.490928590297699,0.2984247505664825,0.176094964146614,0.4990788102149963,0.2890522480010986,0.3845434188842773,0.1149143874645233
0.2865487933158874,0.4403145909309387,0.1109004542231559,0.3175978064537048,0.490928590297699,0.2984247505664825,0.176094964146614,0.4990788102149963,0.2890522480010986,0.3845434188842773,0.1149143874645233
0.2865487933158874,0.4403145909309387,0.1109004542231559,0.3175978064537048,0.490928590297699,0.2984247505664825,0.176094964146614,0.4990788102149963,0.2890522480010986,0.3845434188842773,0.1149143874645233
0.2865487933158874,0.4403145909309387,0.1109004542231559,0.3175978064537048,0.490928590297699,0.2984247505664825,0.176094964146614,0.4990788102149963,0.2890522480010986,0.3845434188842773,0.1149143874645233
0.2865487933158874,0.4403145909309387,0.1109004542231559,0.3175978064537048,0.490928590297699,0.2984247505664825,0.176094964146614,0.4990788102149963,0.2890522480010986,0.3845434188842773,0.1149143874645233
0.2865487933158874,0.4403145909309387,0.1109004542231559,0.3175978064537048,0.490928590297699,0.2984247505664825,0.176094964146614,0.4990788102149963,0.2890522480010986,0.3845434188842773,0.1149143874645233
0.2865487933158874,0.4403145909309387,0.1109004542231559,0.3175978064537048,0.490928590297699,0.2984247505664825,0.176094964146614,0.4990788102149963,0.2890522480010986,0.3845434188842773,0.1149143874645233
0.2865487933158874,0.4403145909309387,0.1109004542231559,0.3175978064537048,0.490928590297699,0.2984247505664825,0.176094964146614,0.4990788102149963,0.2890522480010986,0.3845434188842773,0.1149143874645233
0.2865487933158874,0.4403145909309387,0.1109004542231559,0.3175978064537048,0.490928590297699,0.2984247505664825,0.176094964146614,0.4990788102149963,0.2890522480010986,0.3845434188842773,0.1149143874645233
0.2865487933158874,0.4403145909309387,0.1109004542231559,0.3175978064537048,0.490928590297699,0.2984247505664825,0.176094964146614,0.4990788102149963,0.2890522480010986,0.3845434188842773,0.1149143874645233
0.2865487933158874,0.4403145909309387,0.1109004542231559,0.3175978064537048,0.490928590297699,0.2984247505664825,0.176094964146614,0.4990788102149963,0.2890522480010986,0.3845434188842773,0.1149143874645233
0.2865487933158874,0.4403145909309387,0.1109004542231559,0.3175978064537048,0.490928590297699,0.2984247505664825,0.176094964146614,0.4990788102149963,0.2890522480010986,0.3845434188842773,0.1149143874645233
0.2865487933158874,0.4403145909309387,0.1109004542231559,0.3175978064537048,0.490928590297699,0.2984247505664825,0.176094964146614,0.4990788102149963,0.2890522480010986,0.3845434188842773,0.1149143874645233
0.2865487933158874,0.4403145909309387,0.1109004542231559,0.3175978064537048,0.490928590297699,0.2984247505664825,0.176094964146614,0.4990788102149963,0.2890522480010986,0.3845434188842773,0.1149143874645233
0.2865487933158874,0.4403145909309387,0.1109004542231559,0.3175978064537048,0.490928590297699,0.2984247505664825,0.176094964146614,0.4990788102149963,0.2890522480010986,0.3845434188842773,0.1149143874645233
0.2865487933158874,0.4403145909309387,0.1109004542231559,0.3175978064537048,0.490928590297699,0.2984247505664825,0.176094964146614,0.4990788102149963,0.2890522480010986,0.3845434188842773,0.1149143874645233
0.2865487933158874,0.4403145909309387,0.1109004542231559,0.3175978064537048,0.490928590297699,0.2984247505664825,0.176094964146614,0.4990788102149963,0.2890522480010986,0.3845434188842773,0.1149143874645233
0.2865487933158874,0.4403145909309387,0.1109004542231559,0.3175978064537048,0.490928590297699,0.2984247505664825,0.176094964146614,0.4990788102149963,0.2890522480010986,0.3845434188842773,0.1149143874645233
0.2865487933158874,0.4403145909309387,0.1109004542231559,0.3175978064537048,0.490928590297699,0.2984247505664825,0.176094964146614,0.4990788102149963,0.2890522480010986,0.3845434188842773,0.1149143874645233
0.2865487933158874,0.4403145909309387,0.1109004542231559,0.3175978064537048,0.490928590297699,0.2984247505664825,0.176094964146614,0.4990788102149963,0.2890522480010986,0.3845434188842773,0.1149143874645233
0.2865487933158874,0.4403145909309387,0.1109004542231559,0.3175978064537048,0.490928590297699,0.2984247505664825,0.176094964146614,0.4990788102149963,0.2890522480010986,0.3845434188842773,0.1149143874645233
0.3840187489986419,0.521977424621582,0.4586219787597656,0.7067095041275024,0.5469222664833069,0.2874623835086822,0.3009572327136993,0.7331116795539856,0.5650461316108704,0.5422114133834839,0.5011870861053467
0.3840187489986419,0.521977424621582,0.4586219787597656,0.7067095041275024,0.5469222664833069,0.2874623835086822,0.3009572327136993,0.7331116795539856,0.5650461316108704,0.5422114133834839,0.5011870861053467
0.3840187489986419,0.521977424621582,0.4586219787597656,0.7067095041275024,0.5469222664833069,0.2874623835086822,0.3009572327136993,0.7331116795539856,0.5650461316108704,0.5422114133834839,0.5011870861053467
0.3840187489986419,0.521977424621582,0.4586219787597656,0.7067095041275024,0.5469222664833069,0.2874623835086822,0.3009572327136993,0.7331116795539856,0.5650461316108704,0.5422114133834839,0.5011870861053467
0.3840187489986419,0.521977424621582,0.4586219787597656,0.7067095041275024,0.5469222664833069,0.2874623835086822,0.3009572327136993,0.7331116795539856,0.5650461316108704,0.5422114133834839,0.5011870861053467
0.3840187489986419,0.521977424621582,0.4586219787597656,0.7067095041275024,0.5469222664833069,0.2874623835086822,0.3009572327136993,0.7331116795539856,0.5650461316108704,0.5422114133834839,0.5011870861053467
0.3840187489986419,0.521977424621582,0.4586219787597656,0.7067095041275024,0.5469222664833069,0.2874623835086822,0.3009572327136993,0.7331116795539856,0.5650461316108704,0.5422114133834839,0.5011870861053467
0.3840187489986419,0.521977424621582,0.4586219787597656,0.7067095041275024,0.5469222664833069,0.2874623835086822,0.3009572327136993,0.7331116795539856,0.5650461316108704,0.5422114133834839,0.5011870861053467
0.3840187489986419,0.521977424621582,0.4586219787597656,0.7067095041275024,0.5469222664833069,0.2874623835086822,0.3009572327136993,0.7331116795539856,0.5650461316108704,0.5422114133834839,0.5011870861053467
0.3840187489986419,0.521977424621582,0.4586219787597656,0.7067095041275024,0.5469222664833069,0.2874623835086822,0.3009572327136993,0.7331116795539856,0.5650461316108704,0.5422114133834839,0.5011870861053467
0.3840187489986419,0.521977424621582,0.4586219787597656,0.7067095041275024,0.5469222664833069,0.2874623835086822,0.3009572327136993,0.7331116795539856,0.5650461316108704,0.5422114133834839,0.5011870861053467
0.3840187489986419,0.521977424621582,0.4586219787597656,0.7067095041275024,0.5469222664833069,0.2874623835086822,0.3009572327136993,0.7331116795539856,0.5650461316108704,0.5422114133834839,0.5011870861053467
0.3840187489986419,0.521977424621582,0.4586219787597656,0.7067095041275024,0.5469222664833069,0.2874623835086822,0.3009572327136993,0.7331116795539856,0.5650461316108704,0.5422114133834839,0.5011870861053467
0.3840187489986419,0.521977424621582,0.4586219787597656,0.7067095041275024,0.5469222664833069,0.2874623835086822,0.3009572327136993,0.7331116795539856,0.5650461316108704,0.5422114133834839,0.5011870861053467
0.3840187489986419,0.521977424621582,0.4586219787597656,0.7067095041275024,0.5469222664833069,0.2874623835086822,0.3009572327136993,0.7331116795539856,0.5650461316108704,0.5422114133834839,0.5011870861053467
0.3840187489986419,0.521977424621582,0.4586219787597656,0.7067095041275024,0.5469222664833069,0.2874623835086822,0.3009572327136993,0.7331116795539856,0.5650461316108704,0.5422114133834839,0.5011870861053467
0.3840187489986419,0.521977424621582,0.4586219787597656,0.7067095041275024,0.5469222664833069,0.2874623835086822,0.3009572327136993,0.7331116795539856,0.5650461316108704,0.5422114133834839,0.5011870861053467
0.3840187489986419,0.521977424621582,0.4586219787597656,0.7067095041275024,0.5469222664833069,0.2874623835086822,0.3009572327136993,0.7331116795539856,0.5650461316108704,0.5422114133834839,0.5011870861053467
0.3840187489986419,0.521977424621582,0.4586219787597656,0.7067095041275024,0.5469222664833069,0.2874623835086822,0.3009572327136993,0.7331116795539856,0.5650461316108704,0.5422114133834839,0.5011870861053467
0.3840187489986419,0.521977424621582,0.4586219787597656,0.7067095041275024,0.5469222664833069,0.2874623835086822,0.3009572327136993,0.7331116795539856,0.5650461316108704,0.5422114133834839,0.5011870861053467
0.3840187489986419,0.521977424621582,0.4586219787597656,0.7067095041275024,0.5469222664833069,0.2874623835086822,0.3009572327136993,0.7331116795539856,0.5650461316108704,0.5422114133834839,0.5011870861053467
0.3840187489986419,0.521977424621582,0.4586219787597656,0.7067095041275024,0.5469222664833069,0.2874623835086822,0.3009572327136993,0.7331116795539856,0.5650461316108704,0.5422114133834839,0.5011870861053467
0.3840187489986419,0.521977424621582,0.4586219787597656,0.7067095041275024,0.5469222664833069,0.2874623835086822,0.3009572327136993,0.7331116795539856,0.5650461316108704,0.5422114133834839,0.5011870861053467
0.3840187489986419,0.521977424621582,0.4586219787597656,0.7067095041275024,0.5469222664833069,0.2874623835086822,0.3009572327136993,0.7331116795539856,0.5650461316108704,0.5422114133834839,0.5011870861053467
0.3840187489986419,0.521977424621582,0.4586219787597656,0.7067095041275024,0.5469222664833069,0.2874623835086822,0.3009572327136993,0.7331116795539856,0.5650461316108704,0.5422114133834839,0.5011870861053467
0.3840187489986419,0.521977424621582,0.4586219787597656,0.7067095041275024,0.5469222664833069,0.2874623835086822,0.3009572327136993,0.7331116795539856,0.5650461316108704,0.5422114133834839,0.5011870861053467
0.3840187489986419,0.521977424621582,0.4586219787597656,0.7067095041275024,0.5469222664833069,0.2874623835086822,0.3009572327136993,0.7331116795539856,0.5650461316108704,0.5422114133834839,0.5011870861053467
0.3840187489986419,0.521977424621582,0.4586219787597656,0.7067095041275024,0.5469222664833069,0.2874623835086822,0.3009572327136993,0.7331116795539856,0.5650461316108704,0.5422114133834839,0.5011870861053467
0.3840187489986419,0.521977424621582,0.4586219787597656,0.7067095041275024,0.5469222664833069,0.2874623835086822,0.3009572327136993,0.7331116795539856,0.5650461316108704,0.5422114133834839,0.5011870861053467
0.3840187489986419,0.521977424621582,0.4586219787597656,0.7067095041275024,0.5469222664833069,0.2874623835086822,0.3009572327136993,0.7331116795539856,0.5650461316108704,0.5422114133834839,0.5011870861053467
0.3840187489986419,0.521977424621582,0.4586219787597656,0.7067095041275024,0.5469222664833069,0.2874623835086822,0.3009572327136993,0.7331116795539856,0.5650461316108704,0.5422114133834839,0.5011870861053467
0.3840187489986419,0.521977424621582,0.4586219787597656,0.7067095041275024,0.5469222664833069,0.2874623835086822,0.3009572327136993,0.7331116795539856,0.5650461316108704,0.5422114133834839,0.5011870861053467
0.3840187489986419,0.521977424621582,0.4586219787597656,0.7067095041275024,0.5469222664833069,0.2874623835086822,0.3009572327136993,0.7331116795539856,0.5650461316108704,0.5422114133834839,0.5011870861053467
0.3840187489986419,0.521977424621582,0.4586219787597656,0.7067095041275024,0.5469222664833069,0.2874623835086822,0.3009572327136993,0.7331116795539856,0.5650461316108704,0.5422114133834839,0.5011870861053467
0.3840187489986419,0.521977424621582,0.4586219787597656,0.7067095041275024,0.5469222664833069,0.2874623835086822,0.3009572327136993,0.7331116795539856,0.5650461316108704,0.5422114133834839,0.5011870861053467
0.3840187489986419,0.521977424621582,0.4586219787597656,0.7067095041275024,0.5469222664833069,0.2874623835086822,0.3009572327136993,0.7331116795539856,0.5650461316108704,0.5422114133834839,0.5011870861053467
0.3840187489986419,0.521977424621582,0.4586219787597656,0.7067095041275024,0.5469222664833069,0.2874623835086822,0.3009572327136993,0.7331116795539856,0.5650461316108704,0.5422114133834839,0.5011870861053467
0.3840187489986419,0.521977424621582,0.4586219787597656,0.7067095041275024,0.5469222664833069,0.2874623835086822,0.3009572327136993,0.7331116795539856,0.5650461316108704,0.5422114133834839,0.5011870861053467
0.3840187489986419,0.521977424621582,0.4586219787597656,0.7067095041275024,0.5469222664833069,0.2874623835086822,0.3009572327136993,0.7331116795539856,0.5650461316108704,0.5422114133834839,0.5011870861053467
0.3840187489986419,0.521977424621582,0.4586219787597656,0.7067095041275024,0.5469222664833069,0.2874623835086822,0.3009572327136993,0.7331116795539856,0.5650461316108704,0.5422114133834839,0.5011870861053467
0.3840187489986419,0.521977424621582,0.4586219787597656,0.7067095041275024,0.5469222664833069,0.2874623835086822,0.3009572327136993,0.7331116795539856,0.5650461316108704,0.5422114133834839,0.5011870861053467
0.3840187489986419,0.521977424621582,0.4586219787597656,0.7067095041275024,0.5469222664833069,0.2874623835086822,0.3009572327136993,0.7331116795539856,0.5650461316108704,0.5422114133834839,0.5011870861053467
0.3840187489986419,0.521977424621582,0.4586219787597656,0.7067095041275024,0.5469222664833069,0.2874623835086822,0.3009572327136993,0.7331116795539856,0.5650461316108704,0.5422114133834839,0.5011870861053467
0.3840187489986419,0.521977424621582,0.4586219787597656,0.7067095041275024,0.5469222664833069,0.2874623835086822,0.3009572327136993,0.7331116795539856,0.5650461316108704,0.5422114133834839,0.5011870861053467
0.3840187489986419,0.521977424621582,0.4586219787597656,0.7067095041275024,0.5469222664833069,0.2874623835086822,0.3009572327136993,0.7331116795539856,0.5650461316108704,0.5422114133834839,0.5011870861053467
0.3840187489986419,0.521977424621582,0.4586219787597656,0.7067095041275024,0.5469222664833069,0.2874623835086822,0.3009572327136993,0.7331116795539856,0.5650461316108704,0.5422114133834839,0.5011870861053467
0.3840187489986419,0.521977424621582,0.4586219787597656,0.7067095041275024,0.5469222664833069,0.2874623835086822,0.3009572327136993,0.7331116795539856,0.5650461316108704,0.5422114133834839,0.5011870861053467
0.3840187489986419,0.521977424621582,0.4586219787597656,0.7067095041275024,0.5469222664833069,0.2874623835086822,0.3009572327136993,0.7331116795539856,0.5650461316108704,0.5422114133834839,0.5011870861053467
0.3840187489986419,0.521977424621582,0.4586219787597656,0.7067095041275024,0.5469222664833069,0.2874623835086822,0.3009572327136993,0.7331116795539856,0.5650461316108704,0.5422114133834839,0.5011870861053467
0.3840187489986419,0.521977424621582,0.4586219787597656,0.7067095041275024,0.5469222664833069,0.2874623835086822,0.3009572327136993,0.7331116795539856,0.5650461316108704,0.5422114133834839,0.5011870861053467
0.3840187489986419,0.521977424621582,0.4586219787597656,0.7067095041275024,0.5469222664833069,0.2874623835086822,0.3009572327136993,0.7331116795539856,0.5650461316108704,0.5422114133834839,0.5011870861053467
0.3840187489986419,0.521977424621582,0.4586219787597656,0.7067095041275024,0.5469222664833069,0.2874623835086822,0.3009572327136993,0.7331116795539856,0.5650461316108704,0.5422114133834839,0.5011870861053467
0.3840187489986419,0.521977424621582,0.4586219787597656,0.7067095041275024,0.5469222664833069,0.2874623835086822,0.3009572327136993,0.7331116795539856,0.5650461316108704,0.5422114133834839,0.5011870861053467
0.3840187489986419,0.521977424621582,0.4586219787597656,0.7067095041275024,0.5469222664833069,0.2874623835086822,0.3009572327136993,0.7331116795539856,0.5650461316108704,0.5422114133834839,0.5011870861053467
0.3840187489986419,0.521977424621582,0.4586219787597656,0.7067095041275024,0.5469222664833069,0.2874623835086822,0.3009572327136993,0.7331116795539856,0.5650461316108704,0.5422114133834839,0.5011870861053467
0.3840187489986419,0.521977424621582,0.4586219787597656,0.7067095041275024,0.5469222664833069,0.2874623835086822,0.3009572327136993,0.7331116795539856,0.5650461316108704,0.5422114133834839,0.5011870861053467
0.3840187489986419,0.521977424621582,0.4586219787597656,0.7067095041275024,0.5469222664833069,0.2874623835086822,0.3009572327136993,0.7331116795539856,0.5650461316108704,0.5422114133834839,0.5011870861053467
0.3840187489986419,0.521977424621582,0.4586219787597656,0.7067095041275024,0.5469222664833069,0.2874623835086822,0.3009572327136993,0.7331116795539856,0.5650461316108704,0.5422114133834839,0.5011870861053467
0.3840187489986419,0.521977424621582,0.4586219787597656,0.7067095041275024,0.5469222664833069,0.2874623835086822,0.3009572327136993,0.7331116795539856,0.5650461316108704,0.5422114133834839,0.5011870861053467
0.3840187489986419,0.521977424621582,0.4586219787597656,0.7067095041275024,0.5469222664833069,0.2874623835086822,0.3009572327136993,0.7331116795539856,0.5650461316108704,0.5422114133834839,0.5011870861053467
0.3840187489986419,0.521977424621582,0.4586219787597656,0.7067095041275024,0.5469222664833069,0.2874623835086822,0.3009572327136993,0.7331116795539856,0.5650461316108704,0.5422114133834839,0.5011870861053467
0.3840187489986419,0.521977424621582,0.4586219787597656,0.7067095041275024,0.5469222664833069,0.2874623835086822,0.3009572327136993,0.7331116795539856,0.5650461316108704,0.5422114133834839,0.5011870861053467
0.3840187489986419,0.521977424621582,0.4586219787597656,0.7067095041275024,0.5469222664833069,0.2874623835086822,0.3009572327136993,0.7331116795539856,0.5650461316108704,0.5422114133834839,0.5011870861053467
0.3840187489986419,0.521977424621582,0.4586219787597656,0.7067095041275024,0.5469222664833069,0.2874623835086822,0.3009572327136993,0.7331116795539856,0.5650461316108704,0.5422114133834839,0.5011870861053467
0.3840187489986419,0.521977424621582,0.4586219787597656,0.7067095041275024,0.5469222664833069,0.2874623835086822,0.3009572327136993,0.7331116795539856,0.5650461316108704,0.5422114133834839,0.5011870861053467
0.3840187489986419,0.521977424621582,0.4586219787597656,0.7067095041275024,0.5469222664833069,0.2874623835086822,0.3009572327136993,0.7331116795539856,0.5650461316108704,0.5422114133834839,0.5011870861053467
0.3840187489986419,0.521977424621582,0.4586219787597656,0.7067095041275024,0.5469222664833069,0.2874623835086822,0.3009572327136993,0.7331116795539856,0.5650461316108704,0.5422114133834839,0.5011870861053467
0.3840187489986419,0.521977424621582,0.4586219787597656,0.7067095041275024,0.5469222664833069,0.2874623835086822,0.3009572327136993,0.7331116795539856,0.5650461316108704,0.5422114133834839,0.5011870861053467
0.3841096460819244,0.522321343421936,0.4586896002292633,0.7066417932510376,0.5472323894500732,0.2875341475009918,0.3008866906166076,0.7328771948814392,0.5651872754096985,0.5423226952552795,0.5018928647041321
0.3842005133628845,0.52266526222229,0.458757221698761,0.7065742015838623,0.5475425124168396,0.2876059412956238,0.3008161187171936,0.732642650604248,0.5653283596038818,0.5424339771270752,0.5025987029075623
0.3842913806438446,0.523009181022644,0.458824872970581,0.7065065503120422,0.547852635383606,0.2876777350902557,0.3007455468177795,0.7324081659317017,0.56546950340271,0.5425453782081604,0.5033045411109924
0.3843822479248047,0.523353099822998,0.4588925242424011,0.7064388990402222,0.5481628179550171,0.2877495288848877,0.3006750047206878,0.7321736812591553,0.5656105875968933,0.542656660079956,0.5040103793144226
0.3844731450080871,0.5236969590187073,0.4589601755142212,0.7063712477684021,0.5484729409217834,0.2878212928771972,0.3006044626235962,0.7319391965866089,0.5657517313957214,0.5427680015563965,0.5047162175178528
0.3845639824867248,0.5240408778190613,0.4590277969837188,0.706303596496582,0.5487830638885498,0.2878930866718292,0.3005339205265045,0.7317046523094177,0.5658928155899048,0.5428793430328369,0.505422055721283
0.3846548795700073,0.5243848562240601,0.4590954184532165,0.706235945224762,0.5490932464599609,0.2879648804664612,0.3004633486270904,0.7314701676368713,0.5660338997840881,0.5429905652999878,0.5061278343200684
0.3847457766532898,0.5247287154197693,0.4591630697250366,0.7061682343482971,0.5494033694267273,0.2880366444587707,0.3003928065299988,0.7312356233596802,0.5661750435829163,0.543101966381073,0.5068336725234985
0.3848366439342499,0.5250726342201233,0.4592306911945343,0.706100583076477,0.5497134923934937,0.2881084382534027,0.3003222346305847,0.7310011386871338,0.5663161277770996,0.5432132482528687,0.5075395703315735
0.3849275112152099,0.5254164934158325,0.459298312664032,0.706032931804657,0.55002361536026,0.2881802320480346,0.3002517223358154,0.7307665944099426,0.5664572715759277,0.5433246493339539,0.5082453489303589
0.3850184082984924,0.5257604718208313,0.459365963935852,0.7059652805328369,0.5503337979316711,0.2882520258426666,0.3001811504364013,0.7305321097373962,0.5665983557701111,0.5434358716011047,0.5089511871337891
0.3851092457771301,0.5261043906211853,0.4594336152076721,0.7058976888656616,0.5506439208984375,0.2883237898349762,0.3001106083393097,0.7302975654602051,0.5667394399642944,0.5435472130775452,0.5096570253372192
0.3852001428604126,0.5264483094215393,0.4595012664794922,0.7058299779891968,0.5509541034698486,0.2883955836296081,0.3000400364398956,0.7300631999969482,0.5668805241584778,0.5436585545539856,0.5103628635406494
0.3852909803390503,0.5267922282218933,0.4595688581466675,0.7057622671127319,0.551264226436615,0.2884673774242401,0.2999695241451263,0.7298286557197571,0.5670216083526611,0.5437698364257812,0.5110687017440796
0.3853818774223327,0.5271361470222473,0.4596365094184875,0.7056946754455566,0.5515743494033813,0.288539171218872,0.2998989522457123,0.7295941710472107,0.5671627521514893,0.5438811779022217,0.5117745399475098
0.3854727745056152,0.5274800062179565,0.4597041606903076,0.7056270241737366,0.5518844723701477,0.2886109352111816,0.2998284101486206,0.7293596267700195,0.5673038959503174,0.5439925193786621,0.5124803185462952
0.3855636119842529,0.5278239250183105,0.4597718119621277,0.7055593729019165,0.5521945953369141,0.2886827290058136,0.2997578382492065,0.7291251420974731,0.567444920539856,0.5441038608551025,0.5131861567497253
0.3856545090675354,0.5281678438186646,0.4598394334316253,0.7054917216300964,0.5525047779083252,0.2887545228004455,0.2996872663497925,0.728890597820282,0.5675860643386841,0.544215202331543,0.5138920545578003
0.3857453465461731,0.5285117626190186,0.459907054901123,0.7054240107536316,0.5528149008750916,0.2888262867927551,0.2996167242527008,0.7286561131477356,0.5677271485328674,0.5443264842033386,0.5145978331565857
0.3858362436294555,0.5288556814193726,0.4599747061729431,0.7053564190864563,0.5531250238418579,0.2888980805873871,0.2995461821556091,0.7284215688705444,0.5678682327270508,0.5444377660751343,0.5153036713600159
0.385927140712738,0.5291995406150818,0.4600423276424408,0.7052887678146362,0.553435206413269,0.288969874382019,0.299475610256195,0.728187084197998,0.5680093765258789,0.5445491075515747,0.516009509563446
0.3860179781913757,0.5295435190200806,0.4601099491119385,0.7052211165428162,0.5537452697753906,0.289041668176651,0.2994050681591034,0.7279525995254517,0.568150520324707,0.5446604490280151,0.5167152881622314
0.3861088752746582,0.5298874378204346,0.4601776301860809,0.7051534652709961,0.554055392742157,0.2891134321689605,0.2993345260620117,0.7277181148529053,0.5682915449142456,0.5447717905044556,0.5174211859703064
0.3861997425556183,0.5302312970161438,0.4602452516555786,0.7050857543945312,0.5543655753135681,0.2891852259635925,0.29926398396492,0.7274835705757141,0.5684326887130737,0.5448830723762512,0.5181270241737366
0.3862906098365783,0.5305752158164978,0.4603129029273987,0.705018162727356,0.5546756982803345,0.2892570197582245,0.299193412065506,0.7272490859031677,0.5685737729072571,0.5449943542480469,0.518832802772522
0.3863815069198608,0.5309191942214966,0.460380494594574,0.7049504518508911,0.5549858212471008,0.2893288135528564,0.2991228699684143,0.7270145416259766,0.5687149167060852,0.5451057553291321,0.5195386409759521
0.3864723443984985,0.5312630534172058,0.460448145866394,0.704882800579071,0.5552959442138672,0.289400577545166,0.2990523278713226,0.7267800569534302,0.5688560009002686,0.5452170372009277,0.5202444791793823
0.386563241481781,0.5316069722175598,0.4605157971382141,0.704815149307251,0.5556061267852783,0.289472371339798,0.2989817857742309,0.726545512676239,0.5689971446990967,0.5453283786773682,0.5209503173828125
0.3866541385650635,0.5319508910179138,0.4605834484100342,0.7047474980354309,0.5559163093566895,0.2895441651344299,0.2989112138748169,0.7263110280036926,0.5691381692886353,0.5454397201538086,0.5216561555862427
0.3867449760437011,0.5322948098182678,0.4606510698795318,0.7046798467636108,0.556226372718811,0.2896159291267395,0.2988406717777252,0.7260765433311462,0.5692793130874634,0.5455510020256042,0.5223619937896729
0.3868358731269836,0.5326387286186218,0.4607186913490295,0.7046121954917908,0.5565365552902222,0.2896877229213714,0.2987700998783111,0.7258420586585999,0.5694203972816467,0.5456623435020447,0.523067831993103
0.3869267404079437,0.532982587814331,0.4607863426208496,0.7045445442199707,0.5568466782569885,0.2897595167160034,0.2986995577812195,0.7256075143814087,0.5695615410804749,0.5457736253738403,0.5237736701965332
0.3870176076889038,0.5333265662193298,0.4608539938926697,0.7044768929481506,0.5571568012237549,0.2898313105106354,0.2986289858818054,0.7253730297088623,0.5697026252746582,0.5458849668502808,0.5244795083999634
0.3871084749698639,0.5336704850196838,0.4609216451644897,0.7044091820716858,0.557466983795166,0.2899030745029449,0.2985584437847137,0.7251384854316711,0.5698437690734863,0.5459963083267212,0.5251853466033936
0.3871993720531463,0.5340143442153931,0.460989236831665,0.7043415904045105,0.5577771067619324,0.2899748682975769,0.2984878718852997,0.7249040603637695,0.5699847936630249,0.5461075901985168,0.525891125202179
0.3872902393341064,0.5343582630157471,0.4610568881034851,0.7042738795280457,0.5580872297286987,0.2900466620922088,0.2984173595905304,0.7246695160865784,0.570125937461853,0.5462189316749573,0.5265969634056091
0.3873811066150665,0.5347021818161011,0.4611245393753052,0.7042062878608704,0.5583974123001099,0.2901184558868408,0.2983467876911163,0.724435031414032,0.5702670216560364,0.5463302731513977,0.5273028612136841
0.387472003698349,0.5350461006164551,0.4611921310424804,0.7041386365890503,0.5587075352668762,0.2901902198791504,0.2982762455940246,0.7242004871368408,0.5704081654548645,0.5464415550231934,0.5280086398124695
0.3875628709793091,0.5353900194168091,0.4612597823143005,0.7040709257125854,0.5590176582336426,0.2902620136737823,0.2982056736946106,0.7239660024642944,0.5705492496490479,0.5465528964996338,0.5287144780158997
0.3876537382602691,0.5357339382171631,0.4613274335861206,0.7040033340454102,0.5593278408050537,0.2903338074684143,0.2981351613998413,0.723731517791748,0.5706903338432312,0.5466642379760742,0.5294202566146851
0.3877446055412292,0.5360778570175171,0.4613950252532959,0.7039356231689453,0.5596379041671753,0.2904056012630462,0.2980645895004272,0.7234970331192017,0.5708314180374146,0.5467755794525146,0.5301260948181152
0.3878355026245117,0.5364217758178711,0.4614627361297607,0.70386803150177,0.5599480867385864,0.2904773652553558,0.2979940474033355,0.7232624888420105,0.5709725618362427,0.5468868613243103,0.5308319926261902
0.3879263699054718,0.5367656350135803,0.461530327796936,0.7038003206253052,0.5602582097053528,0.2905491590499878,0.2979234755039215,0.7230280041694641,0.571113646030426,0.5469982028007507,0.5315377712249756
0.3880172371864319,0.5371096134185791,0.4615979790687561,0.7037326693534851,0.5605683922767639,0.2906209528446197,0.2978529334068298,0.722793459892273,0.5712547898292542,0.5471095442771912,0.5322436094284058
0.3881081342697143,0.5374534726142883,0.4616656303405761,0.703665018081665,0.5608785152435303,0.2906927168369293,0.2977823913097381,0.7225589752197266,0.5713958740234375,0.5472208261489868,0.5329494476318359
0.388198971748352,0.5377973914146423,0.4617332220077514,0.703597366809845,0.5611886382102966,0.2907645106315613,0.2977118492126465,0.7223244309425354,0.5715369582176208,0.5473321676254272,0.5336552262306213
0.3882898688316345,0.5381413102149963,0.4618009030818939,0.7035297155380249,0.5614988207817078,0.2908363044261932,0.29764124751091,0.722089946269989,0.5716780424118042,0.5474434494972229,0.5343611240386963
0.3883807361125946,0.5384852290153503,0.4618685245513916,0.7034620642662048,0.5618089437484741,0.2909080982208252,0.2975707054138183,0.7218554019927979,0.5718191862106323,0.5475547909736633,0.5350669622421265
0.3884716033935547,0.5388291478157043,0.4619361758232116,0.7033944129943848,0.5621190667152405,0.2909798622131347,0.2975001633167267,0.7216209769248962,0.5719603300094604,0.5476661324501038,0.5357727408409119
0.3885624706745147,0.5391730666160583,0.4620037674903869,0.7033267617225647,0.5624291896820068,0.2910516560077667,0.297429621219635,0.7213864326477051,0.5721014142036438,0.5477774143218994,0.536478579044342
0.3886533677577972,0.5395169854164124,0.462071418762207,0.7032591104507446,0.562739372253418,0.2911234498023987,0.2973590493202209,0.7211519479751587,0.5722424983978271,0.5478887557983398,0.537184476852417
0.3887442350387573,0.5398609042167664,0.4621390700340271,0.7031913995742798,0.5630494952201843,0.2911952435970306,0.2972885072231293,0.7209174036979675,0.5723835825920105,0.5480000972747803,0.5378902554512024
0.388835072517395,0.5402048230171204,0.4622067213058471,0.7031238079071045,0.5633596181869507,0.2912670075893402,0.2972179353237152,0.7206829190254211,0.5725247263908386,0.5481113791465759,0.5385960936546326
0.3889259696006775,0.5405486822128296,0.4622743725776672,0.7030560970306396,0.563669741153717,0.2913388013839721,0.2971474230289459,0.72044837474823,0.572665810585022,0.5482227206230164,0.5393019318580627
0.3890168666839599,0.5408926010131836,0.4623419642448425,0.7029885053634644,0.5639798641204834,0.2914105951786041,0.2970768511295318,0.7202138900756836,0.5728069543838501,0.5483340620994568,0.5400077700614929
0.3891077041625976,0.5412365198135376,0.4624096155166626,0.7029207944869995,0.5642900466918945,0.2914823591709137,0.2970063090324402,0.7199793457984924,0.5729480385780334,0.5484453439712524,0.5407136082649231
0.3891986012458801,0.5415804386138916,0.4624772667884826,0.7028532028198242,0.5646001696586609,0.2915541529655456,0.2969357371330261,0.719744861125946,0.5730891227722168,0.5485566854476929,0.5414194464683533
0.3892894685268402,0.5419243574142456,0.4625448584556579,0.7027854919433594,0.5649102926254272,0.2916259467601776,0.2968652248382568,0.7195104360580444,0.5732302069664001,0.5486680269241333,0.5421252846717834
0.3893803358078003,0.5422682762145996,0.4626125395298004,0.7027177810668945,0.5652204155921936,0.2916977405548095,0.2967946529388428,0.719275951385498,0.5733713507652283,0.548779308795929,0.5428310632705688
0.3894712328910827,0.5426121950149536,0.4626801311969757,0.7026501893997192,0.56553053855896,0.2917695045471191,0.2967241108417511,0.7190414071083069,0.5735124349594116,0.5488906502723694,0.543536901473999
0.3895621001720428,0.5429561138153076,0.4627478122711181,0.7025825381278992,0.5658407211303711,0.2918412983417511,0.296653538942337,0.7188069224357605,0.5736535787582397,0.5490019917488098,0.544242799282074
0.3896529674530029,0.5432999730110168,0.4628154337406158,0.7025148868560791,0.5661508440971375,0.291913092136383,0.2965829968452453,0.7185723781585693,0.5737946033477783,0.5491132736206055,0.5449485778808594
0.389743834733963,0.5436439514160156,0.4628830552101135,0.702447235584259,0.5664609670639038,0.291984885931015,0.2965124249458313,0.718337893486023,0.5739358067512512,0.5492246150970459,0.5456544160842896
0.3898347020149231,0.5439878702163696,0.4629507064819336,0.7023795247077942,0.5667711496353149,0.2920566499233246,0.2964418828487396,0.7181033492088318,0.5740768909454346,0.5493358969688416,0.5463602542877197
0.3899255990982055,0.5443317294120789,0.4630183577537536,0.7023119330406189,0.5670812726020813,0.2921284437179565,0.2963713109493255,0.7178688645362854,0.5742179751396179,0.5494472980499268,0.5470660328865051
0.3900164663791656,0.5446756482124329,0.4630860090255737,0.7022442817687988,0.5673913955688477,0.2922002375125885,0.2963007688522339,0.7176343202590942,0.5743590593338013,0.5495585203170776,0.5477719306945801
0.3901073336601257,0.5450195670127869,0.463153600692749,0.7021766304969788,0.5677015781402588,0.292272001504898,0.2962302267551422,0.7173998951911926,0.5745002031326294,0.5496699213981628,0.5484777688980103
0.3901982307434082,0.5453634858131409,0.4632212519645691,0.7021089196205139,0.5680117011070251,0.29234379529953,0.2961596846580505,0.7171653509140015,0.574641227722168,0.5497812032699585,0.5491835474967957
0.3902890980243683,0.5457074046134949,0.4632889032363891,0.7020412683486938,0.5683218240737915,0.292415589094162,0.2960891127586365,0.7169308662414551,0.5747823715209961,0.5498925447463989,0.5498893857002258
0.3903799653053283,0.5460512638092041,0.4633564949035644,0.7019736766815186,0.5686319470405579,0.2924873828887939,0.2960185706615448,0.7166963219642639,0.5749235153198242,0.5500038862228394,0.550595223903656
0.3904708623886108,0.5463952422142029,0.4634241759777069,0.7019059658050537,0.568942129611969,0.2925591468811035,0.2959480285644531,0.7164618372917175,0.5750645995140076,0.550115168094635,0.5513010621070862
0.3905616998672485,0.5467391610145569,0.4634917974472046,0.7018383741378784,0.5692522525787354,0.2926309406757355,0.2958774864673614,0.7162272930145264,0.5752056837081909,0.5502265095710754,0.5520069003105164
0.390652596950531,0.5470830202102661,0.4635594487190246,0.7017706632614136,0.5695624351501465,0.2927027344703674,0.2958069145679474,0.71599280834198,0.575346827507019,0.5503377914428711,0.5527126789093018
0.3907434940338135,0.5474269986152649,0.4636270701885223,0.7017030119895935,0.5698724985122681,0.2927745282649994,0.2957363724708557,0.7157582640647888,0.5754878520965576,0.5504491329193115,0.5534185171127319
0.3908343315124511,0.5477708578109741,0.46369469165802,0.7016353607177734,0.5701826810836792,0.2928462922573089,0.295665830373764,0.7155238389968872,0.5756289958953857,0.550560474395752,0.5541244149208069
0.3909252285957336,0.5481147766113281,0.4637623727321625,0.7015677094459534,0.5704928040504456,0.2929180860519409,0.2955952882766723,0.715289294719696,0.5757701396942139,0.5506718158721924,0.5548301935195923
0.3910160958766937,0.5484586954116821,0.4638299643993377,0.7015000581741333,0.5708029270172119,0.2929898798465729,0.2955246865749359,0.7150548100471497,0.5759112238883972,0.550783097743988,0.5555360317230225
0.3911069631576538,0.5488026142120361,0.4638976454734802,0.7014324069023132,0.571113109588623,0.2930616438388824,0.2954541444778442,0.7148202657699585,0.5760523080825806,0.5508944392204285,0.5562418699264526
0.3911978602409363,0.5491465330123901,0.4639652371406555,0.7013647556304932,0.5714232325553894,0.2931334376335144,0.2953835725784302,0.7145857810974121,0.5761933922767639,0.5510057210922241,0.5569477081298828
0.391288697719574,0.5494904518127441,0.4640328884124756,0.7012971043586731,0.5717333555221558,0.2932052314281463,0.2953130602836609,0.7143512964248657,0.5763344764709473,0.5511170625686646,0.557653546333313
0.3913795948028564,0.5498343110084534,0.4641005396842956,0.701229453086853,0.5720435380935669,0.2932770252227783,0.2952424883842468,0.7141168117523193,0.5764756202697754,0.551228404045105,0.5583593845367432
0.3914704620838165,0.5501782894134521,0.4641681909561157,0.701161801815033,0.5723536610603333,0.2933487892150879,0.2951719462871551,0.7138822674751282,0.5766167044639587,0.5513397455215454,0.5590652227401733
0.3915613293647766,0.5505221486091614,0.464235782623291,0.7010941505432129,0.5726638436317444,0.2934205830097198,0.2951013743877411,0.7136477828025818,0.5767578482627869,0.5514510869979858,0.5597710013389587
0.3916522264480591,0.5508660674095154,0.4643034338951111,0.701026439666748,0.5729739665985107,0.2934923768043518,0.2950308620929718,0.7134132385253906,0.5768989324569702,0.5515623688697815,0.5604768395423889
0.3917430639266968,0.5512099862098694,0.4643710851669311,0.700958788394928,0.5732840895652771,0.2935641705989837,0.2949602901935577,0.713178813457489,0.5770400762557983,0.5516736507415771,0.5611827373504639
0.3918339610099792,0.5515539050102234,0.4644387066364288,0.7008911371231079,0.5735942125320435,0.2936359345912933,0.294889748096466,0.7129442691802979,0.5771811604499817,0.5517849922180176,0.5618885159492493
0.3919248580932617,0.5518978238105774,0.4645063281059265,0.7008235454559326,0.5739043354988098,0.2937077283859253,0.294819176197052,0.7127097845077515,0.577322244644165,0.551896333694458,0.5625943541526794
0.3920156955718994,0.5522417426109314,0.4645739793777466,0.7007558345794678,0.5742144584655762,0.2937795221805572,0.2947486340999603,0.7124752402305603,0.5774633288383484,0.5520076751708984,0.5633001923561096
0.3921065926551819,0.5525856614112854,0.4646416008472442,0.7006881833076477,0.5745246410369873,0.2938512861728668,0.2946780920028686,0.7122407555580139,0.5776044130325317,0.5521190166473389,0.5640060305595398
0.3921974301338196,0.5529295802116394,0.4647092819213867,0.7006205320358276,0.5748347640037537,0.2939230799674988,0.294607549905777,0.7120062112808228,0.5777455568313599,0.5522302985191345,0.56471186876297
0.392288327217102,0.5532734990119934,0.4647769033908844,0.7005528807640076,0.57514488697052,0.2939948737621307,0.2945369482040405,0.7117717266082764,0.577886700630188,0.552341639995575,0.5654177069664001
0.3923791944980621,0.5536173582077026,0.4648445248603821,0.7004852294921875,0.5754550099372864,0.2940666675567627,0.2944664061069488,0.7115371823310852,0.5780277848243713,0.5524529218673706,0.5661234855651855
0.3924700617790222,0.5539613366127014,0.4649121761322021,0.7004175782203674,0.5757651329040527,0.2941384315490722,0.2943958640098572,0.7113027572631836,0.5781688690185547,0.552564263343811,0.5668293237686157
0.3925609588623047,0.5543051958084106,0.4649797976016998,0.7003498673439026,0.5760753154754639,0.2942102253437042,0.2943253219127655,0.7110682129859924,0.5783100128173828,0.5526756048202515,0.5675352215766907
0.3926518261432647,0.5546491146087646,0.4650474786758423,0.7002822756767273,0.5763854384422302,0.2942820191383362,0.2942547500133514,0.710833728313446,0.5784510374069214,0.5527868866920471,0.5682410001754761
0.3927426934242248,0.5549930334091187,0.4651150703430176,0.7002146244049072,0.5766955614089966,0.2943538129329681,0.2941842079162597,0.7105991840362549,0.5785922408103943,0.5528982877731323,0.5689468383789062
0.3928335905075073,0.5553369522094727,0.4651827216148376,0.7001469731330872,0.5770057439804077,0.2944255769252777,0.2941136658191681,0.7103646993637085,0.5787333250045776,0.553009569644928,0.5696526765823364
0.3929244577884674,0.5556808710098267,0.4652503430843353,0.7000792622566223,0.5773158669471741,0.2944973707199096,0.2940431237220764,0.7101301550865173,0.578874409198761,0.5531208515167236,0.5703584551811218
0.3930153250694275,0.5560247898101807,0.465317964553833,0.7000116109848022,0.5776259899139404,0.2945691645145416,0.2939725518226623,0.709895670413971,0.5790154933929443,0.5532321929931641,0.5710643529891968
0.3931061923503876,0.5563687086105347,0.4653856158256531,0.699944019317627,0.5779361724853516,0.2946409285068512,0.2939020097255707,0.7096611261367798,0.5791566371917725,0.5533435344696045,0.571770191192627
0.4771968126296997,0.6839615702629089,0.4958630204200744,0.8108923435211182,0.7864559292793274,0.3643607497215271,0.3015168905258178,0.7230992317199707,0.7162003517150879,0.6300190687179565,0.7943271398544312
0.4774019718170166,0.6839746832847595,0.4957717061042785,0.8114427328109741,0.7866559624671936,0.364485889673233,0.3015380203723907,0.7232223153114319,0.7164463400840759,0.6301145553588867,0.7941452264785767
0.4776071012020111,0.6839877367019653,0.4956803917884826,0.8119932413101196,0.7868560552597046,0.3646110296249389,0.301559180021286,0.7233453392982483,0.7166923880577087,0.6302100419998169,0.7939632534980774
0.4778122305870056,0.6840007305145264,0.4955890774726867,0.8125436305999756,0.787056028842926,0.3647361993789673,0.3015803694725036,0.7234684228897095,0.7169383764266968,0.6303054094314575,0.7937813401222229
0.4780173897743225,0.684013843536377,0.4954977631568908,0.8130940198898315,0.787256121635437,0.3648613393306732,0.3016015291213989,0.7235914468765259,0.7171843647956848,0.6304008960723877,0.7935994267463684
0.4782225489616394,0.6840268969535828,0.4954065084457397,0.813644528388977,0.7874560952186584,0.3649864792823791,0.3016226589679718,0.7237145304679871,0.7174303531646729,0.6304963231086731,0.7934174537658691
0.4784277081489563,0.6840398907661438,0.4953151345252991,0.814194917678833,0.7876561880111694,0.3651116192340851,0.3016437888145447,0.723837673664093,0.7176763415336609,0.6305917501449585,0.7932355403900146
0.4786328673362732,0.6840530037879944,0.4952238500118255,0.8147454261779785,0.7878562211990356,0.3652367889881134,0.3016649782657623,0.7239606976509094,0.7179223299026489,0.6306871771812439,0.7930536270141602
0.4788380265235901,0.684066116809845,0.4951325356960296,0.8152958154678345,0.7880562543869019,0.3653619289398193,0.3016861379146576,0.7240837812423706,0.718168318271637,0.6307826042175293,0.7928717136383057
0.479043185710907,0.6840791702270508,0.4950412511825561,0.8158462643623352,0.7882562875747681,0.3654870688915252,0.3017072975635528,0.724206805229187,0.7184143662452698,0.6308780312538147,0.7926898002624512
0.4792483448982239,0.6840922236442566,0.4949499368667602,0.8163967132568359,0.788456380367279,0.3656122088432312,0.3017284274101257,0.7243298888206482,0.7186603546142578,0.6309734582901001,0.7925078272819519
0.4794535040855407,0.6841052770614624,0.4948586225509643,0.8169471621513367,0.78865647315979,0.3657373785972595,0.301749587059021,0.7244529128074646,0.7189063429832458,0.6310689449310303,0.7923259735107422
0.4796586632728576,0.6841183304786682,0.4947673082351684,0.8174976110458374,0.7888564467430115,0.3658625185489654,0.3017707467079162,0.7245759963989258,0.7191523313522339,0.6311643123626709,0.7921440601348877
0.4798638224601745,0.684131383895874,0.4946760535240173,0.8180480003356934,0.7890565395355225,0.3659876585006714,0.3017919063568115,0.7246990203857422,0.7193983197212219,0.6312597990036011,0.7919621467590332
0.480068951845169,0.6841444373130798,0.4945847392082214,0.8185984492301941,0.7892565727233887,0.3661128282546997,0.3018130660057068,0.7248221039772034,0.71964430809021,0.6313551664352417,0.7917801737785339
0.4802740812301636,0.6841574907302856,0.4944933950901031,0.8191488981246948,0.7894566059112549,0.3662379682064056,0.301834225654602,0.7249452471733093,0.719890296459198,0.6314506530761719,0.7915982604026794
0.4804792404174804,0.6841705441474915,0.4944020807743072,0.8196993470191956,0.7896566390991211,0.3663631081581116,0.3018553853034973,0.7250682711601257,0.7201363444328308,0.631546139717102,0.791416347026825
0.4806843996047973,0.6841835975646973,0.4943107962608337,0.8202497959136963,0.7898566722869873,0.3664882481098175,0.3018765151500702,0.7251913547515869,0.7203823328018188,0.6316415071487427,0.7912344932556152
0.4808895587921142,0.6841966509819031,0.4942194819450378,0.8208001852035522,0.7900567054748535,0.3666134178638458,0.3018976747989654,0.7253143787384033,0.7206282615661621,0.6317369937896729,0.791052520275116
0.4810947179794311,0.6842097640037537,0.4941281676292419,0.821350634098053,0.7902567386627197,0.3667385578155517,0.3019188642501831,0.7254374623298645,0.7208743095397949,0.631832480430603,0.7908706068992615
0.4810947179794311,0.6842097640037537,0.4941281676292419,0.821350634098053,0.7902567386627197,0.3667385578155517,0.3019188642501831,0.7254374623298645,0.7208743095397949,0.631832480430603,0.7908706068992615
0.4810947179794311,0.6842097640037537,0.4941281676292419,0.821350634098053,0.7902567386627197,0.3667385578155517,0.3019188642501831,0.7254374623298645,0.7208743095397949,0.631832480430603,0.7908706068992615
0.4810947179794311,0.6842097640037537,0.4941281676292419,0.821350634098053,0.7902567386627197,0.3667385578155517,0.3019188642501831,0.7254374623298645,0.7208743095397949,0.631832480430603,0.7908706068992615
0.4810947179794311,0.6842097640037537,0.4941281676292419,0.821350634098053,0.7902567386627197,0.3667385578155517,0.3019188642501831,0.7254374623298645,0.7208743095397949,0.631832480430603,0.7908706068992615
0.4810947179794311,0.6842097640037537,0.4941281676292419,0.821350634098053,0.7902567386627197,0.3667385578155517,0.3019188642501831,0.7254374623298645,0.7208743095397949,0.631832480430603,0.7908706068992615
0.4810947179794311,0.6842097640037537,0.4941281676292419,0.821350634098053,0.7902567386627197,0.3667385578155517,0.3019188642501831,0.7254374623298645,0.7208743095397949,0.631832480430603,0.7908706068992615
0.4810947179794311,0.6842097640037537,0.4941281676292419,0.821350634098053,0.7902567386627197,0.3667385578155517,0.3019188642501831,0.7254374623298645,0.7208743095397949,0.631832480430603,0.7908706068992615
0.4810947179794311,0.6842097640037537,0.4941281676292419,0.821350634098053,0.7902567386627197,0.3667385578155517,0.3019188642501831,0.7254374623298645,0.7208743095397949,0.631832480430603,0.7908706068992615
0.4810947179794311,0.6842097640037537,0.4941281676292419,0.821350634098053,0.7902567386627197,0.3667385578155517,0.3019188642501831,0.7254374623298645,0.7208743095397949,0.631832480430603,0.7908706068992615
0.4810947179794311,0.6842097640037537,0.4941281676292419,0.821350634098053,0.7902567386627197,0.3667385578155517,0.3019188642501831,0.7254374623298645,0.7208743095397949,0.631832480430603,0.7908706068992615
0.4810947179794311,0.6842097640037537,0.4941281676292419,0.821350634098053,0.7902567386627197,0.3667385578155517,0.3019188642501831,0.7254374623298645,0.7208743095397949,0.631832480430603,0.7908706068992615
0.4810947179794311,0.6842097640037537,0.4941281676292419,0.821350634098053,0.7902567386627197,0.3667385578155517,0.3019188642501831,0.7254374623298645,0.7208743095397949,0.631832480430603,0.7908706068992615
0.4810947179794311,0.6842097640037537,0.4941281676292419,0.821350634098053,0.7902567386627197,0.3667385578155517,0.3019188642501831,0.7254374623298645,0.7208743095397949,0.631832480430603,0.7908706068992615
0.4810947179794311,0.6842097640037537,0.4941281676292419,0.821350634098053,0.7902567386627197,0.3667385578155517,0.3019188642501831,0.7254374623298645,0.7208743095397949,0.631832480430603,0.7908706068992615
0.4810947179794311,0.6842097640037537,0.4941281676292419,0.821350634098053,0.7902567386627197,0.3667385578155517,0.3019188642501831,0.7254374623298645,0.7208743095397949,0.631832480430603,0.7908706068992615
0.4810947179794311,0.6842097640037537,0.4941281676292419,0.821350634098053,0.7902567386627197,0.3667385578155517,0.3019188642501831,0.7254374623298645,0.7208743095397949,0.631832480430603,0.7908706068992615
0.4810947179794311,0.6842097640037537,0.4941281676292419,0.821350634098053,0.7902567386627197,0.3667385578155517,0.3019188642501831,0.7254374623298645,0.7208743095397949,0.631832480430603,0.7908706068992615
0.4810947179794311,0.6842097640037537,0.4941281676292419,0.821350634098053,0.7902567386627197,0.3667385578155517,0.3019188642501831,0.7254374623298645,0.7208743095397949,0.631832480430603,0.7908706068992615
0.4810947179794311,0.6842097640037537,0.4941281676292419,0.821350634098053,0.7902567386627197,0.3667385578155517,0.3019188642501831,0.7254374623298645,0.7208743095397949,0.631832480430603,0.7908706068992615
0.4810947179794311,0.6842097640037537,0.4941281676292419,0.821350634098053,0.7902567386627197,0.3667385578155517,0.3019188642501831,0.7254374623298645,0.7208743095397949,0.631832480430603,0.7908706068992615
0.4810947179794311,0.6842097640037537,0.4941281676292419,0.821350634098053,0.7902567386627197,0.3667385578155517,0.3019188642501831,0.7254374623298645,0.7208743095397949,0.631832480430603,0.7908706068992615
0.4810947179794311,0.6842097640037537,0.4941281676292419,0.821350634098053,0.7902567386627197,0.3667385578155517,0.3019188642501831,0.7254374623298645,0.7208743095397949,0.631832480430603,0.7908706068992615
0.4810947179794311,0.6842097640037537,0.4941281676292419,0.821350634098053,0.7902567386627197,0.3667385578155517,0.3019188642501831,0.7254374623298645,0.7208743095397949,0.631832480430603,0.7908706068992615
0.4810947179794311,0.6842097640037537,0.4941281676292419,0.821350634098053,0.7902567386627197,0.3667385578155517,0.3019188642501831,0.7254374623298645,0.7208743095397949,0.631832480430603,0.7908706068992615
0.4810947179794311,0.6842097640037537,0.4941281676292419,0.821350634098053,0.7902567386627197,0.3667385578155517,0.3019188642501831,0.7254374623298645,0.7208743095397949,0.631832480430603,0.7908706068992615
0.4810947179794311,0.6842097640037537,0.4941281676292419,0.821350634098053,0.7902567386627197,0.3667385578155517,0.3019188642501831,0.7254374623298645,0.7208743095397949,0.631832480430603,0.7908706068992615
0.4810947179794311,0.6842097640037537,0.4941281676292419,0.821350634098053,0.7902567386627197,0.3667385578155517,0.3019188642501831,0.7254374623298645,0.7208743095397949,0.631832480430603,0.7908706068992615
0.4810947179794311,0.6842097640037537,0.4941281676292419,0.821350634098053,0.7902567386627197,0.3667385578155517,0.3019188642501831,0.7254374623298645,0.7208743095397949,0.631832480430603,0.7908706068992615
0.4810947179794311,0.6842097640037537,0.4941281676292419,0.821350634098053,0.7902567386627197,0.3667385578155517,0.3019188642501831,0.7254374623298645,0.7208743095397949,0.631832480430603,0.7908706068992615
0.4810947179794311,0.6842097640037537,0.4941281676292419,0.821350634098053,0.7902567386627197,0.3667385578155517,0.3019188642501831,0.7254374623298645,0.7208743095397949,0.631832480430603,0.7908706068992615
0.4810947179794311,0.6842097640037537,0.4941281676292419,0.821350634098053,0.7902567386627197,0.3667385578155517,0.3019188642501831,0.7254374623298645,0.7208743095397949,0.631832480430603,0.7908706068992615
0.4810947179794311,0.6842097640037537,0.4941281676292419,0.821350634098053,0.7902567386627197,0.3667385578155517,0.3019188642501831,0.7254374623298645,0.7208743095397949,0.631832480430603,0.7908706068992615
0.4810947179794311,0.6842097640037537,0.4941281676292419,0.821350634098053,0.7902567386627197,0.3667385578155517,0.3019188642501831,0.7254374623298645,0.7208743095397949,0.631832480430603,0.7908706068992615
0.4810947179794311,0.6842097640037537,0.4941281676292419,0.821350634098053,0.7902567386627197,0.3667385578155517,0.3019188642501831,0.7254374623298645,0.7208743095397949,0.631832480430603,0.7908706068992615
0.4810947179794311,0.6842097640037537,0.4941281676292419,0.821350634098053,0.7902567386627197,0.3667385578155517,0.3019188642501831,0.7254374623298645,0.7208743095397949,0.631832480430603,0.7908706068992615
0.4810947179794311,0.6842097640037537,0.4941281676292419,0.821350634098053,0.7902567386627197,0.3667385578155517,0.3019188642501831,0.7254374623298645,0.7208743095397949,0.631832480430603,0.7908706068992615
0.4810947179794311,0.6842097640037537,0.4941281676292419,0.821350634098053,0.7902567386627197,0.3667385578155517,0.3019188642501831,0.7254374623298645,0.7208743095397949,0.631832480430603,0.7908706068992615
0.4810947179794311,0.6842097640037537,0.4941281676292419,0.821350634098053,0.7902567386627197,0.3667385578155517,0.3019188642501831,0.7254374623298645,0.7208743095397949,0.631832480430603,0.7908706068992615
0.4810947179794311,0.6842097640037537,0.4941281676292419,0.821350634098053,0.7902567386627197,0.3667385578155517,0.3019188642501831,0.7254374623298645,0.7208743095397949,0.631832480430603,0.7908706068992615
0.4810947179794311,0.6842097640037537,0.4941281676292419,0.821350634098053,0.7902567386627197,0.3667385578155517,0.3019188642501831,0.7254374623298645,0.7208743095397949,0.631832480430603,0.7908706068992615
0.4810947179794311,0.6842097640037537,0.4941281676292419,0.821350634098053,0.7902567386627197,0.3667385578155517,0.3019188642501831,0.7254374623298645,0.7208743095397949,0.631832480430603,0.7908706068992615
0.4810947179794311,0.6842097640037537,0.4941281676292419,0.821350634098053,0.7902567386627197,0.3667385578155517,0.3019188642501831,0.7254374623298645,0.7208743095397949,0.631832480430603,0.7908706068992615
0.4810947179794311,0.6842097640037537,0.4941281676292419,0.821350634098053,0.7902567386627197,0.3667385578155517,0.3019188642501831,0.7254374623298645,0.7208743095397949,0.631832480430603,0.7908706068992615
0.4810947179794311,0.6842097640037537,0.4941281676292419,0.821350634098053,0.7902567386627197,0.3667385578155517,0.3019188642501831,0.7254374623298645,0.7208743095397949,0.631832480430603,0.7908706068992615
0.4810947179794311,0.6842097640037537,0.4941281676292419,0.821350634098053,0.7902567386627197,0.3667385578155517,0.3019188642501831,0.7254374623298645,0.7208743095397949,0.631832480430603,0.7908706068992615
0.4810947179794311,0.6842097640037537,0.4941281676292419,0.821350634098053,0.7902567386627197,0.3667385578155517,0.3019188642501831,0.7254374623298645,0.7208743095397949,0.631832480430603,0.7908706068992615
0.4810947179794311,0.6842097640037537,0.4941281676292419,0.821350634098053,0.7902567386627197,0.3667385578155517,0.3019188642501831,0.7254374623298645,0.7208743095397949,0.631832480430603,0.7908706068992615
0.4810947179794311,0.6842097640037537,0.4941281676292419,0.821350634098053,0.7902567386627197,0.3667385578155517,0.3019188642501831,0.7254374623298645,0.7208743095397949,0.631832480430603,0.7908706068992615
0.4810947179794311,0.6842097640037537,0.4941281676292419,0.821350634098053,0.7902567386627197,0.3667385578155517,0.3019188642501831,0.7254374623298645,0.7208743095397949,0.631832480430603,0.7908706068992615
0.4810947179794311,0.6842097640037537,0.4941281676292419,0.821350634098053,0.7902567386627197,0.3667385578155517,0.3019188642501831,0.7254374623298645,0.7208743095397949,0.631832480430603,0.7908706068992615
0.4810947179794311,0.6842097640037537,0.4941281676292419,0.821350634098053,0.7902567386627197,0.3667385578155517,0.3019188642501831,0.7254374623298645,0.7208743095397949,0.631832480430603,0.7908706068992615
0.4810947179794311,0.6842097640037537,0.4941281676292419,0.821350634098053,0.7902567386627197,0.3667385578155517,0.3019188642501831,0.7254374623298645,0.7208743095397949,0.631832480430603,0.7908706068992615
0.4810947179794311,0.6842097640037537,0.4941281676292419,0.821350634098053,0.7902567386627197,0.3667385578155517,0.3019188642501831,0.7254374623298645,0.7208743095397949,0.631832480430603,0.7908706068992615
0.4810947179794311,0.6842097640037537,0.4941281676292419,0.821350634098053,0.7902567386627197,0.3667385578155517,0.3019188642501831,0.7254374623298645,0.7208743095397949,0.631832480430603,0.7908706068992615
0.4810947179794311,0.6842097640037537,0.4941281676292419,0.821350634098053,0.7902567386627197,0.3667385578155517,0.3019188642501831,0.7254374623298645,0.7208743095397949,0.631832480430603,0.7908706068992615
0.4810947179794311,0.6842097640037537,0.4941281676292419,0.821350634098053,0.7902567386627197,0.3667385578155517,0.3019188642501831,0.7254374623298645,0.7208743095397949,0.631832480430603,0.7908706068992615
0.4810947179794311,0.6842097640037537,0.4941281676292419,0.821350634098053,0.7902567386627197,0.3667385578155517,0.3019188642501831,0.7254374623298645,0.7208743095397949,0.631832480430603,0.7908706068992615
0.4810947179794311,0.6842097640037537,0.4941281676292419,0.821350634098053,0.7902567386627197,0.3667385578155517,0.3019188642501831,0.7254374623298645,0.7208743095397949,0.631832480430603,0.7908706068992615
0.4810947179794311,0.6842097640037537,0.4941281676292419,0.821350634098053,0.7902567386627197,0.3667385578155517,0.3019188642501831,0.7254374623298645,0.7208743095397949,0.631832480430603,0.7908706068992615
0.4810947179794311,0.6842097640037537,0.4941281676292419,0.821350634098053,0.7902567386627197,0.3667385578155517,0.3019188642501831,0.7254374623298645,0.7208743095397949,0.631832480430603,0.7908706068992615
0.4810947179794311,0.6842097640037537,0.4941281676292419,0.821350634098053,0.7902567386627197,0.3667385578155517,0.3019188642501831,0.7254374623298645,0.7208743095397949,0.631832480430603,0.7908706068992615
0.4810947179794311,0.6842097640037537,0.4941281676292419,0.821350634098053,0.7902567386627197,0.3667385578155517,0.3019188642501831,0.7254374623298645,0.7208743095397949,0.631832480430603,0.7908706068992615
0.4810947179794311,0.6842097640037537,0.4941281676292419,0.821350634098053,0.7902567386627197,0.3667385578155517,0.3019188642501831,0.7254374623298645,0.7208743095397949,0.631832480430603,0.7908706068992615
0.4810947179794311,0.6842097640037537,0.4941281676292419,0.821350634098053,0.7902567386627197,0.3667385578155517,0.3019188642501831,0.7254374623298645,0.7208743095397949,0.631832480430603,0.7908706068992615
0.4810947179794311,0.6842097640037537,0.4941281676292419,0.821350634098053,0.7902567386627197,0.3667385578155517,0.3019188642501831,0.7254374623298645,0.7208743095397949,0.631832480430603,0.7908706068992615
0.4810947179794311,0.6842097640037537,0.4941281676292419,0.821350634098053,0.7902567386627197,0.3667385578155517,0.3019188642501831,0.7254374623298645,0.7208743095397949,0.631832480430603,0.7908706068992615
0.4810947179794311,0.6842097640037537,0.4941281676292419,0.821350634098053,0.7902567386627197,0.3667385578155517,0.3019188642501831,0.7254374623298645,0.7208743095397949,0.631832480430603,0.7908706068992615
0.4810947179794311,0.6842097640037537,0.4941281676292419,0.821350634098053,0.7902567386627197,0.3667385578155517,0.3019188642501831,0.7254374623298645,0.7208743095397949,0.631832480430603,0.7908706068992615
0.4810947179794311,0.6842097640037537,0.4941281676292419,0.821350634098053,0.7902567386627197,0.3667385578155517,0.3019188642501831,0.7254374623298645,0.7208743095397949,0.631832480430603,0.7908706068992615
0.4810947179794311,0.6842097640037537,0.4941281676292419,0.821350634098053,0.7902567386627197,0.3667385578155517,0.3019188642501831,0.7254374623298645,0.7208743095397949,0.631832480430603,0.7908706068992615
0.4810947179794311,0.6842097640037537,0.4941281676292419,0.821350634098053,0.7902567386627197,0.3667385578155517,0.3019188642501831,0.7254374623298645,0.7208743095397949,0.631832480430603,0.7908706068992615
0.4810947179794311,0.6842097640037537,0.4941281676292419,0.821350634098053,0.7902567386627197,0.3667385578155517,0.3019188642501831,0.7254374623298645,0.7208743095397949,0.631832480430603,0.7908706068992615
0.4810947179794311,0.6842097640037537,0.4941281676292419,0.821350634098053,0.7902567386627197,0.3667385578155517,0.3019188642501831,0.7254374623298645,0.7208743095397949,0.631832480430603,0.7908706068992615
0.4810947179794311,0.6842097640037537,0.4941281676292419,0.821350634098053,0.7902567386627197,0.3667385578155517,0.3019188642501831,0.7254374623298645,0.7208743095397949,0.631832480430603,0.7908706068992615
0.4810947179794311,0.6842097640037537,0.4941281676292419,0.821350634098053,0.7902567386627197,0.3667385578155517,0.3019188642501831,0.7254374623298645,0.7208743095397949,0.631832480430603,0.7908706068992615
0.4810947179794311,0.6842097640037537,0.4941281676292419,0.821350634098053,0.7902567386627197,0.3667385578155517,0.3019188642501831,0.7254374623298645,0.7208743095397949,0.631832480430603,0.7908706068992615
0.4810947179794311,0.6842097640037537,0.4941281676292419,0.821350634098053,0.7902567386627197,0.3667385578155517,0.3019188642501831,0.7254374623298645,0.7208743095397949,0.631832480430603,0.7908706068992615
0.4810947179794311,0.6842097640037537,0.4941281676292419,0.821350634098053,0.7902567386627197,0.3667385578155517,0.3019188642501831,0.7254374623298645,0.7208743095397949,0.631832480430603,0.7908706068992615
0.4810947179794311,0.6842097640037537,0.4941281676292419,0.821350634098053,0.7902567386627197,0.3667385578155517,0.3019188642501831,0.7254374623298645,0.7208743095397949,0.631832480430603,0.7908706068992615
0.4810947179794311,0.6842097640037537,0.4941281676292419,0.821350634098053,0.7902567386627197,0.3667385578155517,0.3019188642501831,0.7254374623298645,0.7208743095397949,0.631832480430603,0.7908706068992615
0.4810947179794311,0.6842097640037537,0.4941281676292419,0.821350634098053,0.7902567386627197,0.3667385578155517,0.3019188642501831,0.7254374623298645,0.7208743095397949,0.631832480430603,0.7908706068992615
0.4810947179794311,0.6842097640037537,0.4941281676292419,0.821350634098053,0.7902567386627197,0.3667385578155517,0.3019188642501831,0.7254374623298645,0.7208743095397949,0.631832480430603,0.7908706068992615
0.4810947179794311,0.6842097640037537,0.4941281676292419,0.821350634098053,0.7902567386627197,0.3667385578155517,0.3019188642501831,0.7254374623298645,0.7208743095397949,0.631832480430603,0.7908706068992615
0.4810947179794311,0.6842097640037537,0.4941281676292419,0.821350634098053,0.7902567386627197,0.3667385578155517,0.3019188642501831,0.7254374623298645,0.7208743095397949,0.631832480430603,0.7908706068992615
0.4810947179794311,0.6842097640037537,0.4941281676292419,0.821350634098053,0.7902567386627197,0.3667385578155517,0.3019188642501831,0.7254374623298645,0.7208743095397949,0.631832480430603,0.7908706068992615
0.4810947179794311,0.6842097640037537,0.4941281676292419,0.821350634098053,0.7902567386627197,0.3667385578155517,0.3019188642501831,0.7254374623298645,0.7208743095397949,0.631832480430603,0.7908706068992615
0.4810947179794311,0.6842097640037537,0.4941281676292419,0.821350634098053,0.7902567386627197,0.3667385578155517,0.3019188642501831,0.7254374623298645,0.7208743095397949,0.631832480430603,0.7908706068992615
0.4810947179794311,0.6842097640037537,0.4941281676292419,0.821350634098053,0.7902567386627197,0.3667385578155517,0.3019188642501831,0.7254374623298645,0.7208743095397949,0.631832480430603,0.7908706068992615
0.4810947179794311,0.6842097640037537,0.4941281676292419,0.821350634098053,0.7902567386627197,0.3667385578155517,0.3019188642501831,0.7254374623298645,0.7208743095397949,0.631832480430603,0.7908706068992615
0.4810947179794311,0.6842097640037537,0.4941281676292419,0.821350634098053,0.7902567386627197,0.3667385578155517,0.3019188642501831,0.7254374623298645,0.7208743095397949,0.631832480430603,0.7908706068992615
0.4810947179794311,0.6842097640037537,0.4941281676292419,0.821350634098053,0.7902567386627197,0.3667385578155517,0.3019188642501831,0.7254374623298645,0.7208743095397949,0.631832480430603,0.7908706068992615
0.4810947179794311,0.6842097640037537,0.4941281676292419,0.821350634098053,0.7902567386627197,0.3667385578155517,0.3019188642501831,0.7254374623298645,0.7208743095397949,0.631832480430603,0.7908706068992615
0.4810947179794311,0.6842097640037537,0.4941281676292419,0.821350634098053,0.7902567386627197,0.3667385578155517,0.3019188642501831,0.7254374623298645,0.7208743095397949,0.631832480430603,0.7908706068992615
0.4810947179794311,0.6842097640037537,0.4941281676292419,0.821350634098053,0.7902567386627197,0.3667385578155517,0.3019188642501831,0.7254374623298645,0.7208743095397949,0.631832480430603,0.7908706068992615
0.4810947179794311,0.6842097640037537,0.4941281676292419,0.821350634098053,0.7902567386627197,0.3667385578155517,0.3019188642501831,0.7254374623298645,0.7208743095397949,0.631832480430603,0.7908706068992615
0.4810947179794311,0.6842097640037537,0.4941281676292419,0.821350634098053,0.7902567386627197,0.3667385578155517,0.3019188642501831,0.7254374623298645,0.7208743095397949,0.631832480430603,0.7908706068992615
0.4810947179794311,0.6842097640037537,0.4941281676292419,0.821350634098053,0.7902567386627197,0.3667385578155517,0.3019188642501831,0.7254374623298645,0.7208743095397949,0.631832480430603,0.7908706068992615
0.4810947179794311,0.6842097640037537,0.4941281676292419,0.821350634098053,0.7902567386627197,0.3667385578155517,0.3019188642501831,0.7254374623298645,0.7208743095397949,0.631832480430603,0.7908706068992615
0.4810947179794311,0.6842097640037537,0.4941281676292419,0.821350634098053,0.7902567386627197,0.3667385578155517,0.3019188642501831,0.7254374623298645,0.7208743095397949,0.631832480430603,0.7908706068992615
0.4810947179794311,0.6842097640037537,0.4941281676292419,0.821350634098053,0.7902567386627197,0.3667385578155517,0.3019188642501831,0.7254374623298645,0.7208743095397949,0.631832480430603,0.7908706068992615
0.4810947179794311,0.6842097640037537,0.4941281676292419,0.821350634098053,0.7902567386627197,0.3667385578155517,0.3019188642501831,0.7254374623298645,0.7208743095397949,0.631832480430603,0.7908706068992615
0.4810947179794311,0.6842097640037537,0.4941281676292419,0.821350634098053,0.7902567386627197,0.3667385578155517,0.3019188642501831,0.7254374623298645,0.7208743095397949,0.631832480430603,0.7908706068992615
0.4810947179794311,0.6842097640037537,0.4941281676292419,0.821350634098053,0.7902567386627197,0.3667385578155517,0.3019188642501831,0.7254374623298645,0.7208743095397949,0.631832480430603,0.7908706068992615
0.4810947179794311,0.6842097640037537,0.4941281676292419,0.821350634098053,0.7902567386627197,0.3667385578155517,0.3019188642501831,0.7254374623298645,0.7208743095397949,0.631832480430603,0.7908706068992615
0.4810947179794311,0.6842097640037537,0.4941281676292419,0.821350634098053,0.7902567386627197,0.3667385578155517,0.3019188642501831,0.7254374623298645,0.7208743095397949,0.631832480430603,0.7908706068992615
0.4810947179794311,0.6842097640037537,0.4941281676292419,0.821350634098053,0.7902567386627197,0.3667385578155517,0.3019188642501831,0.7254374623298645,0.7208743095397949,0.631832480430603,0.7908706068992615
0.4810947179794311,0.6842097640037537,0.4941281676292419,0.821350634098053,0.7902567386627197,0.3667385578155517,0.3019188642501831,0.7254374623298645,0.7208743095397949,0.631832480430603,0.7908706068992615
0.4810947179794311,0.6842097640037537,0.4941281676292419,0.821350634098053,0.7902567386627197,0.3667385578155517,0.3019188642501831,0.7254374623298645,0.7208743095397949,0.631832480430603,0.7908706068992615
0.4810947179794311,0.6842097640037537,0.4941281676292419,0.821350634098053,0.7902567386627197,0.3667385578155517,0.3019188642501831,0.7254374623298645,0.7208743095397949,0.631832480430603,0.7908706068992615
0.4810947179794311,0.6842097640037537,0.4941281676292419,0.821350634098053,0.7902567386627197,0.3667385578155517,0.3019188642501831,0.7254374623298645,0.7208743095397949,0.631832480430603,0.7908706068992615
0.4810947179794311,0.6842097640037537,0.4941281676292419,0.821350634098053,0.7902567386627197,0.3667385578155517,0.3019188642501831,0.7254374623298645,0.7208743095397949,0.631832480430603,0.7908706068992615
0.4810947179794311,0.6842097640037537,0.4941281676292419,0.821350634098053,0.7902567386627197,0.3667385578155517,0.3019188642501831,0.7254374623298645,0.7208743095397949,0.631832480430603,0.7908706068992615
0.4810947179794311,0.6842097640037537,0.4941281676292419,0.821350634098053,0.7902567386627197,0.3667385578155517,0.3019188642501831,0.7254374623298645,0.7208743095397949,0.631832480430603,0.7908706068992615
0.4810947179794311,0.6842097640037537,0.4941281676292419,0.821350634098053,0.7902567386627197,0.3667385578155517,0.3019188642501831,0.7254374623298645,0.7208743095397949,0.631832480430603,0.7908706068992615
0.4810947179794311,0.6842097640037537,0.4941281676292419,0.821350634098053,0.7902567386627197,0.3667385578155517,0.3019188642501831,0.7254374623298645,0.7208743095397949,0.631832480430603,0.7908706068992615
0.4810947179794311,0.6842097640037537,0.4941281676292419,0.821350634098053,0.7902567386627197,0.3667385578155517,0.3019188642501831,0.7254374623298645,0.7208743095397949,0.631832480430603,0.7908706068992615
0.4810947179794311,0.6842097640037537,0.4941281676292419,0.821350634098053,0.7902567386627197,0.3667385578155517,0.3019188642501831,0.7254374623298645,0.7208743095397949,0.631832480430603,0.7908706068992615
0.4810947179794311,0.6842097640037537,0.4941281676292419,0.821350634098053,0.7902567386627197,0.3667385578155517,0.3019188642501831,0.7254374623298645,0.7208743095397949,0.631832480430603,0.7908706068992615
0.4810947179794311,0.6842097640037537,0.4941281676292419,0.821350634098053,0.7902567386627197,0.3667385578155517,0.3019188642501831,0.7254374623298645,0.7208743095397949,0.631832480430603,0.7908706068992615
0.4810947179794311,0.6842097640037537,0.4941281676292419,0.821350634098053,0.7902567386627197,0.3667385578155517,0.3019188642501831,0.7254374623298645,0.7208743095397949,0.631832480430603,0.7908706068992615
0.4810947179794311,0.6842097640037537,0.4941281676292419,0.821350634098053,0.7902567386627197,0.3667385578155517,0.3019188642501831,0.7254374623298645,0.7208743095397949,0.631832480430603,0.7908706068992615
0.4810947179794311,0.6842097640037537,0.4941281676292419,0.821350634098053,0.7902567386627197,0.3667385578155517,0.3019188642501831,0.7254374623298645,0.7208743095397949,0.631832480430603,0.7908706068992615
0.4810947179794311,0.6842097640037537,0.4941281676292419,0.821350634098053,0.7902567386627197,0.3667385578155517,0.3019188642501831,0.7254374623298645,0.7208743095397949,0.631832480430603,0.7908706068992615
0.4810947179794311,0.6842097640037537,0.4941281676292419,0.821350634098053,0.7902567386627197,0.3667385578155517,0.3019188642501831,0.7254374623298645,0.7208743095397949,0.631832480430603,0.7908706068992615
0.4810947179794311,0.6842097640037537,0.4941281676292419,0.821350634098053,0.7902567386627197,0.3667385578155517,0.3019188642501831,0.7254374623298645,0.7208743095397949,0.631832480430603,0.7908706068992615
0.4810947179794311,0.6842097640037537,0.4941281676292419,0.821350634098053,0.7902567386627197,0.3667385578155517,0.3019188642501831,0.7254374623298645,0.7208743095397949,0.631832480430603,0.7908706068992615
0.4810947179794311,0.6842097640037537,0.4941281676292419,0.821350634098053,0.7902567386627197,0.3667385578155517,0.3019188642501831,0.7254374623298645,0.7208743095397949,0.631832480430603,0.7908706068992615
0.4810947179794311,0.6842097640037537,0.4941281676292419,0.821350634098053,0.7902567386627197,0.3667385578155517,0.3019188642501831,0.7254374623298645,0.7208743095397949,0.631832480430603,0.7908706068992615
0.4810947179794311,0.6842097640037537,0.4941281676292419,0.821350634098053,0.7902567386627197,0.3667385578155517,0.3019188642501831,0.7254374623298645,0.7208743095397949,0.631832480430603,0.7908706068992615
0.4810947179794311,0.6842097640037537,0.4941281676292419,0.821350634098053,0.7902567386627197,0.3667385578155517,0.3019188642501831,0.7254374623298645,0.7208743095397949,0.631832480430603,0.7908706068992615
0.4810947179794311,0.6842097640037537,0.4941281676292419,0.821350634098053,0.7902567386627197,0.3667385578155517,0.3019188642501831,0.7254374623298645,0.7208743095397949,0.631832480430603,0.7908706068992615
0.4810947179794311,0.6842097640037537,0.4941281676292419,0.821350634098053,0.7902567386627197,0.3667385578155517,0.3019188642501831,0.7254374623298645,0.7208743095397949,0.631832480430603,0.7908706068992615
0.4810947179794311,0.6842097640037537,0.4941281676292419,0.821350634098053,0.7902567386627197,0.3667385578155517,0.3019188642501831,0.7254374623298645,0.7208743095397949,0.631832480430603,0.7908706068992615
0.4810947179794311,0.6842097640037537,0.4941281676292419,0.821350634098053,0.7902567386627197,0.3667385578155517,0.3019188642501831,0.7254374623298645,0.7208743095397949,0.631832480430603,0.7908706068992615
0.4810947179794311,0.6842097640037537,0.4941281676292419,0.821350634098053,0.7902567386627197,0.3667385578155517,0.3019188642501831,0.7254374623298645,0.7208743095397949,0.631832480430603,0.7908706068992615
0.4810947179794311,0.6842097640037537,0.4941281676292419,0.821350634098053,0.7902567386627197,0.3667385578155517,0.3019188642501831,0.7254374623298645,0.7208743095397949,0.631832480430603,0.7908706068992615
0.4810947179794311,0.6842097640037537,0.4941281676292419,0.821350634098053,0.7902567386627197,0.3667385578155517,0.3019188642501831,0.7254374623298645,0.7208743095397949,0.631832480430603,0.7908706068992615
0.4810947179794311,0.6842097640037537,0.4941281676292419,0.821350634098053,0.7902567386627197,0.3667385578155517,0.3019188642501831,0.7254374623298645,0.7208743095397949,0.631832480430603,0.7908706068992615
0.4810947179794311,0.6842097640037537,0.4941281676292419,0.821350634098053,0.7902567386627197,0.3667385578155517,0.3019188642501831,0.7254374623298645,0.7208743095397949,0.631832480430603,0.7908706068992615
0.4810947179794311,0.6842097640037537,0.4941281676292419,0.821350634098053,0.7902567386627197,0.3667385578155517,0.3019188642501831,0.7254374623298645,0.7208743095397949,0.631832480430603,0.7908706068992615
0.4810947179794311,0.6842097640037537,0.4941281676292419,0.821350634098053,0.7902567386627197,0.3667385578155517,0.3019188642501831,0.7254374623298645,0.7208743095397949,0.631832480430603,0.7908706068992615
0.4810947179794311,0.6842097640037537,0.4941281676292419,0.821350634098053,0.7902567386627197,0.3667385578155517,0.3019188642501831,0.7254374623298645,0.7208743095397949,0.631832480430603,0.7908706068992615
0.4810947179794311,0.6842097640037537,0.4941281676292419,0.821350634098053,0.7902567386627197,0.3667385578155517,0.3019188642501831,0.7254374623298645,0.7208743095397949,0.631832480430603,0.7908706068992615
0.4810947179794311,0.6842097640037537,0.4941281676292419,0.821350634098053,0.7902567386627197,0.3667385578155517,0.3019188642501831,0.7254374623298645,0.7208743095397949,0.631832480430603,0.7908706068992615
0.4810947179794311,0.6842097640037537,0.4941281676292419,0.821350634098053,0.7902567386627197,0.3667385578155517,0.3019188642501831,0.7254374623298645,0.7208743095397949,0.631832480430603,0.7908706068992615
0.4810947179794311,0.6842097640037537,0.4941281676292419,0.821350634098053,0.7902567386627197,0.3667385578155517,0.3019188642501831,0.7254374623298645,0.7208743095397949,0.631832480430603,0.7908706068992615
0.4810947179794311,0.6842097640037537,0.4941281676292419,0.821350634098053,0.7902567386627197,0.3667385578155517,0.3019188642501831,0.7254374623298645,0.7208743095397949,0.631832480430603,0.7908706068992615
0.4810947179794311,0.6842097640037537,0.4941281676292419,0.821350634098053,0.7902567386627197,0.3667385578155517,0.3019188642501831,0.7254374623298645,0.7208743095397949,0.631832480430603,0.7908706068992615
0.4980368018150329,0.5940028429031372,0.278432697057724,0.7883040308952332,0.6646144390106201,0.3400107324123382,0.2762392163276672,0.5032954812049866,0.6683371067047119,0.555997908115387,0.736428439617157
0.4979701340198517,0.5936206579208374,0.2773060798645019,0.7876898050308228,0.6640892028808594,0.3398046195507049,0.2760699689388275,0.5026398301124573,0.6679319739341736,0.5556055307388306,0.7362537384033203
0.497903436422348,0.5932385325431824,0.2761794626712799,0.7870755195617676,0.6635639667510986,0.3395985066890716,0.2759007811546325,0.501984179019928,0.6675268411636353,0.5552130937576294,0.7360790967941284
0.4978367686271667,0.5928563475608826,0.2750528454780578,0.7864612340927124,0.6630387902259827,0.3393923938274383,0.2757315039634704,0.5013285875320435,0.6671216487884521,0.5548207759857178,0.7359044551849365
0.4977701306343078,0.5924741625785828,0.2739261984825134,0.7858470678329468,0.6625136137008667,0.339186280965805,0.2755623161792755,0.5006729364395142,0.6667165160179138,0.5544283390045166,0.7357297539710999
0.4977034032344818,0.592091977596283,0.2727995812892914,0.7852327823638916,0.661988377571106,0.3389801681041717,0.2753930687904358,0.5000172853469849,0.6663113832473755,0.5540359616279602,0.7355550527572632
0.4976367354393005,0.5917097926139832,0.2716729640960693,0.7846185564994812,0.6614631414413452,0.3387740552425384,0.2752238512039184,0.4993616938591003,0.6659062504768372,0.5536435842514038,0.7353804111480713
0.4975700676441192,0.5913276672363281,0.2705463469028473,0.7840043306350708,0.6609379649162292,0.3385679423809051,0.2750546038150787,0.498706042766571,0.6655011177062988,0.5532512068748474,0.7352057099342346
0.497503399848938,0.5909454822540283,0.2694197297096252,0.7833900451660156,0.6604126691818237,0.3383618295192718,0.2748854160308838,0.4980504512786865,0.6650959849357605,0.552858829498291,0.7350311279296875
0.4974367022514343,0.5905632972717285,0.2682930827140808,0.7827758193016052,0.6598875522613525,0.3381557166576385,0.2747161388397217,0.4973948299884796,0.6646908521652222,0.5524663925170898,0.7348564267158508
0.4973700046539306,0.5901811122894287,0.2671664655208587,0.7821614742279053,0.6593623161315918,0.3379496037960052,0.2745469510555267,0.4967391490936279,0.6642857193946838,0.5520740151405334,0.7346817255020142
0.4973033368587494,0.5897989869117737,0.2660398781299591,0.7815472483634949,0.658837080001831,0.3377434909343719,0.274377703666687,0.4960835576057434,0.6638805866241455,0.551681637763977,0.7345070838928223
0.4972366690635681,0.5894168019294739,0.2649132311344147,0.7809330224990845,0.6583118438720703,0.3375373780727386,0.2742084860801697,0.4954279363155365,0.6634753942489624,0.5512892603874207,0.7343323826789856
0.4971699714660644,0.5890346169471741,0.2637866139411926,0.7803187370300293,0.6577866673469543,0.3373312652111053,0.2740392386913299,0.4947723150253296,0.6630702018737793,0.5508968234062195,0.7341577410697937
0.4971033036708832,0.5886524319648743,0.2626599967479706,0.7797044515609741,0.6572614312171936,0.337125152349472,0.2738700211048126,0.4941166937351227,0.6626651287078857,0.5505044460296631,0.733983039855957
0.4970366358757019,0.5882702469825745,0.2615333497524261,0.7790902853012085,0.6567362546920776,0.3369190394878387,0.2737007737159729,0.4934610724449157,0.6622599959373474,0.5501120686531067,0.7338083982467651
0.4969699382781982,0.5878881216049194,0.2604067325592041,0.7784759998321533,0.6562110185623169,0.3367129266262054,0.2735315561294555,0.4928054213523865,0.6618548035621643,0.5497196912765503,0.7336337566375732
0.4969033002853393,0.5875058770179749,0.259280115365982,0.7778617143630981,0.6556857824325562,0.3365068137645721,0.2733623385429382,0.4921498000621795,0.661449670791626,0.5493273138999939,0.7334591150283813
0.4968365728855133,0.5871237516403198,0.2581534683704376,0.7772475481033325,0.6551605463027954,0.3363007009029388,0.2731930911540985,0.4914941787719726,0.6610445380210876,0.5489348769187927,0.7332844138145447
0.496769905090332,0.58674156665802,0.2570268809795379,0.7766332626342773,0.6546354293823242,0.3360945880413055,0.2730238735675812,0.4908385574817657,0.6606394052505493,0.5485424995422363,0.733109712600708
0.4967032372951507,0.5863593816757202,0.2559002339839935,0.7760189771652222,0.6541101932525635,0.3358884751796722,0.2728546559810638,0.4901829659938812,0.660234272480011,0.5481501221656799,0.7329350709915161
0.4966365694999695,0.5859772562980652,0.2547736167907715,0.7754047513008118,0.6535849571228027,0.3356823623180389,0.2726854085922241,0.4895273447036743,0.6598290801048279,0.5477577447891235,0.7327603697776794
0.4965698719024658,0.5855950713157654,0.2536469995975494,0.7747905254364014,0.6530597805976868,0.3354762494564056,0.2725161910057068,0.4888716638088226,0.6594239473342896,0.5473653674125671,0.7325857877731323
0.4965031743049621,0.5852128863334656,0.2525203824043274,0.7741762399673462,0.652534544467926,0.3352701365947723,0.2723469734191894,0.4882160723209381,0.6590187549591064,0.5469729900360107,0.7324110865592957
0.4964365363121032,0.5848307609558105,0.2513937652111053,0.773561954498291,0.6520093679428101,0.335064023733139,0.2721777260303497,0.4875604212284088,0.6586136817932129,0.5465805530548096,0.732236385345459
0.4963698387145996,0.5844485759735107,0.2502671480178833,0.7729477286338806,0.6514841318130493,0.3348579108715057,0.2720085084438324,0.4869048297405243,0.6582084894180298,0.5461881756782532,0.7320617437362671
0.4963031411170959,0.5840663909912109,0.2491405159235,0.7723335027694702,0.6509588956832886,0.3346517980098724,0.271839290857315,0.4862492084503174,0.6578033566474915,0.5457957983016968,0.7318871021270752
0.4962364733219147,0.5836842060089111,0.2480138838291168,0.771719217300415,0.6504336595535278,0.3344456553459167,0.2716700136661529,0.4855935871601105,0.6573982238769531,0.5454033613204956,0.7317124009132385
0.4961698353290558,0.5833020210266113,0.2468872666358947,0.7711049914360046,0.6499084830284119,0.3342395424842834,0.271500825881958,0.4849379360675812,0.6569930911064148,0.545011043548584,0.7315377593040466
0.4961031079292297,0.5829198956489563,0.2457606494426727,0.7704907655715942,0.6493833065032959,0.3340334296226501,0.2713315784931183,0.4842823147773742,0.6565879583358765,0.5446186065673828,0.7313631176948547
0.4960364699363708,0.5825377106666565,0.2446340322494506,0.7698764801025391,0.6488580703735352,0.3338273167610168,0.2711623609066009,0.4836266934871673,0.6561828255653381,0.5442262887954712,0.7311884164810181
0.4959697425365448,0.5821555256843567,0.2435074150562286,0.7692622542381287,0.6483328342437744,0.3336212038993835,0.2709931135177612,0.4829710721969604,0.655777633190155,0.54383385181427,0.7310137748718262
0.4959030747413635,0.5817733407020569,0.2423807829618454,0.7686480283737183,0.6478077173233032,0.3334150910377502,0.2708239257335663,0.4823154509067535,0.6553725004196167,0.5434414744377136,0.7308390736579895
0.4958364367485046,0.5813911557197571,0.2412541508674621,0.7680337429046631,0.6472824215888977,0.3332089781761169,0.2706546485424042,0.4816598296165466,0.6549673676490784,0.5430490970611572,0.7306643724441528
0.4957697093486786,0.581009030342102,0.2401275336742401,0.7674194574356079,0.6467572450637817,0.3330028653144836,0.2704854607582092,0.4810042083263397,0.65456223487854,0.5426567196846008,0.7304897904396057
0.4957030415534973,0.5806268453598022,0.239000916481018,0.7668052911758423,0.646232008934021,0.3327967524528503,0.2703162133693695,0.4803485572338104,0.6541571021080017,0.5422643423080444,0.730315089225769
0.4956363439559936,0.5802446603775024,0.2378742843866348,0.7661910057067871,0.645706832408905,0.332590639591217,0.2701469957828522,0.4796929359436035,0.6537519693374634,0.5418719053268433,0.7301404476165771
0.4955697059631347,0.5798624157905579,0.2367476522922516,0.7655767202377319,0.6451815366744995,0.3323845267295837,0.2699777483940124,0.479037344455719,0.6533467769622803,0.5414795279502869,0.7299657464027405
0.4955030083656311,0.5794802904129028,0.2356210350990295,0.7649625539779663,0.6446564197540283,0.3321784138679504,0.2698085606098175,0.4783816933631897,0.6529417037963867,0.5410871505737305,0.7297911047935486
0.4954363107681274,0.579098105430603,0.2344944328069687,0.7643482685089111,0.6441311836242676,0.3319723010063171,0.2696392834186554,0.4777261018753052,0.6525365114212036,0.5406947731971741,0.7296164035797119
0.4953696429729461,0.5787159204483032,0.2333678007125854,0.763733983039856,0.6436059474945068,0.3317661881446838,0.269470065832138,0.4770704507827759,0.6521313786506653,0.5403023958206177,0.72944176197052
0.4953030049800873,0.5783337354660034,0.2322411835193634,0.7631196975708008,0.6430807113647461,0.3315600752830505,0.2693008482456207,0.4764148294925689,0.6517261862754822,0.5399099588394165,0.7292671203613281
0.4952362775802612,0.5779516100883484,0.2311145663261413,0.7625054717063904,0.6425555348396301,0.3313539624214172,0.269131600856781,0.475759208202362,0.6513210535049438,0.5395175814628601,0.7290924191474915
0.4951696097850799,0.5775694251060486,0.2299879342317581,0.76189124584198,0.6420302391052246,0.3311478495597839,0.2689623832702636,0.4751035571098327,0.6509159803390503,0.5391252040863037,0.7289177775382996
0.4951029121875763,0.5771872401237488,0.2288613021373748,0.7612769603729248,0.6415051221847534,0.3309417366981506,0.2687931656837463,0.4744479656219482,0.6505107879638672,0.5387327671051025,0.7287430763244629
0.495036244392395,0.576805055141449,0.2277346849441528,0.7606627941131592,0.6409798860549927,0.3307356238365173,0.2686239182949066,0.4737923443317413,0.6501056551933289,0.5383404493331909,0.728568434715271
0.4949696063995361,0.5764228701591492,0.2266080677509308,0.760048508644104,0.6404546499252319,0.330529510974884,0.2684547007083893,0.473136693239212,0.6497004628181458,0.5379480123519897,0.7283937931060791
0.4949028789997101,0.5760407447814941,0.2254814505577087,0.7594342231750488,0.639929473400116,0.3303233981132507,0.2682854831218719,0.4724810719490051,0.6492953300476074,0.5375556349754333,0.7282191514968872
0.4948362112045288,0.5756585597991943,0.2243548184633255,0.7588199973106384,0.6394042372703552,0.3301172852516174,0.2681162357330322,0.4718254804611206,0.6488902568817139,0.537163257598877,0.7280444502830505
0.4947695434093475,0.5752763748168945,0.2232282161712646,0.7582056522369385,0.6388790607452393,0.3299111723899841,0.2679470181465149,0.4711698293685913,0.6484850645065308,0.5367708206176758,0.7278697490692139
0.4947028756141662,0.5748941898345947,0.2221015691757202,0.7575914859771729,0.6383538246154785,0.3297050595283508,0.2677778005599975,0.4705142080783844,0.6480799317359924,0.5363785028457642,0.727695107460022
0.4946361780166626,0.5745121240615845,0.2209749519824981,0.7569772005081177,0.6378285884857178,0.3294989466667175,0.2676085531711578,0.4698585867881775,0.6476747393608093,0.535986065864563,0.7275204062461853
0.4945695102214813,0.5741299390792847,0.2198483347892761,0.7563629150390625,0.637303352355957,0.3292928338050842,0.2674393355846405,0.4692029356956482,0.647269606590271,0.5355936884880066,0.7273457646369934
0.4945028424263,0.5737477540969849,0.218721717596054,0.7557486891746521,0.6367781758308411,0.3290867209434509,0.2672700881958008,0.4685473442077636,0.6468645334243774,0.5352013111114502,0.7271711230278015
0.4944361448287964,0.5733655691146851,0.2175950855016708,0.7551344633102417,0.6362529397010803,0.3288806080818176,0.2671008706092834,0.4678916931152344,0.6464593410491943,0.534808874130249,0.7269964218139648
0.4943694472312927,0.5729833841323853,0.2164684534072876,0.7545201778411865,0.6357277631759644,0.3286744952201843,0.2669316232204437,0.4672361016273498,0.646054208278656,0.5344165563583374,0.726821780204773
0.4943027794361114,0.5726011991500854,0.2153418362140655,0.7539059519767761,0.6352025270462036,0.328468382358551,0.2667624354362488,0.4665804803371429,0.6456490755081177,0.5340241193771362,0.726647138595581
0.4942361414432525,0.5722190141677856,0.2142152190208435,0.7532917261123657,0.6346773505210876,0.3282622694969177,0.2665931582450866,0.4659248292446136,0.6452439427375793,0.5336317420005798,0.7264724373817444
0.4941694140434265,0.5718368291854858,0.2130886018276214,0.7526774406433105,0.6341521739959717,0.3280561566352844,0.2664239704608917,0.4652692079544067,0.644838809967041,0.5332393646240234,0.7262977361679077
0.4941027760505676,0.571454644203186,0.2119619697332382,0.7520632147789001,0.6336269378662109,0.3278500437736511,0.266254723072052,0.4646135866641998,0.6444336175918579,0.532846987247467,0.7261231541633606
0.4940360486507416,0.571072518825531,0.2108353525400161,0.751448929309845,0.6331017017364502,0.3276439309120178,0.2660855054855346,0.4639579653739929,0.6440284848213196,0.5324545502662659,0.7259484529495239
0.4939694106578827,0.5706903338432312,0.2097087204456329,0.7508347034454346,0.6325764656066895,0.3274377882480621,0.2659162580966949,0.463302344083786,0.6436233520507812,0.5320621728897095,0.725773811340332
0.4939027428627014,0.5703081488609314,0.2085821032524109,0.7502204179763794,0.6320512294769287,0.3272316753864288,0.2657470703125,0.4626467525959015,0.6432181596755981,0.5316697955131531,0.7255991101264954
0.4938360452651977,0.5699259638786316,0.2074554860591888,0.749606192111969,0.6315260529518127,0.3270255625247955,0.2655777931213379,0.4619910717010498,0.6428130865097046,0.5312774181365967,0.7254244089126587
0.4937693476676941,0.5695438385009766,0.2063288688659668,0.7489919662475586,0.6310008764266968,0.3268194496631622,0.2654086053371429,0.4613354504108429,0.6424078941345215,0.5308850407600403,0.7252497673034668
0.4937026500701904,0.5691616535186768,0.2052022516727447,0.7483776807785034,0.630475640296936,0.3266133368015289,0.2652393579483032,0.460679829120636,0.6420027613639832,0.5304926037788391,0.7250751256942749
0.4936360120773315,0.568779468536377,0.2040756195783615,0.747763454914093,0.6299504041671753,0.3264072239398956,0.2650701403617859,0.4600242078304291,0.6415976285934448,0.5301002860069275,0.724900484085083
0.4935693144798279,0.5683972835540771,0.2029489874839782,0.7471492290496826,0.6294252872467041,0.3262011110782623,0.2649008929729461,0.4593686163425445,0.6411924958229065,0.5297078490257263,0.7247257828712463
0.4935026168823242,0.5680150985717773,0.2018223702907562,0.7465349435806274,0.6288999915122986,0.325994998216629,0.2647316753864288,0.4587129652500152,0.6407873630523682,0.5293154716491699,0.7245511412620544
0.4934359788894653,0.5676329731941223,0.2006957530975341,0.745920717716217,0.6283748149871826,0.3257888853549957,0.2645624279975891,0.4580573439598083,0.6403821706771851,0.5289230942726135,0.7243764400482178
0.493369311094284,0.5672507882118225,0.1995691359043121,0.7453064322471619,0.6278495788574219,0.3255827724933624,0.2643932104110718,0.4574017226696014,0.6399770379066467,0.5285307168960571,0.7242017984390259
0.493302583694458,0.5668686032295227,0.1984425038099289,0.7446922063827515,0.6273244023323059,0.3253766596317291,0.2642239928245544,0.4567460715770721,0.6395719051361084,0.528138279914856,0.724027156829834
0.4932359457015991,0.5664864182472229,0.1973158866167068,0.7440779209136963,0.6267991662025452,0.3251705467700958,0.2640547454357147,0.4560904800891876,0.6391667127609253,0.5277459621429443,0.7238525152206421
0.493169218301773,0.5661042928695679,0.1961892545223236,0.7434636950492859,0.6262739300727844,0.3249644339084625,0.2638855278491974,0.4554348587989807,0.6387616395950317,0.5273535251617432,0.7236778140068054
0.4931025505065918,0.5657221078872681,0.1950626373291015,0.7428494691848755,0.6257487535476685,0.3247583210468292,0.26371631026268,0.4547792375087738,0.6383564472198486,0.5269611477851868,0.7235031127929688
0.4930359125137329,0.5653399229049683,0.1939360201358795,0.7422352433204651,0.6252235174179077,0.3245522081851959,0.2635470628738403,0.4541235864162445,0.6379513144493103,0.5265687704086304,0.7233284711837769
0.4929691851139068,0.5649577379226685,0.1928094029426574,0.7416208982467651,0.624698281288147,0.3243460953235626,0.263377845287323,0.4534679651260376,0.6375461220741272,0.526176393032074,0.7231537699699402
0.4929025173187256,0.5645755529403687,0.1916827708482742,0.7410066723823547,0.624173104763031,0.3241399824619293,0.2632086277008056,0.4528123438358307,0.6371409893035889,0.5257839560508728,0.7229791879653931
0.4928358197212219,0.5641933679580688,0.190556138753891,0.7403924465179443,0.6236478686332703,0.323933869600296,0.2630393803119659,0.4521567225456238,0.6367359161376953,0.5253915786743164,0.7228044867515564
0.492769181728363,0.563811182975769,0.1894295215606689,0.7397781610488892,0.6231226921081543,0.3237277567386627,0.2628701627254486,0.4515011012554168,0.6363307237625122,0.52499920129776,0.7226297855377197
0.4927024841308594,0.5634289979934692,0.1883029043674469,0.7391639351844788,0.6225974559783936,0.3235216438770294,0.2627009451389313,0.4508454799652099,0.6359255909919739,0.5246068239212036,0.7224551439285278
0.4926358163356781,0.5630468726158142,0.1871762871742248,0.7385497093200684,0.6220722198486328,0.3233155310153961,0.2625316679477691,0.450189858675003,0.6355204582214355,0.5242144465446472,0.7222804427146912
0.4925691485404968,0.5626646876335144,0.1860496699810028,0.7379354238510132,0.6215470433235168,0.3231094181537628,0.2623624801635742,0.4495342075824737,0.6351153254508972,0.5238220691680908,0.7221058011054993
0.4925024807453155,0.5622825026512146,0.1849230378866195,0.737321138381958,0.6210218071937561,0.3229033052921295,0.2621932327747345,0.4488786160945892,0.6347101926803589,0.5234296321868896,0.7219311594963074
0.4924357533454895,0.5619003176689148,0.1837964057922363,0.7367068529129028,0.6204965710639954,0.3226971924304962,0.2620240151882171,0.4482229948043823,0.6343050003051758,0.5230372548103333,0.7217564582824707
0.4923690855503082,0.5615181922912598,0.1826697885990142,0.7360926866531372,0.6199713945388794,0.3224910795688629,0.2618547677993774,0.447567343711853,0.6338999271392822,0.5226448774337769,0.7215818166732788
0.4923024177551269,0.56113600730896,0.1815431714057922,0.735478401184082,0.6194461584091187,0.3222849667072296,0.2616855800151825,0.4469117522239685,0.6334947347640991,0.5222525000572205,0.7214071750640869
0.4922357201576233,0.5607538223266602,0.1804165542125702,0.7348642349243164,0.6189209818840027,0.3220788538455963,0.2615163028240204,0.4462560713291168,0.633089542388916,0.5218600630760193,0.7212324738502502
0.4921690821647644,0.5603716373443604,0.1792899221181869,0.7342499494552612,0.6183958053588867,0.321872740983963,0.2613471150398254,0.4456004798412323,0.6326844692230225,0.5214676856994629,0.7210577726364136
0.4921023547649383,0.5599894523620605,0.1781633049249649,0.733635663986206,0.617870569229126,0.3216666281223297,0.2611778676509857,0.4449448585510254,0.6322792768478394,0.5210753083229065,0.7208831906318665
0.4920357167720794,0.5596073269844055,0.1770366728305816,0.7330214381217957,0.6173453330993652,0.3214605152606964,0.2610086500644684,0.4442892372608185,0.631874144077301,0.5206829309463501,0.7207084894180298
0.4919690489768982,0.5592251420021057,0.1759100556373596,0.7324071526527405,0.6168200969696045,0.3212544023990631,0.2608394026756286,0.4436336159706116,0.6314690113067627,0.5202904939651489,0.7205338478088379
0.4919023513793945,0.5588430166244507,0.1747834384441375,0.7317929267883301,0.6162949204444885,0.3210482895374298,0.2606702148914337,0.4429779648780823,0.6310638785362244,0.5198981761932373,0.7203591465950012
0.4918356537818908,0.5584608316421509,0.1736568063497543,0.7311786413192749,0.6157697439193726,0.3208421766757965,0.2605009377002716,0.4423223435878753,0.630658745765686,0.5195057392120361,0.7201844453811646
0.4917689859867096,0.5580786466598511,0.1725302040576934,0.7305644154548645,0.6152445077896118,0.3206360340118408,0.2603317201137543,0.4416667222976684,0.6302535533905029,0.5191133618354797,0.7200098037719727
0.4917023181915283,0.5576964616775513,0.1714035719633102,0.7299501299858093,0.6147192716598511,0.3204299211502075,0.2601625025272369,0.4410111308097839,0.6298484802246094,0.5187209844589233,0.7198351621627808
0.4916356205940246,0.5573142766952515,0.170276939868927,0.7293359041213989,0.6141940355300903,0.3202238082885742,0.2599932551383972,0.4403554797172546,0.6294432878494263,0.5183285474777222,0.7196605205535889
0.491568922996521,0.5569320917129517,0.1691503226757049,0.7287216782569885,0.6136688590049744,0.3200176954269409,0.2598240375518799,0.4396998584270477,0.6290380954742432,0.5179362297058105,0.7194858193397522
0.4915022850036621,0.5565499067306519,0.1680237054824829,0.7281074523925781,0.6131436824798584,0.3198115825653076,0.2596548199653625,0.4390442371368408,0.6286330223083496,0.5175437927246094,0.7193111777305603
0.4914356172084808,0.556167721748352,0.1668970882892608,0.727493166923523,0.6126184463500977,0.3196054697036743,0.2594855725765228,0.4383885860443115,0.6282278299331665,0.5171514749526978,0.7191364765167236
0.4913688898086548,0.5557855367660522,0.1657704561948776,0.7268788814544678,0.6120932102203369,0.319399356842041,0.2593163549900055,0.437732994556427,0.6278226971626282,0.5167590379714966,0.7189618349075317
0.4913022518157959,0.5554034113883972,0.1646438241004943,0.7262646555900574,0.6115679740905762,0.3191932439804077,0.2591471374034881,0.4370773434638977,0.6274175643920898,0.5163666605949402,0.7187871336936951
0.4912355542182922,0.5550212264060974,0.1635172069072723,0.725650429725647,0.6110427379608154,0.3189871311187744,0.2589778900146484,0.4364217519760132,0.6270124316215515,0.515974223613739,0.718612551689148
0.4911688864231109,0.5546390414237976,0.1623905897140503,0.7250361442565918,0.6105176210403442,0.3187810182571411,0.2588086724281311,0.4357661306858063,0.6266072988510132,0.5155819058418274,0.7184378504753113
0.4911022186279297,0.5542569160461426,0.1612639725208282,0.7244219183921814,0.6099923253059387,0.3185749053955078,0.2586394548416137,0.435110479593277,0.6262021064758301,0.515189528465271,0.7182631492614746
0.491035521030426,0.5538747310638428,0.160137340426445,0.723807692527771,0.6094671487808228,0.3183687925338745,0.258470207452774,0.43445485830307,0.6257969737052917,0.5147970914840698,0.7180885076522827
0.4909688532352447,0.553492546081543,0.1590107083320617,0.7231934070587158,0.6089419722557068,0.3181626796722412,0.2583009898662567,0.4337992370128631,0.6253918409347534,0.5144047141075134,0.717913806438446
0.4909021258354187,0.5531103610992432,0.1578840911388397,0.7225791215896606,0.608416736125946,0.3179565668106079,0.258131742477417,0.4331436157226562,0.6249867081642151,0.514012336730957,0.7177391648292542
0.4908354878425598,0.5527281761169434,0.1567574739456176,0.7219648361206055,0.6078915596008301,0.3177504539489746,0.2579625248908996,0.4324879944324493,0.6245815753936768,0.5136199593544006,0.7175645232200623
0.4907687902450561,0.5523460507392883,0.1556308567523956,0.7213506698608398,0.6073663234710693,0.3175443410873413,0.2577932775020599,0.4318323731422424,0.6241763830184937,0.5132275223731995,0.7173898220062256
0.4907021224498749,0.5519638657569885,0.1545042395591735,0.7207363843917847,0.6068410873413086,0.317338228225708,0.2576240599155426,0.4311767220497131,0.6237713098526001,0.5128351449966431,0.7172151803970337
0.4906354546546936,0.5515816807746887,0.1533776074647903,0.7201221585273743,0.6063158512115479,0.3171321153640747,0.2574548423290252,0.4305211007595062,0.623366117477417,0.5124427080154419,0.717040479183197
0.4905687868595123,0.5511995553970337,0.1522510051727295,0.7195079326629639,0.6057906746864319,0.3169260025024414,0.2572856247425079,0.4298654794692993,0.6229609847068787,0.5120503902435303,0.7168658375740051
0.4905020594596863,0.5508173704147339,0.151124358177185,0.7188936471939087,0.6052654385566711,0.3167198896408081,0.2571163773536682,0.4292098581790924,0.6225558519363403,0.5116580128669739,0.7166911363601685
0.4904354214668274,0.5504351854324341,0.149997740983963,0.7182794213294983,0.6047402620315552,0.3165137767791748,0.2569471597671509,0.4285542666912079,0.6221506595611572,0.5112656354904175,0.7165165543556213
0.4903687238693237,0.5500530004501343,0.1488711237907409,0.7176651358604431,0.6042150259017944,0.3163076639175415,0.2567779123783111,0.4278986155986786,0.6217455267906189,0.5108731985092163,0.7163418531417847
0.49030202627182,0.5496708154678345,0.1477445065975189,0.7170509099960327,0.6036897897720337,0.3161015510559082,0.2566086947917938,0.4272429943084717,0.6213403940200806,0.5104808211326599,0.7161672115325928
0.4902353882789612,0.5492886304855347,0.1466178745031356,0.7164366245269775,0.603164553642273,0.3158954381942749,0.2564394772052765,0.4265873730182647,0.6209352612495422,0.5100884437561035,0.7159925103187561
0.4901686608791351,0.5489064455032349,0.1454912573099136,0.7158223390579224,0.6026394367218018,0.3156893253326416,0.2562702596187591,0.4259317219257355,0.6205301284790039,0.5096960067749023,0.7158178091049194
0.4901020228862762,0.5485242605209351,0.1443646252155304,0.7152081727981567,0.6021141409873962,0.3154832124710083,0.2561010122299194,0.4252761304378509,0.6201249957084656,0.5093036890029907,0.7156431674957275
0.4900352954864502,0.5481420755386353,0.1432380080223083,0.7145938873291016,0.6015889644622803,0.315277099609375,0.2559317946434021,0.424620509147644,0.6197198629379272,0.5089112520217896,0.7154684662818909
0.4899686574935913,0.5477599501609802,0.1421113908290863,0.7139796018600464,0.6010637283325195,0.3150709867477417,0.2557625472545624,0.4239648878574371,0.6193146705627441,0.5085188746452332,0.715293824672699
0.4899019598960876,0.5473777651786804,0.140984758734703,0.713365375995636,0.6005385518074036,0.3148648738861084,0.255593329668045,0.4233092367649078,0.618909478187561,0.5081264972686768,0.7151191830635071
0.4898352921009063,0.5469955801963806,0.139858141541481,0.7127511501312256,0.6000133752822876,0.3146587610244751,0.2554240822792053,0.4226536154747009,0.6185044050216675,0.5077340602874756,0.7149444818496704
0.4897686243057251,0.5466134548187256,0.1387315243482589,0.7121368646621704,0.5994881391525269,0.3144526481628418,0.255254864692688,0.421997994184494,0.6180992126464844,0.507341742515564,0.7147698402404785
0.4897019565105438,0.5462312698364258,0.1376048922538757,0.71152263879776,0.5989629030227661,0.3142465353012085,0.2550856173038482,0.4213423728942871,0.617694079875946,0.5069493055343628,0.7145951986312866
0.4896352291107178,0.545849084854126,0.1364782750606537,0.7109084129333496,0.5984376668930054,0.3140404224395752,0.2549163997173309,0.4206867516040802,0.6172889471054077,0.5065569281578064,0.71442049741745
0.4895685911178589,0.545466959476471,0.1353516578674316,0.7102941274642944,0.5979124903678894,0.3138342797756195,0.2547471821308136,0.4200311303138733,0.6168838143348694,0.50616455078125,0.7142457962036133
0.4895018935203552,0.5450847744941711,0.1342250257730484,0.709679901599884,0.5973873138427734,0.3136281669139862,0.2545779645442962,0.4193755090236664,0.616478681564331,0.5057721734046936,0.7140711545944214
0.4894351959228515,0.5447025895118713,0.1330984085798263,0.7090656161308289,0.5968620777130127,0.3134220540523529,0.2544087171554565,0.4187198579311371,0.616073489189148,0.5053797364234924,0.7138964533805847
0.4893685579299927,0.5443204045295715,0.1319717764854431,0.7084513902664185,0.596336841583252,0.3132159411907196,0.2542394995689392,0.4180642664432525,0.6156684160232544,0.504987359046936,0.7137218713760376
0.489301860332489,0.5439382195472717,0.130845159292221,0.7078371047973633,0.5958116054534912,0.3130098283290863,0.2540702819824219,0.4174086451530456,0.6152632832527161,0.5045949816703796,0.7135471701622009
0.4892351925373077,0.5435560941696167,0.129718542098999,0.7072228789329529,0.5952864289283752,0.312803715467453,0.2539010345935821,0.4167529940605163,0.614858090877533,0.5042026042938232,0.7133724689483643
0.4891685247421264,0.5431739091873169,0.1285919249057769,0.7066086530685425,0.5947611927986145,0.3125976026058197,0.2537318170070648,0.4160974025726318,0.6144529581069946,0.5038102269172668,0.7131978273391724
0.4891018271446228,0.5427917242050171,0.1274653077125549,0.7059943675994873,0.5942360162734985,0.3123914897441864,0.2535625696182251,0.4154417216777801,0.6140477657318115,0.5034177899360657,0.7130231857299805
0.4890351593494415,0.5424095392227173,0.1263386756181717,0.7053801417350769,0.5937107801437378,0.3121853768825531,0.2533933520317077,0.4147861301898956,0.613642692565918,0.503025472164154,0.7128484845161438
0.4889684915542602,0.5420274138450623,0.1252120435237884,0.7047658562660217,0.593185544013977,0.3119792640209198,0.253224104642868,0.4141305088996887,0.6132375001907349,0.5026330351829529,0.7126737833023071
0.4889017939567566,0.5416452288627625,0.1240854263305664,0.7041515707969666,0.5926603674888611,0.3117731511592865,0.2530548870563507,0.4134748876094818,0.6128323674201965,0.5022406578063965,0.7124991416931152
0.4888350963592529,0.5412629842758179,0.1229588091373443,0.7035373449325562,0.5921351909637451,0.3115670382976532,0.2528856694698334,0.4128192663192749,0.6124272346496582,0.5018482208251953,0.7123245000839233
0.4887684285640716,0.5408807992935181,0.1218321844935417,0.7029231190681458,0.5916099548339844,0.3113609254360199,0.2527164220809936,0.4121636152267456,0.6120221018791199,0.5014559030532837,0.7121498584747314
0.4887684285640716,0.5408807992935181,0.1218321844935417,0.7029231190681458,0.5916099548339844,0.3113609254360199,0.2527164220809936,0.4121636152267456,0.6120221018791199,0.5014559030532837,0.7121498584747314
0.4887684285640716,0.5408807992935181,0.1218321844935417,0.7029231190681458,0.5916099548339844,0.3113609254360199,0.2527164220809936,0.4121636152267456,0.6120221018791199,0.5014559030532837,0.7121498584747314
0.4887684285640716,0.5408807992935181,0.1218321844935417,0.7029231190681458,0.5916099548339844,0.3113609254360199,0.2527164220809936,0.4121636152267456,0.6120221018791199,0.5014559030532837,0.7121498584747314
0.4887684285640716,0.5408807992935181,0.1218321844935417,0.7029231190681458,0.5916099548339844,0.3113609254360199,0.2527164220809936,0.4121636152267456,0.6120221018791199,0.5014559030532837,0.7121498584747314
0.4887684285640716,0.5408807992935181,0.1218321844935417,0.7029231190681458,0.5916099548339844,0.3113609254360199,0.2527164220809936,0.4121636152267456,0.6120221018791199,0.5014559030532837,0.7121498584747314
0.4887684285640716,0.5408807992935181,0.1218321844935417,0.7029231190681458,0.5916099548339844,0.3113609254360199,0.2527164220809936,0.4121636152267456,0.6120221018791199,0.5014559030532837,0.7121498584747314
0.4887684285640716,0.5408807992935181,0.1218321844935417,0.7029231190681458,0.5916099548339844,0.3113609254360199,0.2527164220809936,0.4121636152267456,0.6120221018791199,0.5014559030532837,0.7121498584747314
0.4887684285640716,0.5408807992935181,0.1218321844935417,0.7029231190681458,0.5916099548339844,0.3113609254360199,0.2527164220809936,0.4121636152267456,0.6120221018791199,0.5014559030532837,0.7121498584747314
0.4887684285640716,0.5408807992935181,0.1218321844935417,0.7029231190681458,0.5916099548339844,0.3113609254360199,0.2527164220809936,0.4121636152267456,0.6120221018791199,0.5014559030532837,0.7121498584747314
0.4887684285640716,0.5408807992935181,0.1218321844935417,0.7029231190681458,0.5916099548339844,0.3113609254360199,0.2527164220809936,0.4121636152267456,0.6120221018791199,0.5014559030532837,0.7121498584747314
0.4887684285640716,0.5408807992935181,0.1218321844935417,0.7029231190681458,0.5916099548339844,0.3113609254360199,0.2527164220809936,0.4121636152267456,0.6120221018791199,0.5014559030532837,0.7121498584747314
0.4887684285640716,0.5408807992935181,0.1218321844935417,0.7029231190681458,0.5916099548339844,0.3113609254360199,0.2527164220809936,0.4121636152267456,0.6120221018791199,0.5014559030532837,0.7121498584747314
0.4887684285640716,0.5408807992935181,0.1218321844935417,0.7029231190681458,0.5916099548339844,0.3113609254360199,0.2527164220809936,0.4121636152267456,0.6120221018791199,0.5014559030532837,0.7121498584747314
0.4887684285640716,0.5408807992935181,0.1218321844935417,0.7029231190681458,0.5916099548339844,0.3113609254360199,0.2527164220809936,0.4121636152267456,0.6120221018791199,0.5014559030532837,0.7121498584747314
0.4887684285640716,0.5408807992935181,0.1218321844935417,0.7029231190681458,0.5916099548339844,0.3113609254360199,0.2527164220809936,0.4121636152267456,0.6120221018791199,0.5014559030532837,0.7121498584747314
0.4887684285640716,0.5408807992935181,0.1218321844935417,0.7029231190681458,0.5916099548339844,0.3113609254360199,0.2527164220809936,0.4121636152267456,0.6120221018791199,0.5014559030532837,0.7121498584747314
0.4887684285640716,0.5408807992935181,0.1218321844935417,0.7029231190681458,0.5916099548339844,0.3113609254360199,0.2527164220809936,0.4121636152267456,0.6120221018791199,0.5014559030532837,0.7121498584747314
0.4887684285640716,0.5408807992935181,0.1218321844935417,0.7029231190681458,0.5916099548339844,0.3113609254360199,0.2527164220809936,0.4121636152267456,0.6120221018791199,0.5014559030532837,0.7121498584747314
0.4887684285640716,0.5408807992935181,0.1218321844935417,0.7029231190681458,0.5916099548339844,0.3113609254360199,0.2527164220809936,0.4121636152267456,0.6120221018791199,0.5014559030532837,0.7121498584747314
0.4887684285640716,0.5408807992935181,0.1218321844935417,0.7029231190681458,0.5916099548339844,0.3113609254360199,0.2527164220809936,0.4121636152267456,0.6120221018791199,0.5014559030532837,0.7121498584747314
0.4887684285640716,0.5408807992935181,0.1218321844935417,0.7029231190681458,0.5916099548339844,0.3113609254360199,0.2527164220809936,0.4121636152267456,0.6120221018791199,0.5014559030532837,0.7121498584747314
0.4887684285640716,0.5408807992935181,0.1218321844935417,0.7029231190681458,0.5916099548339844,0.3113609254360199,0.2527164220809936,0.4121636152267456,0.6120221018791199,0.5014559030532837,0.7121498584747314
0.4887684285640716,0.5408807992935181,0.1218321844935417,0.7029231190681458,0.5916099548339844,0.3113609254360199,0.2527164220809936,0.4121636152267456,0.6120221018791199,0.5014559030532837,0.7121498584747314
0.4887684285640716,0.5408807992935181,0.1218321844935417,0.7029231190681458,0.5916099548339844,0.3113609254360199,0.2527164220809936,0.4121636152267456,0.6120221018791199,0.5014559030532837,0.7121498584747314
0.4887684285640716,0.5408807992935181,0.1218321844935417,0.7029231190681458,0.5916099548339844,0.3113609254360199,0.2527164220809936,0.4121636152267456,0.6120221018791199,0.5014559030532837,0.7121498584747314
0.4887684285640716,0.5408807992935181,0.1218321844935417,0.7029231190681458,0.5916099548339844,0.3113609254360199,0.2527164220809936,0.4121636152267456,0.6120221018791199,0.5014559030532837,0.7121498584747314
0.4887684285640716,0.5408807992935181,0.1218321844935417,0.7029231190681458,0.5916099548339844,0.3113609254360199,0.2527164220809936,0.4121636152267456,0.6120221018791199,0.5014559030532837,0.7121498584747314
0.4887684285640716,0.5408807992935181,0.1218321844935417,0.7029231190681458,0.5916099548339844,0.3113609254360199,0.2527164220809936,0.4121636152267456,0.6120221018791199,0.5014559030532837,0.7121498584747314
0.3236288428306579,0.4467250108718872,0.3197098672389984,0.6936823129653931,0.7136889100074768,0.4172203540802002,0.3251382708549499,0.6683632731437683,0.4408742487430572,0.6357141733169556,0.6543258428573608
0.3236456513404846,0.446595549583435,0.3196224272251129,0.6938466429710388,0.7140352725982666,0.4173546135425567,0.3253548145294189,0.6681791543960571,0.441016137599945,0.6357128620147705,0.6545068621635437
0.3236624002456665,0.4464660882949829,0.3195349872112274,0.6940109133720398,0.7143816351890564,0.4174888432025909,0.3255714178085327,0.6679949760437012,0.4411579668521881,0.6357114315032959,0.6546878218650818
0.3236791491508484,0.4463366270065307,0.3194475769996643,0.6941752433776855,0.7147279977798462,0.4176231026649475,0.3257879614830017,0.6678107976913452,0.4412998557090759,0.6357101202011108,0.6548688411712646
0.323695957660675,0.4462071359157562,0.3193601369857788,0.6943395733833313,0.715074360370636,0.4177573621273041,0.3260045349597931,0.6676266193389893,0.4414417147636413,0.635708749294281,0.6550498008728027
0.3237127363681793,0.4460777044296264,0.3192726969718933,0.694503903388977,0.7154207229614258,0.4178916215896606,0.3262211382389068,0.6674425005912781,0.4415835738182068,0.6357073783874512,0.6552308797836304
0.3237295150756836,0.4459482431411743,0.3191852569580078,0.694668173789978,0.7157671451568604,0.4180258810520172,0.3264376819133758,0.6672583818435669,0.4417254328727722,0.6357060074806213,0.6554118394851685
0.3237462639808655,0.4458187520503998,0.3190978169441223,0.6948325037956238,0.7161134481430054,0.4181601405143738,0.3266542255878448,0.6670742034912109,0.44186732172966,0.6357046365737915,0.6555927991867065
0.3237630724906921,0.4456892907619476,0.3190103769302368,0.6949967741966248,0.7164598703384399,0.4182943701744079,0.3268707692623138,0.666890025138855,0.4420091807842254,0.6357032656669617,0.6557738184928894
0.323779821395874,0.4455598592758178,0.3189229369163513,0.6951611042022705,0.716806173324585,0.4184286296367645,0.3270873725414276,0.6667059063911438,0.4421510398387909,0.6357018947601318,0.6559548377990723
0.3237966299057007,0.4454303681850433,0.3188354969024658,0.6953254342079163,0.7171525359153748,0.4185628890991211,0.3273039162158966,0.6665217280387878,0.4422928988933563,0.635700523853302,0.6561358571052551
0.3238133788108825,0.4453009366989136,0.3187480568885803,0.695489764213562,0.7174989581108093,0.4186971485614776,0.327520489692688,0.6663375496864319,0.4424347877502441,0.6356991529464722,0.6563168168067932
0.3238301873207092,0.4451714754104614,0.3186606168746948,0.695654034614563,0.7178453207015991,0.4188314080238342,0.3277370631694793,0.6661534309387207,0.4425766468048095,0.6356977820396423,0.6564978361129761
0.3238469362258911,0.4450420141220093,0.3185731768608093,0.6958183646202087,0.7181916832923889,0.4189656376838684,0.3279536366462707,0.6659693121910095,0.442718505859375,0.6356964111328125,0.6566788554191589
0.323863685131073,0.4449125528335571,0.3184857368469238,0.6959826350212097,0.7185380458831787,0.419099897146225,0.3281701803207397,0.6657851338386536,0.4428603649139404,0.6356950402259827,0.6568598747253418
0.3238804936408996,0.444783091545105,0.3183983266353607,0.6961469650268555,0.7188844084739685,0.4192341566085815,0.3283867537975311,0.6656009554862976,0.4430022537708282,0.6356936693191528,0.6570408344268799
0.3238972425460815,0.4446536302566528,0.3183108568191528,0.6963112950325012,0.7192307710647583,0.4193684160709381,0.3286032974720001,0.6654168367385864,0.4431440830230713,0.635692298412323,0.6572218537330627
0.3239140510559082,0.4445241689682007,0.3182234764099121,0.696475625038147,0.7195771932601929,0.4195026755332947,0.3288198709487915,0.6652326583862305,0.4432859718799591,0.6356909275054932,0.6574028730392456
0.3239308297634125,0.4443946778774261,0.3181359767913818,0.6966399550437927,0.7199234962463379,0.4196369051933288,0.3290364146232605,0.6650485396385193,0.4434278309345245,0.6356895565986633,0.6575838327407837
0.3239476084709167,0.444265216588974,0.3180485367774963,0.6968042850494385,0.7202699184417725,0.4197711646556854,0.3292530179023742,0.6648644208908081,0.4435696899890899,0.6356881856918335,0.6577647924423218
0.3239643573760986,0.4441357851028442,0.3179611265659332,0.6969685554504395,0.7206162214279175,0.419905424118042,0.3294695913791656,0.6646802425384521,0.4437115788459778,0.6356868743896484,0.6579458117485046
0.3239811360836029,0.4440062940120697,0.3178736865520477,0.6971328258514404,0.7209625840187073,0.4200396835803985,0.3296861350536346,0.6644960641860962,0.4438534379005432,0.6356855034828186,0.6581268310546875
0.3239979445934295,0.4438768327236175,0.3177862763404846,0.697297215461731,0.7213090062141418,0.4201739430427551,0.329902708530426,0.6643118858337402,0.4439952969551086,0.635684072971344,0.6583078503608704
0.3240147233009338,0.4437473714351654,0.3176988363265991,0.6974614858627319,0.7216553688049316,0.4203082025051117,0.3301192820072174,0.664127767086029,0.4441371858119964,0.6356827020645142,0.6584888100624084
0.3240314722061157,0.4436179101467132,0.3176113963127136,0.6976258158683777,0.7220017313957214,0.4204424321651459,0.3303358554840088,0.6639435887336731,0.4442790150642395,0.6356813907623291,0.6586698293685913
0.32404825091362,0.4434884488582611,0.3175239562988281,0.6977901458740234,0.7223480939865112,0.4205766916275024,0.3305523693561554,0.6637595295906067,0.4444209039211273,0.6356799602508545,0.6588508486747742
0.3240650296211242,0.4433589875698089,0.3174365162849426,0.6979544162750244,0.722694456577301,0.420710951089859,0.3307689726352691,0.6635753512382507,0.4445627331733703,0.6356786489486694,0.659031867980957
0.3240818083286285,0.4432294964790344,0.3173490762710571,0.6981186866760254,0.7230408787727356,0.4208452105522156,0.3309855163097381,0.6633911728858948,0.4447046220302582,0.6356772780418396,0.6592128276824951
0.3240985870361328,0.443100094795227,0.3172616362571716,0.6982830762863159,0.7233872413635254,0.4209794700145721,0.3312020897865295,0.6632069945335388,0.444846510887146,0.635675847530365,0.659393846988678
0.3241153657436371,0.4429706037044525,0.3171741962432861,0.6984473466873169,0.7237335443496704,0.4211136996746063,0.3314186334609985,0.6630228161811829,0.444988340139389,0.6356745362281799,0.6595748662948608
0.3241321444511413,0.442841112613678,0.3170867562294006,0.6986117362976074,0.7240799069404602,0.4212479591369629,0.3316352367401123,0.6628386378288269,0.4451302289962768,0.6356731653213501,0.6597558259963989
0.3241488933563232,0.4427116513252258,0.3169993162155151,0.6987760066986084,0.72442626953125,0.4213822185993194,0.3318517804145813,0.6626546382904053,0.4452720880508423,0.6356717944145203,0.659936785697937
0.3241657018661499,0.4425822496414184,0.316911906003952,0.6989402770996094,0.7247726917266846,0.421516478061676,0.3320683538913727,0.6624704599380493,0.4454139471054077,0.6356704235076904,0.6601178646087646
0.3241824805736542,0.4424527585506439,0.3168244361877441,0.6991046071052551,0.7251189947128296,0.4216507375240326,0.3322849571704864,0.6622862815856934,0.4455558359622955,0.6356690526008606,0.6602988243103027
0.3241992592811584,0.4423232972621918,0.316737025976181,0.6992689371109009,0.7254654169082642,0.4217849969863891,0.332501471042633,0.6621021032333374,0.4456976652145386,0.635667622089386,0.6604798436164856
0.3242160081863403,0.4421938359737396,0.3166495561599731,0.6994332075119019,0.725811779499054,0.4219192266464233,0.3327180445194244,0.6619179248809814,0.4458395540714264,0.6356663107872009,0.6606608033180237
0.3242327868938446,0.4420643746852875,0.3165621161460876,0.6995975971221924,0.7261581420898438,0.4220534861087799,0.3329346179962158,0.6617337465286255,0.4459814429283142,0.6356649398803711,0.6608418226242065
0.3242495656013489,0.4419349133968353,0.3164747059345245,0.6997618675231934,0.7265045046806335,0.4221877455711365,0.3331511914730072,0.6615496873855591,0.4461232721805572,0.635663628578186,0.6610228419303894
0.3242663443088531,0.4418054223060608,0.316387265920639,0.6999261975288391,0.7268508672714233,0.422322005033493,0.3333677351474762,0.6613655686378479,0.446265161037445,0.6356621980667114,0.6612038612365723
0.3242831230163574,0.441675990819931,0.3162998259067535,0.7000905275344849,0.7271972298622131,0.4224562644958496,0.3335843086242676,0.6611813902854919,0.4464070200920105,0.6356608271598816,0.6613848209381104
0.3242999315261841,0.4415465295314789,0.3162124156951904,0.7002547979354858,0.7275435924530029,0.4225904941558838,0.3338008821010589,0.660997211933136,0.4465488791465759,0.6356595158576965,0.6615658402442932
0.3243166804313659,0.4414170384407043,0.3161249756813049,0.7004191279411316,0.7278899550437927,0.4227247536182403,0.3340174555778503,0.66081303358078,0.4466907680034637,0.6356580853462219,0.6617468595504761
0.3243334591388702,0.4412875771522522,0.3160375356674194,0.7005834579467773,0.7282363772392273,0.4228590130805969,0.3342339992523193,0.6606288552284241,0.4468325972557068,0.6356567144393921,0.6619278192520142
0.3243502378463745,0.4411581456661224,0.3159500956535339,0.7007477879524231,0.7285827398300171,0.4229932725429535,0.3344506025314331,0.6604446768760681,0.4469744861125946,0.635655403137207,0.6621087789535522
0.3243670165538788,0.4410286545753479,0.3158626556396484,0.7009120583534241,0.7289291024208069,0.42312753200531,0.3346671164035797,0.6602606177330017,0.4471163153648376,0.6356539726257324,0.6622898578643799
0.324383795261383,0.4408991932868957,0.3157752156257629,0.7010763883590698,0.7292754650115967,0.4232617914676666,0.3348836898803711,0.6600764989852905,0.4472582042217254,0.6356526017189026,0.662470817565918
0.3244005441665649,0.4407697319984436,0.3156877756118774,0.7012406587600708,0.7296218276023865,0.4233960211277008,0.3351002335548401,0.6598923206329346,0.4474000632762909,0.6356512904167175,0.6626518368721008
0.3244173526763916,0.4406402707099914,0.3156003355979919,0.7014049887657166,0.7299681901931763,0.4235302805900574,0.3353168368339538,0.6597081422805786,0.4475419223308563,0.6356498599052429,0.6628328561782837
0.3244341015815735,0.4405108094215393,0.3155128955841064,0.7015693187713623,0.7303145527839661,0.4236645400524139,0.3355334103107452,0.6595239639282227,0.4476838111877441,0.6356484889984131,0.6630138158798218
0.3244509100914001,0.4403813481330871,0.3154254555702209,0.7017337083816528,0.7306609153747559,0.4237987995147705,0.3357499539852142,0.6593397855758667,0.4478256702423095,0.635647177696228,0.6631948351860046
0.324467658996582,0.440251886844635,0.3153380155563354,0.701897919178009,0.7310072779655457,0.4239330589771271,0.335966557264328,0.6591557264328003,0.447967529296875,0.6356457471847534,0.6633758544921875
0.3244844675064087,0.4401224255561828,0.3152506053447723,0.7020622491836548,0.7313536405563354,0.4240672886371612,0.336183100938797,0.6589715480804443,0.4481093883514404,0.6356444358825684,0.6635568141937256
0.3245012164115906,0.4399929940700531,0.3151631355285644,0.7022265791893005,0.73170006275177,0.4242015480995178,0.3363996744155884,0.6587874293327332,0.4482512474060058,0.6356430649757385,0.6637378931045532
0.3245179951190948,0.4398635029792785,0.3150756955146789,0.7023909091949463,0.7320464253425598,0.4243358075618744,0.336616188287735,0.6586032509803772,0.4483931362628937,0.6356416344642639,0.6639188528060913
0.3245347738265991,0.4397340416908264,0.3149882555007934,0.7025551795959473,0.7323927879333496,0.4244700670242309,0.3368327915668487,0.6584190726280212,0.4485349655151367,0.6356403231620789,0.6640998125076294
0.3245515525341034,0.4396045804023742,0.3149008452892303,0.7027195692062378,0.7327391505241394,0.4246043264865875,0.3370493352413177,0.6582348942756653,0.4486768543720245,0.635638952255249,0.6642808318138123
0.3245683312416076,0.4394751191139221,0.3148134052753448,0.702883780002594,0.7330855131149292,0.4247385561466217,0.3372659087181091,0.6580507755279541,0.4488187432289123,0.6356375813484192,0.6644618511199951
0.3245851099491119,0.4393456578254699,0.3147259652614593,0.7030481100082397,0.733431875705719,0.4248728156089782,0.3374824821949005,0.6578666567802429,0.4489605724811554,0.6356362104415894,0.664642870426178
0.3246018886566162,0.4392161965370178,0.3146385252475738,0.7032124400138855,0.7337782382965088,0.4250070750713348,0.3376990556716919,0.657682478427887,0.4491024613380432,0.6356348395347595,0.6648238301277161
0.3246186375617981,0.4390867352485657,0.3145511150360107,0.7033767700195312,0.7341246008872986,0.4251413345336914,0.3379155993461609,0.657498300075531,0.4492443203926086,0.6356334686279297,0.6650048494338989
0.3246354460716247,0.4389572739601135,0.3144636452198028,0.7035410404205322,0.7344709634780884,0.425275593996048,0.3381321728229522,0.6573141813278198,0.4493861794471741,0.6356321573257446,0.6651858687400818
0.3246521949768066,0.438827782869339,0.3143762350082397,0.7037053108215332,0.7348173260688782,0.4254098534584045,0.338348776102066,0.6571300029754639,0.4495280385017395,0.63563072681427,0.6653668880462646
0.3246690034866333,0.4386983513832092,0.3142887949943542,0.7038697004318237,0.7351637482643127,0.4255440831184387,0.3385652899742126,0.6569458246231079,0.4496698975563049,0.6356293559074402,0.6655478477478027
0.3246857523918152,0.4385688900947571,0.3142013549804687,0.7040339708328247,0.7355101108551025,0.4256783425807953,0.338781863451004,0.6567617654800415,0.4498117864131927,0.6356279850006104,0.6657288074493408
0.3247025609016418,0.4384393990039825,0.3141139149665832,0.7041983604431152,0.7358564138412476,0.4258126020431518,0.3389984369277954,0.6565775871276855,0.4499536752700805,0.6356266140937805,0.6659098863601685
0.3247193098068237,0.4383099377155304,0.3140264749526977,0.7043626308441162,0.7362027764320374,0.4259468615055084,0.3392150104045868,0.6563934087753296,0.4500955045223236,0.6356252431869507,0.6660908460617065
0.3247361183166504,0.4381805062294006,0.3139390349388122,0.7045269012451172,0.7365491390228271,0.426081120967865,0.3394315540790558,0.6562092304229736,0.4502373933792114,0.6356238722801208,0.6662718057632446
0.3247528672218323,0.4380510151386261,0.3138515949249267,0.7046912312507629,0.7368955612182617,0.4262153506278991,0.3396481275558471,0.6560251116752625,0.4503792226314544,0.635622501373291,0.6664528250694275
0.3247696161270141,0.4379215538501739,0.3137641847133636,0.7048555612564087,0.7372419834136963,0.4263496100902557,0.3398647010326385,0.6558409333229065,0.4505211114883423,0.6356211304664612,0.6666338443756104
0.3247864246368408,0.4377920925617218,0.3136767148971557,0.7050198316574097,0.7375882863998413,0.4264838695526123,0.3400812745094299,0.6556568145751953,0.4506629705429077,0.6356197595596313,0.6668148636817932
0.3248031735420227,0.437662661075592,0.3135892748832702,0.7051842212677002,0.7379346489906311,0.4266181290149688,0.3402978181838989,0.6554726958274841,0.4508048295974731,0.6356183886528015,0.6669958233833313
0.3248199820518493,0.4375331997871399,0.3135018348693847,0.7053484916687012,0.7382810115814209,0.4267523884773254,0.3405143916606903,0.6552885174751282,0.4509466886520386,0.6356170773506165,0.6671768426895142
0.3248367309570312,0.4374037384986877,0.3134143948554992,0.7055128216743469,0.7386274337768555,0.426886647939682,0.3407309353351593,0.6551043391227722,0.4510885775089264,0.6356157064437866,0.6673578023910522
0.3248535394668579,0.4372742772102356,0.3133269846439361,0.7056771516799927,0.7389737367630005,0.4270208775997162,0.3409475088119507,0.6549201607704163,0.4512304365634918,0.6356143355369568,0.6675388216972351
0.3248702883720398,0.4371448159217834,0.3132395446300506,0.7058414220809937,0.7393201589584351,0.4271551370620727,0.3411640524864197,0.6547360420227051,0.4513722956180572,0.635612964630127,0.667719841003418
0.3248870968818664,0.4370153248310089,0.3131521046161651,0.7060057520866394,0.7396664619445801,0.4272893965244293,0.3413806557655334,0.6545519232749939,0.4515141546726227,0.6356115937232971,0.6679008603096008
0.3249038457870483,0.4368858635425567,0.313064694404602,0.7061700820922852,0.7400128841400146,0.4274236559867859,0.3415972292423248,0.6543677449226379,0.4516560435295105,0.6356102228164673,0.6680818200111389
0.3249206244945526,0.436756432056427,0.3129772245883941,0.7063343524932861,0.7403593063354492,0.4275579154491424,0.3418137729167938,0.6541836261749268,0.4517979025840759,0.6356088519096375,0.6682628393173218
0.3249374032020569,0.4366269409656524,0.312889814376831,0.7064987421035767,0.7407056093215942,0.4276921451091766,0.3420303761959076,0.6539994478225708,0.4519397616386413,0.6356074810028076,0.6684438586235046
0.3249541819095611,0.4364974796772003,0.3128023445606231,0.7066630125045776,0.7410520315170288,0.4278264045715332,0.3422469198703766,0.6538152694702148,0.4520816206932068,0.6356061100959778,0.6686248779296875
0.3249709606170654,0.4363680183887481,0.31271493434906,0.7068272829055786,0.7413983345031738,0.4279606640338897,0.3424634933471679,0.6536310911178589,0.4522235095500946,0.635604739189148,0.6688058972358704
0.3249877393245697,0.436238557100296,0.3126274943351745,0.7069916725158691,0.7417446374893188,0.4280949234962463,0.3426800072193146,0.6534469127655029,0.4523653388023376,0.6356033682823181,0.6689867973327637
0.325004518032074,0.4361090958118438,0.312540054321289,0.7071559429168701,0.7420910596847534,0.4282291829586029,0.3428966104984283,0.6532628536224365,0.4525072276592254,0.6356019973754883,0.6691678762435913
0.3250212669372558,0.4359796345233917,0.3124526143074035,0.7073203325271606,0.742437481880188,0.4283634424209595,0.3431131541728973,0.6530787348747253,0.4526490867137909,0.6356006264686584,0.6693488359451294
0.3250380754470825,0.4358501434326172,0.312365174293518,0.7074846029281616,0.7427838444709778,0.4284976720809936,0.3433297276496887,0.6528945565223694,0.4527909457683563,0.6355992555618286,0.669529914855957
0.3250548243522644,0.4357207119464874,0.3122777342796325,0.7076488733291626,0.7431302070617676,0.4286319315433502,0.3435463011264801,0.6527103781700134,0.4529328346252441,0.6355978846549988,0.6697108745574951
0.325071632862091,0.4355912506580353,0.312190294265747,0.7078131437301636,0.7434765100479126,0.4287661910057068,0.3437628746032715,0.6525261998176575,0.4530746936798095,0.635596513748169,0.6698918342590332
0.3250883817672729,0.4354617595672607,0.3121028542518616,0.7079775333404541,0.7438229322433472,0.4289004504680633,0.3439794182777405,0.6523420810699463,0.453216552734375,0.6355951428413391,0.6700728535652161
0.3251051902770996,0.4353322982788086,0.3120154142379761,0.7081418037414551,0.744169294834137,0.4290347099304199,0.3441959917545318,0.6521579027175903,0.4533584117889404,0.6355937719345093,0.6702538728713989
0.3251219391822815,0.4352028667926788,0.3119279742240906,0.7083061337471008,0.7445156574249268,0.4291689395904541,0.3444125950336456,0.6519737839698792,0.4535002708435058,0.6355924606323242,0.6704348921775818
0.3251387476921081,0.4350733757019043,0.3118405342102051,0.7084704637527466,0.7448620200157166,0.4293031990528106,0.3446291089057922,0.651789665222168,0.4536421597003937,0.6355910897254944,0.6706158518791199
0.32515549659729,0.4349439144134521,0.3117531239986419,0.7086347341537476,0.7452083826065063,0.4294374585151672,0.3448456823825836,0.651605486869812,0.4537839889526367,0.6355897188186646,0.6707968711853027
0.3251722753047943,0.434814453125,0.3116656541824341,0.7087990641593933,0.7455548048019409,0.4295717179775238,0.345062255859375,0.651421308517456,0.4539258778095245,0.6355883479118347,0.6709778904914856
0.3251890540122986,0.4346850216388702,0.3115782737731933,0.7089633941650391,0.7459011673927307,0.4297059774398803,0.3452788293361664,0.6512371301651001,0.4540677666664123,0.6355869770050049,0.6711589097976685
0.3252058029174804,0.4345555603504181,0.3114908039569855,0.70912766456604,0.7462475299835205,0.4298402369022369,0.3454953730106354,0.6510530114173889,0.4542095959186554,0.635585606098175,0.6713398694992065
0.3252226114273071,0.4344260692596435,0.3114033639431,0.7092919945716858,0.7465938925743103,0.4299744665622711,0.3457119464874267,0.650868833065033,0.4543514847755432,0.6355842351913452,0.6715208292007446
0.3252393901348114,0.4342966377735138,0.3113159239292145,0.7094563245773315,0.7469402551651001,0.4301087260246277,0.3459285199642181,0.6506847739219666,0.4544933438301086,0.6355828046798706,0.6717019081115723
0.3252561688423157,0.4341671764850616,0.311228483915329,0.7096206545829773,0.7472866177558899,0.4302429854869842,0.3461450934410095,0.6505005955696106,0.4546352028846741,0.6355814933776855,0.6718828678131104
0.3252729475498199,0.4340376853942871,0.3111410737037658,0.7097849249839783,0.7476329803466797,0.4303772449493408,0.3463616371154785,0.6503164172172546,0.4547770917415619,0.6355801224708557,0.6720638275146484
0.3252896964550018,0.4339082241058349,0.3110536336898803,0.709949254989624,0.7479793429374695,0.4305115044116974,0.3465782105922699,0.6501322388648987,0.4549189209938049,0.6355787515640259,0.6722448468208313
0.3253064751625061,0.4337787926197052,0.3109661936759949,0.7101135849952698,0.7483257055282593,0.4306457340717315,0.3467947542667389,0.6499481201171875,0.4550608098506927,0.635577380657196,0.6724258661270142
0.3253232836723327,0.4336493015289306,0.3108787536621094,0.7102779150009155,0.7486720681190491,0.4307799935340881,0.3470113277435303,0.6497639417648315,0.4552026987075805,0.6355760097503662,0.672606885433197
0.3253400325775146,0.4335198402404785,0.3107913136482239,0.7104422450065613,0.7490184903144836,0.4309142529964447,0.3472278714179992,0.6495798230171204,0.4553445279598236,0.6355746388435364,0.6727878451347351
0.3253568410873413,0.4333903789520263,0.3107038736343384,0.7106064558029175,0.7493648529052734,0.4310485124588012,0.347444474697113,0.6493957042694092,0.4554864168167114,0.6355732679367065,0.672968864440918
0.3253735899925232,0.4332609176635742,0.3106164336204529,0.710770845413208,0.7497112154960632,0.4311827719211578,0.3476610481739044,0.6492115259170532,0.4556282460689544,0.6355718374252319,0.6731498837471008
0.3253903687000274,0.433131456375122,0.3105289936065674,0.710935115814209,0.7500575184822083,0.431317001581192,0.3478775918483734,0.6490273475646973,0.4557701349258423,0.6355705261230469,0.6733309030532837
0.3254071474075317,0.4330019950866699,0.3104415535926819,0.7110995054244995,0.750403881072998,0.4314512610435486,0.3480941951274872,0.6488431692123413,0.4559119939804077,0.635569155216217,0.6735118627548218
0.325423926115036,0.4328725039958954,0.3103541135787964,0.7112637758255005,0.7507503032684326,0.4315855205059051,0.3483107388019562,0.6486590504646301,0.4560538530349731,0.635567843914032,0.6736928820610046
0.3254407048225403,0.4327430725097656,0.3102667033672333,0.7114280462265015,0.7510966658592224,0.4317197799682617,0.3485272824764251,0.6484748721122742,0.4561957418918609,0.6355664730072021,0.6738739013671875
0.3254574835300445,0.4326136112213135,0.3101792335510254,0.7115923762321472,0.7514430284500122,0.4318540394306183,0.3487438261508941,0.648290753364563,0.4563376009464264,0.6355650424957275,0.6740548610687256
0.3254742622375488,0.4324841499328613,0.3100918233394623,0.711756706237793,0.751789391040802,0.4319882988929748,0.3489604294300079,0.648106575012207,0.4564794600009918,0.6355637311935425,0.6742358207702637
0.3254910111427307,0.4323546886444092,0.3100043833255768,0.711920976638794,0.7521357536315918,0.432122528553009,0.3491769731044769,0.6479224562644958,0.4566213488578796,0.6355623602867126,0.6744168400764465
0.3255078196525574,0.432225227355957,0.3099169433116913,0.7120853662490845,0.7524821162223816,0.4322567880153656,0.3493935465812683,0.6477383375167847,0.4567631781101227,0.6355609893798828,0.6745978593826294
0.3255245983600616,0.4320957362651825,0.3098295032978058,0.7122496366500854,0.7528284788131714,0.4323910474777221,0.3496101200580597,0.6475541591644287,0.4569050669670105,0.6355595588684082,0.6747788190841675
0.3255413770675659,0.4319663047790527,0.3097420632839203,0.7124139070510864,0.7531748414039612,0.4325253069400787,0.3498266935348511,0.6473699808120728,0.4570469260215759,0.6355582475662231,0.6749598383903503
0.3255581259727478,0.4318368434906006,0.3096546232700348,0.7125782370567322,0.753521203994751,0.4326595664024353,0.35004323720932,0.6471858620643616,0.4571887850761413,0.6355568170547485,0.6751408576965332
0.3255749046802521,0.4317073822021484,0.3095672130584717,0.7127425670623779,0.7538675665855408,0.4327937960624695,0.3502598106861114,0.6470016837120056,0.4573306441307068,0.6355554461479187,0.6753218770027161
0.3255916833877563,0.4315779209136963,0.3094797730445862,0.7129068970680237,0.7542139887809753,0.432928055524826,0.3504764139652252,0.6468175053596497,0.4574725329875946,0.6355541348457336,0.6755028367042542
0.325608491897583,0.4314484298229217,0.3093923330307007,0.7130712270736694,0.7545603513717651,0.4330623149871826,0.3506929278373718,0.6466333866119385,0.4576143622398376,0.6355527639389038,0.675683856010437
0.3256252408027649,0.431318998336792,0.3093048930168152,0.7132354974746704,0.7549067735671997,0.4331965744495392,0.3509095013141632,0.6464492678642273,0.4577562510967254,0.635551393032074,0.6758648753166199
0.3256420493125915,0.4311895370483398,0.3092174530029297,0.7133998274803162,0.7552530765533447,0.4333308339118957,0.3511260747909546,0.6462650895118713,0.4578981101512909,0.6355500221252441,0.6760458946228027
0.3256587982177734,0.4310600459575653,0.3091300129890442,0.7135641574859619,0.7555994391441345,0.4334650933742523,0.3513426482677459,0.6460809111595154,0.4580399990081787,0.6355485916137695,0.6762268543243408
0.3256755769252777,0.4309305846691131,0.3090425729751587,0.7137284278869629,0.7559458017349243,0.4335993230342865,0.3515591919422149,0.6458967924118042,0.4581818580627441,0.6355472803115845,0.6764078140258789
0.325692355632782,0.4308011531829834,0.3089551329612732,0.7138928174972534,0.7562922239303589,0.433733582496643,0.3517757654190063,0.6457126140594482,0.4583237171173095,0.6355459690093994,0.6765888929367065
0.3257091343402862,0.4306716620922088,0.3088676929473877,0.7140570878982544,0.7566385269165039,0.4338678419589996,0.3519923388957977,0.6455284357070923,0.458465576171875,0.6355445384979248,0.6767698526382446
0.3257259130477905,0.4305422008037567,0.3087802529335022,0.7142213582992554,0.7569849491119385,0.4340021014213562,0.3522089123725891,0.6453443765640259,0.4586074650287628,0.635543167591095,0.6769508123397827
0.3257426619529724,0.4304127395153045,0.3086928129196167,0.7143857479095459,0.7573312520980835,0.4341363608837127,0.3524254560470581,0.6451601982116699,0.4587492942810058,0.6355417966842651,0.6771318316459656
0.3257594704627991,0.4302832782268524,0.3086054027080536,0.7145500183105469,0.7576776742935181,0.4342705905437469,0.3526420295238495,0.644976019859314,0.4588911831378937,0.6355404257774353,0.6773128509521484
0.3257762193679809,0.4301538169384002,0.3085179328918457,0.7147142887115479,0.7580240368843079,0.4344048500061035,0.3528585731983185,0.6447919011116028,0.4590330123901367,0.6355390548706055,0.6774938702583313
0.3257930278778076,0.4300243258476257,0.3084305226802826,0.7148786783218384,0.7583703994750977,0.4345391094684601,0.3530751466751098,0.6446077227592468,0.4591749012470245,0.6355377435684204,0.6776748299598694
0.3258097767829895,0.4298948645591736,0.3083430528640747,0.7150429487228394,0.7587167024612427,0.4346733689308166,0.3532916903495788,0.6444235444068909,0.4593167901039123,0.6355363726615906,0.6778558492660522
0.3258265852928161,0.4297654330730438,0.3082556426525116,0.7152072787284851,0.7590631246566772,0.4348076283931732,0.3535082936286926,0.6442394256591797,0.4594586193561554,0.635534942150116,0.6780368685722351
0.325843334197998,0.4296359717845917,0.3081682026386261,0.7153716087341309,0.7594095468521118,0.4349418878555298,0.353724867105484,0.6440552473068237,0.4596005082130432,0.6355335712432861,0.678217887878418
0.3258601129055023,0.4295065104961395,0.3080807626247406,0.7155358791351318,0.7597559094429016,0.4350761175155639,0.353941410779953,0.6438711285591125,0.4597423672676086,0.6355322599411011,0.678398847579956
0.3258768916130066,0.4293770492076874,0.3079933524131775,0.7157002091407776,0.7601022720336914,0.4352103769779205,0.3541580140590668,0.6436869502067566,0.4598842263221741,0.6355308294296265,0.6785798072814941
0.3258936703205108,0.4292475879192352,0.307905912399292,0.7158645391464233,0.7604486346244812,0.4353446364402771,0.3543745577335357,0.6435028314590454,0.4600260853767395,0.6355294585227966,0.6787608861923218
0.3259104490280151,0.4291181266307831,0.3078184723854065,0.7160288095474243,0.760794997215271,0.4354788959026336,0.3545911014080047,0.6433186531066895,0.4601679444313049,0.6355281472206116,0.6789418458938599
0.325927197933197,0.4289886653423309,0.307731032371521,0.7161931991577148,0.7611413598060608,0.4356131553649902,0.3548076748847961,0.6431344747543335,0.4603098034858703,0.635526716709137,0.679122805595398
0.3259440064430237,0.4288592040538788,0.3076435625553131,0.7163574695587158,0.7614877223968506,0.4357473850250244,0.3550242483615875,0.6429503560066223,0.4604516923427582,0.6355254054069519,0.6793038249015808
0.3259607553482055,0.4287297427654266,0.30755615234375,0.7165217399597168,0.7618340849876404,0.435881644487381,0.3552407920360565,0.6427661776542664,0.460593581199646,0.6355240345001221,0.6794848442077637
0.3259775638580322,0.4286002814769745,0.3074687123298645,0.7166860699653625,0.7621804475784302,0.4360159039497375,0.3554573655128479,0.6425820589065552,0.460735410451889,0.6355226039886475,0.6796658635139465
0.3259943127632141,0.4284707903861999,0.307381272315979,0.7168503999710083,0.76252681016922,0.4361501634120941,0.3556739389896393,0.642397940158844,0.4608772993087768,0.6355212926864624,0.6798468232154846
0.3260111212730407,0.4283413589000702,0.3072938323020935,0.7170146703720093,0.7628732323646545,0.4362844228744507,0.3558905124664306,0.642213761806488,0.4610191583633423,0.6355199217796326,0.6800278425216675
0.3260278701782226,0.428211897611618,0.307206392288208,0.7171790599822998,0.7632195949554443,0.4364186525344848,0.3561070561408996,0.6420295834541321,0.4611610174179077,0.6355185508728027,0.6802088618278503
0.3260446488857269,0.4280824065208435,0.3071189522743225,0.7173433303833008,0.7635659575462341,0.4365529119968414,0.3563236594200134,0.6418454647064209,0.4613028764724731,0.6355171799659729,0.6803898811340332
0.3260614275932312,0.4279529452323913,0.307031512260437,0.7175076603889465,0.7639122605323792,0.436687171459198,0.3565402030944824,0.6416612863540649,0.4614447355270386,0.6355158090591431,0.6805708408355713
0.3260782361030578,0.4278235137462616,0.3069440722465515,0.7176719307899475,0.764258623123169,0.4368214309215545,0.3567567467689514,0.641477108001709,0.4615866243839264,0.6355144381523132,0.6807518601417542
0.3260949850082397,0.427694022655487,0.306856632232666,0.7178362607955933,0.7646050453186035,0.4369556903839111,0.3569733202457428,0.6412929892539978,0.4617284834384918,0.6355130672454834,0.680932879447937
0.3261117339134216,0.4275645613670349,0.3067691922187805,0.718000590801239,0.7649514079093933,0.4370899498462677,0.3571898937225342,0.6411088705062866,0.4618703424930572,0.6355116963386536,0.6811138391494751
0.3261285424232483,0.4274351000785827,0.3066817820072174,0.7181649208068848,0.7652977705001831,0.4372241795063019,0.3574064671993255,0.6409246921539307,0.462012231349945,0.6355103254318237,0.6812947988510132
0.3261452913284302,0.4273056387901306,0.3065943419933319,0.7183292508125305,0.7656441330909729,0.4373584389686584,0.3576230108737945,0.6407405138015747,0.4621540904045105,0.6355089545249939,0.681475818157196
0.3261620998382568,0.4271761775016784,0.3065069317817688,0.7184935808181763,0.7659904956817627,0.437492698431015,0.3578396141529083,0.6405563950538635,0.4622959494590759,0.6355075836181641,0.6816568374633789
0.3261788785457611,0.4270466864109039,0.3064194917678833,0.7186578512191772,0.7663368582725525,0.4376269578933716,0.3580561578273773,0.6403722167015076,0.4624378085136413,0.6355062127113342,0.6818378567695618
0.326195627450943,0.4269172549247741,0.3063320517539978,0.7188221216201782,0.7666832208633423,0.4377612173557281,0.3582727313041687,0.6401880383491516,0.4625796675682068,0.6355048418045044,0.6820188164710999
0.3262124061584472,0.4267878234386444,0.3062446117401123,0.718986451625824,0.7670295834541321,0.4378954470157623,0.3584892749786377,0.6400039792060852,0.4627215266227722,0.6355034708976746,0.6821998357772827
0.3262291848659515,0.4266583323478699,0.3061571419239044,0.7191507816314697,0.7673759460449219,0.4380297064781189,0.3587058484554291,0.6398198008537292,0.46286341547966,0.6355020999908447,0.6823808550834656
0.3262459635734558,0.4265288710594177,0.3060697317123413,0.7193151116371155,0.7677223086357117,0.4381639659404754,0.358922392129898,0.6396356821060181,0.4630052447319031,0.6355007290840149,0.6825618743896484
0.3262627720832824,0.4263994395732879,0.3059822916984558,0.7194793820381165,0.7680687308311462,0.438298225402832,0.3591389656066894,0.6394515037536621,0.4631471335887909,0.6354993581771851,0.6827428340911865
0.3262795209884643,0.4262699484825134,0.3058948516845703,0.7196437120437622,0.768415093421936,0.4384324848651886,0.3593555390834808,0.6392673254013062,0.4632890224456787,0.635498046875,0.6829238533973694
0.3262962996959686,0.4261404871940613,0.3058074116706848,0.7198079824447632,0.7687614560127258,0.4385667443275451,0.3595721125602722,0.6390831470489502,0.4634308815002441,0.6354966163635254,0.6831048727035522
0.3263130784034729,0.4260110259056091,0.3057199716567993,0.7199723720550537,0.7691078186035156,0.4387009739875793,0.3597886860370636,0.6388989686965942,0.4635727405548095,0.6354953050613403,0.6832858324050903
0.3263298571109772,0.425881564617157,0.3056325316429138,0.7201366424560547,0.7694541811943054,0.4388352334499359,0.3600052297115326,0.6387148499488831,0.463714599609375,0.6354939341545105,0.6834667921066284
0.3263466358184814,0.4257521033287048,0.3055450916290283,0.7203010320663452,0.7698005437850952,0.4389694929122925,0.3602218329906463,0.6385307908058167,0.4638564586639404,0.6354925632476807,0.683647871017456
0.3263634145259857,0.4256226420402527,0.3054576516151428,0.7204653024673462,0.770146906375885,0.439103752374649,0.3604383766651153,0.6383466124534607,0.4639983475208282,0.6354911923408508,0.6838288307189941
0.32638019323349,0.4254931509494781,0.3053702116012573,0.7206295728683472,0.7704932689666748,0.4392380118370056,0.3606549203395843,0.6381624341011047,0.4641401767730713,0.635489821434021,0.6840099096298218
0.3263969421386719,0.4253637194633484,0.3052827715873718,0.7207939028739929,0.7708396315574646,0.4393722414970398,0.3608714938163757,0.6379782557487488,0.4642820656299591,0.6354883909225464,0.6841908097267151
0.3264137506484985,0.4252342283725738,0.3051953315734863,0.7209582328796387,0.7711859941482544,0.4395065009593963,0.3610880672931671,0.6377940773963928,0.4644239544868469,0.6354870796203613,0.684371829032898
0.3264304995536804,0.4251047670841217,0.3051079213619232,0.7211225032806396,0.7715323567390442,0.4396407604217529,0.3613046109676361,0.6376099586486816,0.4645657837390899,0.6354857087135315,0.6845528483390808
0.222071886062622,0.335688054561615,0.3381000757217407,0.369314044713974,0.2756416797637939,0.224466785788536,0.2452111989259719,0.4054609537124634,0.237192690372467,0.3241776823997497,0.3546492457389831
0.222071886062622,0.335688054561615,0.3381000757217407,0.369314044713974,0.2756416797637939,0.224466785788536,0.2452111989259719,0.4054609537124634,0.237192690372467,0.3241776823997497,0.3546492457389831
0.222071886062622,0.335688054561615,0.3381000757217407,0.369314044713974,0.2756416797637939,0.224466785788536,0.2452111989259719,0.4054609537124634,0.237192690372467,0.3241776823997497,0.3546492457389831
0.222071886062622,0.335688054561615,0.3381000757217407,0.369314044713974,0.2756416797637939,0.224466785788536,0.2452111989259719,0.4054609537124634,0.237192690372467,0.3241776823997497,0.3546492457389831
0.222071886062622,0.335688054561615,0.3381000757217407,0.369314044713974,0.2756416797637939,0.224466785788536,0.2452111989259719,0.4054609537124634,0.237192690372467,0.3241776823997497,0.3546492457389831
0.222071886062622,0.335688054561615,0.3381000757217407,0.369314044713974,0.2756416797637939,0.224466785788536,0.2452111989259719,0.4054609537124634,0.237192690372467,0.3241776823997497,0.3546492457389831
0.222071886062622,0.335688054561615,0.3381000757217407,0.369314044713974,0.2756416797637939,0.224466785788536,0.2452111989259719,0.4054609537124634,0.237192690372467,0.3241776823997497,0.3546492457389831
0.222071886062622,0.335688054561615,0.3381000757217407,0.369314044713974,0.2756416797637939,0.224466785788536,0.2452111989259719,0.4054609537124634,0.237192690372467,0.3241776823997497,0.3546492457389831
0.222071886062622,0.335688054561615,0.3381000757217407,0.369314044713974,0.2756416797637939,0.224466785788536,0.2452111989259719,0.4054609537124634,0.237192690372467,0.3241776823997497,0.3546492457389831
0.222071886062622,0.335688054561615,0.3381000757217407,0.369314044713974,0.2756416797637939,0.224466785788536,0.2452111989259719,0.4054609537124634,0.237192690372467,0.3241776823997497,0.3546492457389831
0.222071886062622,0.335688054561615,0.3381000757217407,0.369314044713974,0.2756416797637939,0.224466785788536,0.2452111989259719,0.4054609537124634,0.237192690372467,0.3241776823997497,0.3546492457389831
0.222071886062622,0.335688054561615,0.3381000757217407,0.369314044713974,0.2756416797637939,0.224466785788536,0.2452111989259719,0.4054609537124634,0.237192690372467,0.3241776823997497,0.3546492457389831
0.222071886062622,0.335688054561615,0.3381000757217407,0.369314044713974,0.2756416797637939,0.224466785788536,0.2452111989259719,0.4054609537124634,0.237192690372467,0.3241776823997497,0.3546492457389831
0.222071886062622,0.335688054561615,0.3381000757217407,0.369314044713974,0.2756416797637939,0.224466785788536,0.2452111989259719,0.4054609537124634,0.237192690372467,0.3241776823997497,0.3546492457389831
0.222071886062622,0.335688054561615,0.3381000757217407,0.369314044713974,0.2756416797637939,0.224466785788536,0.2452111989259719,0.4054609537124634,0.237192690372467,0.3241776823997497,0.3546492457389831
0.222071886062622,0.335688054561615,0.3381000757217407,0.369314044713974,0.2756416797637939,0.224466785788536,0.2452111989259719,0.4054609537124634,0.237192690372467,0.3241776823997497,0.3546492457389831
0.222071886062622,0.335688054561615,0.3381000757217407,0.369314044713974,0.2756416797637939,0.224466785788536,0.2452111989259719,0.4054609537124634,0.237192690372467,0.3241776823997497,0.3546492457389831
0.222071886062622,0.335688054561615,0.3381000757217407,0.369314044713974,0.2756416797637939,0.224466785788536,0.2452111989259719,0.4054609537124634,0.237192690372467,0.3241776823997497,0.3546492457389831
0.222071886062622,0.335688054561615,0.3381000757217407,0.369314044713974,0.2756416797637939,0.224466785788536,0.2452111989259719,0.4054609537124634,0.237192690372467,0.3241776823997497,0.3546492457389831
0.222071886062622,0.335688054561615,0.3381000757217407,0.369314044713974,0.2756416797637939,0.224466785788536,0.2452111989259719,0.4054609537124634,0.237192690372467,0.3241776823997497,0.3546492457389831
0.222071886062622,0.335688054561615,0.3381000757217407,0.369314044713974,0.2756416797637939,0.224466785788536,0.2452111989259719,0.4054609537124634,0.237192690372467,0.3241776823997497,0.3546492457389831
0.222071886062622,0.335688054561615,0.3381000757217407,0.369314044713974,0.2756416797637939,0.224466785788536,0.2452111989259719,0.4054609537124634,0.237192690372467,0.3241776823997497,0.3546492457389831
0.222071886062622,0.335688054561615,0.3381000757217407,0.369314044713974,0.2756416797637939,0.224466785788536,0.2452111989259719,0.4054609537124634,0.237192690372467,0.3241776823997497,0.3546492457389831
0.222071886062622,0.335688054561615,0.3381000757217407,0.369314044713974,0.2756416797637939,0.224466785788536,0.2452111989259719,0.4054609537124634,0.237192690372467,0.3241776823997497,0.3546492457389831
0.222071886062622,0.335688054561615,0.3381000757217407,0.369314044713974,0.2756416797637939,0.224466785788536,0.2452111989259719,0.4054609537124634,0.237192690372467,0.3241776823997497,0.3546492457389831
0.222071886062622,0.335688054561615,0.3381000757217407,0.369314044713974,0.2756416797637939,0.224466785788536,0.2452111989259719,0.4054609537124634,0.237192690372467,0.3241776823997497,0.3546492457389831
0.222071886062622,0.335688054561615,0.3381000757217407,0.369314044713974,0.2756416797637939,0.224466785788536,0.2452111989259719,0.4054609537124634,0.237192690372467,0.3241776823997497,0.3546492457389831
0.222071886062622,0.335688054561615,0.3381000757217407,0.369314044713974,0.2756416797637939,0.224466785788536,0.2452111989259719,0.4054609537124634,0.237192690372467,0.3241776823997497,0.3546492457389831
0.222071886062622,0.335688054561615,0.3381000757217407,0.369314044713974,0.2756416797637939,0.224466785788536,0.2452111989259719,0.4054609537124634,0.237192690372467,0.3241776823997497,0.3546492457389831
0.222071886062622,0.335688054561615,0.3381000757217407,0.369314044713974,0.2756416797637939,0.224466785788536,0.2452111989259719,0.4054609537124634,0.237192690372467,0.3241776823997497,0.3546492457389831
0.222071886062622,0.335688054561615,0.3381000757217407,0.369314044713974,0.2756416797637939,0.224466785788536,0.2452111989259719,0.4054609537124634,0.237192690372467,0.3241776823997497,0.3546492457389831
0.222071886062622,0.335688054561615,0.3381000757217407,0.369314044713974,0.2756416797637939,0.224466785788536,0.2452111989259719,0.4054609537124634,0.237192690372467,0.3241776823997497,0.3546492457389831
0.222071886062622,0.335688054561615,0.3381000757217407,0.369314044713974,0.2756416797637939,0.224466785788536,0.2452111989259719,0.4054609537124634,0.237192690372467,0.3241776823997497,0.3546492457389831
0.222071886062622,0.335688054561615,0.3381000757217407,0.369314044713974,0.2756416797637939,0.224466785788536,0.2452111989259719,0.4054609537124634,0.237192690372467,0.3241776823997497,0.3546492457389831
0.222071886062622,0.335688054561615,0.3381000757217407,0.369314044713974,0.2756416797637939,0.224466785788536,0.2452111989259719,0.4054609537124634,0.237192690372467,0.3241776823997497,0.3546492457389831
0.222071886062622,0.335688054561615,0.3381000757217407,0.369314044713974,0.2756416797637939,0.224466785788536,0.2452111989259719,0.4054609537124634,0.237192690372467,0.3241776823997497,0.3546492457389831
0.222071886062622,0.335688054561615,0.3381000757217407,0.369314044713974,0.2756416797637939,0.224466785788536,0.2452111989259719,0.4054609537124634,0.237192690372467,0.3241776823997497,0.3546492457389831
0.222071886062622,0.335688054561615,0.3381000757217407,0.369314044713974,0.2756416797637939,0.224466785788536,0.2452111989259719,0.4054609537124634,0.237192690372467,0.3241776823997497,0.3546492457389831
0.222071886062622,0.335688054561615,0.3381000757217407,0.369314044713974,0.2756416797637939,0.224466785788536,0.2452111989259719,0.4054609537124634,0.237192690372467,0.3241776823997497,0.3546492457389831
0.222071886062622,0.335688054561615,0.3381000757217407,0.369314044713974,0.2756416797637939,0.224466785788536,0.2452111989259719,0.4054609537124634,0.237192690372467,0.3241776823997497,0.3546492457389831
0.222071886062622,0.335688054561615,0.3381000757217407,0.369314044713974,0.2756416797637939,0.224466785788536,0.2452111989259719,0.4054609537124634,0.237192690372467,0.3241776823997497,0.3546492457389831
0.222071886062622,0.335688054561615,0.3381000757217407,0.369314044713974,0.2756416797637939,0.224466785788536,0.2452111989259719,0.4054609537124634,0.237192690372467,0.3241776823997497,0.3546492457389831
0.222071886062622,0.335688054561615,0.3381000757217407,0.369314044713974,0.2756416797637939,0.224466785788536,0.2452111989259719,0.4054609537124634,0.237192690372467,0.3241776823997497,0.3546492457389831
0.222071886062622,0.335688054561615,0.3381000757217407,0.369314044713974,0.2756416797637939,0.224466785788536,0.2452111989259719,0.4054609537124634,0.237192690372467,0.3241776823997497,0.3546492457389831
0.222071886062622,0.335688054561615,0.3381000757217407,0.369314044713974,0.2756416797637939,0.224466785788536,0.2452111989259719,0.4054609537124634,0.237192690372467,0.3241776823997497,0.3546492457389831
0.222071886062622,0.335688054561615,0.3381000757217407,0.369314044713974,0.2756416797637939,0.224466785788536,0.2452111989259719,0.4054609537124634,0.237192690372467,0.3241776823997497,0.3546492457389831
0.222071886062622,0.335688054561615,0.3381000757217407,0.369314044713974,0.2756416797637939,0.224466785788536,0.2452111989259719,0.4054609537124634,0.237192690372467,0.3241776823997497,0.3546492457389831
0.222071886062622,0.335688054561615,0.3381000757217407,0.369314044713974,0.2756416797637939,0.224466785788536,0.2452111989259719,0.4054609537124634,0.237192690372467,0.3241776823997497,0.3546492457389831
0.222071886062622,0.335688054561615,0.3381000757217407,0.369314044713974,0.2756416797637939,0.224466785788536,0.2452111989259719,0.4054609537124634,0.237192690372467,0.3241776823997497,0.3546492457389831
0.222071886062622,0.335688054561615,0.3381000757217407,0.369314044713974,0.2756416797637939,0.224466785788536,0.2452111989259719,0.4054609537124634,0.237192690372467,0.3241776823997497,0.3546492457389831
0.222071886062622,0.335688054561615,0.3381000757217407,0.369314044713974,0.2756416797637939,0.224466785788536,0.2452111989259719,0.4054609537124634,0.237192690372467,0.3241776823997497,0.3546492457389831
0.222071886062622,0.335688054561615,0.3381000757217407,0.369314044713974,0.2756416797637939,0.224466785788536,0.2452111989259719,0.4054609537124634,0.237192690372467,0.3241776823997497,0.3546492457389831
0.222071886062622,0.335688054561615,0.3381000757217407,0.369314044713974,0.2756416797637939,0.224466785788536,0.2452111989259719,0.4054609537124634,0.237192690372467,0.3241776823997497,0.3546492457389831
0.222071886062622,0.335688054561615,0.3381000757217407,0.369314044713974,0.2756416797637939,0.224466785788536,0.2452111989259719,0.4054609537124634,0.237192690372467,0.3241776823997497,0.3546492457389831
0.222071886062622,0.335688054561615,0.3381000757217407,0.369314044713974,0.2756416797637939,0.224466785788536,0.2452111989259719,0.4054609537124634,0.237192690372467,0.3241776823997497,0.3546492457389831
0.222071886062622,0.335688054561615,0.3381000757217407,0.369314044713974,0.2756416797637939,0.224466785788536,0.2452111989259719,0.4054609537124634,0.237192690372467,0.3241776823997497,0.3546492457389831
0.222071886062622,0.335688054561615,0.3381000757217407,0.369314044713974,0.2756416797637939,0.224466785788536,0.2452111989259719,0.4054609537124634,0.237192690372467,0.3241776823997497,0.3546492457389831
0.222071886062622,0.335688054561615,0.3381000757217407,0.369314044713974,0.2756416797637939,0.224466785788536,0.2452111989259719,0.4054609537124634,0.237192690372467,0.3241776823997497,0.3546492457389831
0.222071886062622,0.335688054561615,0.3381000757217407,0.369314044713974,0.2756416797637939,0.224466785788536,0.2452111989259719,0.4054609537124634,0.237192690372467,0.3241776823997497,0.3546492457389831
0.222071886062622,0.335688054561615,0.3381000757217407,0.369314044713974,0.2756416797637939,0.224466785788536,0.2452111989259719,0.4054609537124634,0.237192690372467,0.3241776823997497,0.3546492457389831
0.222071886062622,0.335688054561615,0.3381000757217407,0.369314044713974,0.2756416797637939,0.224466785788536,0.2452111989259719,0.4054609537124634,0.237192690372467,0.3241776823997497,0.3546492457389831
0.222071886062622,0.335688054561615,0.3381000757217407,0.369314044713974,0.2756416797637939,0.224466785788536,0.2452111989259719,0.4054609537124634,0.237192690372467,0.3241776823997497,0.3546492457389831
0.222071886062622,0.335688054561615,0.3381000757217407,0.369314044713974,0.2756416797637939,0.224466785788536,0.2452111989259719,0.4054609537124634,0.237192690372467,0.3241776823997497,0.3546492457389831
0.222071886062622,0.335688054561615,0.3381000757217407,0.369314044713974,0.2756416797637939,0.224466785788536,0.2452111989259719,0.4054609537124634,0.237192690372467,0.3241776823997497,0.3546492457389831
0.222071886062622,0.335688054561615,0.3381000757217407,0.369314044713974,0.2756416797637939,0.224466785788536,0.2452111989259719,0.4054609537124634,0.237192690372467,0.3241776823997497,0.3546492457389831
0.222071886062622,0.335688054561615,0.3381000757217407,0.369314044713974,0.2756416797637939,0.224466785788536,0.2452111989259719,0.4054609537124634,0.237192690372467,0.3241776823997497,0.3546492457389831
0.222071886062622,0.335688054561615,0.3381000757217407,0.369314044713974,0.2756416797637939,0.224466785788536,0.2452111989259719,0.4054609537124634,0.237192690372467,0.3241776823997497,0.3546492457389831
0.222071886062622,0.335688054561615,0.3381000757217407,0.369314044713974,0.2756416797637939,0.224466785788536,0.2452111989259719,0.4054609537124634,0.237192690372467,0.3241776823997497,0.3546492457389831
0.222071886062622,0.335688054561615,0.3381000757217407,0.369314044713974,0.2756416797637939,0.224466785788536,0.2452111989259719,0.4054609537124634,0.237192690372467,0.3241776823997497,0.3546492457389831
0.222071886062622,0.335688054561615,0.3381000757217407,0.369314044713974,0.2756416797637939,0.224466785788536,0.2452111989259719,0.4054609537124634,0.237192690372467,0.3241776823997497,0.3546492457389831
0.222071886062622,0.335688054561615,0.3381000757217407,0.369314044713974,0.2756416797637939,0.224466785788536,0.2452111989259719,0.4054609537124634,0.237192690372467,0.3241776823997497,0.3546492457389831
0.222071886062622,0.335688054561615,0.3381000757217407,0.369314044713974,0.2756416797637939,0.224466785788536,0.2452111989259719,0.4054609537124634,0.237192690372467,0.3241776823997497,0.3546492457389831
0.222071886062622,0.335688054561615,0.3381000757217407,0.369314044713974,0.2756416797637939,0.224466785788536,0.2452111989259719,0.4054609537124634,0.237192690372467,0.3241776823997497,0.3546492457389831
0.222071886062622,0.335688054561615,0.3381000757217407,0.369314044713974,0.2756416797637939,0.224466785788536,0.2452111989259719,0.4054609537124634,0.237192690372467,0.3241776823997497,0.3546492457389831
0.222071886062622,0.335688054561615,0.3381000757217407,0.369314044713974,0.2756416797637939,0.224466785788536,0.2452111989259719,0.4054609537124634,0.237192690372467,0.3241776823997497,0.3546492457389831
0.222071886062622,0.335688054561615,0.3381000757217407,0.369314044713974,0.2756416797637939,0.224466785788536,0.2452111989259719,0.4054609537124634,0.237192690372467,0.3241776823997497,0.3546492457389831
0.222071886062622,0.335688054561615,0.3381000757217407,0.369314044713974,0.2756416797637939,0.224466785788536,0.2452111989259719,0.4054609537124634,0.237192690372467,0.3241776823997497,0.3546492457389831
0.222071886062622,0.335688054561615,0.3381000757217407,0.369314044713974,0.2756416797637939,0.224466785788536,0.2452111989259719,0.4054609537124634,0.237192690372467,0.3241776823997497,0.3546492457389831
0.222071886062622,0.335688054561615,0.3381000757217407,0.369314044713974,0.2756416797637939,0.224466785788536,0.2452111989259719,0.4054609537124634,0.237192690372467,0.3241776823997497,0.3546492457389831
0.222071886062622,0.335688054561615,0.3381000757217407,0.369314044713974,0.2756416797637939,0.224466785788536,0.2452111989259719,0.4054609537124634,0.237192690372467,0.3241776823997497,0.3546492457389831
0.222071886062622,0.335688054561615,0.3381000757217407,0.369314044713974,0.2756416797637939,0.224466785788536,0.2452111989259719,0.4054609537124634,0.237192690372467,0.3241776823997497,0.3546492457389831
0.222071886062622,0.335688054561615,0.3381000757217407,0.369314044713974,0.2756416797637939,0.224466785788536,0.2452111989259719,0.4054609537124634,0.237192690372467,0.3241776823997497,0.3546492457389831
0.222071886062622,0.335688054561615,0.3381000757217407,0.369314044713974,0.2756416797637939,0.224466785788536,0.2452111989259719,0.4054609537124634,0.237192690372467,0.3241776823997497,0.3546492457389831
0.222071886062622,0.335688054561615,0.3381000757217407,0.369314044713974,0.2756416797637939,0.224466785788536,0.2452111989259719,0.4054609537124634,0.237192690372467,0.3241776823997497,0.3546492457389831
0.222071886062622,0.335688054561615,0.3381000757217407,0.369314044713974,0.2756416797637939,0.224466785788536,0.2452111989259719,0.4054609537124634,0.237192690372467,0.3241776823997497,0.3546492457389831
0.222071886062622,0.335688054561615,0.3381000757217407,0.369314044713974,0.2756416797637939,0.224466785788536,0.2452111989259719,0.4054609537124634,0.237192690372467,0.3241776823997497,0.3546492457389831
0.222071886062622,0.335688054561615,0.3381000757217407,0.369314044713974,0.2756416797637939,0.224466785788536,0.2452111989259719,0.4054609537124634,0.237192690372467,0.3241776823997497,0.3546492457389831
0.222071886062622,0.335688054561615,0.3381000757217407,0.369314044713974,0.2756416797637939,0.224466785788536,0.2452111989259719,0.4054609537124634,0.237192690372467,0.3241776823997497,0.3546492457389831
0.222071886062622,0.335688054561615,0.3381000757217407,0.369314044713974,0.2756416797637939,0.224466785788536,0.2452111989259719,0.4054609537124634,0.237192690372467,0.3241776823997497,0.3546492457389831
0.222071886062622,0.335688054561615,0.3381000757217407,0.369314044713974,0.2756416797637939,0.224466785788536,0.2452111989259719,0.4054609537124634,0.237192690372467,0.3241776823997497,0.3546492457389831
0.222071886062622,0.335688054561615,0.3381000757217407,0.369314044713974,0.2756416797637939,0.224466785788536,0.2452111989259719,0.4054609537124634,0.237192690372467,0.3241776823997497,0.3546492457389831
0.222071886062622,0.335688054561615,0.3381000757217407,0.369314044713974,0.2756416797637939,0.224466785788536,0.2452111989259719,0.4054609537124634,0.237192690372467,0.3241776823997497,0.3546492457389831
0.222071886062622,0.335688054561615,0.3381000757217407,0.369314044713974,0.2756416797637939,0.224466785788536,0.2452111989259719,0.4054609537124634,0.237192690372467,0.3241776823997497,0.3546492457389831
0.222071886062622,0.335688054561615,0.3381000757217407,0.369314044713974,0.2756416797637939,0.224466785788536,0.2452111989259719,0.4054609537124634,0.237192690372467,0.3241776823997497,0.3546492457389831
0.222071886062622,0.335688054561615,0.3381000757217407,0.369314044713974,0.2756416797637939,0.224466785788536,0.2452111989259719,0.4054609537124634,0.237192690372467,0.3241776823997497,0.3546492457389831
0.222071886062622,0.335688054561615,0.3381000757217407,0.369314044713974,0.2756416797637939,0.224466785788536,0.2452111989259719,0.4054609537124634,0.237192690372467,0.3241776823997497,0.3546492457389831
0.222071886062622,0.335688054561615,0.3381000757217407,0.369314044713974,0.2756416797637939,0.224466785788536,0.2452111989259719,0.4054609537124634,0.237192690372467,0.3241776823997497,0.3546492457389831
0.222071886062622,0.335688054561615,0.3381000757217407,0.369314044713974,0.2756416797637939,0.224466785788536,0.2452111989259719,0.4054609537124634,0.237192690372467,0.3241776823997497,0.3546492457389831
0.222071886062622,0.335688054561615,0.3381000757217407,0.369314044713974,0.2756416797637939,0.224466785788536,0.2452111989259719,0.4054609537124634,0.237192690372467,0.3241776823997497,0.3546492457389831
0.222071886062622,0.335688054561615,0.3381000757217407,0.369314044713974,0.2756416797637939,0.224466785788536,0.2452111989259719,0.4054609537124634,0.237192690372467,0.3241776823997497,0.3546492457389831
0.222071886062622,0.335688054561615,0.3381000757217407,0.369314044713974,0.2756416797637939,0.224466785788536,0.2452111989259719,0.4054609537124634,0.237192690372467,0.3241776823997497,0.3546492457389831
0.222071886062622,0.335688054561615,0.3381000757217407,0.369314044713974,0.2756416797637939,0.224466785788536,0.2452111989259719,0.4054609537124634,0.237192690372467,0.3241776823997497,0.3546492457389831
0.222071886062622,0.335688054561615,0.3381000757217407,0.369314044713974,0.2756416797637939,0.224466785788536,0.2452111989259719,0.4054609537124634,0.237192690372467,0.3241776823997497,0.3546492457389831
0.222071886062622,0.335688054561615,0.3381000757217407,0.369314044713974,0.2756416797637939,0.224466785788536,0.2452111989259719,0.4054609537124634,0.237192690372467,0.3241776823997497,0.3546492457389831
0.222071886062622,0.335688054561615,0.3381000757217407,0.369314044713974,0.2756416797637939,0.224466785788536,0.2452111989259719,0.4054609537124634,0.237192690372467,0.3241776823997497,0.3546492457389831
0.222071886062622,0.335688054561615,0.3381000757217407,0.369314044713974,0.2756416797637939,0.224466785788536,0.2452111989259719,0.4054609537124634,0.237192690372467,0.3241776823997497,0.3546492457389831
0.222071886062622,0.335688054561615,0.3381000757217407,0.369314044713974,0.2756416797637939,0.224466785788536,0.2452111989259719,0.4054609537124634,0.237192690372467,0.3241776823997497,0.3546492457389831
0.222071886062622,0.335688054561615,0.3381000757217407,0.369314044713974,0.2756416797637939,0.224466785788536,0.2452111989259719,0.4054609537124634,0.237192690372467,0.3241776823997497,0.3546492457389831
0.222071886062622,0.335688054561615,0.3381000757217407,0.369314044713974,0.2756416797637939,0.224466785788536,0.2452111989259719,0.4054609537124634,0.237192690372467,0.3241776823997497,0.3546492457389831
0.222071886062622,0.335688054561615,0.3381000757217407,0.369314044713974,0.2756416797637939,0.224466785788536,0.2452111989259719,0.4054609537124634,0.237192690372467,0.3241776823997497,0.3546492457389831
0.222071886062622,0.335688054561615,0.3381000757217407,0.369314044713974,0.2756416797637939,0.224466785788536,0.2452111989259719,0.4054609537124634,0.237192690372467,0.3241776823997497,0.3546492457389831
0.222071886062622,0.335688054561615,0.3381000757217407,0.369314044713974,0.2756416797637939,0.224466785788536,0.2452111989259719,0.4054609537124634,0.237192690372467,0.3241776823997497,0.3546492457389831
0.222071886062622,0.335688054561615,0.3381000757217407,0.369314044713974,0.2756416797637939,0.224466785788536,0.2452111989259719,0.4054609537124634,0.237192690372467,0.3241776823997497,0.3546492457389831
0.222071886062622,0.335688054561615,0.3381000757217407,0.369314044713974,0.2756416797637939,0.224466785788536,0.2452111989259719,0.4054609537124634,0.237192690372467,0.3241776823997497,0.3546492457389831
0.222071886062622,0.335688054561615,0.3381000757217407,0.369314044713974,0.2756416797637939,0.224466785788536,0.2452111989259719,0.4054609537124634,0.237192690372467,0.3241776823997497,0.3546492457389831
0.222071886062622,0.335688054561615,0.3381000757217407,0.369314044713974,0.2756416797637939,0.224466785788536,0.2452111989259719,0.4054609537124634,0.237192690372467,0.3241776823997497,0.3546492457389831
0.2219538688659668,0.3354371190071106,0.3382285237312317,0.3689225912094116,0.27558434009552,0.2243068218231201,0.2448697537183761,0.4052812457084656,0.2370236665010452,0.3240499496459961,0.3538642525672912
0.2218358367681503,0.3351861238479614,0.3383569419384002,0.368531197309494,0.2755269408226013,0.2241468727588653,0.2445283234119415,0.4051015079021454,0.2368546426296234,0.32392218708992,0.3530793190002441
0.2217178046703338,0.334935188293457,0.3384853601455688,0.3681397438049316,0.2754696011543274,0.2239869236946106,0.2441868931055069,0.4049217700958252,0.2366856336593628,0.3237944543361664,0.3522943258285522
0.2215997874736786,0.3346842229366302,0.3386137783527374,0.3677482903003692,0.2754122018814087,0.2238269597291946,0.2438454627990722,0.4047420024871826,0.2365165948867797,0.3236666917800903,0.3515093326568603
0.2214817702770233,0.3344332575798034,0.3387422263622284,0.3673568964004516,0.2753548324108124,0.2236670106649398,0.2435040175914764,0.40456223487854,0.2363475561141967,0.3235389590263366,0.3507243692874908
0.221363753080368,0.3341823220252991,0.338870644569397,0.3669654428958893,0.275297462940216,0.2235070616006851,0.2431625872850418,0.4043825268745422,0.2361785620450973,0.3234111666679382,0.3499393761157989
0.2212457209825515,0.3339313864707947,0.3389990925788879,0.3665739893913269,0.2752400636672973,0.2233471125364303,0.2428211420774459,0.404202789068222,0.2360095232725143,0.3232834339141845,0.3491544127464294
0.2211277037858963,0.3336804211139679,0.3391275107860565,0.3661825656890869,0.2751827239990234,0.2231871485710144,0.2424797117710113,0.4040230810642242,0.2358405143022537,0.3231557011604309,0.3483694195747375
0.221009686589241,0.3334294557571411,0.3392559289932251,0.3657911419868469,0.2751253247261047,0.2230271995067596,0.2421382814645767,0.4038433134555816,0.2356714904308319,0.3230279386043548,0.3475844860076904
0.2208916544914245,0.3331785202026367,0.339384377002716,0.3653996884822845,0.2750679552555084,0.2228672504425048,0.2417968511581421,0.4036635756492615,0.2355024665594101,0.3229001760482788,0.3467994928359985
0.2207736372947693,0.3329275846481323,0.3395127654075622,0.3650082647800445,0.2750105857849121,0.2227072864770889,0.2414554208517074,0.4034838378429413,0.2353334426879882,0.3227724432945251,0.3460144996643066
0.220655620098114,0.3326765894889831,0.3396412134170532,0.3646168410778045,0.2749532163143158,0.2225473374128341,0.2411139756441116,0.4033040702342987,0.2351644337177276,0.3226446509361267,0.3452295362949371
0.2205375880002975,0.3324256241321563,0.3397696316242218,0.3642253875732422,0.2748958468437195,0.2223873883485794,0.240772545337677,0.4031243324279785,0.2349953949451446,0.322516918182373,0.3444445729255676
0.220419555902481,0.332174688577652,0.3398980796337127,0.3638339638710022,0.2748384773731231,0.2222274243831634,0.2404311150312423,0.4029446244239807,0.2348263561725616,0.322389155626297,0.3436595797538757
0.220301553606987,0.3319237530231476,0.3400264978408813,0.3634425401687622,0.2747810781002044,0.2220674753189087,0.2400896847248077,0.4027648568153381,0.2346573621034622,0.3222614228725433,0.3428745865821838
0.2201835215091705,0.3316727876663208,0.3401549458503723,0.3630510866641998,0.2747237086296081,0.2219075262546539,0.2397482395172119,0.4025851488113403,0.2344883233308792,0.3221336603164673,0.3420896530151367
0.2200655043125152,0.331421822309494,0.3402833342552185,0.3626596331596374,0.2746663689613342,0.2217475622892379,0.2394068241119384,0.4024054110050201,0.2343193143606186,0.3220059275627136,0.3413046598434448
0.2199474871158599,0.3311708867549896,0.3404117822647095,0.3622682392597198,0.2746089994907379,0.2215876132249832,0.2390653789043426,0.4022256135940552,0.2341502904891967,0.3218781650066376,0.3405196666717529
0.2198294699192047,0.3309199213981628,0.340540200471878,0.3618767857551574,0.2745516002178192,0.2214276641607284,0.2387239336967468,0.4020459055900574,0.2339812666177749,0.3217504024505615,0.339734673500061
0.219711422920227,0.3306689858436584,0.3406686186790466,0.3614853322505951,0.2744942307472229,0.2212677001953125,0.238382488489151,0.4018661677837372,0.2338122427463531,0.3216226696968078,0.3389497101306915
0.2195934206247329,0.3304180204868316,0.3407970666885376,0.3610939085483551,0.2744368314743042,0.2211077511310577,0.2380410730838775,0.401686429977417,0.2336432188749313,0.3214949071407318,0.338164746761322
0.2194753885269165,0.3301670849323272,0.3409255146980285,0.3607024550437927,0.2743794918060303,0.2209478020668029,0.2376996427774429,0.4015066921710968,0.2334741950035095,0.3213671445846557,0.3373797535896301
0.2193573713302612,0.3299161195755005,0.3410539031028747,0.3603110313415527,0.2743220925331116,0.220787838101387,0.2373581975698471,0.4013269543647766,0.2333051711320877,0.3212393820285797,0.3365947604179382
0.2192393541336059,0.3296651542186737,0.3411823511123657,0.3599195778369903,0.2742647528648376,0.2206278890371322,0.2370167821645736,0.4011472463607788,0.2331361472606659,0.3211116194725036,0.3358098268508911
0.2191213369369506,0.3294141888618469,0.3413107991218567,0.359528124332428,0.2742073535919189,0.2204679399728775,0.2366753369569778,0.4009674489498138,0.232967123389244,0.32098388671875,0.3350248336791992
0.2190033197402954,0.3291632533073425,0.3414391875267029,0.3591367304325104,0.274150013923645,0.2203079760074615,0.2363339066505432,0.400787740945816,0.2327981144189834,0.3208561241626739,0.3342398703098297
0.2188852876424789,0.3289122879505157,0.3415676355361938,0.358745276927948,0.2740926146507263,0.2201480269432068,0.2359924614429474,0.4006080031394958,0.2326290905475616,0.3207283616065979,0.3334548771381378
0.2187672555446624,0.3286613523960113,0.3416960537433624,0.358353853225708,0.27403524518013,0.219988077878952,0.2356510460376739,0.4004282355308532,0.2324600666761398,0.3206006288528442,0.3326699137687683
0.2186492383480072,0.3284103870391845,0.3418245017528534,0.357962429523468,0.2739778757095337,0.2198281288146972,0.2353096008300781,0.4002485275268554,0.232291042804718,0.3204728662967682,0.3318849205970764
0.2185312211513519,0.3281594216823578,0.341952919960022,0.3575709760189056,0.273920476436615,0.2196681648492813,0.2349681705236435,0.4000687897205353,0.2321220338344574,0.3203451335430145,0.3310999274253845
0.2184132039546966,0.3279084861278534,0.3420813381671905,0.3571795225143432,0.273863136768341,0.2195082157850265,0.2346267253160476,0.3998890221118927,0.2319529950618744,0.3202173709869385,0.3303149938583374
0.2182951867580413,0.327657550573349,0.3422097563743591,0.3567881286144256,0.2738057672977447,0.2193482667207718,0.234285295009613,0.3997092843055725,0.2317839711904525,0.3200896382331848,0.3295300006866455
0.2181771397590637,0.3274065852165222,0.3423382043838501,0.3563966751098633,0.2737483978271484,0.2191883027553558,0.2339438498020172,0.3995295464992523,0.2316149473190307,0.3199618458747864,0.328745037317276
0.2180591225624084,0.3271556198596954,0.3424666225910187,0.3560052216053009,0.2736909985542297,0.219028353691101,0.2336024194955825,0.3993498086929321,0.2314459383487701,0.3198341131210327,0.3279600441455841
0.2179411053657531,0.326904684305191,0.3425950407981872,0.3556137681007385,0.2736336290836334,0.2188684046268463,0.2332609891891479,0.3991700708866119,0.2312769144773483,0.3197063505649566,0.3271750509738922
0.2178231030702591,0.3266537189483642,0.3427234888076782,0.3552223742008209,0.2735762596130371,0.2187084406614303,0.2329195588827133,0.3989903330802917,0.2311078906059265,0.319578617811203,0.3263900876045227
0.2177050709724426,0.3264027237892151,0.3428519070148468,0.3548309206962585,0.2735188901424408,0.2185484915971756,0.2325781285762787,0.3988106250762939,0.2309388518333435,0.3194508552551269,0.3256050944328308
0.2175870537757873,0.3261517882347107,0.3429803252220154,0.3544394671916961,0.2734615206718445,0.2183885425329208,0.2322366833686828,0.3986308574676513,0.2307698428630828,0.3193231225013733,0.3248201608657837
0.2174690067768097,0.3259008526802063,0.3431087732315063,0.3540480732917785,0.2734041512012481,0.2182285785675048,0.2318952679634094,0.3984511196613312,0.230600818991661,0.3191953301429748,0.3240351676940918
0.2173510044813156,0.3256499171257019,0.3432372212409973,0.3536566197872162,0.2733467817306518,0.2180686295032501,0.2315538227558136,0.398271381855011,0.2304317951202392,0.3190675973892212,0.3232501745223999
0.2172329723834991,0.3253989219665527,0.3433656096458435,0.3532651662826538,0.2732893824577331,0.2179086804389953,0.2312123924493789,0.3980916142463684,0.2302627712488174,0.3189398348331451,0.3224652111530304
0.217114970088005,0.3251479864120483,0.3434940576553345,0.3528737425804138,0.2732320129871368,0.2177487164735794,0.2308709621429443,0.3979119062423706,0.2300937473773956,0.3188121020793915,0.3216802179813385
0.2169969379901886,0.3248970508575439,0.343622475862503,0.3524823188781738,0.2731746435165405,0.2175887674093246,0.2305295318365097,0.3977321684360504,0.229924738407135,0.3186843395233154,0.3208952248096466
0.2168789207935333,0.3246460855007171,0.3437508940696716,0.3520908653736114,0.2731172740459442,0.2174288183450698,0.2301880866289138,0.3975524008274078,0.2297557145357132,0.3185565769672394,0.3201102614402771
0.216760903596878,0.3243951201438904,0.3438793420791626,0.3516994416713714,0.2730599045753479,0.2172688543796539,0.2298466563224792,0.39737269282341,0.2295866906642913,0.3184288144111633,0.3193252980709076
0.2166428864002227,0.324144184589386,0.3440077602863312,0.3513079881668091,0.2730025351047516,0.2171089053153991,0.2295052111148834,0.3971929252147674,0.2294176518917083,0.3183010816574096,0.3185403347015381
0.2165248394012451,0.3238932192325592,0.3441361784934997,0.3509165644645691,0.2729451358318329,0.2169489562511444,0.2291637808084488,0.3970131874084472,0.2292486429214477,0.318173348903656,0.3177553415298462
0.2164068222045898,0.3236422538757324,0.3442646265029907,0.3505251407623291,0.2728877961635589,0.2167889922857284,0.2288223356008529,0.3968334496021271,0.2290796190500259,0.3180455565452575,0.3169703483581543
0.2162888050079345,0.3233912885189056,0.3443930447101593,0.3501336872577667,0.2728304266929626,0.2166290432214737,0.2284809052944183,0.3966537117958069,0.2289105951786041,0.3179178237915039,0.3161853849887848
0.2161707878112793,0.3231403529644012,0.3445214629173279,0.3497422337532043,0.2727730274200439,0.2164690941572189,0.2281394898891449,0.3964739739894867,0.2287415862083435,0.3177900612354278,0.3154004216194153
0.216052770614624,0.3228894174098968,0.3446499109268188,0.3493508100509643,0.2727156579494476,0.2163091301918029,0.227798044681549,0.3962942361831665,0.2285725474357605,0.3176622986793518,0.3146154284477234
0.2159347534179687,0.32263845205307,0.3447783589363098,0.3489593863487243,0.2726582884788513,0.2161491811275482,0.2274566143751144,0.3961144983768463,0.2284035384654998,0.3175345659255981,0.3138304352760315
0.2454909682273864,0.2092145979404449,0.0276926718652248,0.2461050748825073,0.479570209980011,0.243457019329071,0.234396293759346,0.4530861377716064,0.2572595477104187,0.3830844759941101,0.0977288037538528
0.2454909682273864,0.2092145979404449,0.0276926718652248,0.2461050748825073,0.479570209980011,0.243457019329071,0.234396293759346,0.4530861377716064,0.2572595477104187,0.3830844759941101,0.0977288037538528
0.2454909682273864,0.2092145979404449,0.0276926718652248,0.2461050748825073,0.479570209980011,0.243457019329071,0.234396293759346,0.4530861377716064,0.2572595477104187,0.3830844759941101,0.0977288037538528
0.2454909682273864,0.2092145979404449,0.0276926718652248,0.2461050748825073,0.479570209980011,0.243457019329071,0.234396293759346,0.4530861377716064,0.2572595477104187,0.3830844759941101,0.0977288037538528
0.2454909682273864,0.2092145979404449,0.0276926718652248,0.2461050748825073,0.479570209980011,0.243457019329071,0.234396293759346,0.4530861377716064,0.2572595477104187,0.3830844759941101,0.0977288037538528
0.2454909682273864,0.2092145979404449,0.0276926718652248,0.2461050748825073,0.479570209980011,0.243457019329071,0.234396293759346,0.4530861377716064,0.2572595477104187,0.3830844759941101,0.0977288037538528
0.2454909682273864,0.2092145979404449,0.0276926718652248,0.2461050748825073,0.479570209980011,0.243457019329071,0.234396293759346,0.4530861377716064,0.2572595477104187,0.3830844759941101,0.0977288037538528
0.2454909682273864,0.2092145979404449,0.0276926718652248,0.2461050748825073,0.479570209980011,0.243457019329071,0.234396293759346,0.4530861377716064,0.2572595477104187,0.3830844759941101,0.0977288037538528
0.2454909682273864,0.2092145979404449,0.0276926718652248,0.2461050748825073,0.479570209980011,0.243457019329071,0.234396293759346,0.4530861377716064,0.2572595477104187,0.3830844759941101,0.0977288037538528
0.2454909682273864,0.2092145979404449,0.0276926718652248,0.2461050748825073,0.479570209980011,0.243457019329071,0.234396293759346,0.4530861377716064,0.2572595477104187,0.3830844759941101,0.0977288037538528
0.2454909682273864,0.2092145979404449,0.0276926718652248,0.2461050748825073,0.479570209980011,0.243457019329071,0.234396293759346,0.4530861377716064,0.2572595477104187,0.3830844759941101,0.0977288037538528
0.2454909682273864,0.2092145979404449,0.0276926718652248,0.2461050748825073,0.479570209980011,0.243457019329071,0.234396293759346,0.4530861377716064,0.2572595477104187,0.3830844759941101,0.0977288037538528
0.2454909682273864,0.2092145979404449,0.0276926718652248,0.2461050748825073,0.479570209980011,0.243457019329071,0.234396293759346,0.4530861377716064,0.2572595477104187,0.3830844759941101,0.0977288037538528
0.2454909682273864,0.2092145979404449,0.0276926718652248,0.2461050748825073,0.479570209980011,0.243457019329071,0.234396293759346,0.4530861377716064,0.2572595477104187,0.3830844759941101,0.0977288037538528
0.2454909682273864,0.2092145979404449,0.0276926718652248,0.2461050748825073,0.479570209980011,0.243457019329071,0.234396293759346,0.4530861377716064,0.2572595477104187,0.3830844759941101,0.0977288037538528
0.2454909682273864,0.2092145979404449,0.0276926718652248,0.2461050748825073,0.479570209980011,0.243457019329071,0.234396293759346,0.4530861377716064,0.2572595477104187,0.3830844759941101,0.0977288037538528
0.2454909682273864,0.2092145979404449,0.0276926718652248,0.2461050748825073,0.479570209980011,0.243457019329071,0.234396293759346,0.4530861377716064,0.2572595477104187,0.3830844759941101,0.0977288037538528
0.2454909682273864,0.2092145979404449,0.0276926718652248,0.2461050748825073,0.479570209980011,0.243457019329071,0.234396293759346,0.4530861377716064,0.2572595477104187,0.3830844759941101,0.0977288037538528
0.2454909682273864,0.2092145979404449,0.0276926718652248,0.2461050748825073,0.479570209980011,0.243457019329071,0.234396293759346,0.4530861377716064,0.2572595477104187,0.3830844759941101,0.0977288037538528
0.2454909682273864,0.2092145979404449,0.0276926718652248,0.2461050748825073,0.479570209980011,0.243457019329071,0.234396293759346,0.4530861377716064,0.2572595477104187,0.3830844759941101,0.0977288037538528
0.2454909682273864,0.2092145979404449,0.0276926718652248,0.2461050748825073,0.479570209980011,0.243457019329071,0.234396293759346,0.4530861377716064,0.2572595477104187,0.3830844759941101,0.0977288037538528
0.2454909682273864,0.2092145979404449,0.0276926718652248,0.2461050748825073,0.479570209980011,0.243457019329071,0.234396293759346,0.4530861377716064,0.2572595477104187,0.3830844759941101,0.0977288037538528
0.2454909682273864,0.2092145979404449,0.0276926718652248,0.2461050748825073,0.479570209980011,0.243457019329071,0.234396293759346,0.4530861377716064,0.2572595477104187,0.3830844759941101,0.0977288037538528
0.2454909682273864,0.2092145979404449,0.0276926718652248,0.2461050748825073,0.479570209980011,0.243457019329071,0.234396293759346,0.4530861377716064,0.2572595477104187,0.3830844759941101,0.0977288037538528
0.2454909682273864,0.2092145979404449,0.0276926718652248,0.2461050748825073,0.479570209980011,0.243457019329071,0.234396293759346,0.4530861377716064,0.2572595477104187,0.3830844759941101,0.0977288037538528
0.2454909682273864,0.2092145979404449,0.0276926718652248,0.2461050748825073,0.479570209980011,0.243457019329071,0.234396293759346,0.4530861377716064,0.2572595477104187,0.3830844759941101,0.0977288037538528
0.2454909682273864,0.2092145979404449,0.0276926718652248,0.2461050748825073,0.479570209980011,0.243457019329071,0.234396293759346,0.4530861377716064,0.2572595477104187,0.3830844759941101,0.0977288037538528
0.2454909682273864,0.2092145979404449,0.0276926718652248,0.2461050748825073,0.479570209980011,0.243457019329071,0.234396293759346,0.4530861377716064,0.2572595477104187,0.3830844759941101,0.0977288037538528
0.2454909682273864,0.2092145979404449,0.0276926718652248,0.2461050748825073,0.479570209980011,0.243457019329071,0.234396293759346,0.4530861377716064,0.2572595477104187,0.3830844759941101,0.0977288037538528
0.2454909682273864,0.2092145979404449,0.0276926718652248,0.2461050748825073,0.479570209980011,0.243457019329071,0.234396293759346,0.4530861377716064,0.2572595477104187,0.3830844759941101,0.0977288037538528
0.2454909682273864,0.2092145979404449,0.0276926718652248,0.2461050748825073,0.479570209980011,0.243457019329071,0.234396293759346,0.4530861377716064,0.2572595477104187,0.3830844759941101,0.0977288037538528
0.2454909682273864,0.2092145979404449,0.0276926718652248,0.2461050748825073,0.479570209980011,0.243457019329071,0.234396293759346,0.4530861377716064,0.2572595477104187,0.3830844759941101,0.0977288037538528
0.2454909682273864,0.2092145979404449,0.0276926718652248,0.2461050748825073,0.479570209980011,0.243457019329071,0.234396293759346,0.4530861377716064,0.2572595477104187,0.3830844759941101,0.0977288037538528
0.2454909682273864,0.2092145979404449,0.0276926718652248,0.2461050748825073,0.479570209980011,0.243457019329071,0.234396293759346,0.4530861377716064,0.2572595477104187,0.3830844759941101,0.0977288037538528
0.2454909682273864,0.2092145979404449,0.0276926718652248,0.2461050748825073,0.479570209980011,0.243457019329071,0.234396293759346,0.4530861377716064,0.2572595477104187,0.3830844759941101,0.0977288037538528
0.2454909682273864,0.2092145979404449,0.0276926718652248,0.2461050748825073,0.479570209980011,0.243457019329071,0.234396293759346,0.4530861377716064,0.2572595477104187,0.3830844759941101,0.0977288037538528
0.2454909682273864,0.2092145979404449,0.0276926718652248,0.2461050748825073,0.479570209980011,0.243457019329071,0.234396293759346,0.4530861377716064,0.2572595477104187,0.3830844759941101,0.0977288037538528
0.2454909682273864,0.2092145979404449,0.0276926718652248,0.2461050748825073,0.479570209980011,0.243457019329071,0.234396293759346,0.4530861377716064,0.2572595477104187,0.3830844759941101,0.0977288037538528
0.2454909682273864,0.2092145979404449,0.0276926718652248,0.2461050748825073,0.479570209980011,0.243457019329071,0.234396293759346,0.4530861377716064,0.2572595477104187,0.3830844759941101,0.0977288037538528
0.2454909682273864,0.2092145979404449,0.0276926718652248,0.2461050748825073,0.479570209980011,0.243457019329071,0.234396293759346,0.4530861377716064,0.2572595477104187,0.3830844759941101,0.0977288037538528
0.2454909682273864,0.2092145979404449,0.0276926718652248,0.2461050748825073,0.479570209980011,0.243457019329071,0.234396293759346,0.4530861377716064,0.2572595477104187,0.3830844759941101,0.0977288037538528
0.2454909682273864,0.2092145979404449,0.0276926718652248,0.2461050748825073,0.479570209980011,0.243457019329071,0.234396293759346,0.4530861377716064,0.2572595477104187,0.3830844759941101,0.0977288037538528
0.2454909682273864,0.2092145979404449,0.0276926718652248,0.2461050748825073,0.479570209980011,0.243457019329071,0.234396293759346,0.4530861377716064,0.2572595477104187,0.3830844759941101,0.0977288037538528
0.2454909682273864,0.2092145979404449,0.0276926718652248,0.2461050748825073,0.479570209980011,0.243457019329071,0.234396293759346,0.4530861377716064,0.2572595477104187,0.3830844759941101,0.0977288037538528
0.2454909682273864,0.2092145979404449,0.0276926718652248,0.2461050748825073,0.479570209980011,0.243457019329071,0.234396293759346,0.4530861377716064,0.2572595477104187,0.3830844759941101,0.0977288037538528
0.2454909682273864,0.2092145979404449,0.0276926718652248,0.2461050748825073,0.479570209980011,0.243457019329071,0.234396293759346,0.4530861377716064,0.2572595477104187,0.3830844759941101,0.0977288037538528
0.2454909682273864,0.2092145979404449,0.0276926718652248,0.2461050748825073,0.479570209980011,0.243457019329071,0.234396293759346,0.4530861377716064,0.2572595477104187,0.3830844759941101,0.0977288037538528
0.2454909682273864,0.2092145979404449,0.0276926718652248,0.2461050748825073,0.479570209980011,0.243457019329071,0.234396293759346,0.4530861377716064,0.2572595477104187,0.3830844759941101,0.0977288037538528
0.2454909682273864,0.2092145979404449,0.0276926718652248,0.2461050748825073,0.479570209980011,0.243457019329071,0.234396293759346,0.4530861377716064,0.2572595477104187,0.3830844759941101,0.0977288037538528
0.2454909682273864,0.2092145979404449,0.0276926718652248,0.2461050748825073,0.479570209980011,0.243457019329071,0.234396293759346,0.4530861377716064,0.2572595477104187,0.3830844759941101,0.0977288037538528
0.2454909682273864,0.2092145979404449,0.0276926718652248,0.2461050748825073,0.479570209980011,0.243457019329071,0.234396293759346,0.4530861377716064,0.2572595477104187,0.3830844759941101,0.0977288037538528
0.2454909682273864,0.2092145979404449,0.0276926718652248,0.2461050748825073,0.479570209980011,0.243457019329071,0.234396293759346,0.4530861377716064,0.2572595477104187,0.3830844759941101,0.0977288037538528
0.2454909682273864,0.2092145979404449,0.0276926718652248,0.2461050748825073,0.479570209980011,0.243457019329071,0.234396293759346,0.4530861377716064,0.2572595477104187,0.3830844759941101,0.0977288037538528
0.2454909682273864,0.2092145979404449,0.0276926718652248,0.2461050748825073,0.479570209980011,0.243457019329071,0.234396293759346,0.4530861377716064,0.2572595477104187,0.3830844759941101,0.0977288037538528
0.2454909682273864,0.2092145979404449,0.0276926718652248,0.2461050748825073,0.479570209980011,0.243457019329071,0.234396293759346,0.4530861377716064,0.2572595477104187,0.3830844759941101,0.0977288037538528
0.2454909682273864,0.2092145979404449,0.0276926718652248,0.2461050748825073,0.479570209980011,0.243457019329071,0.234396293759346,0.4530861377716064,0.2572595477104187,0.3830844759941101,0.0977288037538528
0.2454909682273864,0.2092145979404449,0.0276926718652248,0.2461050748825073,0.479570209980011,0.243457019329071,0.234396293759346,0.4530861377716064,0.2572595477104187,0.3830844759941101,0.0977288037538528
0.2454909682273864,0.2092145979404449,0.0276926718652248,0.2461050748825073,0.479570209980011,0.243457019329071,0.234396293759346,0.4530861377716064,0.2572595477104187,0.3830844759941101,0.0977288037538528
0.2454909682273864,0.2092145979404449,0.0276926718652248,0.2461050748825073,0.479570209980011,0.243457019329071,0.234396293759346,0.4530861377716064,0.2572595477104187,0.3830844759941101,0.0977288037538528
0.2454909682273864,0.2092145979404449,0.0276926718652248,0.2461050748825073,0.479570209980011,0.243457019329071,0.234396293759346,0.4530861377716064,0.2572595477104187,0.3830844759941101,0.0977288037538528
0.2454909682273864,0.2092145979404449,0.0276926718652248,0.2461050748825073,0.479570209980011,0.243457019329071,0.234396293759346,0.4530861377716064,0.2572595477104187,0.3830844759941101,0.0977288037538528
0.2454909682273864,0.2092145979404449,0.0276926718652248,0.2461050748825073,0.479570209980011,0.243457019329071,0.234396293759346,0.4530861377716064,0.2572595477104187,0.3830844759941101,0.0977288037538528
0.2454909682273864,0.2092145979404449,0.0276926718652248,0.2461050748825073,0.479570209980011,0.243457019329071,0.234396293759346,0.4530861377716064,0.2572595477104187,0.3830844759941101,0.0977288037538528
0.2454909682273864,0.2092145979404449,0.0276926718652248,0.2461050748825073,0.479570209980011,0.243457019329071,0.234396293759346,0.4530861377716064,0.2572595477104187,0.3830844759941101,0.0977288037538528
0.2454909682273864,0.2092145979404449,0.0276926718652248,0.2461050748825073,0.479570209980011,0.243457019329071,0.234396293759346,0.4530861377716064,0.2572595477104187,0.3830844759941101,0.0977288037538528
0.2454909682273864,0.2092145979404449,0.0276926718652248,0.2461050748825073,0.479570209980011,0.243457019329071,0.234396293759346,0.4530861377716064,0.2572595477104187,0.3830844759941101,0.0977288037538528
0.2454909682273864,0.2092145979404449,0.0276926718652248,0.2461050748825073,0.479570209980011,0.243457019329071,0.234396293759346,0.4530861377716064,0.2572595477104187,0.3830844759941101,0.0977288037538528
0.2454909682273864,0.2092145979404449,0.0276926718652248,0.2461050748825073,0.479570209980011,0.243457019329071,0.234396293759346,0.4530861377716064,0.2572595477104187,0.3830844759941101,0.0977288037538528
0.2454909682273864,0.2092145979404449,0.0276926718652248,0.2461050748825073,0.479570209980011,0.243457019329071,0.234396293759346,0.4530861377716064,0.2572595477104187,0.3830844759941101,0.0977288037538528
0.2454909682273864,0.2092145979404449,0.0276926718652248,0.2461050748825073,0.479570209980011,0.243457019329071,0.234396293759346,0.4530861377716064,0.2572595477104187,0.3830844759941101,0.0977288037538528
0.2454909682273864,0.2092145979404449,0.0276926718652248,0.2461050748825073,0.479570209980011,0.243457019329071,0.234396293759346,0.4530861377716064,0.2572595477104187,0.3830844759941101,0.0977288037538528
0.2454909682273864,0.2092145979404449,0.0276926718652248,0.2461050748825073,0.479570209980011,0.243457019329071,0.234396293759346,0.4530861377716064,0.2572595477104187,0.3830844759941101,0.0977288037538528
0.2454909682273864,0.2092145979404449,0.0276926718652248,0.2461050748825073,0.479570209980011,0.243457019329071,0.234396293759346,0.4530861377716064,0.2572595477104187,0.3830844759941101,0.0977288037538528
0.2454909682273864,0.2092145979404449,0.0276926718652248,0.2461050748825073,0.479570209980011,0.243457019329071,0.234396293759346,0.4530861377716064,0.2572595477104187,0.3830844759941101,0.0977288037538528
0.2454909682273864,0.2092145979404449,0.0276926718652248,0.2461050748825073,0.479570209980011,0.243457019329071,0.234396293759346,0.4530861377716064,0.2572595477104187,0.3830844759941101,0.0977288037538528
0.2454909682273864,0.2092145979404449,0.0276926718652248,0.2461050748825073,0.479570209980011,0.243457019329071,0.234396293759346,0.4530861377716064,0.2572595477104187,0.3830844759941101,0.0977288037538528
0.2454909682273864,0.2092145979404449,0.0276926718652248,0.2461050748825073,0.479570209980011,0.243457019329071,0.234396293759346,0.4530861377716064,0.2572595477104187,0.3830844759941101,0.0977288037538528
0.2454909682273864,0.2092145979404449,0.0276926718652248,0.2461050748825073,0.479570209980011,0.243457019329071,0.234396293759346,0.4530861377716064,0.2572595477104187,0.3830844759941101,0.0977288037538528
0.2454909682273864,0.2092145979404449,0.0276926718652248,0.2461050748825073,0.479570209980011,0.243457019329071,0.234396293759346,0.4530861377716064,0.2572595477104187,0.3830844759941101,0.0977288037538528
0.2454909682273864,0.2092145979404449,0.0276926718652248,0.2461050748825073,0.479570209980011,0.243457019329071,0.234396293759346,0.4530861377716064,0.2572595477104187,0.3830844759941101,0.0977288037538528
0.2454909682273864,0.2092145979404449,0.0276926718652248,0.2461050748825073,0.479570209980011,0.243457019329071,0.234396293759346,0.4530861377716064,0.2572595477104187,0.3830844759941101,0.0977288037538528
0.2454909682273864,0.2092145979404449,0.0276926718652248,0.2461050748825073,0.479570209980011,0.243457019329071,0.234396293759346,0.4530861377716064,0.2572595477104187,0.3830844759941101,0.0977288037538528
0.2454909682273864,0.2092145979404449,0.0276926718652248,0.2461050748825073,0.479570209980011,0.243457019329071,0.234396293759346,0.4530861377716064,0.2572595477104187,0.3830844759941101,0.0977288037538528
0.2454909682273864,0.2092145979404449,0.0276926718652248,0.2461050748825073,0.479570209980011,0.243457019329071,0.234396293759346,0.4530861377716064,0.2572595477104187,0.3830844759941101,0.0977288037538528
0.2454909682273864,0.2092145979404449,0.0276926718652248,0.2461050748825073,0.479570209980011,0.243457019329071,0.234396293759346,0.4530861377716064,0.2572595477104187,0.3830844759941101,0.0977288037538528
0.2454909682273864,0.2092145979404449,0.0276926718652248,0.2461050748825073,0.479570209980011,0.243457019329071,0.234396293759346,0.4530861377716064,0.2572595477104187,0.3830844759941101,0.0977288037538528
0.2454909682273864,0.2092145979404449,0.0276926718652248,0.2461050748825073,0.479570209980011,0.243457019329071,0.234396293759346,0.4530861377716064,0.2572595477104187,0.3830844759941101,0.0977288037538528
0.2454909682273864,0.2092145979404449,0.0276926718652248,0.2461050748825073,0.479570209980011,0.243457019329071,0.234396293759346,0.4530861377716064,0.2572595477104187,0.3830844759941101,0.0977288037538528
0.2454909682273864,0.2092145979404449,0.0276926718652248,0.2461050748825073,0.479570209980011,0.243457019329071,0.234396293759346,0.4530861377716064,0.2572595477104187,0.3830844759941101,0.0977288037538528
0.2454909682273864,0.2092145979404449,0.0276926718652248,0.2461050748825073,0.479570209980011,0.243457019329071,0.234396293759346,0.4530861377716064,0.2572595477104187,0.3830844759941101,0.0977288037538528
0.2454909682273864,0.2092145979404449,0.0276926718652248,0.2461050748825073,0.479570209980011,0.243457019329071,0.234396293759346,0.4530861377716064,0.2572595477104187,0.3830844759941101,0.0977288037538528
0.2454909682273864,0.2092145979404449,0.0276926718652248,0.2461050748825073,0.479570209980011,0.243457019329071,0.234396293759346,0.4530861377716064,0.2572595477104187,0.3830844759941101,0.0977288037538528
0.2454909682273864,0.2092145979404449,0.0276926718652248,0.2461050748825073,0.479570209980011,0.243457019329071,0.234396293759346,0.4530861377716064,0.2572595477104187,0.3830844759941101,0.0977288037538528
0.2454909682273864,0.2092145979404449,0.0276926718652248,0.2461050748825073,0.479570209980011,0.243457019329071,0.234396293759346,0.4530861377716064,0.2572595477104187,0.3830844759941101,0.0977288037538528
0.2454909682273864,0.2092145979404449,0.0276926718652248,0.2461050748825073,0.479570209980011,0.243457019329071,0.234396293759346,0.4530861377716064,0.2572595477104187,0.3830844759941101,0.0977288037538528
0.2454909682273864,0.2092145979404449,0.0276926718652248,0.2461050748825073,0.479570209980011,0.243457019329071,0.234396293759346,0.4530861377716064,0.2572595477104187,0.3830844759941101,0.0977288037538528
0.2454909682273864,0.2092145979404449,0.0276926718652248,0.2461050748825073,0.479570209980011,0.243457019329071,0.234396293759346,0.4530861377716064,0.2572595477104187,0.3830844759941101,0.0977288037538528
0.2454909682273864,0.2092145979404449,0.0276926718652248,0.2461050748825073,0.479570209980011,0.243457019329071,0.234396293759346,0.4530861377716064,0.2572595477104187,0.3830844759941101,0.0977288037538528
0.2454909682273864,0.2092145979404449,0.0276926718652248,0.2461050748825073,0.479570209980011,0.243457019329071,0.234396293759346,0.4530861377716064,0.2572595477104187,0.3830844759941101,0.0977288037538528
0.2454909682273864,0.2092145979404449,0.0276926718652248,0.2461050748825073,0.479570209980011,0.243457019329071,0.234396293759346,0.4530861377716064,0.2572595477104187,0.3830844759941101,0.0977288037538528
0.2454909682273864,0.2092145979404449,0.0276926718652248,0.2461050748825073,0.479570209980011,0.243457019329071,0.234396293759346,0.4530861377716064,0.2572595477104187,0.3830844759941101,0.0977288037538528
0.2454909682273864,0.2092145979404449,0.0276926718652248,0.2461050748825073,0.479570209980011,0.243457019329071,0.234396293759346,0.4530861377716064,0.2572595477104187,0.3830844759941101,0.0977288037538528
0.2454909682273864,0.2092145979404449,0.0276926718652248,0.2461050748825073,0.479570209980011,0.243457019329071,0.234396293759346,0.4530861377716064,0.2572595477104187,0.3830844759941101,0.0977288037538528
0.2454909682273864,0.2092145979404449,0.0276926718652248,0.2461050748825073,0.479570209980011,0.243457019329071,0.234396293759346,0.4530861377716064,0.2572595477104187,0.3830844759941101,0.0977288037538528
0.2454909682273864,0.2092145979404449,0.0276926718652248,0.2461050748825073,0.479570209980011,0.243457019329071,0.234396293759346,0.4530861377716064,0.2572595477104187,0.3830844759941101,0.0977288037538528
0.2454909682273864,0.2092145979404449,0.0276926718652248,0.2461050748825073,0.479570209980011,0.243457019329071,0.234396293759346,0.4530861377716064,0.2572595477104187,0.3830844759941101,0.0977288037538528
0.2454909682273864,0.2092145979404449,0.0276926718652248,0.2461050748825073,0.479570209980011,0.243457019329071,0.234396293759346,0.4530861377716064,0.2572595477104187,0.3830844759941101,0.0977288037538528
0.2454909682273864,0.2092145979404449,0.0276926718652248,0.2461050748825073,0.479570209980011,0.243457019329071,0.234396293759346,0.4530861377716064,0.2572595477104187,0.3830844759941101,0.0977288037538528
0.2454909682273864,0.2092145979404449,0.0276926718652248,0.2461050748825073,0.479570209980011,0.243457019329071,0.234396293759346,0.4530861377716064,0.2572595477104187,0.3830844759941101,0.0977288037538528
0.2454909682273864,0.2092145979404449,0.0276926718652248,0.2461050748825073,0.479570209980011,0.243457019329071,0.234396293759346,0.4530861377716064,0.2572595477104187,0.3830844759941101,0.0977288037538528
0.2454909682273864,0.2092145979404449,0.0276926718652248,0.2461050748825073,0.479570209980011,0.243457019329071,0.234396293759346,0.4530861377716064,0.2572595477104187,0.3830844759941101,0.0977288037538528
0.2454909682273864,0.2092145979404449,0.0276926718652248,0.2461050748825073,0.479570209980011,0.243457019329071,0.234396293759346,0.4530861377716064,0.2572595477104187,0.3830844759941101,0.0977288037538528
0.2454909682273864,0.2092145979404449,0.0276926718652248,0.2461050748825073,0.479570209980011,0.243457019329071,0.234396293759346,0.4530861377716064,0.2572595477104187,0.3830844759941101,0.0977288037538528
0.2454909682273864,0.2092145979404449,0.0276926718652248,0.2461050748825073,0.479570209980011,0.243457019329071,0.234396293759346,0.4530861377716064,0.2572595477104187,0.3830844759941101,0.0977288037538528
0.2454909682273864,0.2092145979404449,0.0276926718652248,0.2461050748825073,0.479570209980011,0.243457019329071,0.234396293759346,0.4530861377716064,0.2572595477104187,0.3830844759941101,0.0977288037538528
0.2454909682273864,0.2092145979404449,0.0276926718652248,0.2461050748825073,0.479570209980011,0.243457019329071,0.234396293759346,0.4530861377716064,0.2572595477104187,0.3830844759941101,0.0977288037538528
0.2454909682273864,0.2092145979404449,0.0276926718652248,0.2461050748825073,0.479570209980011,0.243457019329071,0.234396293759346,0.4530861377716064,0.2572595477104187,0.3830844759941101,0.0977288037538528
0.2454909682273864,0.2092145979404449,0.0276926718652248,0.2461050748825073,0.479570209980011,0.243457019329071,0.234396293759346,0.4530861377716064,0.2572595477104187,0.3830844759941101,0.0977288037538528
0.2454909682273864,0.2092145979404449,0.0276926718652248,0.2461050748825073,0.479570209980011,0.243457019329071,0.234396293759346,0.4530861377716064,0.2572595477104187,0.3830844759941101,0.0977288037538528
0.2454909682273864,0.2092145979404449,0.0276926718652248,0.2461050748825073,0.479570209980011,0.243457019329071,0.234396293759346,0.4530861377716064,0.2572595477104187,0.3830844759941101,0.0977288037538528
0.2454909682273864,0.2092145979404449,0.0276926718652248,0.2461050748825073,0.479570209980011,0.243457019329071,0.234396293759346,0.4530861377716064,0.2572595477104187,0.3830844759941101,0.0977288037538528
0.2454909682273864,0.2092145979404449,0.0276926718652248,0.2461050748825073,0.479570209980011,0.243457019329071,0.234396293759346,0.4530861377716064,0.2572595477104187,0.3830844759941101,0.0977288037538528
0.2454909682273864,0.2092145979404449,0.0276926718652248,0.2461050748825073,0.479570209980011,0.243457019329071,0.234396293759346,0.4530861377716064,0.2572595477104187,0.3830844759941101,0.0977288037538528
0.2454909682273864,0.2092145979404449,0.0276926718652248,0.2461050748825073,0.479570209980011,0.243457019329071,0.234396293759346,0.4530861377716064,0.2572595477104187,0.3830844759941101,0.0977288037538528
0.2454909682273864,0.2092145979404449,0.0276926718652248,0.2461050748825073,0.479570209980011,0.243457019329071,0.234396293759346,0.4530861377716064,0.2572595477104187,0.3830844759941101,0.0977288037538528
0.2454909682273864,0.2092145979404449,0.0276926718652248,0.2461050748825073,0.479570209980011,0.243457019329071,0.234396293759346,0.4530861377716064,0.2572595477104187,0.3830844759941101,0.0977288037538528
0.2454909682273864,0.2092145979404449,0.0276926718652248,0.2461050748825073,0.479570209980011,0.243457019329071,0.234396293759346,0.4530861377716064,0.2572595477104187,0.3830844759941101,0.0977288037538528
0.2454909682273864,0.2092145979404449,0.0276926718652248,0.2461050748825073,0.479570209980011,0.243457019329071,0.234396293759346,0.4530861377716064,0.2572595477104187,0.3830844759941101,0.0977288037538528
0.2454909682273864,0.2092145979404449,0.0276926718652248,0.2461050748825073,0.479570209980011,0.243457019329071,0.234396293759346,0.4530861377716064,0.2572595477104187,0.3830844759941101,0.0977288037538528
0.2454909682273864,0.2092145979404449,0.0276926718652248,0.2461050748825073,0.479570209980011,0.243457019329071,0.234396293759346,0.4530861377716064,0.2572595477104187,0.3830844759941101,0.0977288037538528
0.2454909682273864,0.2092145979404449,0.0276926718652248,0.2461050748825073,0.479570209980011,0.243457019329071,0.234396293759346,0.4530861377716064,0.2572595477104187,0.3830844759941101,0.0977288037538528
0.2454909682273864,0.2092145979404449,0.0276926718652248,0.2461050748825073,0.479570209980011,0.243457019329071,0.234396293759346,0.4530861377716064,0.2572595477104187,0.3830844759941101,0.0977288037538528
0.2454909682273864,0.2092145979404449,0.0276926718652248,0.2461050748825073,0.479570209980011,0.243457019329071,0.234396293759346,0.4530861377716064,0.2572595477104187,0.3830844759941101,0.0977288037538528
0.2454909682273864,0.2092145979404449,0.0276926718652248,0.2461050748825073,0.479570209980011,0.243457019329071,0.234396293759346,0.4530861377716064,0.2572595477104187,0.3830844759941101,0.0977288037538528
0.2454909682273864,0.2092145979404449,0.0276926718652248,0.2461050748825073,0.479570209980011,0.243457019329071,0.234396293759346,0.4530861377716064,0.2572595477104187,0.3830844759941101,0.0977288037538528
0.2454909682273864,0.2092145979404449,0.0276926718652248,0.2461050748825073,0.479570209980011,0.243457019329071,0.234396293759346,0.4530861377716064,0.2572595477104187,0.3830844759941101,0.0977288037538528
0.2454909682273864,0.2092145979404449,0.0276926718652248,0.2461050748825073,0.479570209980011,0.243457019329071,0.234396293759346,0.4530861377716064,0.2572595477104187,0.3830844759941101,0.0977288037538528
0.2454909682273864,0.2092145979404449,0.0276926718652248,0.2461050748825073,0.479570209980011,0.243457019329071,0.234396293759346,0.4530861377716064,0.2572595477104187,0.3830844759941101,0.0977288037538528
0.2454909682273864,0.2092145979404449,0.0276926718652248,0.2461050748825073,0.479570209980011,0.243457019329071,0.234396293759346,0.4530861377716064,0.2572595477104187,0.3830844759941101,0.0977288037538528
0.2454909682273864,0.2092145979404449,0.0276926718652248,0.2461050748825073,0.479570209980011,0.243457019329071,0.234396293759346,0.4530861377716064,0.2572595477104187,0.3830844759941101,0.0977288037538528
0.2454909682273864,0.2092145979404449,0.0276926718652248,0.2461050748825073,0.479570209980011,0.243457019329071,0.234396293759346,0.4530861377716064,0.2572595477104187,0.3830844759941101,0.0977288037538528
0.2454909682273864,0.2092145979404449,0.0276926718652248,0.2461050748825073,0.479570209980011,0.243457019329071,0.234396293759346,0.4530861377716064,0.2572595477104187,0.3830844759941101,0.0977288037538528
0.2454909682273864,0.2092145979404449,0.0276926718652248,0.2461050748825073,0.479570209980011,0.243457019329071,0.234396293759346,0.4530861377716064,0.2572595477104187,0.3830844759941101,0.0977288037538528
0.2454909682273864,0.2092145979404449,0.0276926718652248,0.2461050748825073,0.479570209980011,0.243457019329071,0.234396293759346,0.4530861377716064,0.2572595477104187,0.3830844759941101,0.0977288037538528
0.2454909682273864,0.2092145979404449,0.0276926718652248,0.2461050748825073,0.479570209980011,0.243457019329071,0.234396293759346,0.4530861377716064,0.2572595477104187,0.3830844759941101,0.0977288037538528
0.2454909682273864,0.2092145979404449,0.0276926718652248,0.2461050748825073,0.479570209980011,0.243457019329071,0.234396293759346,0.4530861377716064,0.2572595477104187,0.3830844759941101,0.0977288037538528
0.2454909682273864,0.2092145979404449,0.0276926718652248,0.2461050748825073,0.479570209980011,0.243457019329071,0.234396293759346,0.4530861377716064,0.2572595477104187,0.3830844759941101,0.0977288037538528
0.2454909682273864,0.2092145979404449,0.0276926718652248,0.2461050748825073,0.479570209980011,0.243457019329071,0.234396293759346,0.4530861377716064,0.2572595477104187,0.3830844759941101,0.0977288037538528
0.2454909682273864,0.2092145979404449,0.0276926718652248,0.2461050748825073,0.479570209980011,0.243457019329071,0.234396293759346,0.4530861377716064,0.2572595477104187,0.3830844759941101,0.0977288037538528
0.2454909682273864,0.2092145979404449,0.0276926718652248,0.2461050748825073,0.479570209980011,0.243457019329071,0.234396293759346,0.4530861377716064,0.2572595477104187,0.3830844759941101,0.0977288037538528
0.2454909682273864,0.2092145979404449,0.0276926718652248,0.2461050748825073,0.479570209980011,0.243457019329071,0.234396293759346,0.4530861377716064,0.2572595477104187,0.3830844759941101,0.0977288037538528
0.2454909682273864,0.2092145979404449,0.0276926718652248,0.2461050748825073,0.479570209980011,0.243457019329071,0.234396293759346,0.4530861377716064,0.2572595477104187,0.3830844759941101,0.0977288037538528
0.2454909682273864,0.2092145979404449,0.0276926718652248,0.2461050748825073,0.479570209980011,0.243457019329071,0.234396293759346,0.4530861377716064,0.2572595477104187,0.3830844759941101,0.0977288037538528
0.2454909682273864,0.2092145979404449,0.0276926718652248,0.2461050748825073,0.479570209980011,0.243457019329071,0.234396293759346,0.4530861377716064,0.2572595477104187,0.3830844759941101,0.0977288037538528
0.2454909682273864,0.2092145979404449,0.0276926718652248,0.2461050748825073,0.479570209980011,0.243457019329071,0.234396293759346,0.4530861377716064,0.2572595477104187,0.3830844759941101,0.0977288037538528
0.2454909682273864,0.2092145979404449,0.0276926718652248,0.2461050748825073,0.479570209980011,0.243457019329071,0.234396293759346,0.4530861377716064,0.2572595477104187,0.3830844759941101,0.0977288037538528
0.2454909682273864,0.2092145979404449,0.0276926718652248,0.2461050748825073,0.479570209980011,0.243457019329071,0.234396293759346,0.4530861377716064,0.2572595477104187,0.3830844759941101,0.0977288037538528
0.2454909682273864,0.2092145979404449,0.0276926718652248,0.2461050748825073,0.479570209980011,0.243457019329071,0.234396293759346,0.4530861377716064,0.2572595477104187,0.3830844759941101,0.0977288037538528
0.2454909682273864,0.2092145979404449,0.0276926718652248,0.2461050748825073,0.479570209980011,0.243457019329071,0.234396293759346,0.4530861377716064,0.2572595477104187,0.3830844759941101,0.0977288037538528
0.2454909682273864,0.2092145979404449,0.0276926718652248,0.2461050748825073,0.479570209980011,0.243457019329071,0.234396293759346,0.4530861377716064,0.2572595477104187,0.3830844759941101,0.0977288037538528
0.2454909682273864,0.2092145979404449,0.0276926718652248,0.2461050748825073,0.479570209980011,0.243457019329071,0.234396293759346,0.4530861377716064,0.2572595477104187,0.3830844759941101,0.0977288037538528
0.2454909682273864,0.2092145979404449,0.0276926718652248,0.2461050748825073,0.479570209980011,0.243457019329071,0.234396293759346,0.4530861377716064,0.2572595477104187,0.3830844759941101,0.0977288037538528
0.2454909682273864,0.2092145979404449,0.0276926718652248,0.2461050748825073,0.479570209980011,0.243457019329071,0.234396293759346,0.4530861377716064,0.2572595477104187,0.3830844759941101,0.0977288037538528
0.2454909682273864,0.2092145979404449,0.0276926718652248,0.2461050748825073,0.479570209980011,0.243457019329071,0.234396293759346,0.4530861377716064,0.2572595477104187,0.3830844759941101,0.0977288037538528
0.2454909682273864,0.2092145979404449,0.0276926718652248,0.2461050748825073,0.479570209980011,0.243457019329071,0.234396293759346,0.4530861377716064,0.2572595477104187,0.3830844759941101,0.0977288037538528
0.2454909682273864,0.2092145979404449,0.0276926718652248,0.2461050748825073,0.479570209980011,0.243457019329071,0.234396293759346,0.4530861377716064,0.2572595477104187,0.3830844759941101,0.0977288037538528
0.2454909682273864,0.2092145979404449,0.0276926718652248,0.2461050748825073,0.479570209980011,0.243457019329071,0.234396293759346,0.4530861377716064,0.2572595477104187,0.3830844759941101,0.0977288037538528
0.2454909682273864,0.2092145979404449,0.0276926718652248,0.2461050748825073,0.479570209980011,0.243457019329071,0.234396293759346,0.4530861377716064,0.2572595477104187,0.3830844759941101,0.0977288037538528
0.2580980360507965,0.2416240870952606,0.2720711231231689,0.3254627585411072,0.4597468078136444,0.1800972372293472,0.1751659065485,0.6045210361480713,0.237472116947174,0.5089201331138611,0.1174341738224029
0.2582135796546936,0.2415124326944351,0.2725065350532532,0.3254970610141754,0.4593464732170105,0.179668128490448,0.1751393377780914,0.6045244336128235,0.237258106470108,0.5088755488395691,0.1174322664737701
0.2583291530609131,0.2414007633924484,0.2729419469833374,0.3255313336849212,0.458946168422699,0.1792390197515487,0.1751127541065216,0.6045278906822205,0.2370440661907196,0.5088309645652771,0.1174303740262985
0.2584446966648102,0.2412891089916229,0.2733773589134216,0.3255656361579895,0.4585458636283874,0.1788099110126495,0.1750861704349517,0.6045313477516174,0.2368300557136535,0.5087863802909851,0.1174284666776657
0.2585602402687073,0.2411774545907974,0.2738127708435058,0.3255998790264129,0.4581455588340759,0.1783808022737503,0.1750596016645431,0.6045348048210144,0.2366160303354263,0.5087417960166931,0.117426574230194
0.2586757838726043,0.2410658001899719,0.2742481827735901,0.3256341814994812,0.4577452540397644,0.177951693534851,0.1750330179929733,0.6045382618904114,0.2364020049571991,0.5086972117424011,0.1174246668815612
0.2587913274765014,0.2409541457891464,0.2746835947036743,0.325668454170227,0.4573449194431305,0.1775225847959518,0.1750064492225647,0.6045415997505188,0.2361879795789718,0.5086526870727539,0.1174227744340896
0.2589069008827209,0.2408424764871597,0.2751190066337585,0.3257027566432953,0.4569446146488189,0.1770934760570526,0.174979880452156,0.6045450568199158,0.2359739392995834,0.5086081027984619,0.1174208670854568
0.2590224146842956,0.2407308220863342,0.2755544185638428,0.3257370293140411,0.456544280052185,0.1766643673181533,0.1749532967805862,0.6045485138893127,0.2357599288225174,0.5085635185241699,0.1174189746379852
0.2591379880905151,0.2406191527843475,0.275989830493927,0.325771301984787,0.4561439752578735,0.1762352585792541,0.1749267280101776,0.6045520305633545,0.2355458885431289,0.5085189342498779,0.1174170672893524
0.2592535316944122,0.2405074834823608,0.2764252424240112,0.3258056044578552,0.455743670463562,0.1758061498403549,0.1749001443386078,0.6045554876327515,0.2353318780660629,0.5084743499755859,0.1174151748418808
0.2593690752983093,0.2403958290815353,0.2768606543540954,0.3258398771286011,0.4553433656692505,0.1753770411014557,0.1748735755681991,0.6045588850975037,0.2351178526878357,0.508429765701294,0.1174132674932479
0.2594846487045288,0.2402841746807098,0.2772960662841797,0.3258741497993469,0.4549430310726166,0.1749479323625564,0.1748470067977905,0.6045623421669006,0.2349038273096084,0.508385181427002,0.1174113750457763
0.2596001625061035,0.2401725053787231,0.2777314782142639,0.3259084522724151,0.454542726278305,0.1745188236236572,0.1748204231262207,0.6045657992362976,0.2346898019313812,0.50834059715271,0.1174094676971435
0.259715735912323,0.2400608509778976,0.2781668603420257,0.3259426951408386,0.4541423916816711,0.174089714884758,0.174793854355812,0.6045692563056946,0.2344757914543151,0.508296012878418,0.1174075752496719
0.2598312795162201,0.2399491965770721,0.27860227227211,0.3259769976139068,0.4537420868873596,0.1736605912446975,0.1747672855854034,0.6045727133750916,0.2342617511749267,0.508251428604126,0.1174056679010391
0.2599468231201172,0.2398375272750854,0.2790377140045166,0.3260113000869751,0.4533417522907257,0.1732314825057983,0.1747407019138336,0.6045761108398438,0.2340477406978607,0.508206844329834,0.1174037754535675
0.2600623667240143,0.2397258877754211,0.2794730961322784,0.3260455727577209,0.4529414772987366,0.1728023737668991,0.174714133143425,0.6045795679092407,0.2338337153196334,0.508162260055542,0.1174018681049346
0.2601779103279114,0.2396142184734344,0.2799084782600403,0.3260798454284668,0.4525411128997803,0.1723732650279998,0.1746875345706939,0.6045830249786377,0.2336196899414062,0.5081177353858948,0.117399975657463
0.2602934837341308,0.2395025491714477,0.2803439199924469,0.3261141180992126,0.4521408081054687,0.1719441562891006,0.1746609658002853,0.6045864820480347,0.2334056496620178,0.5080731511116028,0.1173980757594108
0.2604090273380279,0.2393909096717834,0.2807793319225311,0.3261484205722809,0.4517405033111572,0.1715150475502014,0.1746343970298767,0.6045899391174316,0.2331916391849517,0.5080285668373108,0.1173961758613586
0.260524570941925,0.2392792254686355,0.2812147438526153,0.3261826932430267,0.4513401985168457,0.1710859388113021,0.1746078133583068,0.6045933365821838,0.2329776138067245,0.5079839825630188,0.117394283413887
0.2606401145458221,0.23916757106781,0.2816501557826996,0.3262169957160949,0.4509398639202118,0.1706568300724029,0.1745812445878982,0.6045967936515808,0.2327635884284973,0.5079393982887268,0.1173923760652542
0.2607556581497192,0.2390559166669845,0.2820855379104614,0.3262512385845184,0.4505395591259002,0.1702277213335037,0.1745546758174896,0.6046002507209778,0.23254956305027,0.5078948140144348,0.1173904836177825
0.2608712017536163,0.2389442473649978,0.2825209498405456,0.3262855410575866,0.4501392543315887,0.1697986125946045,0.1745280921459198,0.6046037077903748,0.2323355376720428,0.5078502297401428,0.1173885762691497
0.2609867453575134,0.2388325929641723,0.2829563915729522,0.3263198137283325,0.4497389197349548,0.1693695038557052,0.1745015233755111,0.6046071648597717,0.2321215122938156,0.5078057050704956,0.1173866838216781
0.2611023187637329,0.2387209385633468,0.2833917737007141,0.3263541162014007,0.4493386149406433,0.168940395116806,0.1744749397039413,0.6046105623245239,0.2319074869155883,0.5077610611915588,0.1173847764730453
0.26121786236763,0.2386092692613601,0.2838271856307983,0.3263883888721466,0.4489383101463318,0.1685112863779068,0.1744483709335327,0.6046140193939209,0.2316934764385223,0.5077165365219116,0.1173828840255737
0.2613334059715271,0.2384976148605346,0.2842625975608825,0.3264226913452148,0.4485379755496979,0.1680821776390075,0.174421802163124,0.6046174764633179,0.2314794361591339,0.5076718926429749,0.1173809766769409
0.2614489495754242,0.2383859455585479,0.2846980094909668,0.3264569640159607,0.4481377005577087,0.1676530689001083,0.1743952184915542,0.6046209335327148,0.2312654256820678,0.5076273679733276,0.1173790842294693
0.2615644931793213,0.2382742911577224,0.285133421421051,0.3264912366867065,0.4477373361587524,0.1672239601612091,0.1743686497211456,0.6046243906021118,0.2310514152050018,0.5075827836990356,0.1173771768808364
0.2616800367832184,0.2381626367568969,0.2855688333511352,0.3265255391597748,0.4473370611667633,0.1667948514223098,0.174342080950737,0.604627788066864,0.2308373749256134,0.5075381994247437,0.1173752844333648
0.2617955803871155,0.2380509674549102,0.2860042452812195,0.3265598118305206,0.4469367265701294,0.1663657426834106,0.1743154972791671,0.604631245136261,0.2306233346462249,0.5074936151504517,0.117373377084732
0.2619111239910126,0.2379393130540847,0.2864396572113037,0.3265940845012665,0.4465364217758178,0.1659366339445114,0.1742889136075973,0.604634702205658,0.2304093390703201,0.5074490308761597,0.1173714846372604
0.2620266675949096,0.2378276586532592,0.2868750691413879,0.3266283869743347,0.4461360871791839,0.1655075252056121,0.1742623299360275,0.6046381592750549,0.2301953136920929,0.5074044466018677,0.1173695772886276
0.2621422410011291,0.2377159893512725,0.2873104810714721,0.3266626596450805,0.4457357823848724,0.1650784164667129,0.1742357611656189,0.6046416163444519,0.2299812734127044,0.5073598623275757,0.117367684841156
0.2622577846050262,0.237604334950447,0.2877458930015564,0.3266969323158264,0.4453354775905609,0.1646493077278137,0.1742091923952102,0.6046450138092041,0.2297672480344772,0.5073153376579285,0.1173657774925232
0.2623733282089233,0.2374926805496215,0.2881813049316406,0.3267312049865722,0.444935142993927,0.1642201989889145,0.1741825938224792,0.6046484708786011,0.2295532375574112,0.5072706937789917,0.1173638850450515
0.2624888718128204,0.2373810112476349,0.2886166870594024,0.3267654776573181,0.4445348381996155,0.1637910902500152,0.1741560399532318,0.604651927947998,0.2293391972780227,0.5072261691093445,0.1173619776964187
0.2626044154167175,0.2372693419456482,0.2890521287918091,0.3267997801303863,0.4441345334053039,0.1633619666099548,0.174129456281662,0.604655385017395,0.2291251718997955,0.5071815848350525,0.1173600852489471
0.262719988822937,0.2371576875448227,0.2894875407218933,0.3268340826034546,0.4437341690063476,0.1629328578710556,0.1741028726100921,0.604658842086792,0.2289111614227295,0.5071370005607605,0.1173581779003143
0.2628355026245117,0.2370460331439972,0.2899229228496551,0.3268683552742004,0.4433338940143585,0.1625037491321563,0.1740763038396835,0.604662299156189,0.2286971360445022,0.5070924162864685,0.1173562854528427
0.2629510760307312,0.2369343787431717,0.2903583347797394,0.3269026279449463,0.4429335594177246,0.1620746403932571,0.1740497201681137,0.6046656966209412,0.228483110666275,0.5070478916168213,0.1173543781042099
0.2630666196346283,0.2368227243423462,0.2907937467098236,0.3269369006156921,0.4425332546234131,0.1616455316543579,0.174023151397705,0.6046691536903381,0.2282690703868866,0.5070032477378845,0.1173524856567382
0.2631821632385254,0.2367110550403595,0.2912291586399078,0.3269712030887604,0.4421329200267792,0.1612164229154586,0.1739965826272964,0.6046726107597351,0.2280550599098205,0.5069587230682373,0.1173505783081054
0.2632977068424225,0.236599400639534,0.291664570569992,0.3270054757595062,0.44173264503479,0.1607873141765594,0.1739699989557266,0.6046760678291321,0.2278410494327545,0.5069140791893005,0.1173486858606338
0.2634132504463196,0.2364877313375473,0.2920999825000763,0.3270397484302521,0.4413322806358337,0.1603582054376602,0.173943430185318,0.6046794652938843,0.2276270091533661,0.5068695545196533,0.117346778512001
0.263528823852539,0.2363760769367218,0.2925353646278381,0.3270740509033203,0.4409319758415222,0.159929096698761,0.1739168614149093,0.6046829223632812,0.2274129986763,0.5068249702453613,0.1173448860645294
0.2636443674564361,0.2362644076347351,0.2929708063602447,0.3271083235740661,0.4405316710472107,0.1594999879598617,0.1738902628421783,0.6046863794326782,0.2271989732980728,0.5067803859710693,0.1173429936170578
0.2637599110603332,0.2361527383327484,0.293406218290329,0.3271426260471344,0.4401313662528991,0.1590708792209625,0.1738636940717697,0.6046898365020752,0.2269849479198455,0.5067358016967773,0.1173410788178443
0.2638754546642303,0.2360410839319229,0.2938416004180908,0.3271768987178802,0.4397310614585876,0.1586417704820633,0.1738371104001999,0.6046932935714722,0.2267709076404571,0.5066912174224854,0.1173391789197921
0.2639909982681274,0.2359294295310974,0.294277012348175,0.3272111713886261,0.4393306970596313,0.158212661743164,0.1738105416297912,0.6046967506408691,0.2265568971633911,0.5066466331481934,0.1173372790217399
0.2641065716743469,0.2358177602291107,0.2947124242782593,0.3272454738616943,0.4389303922653198,0.1577835530042648,0.1737839728593826,0.6047001481056213,0.2263428717851638,0.5066021084785461,0.1173353791236877
0.2642220854759216,0.2357061207294464,0.2951478362083435,0.3272797465324402,0.4385300874710083,0.1573544442653656,0.1737573891878128,0.6047036051750183,0.2261288464069366,0.5065574645996094,0.1173334792256355
0.2643376588821411,0.2355944663286209,0.2955832481384277,0.327314019203186,0.4381297826766968,0.1569253355264663,0.1737308204174041,0.6047070622444153,0.2259148210287094,0.5065128803253174,0.1173315793275833
0.2644532024860382,0.2354827970266342,0.2960186600685119,0.3273482918739319,0.4377294778823852,0.1564962267875671,0.1737042516469955,0.6047105193138123,0.2257007956504821,0.5064682960510254,0.1173296794295311
0.2645687460899353,0.2353711426258087,0.2964540719985962,0.3273825943470001,0.4373291432857513,0.1560671180486679,0.1736776679754257,0.6047139763832092,0.2254867702722549,0.5064237713813782,0.1173277795314788
0.2646843194961548,0.235259473323822,0.2968894839286804,0.3274168670177459,0.4369288682937622,0.1556380093097686,0.1736510992050171,0.6047173738479614,0.2252727448940277,0.5063791871070862,0.1173258796334266
0.2647998332977295,0.2351478040218353,0.2973248958587646,0.3274511694908142,0.4365285038948059,0.1552089005708694,0.1736245155334472,0.6047208309173584,0.2250587344169616,0.5063346028327942,0.117323987185955
0.264915406703949,0.2350361496210098,0.2977603077888489,0.32748544216156,0.4361281991004944,0.1547797918319702,0.1735979467630386,0.6047242879867554,0.2248446941375732,0.5062900185585022,0.1173220798373222
0.265030950307846,0.2349244803190231,0.2981957197189331,0.3275197148323059,0.4357278943061828,0.1543506830930709,0.17357137799263,0.6047277450561523,0.2246306836605072,0.5062454342842102,0.11732017993927
0.2651464939117431,0.2348128259181976,0.2986311316490173,0.3275539875030517,0.4353275895118713,0.1539215743541717,0.1735447943210601,0.6047312021255493,0.2244166582822799,0.5062008500099182,0.1173182800412178
0.2652620375156402,0.2347011715173721,0.2990665435791015,0.3275882601737976,0.4349272847175598,0.1534924507141113,0.1735182255506515,0.6047345995903015,0.2242026329040527,0.5061562657356262,0.1173163801431655
0.2653775811195373,0.2345895022153854,0.2995019555091858,0.3276225626468658,0.4345269203186035,0.1530633419752121,0.1734916418790817,0.6047380566596985,0.2239886075258255,0.5061116814613342,0.1173144802451133
0.2654931247234344,0.2344778627157211,0.29993736743927,0.3276568353176117,0.4341266453266144,0.1526342332363128,0.1734650582075119,0.6047415137290955,0.2237745970487594,0.506067156791687,0.1173125877976417
0.2656086981296539,0.2343662083148956,0.3003727793693542,0.3276911377906799,0.4337263107299804,0.1522051244974136,0.1734384894371032,0.6047449707984924,0.223560556769371,0.5060225129127502,0.1173106878995895
0.265724241733551,0.2342545390129089,0.3008081912994385,0.3277254104614258,0.4333260059356689,0.1517760157585144,0.1734119057655334,0.6047484278678894,0.2233465313911438,0.505977988243103,0.1173087880015373
0.2658397555351257,0.2341428697109222,0.3012436032295227,0.3277596831321716,0.432925671339035,0.1513469070196151,0.1733853369951248,0.6047518253326416,0.2231325060129165,0.5059333443641663,0.1173068881034851
0.2659553289413452,0.2340312153100967,0.3016789853572845,0.3277939856052398,0.4325253963470459,0.1509177982807159,0.1733587682247162,0.6047552824020386,0.2229184955358505,0.505888819694519,0.1173049807548523
0.2660708725452423,0.23391954600811,0.3021143972873688,0.3278282582759857,0.4321250319480896,0.1504886895418167,0.1733321845531463,0.6047587394714355,0.2227044552564621,0.505844235420227,0.1173030883073806
0.2661864161491394,0.2338078916072845,0.302549809217453,0.3278625607490539,0.4317247271537781,0.1500595808029174,0.1733056157827377,0.6047621965408325,0.222490444779396,0.5057996511459351,0.1173011884093284
0.2663019597530365,0.233696237206459,0.3029852509498596,0.3278968334197998,0.4313244223594665,0.1496304720640182,0.1732790470123291,0.6047656536102295,0.2222764194011688,0.5057550668716431,0.1172992885112762
0.2664175033569336,0.2335845679044723,0.3034206628799438,0.327931135892868,0.430924117565155,0.149201363325119,0.1732524633407592,0.6047691106796265,0.2220623940229416,0.5057104825973511,0.117297388613224
0.2665330767631531,0.2334729135036468,0.3038560450077057,0.3279653787612915,0.4305237531661987,0.1487722545862198,0.1732258945703506,0.6047725081443787,0.2218483686447143,0.5056658983230591,0.1172954887151718
0.2666486203670501,0.2333612591028213,0.3042914271354675,0.3279996812343597,0.4301234781742096,0.1483431458473205,0.1731993108987808,0.6047759652137756,0.2216343283653259,0.5056213140487671,0.117293581366539
0.2667641639709472,0.2332495898008346,0.3047268688678741,0.3280339539051056,0.4297231435775757,0.1479140371084213,0.1731727421283722,0.6047794222831726,0.2214203178882599,0.5055767297744751,0.1172916889190673
0.2668797075748443,0.2331379354000091,0.3051623106002807,0.3280682563781738,0.4293228387832641,0.1474849283695221,0.1731461733579635,0.6047828793525696,0.2212063074111938,0.5055322051048279,0.1172897890210151
0.2669952511787414,0.2330262660980224,0.3055976927280426,0.3281025290489197,0.4289225041866302,0.1470558196306228,0.1731195896863937,0.6047862768173218,0.2209922671318054,0.5054875612258911,0.1172878891229629
0.2671107947826385,0.2329146265983581,0.3060330748558044,0.3281368017196655,0.4285222291946411,0.1466267108917236,0.1730930060148239,0.6047897338867188,0.2207782566547393,0.5054430365562439,0.1172859892249107
0.2672263383865356,0.2328029572963714,0.3064684867858886,0.3281710743904114,0.4281219244003296,0.1461976021528244,0.1730664372444152,0.6047931909561157,0.2205642312765121,0.5053983926773071,0.1172840893268585
0.2673419117927551,0.2326912879943847,0.3069038987159729,0.3282053470611572,0.4277215600013733,0.1457684934139251,0.1730398535728454,0.6047966480255127,0.2203502058982849,0.5053538680076599,0.1172821819782257
0.2674574553966522,0.2325796335935592,0.3073393404483795,0.3282396495342254,0.4273212552070617,0.1453393846750259,0.1730132848024368,0.6048001050949097,0.2201361805200576,0.5053093433380127,0.117280289530754
0.2675729990005493,0.2324679791927337,0.3077747225761413,0.3282739520072937,0.4269209504127502,0.1449102759361267,0.172986701130867,0.6048035025596619,0.2199221551418304,0.5052646994590759,0.1172783896327018
0.2676885426044464,0.232356309890747,0.3082101345062256,0.3283082246780395,0.4265206456184387,0.1444811671972274,0.1729601323604583,0.6048069596290588,0.2197081297636032,0.5052201747894287,0.1172764897346496
0.2678040862083435,0.2322446405887603,0.3086455464363098,0.3283424973487854,0.4261203408241272,0.1440520584583282,0.1729335635900497,0.6048104166984558,0.2194940894842147,0.5051755309104919,0.1172745898365974
0.267919659614563,0.232133001089096,0.309080958366394,0.3283767700195312,0.4257200360298157,0.1436229348182678,0.1729069799184799,0.6048138737678528,0.2192800790071487,0.5051310062408447,0.1172726899385452
0.2680351734161377,0.2320213168859481,0.3095163702964782,0.3284110724925995,0.4253197312355041,0.1431938260793686,0.1728804111480713,0.6048173308372498,0.2190660536289215,0.5050864219665527,0.117270790040493
0.2681507468223572,0.2319096624851226,0.3099517822265625,0.3284453451633453,0.4249193668365478,0.1427647173404693,0.1728538423776626,0.604820728302002,0.2188520282506942,0.5050418376922607,0.1172688901424408
0.2682662904262543,0.2317980080842971,0.3103871941566467,0.3284796476364136,0.4245190620422363,0.1423356086015701,0.1728272587060928,0.6048241853713989,0.218638002872467,0.5049972534179688,0.1172669902443885
0.2683818340301513,0.2316863536834716,0.3108226060867309,0.3285139203071594,0.4241187572479248,0.1419064998626709,0.1728006899356842,0.6048276424407959,0.218423992395401,0.5049526691436768,0.1172650903463363
0.2684973776340484,0.2315746992826461,0.3112580180168152,0.3285482227802276,0.4237184524536133,0.1414773911237716,0.1727741062641143,0.6048310995101929,0.2182099521160125,0.5049080848693848,0.1172631978988647
0.2686129212379455,0.2314630299806594,0.3116934299468994,0.3285824656486511,0.423318088054657,0.1410482823848724,0.1727475374937057,0.6048345565795898,0.2179959416389465,0.5048635005950928,0.1172612905502319
0.268728494644165,0.2313513755798339,0.3121288418769836,0.3286167681217193,0.4229178130626678,0.1406191736459732,0.1727209687232971,0.6048380136489868,0.2177819162607193,0.5048189163208008,0.1172593981027603
0.2688440382480621,0.2312397211790084,0.3125642538070678,0.3286510407924652,0.4225174784660339,0.1401900649070739,0.1726943701505661,0.604841411113739,0.217567890882492,0.5047743916511536,0.1172574907541275
0.2689595818519592,0.2311280369758606,0.3129996657371521,0.3286853432655334,0.4221171736717224,0.1397609561681747,0.1726678013801574,0.604844868183136,0.217353880405426,0.5047297477722168,0.1172555983066558
0.2690751254558563,0.2310163825750351,0.3134350776672363,0.3287196159362793,0.4217168390750885,0.1393318474292755,0.1726412326097488,0.604848325252533,0.2171398550271988,0.5046852231025696,0.117253690958023
0.2691906690597534,0.2309047281742096,0.3138704597949981,0.3287538886070251,0.421316534280777,0.1389027386903762,0.172614648938179,0.6048517823219299,0.2169258147478103,0.5046405792236328,0.1172517985105514
0.2693062126636505,0.2307930588722229,0.3143059015274048,0.328788161277771,0.420916199684143,0.138473629951477,0.1725880801677703,0.6048551797866821,0.2167117893695831,0.5045960545539856,0.1172498986124992
0.26942178606987,0.2306814044713974,0.314741313457489,0.3288224637508392,0.4205158948898315,0.1380445212125778,0.1725614964962005,0.6048586368560791,0.2164977788925171,0.5045514702796936,0.117247998714447
0.2695373296737671,0.2305697500705719,0.3151767253875732,0.3288567364215851,0.42011559009552,0.1376154124736786,0.1725349277257919,0.6048620939254761,0.2162837386131286,0.5045068860054016,0.1172460913658142
0.2696528732776642,0.2304580956697464,0.3156121373176574,0.3288910090923309,0.4197152853012085,0.1371863037347793,0.1725083589553833,0.604865550994873,0.2160697132349014,0.5044623017311096,0.1172441989183425
0.2697684168815613,0.2303464412689209,0.3160474896430969,0.3289253115653991,0.4193149209022522,0.1367571949958801,0.1724817752838134,0.60486900806427,0.2158557027578354,0.5044177174568176,0.1172422915697097
0.2698839604854584,0.2302347719669342,0.3164829313755035,0.328959584236145,0.418914645910263,0.1363280862569809,0.1724552065134048,0.604872465133667,0.2156416773796081,0.5043731331825256,0.1172403991222381
0.2699995040893554,0.2301231175661087,0.3169183731079101,0.3289938569068908,0.4185143113136291,0.1358989775180816,0.1724286377429962,0.6048758625984192,0.2154276371002197,0.5043286085128784,0.1172384992241859
0.2701150774955749,0.2300114631652832,0.317353755235672,0.3290281295776367,0.4181140065193176,0.1354698687791824,0.1724020540714264,0.6048793196678162,0.2152136266231537,0.5042840242385864,0.1172365993261337
0.2702305912971496,0.2298997789621353,0.3177891671657562,0.3290624320507049,0.4177137017250061,0.1350407600402832,0.1723754703998565,0.6048827767372131,0.2149996161460876,0.5042394399642944,0.1172346994280815
0.2703461647033691,0.2297881245613098,0.318224549293518,0.3290967345237732,0.4173133671283722,0.1346116513013839,0.1723488867282867,0.6048862338066101,0.2147855758666992,0.5041948556900024,0.1172327995300293
0.2704617083072662,0.2296764701604843,0.3186599612236023,0.329131007194519,0.4169130623340606,0.1341825425624847,0.1723223179578781,0.6048896908760071,0.2145715653896331,0.5041502714157104,0.1172308921813964
0.2705772519111633,0.2295648008584976,0.3190954029560089,0.3291652798652649,0.4165127277374267,0.1337534338235855,0.1722957342863083,0.6048930883407593,0.2143575251102447,0.5041056871414185,0.1172289997339248
0.2706927955150604,0.2294531464576721,0.3195308148860931,0.3291995525360107,0.4161124229431152,0.133324310183525,0.1722691506147384,0.6048965454101562,0.2141435146331787,0.5040611028671265,0.1172270998358726
0.2708083391189575,0.2293414920568466,0.319966197013855,0.3292338252067566,0.4157121181488037,0.1328952014446258,0.1722425818443298,0.6049000024795532,0.2139294892549514,0.5040165185928345,0.1172251999378204
0.2709238827228546,0.2292298376560211,0.3204016089439392,0.3292681276798248,0.4153118133544922,0.1324660927057266,0.1722160130739212,0.6049034595489502,0.2137154638767242,0.5039719343185425,0.1172233000397682
0.2710394263267517,0.2291181832551956,0.3208370208740234,0.3293024003505707,0.4149115085601806,0.1320369839668274,0.1721894294023513,0.6049069166183472,0.213501438498497,0.5039273500442505,0.117221400141716
0.2711549997329712,0.2290065139532089,0.3212724328041076,0.3293367028236389,0.4145111739635467,0.1316078752279281,0.1721628606319427,0.6049103140830994,0.2132874131202697,0.5038827657699585,0.1172194927930831
0.2712705433368683,0.2288948595523834,0.3217078447341919,0.3293709754943847,0.4141108691692352,0.1311787664890289,0.1721362769603729,0.6049137711524963,0.2130733877420425,0.5038381814956665,0.1172176003456115
0.2713860869407654,0.2287831902503967,0.3221432566642761,0.3294052481651306,0.4137105643749237,0.1307496577501297,0.1721097081899643,0.6049172282218933,0.2128593623638153,0.5037936568260193,0.1172157004475593
0.2715016305446625,0.22867152094841,0.3225786685943603,0.3294395506381988,0.4133102297782898,0.1303205490112304,0.1720831394195556,0.6049206852912903,0.212645336985588,0.5037490725517273,0.1172138005495071
0.2716171741485595,0.2285598665475845,0.3230140805244446,0.3294738233089447,0.4129099249839782,0.1298914402723312,0.1720565557479858,0.6049241423606873,0.2124313116073608,0.5037044882774353,0.1172119006514549
0.271732747554779,0.228448212146759,0.3234494924545288,0.3295080959796905,0.4125096201896667,0.129462331533432,0.1720299869775772,0.6049275398254395,0.2122172862291336,0.5036599040031433,0.1172099933028221
0.2718482613563537,0.2283365428447723,0.323884904384613,0.3295423984527588,0.4121093153953552,0.1290332227945327,0.1720034182071685,0.6049310564994812,0.2120032608509063,0.5036153197288513,0.1172081008553505
0.2719638347625732,0.2282248884439468,0.3243203163146972,0.3295766711235046,0.4117089509963989,0.1286041140556335,0.1719768345355987,0.6049345135688782,0.2117892503738403,0.5035707354545593,0.1172062009572982
0.2720793783664703,0.2281132340431213,0.3247557282447815,0.3296109437942505,0.4113086462020874,0.1281750053167343,0.1719502657651901,0.6049379706382751,0.2115752100944519,0.5035262107849121,0.117204301059246
0.2721949219703674,0.2280015647411346,0.3251911401748657,0.3296452462673187,0.4109083414077759,0.127745896577835,0.1719236820936203,0.6049413681030273,0.2113611996173858,0.5034816265106201,0.1172023937106132
0.2723104655742645,0.2278899252414703,0.3256265521049499,0.3296794891357422,0.4105080068111419,0.1273167878389358,0.1718970984220504,0.6049447655677795,0.2111471742391586,0.5034369826316833,0.1172005012631416
0.2724260091781616,0.2277782559394836,0.3260619640350342,0.3297137916088104,0.4101077020168304,0.1268876791000366,0.1718705296516418,0.6049482226371765,0.2109331488609314,0.5033924579620361,0.1171985939145088
0.2725415825843811,0.2276665866374969,0.3264973759651184,0.3297480940818786,0.4097073674201965,0.1264585703611374,0.171843945980072,0.6049516797065735,0.2107191234827041,0.5033478736877441,0.1171967014670372
0.2726571261882782,0.2275549322366714,0.3269327878952026,0.3297823667526245,0.409307062625885,0.1260294616222381,0.1718173772096634,0.6049551367759705,0.2105051130056381,0.5033032894134521,0.1171948015689849
0.2727726399898529,0.2274432778358459,0.3273681700229645,0.3298166394233703,0.4089067578315735,0.1256003528833389,0.1717908084392547,0.6049585938453674,0.2102910727262497,0.5032587051391602,0.1171929016709327
0.2728882133960724,0.2273316085338592,0.3278035819530487,0.3298509120941162,0.4085064530372619,0.1251712441444397,0.1717642247676849,0.6049619913101196,0.2100770473480224,0.5032141208648682,0.1171910017728805
0.2730037569999695,0.2272199541330337,0.3282390236854553,0.3298852145671844,0.4081061482429504,0.1247421279549598,0.1717376559972763,0.6049654483795166,0.2098630368709564,0.5031695365905762,0.1171891018748283
0.2731193304061889,0.227108284831047,0.3286744058132171,0.3299194872379303,0.4077057838439941,0.1243130192160606,0.1717110723257064,0.6049689054489136,0.2096490114927292,0.5031249523162842,0.1171871945261955
0.2732348442077636,0.2269966304302215,0.3291098177433014,0.3299537897109985,0.4073054790496826,0.1238839104771614,0.1716845035552978,0.6049723625183105,0.2094349712133407,0.5030803680419922,0.1171853020787239
0.2733504176139831,0.226884976029396,0.3295452296733856,0.3299880623817444,0.4069051742553711,0.1234548017382621,0.1716579347848892,0.6049758195877075,0.2092209458351135,0.503035843372345,0.1171834021806716
0.2734659612178802,0.2267733067274093,0.3299806118011474,0.3300223350524902,0.4065048694610595,0.1230256929993629,0.1716313511133194,0.6049792170524597,0.2090069353580474,0.5029911994934082,0.1171815022826194
0.2735815048217773,0.2266616523265838,0.3304160237312317,0.3300566375255584,0.406104564666748,0.1225965842604637,0.1716047823429107,0.6049826741218567,0.208792895078659,0.502946674823761,0.1171796023845672
0.273697018623352,0.2265500128269195,0.3308514654636383,0.3300909101963043,0.4057042300701141,0.1221674755215644,0.1715782135725021,0.6049861311912537,0.208578884601593,0.502902090549469,0.117177702486515
0.2738125920295715,0.2264383286237716,0.3312868475914001,0.3301251828670501,0.4053039252758026,0.1217383667826652,0.1715516299009323,0.6049895882606506,0.2083648741245269,0.502857506275177,0.1171758100390434
0.273928165435791,0.2263266742229461,0.3317222595214844,0.3301594853401184,0.4049035906791687,0.121309258043766,0.1715250611305236,0.6049930453300476,0.2081508338451385,0.5028128623962402,0.1171739026904106
0.2740437090396881,0.2262150198221206,0.3321576714515686,0.3301937580108642,0.4045032858848572,0.1208801418542862,0.1714984625577926,0.6049964427947998,0.2079368233680725,0.502768337726593,0.117172010242939
0.2741592228412628,0.2261033505201339,0.3325930833816528,0.3302280604839325,0.4041029810905456,0.1204510331153869,0.171471893787384,0.6049998998641968,0.207722783088684,0.5027238130569458,0.1171701028943061
0.2741592228412628,0.2261033505201339,0.3325930833816528,0.3302280604839325,0.4041029810905456,0.1204510331153869,0.171471893787384,0.6049998998641968,0.207722783088684,0.5027238130569458,0.1171701028943061
0.2741592228412628,0.2261033505201339,0.3325930833816528,0.3302280604839325,0.4041029810905456,0.1204510331153869,0.171471893787384,0.6049998998641968,0.207722783088684,0.5027238130569458,0.1171701028943061
0.2741592228412628,0.2261033505201339,0.3325930833816528,0.3302280604839325,0.4041029810905456,0.1204510331153869,0.171471893787384,0.6049998998641968,0.207722783088684,0.5027238130569458,0.1171701028943061
0.2741592228412628,0.2261033505201339,0.3325930833816528,0.3302280604839325,0.4041029810905456,0.1204510331153869,0.171471893787384,0.6049998998641968,0.207722783088684,0.5027238130569458,0.1171701028943061
0.2741592228412628,0.2261033505201339,0.3325930833816528,0.3302280604839325,0.4041029810905456,0.1204510331153869,0.171471893787384,0.6049998998641968,0.207722783088684,0.5027238130569458,0.1171701028943061
0.2741592228412628,0.2261033505201339,0.3325930833816528,0.3302280604839325,0.4041029810905456,0.1204510331153869,0.171471893787384,0.6049998998641968,0.207722783088684,0.5027238130569458,0.1171701028943061
0.2741592228412628,0.2261033505201339,0.3325930833816528,0.3302280604839325,0.4041029810905456,0.1204510331153869,0.171471893787384,0.6049998998641968,0.207722783088684,0.5027238130569458,0.1171701028943061
0.2741592228412628,0.2261033505201339,0.3325930833816528,0.3302280604839325,0.4041029810905456,0.1204510331153869,0.171471893787384,0.6049998998641968,0.207722783088684,0.5027238130569458,0.1171701028943061
0.2741592228412628,0.2261033505201339,0.3325930833816528,0.3302280604839325,0.4041029810905456,0.1204510331153869,0.171471893787384,0.6049998998641968,0.207722783088684,0.5027238130569458,0.1171701028943061
0.2741592228412628,0.2261033505201339,0.3325930833816528,0.3302280604839325,0.4041029810905456,0.1204510331153869,0.171471893787384,0.6049998998641968,0.207722783088684,0.5027238130569458,0.1171701028943061
0.2741592228412628,0.2261033505201339,0.3325930833816528,0.3302280604839325,0.4041029810905456,0.1204510331153869,0.171471893787384,0.6049998998641968,0.207722783088684,0.5027238130569458,0.1171701028943061
0.2741592228412628,0.2261033505201339,0.3325930833816528,0.3302280604839325,0.4041029810905456,0.1204510331153869,0.171471893787384,0.6049998998641968,0.207722783088684,0.5027238130569458,0.1171701028943061
0.2741592228412628,0.2261033505201339,0.3325930833816528,0.3302280604839325,0.4041029810905456,0.1204510331153869,0.171471893787384,0.6049998998641968,0.207722783088684,0.5027238130569458,0.1171701028943061
0.2741592228412628,0.2261033505201339,0.3325930833816528,0.3302280604839325,0.4041029810905456,0.1204510331153869,0.171471893787384,0.6049998998641968,0.207722783088684,0.5027238130569458,0.1171701028943061
0.2741592228412628,0.2261033505201339,0.3325930833816528,0.3302280604839325,0.4041029810905456,0.1204510331153869,0.171471893787384,0.6049998998641968,0.207722783088684,0.5027238130569458,0.1171701028943061
0.2741592228412628,0.2261033505201339,0.3325930833816528,0.3302280604839325,0.4041029810905456,0.1204510331153869,0.171471893787384,0.6049998998641968,0.207722783088684,0.5027238130569458,0.1171701028943061
0.2741592228412628,0.2261033505201339,0.3325930833816528,0.3302280604839325,0.4041029810905456,0.1204510331153869,0.171471893787384,0.6049998998641968,0.207722783088684,0.5027238130569458,0.1171701028943061
0.2741592228412628,0.2261033505201339,0.3325930833816528,0.3302280604839325,0.4041029810905456,0.1204510331153869,0.171471893787384,0.6049998998641968,0.207722783088684,0.5027238130569458,0.1171701028943061
0.2741592228412628,0.2261033505201339,0.3325930833816528,0.3302280604839325,0.4041029810905456,0.1204510331153869,0.171471893787384,0.6049998998641968,0.207722783088684,0.5027238130569458,0.1171701028943061
0.2741592228412628,0.2261033505201339,0.3325930833816528,0.3302280604839325,0.4041029810905456,0.1204510331153869,0.171471893787384,0.6049998998641968,0.207722783088684,0.5027238130569458,0.1171701028943061
0.2741592228412628,0.2261033505201339,0.3325930833816528,0.3302280604839325,0.4041029810905456,0.1204510331153869,0.171471893787384,0.6049998998641968,0.207722783088684,0.5027238130569458,0.1171701028943061
0.2741592228412628,0.2261033505201339,0.3325930833816528,0.3302280604839325,0.4041029810905456,0.1204510331153869,0.171471893787384,0.6049998998641968,0.207722783088684,0.5027238130569458,0.1171701028943061
0.2741592228412628,0.2261033505201339,0.3325930833816528,0.3302280604839325,0.4041029810905456,0.1204510331153869,0.171471893787384,0.6049998998641968,0.207722783088684,0.5027238130569458,0.1171701028943061
0.2741592228412628,0.2261033505201339,0.3325930833816528,0.3302280604839325,0.4041029810905456,0.1204510331153869,0.171471893787384,0.6049998998641968,0.207722783088684,0.5027238130569458,0.1171701028943061
0.2741592228412628,0.2261033505201339,0.3325930833816528,0.3302280604839325,0.4041029810905456,0.1204510331153869,0.171471893787384,0.6049998998641968,0.207722783088684,0.5027238130569458,0.1171701028943061
0.2741592228412628,0.2261033505201339,0.3325930833816528,0.3302280604839325,0.4041029810905456,0.1204510331153869,0.171471893787384,0.6049998998641968,0.207722783088684,0.5027238130569458,0.1171701028943061
0.2741592228412628,0.2261033505201339,0.3325930833816528,0.3302280604839325,0.4041029810905456,0.1204510331153869,0.171471893787384,0.6049998998641968,0.207722783088684,0.5027238130569458,0.1171701028943061
0.2741592228412628,0.2261033505201339,0.3325930833816528,0.3302280604839325,0.4041029810905456,0.1204510331153869,0.171471893787384,0.6049998998641968,0.207722783088684,0.5027238130569458,0.1171701028943061
0.2689806818962097,0.24710214138031,0.2825112044811249,0.3133695423603058,0.2887383699417114,0.1156912371516227,0.3985843956470489,0.4638141095638275,0.1995765119791031,0.3560563921928406,0.1514509320259094
0.2690124809741974,0.2473185956478119,0.2823657393455505,0.3143850862979889,0.2893542647361755,0.1158452704548835,0.3987357020378113,0.4640827476978302,0.1998422294855117,0.3566190004348755,0.1517151892185211
0.269044280052185,0.2475350648164749,0.2822202444076538,0.315400630235672,0.2899701595306396,0.1159992963075637,0.398887038230896,0.4643514156341553,0.2001079320907592,0.3571815490722656,0.1519794166088104
0.2690761089324951,0.2477515339851379,0.2820747494697571,0.3164162039756775,0.2905860245227813,0.1161533296108245,0.3990383744239807,0.4646200835704803,0.2003736495971679,0.3577440977096557,0.1522436439990997
0.2691079378128052,0.2479680031538009,0.2819292843341827,0.3174317479133606,0.2912018895149231,0.1163073554635047,0.3991897106170654,0.4648887515068054,0.2006393671035766,0.3583066761493683,0.152507871389389
0.2691397666931152,0.248184472322464,0.2817838191986084,0.3184473216533661,0.2918177843093872,0.116461381316185,0.3993410468101501,0.4651573896408081,0.2009050697088241,0.3588692545890808,0.1527721136808395
0.2691715359687805,0.2484008967876434,0.2816383242607116,0.3194628953933716,0.2924336791038513,0.1166154146194458,0.3994923532009125,0.4654260575771332,0.2011707872152328,0.3594318032264709,0.1530363410711288
0.2692033648490906,0.2486173659563064,0.2814928293228149,0.3204784393310547,0.2930495738983154,0.116769440472126,0.3996437191963196,0.4656947255134582,0.2014365047216415,0.3599943518638611,0.1533005684614181
0.2692351937294006,0.2488338351249694,0.2813473641872406,0.3214940130710602,0.2936654686927795,0.1169234663248062,0.3997950553894043,0.4659633934497833,0.201702207326889,0.3605569303035736,0.1535648107528686
0.2692669928073883,0.2490503042936325,0.2812018692493438,0.3225095570087433,0.2942813038825989,0.117077499628067,0.3999463617801666,0.4662320613861084,0.2019679099321365,0.3611195087432861,0.1538290381431579
0.2692988216876983,0.2492667734622955,0.2810563743114471,0.3235251307487488,0.2948972284793854,0.1172315254807472,0.4000976979732513,0.4665006995201111,0.2022336274385452,0.3616820573806762,0.1540932655334472
0.2693306505680084,0.2494832277297973,0.2809109091758728,0.3245406746864319,0.2955130934715271,0.117385558784008,0.400249034166336,0.4667693972587585,0.2024993449449539,0.3622446656227112,0.1543574929237365
0.2693624496459961,0.2496996968984604,0.2807654142379761,0.3255562782287597,0.2961289882659912,0.1175395846366882,0.4004003703594208,0.4670380353927612,0.2027650475502014,0.3628072142601013,0.1546217501163482
0.2693942785263061,0.2499161660671234,0.2806199193000793,0.3265718221664428,0.2967448830604553,0.1176936104893684,0.4005517065525055,0.4673067033290863,0.2030307799577713,0.3633697628974914,0.1548859775066375
0.2694261074066162,0.2501326203346252,0.280474454164505,0.327587366104126,0.297360748052597,0.1178476437926292,0.4007030725479126,0.4675753712654114,0.2032964825630188,0.363932341337204,0.1551502048969268
0.2694578766822815,0.2503491044044494,0.2803289890289306,0.3286029398441314,0.2979766428470611,0.1180016696453094,0.4008543789386749,0.4678440392017364,0.2035621851682663,0.3644948899745941,0.1554144471883773
0.2694897055625915,0.2505655288696289,0.2801834940910339,0.3296184837818146,0.2985925078392029,0.1181557029485702,0.4010056853294372,0.4681126773357391,0.203827902674675,0.3650574684143066,0.1556786745786667
0.2695215344429016,0.2507819831371307,0.2800379991531372,0.3306340873241424,0.299208402633667,0.1183097288012504,0.401157021522522,0.4683813452720642,0.2040936052799224,0.3656200468540191,0.155942901968956
0.2695533335208893,0.2509984672069549,0.2798925042152405,0.3316496312618255,0.2998242974281311,0.1184637546539306,0.4013083875179291,0.4686500132083893,0.2043593376874923,0.3661825954914093,0.1562071442604065
0.2695851624011993,0.2512149214744568,0.2797470688819885,0.332665205001831,0.3004401922225952,0.1186177879571914,0.4014597237110138,0.4689186811447143,0.2046250402927398,0.3667451739311218,0.1564713716506958
0.2696169912815094,0.251431405544281,0.2796015441417694,0.3336807489395141,0.3010560572147369,0.1187718138098716,0.4016110301017761,0.4691873490810394,0.2048907577991485,0.3673077225685119,0.1567355990409851
0.269648790359497,0.2516478598117828,0.279456079006195,0.3346962928771972,0.301671952009201,0.1189258396625518,0.4017623662948608,0.4694560170173645,0.2051564455032348,0.3678703010082245,0.1569998413324356
0.2696806192398071,0.2518643140792846,0.2793105840682983,0.3357118964195251,0.3022878170013428,0.1190798729658126,0.4019137024879455,0.4697246849536896,0.2054221630096435,0.368432879447937,0.1572640836238861
0.2697124481201172,0.2520807981491089,0.2791650891304016,0.3367274403572082,0.3029037117958069,0.1192338988184928,0.4020650386810303,0.4699933230876922,0.2056878805160522,0.3689954280853271,0.1575283110141754
0.2697442173957824,0.2522972524166107,0.2790196239948272,0.3377429842948913,0.303519606590271,0.1193879321217536,0.4022164046764374,0.4702619910240173,0.2059535980224609,0.3695579767227173,0.1577925384044647
0.2697760462760925,0.2525137066841125,0.2788741588592529,0.3387585580348968,0.3041354715824127,0.1195419579744339,0.4023677408695221,0.4705306589603424,0.2062193006277084,0.3701205551624298,0.1580567806959152
0.2698078751564026,0.2527301609516144,0.2787286639213562,0.3397741317749023,0.3047513663768768,0.1196959838271141,0.4025190472602844,0.4707993268966675,0.2064850032329559,0.3706831336021423,0.1583210080862045
0.2698396742343902,0.2529466152191162,0.2785831689834595,0.3407896757125854,0.3053672909736633,0.1198500171303749,0.4026703536510467,0.4710679650306701,0.2067507356405258,0.3712456822395324,0.1585852354764938
0.2698715329170227,0.2531630992889404,0.2784376740455627,0.3418052196502685,0.305983155965805,0.1200040429830551,0.4028217196464538,0.4713366329669952,0.2070164382457733,0.3718082904815674,0.1588494777679443
0.2699033319950104,0.2533795535564422,0.2782922387123108,0.3428208231925964,0.3065990209579468,0.1201580762863159,0.4029730558395386,0.4716053009033203,0.207282155752182,0.3723708391189575,0.1591137051582336
0.269935131072998,0.2535960376262665,0.278146743774414,0.3438363671302795,0.3072149157524109,0.1203121021389961,0.4031243920326233,0.4718739688396454,0.2075478434562683,0.3729333877563476,0.1593779325485229
0.2699669599533081,0.2538124918937683,0.2780012488365173,0.344851940870285,0.307830810546875,0.1204661279916763,0.403275728225708,0.4721426367759704,0.207813560962677,0.3734959363937378,0.1596421748399734
0.2699987888336181,0.2540289759635925,0.2778557538986206,0.3458675146102905,0.3084467053413391,0.1206201612949371,0.4034270644187927,0.4724113047122955,0.2080792784690857,0.3740585446357727,0.1599064171314239
0.2700305581092834,0.2542454302310943,0.2777102589607239,0.3468830585479736,0.3090625703334808,0.1207741871476173,0.403578370809555,0.4726799726486206,0.2083449959754943,0.3746210932731628,0.1601706445217132
0.2700624167919159,0.2544619143009186,0.2775647938251495,0.3478986024856567,0.3096784651279449,0.1209282130002975,0.4037297070026397,0.4729486107826233,0.208610713481903,0.375183641910553,0.1604348719120025
0.2700942158699035,0.2546783685684204,0.2774192988872528,0.3489142060279846,0.310294359922409,0.1210822463035583,0.4038810729980469,0.4732172787189483,0.2088764160871505,0.3757462203502655,0.160699114203453
0.2701260149478912,0.2548947930335998,0.2772738337516784,0.3499297499656677,0.3109102249145508,0.1212362721562385,0.4040323793888092,0.4734859466552734,0.209142118692398,0.376308798789978,0.1609633415937423
0.2701578736305237,0.2551112771034241,0.2771283388137817,0.3509452939033508,0.3115261197090149,0.1213903054594993,0.4041837155818939,0.4737546145915985,0.2094078361988067,0.3768713772296905,0.1612275838851928
0.2701896727085113,0.2553277313709259,0.276982843875885,0.3519608676433563,0.3121419847011566,0.1215443313121795,0.404335081577301,0.4740232527256012,0.2096735537052154,0.3774339258670807,0.1614918112754821
0.270221471786499,0.2555442154407501,0.276837408542633,0.3529764115810394,0.3127578794956207,0.1216983571648597,0.4044863879680633,0.4742919504642486,0.2099392712116241,0.3779964745044708,0.1617560386657714
0.2702533006668091,0.2557606697082519,0.2766919136047363,0.3539920151233673,0.3133737742900848,0.1218523904681205,0.404637724161148,0.4745605885982513,0.2102049738168716,0.3785590529441833,0.1620202660560608
0.2702851295471191,0.2559771239757538,0.2765464186668396,0.3550075590610504,0.3139896392822265,0.1220064163208007,0.4047890305519104,0.4748292565345764,0.2104706764221191,0.3791216015815735,0.1622845083475113
0.2703168988227844,0.256193608045578,0.2764009237289428,0.3560231328010559,0.3146055340766907,0.1221604496240615,0.4049403965473175,0.4750978946685791,0.2107363939285278,0.3796842098236084,0.1625487506389618
0.2703487575054168,0.2564100623130798,0.2762554287910461,0.357038676738739,0.3152214288711548,0.1223144754767417,0.4050917327404022,0.4753665924072265,0.2110021114349365,0.3802467584609985,0.1628129780292511
0.2703805565834045,0.2566265165805816,0.2761099636554718,0.3580542206764221,0.3158373236656189,0.122468501329422,0.4052430689334869,0.4756352603435516,0.211267814040184,0.380809336900711,0.1630772054195404
0.2704123556613922,0.2568430006504059,0.2759644687175751,0.3590697944164276,0.316453218460083,0.1226225346326828,0.4053944051265716,0.4759038984775543,0.2115335315465927,0.3813718855381012,0.1633414328098297
0.2704442143440246,0.2570594251155853,0.2758190035820007,0.3600853681564331,0.3170690536499023,0.122776560485363,0.405545711517334,0.4761725664138794,0.2117992490530014,0.3819344639778137,0.1636056751012802
0.2704760134220123,0.2572759091854095,0.275673508644104,0.3611009120941162,0.3176849484443664,0.1229305937886238,0.4056970477104187,0.4764412343502044,0.2120649516582489,0.3824970424175262,0.1638699024915695
0.2705078125,0.2574923634529114,0.2755280137062073,0.3621164858341217,0.3183008432388305,0.123084619641304,0.4058483839035034,0.4767099022865295,0.2123306691646576,0.3830596208572387,0.16413414478302
0.27053964138031,0.2577088475227356,0.2753825783729553,0.3631320297718048,0.3189167380332947,0.1232386454939842,0.4059997498989105,0.4769785404205322,0.2125963717699051,0.3836221694946289,0.1643983721733093
0.2705714702606201,0.2579253017902374,0.2752370834350586,0.3641476035118103,0.3195326328277588,0.123392678797245,0.4061510562896728,0.4772472381591797,0.2128621041774749,0.384184718132019,0.1646626144647598
0.2706032693386078,0.2581417560577392,0.2750915884971618,0.3651631474494934,0.3201484978199005,0.1235467046499252,0.4063023626804352,0.4775158762931824,0.2131278067827224,0.3847473263740539,0.1649268418550491
0.2706350982189178,0.2583582401275635,0.2749460935592651,0.3661787509918213,0.3207643628120422,0.1237007305026054,0.4064537286758423,0.477784514427185,0.2133935242891311,0.3853098750114441,0.1651910841464996
0.2706668972969055,0.2585746943950653,0.2748005986213684,0.3671942949295044,0.3213802874088287,0.1238547638058662,0.406605064868927,0.4780531823635101,0.2136592268943786,0.3858724236488342,0.1654553115367889
0.2706987261772156,0.2587911486625671,0.274655133485794,0.3682098388671875,0.3219961524009704,0.1240087896585464,0.4067564010620117,0.4783218502998352,0.2139249294996261,0.3864349722862243,0.1657195389270782
0.2707305550575256,0.2590076327323913,0.2745096385478973,0.3692254424095154,0.3226120471954345,0.1241628229618072,0.4069077372550964,0.4785905182361603,0.2141906470060348,0.3869975507259369,0.1659837663173675
0.2707623541355133,0.2592240571975708,0.274364173412323,0.3702409863471985,0.3232279419898987,0.1243168488144874,0.4070590734481811,0.4788591563701629,0.2144563645124435,0.3875601291656494,0.166248008608818
0.270794153213501,0.259440541267395,0.2742186784744262,0.3712565302848816,0.3238438069820404,0.1244708746671676,0.4072103798389435,0.479127824306488,0.2147220820188522,0.3881226778030395,0.1665122509002685
0.270825982093811,0.2596569955348968,0.2740731835365295,0.3722721040248871,0.3244597017765045,0.1246249079704284,0.4073617160320282,0.4793964922428131,0.2149877846240997,0.3886852860450744,0.1667764782905578
0.2708578109741211,0.2598734498023987,0.2739277184009552,0.3732876777648926,0.3250755965709686,0.1247789338231086,0.4075130820274353,0.4796651601791382,0.2152535021305084,0.3892478346824646,0.1670407056808471
0.2708896100521087,0.2600899338722229,0.2737822532653808,0.3743032217025757,0.3256914615631103,0.1249329671263694,0.4076643884181976,0.4799337983131408,0.2155192047357559,0.3898103833198547,0.1673049479722976
0.2709214389324188,0.2603063881397247,0.2736367583274841,0.3753187656402588,0.3263073563575744,0.1250869929790496,0.4078157246112823,0.4802024960517883,0.2157849222421646,0.3903729319572449,0.1675691753625869
0.2709532380104065,0.2605228722095489,0.2734912633895874,0.3763343691825866,0.3269232213497162,0.1252410262823104,0.407967060804367,0.480471134185791,0.2160506397485733,0.3909355401992798,0.1678334176540374
0.2709850668907165,0.2607393264770508,0.2733457684516907,0.3773499131202698,0.3275391161441803,0.1253950446844101,0.4081183969974518,0.4807398021221161,0.2163163423538208,0.3914980888366699,0.1680976450443267
0.2710168957710266,0.2609557807445526,0.2732003033161163,0.3783654868602752,0.3281550109386444,0.1255490779876709,0.4082697331905365,0.4810084402561188,0.2165820598602295,0.3920606970787048,0.1683618724346161
0.2710486948490143,0.2611722648143768,0.2730548083782196,0.3793810307979584,0.3287708759307861,0.1257031112909317,0.4084210395812988,0.4812771379947662,0.2168477773666381,0.3926232159137726,0.1686260998249054
0.2710804939270019,0.2613886892795563,0.2729093432426452,0.3803966045379638,0.3293868005275726,0.1258571296930313,0.4085724055767059,0.4815458059310913,0.2171134799718856,0.3931857943534851,0.1688903421163559
0.271112322807312,0.2616051733493805,0.2727638483047485,0.3814121782779693,0.3300026655197143,0.1260111629962921,0.4087237417697906,0.481814444065094,0.2173791825771331,0.3937483429908752,0.1691545844078064
0.271144151687622,0.2618216276168823,0.2726183533668518,0.3824277222156524,0.3306185603141784,0.1261651962995529,0.408875048160553,0.4820831418037414,0.2176449000835418,0.3943109512329101,0.1694188117980957
0.2711759507656097,0.2620380818843841,0.2724728882312774,0.3834432959556579,0.3312344253063202,0.1263192147016525,0.4090264141559601,0.4823517799377441,0.2179106175899505,0.3948734998703003,0.1696830540895462
0.2712077796459198,0.2622545659542084,0.2723274230957031,0.384458839893341,0.3318502902984619,0.1264732480049133,0.4091777503490448,0.4826204478740692,0.2181763350963592,0.3954360485076904,0.1699472814798355
0.2712395787239074,0.2624710202217102,0.2721819281578064,0.3854744136333465,0.3324662148952484,0.1266272813081741,0.4093290567398071,0.4828890860080719,0.2184420526027679,0.3959985971450805,0.1702115088701248
0.2712714076042175,0.2626875042915344,0.2720364332199096,0.386489987373352,0.3330820798873901,0.1267813146114349,0.4094803929328918,0.483157753944397,0.2187077403068542,0.3965612053871155,0.1704757511615753
0.2713032364845276,0.2629039585590362,0.2718909382820129,0.3875055313110351,0.3336979746818542,0.1269353330135345,0.4096317589282989,0.483426421880722,0.2189734578132629,0.3971237540245056,0.1707399785518646
0.2713350355625152,0.2631204128265381,0.2717454731464386,0.3885210752487182,0.3343138694763183,0.1270893663167953,0.4097830653190613,0.4836950898170471,0.2192391753196716,0.3976863026618957,0.1710042059421539
0.2713668346405029,0.2633368968963623,0.2715999782085418,0.3895366787910461,0.3349297642707824,0.1272433996200561,0.409934401512146,0.4839637279510498,0.2195048928260803,0.3982488512992859,0.1712684482336044
0.271398663520813,0.2635533213615417,0.2714545130729675,0.3905522227287292,0.3355456292629242,0.1273974180221557,0.4100857377052307,0.4842324256896972,0.2197705805301666,0.3988114595413208,0.1715326905250549
0.271430492401123,0.2637698054313659,0.2713090181350708,0.3915677666664123,0.3361614942550659,0.1275514513254165,0.4102370738983154,0.4845010936260223,0.2200362980365753,0.3993740081787109,0.1717969179153442
0.2714622914791107,0.2639862596988678,0.2711635231971741,0.3925833404064178,0.33677738904953,0.1277054846286773,0.4103884100914001,0.484769731760025,0.220302015542984,0.3999365866184234,0.1720611453056335
0.2714941203594208,0.2642027139663696,0.2710180580615997,0.3935989141464233,0.3373932838439941,0.1278595030307769,0.4105397462844848,0.4850384294986725,0.2205677330493927,0.400499165058136,0.172325387597084
0.2715259492397308,0.2644191980361938,0.2708725929260254,0.3946144580841064,0.3380091786384582,0.1280135363340377,0.4106910824775696,0.4853070676326751,0.2208334505558014,0.4010617434978485,0.1725896149873733
0.2715577483177185,0.2646356523036957,0.2707270979881286,0.3956300616264343,0.3386250436306,0.1281675696372985,0.4108423888683319,0.4855757355690002,0.2210991531610489,0.4016242623329162,0.1728538423776626
0.2715895771980285,0.2648521363735199,0.2705816030502319,0.3966456055641174,0.3392409384250641,0.1283215880393982,0.4109937250614166,0.4858443737030029,0.2213648557662964,0.4021868407726288,0.1731180846691131
0.2716213762760162,0.2650685906410217,0.2704361081123352,0.3976611495018005,0.3398568332195282,0.128475621342659,0.4111450910568237,0.4861130714416504,0.221630573272705,0.4027494192123413,0.1733823120594024
0.2716531753540039,0.2652850449085235,0.2702906429767608,0.3986766934394836,0.3404726982116699,0.1286296546459198,0.4112964272499084,0.4863817095756531,0.2218962907791137,0.4033119976520538,0.1736465394496917
0.2716850042343139,0.2655015289783478,0.2701451480388641,0.3996922969818115,0.341088593006134,0.1287836879491806,0.4114477336406708,0.4866503775119781,0.2221619933843612,0.4038745760917663,0.1739107966423034
0.271716833114624,0.2657179534435272,0.2699996829032898,0.4007078409194946,0.3417044579982757,0.1289377063512802,0.4115990698337555,0.4869190454483032,0.2224277108907699,0.4044370949268341,0.1741750240325927
0.2717486321926117,0.2659344375133514,0.269854187965393,0.4017234146595001,0.3423203527927398,0.129091739654541,0.4117504060268402,0.4871877133846283,0.2226934283971786,0.4049996733665466,0.174439251422882
0.2717804610729217,0.2661508917808532,0.2697086930274963,0.4027389883995056,0.342936247587204,0.1292457729578018,0.4119017422199249,0.487456351518631,0.2229591310024261,0.4055622518062591,0.1747034937143325
0.2718122601509094,0.2663673460483551,0.269563227891922,0.4037545323371887,0.3435521423816681,0.1293997913599014,0.4120530784130096,0.487725019454956,0.2232248485088348,0.4061248302459717,0.1749677211046219
0.2718440890312195,0.2665838301181793,0.2694177627563476,0.4047700762748718,0.3441680073738098,0.1295538246631622,0.4122044146060943,0.4879937171936035,0.2234905511140823,0.4066873788833618,0.1752319484949112
0.2718759179115295,0.2668002843856811,0.2692722678184509,0.4057856202125549,0.3447839021682739,0.129707857966423,0.4123557507991791,0.4882623553276062,0.223756268620491,0.4072499275207519,0.1754961907863617
0.2719077169895172,0.2670167684555053,0.2691267728805542,0.4068012237548828,0.345399796962738,0.1298618763685226,0.4125070571899414,0.4885310232639313,0.2240219712257385,0.4078125059604645,0.175760418176651
0.2719395160675049,0.2672332227230072,0.2689812779426574,0.4078167676925659,0.3460156917572021,0.1300159096717834,0.4126584231853485,0.4887996613979339,0.2242876887321472,0.408375084400177,0.1760246455669403
0.2719713449478149,0.267449676990509,0.2688358128070831,0.408832311630249,0.3466315567493438,0.1301699429750442,0.4128097593784332,0.4890683591365814,0.2245534062385559,0.4089376330375671,0.1762888878583908
0.272003173828125,0.2676661610603332,0.2686903178691864,0.4098478853702545,0.3472474217414856,0.1303239613771438,0.4129610657691955,0.4893369972705841,0.2248191088438034,0.409500241279602,0.1765531152486801
0.2720349729061126,0.2678826153278351,0.268544852733612,0.41086345911026,0.3478633165359497,0.1304779946804046,0.4131124019622803,0.4896056652069092,0.2250848263502121,0.4100627899169922,0.1768173575401306
0.2720668017864227,0.2680990695953369,0.2683993577957153,0.4118790030479431,0.3484792113304138,0.1306320279836654,0.4132637679576874,0.4898743033409118,0.2253505438566208,0.4106253385543823,0.1770815849304199
0.2720986008644104,0.2683155238628387,0.2682538628578186,0.412894606590271,0.3490951061248779,0.1307860612869262,0.4134150743484497,0.4901430010795593,0.2256162464618683,0.4111879169940948,0.1773458123207092
0.2721304297447204,0.2685319781303406,0.2681083977222442,0.4139101505279541,0.349711000919342,0.1309400796890258,0.4135664105415344,0.490411639213562,0.2258819490671157,0.4117504954338074,0.1776100546121597
0.2721622586250305,0.2687484622001648,0.2679629325866699,0.4149256944656372,0.3503268361091614,0.1310941129922866,0.4137177467346191,0.4906803071498871,0.2261476665735244,0.4123130440711975,0.177874282002449
0.2721940577030182,0.268964946269989,0.2678174376487732,0.4159412384033203,0.3509427607059479,0.1312481462955474,0.4138690829277038,0.4909490048885345,0.2264133840799331,0.41287562251091,0.1781385242938995
0.2722258567810058,0.2691813707351684,0.2676719427108764,0.4169567823410034,0.3515586256980896,0.1314021646976471,0.4140204191207886,0.4912176430225372,0.2266791015863418,0.4134381711483001,0.1784027516841888
0.2722576856613159,0.2693978548049927,0.2675264477729797,0.4179723560810089,0.3521745204925537,0.1315561980009079,0.4141717553138733,0.4914863109588623,0.2269448190927505,0.4140007793903351,0.1786669790744781
0.272289514541626,0.2696143388748169,0.2673809826374054,0.4189879596233368,0.3527904152870178,0.1317102313041687,0.414323091506958,0.491754949092865,0.227210521697998,0.4145632982254028,0.1789312213659286
0.2723213136196136,0.2698307931423187,0.2672354876995086,0.4200035035610199,0.3534063100814819,0.1318642497062683,0.4144743978977203,0.4920236468315124,0.2274762243032455,0.4151259064674377,0.1791954487562179
0.2723531424999237,0.2700472474098205,0.2670899927616119,0.4210190773010254,0.354022204875946,0.1320182830095291,0.414625734090805,0.4922922849655151,0.2277419418096542,0.4156884551048279,0.1794596910476684
0.2723849415779114,0.2702637016773224,0.2669445276260376,0.4220346212387085,0.3546380698680877,0.1321723163127899,0.4147771000862121,0.4925609529018402,0.2280076593160629,0.416251003742218,0.1797239184379577
0.2724167704582214,0.2704801559448242,0.2667990326881408,0.4230501651763916,0.3552539348602295,0.1323263347148895,0.4149284362792969,0.4928296208381653,0.2282733619213104,0.4168135523796081,0.1799881607294082
0.2724485993385315,0.2706966400146484,0.2666535377502441,0.4240657687187195,0.3558698296546936,0.1324803680181503,0.4150797724723816,0.4930982887744903,0.2285390794277191,0.4173761308193207,0.1802523881196975
0.2724803984165191,0.2709130942821502,0.2665080726146698,0.4250813126564026,0.3564857244491577,0.1326344013214111,0.4152310490608215,0.493366926908493,0.2288047969341278,0.4179387092590332,0.180516630411148
0.2725121974945068,0.2711295485496521,0.2663626074790954,0.4260968565940857,0.3571015894412994,0.1327884346246719,0.4153824150562286,0.4936355948448181,0.2290705144405365,0.4185012876987457,0.1807808578014373
0.2725440263748169,0.2713460326194763,0.2662171125411987,0.4271124303340912,0.3577174842357635,0.1329424530267715,0.4155337512493133,0.4939042925834656,0.229336217045784,0.4190638363361358,0.1810450851917266
0.2725758552551269,0.2715624868869781,0.266071617603302,0.4281280040740967,0.3583333492279053,0.1330964863300323,0.415685087442398,0.4941729307174682,0.2296019196510315,0.4196264147758484,0.1813093274831771
0.2726076543331146,0.2717789709568023,0.2659261524677276,0.4291435778141022,0.3589492440223694,0.1332505196332931,0.4158364534378052,0.4944415986537933,0.2298676371574401,0.4201889634132385,0.1815735548734665
0.2726394832134247,0.2719954252243042,0.2657806575298309,0.4301591515541076,0.3595651388168335,0.1334045380353927,0.4159877598285675,0.4947102665901184,0.2301333546638488,0.4207515716552734,0.181837797164917
0.2726712822914123,0.272211879491806,0.2656351625919342,0.4311746954917907,0.3601810336112976,0.1335585713386535,0.4161390662193298,0.4949789345264435,0.2303990721702575,0.4213141202926636,0.1821020245552063
0.2727031111717224,0.2724283337593078,0.2654896974563598,0.4321902692317962,0.3607969284057617,0.1337126046419143,0.4162904322147369,0.4952475726604461,0.2306647598743438,0.4218766689300537,0.1823662668466568
0.2727349400520324,0.2726447880268097,0.2653442025184631,0.4332058131694793,0.361412763595581,0.1338666230440139,0.4164417684078216,0.4955162405967712,0.2309304773807525,0.4224392175674438,0.1826304942369461
0.2727667391300201,0.2728612720966339,0.2651987075805664,0.4342213869094848,0.3620286881923675,0.1340206563472747,0.4165931046009063,0.4957849085330963,0.2311961948871612,0.4230018258094787,0.1828947216272354
0.2727985680103302,0.2730777263641357,0.2650532126426697,0.4352369308471679,0.3626445829868316,0.1341746896505355,0.4167444109916687,0.4960535764694214,0.2314619123935699,0.4235643744468689,0.1831589639186859
0.2728303670883178,0.2732941806316376,0.2649077773094177,0.4362525045871734,0.3632604479789734,0.1343287080526352,0.4168957471847534,0.4963222444057464,0.2317276298999786,0.424126923084259,0.1834231913089752
0.2728621959686279,0.2735106647014618,0.264762282371521,0.4372680783271789,0.3638763427734375,0.134482741355896,0.4170470833778381,0.4965908527374267,0.2319933176040649,0.4246895313262939,0.1836874186992645
0.2728939950466156,0.2737271189689636,0.2646167874336242,0.438283622264862,0.3644922375679016,0.1346367746591568,0.4171984195709228,0.4968595504760742,0.2322590351104736,0.4252520799636841,0.1839516460895538
0.2729258239269256,0.2739436030387878,0.2644713222980499,0.4392991960048675,0.3651081025600433,0.1347908079624176,0.4173497855663299,0.4971282184123993,0.2325247526168823,0.4258146584033966,0.1842159032821655
0.2729576230049133,0.2741600573062897,0.2643258273601532,0.4403147399425506,0.3657239973545074,0.1349448263645172,0.4175010919570923,0.4973968863487243,0.232790470123291,0.4263772070407867,0.1844801306724548
0.2729894518852234,0.2743765115737915,0.2641803622245788,0.4413303136825561,0.3663398623466491,0.135098859667778,0.417652428150177,0.4976655840873718,0.2330561876296997,0.4269397854804992,0.1847443580627441
0.2730212807655334,0.2745929658412933,0.2640348672866821,0.4423458874225616,0.3669557571411133,0.1352528929710388,0.4178037345409393,0.4979341924190521,0.233321875333786,0.4275023341178894,0.1850086003541946
0.2730530798435211,0.2748094201087951,0.2638893723487854,0.4433614611625671,0.3675716519355774,0.1354069113731384,0.4179551005363464,0.4982028603553772,0.2335875928401947,0.4280648827552795,0.1852728277444839
0.2730849087238312,0.2750259041786194,0.2637438774108886,0.4443770051002502,0.3681875169277191,0.1355609446763992,0.4181064367294311,0.4984715282917022,0.2338533103466034,0.4286274909973144,0.1855370551347732
0.2731167078018188,0.2752423584461212,0.2635983824729919,0.4453925490379333,0.3688034117221832,0.13571497797966,0.4182577431201935,0.4987402260303497,0.234119027853012,0.4291900396347046,0.1858012974262237
0.2731485366821289,0.275458812713623,0.26345294713974,0.4464080929756164,0.3694193065166473,0.1358689963817596,0.4184091091156006,0.49900883436203,0.2343847155570984,0.4297526180744171,0.186065524816513
0.2731803357601166,0.2756752967834472,0.2633074522018432,0.4474236965179443,0.3700352013111114,0.1360230296850204,0.4185604453086853,0.4992775022983551,0.2346504479646682,0.4303151965141296,0.1863297522068023
0.2732121646404266,0.2758917510509491,0.2631619572639465,0.4484392404556274,0.3706510663032532,0.1361770629882812,0.4187117516994476,0.4995461702346802,0.2349161505699157,0.4308777451515198,0.1865939795970916
0.2732439637184143,0.2761082351207733,0.2630164623260498,0.4494547843933105,0.3712669610977173,0.1363310813903808,0.4188631176948547,0.4998148679733276,0.2351818680763244,0.4314403235912323,0.1868582367897033
0.2732757925987243,0.2763246893882751,0.2628709971904754,0.4504703879356384,0.3718828558921814,0.1364851146936416,0.419014424085617,0.5000835657119751,0.2354475855827331,0.4320028722286224,0.1871224641799926
0.2733076214790344,0.276541143655777,0.2627255320549011,0.4514859318733215,0.3724987506866455,0.1366391479969024,0.4191657602787018,0.500352144241333,0.2357132881879806,0.4325654506683349,0.1873866915702819
0.2733394205570221,0.2767575979232788,0.262580007314682,0.4525014758110046,0.3731145858764648,0.1367931813001632,0.4193170964717865,0.5006208419799805,0.2359789907932281,0.4331279993057251,0.1876509338617324
0.2733712494373321,0.2769740521907806,0.2624345421791076,0.4535170793533325,0.3737304806709289,0.1369471997022628,0.4194684624671936,0.5008894801139832,0.2362447082996368,0.43369060754776,0.1879151612520218
0.2734030485153198,0.2771905064582824,0.2622890472412109,0.4545326232910156,0.3743464052677154,0.1371012330055236,0.4196197688579559,0.5011581778526306,0.2365104258060455,0.4342531561851501,0.1881793886423111
0.2734348773956299,0.2774069905281067,0.2621435821056366,0.4555481672286987,0.3749622702598572,0.1372552663087844,0.4197710752487182,0.5014268159866333,0.236776128411293,0.4348157048225403,0.1884436160326004
0.2734666764736175,0.2776234447956085,0.2619980871677398,0.4565637409687042,0.3755781650543213,0.1374092847108841,0.419922411441803,0.501695454120636,0.2370418459177017,0.4353782832622528,0.1887078583240509
0.2734985053539276,0.2778399288654327,0.2618526220321655,0.4575793147087097,0.376194030046463,0.1375633180141449,0.4200737774372101,0.5019641518592834,0.2373075634241104,0.4359408617019653,0.1889720857143402
0.2735303342342376,0.2780563831329345,0.2617071270942688,0.4585948586463928,0.3768099248409271,0.1377173513174057,0.4202251136302948,0.5022328495979309,0.2375732660293579,0.4365034103393554,0.1892363131046295
0.2735621333122253,0.2782728374004364,0.261561632156372,0.4596104323863983,0.3774258196353912,0.1378713697195053,0.4203764498233795,0.5025014281272888,0.2378389835357666,0.4370659589767456,0.1895005702972412
0.2735939621925354,0.2784893214702606,0.2614161670207977,0.4606260061264038,0.3780416846275329,0.1380254030227661,0.4205277562141418,0.5027701258659363,0.2381047010421753,0.4376285672187805,0.1897647976875305
0.273625761270523,0.2787057757377624,0.2612707018852234,0.4616415500640869,0.378657579421997,0.1381794363260269,0.4206790924072265,0.503038763999939,0.2383704036474228,0.4381911158561706,0.1900290250778198
0.2736575901508331,0.2789222300052643,0.2611252069473266,0.46265709400177,0.3792734742164612,0.1383334547281265,0.4208304286003113,0.5033074617385864,0.2386361211538314,0.4387536644935608,0.1902932673692703
0.2736893892288208,0.2791386842727661,0.2609797120094299,0.4636726379394531,0.3798893392086029,0.1384874880313873,0.4209817945957184,0.5035760998725891,0.2389018237590789,0.4393162429332733,0.1905574947595596
0.2737212181091308,0.2793551385402679,0.2608342170715332,0.464688241481781,0.380505234003067,0.1386415213346481,0.4211331307888031,0.5038447380065918,0.2391675412654876,0.4398788213729858,0.1908217221498489
0.2737530469894409,0.2795716226100921,0.2606887519359588,0.4657037854194641,0.3811210989952087,0.1387955546379089,0.4212844371795654,0.5041134357452393,0.2394332587718963,0.4404413998126983,0.1910859495401382
0.2737848460674286,0.279788076877594,0.2605432569980621,0.4667193591594696,0.3817369937896728,0.1389495730400085,0.4214357435703277,0.5043820738792419,0.2396989613771438,0.4410039186477661,0.1913501918315887
0.2738166451454162,0.2800045311450958,0.2603977918624878,0.4677349328994751,0.3823528885841369,0.1391036063432693,0.4215871095657348,0.5046507716178894,0.2399646639823913,0.441566526889801,0.191614419221878
0.2738484740257263,0.28022101521492,0.260252296924591,0.4687504768371582,0.3829687535762787,0.1392576396465301,0.4217384457588196,0.5049194097518921,0.2402303814888,0.4421290755271911,0.1918786466121673
0.2738803029060364,0.2804374694824219,0.2601068019866943,0.4697660207748413,0.3835846781730652,0.1394116580486297,0.4218897819519043,0.5051880478858948,0.2404960989952087,0.4426916241645813,0.192142903804779
0.2739121317863464,0.2806539535522461,0.25996133685112,0.4707816243171692,0.3842005729675293,0.1395656913518905,0.422041118144989,0.5054567456245422,0.2407618165016174,0.4432542324066162,0.1924071311950683
0.2739439010620117,0.2808704078197479,0.2598158717155456,0.4717971682548523,0.384816437959671,0.1397197246551513,0.4221924543380737,0.5057253837585449,0.2410275340080261,0.4438167810440063,0.1926713585853576
0.2739757299423218,0.2810868620872497,0.2596703767776489,0.4728127121925354,0.3854323029518127,0.1398737430572509,0.422343760728836,0.5059940218925476,0.2412932366132736,0.4443793296813965,0.1929356008768081
0.2740075588226318,0.2813033163547516,0.2595248818397522,0.4738282859325409,0.3860481977462768,0.1400277763605117,0.4224950969219208,0.5062627196311951,0.2415589541196823,0.444941908121109,0.1931998282670974
0.2740393877029419,0.2815197706222534,0.2593793869018554,0.474843829870224,0.3866640925407409,0.1401818096637725,0.4226464629173279,0.5065313577651978,0.2418246567249298,0.4455044865608215,0.1934640556573867
0.2740711867809295,0.2817362546920776,0.2592339217662811,0.4758594036102295,0.3872799873352051,0.1403358280658722,0.4227977693080902,0.5068000555038452,0.2420903742313385,0.4460670351982116,0.1937282830476761
0.2741029858589172,0.2819527089595794,0.2590884268283844,0.476874977350235,0.3878958523273468,0.140489861369133,0.4229491055011749,0.5070687532424927,0.2423560619354248,0.4466296136379242,0.1939925253391266
0.2741348147392273,0.2821691632270813,0.25894296169281,0.4778905212879181,0.3885117173194885,0.1406438946723938,0.423100471496582,0.5073373317718506,0.2426217794418335,0.4471921622753143,0.1942567527294159
0.2741666436195373,0.2823856472969055,0.2587974667549133,0.4789060950279236,0.3891276121139526,0.1407979279756546,0.4232517778873443,0.507606029510498,0.2428874969482422,0.4477547407150268,0.1945209950208664
0.2741984724998474,0.2826021015644073,0.2586519718170166,0.4799216687679291,0.3897435069084167,0.1409519463777542,0.4234031140804291,0.5078747272491455,0.243153229355812,0.4483173191547394,0.1947852373123169
0.2742302417755127,0.2828185856342315,0.2585065066814422,0.4809372425079345,0.3903594017028808,0.141105979681015,0.4235544204711914,0.5081433653831482,0.2434189319610595,0.4488798975944519,0.1950494647026062
0.2742621004581451,0.2830350399017334,0.2583610415458679,0.4819527864456177,0.3909752964973449,0.1412600129842758,0.4237057864665985,0.5084120035171509,0.2436846494674682,0.449442446231842,0.1953136920928955
0.2742938995361328,0.2832514643669128,0.2582155466079712,0.4829683601856231,0.3915911316871643,0.1414140313863754,0.4238571226596832,0.5086806416511536,0.2439503669738769,0.4500049948692322,0.1955779194831848
0.3178281486034393,0.3991643786430359,0.3287521302700043,0.5663512945175171,0.6865462064743042,0.1884440332651138,0.3585363924503326,0.4843769371509552,0.3250807821750641,0.556676983833313,0.5838439464569092
0.3177782297134399,0.399261862039566,0.3285083472728729,0.5664442181587219,0.6860133409500122,0.1883790343999862,0.3583849370479584,0.4841276407241821,0.3249686360359192,0.5564845204353333,0.5840957760810852
0.3177283108234405,0.3993593752384186,0.3282645940780639,0.5665371417999268,0.685480535030365,0.1883140504360199,0.3582335114479065,0.4838783144950866,0.324856549501419,0.556291937828064,0.584347665309906
0.3176783919334411,0.3994568884372711,0.3280207812786102,0.5666301250457764,0.6849477291107178,0.1882490515708923,0.3580820262432098,0.4836289882659912,0.3247444331645965,0.5560994148254395,0.5845994353294373
0.3176284730434418,0.3995543718338012,0.3277770280838012,0.5667230486869812,0.6844148635864258,0.1881840527057647,0.3579305410385132,0.4833796918392181,0.3246322870254516,0.5559068918228149,0.5848512649536133
0.31757852435112,0.3996518850326538,0.3275332450866699,0.566815972328186,0.6838819980621338,0.1881190538406372,0.3577790856361389,0.4831303656101227,0.3245201706886291,0.5557143688201904,0.5851031541824341
0.3175286054611206,0.3997493982315063,0.3272894620895386,0.5669088959693909,0.6833491325378418,0.1880540698766708,0.357627660036087,0.4828810691833496,0.3244080543518066,0.5555218458175659,0.5853549242019653
0.3174787163734436,0.3998468816280365,0.3270456790924072,0.5670018792152405,0.6828163266181946,0.1879890710115432,0.3574762046337127,0.4826317131519317,0.3242959380149841,0.5553293228149414,0.5856068134307861
0.3174287676811218,0.3999443650245666,0.3268018960952759,0.5670948028564453,0.6822834610939026,0.1879240721464157,0.3573246896266937,0.4823824167251587,0.3241837918758392,0.5551367998123169,0.5858585834503174
0.3173788785934448,0.4000418782234192,0.3265581130981445,0.5671877861022949,0.6817506551742554,0.1878590732812881,0.3571732342243194,0.4821330904960632,0.3240717053413391,0.5549442768096924,0.5861104726791382
0.317328929901123,0.4001393616199493,0.3263143301010132,0.5672807693481445,0.6812177896499634,0.1877940893173217,0.3570218086242676,0.4818837940692901,0.3239595592021942,0.5547517538070679,0.5863623023033142
0.317279040813446,0.4002368748188019,0.3260705769062042,0.5673736333847046,0.6806849241256714,0.1877290904521942,0.3568703532218933,0.4816344678401947,0.3238474428653717,0.5545592308044434,0.5866141319274902
0.3172290921211242,0.4003343880176544,0.3258268237113952,0.5674665570259094,0.6801520586013794,0.1876640915870666,0.356718897819519,0.4813851416110992,0.3237352967262268,0.5543667078018188,0.5868659615516663
0.3171791732311249,0.4004319012165069,0.3255830109119415,0.5675595998764038,0.6796191930770874,0.1875990927219391,0.3565673828125,0.4811358153820038,0.3236232101917267,0.5541741847991943,0.5871177911758423
0.3171292543411255,0.4005293846130371,0.3253392577171325,0.5676524639129639,0.6790863871574402,0.1875341087579727,0.3564159572124481,0.4808865189552307,0.3235110640525818,0.5539816617965698,0.5873695611953735
0.3170793354511261,0.4006268680095672,0.3250954747200012,0.5677454471588135,0.6785535216331482,0.1874691098928451,0.3562645018100738,0.4806371927261352,0.3233989477157593,0.5537891387939453,0.5876214504241943
0.3170294165611267,0.4007243812084198,0.3248516917228699,0.5678384304046631,0.678020715713501,0.1874041110277176,0.3561130464076996,0.4803878664970398,0.3232868313789367,0.5535966157913208,0.5878732800483704
0.3169794976711273,0.4008218646049499,0.3246079087257385,0.5679313540458679,0.677487850189209,0.18733911216259,0.3559615612030029,0.4801385700702667,0.3231747150421142,0.5534040927886963,0.5881251096725464
0.3169295787811279,0.4009193778038025,0.3243641257286072,0.5680242776870728,0.676954984664917,0.1872741281986236,0.3558101058006286,0.4798892140388489,0.3230625987052917,0.5532115697860718,0.5883769392967224
0.3168796598911285,0.401016891002655,0.3241203427314758,0.5681172013282776,0.676422119140625,0.1872091293334961,0.3556586503982544,0.4796399176120758,0.3229504823684692,0.5530189871788025,0.5886287689208984
0.3168297410011291,0.4011143445968628,0.3238765597343445,0.5682101845741272,0.6758893132209778,0.1871441304683685,0.3555071949958801,0.4793905913829803,0.3228383660316467,0.552826464176178,0.5888805985450745
0.3167797923088074,0.4012118577957153,0.3236327767372131,0.568303108215332,0.6753564476966858,0.1870791316032409,0.3553557097911834,0.4791412949562073,0.3227262198925018,0.5526339411735535,0.5891324281692505
0.3167299032211303,0.4013093709945678,0.3233889937400818,0.5683960318565369,0.6748236417770386,0.1870141476392746,0.3552042841911316,0.4788919687271118,0.3226141333580017,0.552441418170929,0.5893842577934265
0.3166799545288086,0.401406854391098,0.3231452107429504,0.5684890151023865,0.6742907166481018,0.186949148774147,0.3550527989864349,0.4786426424980163,0.3225019872188568,0.5522488951683044,0.5896360874176025
0.3166300654411316,0.4015043675899505,0.3229014277458191,0.5685819387435913,0.6737579107284546,0.1868841499090194,0.3549013435840606,0.4783933162689209,0.3223898708820343,0.5520563721656799,0.5898879170417786
0.3165801465511322,0.4016018807888031,0.3226576745510101,0.5686749219894409,0.6732250452041626,0.1868191510438919,0.354749858379364,0.4781440198421478,0.3222777247428894,0.5518638491630554,0.5901397466659546
0.3165301978588104,0.4016993641853332,0.3224138915538788,0.5687679052352905,0.6726921796798706,0.1867541670799255,0.3545984327793121,0.4778946936130523,0.3221656382083893,0.5516713261604309,0.5903916358947754
0.316480278968811,0.4017968773841858,0.3221701085567474,0.5688607692718506,0.6721593141555786,0.1866891682147979,0.3544469773769378,0.4776453971862793,0.3220534920692444,0.5514788031578064,0.5906434059143066
0.3164303600788116,0.4018943905830383,0.3219263553619385,0.5689537525177002,0.6716265082359314,0.1866241693496704,0.3542954921722412,0.4773960709571838,0.3219413757324219,0.5512862205505371,0.5908952355384827
0.3163804411888122,0.4019918739795685,0.3216825723648071,0.569046676158905,0.6710937023162842,0.186559185385704,0.3541440069675445,0.4771467447280884,0.3218292593955993,0.5510937571525574,0.5911470651626587
0.3163305222988128,0.402089387178421,0.3214387893676758,0.5691395998001099,0.6705607771873474,0.1864941865205764,0.3539925813674927,0.4768974184989929,0.3217171430587768,0.5509012341499329,0.5913988947868347
0.3162806034088135,0.4021869003772735,0.3211950063705444,0.5692325830459595,0.6700279712677002,0.1864291876554489,0.3538411259651184,0.4766480922698974,0.3216050267219543,0.5507086515426636,0.5916507840156555
0.3162307143211365,0.4022843837738037,0.3209512233734131,0.5693255066871643,0.6694951057434082,0.1863641887903213,0.3536896407604217,0.4763987958431244,0.3214929103851318,0.5505161285400391,0.5919025540351868
0.3161807656288147,0.4023818969726562,0.3207074403762817,0.5694184899330139,0.6689622402191162,0.1862992048263549,0.3535381555557251,0.4761494696140289,0.3213807940483093,0.5503236055374146,0.5921543836593628
0.3161308467388153,0.4024793803691864,0.3204636573791504,0.5695114135742188,0.6684293746948242,0.1862342059612274,0.3533867299556732,0.4759001433849334,0.3212686479091644,0.55013108253479,0.5924062728881836
0.3160809278488159,0.4025768935680389,0.320219874382019,0.5696043968200684,0.667896568775177,0.1861692070960998,0.3532352745532989,0.475650817155838,0.3211565315723419,0.5499385595321655,0.5926580429077148
0.3160310089588165,0.4026743769645691,0.3199760913848877,0.5696973204612732,0.667363703250885,0.1861042082309723,0.3530838191509247,0.4754015207290649,0.3210444152355194,0.549746036529541,0.5929099321365356
0.3159810900688171,0.4027718603610992,0.3197323381900787,0.569790244102478,0.6668308973312378,0.1860392242670059,0.352932333946228,0.4751521944999695,0.3209322988986969,0.5495535135269165,0.5931617617607117
0.3159311711788177,0.4028693735599518,0.3194885551929474,0.5698831677436829,0.666297972202301,0.1859742254018783,0.3527808785438537,0.4749028980731964,0.320820152759552,0.549360990524292,0.5934135913848877
0.3158812522888183,0.4029668569564819,0.3192448019981384,0.5699761509895325,0.6657651662826538,0.1859092265367508,0.3526294231414795,0.4746535718441009,0.3207080364227295,0.5491684675216675,0.5936654210090637
0.3158313035964966,0.4030643701553345,0.3190010190010071,0.5700690746307373,0.6652323007583618,0.1858442276716232,0.3524779677391052,0.4744042754173279,0.320595920085907,0.548975944519043,0.5939172506332397
0.3157814145088196,0.403161883354187,0.3187572360038757,0.5701620578765869,0.6646994352340698,0.1857792437076568,0.3523265123367309,0.47415491938591,0.3204838037490845,0.5487834215164185,0.5941690802574158
0.3157314956188202,0.4032593667507171,0.3185134530067444,0.5702550411224365,0.6641666293144226,0.1857142448425293,0.3521750271320343,0.4739055931568146,0.3203716874122619,0.548590898513794,0.5944209098815918
0.3156815767288208,0.4033568799495697,0.318269670009613,0.5703479647636414,0.6636337637901306,0.1856492459774017,0.35202357172966,0.4736562967300415,0.3202595710754394,0.5483983755111694,0.594672679901123
0.315631628036499,0.4034543633460998,0.3180258870124817,0.5704408884048462,0.6631008982658386,0.1855842471122741,0.3518721163272857,0.473406970500946,0.3201474547386169,0.5482058525085449,0.5949245691299438
0.315581738948822,0.4035518765449524,0.3177821040153503,0.5705338716506958,0.6625680923461914,0.1855192631483078,0.3517206609249115,0.473157674074173,0.320035308599472,0.5480133295059204,0.5951763987541199
0.3155317902565002,0.4036493599414825,0.317538321018219,0.5706267952919006,0.6620352268218994,0.1854542642831802,0.3515692055225372,0.4729083180427551,0.3199231922626495,0.5478207468986511,0.5954282283782959
0.3154818713665008,0.4037468731403351,0.31729456782341,0.5707197189331055,0.6615023612976074,0.1853892654180526,0.3514177203178406,0.472659021615982,0.319811075925827,0.5476282835006714,0.5956800580024719
0.3154319524765014,0.4038443565368652,0.3170507848262787,0.5708127021789551,0.6609694957733154,0.1853242665529251,0.3512662649154663,0.4724096953868866,0.3196989595890045,0.5474357008934021,0.5959318280220032
0.3153820335865021,0.4039418697357178,0.3168070018291473,0.5709056258201599,0.6604366898536682,0.1852592825889587,0.351114809513092,0.4721603989601135,0.3195868134498596,0.5472431778907776,0.596183717250824
0.3153321146965027,0.4040393829345703,0.316563218832016,0.5709985494613647,0.6599038243293762,0.1851942837238311,0.3509633541107178,0.471911072731018,0.3194746971130371,0.5470507144927979,0.596435546875
0.3152821958065033,0.4041368663311004,0.316319465637207,0.5710915327072144,0.6593709588050842,0.1851292848587036,0.3508118987083435,0.471661776304245,0.3193625807762146,0.5468581318855286,0.596687376499176
0.3152322769165039,0.404234379529953,0.3160756826400757,0.571184515953064,0.658838152885437,0.185064285993576,0.3506604135036468,0.4714124500751495,0.3192504644393921,0.5466656684875488,0.596939206123352
0.3151823580265045,0.4043318927288055,0.3158318996429443,0.5712774395942688,0.658305287361145,0.1849993020296096,0.3505089879035949,0.4711630940437317,0.3191383481025696,0.5464730858802795,0.5971910953521729
0.3151324391365051,0.4044293761253357,0.315588116645813,0.5713703632354736,0.657772421836853,0.1849343031644821,0.3503575026988983,0.4709137976169586,0.319026231765747,0.546280562877655,0.5974428653717041
0.3150825202465057,0.4045268893241882,0.3153443336486816,0.5714633464813232,0.657239556312561,0.1848693042993545,0.350206047296524,0.4706644713878631,0.3189140856266022,0.5460880398750305,0.5976947546005249
0.3150326013565063,0.4046244025230407,0.3151005506515503,0.5715562701225281,0.6567067503929138,0.184804305434227,0.3500545918941498,0.4704151749610901,0.318801999092102,0.545895516872406,0.5979465246200562
0.3149826824665069,0.4047219157218933,0.3148567676544189,0.5716491937637329,0.6561738848686218,0.1847393214702606,0.3499031364917755,0.4701658189296722,0.3186898827552795,0.5457029938697815,0.5981983542442322
0.3149327635765075,0.4048193693161011,0.3146129846572876,0.5717421770095825,0.6556410789489746,0.184674322605133,0.3497516810894012,0.4699165225028991,0.3185777366161346,0.545510470867157,0.5984501838684082
0.3148828446865082,0.4049168527126312,0.3143692016601562,0.5718351006507874,0.6551082134246826,0.1846093237400055,0.3496001958847046,0.4696671962738037,0.3184656500816345,0.5453179478645325,0.5987020134925842
0.3148329257965088,0.4050143659114837,0.3141254186630249,0.5719280242919922,0.6545753479003906,0.1845443248748779,0.3494487404823303,0.4694178998470306,0.3183535039424896,0.545125424861908,0.598953902721405
0.314782977104187,0.4051118493080139,0.3138816654682159,0.5720210075378418,0.6540424823760986,0.1844793409109115,0.3492973148822784,0.4691685736179352,0.3182413876056671,0.5449329018592834,0.599205732345581
0.31473308801651,0.4052093625068664,0.3136378526687622,0.5721139311790466,0.6535096764564514,0.184414342045784,0.3491458296775818,0.4689192771911621,0.3181292414665222,0.5447403788566589,0.5994575023651123
0.3146831393241882,0.405306875705719,0.3133940994739532,0.5722068548202515,0.6529768109321594,0.1843493431806564,0.3489943444728851,0.4686699509620666,0.3180171251296997,0.5445478558540344,0.5997093915939331
0.3146332502365112,0.4054043591022491,0.3131503164768219,0.5722998380661011,0.6524439454078674,0.1842843443155288,0.3488428890705108,0.4684206247329712,0.3179050087928772,0.5443553328514099,0.5999612212181091
0.3145833015441894,0.4055018723011017,0.3129065632820129,0.5723927617073059,0.6519111394882202,0.1842193603515625,0.348691463470459,0.4681712985038757,0.3177928924560547,0.5441628098487854,0.6002130508422852
0.3145334124565124,0.4055993854999542,0.3126627802848816,0.5724856853485107,0.6513782739639282,0.1841543614864349,0.3485400080680847,0.4679219722747803,0.3176807761192322,0.5439702272415161,0.6004648804664612
0.3144834637641907,0.4056968688964844,0.3124189972877502,0.5725786685943604,0.6508454084396362,0.1840893626213073,0.3483884930610657,0.4676726758480072,0.3175686597824096,0.5437777638435364,0.6007167100906372
0.3144335448741913,0.4057943820953369,0.3121752142906189,0.57267165184021,0.6503125429153442,0.1840243637561798,0.3482370376586914,0.4674233198165893,0.3174565136432647,0.5435852408409119,0.6009685397148132
0.3143836259841919,0.4058918952941894,0.3119314312934875,0.5727645754814148,0.649779736995697,0.1839593797922134,0.3480856120586395,0.4671740233898163,0.3173444271087646,0.5433926582336426,0.6012203693389893
0.3143337070941925,0.4059893488883972,0.3116876482963562,0.5728574991226196,0.649246871471405,0.1838943809270858,0.3479341566562652,0.4669246971607208,0.3172322809696197,0.5432001948356628,0.6014721393585205
0.3142837882041931,0.4060868620872497,0.3114438652992248,0.5729504823684692,0.6487140655517578,0.1838293820619583,0.3477826714515686,0.4666754007339477,0.3171201646327972,0.5430076122283936,0.6017240285873413
0.3142338693141937,0.4061843752861023,0.3112000823020935,0.5730433464050293,0.6481812000274658,0.1837643831968307,0.3476311862468719,0.4664260745048523,0.3170080482959747,0.542815089225769,0.6019758582115173
0.3141839504241943,0.4062818586826324,0.3109562993049621,0.5731363296508789,0.6476483345031738,0.1836993992328643,0.34747976064682,0.4661767780780792,0.3168959319591522,0.5426225662231445,0.6022276878356934
0.3141340017318725,0.406379371881485,0.3107125461101532,0.5732293128967285,0.6471154689788818,0.1836344003677368,0.3473283052444458,0.4659274518489837,0.3167837858200073,0.54243004322052,0.6024795174598694
0.3140841126441955,0.4064768850803375,0.3104687929153442,0.5733222365379333,0.6465826630592346,0.1835694015026092,0.3471768200397491,0.4656781554222107,0.3166716694831848,0.5422375202178955,0.6027313470840454
0.3140341937541961,0.4065743684768677,0.3102249801158905,0.5734151601791382,0.6460497379302979,0.1835044175386428,0.3470253348350525,0.4654287993907928,0.3165595531463623,0.542044997215271,0.6029831767082214
0.3139842748641968,0.4066718816757202,0.3099812269210815,0.5735081434249878,0.6455168724060059,0.1834394186735153,0.3468739092350006,0.4651795029640198,0.3164474368095398,0.5418524146080017,0.6032350063323975
0.3139343559741974,0.4067693948745727,0.3097374439239502,0.5736010670661926,0.6449840664863586,0.1833744198083877,0.3467224538326263,0.4649301767349243,0.3163353204727173,0.541659951210022,0.6034868359565735
0.313884437084198,0.4068669080734253,0.3094936609268188,0.5736939907073975,0.6444512605667114,0.1833094209432602,0.3465709984302521,0.4646808505058288,0.3162232041358948,0.5414674282073975,0.6037386655807495
0.3138345181941986,0.4069643914699554,0.3092498779296875,0.5737869739532471,0.6439183950424194,0.1832444369792938,0.3464195132255554,0.4644315242767334,0.3161110579967499,0.541274905204773,0.6039905548095703
0.3137845695018768,0.4070618748664856,0.3090060949325561,0.5738798975944519,0.6433855295181274,0.1831794381141662,0.3462680578231811,0.4641821980476379,0.3159989416599273,0.5410823822021484,0.6042423248291016
0.3137346506118774,0.4071593880653381,0.3087623119354248,0.5739728212356567,0.6428526639938354,0.1831144392490387,0.3461166024208069,0.4639329016208648,0.3158868253231048,0.5408897995948792,0.6044942140579224
0.3136847615242004,0.4072568416595459,0.3085185587406158,0.5740658044815063,0.6423198580741882,0.1830494403839111,0.3459651470184326,0.4636835753917694,0.3157747089862823,0.5406973361968994,0.6047459840774536
0.3136348128318786,0.4073543548583984,0.3082748055458069,0.574158787727356,0.6417869925498962,0.1829844564199447,0.3458136618137359,0.4634342789649963,0.3156625628471374,0.5405047535896301,0.6049978733062744
0.3135849237442016,0.407451868057251,0.3080309927463531,0.5742517113685608,0.6412541270256042,0.1829194575548172,0.3456622362136841,0.4631849527359009,0.3155504763126373,0.5403122901916504,0.6052496433258057
0.3135349750518799,0.4075493514537811,0.3077872395515442,0.5743446946144104,0.640721321105957,0.1828544586896896,0.3455107510089874,0.4629356563091278,0.3154383301734924,0.5401197075843811,0.6055014729499817
0.3134850859642029,0.4076468646526336,0.3075434565544128,0.5744376182556152,0.640188455581665,0.182789459824562,0.3453592956066131,0.4626863002777099,0.3153262138366699,0.5399271845817566,0.6057533025741577
0.3134351372718811,0.4077443778514862,0.3072996735572815,0.5745306015014648,0.639655590057373,0.1827244758605957,0.3452078104019165,0.4624370038509369,0.3152140974998474,0.5397347211837769,0.6060051918029785
0.3133852183818817,0.4078418612480163,0.3070558905601501,0.5746235251426697,0.639122724533081,0.1826594769954681,0.3450563848018646,0.4621876776218414,0.3151019811630249,0.5395421385765076,0.6062570214271545
0.3133352994918823,0.4079393744468689,0.3068121075630188,0.5747164487838745,0.6385898590087891,0.1825944781303405,0.3449049293994903,0.4619383811950683,0.31498983502388,0.5393496155738831,0.6065088510513306
0.3132853806018829,0.4080368876457214,0.3065683245658874,0.5748094320297241,0.6380570530891418,0.182529479265213,0.3447534441947937,0.4616890251636505,0.3148777484893799,0.5391570925712585,0.6067606210708618
0.3132354617118835,0.4081343710422516,0.3063245415687561,0.574902355670929,0.6375241875648499,0.1824644953012466,0.344601958990097,0.461439698934555,0.314765602350235,0.538964569568634,0.6070124506950378
0.3131855428218841,0.4082318842411041,0.3060807585716247,0.5749952793121338,0.6369913816452026,0.182399496436119,0.3444505333900451,0.461190402507782,0.3146534860134125,0.5387720465660095,0.6072643399238586
0.3131356239318847,0.4083293676376343,0.3058369755744934,0.5750882625579834,0.6364585161209106,0.1823344975709915,0.3442990779876709,0.4609410762786865,0.3145413398742676,0.538579523563385,0.6075161695480347
0.313085675239563,0.4084268808364868,0.305593192577362,0.5751811861991882,0.6359256505966187,0.1822694987058639,0.3441476225852966,0.4606917798519134,0.3144292533397674,0.5383869409561157,0.6077679991722107
0.313035786151886,0.4085243642330169,0.3053494393825531,0.5752741694450378,0.6353927850723267,0.1822045147418975,0.3439961075782776,0.460442453622818,0.3143171072006225,0.538194477558136,0.6080198287963867
0.3129858374595642,0.4086218774318695,0.3051056563854217,0.5753670930862427,0.6348599791526794,0.18213951587677,0.3438446819782257,0.4601931571960449,0.3142049908638,0.5380019545555115,0.6082716584205627
0.3129359483718872,0.4087193608283996,0.3048619031906128,0.5754600167274475,0.6343271136283875,0.1820745170116424,0.3436932265758514,0.4599438309669494,0.3140929043292999,0.5378093719482422,0.6085234880447388
0.3128859996795654,0.4088168740272522,0.304618090391159,0.5755529999732971,0.6337943077087402,0.1820095181465149,0.3435417711734772,0.459694504737854,0.313980758190155,0.5376168489456177,0.60877525806427
0.3128361105918884,0.4089143872261047,0.3043743371963501,0.575645923614502,0.6332613825798035,0.1819445341825485,0.3433903157711029,0.4594451785087585,0.3138686418533325,0.5374243259429932,0.6090271472930908
0.312786191701889,0.4090119004249573,0.3041305541992187,0.5757388472557068,0.6327285766601562,0.1818795353174209,0.3432388305664062,0.4591958522796631,0.31375652551651,0.5372318029403687,0.6092789769172668
0.3127362430095672,0.4091093838214874,0.3038867712020874,0.5758318305015564,0.6321957111358643,0.1818145364522934,0.343087375164032,0.4589465260505676,0.3136444091796875,0.5370392799377441,0.6095308065414429
0.3126863241195678,0.4092068672180176,0.303642988204956,0.5759247541427612,0.6316628456115723,0.1817495375871658,0.3429359197616577,0.4586971998214721,0.313532292842865,0.5368467569351196,0.6097826361656189
0.3126364052295685,0.4093043804168701,0.3033992052078247,0.5760177373886108,0.631130039691925,0.1816845536231994,0.3427844643592834,0.4584479033946991,0.3134201765060425,0.5366542339324951,0.6100345253944397
0.3125864863395691,0.4094018340110779,0.3031554222106933,0.5761106610298157,0.6305971741676331,0.1816195547580719,0.3426330089569092,0.4581985771656036,0.3133080303668976,0.5364617109298706,0.610286295413971
0.3125365674495697,0.4094993472099304,0.302911639213562,0.5762035846710205,0.6300643086433411,0.1815545558929443,0.3424815237522125,0.4579492807388305,0.3131959140300751,0.5362691879272461,0.610538125038147
0.3124866485595703,0.4095968604087829,0.302667886018753,0.5762965679168701,0.6295315027236938,0.1814895570278167,0.3423300683498382,0.4576999545097351,0.3130837976932525,0.5360766649246216,0.610789954662323
0.3124367296695709,0.4096943438053131,0.3024240732192993,0.576389491558075,0.6289986371994019,0.1814245730638504,0.342178612947464,0.457450658082962,0.31297168135643,0.5358841419219971,0.611041784286499
0.3123868107795715,0.4097918570041656,0.3021803200244903,0.5764824151992798,0.6284657716751099,0.1813595741987228,0.3420271575450897,0.4572013318538666,0.3128595352172851,0.5356916189193726,0.6112936735153198
0.3123368620872497,0.4098893702030182,0.3019365668296814,0.5765753984451294,0.6279329657554626,0.1812945753335952,0.3418757021427154,0.4569520056247711,0.3127474188804626,0.535499095916748,0.6115454435348511
0.3122869729995727,0.4099868535995483,0.30169278383255,0.5766683220863342,0.6274001002311707,0.1812295764684677,0.3417242169380188,0.4567026793956756,0.3126353025436401,0.5353065729141235,0.6117973327636719
0.312237024307251,0.4100843667984009,0.3014490008354187,0.5767612457275391,0.6268672347068787,0.1811645925045013,0.3415727615356445,0.4564533829689026,0.3125231862068176,0.535114049911499,0.6120491623878479
0.312187135219574,0.4101818799972534,0.3012052178382873,0.5768542289733887,0.6263343691825867,0.1810995936393737,0.3414213061332702,0.4562040567398071,0.3124110698699951,0.5349214673042297,0.6123009920120239
0.3121371865272522,0.4102793633937835,0.300961434841156,0.5769471526145935,0.6258015632629395,0.1810345947742462,0.341269850730896,0.4559547305107116,0.3122989237308502,0.53472900390625,0.6125527620315552
0.3120872974395752,0.4103768765926361,0.3007176518440246,0.5770400762557983,0.6252686977386475,0.1809695959091186,0.3411183953285217,0.4557054042816162,0.3121868371963501,0.5345364809036255,0.6128045916557312
0.3120373487472534,0.4104743897914886,0.3004738688468933,0.577133059501648,0.6247358322143555,0.1809046119451522,0.3409669101238251,0.4554560780525207,0.3120746910572052,0.5343438982963562,0.6130564212799072
0.311987429857254,0.4105718731880188,0.3002300858497619,0.5772259831428528,0.6242029666900635,0.1808396130800247,0.3408154547214508,0.4552067816257477,0.3119625747203827,0.5341514348983765,0.613308310508728
0.3119375109672546,0.4106693863868713,0.2999863028526306,0.5773189067840576,0.6236701607704163,0.1807746142148971,0.3406639993190765,0.4549574553966522,0.3118504285812378,0.5339588522911072,0.6135600805282593
0.3118875920772552,0.4107668697834015,0.2997425496578216,0.5774118900299072,0.6231372952461243,0.1807096153497696,0.3405125439167022,0.4547081589698791,0.3117383420467376,0.5337663888931274,0.6138119697570801
0.3118376731872558,0.4108643531799316,0.2994987666606903,0.5775048732757568,0.622604489326477,0.1806446313858032,0.3403611183166504,0.4544588327407837,0.3116261959075928,0.5335738062858582,0.6140637993812561
0.3117877542972564,0.4109618663787842,0.2992550134658813,0.5775977969169617,0.6220716238021851,0.1805796325206756,0.3402096331119537,0.4542095363140106,0.3115140795707702,0.5333812832832336,0.6143155694007874
0.3117378354072571,0.4110593795776367,0.2990112006664276,0.5776907205581665,0.6215387582778931,0.1805146336555481,0.3400581479072571,0.4539601802825928,0.3114019632339477,0.5331887602806091,0.6145674586296082
0.3116878867149353,0.4111568927764892,0.2987674474716186,0.5777836441993713,0.6210058927536011,0.1804496496915817,0.3399066925048828,0.4537108838558197,0.3112898468971252,0.5329962372779846,0.6148192882537842
0.3116379976272583,0.4112543761730194,0.2985236644744873,0.577876627445221,0.6204730868339539,0.1803846508264541,0.3397552669048309,0.4534615576267242,0.3111777007579803,0.5328037738800049,0.6150711178779602
0.3115880489349365,0.4113518893718719,0.2982798814773559,0.5779695510864258,0.6199401617050171,0.1803196519613266,0.3396038115024566,0.4532122313976288,0.3110656142234802,0.5326111316680908,0.6153229475021362
0.3115381598472595,0.4114493727684021,0.2980360984802246,0.5780625343322754,0.6194073557853699,0.180254653096199,0.3394522964954376,0.4529629051685333,0.3109534978866577,0.5324186086654663,0.6155747771263123
0.3114882409572601,0.4115468561649322,0.2977923154830932,0.5781554579734802,0.6188745498657227,0.1801896691322326,0.3393008410930633,0.4527136087417602,0.3108413517475128,0.5322260856628418,0.6158266067504883
0.3114383220672607,0.4116443693637848,0.2975485324859619,0.5782483816146851,0.6183416843414307,0.1801246702671051,0.3391494154930115,0.4524642825126648,0.3107292652130127,0.5320336222648621,0.6160784959793091
0.3113883733749389,0.4117418825626373,0.2973047494888305,0.5783413648605347,0.6178088188171387,0.1800596714019775,0.3389979600906372,0.4522149562835693,0.3106171190738678,0.5318410396575928,0.6163302659988403
0.3113384544849396,0.4118393659591675,0.2970609962940216,0.5784343481063843,0.6172759532928467,0.1799946725368499,0.3388464450836181,0.4519656598567962,0.3105050027370453,0.531648576259613,0.6165820956230164
0.3112885355949402,0.4119368493556976,0.2968172132968902,0.5785273313522339,0.6167431473731995,0.1799296885728836,0.3386949896812439,0.4517163336277008,0.3103928565979004,0.5314559936523438,0.6168339252471924
0.3112386167049408,0.4120343923568725,0.2965734004974365,0.578620195388794,0.6162102818489075,0.179864689707756,0.338543564081192,0.4514670372009277,0.3102807402610779,0.5312634706497192,0.6170857548713684
0.3111886978149414,0.4121318459510803,0.2963296175003052,0.5787131786346436,0.6156774759292603,0.1797996908426284,0.3383921086788177,0.4512176811695099,0.3101686239242553,0.5310709476470947,0.6173375844955444
0.311138778924942,0.4122293591499328,0.2960858643054962,0.5788061618804932,0.6151445508003235,0.1797346919775009,0.3382406234741211,0.4509683847427368,0.3100565075874328,0.5308784246444702,0.6175894141197205
0.3110888600349426,0.4123268723487854,0.2958420813083648,0.578899085521698,0.6146117448806763,0.1796697080135345,0.3380891382694244,0.4507190585136413,0.3099443912506103,0.5306859016418457,0.6178412437438965
0.3110389411449432,0.4124243557453155,0.2955983281135559,0.5789920091629028,0.6140788793563843,0.1796047091484069,0.3379377126693725,0.4504697322845459,0.3098322749137878,0.5304933786392212,0.6180930733680725
0.3109890222549438,0.4125218689441681,0.2953545451164245,0.5790849924087524,0.6135460734367371,0.1795397102832794,0.3377862572669983,0.4502204060554504,0.3097201287746429,0.5303008556365967,0.6183449029922485
0.3109391033649444,0.4126193821430206,0.2951107621192932,0.5791779160499573,0.6130131483078003,0.1794747114181518,0.3376347720623016,0.4499711096286773,0.3096080422401428,0.5301083326339722,0.6185967922210693
0.310889184474945,0.4127168655395508,0.2948669791221618,0.5792708396911621,0.6124803423881531,0.1794097274541854,0.3374833166599273,0.4497217833995819,0.3094958961009979,0.5299158096313477,0.6188485622406006
0.3108392655849457,0.4128143787384033,0.2946231961250305,0.5793637633323669,0.6119474768638611,0.1793447285890579,0.3373318612575531,0.4494724869728088,0.3093837797641754,0.5297232866287231,0.6191003918647766
0.3107893466949463,0.4129118919372558,0.2943794131278991,0.5794567465782166,0.6114146709442139,0.1792797297239303,0.3371804058551788,0.4492231607437134,0.3092716634273529,0.5295307636260986,0.6193522810935974
0.3107394278049469,0.4130093455314636,0.2941356301307678,0.5795496702194214,0.6108817458152771,0.1792147308588028,0.3370289504528045,0.4489738345146179,0.3091595470905304,0.5293382406234741,0.6196041107177734
0.3106895089149475,0.4131068587303161,0.2938918471336365,0.579642653465271,0.6103489398956299,0.1791497468948364,0.3368774652481079,0.4487245380878448,0.3090474009513855,0.5291457176208496,0.6198558807373047
0.3106395602226257,0.4132043719291687,0.2936480939388275,0.5797355771064758,0.6098160743713379,0.1790847480297088,0.336726039648056,0.4484752118587494,0.308935284614563,0.5289531946182251,0.6201077699661255
0.3105896711349487,0.4133018851280212,0.2934043109416961,0.5798285603523254,0.6092832684516907,0.1790197491645813,0.3365745544433594,0.4482258856296539,0.3088231682777405,0.5287606716156006,0.6203595399856567
0.3105397224426269,0.4133993685245514,0.2931605279445648,0.5799214839935303,0.6087504029273987,0.1789547502994537,0.3364230990409851,0.4479765594005584,0.3087110519409179,0.5285681486129761,0.6206114292144775
0.3104898333549499,0.4134968817234039,0.2929167449474334,0.5800144672393799,0.6082175374031067,0.1788897663354873,0.3362716138362884,0.4477272629737854,0.3085989356040954,0.5283756256103516,0.6208632588386536
0.3104398846626282,0.4135943651199341,0.2926729917526245,0.5801073908805847,0.6076847314834595,0.1788247674703598,0.3361201882362366,0.4474779069423675,0.3084868192672729,0.528183102607727,0.6211150884628296
0.3103899955749511,0.4136918485164642,0.2924292087554931,0.5802003145217896,0.6071518659591675,0.1787597686052322,0.3359687328338623,0.4472286105155945,0.3083747029304504,0.5279905796051025,0.6213669180870056
0.3103400468826294,0.4137893617153168,0.2921854257583618,0.5802932977676392,0.6066190004348755,0.1786947697401046,0.3358172476291656,0.446979284286499,0.3082625567913055,0.527798056602478,0.6216186881065369
0.31029012799263,0.4138868749141693,0.2919416427612304,0.580386221408844,0.6060861349105835,0.1786297857761383,0.335665762424469,0.4467299878597259,0.308150440454483,0.5276055335998535,0.6218705773353577
0.3102402091026306,0.4139843583106994,0.2916978597640991,0.5804791450500488,0.6055533289909363,0.1785647869110107,0.3355143368244171,0.4464806616306305,0.3080383539199829,0.5274129509925842,0.6221224069595337
0.3101902902126312,0.414081871509552,0.2914540767669678,0.5805720686912537,0.6050204634666443,0.1784997880458831,0.3353628814220428,0.4462313652038574,0.307926207780838,0.5272203683853149,0.6223741769790649
0.3101403713226318,0.4141793847084045,0.2912102937698364,0.5806650519371033,0.6044875979423523,0.1784347891807556,0.3352114260196686,0.4459820389747619,0.3078140914440155,0.5270279049873352,0.6226260662078857
0.3100904524326324,0.4142768383026123,0.2909665107727051,0.5807579755783081,0.6039547324180603,0.1783698052167892,0.3350599110126495,0.4457327127456665,0.3077019453048706,0.5268353819847107,0.6228778958320618
0.310040533542633,0.4143743515014648,0.2907227575778961,0.5808509588241577,0.6034219264984131,0.1783048063516616,0.3349084854125976,0.445483386516571,0.3075898587703705,0.5266427993774414,0.6231297254562378
0.3099906146526336,0.4144718647003174,0.2904789745807647,0.5809438824653625,0.6028890609741211,0.1782398074865341,0.3347570300102234,0.4452340602874756,0.3074777126312256,0.5264503359794617,0.6233816146850586
0.3099406957626343,0.4145693480968475,0.2902351915836334,0.5810368061065674,0.6023561954498291,0.1781748086214065,0.3346055746078491,0.4449847638607025,0.3073655962944031,0.5262577533721924,0.6236333847045898
0.3098907768726349,0.4146668612957001,0.2899914383888244,0.581129789352417,0.6018233895301819,0.1781098246574401,0.3344540894031524,0.4447354078292846,0.3072534501552582,0.5260652899742126,0.6238852143287659
0.3098408579826355,0.4147643744945526,0.2897476553916931,0.5812227129936218,0.6012905240058899,0.1780448257923126,0.3343026340007782,0.4444861114025116,0.307141363620758,0.5258727073669434,0.6241370439529419
0.3097909390926361,0.4148618578910827,0.2895038723945617,0.5813156366348267,0.6007576584815979,0.177979826927185,0.3341511785984039,0.4442367851734161,0.3070292174816131,0.5256801843643188,0.6243888735771179
0.3097410202026367,0.4149593710899353,0.2892600893974304,0.5814086198806763,0.6002248525619507,0.1779148280620575,0.3339997231960296,0.443987488746643,0.3069171011447906,0.5254876613616943,0.624640703201294
0.3096911013126373,0.4150568842887878,0.2890163064002991,0.5815015435218811,0.5996919870376587,0.1778498440980911,0.333848237991333,0.4437381625175476,0.3068049550056457,0.5252951383590698,0.6248925924301147
0.3096411824226379,0.415154367685318,0.2887725234031677,0.5815945267677307,0.5991591215133667,0.1777848452329635,0.3336968123912811,0.4434888660907745,0.3066928684711456,0.5251026153564453,0.625144362449646
0.3095912337303161,0.4152518808841705,0.2885287404060364,0.5816874504089355,0.5986262559890747,0.177719846367836,0.3335453271865845,0.4432395398616791,0.3065807521343231,0.5249100923538208,0.625396192073822
0.3095413446426391,0.4153493642807007,0.288284957408905,0.5817803740501404,0.5980934500694275,0.1776548475027084,0.3333938717842102,0.442990243434906,0.3064686059951782,0.5247176289558411,0.625648021697998
0.3094913959503174,0.4154468774795532,0.2880411744117737,0.58187335729599,0.5975605845451355,0.177589863538742,0.3332424163818359,0.4427409172058105,0.3063565194606781,0.5245250463485718,0.6258999109268188
